timestamp,open,high,low,close,volume,sma_9,ema_9,sma_15,ema_15,sma_20,ema_20,sma_50,ema_50,bb_upper,bb_middle,bb_lower,bb_width,macd_line,macd_signal,macd_histogram,stoch_k,stoch_d,pivot,r1,s1,r2,s2,atr,atr_pct,rsi,trend,volume_ratio,vwap,body_size,is_bullish
2026-01-16 09:15:00+05:30,25696.05,25743.25,25686.6,25711.65,0,,25711.65,,25711.65,,25711.65,,25711.65,,,,,0.0,0.0,0.0,,,25713.833333333332,25741.066666666666,25684.416666666664,25770.483333333334,25657.18333333333,,,,0.0,,,0.2753751103265981,True
2026-01-16 09:16:00+05:30,25709.8,25719.75,25678.4,25691.9,0,,25707.700000000004,,25709.18125,,25709.769047619047,,25710.875490196082,,,,,-1.5754985754974768,-0.3150997150994954,-1.2603988603979814,,,25696.683333333334,25714.966666666667,25673.61666666667,25738.033333333333,25655.333333333336,,,,-1.0,,,0.43288996372426713,False
2026-01-16 09:17:00+05:30,25691.95,25700.05,25689.7,25696.3,0,,25705.420000000006,,25707.57109375,,25708.48628117914,,25710.30390234526,,,,,-2.440912005586142,-0.7402621731968249,-1.7006498323893173,,,25695.350000000002,25701.000000000004,25690.650000000005,25705.7,25685.000000000004,,,,-1.0,,,0.42028985507238226,True
2026-01-16 09:18:00+05:30,25696.55,25715.05,25696.55,25714.4,0,,25707.216000000008,,25708.42470703125,,25709.04949249541,,25710.464533625836,,,,,-1.6472511658466829,-0.9216599717267966,-0.7255911941198863,,,25708.666666666668,25720.783333333336,25702.283333333336,25727.166666666668,25690.166666666668,,,,-1.0,,,0.9648648648649829,True
2026-01-16 09:19:00+05:30,25714.9,25730.45,25714.35,25730.45,0,,25711.862800000006,,25711.177868652343,,25711.087636067277,,25711.248277405215,,,,,0.2736768557842879,-0.6825926062245797,0.9562694620088676,,,25725.083333333332,25735.816666666666,25719.716666666664,25741.183333333334,25708.98333333333,,,,1.0,,,0.9658385093165941,True
2026-01-16 09:20:00+05:30,25730.35,25734.25,25723.3,25728.7,0,,25715.230240000008,,25713.368135070803,,25712.765004060868,,25711.932658683443,,,,,1.6359574783637072,-0.21888258930692234,1.8548400676706296,,,25728.75,25734.2,25723.25,25739.7,25717.8,,,,1.0,,,0.15068493150663997,False
2026-01-16 09:21:00+05:30,25730.95,25736.25,25725.45,25729.75,0,,25718.13419200001,,25715.415868186952,,25714.38262272174,,25712.63137795076,,,,,2.7683886501472443,0.37857165858391095,2.3898169915633334,,,25730.483333333334,25735.516666666666,25724.716666666667,25741.283333333333,25719.683333333334,,,,1.0,,,0.11111111111118596,False
2026-01-16 09:22:00+05:30,25728.2,25729.85,25709.2,25709.45,0,,25716.39735360001,,25714.670134663585,,25713.912849129192,,25712.506618031126,,,,,2.0046992417119327,0.7037971752095153,1.3009020665024174,,,25716.166666666668,25723.133333333335,25702.483333333337,25736.816666666666,25695.51666666667,,,,1.0,,,0.9079903147700717,False
2026-01-16 09:23:00+05:30,25710.35,25719.75,25708.75,25709.35,0,25713.550000000003,25714.987882880007,,25714.00511783064,,25713.47829206927,,25712.38282908873,,,,,1.3755443007212307,0.8381466003118585,0.5373977004093722,,,25712.61666666667,25716.483333333337,25705.483333333337,25723.61666666667,25701.61666666667,,,,1.0,,,0.09090909090909091,False
2026-01-16 09:24:00+05:30,25709.5,25719.25,25704.65,25714.1,0,25713.822222222225,25714.810306304007,,25714.01697810181,,25713.537502348387,,25712.450169124466,,,,,1.2458583007937705,0.919688940408241,0.32616936038552946,,,25712.666666666668,25720.683333333334,25706.083333333336,25727.266666666666,25698.06666666667,,,,1.0,,,0.3150684931506167,True
2026-01-16 09:25:00+05:30,25714.3,25717.85,25705.1,25712.75,0,25716.13888888889,25714.398245043205,,25713.858605839083,,25713.46250212473,,25712.461927198015,,,,,1.0223623373058217,0.9402236197877571,0.08213871751806456,,,25711.899999999998,25718.699999999997,25705.949999999997,25724.649999999998,25699.149999999998,,,,1.0,,,0.12156862745092333,False
2026-01-16 09:26:00+05:30,25711.9,25722.9,25705.55,25722.15,0,25719.01111111111,25715.948596034566,,25714.895030109197,,25714.289882874757,,25712.841851621626,,,,,1.5854653592250543,1.0692719676752167,0.5161933915498376,,,25716.86666666667,25728.183333333338,25710.833333333336,25734.21666666667,25699.516666666666,,,,1.0,,,0.5907780979826346,True
2026-01-16 09:27:00+05:30,25721.3,25722.45,25711.45,25714.45,0,25719.016666666666,25715.648876827654,,25714.839401345547,,25714.30513212478,,25712.904916263917,,,,,1.394329944949277,1.1342835631300288,0.2600463818192482,,,25716.11666666667,25720.783333333336,25709.783333333336,25727.11666666667,25705.11666666667,,,,1.0,,,0.6227272727271405,False
2026-01-16 09:28:00+05:30,25714.1,25727.2,25711.35,25726.9,0,25718.622222222224,25717.899101462124,,25716.346976177352,,25715.504643350992,,25713.453743077094,,,,,2.221852569720795,1.3517973644481822,0.8700552052726129,74.78797224364085,,25721.81666666667,25732.28333333334,25716.433333333338,25737.66666666667,25705.966666666667,19.15357142857153,0.07444958945139729,56.508749466495864,1.0,,,0.8075709779180534,True
2026-01-16 09:29:00+05:30,25725.2,25732.5,25724.35,25725.55,0,25718.272222222222,25719.4292811697,25715.856666666667,25717.49735415518,,25716.461343984232,,25713.92810609368,,,,,2.7371839416118746,1.6288746798809208,1.1083092617309538,81.50388936905618,,25727.466666666664,25730.58333333333,25722.433333333327,25735.616666666665,25719.316666666662,15.689285714285818,0.060987173118886934,55.86497890295249,1.0,,,0.0429447852758874,True
2026-01-16 09:30:00+05:30,25725.75,25726.35,25716.6,25717.15,0,25716.872222222224,25718.973424935764,25716.22333333333,25717.453934885783,,25716.526930271448,,25714.05445487432,,,,,2.439655142476113,1.7910307723999592,0.6486243700761536,58.96885069817649,71.75357077029118,25720.033333333336,25723.466666666674,25713.716666666674,25729.783333333336,25710.283333333336,13.432142857143065,0.05223029323678193,61.782547830144495,1.0,,,0.8820512820511328,False
2026-01-16 09:31:00+05:30,25715.9,25717.0,25705.7,25706.8,0,25716.57777777778,25716.538739948614,25717.216666666667,25716.122193025058,,25715.60055595988,,25713.769966447875,,,,,1.353105170019262,1.70344565192382,-0.3503404819045579,25.818639798488192,55.43045995524029,25709.833333333332,25713.966666666664,25702.666666666664,25721.13333333333,25698.533333333333,13.51071428571465,0.052556966583606875,54.64190981432337,1.0,,,0.8053097345135194,False
2026-01-16 09:32:00+05:30,25706.1,25708.1,25691.6,25692.25,0,25714.67777777778,25711.680991958892,25716.946666666667,25713.138168896927,,25713.37669348751,,25712.926046195018,,,,,-0.6742841835584841,1.2278996848273591,-1.9021838683858432,1.4557670772708489,28.747752524645175,25697.316666666666,25703.033333333333,25686.533333333333,25713.816666666666,25680.816666666666,13.350000000000364,0.05196119452364181,39.890460976722565,-1.0,,,0.8393939393938512,False
2026-01-16 09:33:00+05:30,25691.55,25704.1,25686.55,25702.9,0,25713.433333333334,25709.924793567116,25716.18,25711.85839778481,,25712.378913155368,,25712.53286791286,,,,,-1.4054378459513828,0.7012321786716108,-2.1066700246229937,32.89738430583892,20.05726372719932,25697.849999999995,25709.14999999999,25691.59999999999,25715.399999999994,25680.299999999996,13.453571428571584,0.052342620593674574,36.77388382141242,-1.0,,,0.6467236467237979,True
2026-01-16 09:34:00+05:30,25702.8,25710.2,25701.8,25708.75,0,25712.988888888893,25709.689834853692,25714.733333333334,25711.469848061708,25713.285,25712.033302378666,,25712.384520151572,25736.805855247607,25713.285,25689.764144752393,0.0018294710495066625,-1.4955959820581484,0.26186654652565894,-1.7574625285838072,44.668008048290545,26.34038647713344,25706.916666666668,25712.033333333336,25703.633333333335,25715.31666666667,25698.516666666666,13.27142857142878,0.051622224228827854,40.785219399538086,-1.0,,,0.7083333333332973,True
2026-01-16 09:35:00+05:30,25707.25,25709.05,25695.3,25703.1,0,25710.872222222224,25708.371867882954,25713.026666666665,25710.423617053995,25712.8575,25711.18251167594,,25712.0204213221,25736.810310515237,25712.8575,25688.90468948476,0.0018630998530784473,-1.9999011202417023,-0.19048698682781334,-1.809414133413889,36.017410228507096,37.860934194212184,25702.483333333334,25709.666666666668,25695.916666666668,25716.233333333334,25688.733333333334,13.482142857143117,0.052453372772712704,38.192290651307005,-1.0,,,0.3018181818182876,False
2026-01-16 09:36:00+05:30,25704.15,25712.55,25702.2,25709.05,0,25710.272222222222,25708.507494306366,25711.646666666664,25710.251914922243,25713.715000000004,25710.97941532585,,25711.90393421143,25735.651873547817,25713.715000000004,25691.77812645219,0.0017062391449709125,-1.8975772128869721,-0.5319050320396451,-1.3656721808473269,48.966267682262554,43.217228653020065,25707.933333333334,25713.666666666668,25703.31666666667,25718.283333333333,25697.583333333336,12.746428571428883,0.049579539389549135,49.79695431472009,-1.0,,,0.4734299516906769,True
2026-01-16 09:37:00+05:30,25708.9,25711.25,25698.4,25709.05,0,25708.288888888885,25708.615995445096,25711.620000000003,25710.10167555696,25714.3525,25710.795661485296,,25711.79201522275,25734.852448010206,25714.3525,25693.852551989796,0.0015944362596884457,-1.7957840978597233,-0.7846808452036608,-1.0111032526560626,48.966267682262554,44.64998186434406,25706.233333333334,25714.066666666666,25701.216666666667,25719.083333333332,25693.383333333335,12.878571428571636,0.05009353293323415,49.84756097561013,-1.0,,,0.011673151750804217,True
2026-01-16 09:38:00+05:30,25707.7,25710.3,25704.0,25706.6,0,25706.183333333334,25708.212796356078,25711.436666666665,25709.66396611234,25713.9625,25710.396074677174,,25711.58840678264,25734.75336021359,25713.9625,25693.17163978641,0.0016170872313895884,-1.8910084767121589,-1.0059463715053605,-0.8850621052067984,43.634385201303495,47.18897352194287,25706.966666666664,25709.933333333327,25703.633333333328,25713.266666666663,25700.666666666664,12.285714285714546,0.04779206229417561,46.09781477627495,-1.0,,,0.17460317460354124,False
2026-01-16 09:39:00+05:30,25705.9,25706.35,25689.1,25690.05,0,25703.17222222222,25704.58023708486,25709.833333333332,25707.212220348298,25711.942499999997,25708.458353279348,,25710.7437633794,25733.810989106227,25711.942499999997,25690.074010893768,0.001701037493081621,-3.26429243761595,-1.4576155847274785,-1.8066768528884714,7.616974972796397,33.405875952120816,25695.166666666668,25701.233333333337,25683.983333333337,25712.416666666668,25677.916666666668,12.62500000000026,0.049143540008681416,39.80233602875139,-1.0,,,0.9188405797102714,False
2026-01-16 09:40:00+05:30,25690.0,25700.0,25683.8,25698.5,0,25702.25,25703.364189667893,25708.883333333335,25706.12319280476,25710.4325,25707.509938681316,,25710.263615795895,25731.587971483375,25710.4325,25689.277028516623,0.0016456721592199167,-3.628953176925279,-1.8918831031670387,-1.7370700737582403,30.18480492813246,27.145388367410785,25694.100000000002,25704.400000000005,25688.200000000004,25710.300000000003,25677.9,12.542857142857299,0.048807740307244774,39.28409605799719,-1.0,,,0.5246913580246678,True
2026-01-16 09:41:00+05:30,25699.8,25708.5,25692.95,25708.5,0,25704.055555555555,25704.391351734317,25707.97333333333,25706.420293704166,25709.37,25707.604230235476,,25710.194454392135,25728.47564534922,25709.37,25690.26435465078,0.001486278765229964,-3.0755796458761324,-2.1286224117088577,-0.9469572341672747,50.71868583162291,29.50682191085059,25703.316666666666,25713.68333333333,25698.13333333333,25718.866666666665,25687.766666666666,12.867857142857247,0.050052928575596574,47.35907678650668,-1.0,,,0.5594855305466968,True
2026-01-16 09:42:00+05:30,25706.7,25709.3,25699.6,25707.6,0,25704.577777777777,25705.033081387457,25707.516666666666,25706.567756991146,25709.2775,25707.603827355906,,25710.092711082638,25728.39942114879,25709.2775,25690.15557885121,0.0014875502548674458,-2.678770416187035,-2.2386520126044935,-0.4401184035825416,48.87063655030578,43.25804243668705,25705.5,25711.4,25701.7,25715.2,25695.8,12.428571428571429,0.04834590326818307,40.45499505440069,-1.0,,,0.09278350515440718,True
2026-01-16 09:43:00+05:30,25708.4,25724.95,25707.35,25721.05,0,25705.944444444445,25708.236465109967,25707.126666666667,25708.378037367253,25709.8625,25708.88441522677,,25710.52240868724,25729.69638580978,25709.8625,25690.028614190218,0.001542900963377875,-1.2644182229414582,-2.0438052546718866,0.7793870317304283,87.54406580493686,62.377796062288525,25717.783333333336,25728.216666666674,25710.616666666672,25735.38333333334,25700.183333333334,13.103571428571481,0.05094493198594724,48.01236749116615,-1.0,,,0.7187499999997868,True
2026-01-16 09:44:00+05:30,25719.5,25727.5,25719.5,25725.75,0,25708.46111111111,25711.739172087975,25707.14,25710.549532696346,25710.445,25710.49066139565,,25711.11956913088,25731.45246483865,25710.445,25689.43753516135,0.001634158011551397,0.233030569183029,-1.5884380899009034,1.8214686590839324,95.99542334096117,77.4700418987346,25724.25,25729.0,25721.0,25732.25,25716.25,12.978571428571481,0.05044973005090806,53.92694063926847,1.0,,,0.78125,True
2026-01-16 09:45:00+05:30,25726.2,25730.3,25715.2,25721.2,0,25709.81111111111,25713.631337670384,25707.41,25711.880841109305,25710.8675,25711.510598405584,,25711.514880145354,25732.403400870768,25710.8675,25689.331599129233,0.001675237202382795,1.0406268528240616,-1.0626251013559105,2.103251954179972,80.43010752688485,87.98986555759431,25722.233333333334,25729.266666666666,25714.166666666668,25737.333333333332,25707.133333333335,13.23928571428561,0.05147227078940956,56.94310511089722,1.0,,,0.3311258278146014,False
2026-01-16 09:46:00+05:30,25719.85,25730.6,25719.85,25730.6,0,25712.205555555556,25717.025070136307,25708.996666666666,25714.22073597064,25711.29,25713.32863665267,,25712.263316218086,25734.05439047469,25711.29,25688.525609525313,0.0017707699982915978,2.4113575382580166,-0.36782857343312514,2.779186111691142,100.0,92.14184362261534,25727.016666666663,25734.183333333327,25723.433333333327,25737.766666666663,25716.266666666663,12.828571428571324,0.049857257229024295,69.45712836123664,1.0,,,1.0,True
2026-01-16 09:47:00+05:30,25729.85,25738.25,25727.6,25735.55,0,25715.42222222222,25720.73005610905,25711.883333333335,25716.886893974308,25712.344999999998,25715.444956971463,,25713.176519503653,25737.550824306043,25712.344999999998,25687.139175693952,0.0019606009724936055,3.8526837728495593,0.4762738958234118,3.3764098770261475,95.04132231404832,91.82380994697773,25733.8,25740.0,25729.35,25744.45,25723.149999999998,12.335714285714337,0.04793258463764846,67.58212170166777,1.0,,,0.535211267605629,True
2026-01-16 09:48:00+05:30,25734.8,25743.9,25734.8,25741.6,0,25721.15,25724.90404488724,25714.463333333333,25719.97603222752,25713.08,25717.935913450372,,25714.291165797626,25740.804346131532,25713.08,25685.35565386847,0.0021564391454878358,5.420643828183529,1.4651478822954354,3.9554959458880936,96.1730449251201,97.07145574638946,25740.099999999995,25745.39999999999,25736.29999999999,25749.199999999997,25730.999999999993,12.38571428571439,0.04811555725251884,67.65180010746778,1.0,,,0.747252747252488,True
2026-01-16 09:49:00+05:30,25740.85,25743.4,25736.75,25742.95,0,25726.088888888888,25728.513235909795,25716.743333333332,25722.847778199084,25713.95,25720.31820740748,,25715.4150416487,25744.290575576542,25713.95,25683.60942442346,0.0023598533540386906,6.695021149844251,2.5111225358051987,4.183898614039053,98.4193011647243,96.54455613463091,25741.033333333336,25745.316666666673,25738.66666666667,25747.683333333338,25734.383333333335,11.878571428571636,0.04614300780824123,72.45070422535242,1.0,,,0.31578947368446963,True
2026-01-16 09:50:00+05:30,25743.05,25750.55,25743.05,25744.8,0,25730.12222222222,25731.770588727835,25719.523333333334,25725.591805924196,25715.3325,25722.649806702007,,25716.567392956593,25748.659812570295,25715.3325,25682.005187429706,0.002592018794257819,7.764746730637853,3.5618473747717294,4.202899355866124,91.38576779026218,95.32603796003552,25746.13333333333,25749.216666666664,25741.716666666664,25753.63333333333,25738.63333333333,11.682142857143065,0.045376708528103014,71.11636148848163,1.0,,,0.23333333333333334,True
2026-01-16 09:51:00+05:30,25744.25,25744.25,25737.35,25738.65,0,25733.57222222222,25733.14647098227,25721.496666666666,25727.22408018367,25716.925,25724.17363463515,,25717.43337754653,25751.554018862345,25716.925,25682.295981137653,0.002693091717796442,8.023765385325532,4.45423097688249,3.569534408443042,82.17228464419803,90.65911786639485,25740.083333333332,25742.816666666666,25735.916666666664,25746.983333333334,25733.18333333333,11.296428571428935,0.04388897075576588,66.29955947136696,1.0,,,0.8115942028981686,False
2026-01-16 09:52:00+05:30,25738.95,25748.7,25738.85,25744.2,0,25736.144444444442,25735.357176785816,25723.84,25729.346070160715,25719.5225,25726.08090752704,,25718.483049015296,25754.151913646125,25719.5225,25684.893086353874,0.0026928504326723494,8.577996349707973,5.278984051447587,3.2990122982603864,90.48689138576997,88.01498127341006,25743.916666666668,25748.983333333337,25739.133333333335,25753.76666666667,25734.066666666666,11.564285714286077,0.044919965329223974,70.02129925452772,1.0,,,0.5329949238577499,True
2026-01-16 09:53:00+05:30,25743.4,25751.3,25743.4,25749.9,0,25738.827777777777,25738.265741428655,25726.72666666667,25731.915311390625,25721.8725,25728.34939252447,,25719.715086308814,25758.09467225898,25721.8725,25685.650327741023,0.0028164490947522104,9.369168799297768,6.097021001017623,3.2721477982801446,97.92592592592916,90.19503398529905,25748.2,25753.0,25745.100000000002,25756.1,25740.300000000003,10.878571428571636,0.042247043400446736,86.03251053582342,1.0,,,0.8227848101268096,True
2026-01-16 09:54:00+05:30,25750.2,25755.85,25750.15,25752.2,0,25742.272222222222,25741.05259314293,25730.87,25734.4508974668,25724.045,25730.62087895071,,25720.98900449278,25762.118003282492,25724.045,25685.971996717504,0.002960110144613262,10.065737883174734,6.890764377449046,3.1749735057256876,94.19713831478865,94.20331854216259,25752.733333333334,25755.316666666666,25749.61666666667,25758.43333333333,25747.033333333336,10.146428571428519,0.03940023986854917,84.91547464239419,1.0,,,0.3508771929826353,True
2026-01-16 09:55:00+05:30,25753.7,25755.8,25747.8,25751.05,0,25744.544444444444,25743.052074514344,25734.373333333337,25736.525785283447,25726.4425,25732.566509526834,,25722.167867061693,25764.997986673538,25726.4425,25687.887013326465,0.002997343039056916,10.405035736541322,7.593618649267501,2.8114170872738207,91.46666666666796,94.52991030246191,25751.55,25755.3,25747.3,25759.55,25743.55,9.607142857142858,0.03730777136133423,81.26377663482714,1.0,,,0.3312500000001819,False
2026-01-16 09:56:00+05:30,25750.95,25751.65,25744.45,25750.0,0,25746.15,25744.441659611475,25737.140000000003,25738.210062123017,25728.49,25734.22684195285,,25723.25932325535,25767.5031098074,25728.49,25689.476890192604,0.0030326777675174867,10.468530798447318,8.168601079103466,2.2999297193438526,87.93814432989991,91.20064977045217,25748.7,25752.95,25745.75,25755.9,25741.5,9.428571428571429,0.03661581137309293,81.08504398827219,1.0,,,0.13194444444453216,False
2026-01-16 09:57:00+05:30,25750.3,25753.45,25745.15,25747.45,0,25746.800000000003,25745.04332768918,25739.796666666665,25739.36505435764,25730.409999999996,25735.48619033829,,25724.20797724534,25769.173650906243,25730.409999999996,25691.64634909375,0.0030130612692333136,10.195559342126217,8.573992731708016,1.621566610418201,79.33579335793785,86.24686811816859,25748.683333333334,25752.216666666667,25743.916666666668,25756.983333333334,25740.383333333335,8.764285714285506,0.03403943192155148,73.03664921466272,1.0,,,0.3433734939757584,False
2026-01-16 09:58:00+05:30,25746.35,25753.45,25743.9,25745.8,0,25747.116666666665,25745.194662151345,25741.446666666667,25740.169422562933,25732.370000000003,25736.468457925122,,25725.05472323572,25770.01250676818,25732.370000000003,25694.727493231825,0.0029256929515763647,9.733880174448132,8.80597022025604,0.9279099541920921,75.27675276752814,80.85023015178864,25747.71666666667,25751.53333333334,25741.98333333334,25757.26666666667,25738.16666666667,8.87499999999974,0.0344716419765544,68.47926267281163,1.0,,,0.057591623036577416,False
2026-01-16 09:59:00+05:30,25746.3,25747.05,25737.75,25739.25,0,25746.5,25744.00572972108,25742.346666666668,25740.054494742566,25734.83,25736.733366694156,,25725.611400755886,25766.83615730241,25734.83,25702.823842697595,0.0024873805113464352,8.738731194935099,8.79252241519185,-0.05379122025675187,53.88888888889293,69.50047833811963,25741.350000000002,25744.950000000004,25735.650000000005,25750.65,25732.050000000003,8.460714285714078,0.03287086564571259,66.04444444444484,1.0,,,0.7580645161290134,False
2026-01-16 10:00:00+05:30,25738.2,25741.8,25736.8,25740.5,0,25746.705555555556,25743.304583776866,25743.633333333335,25740.110182899745,25736.93,25737.092093675667,,25726.19526739291,25764.035843223293,25736.93,25709.824156776707,0.0021063773514007345,7.9591844879578275,8.625854829745046,-0.6666703417872188,45.663716814164445,58.2764528235285,25739.7,25742.600000000002,25737.600000000002,25744.7,25734.7,8.049999999999793,0.031273673782559755,60.29106029106212,1.0,,,0.45999999999985447,True
2026-01-16 10:01:00+05:30,25740.1,25745.9,25739.2,25741.2,0,25746.372222222224,25742.883667021495,25744.34,25740.246410037278,25738.565,25737.483322849414,,25726.783688279465,25762.168993863743,25738.565,25714.961006136255,0.0018341344098821446,7.313566019671271,8.363397067730292,-1.049831048059021,30.403800475067346,43.31880205937491,25742.100000000002,25745.000000000004,25738.300000000003,25748.800000000003,25735.4,7.767857142856883,0.030176748336739865,56.442417331814866,1.0,,,0.1641791044779199,True
2026-01-16 10:02:00+05:30,25741.55,25753.1,25741.4,25752.65,0,25746.67777777778,25744.836933617196,25745.48,25741.796858782618,25740.817499999997,25738.927768292328,,25727.798053444978,25760.20027246488,25740.817499999997,25721.434727535114,0.001505995096300543,7.637784416092472,8.218274537402728,-0.5804901213102553,83.24607329844328,53.1045301958917,25749.05,25756.699999999997,25745.0,25760.749999999996,25737.350000000002,7.967857142856571,0.03093995042396247,61.21827411167808,1.0,,,0.9487179487183712,True
2026-01-16 10:03:00+05:30,25753.7,25762.05,25753.65,25759.75,0,25747.516666666666,25747.81954689376,25746.69,25744.04100143479,25742.7525,25740.910837978772,,25729.05107095694,25761.544084762856,25742.7525,25723.96091523714,0.0014599514766618204,8.371143166375987,8.24884826319738,0.12229490317860758,90.89108910891377,68.18032096080815,25758.483333333334,25763.316666666666,25754.916666666668,25766.88333333333,25750.083333333336,8.164285714284883,0.031693963312085266,65.27272727272762,1.0,,,0.7202380952381958,True
2026-01-16 10:04:00+05:30,25759.7,25765.55,25759.55,25761.35,0,25748.661111111112,25750.52563751501,25747.916666666668,25746.204626255443,25744.532499999998,25742.857424837937,25724.712000000003,25730.317695625294,25763.28715626409,25744.532499999998,25725.777843735905,0.0014569816922558431,8.97794967253867,8.394668545065638,0.5832811274730325,85.39130434782355,86.50948891839353,25762.149999999998,25764.749999999996,25758.749999999996,25768.149999999998,25756.149999999998,8.049999999999272,0.03124836237231074,65.1141552511419,1.0,,,0.2749999999996362,True
2026-01-16 10:05:00+05:30,25760.95,25762.75,25749.15,25753.15,0,25749.01111111111,25751.05051001201,25748.47333333333,25747.072797973513,25746.129999999997,25743.837670091467,25725.542,25731.213080110574,25761.686802540007,25746.129999999997,25730.573197459988,0.0012084769664419323,8.696924004456378,8.455119636943786,0.24180436751259116,56.86956521739889,77.71731955804542,25755.016666666666,25760.88333333333,25747.283333333333,25768.616666666665,25741.416666666668,8.489285714284831,0.03296406736373931,62.76408450704323,1.0,,,0.5735294117647137,False
2026-01-16 10:06:00+05:30,25752.75,25762.7,25751.6,25761.45,0,25750.566666666666,25753.13040800961,25749.993333333336,25748.869948226824,25747.6725,25745.515034844662,25726.932999999997,25732.398841674865,25762.859075616427,25747.6725,25732.485924383574,0.001179646480001338,9.03974521602504,8.572044752760037,0.46770046326500214,85.73913043478767,76.00000000000337,25758.583333333332,25765.566666666666,25754.466666666664,25769.683333333334,25747.48333333333,8.564285714285038,0.03324457945606725,64.4836272040313,1.0,,,0.7837837837836952,True
2026-01-16 10:07:00+05:30,25760.35,25762.15,25755.6,25757.4,0,25751.855555555558,25753.984326407688,25750.873333333333,25749.93620469847,25748.765000000003,25746.646936288027,25728.155,25733.379279256245,25763.413876371716,25748.765000000003,25734.11612362829,0.0011378313772884572,8.88224337077554,8.634084476363139,0.24815889441240202,71.65217391305107,71.4202898550792,25758.38333333333,25761.166666666664,25754.61666666666,25764.933333333334,25751.83333333333,8.46785714285683,0.032875434410526025,56.47668393782449,1.0,,,0.4503816793886685,False
2026-01-16 10:08:00+05:30,25758.45,25766.3,25756.85,25765.5,0,25754.772222222222,25756.28746112615,25751.91333333333,25751.881679111164,25749.96,25748.442466165357,25729.177000000003,25734.638915363845,25765.982766697365,25749.96,25733.937233302633,0.0012444886669622807,9.303776188648044,8.768022818820121,0.5357533698279227,97.2881355932228,84.89314664702052,25762.88333333333,25768.916666666664,25759.466666666664,25772.333333333332,25753.43333333333,8.71785714285709,0.03383538896142939,60.439560439560935,1.0,,,0.7460317460316116,True
2026-01-16 10:09:00+05:30,25764.65,25768.95,25762.5,25766.7,0,25757.683333333334,25758.369968900923,25752.88,25753.73396922227,25751.1475,25750.181278911514,25729.902000000002,25735.896212800555,25768.451879579705,25751.1475,25733.843120420293,0.0013439695904584998,9.623737499648996,8.939165754985897,0.6845717446630992,93.00155520995366,87.31395490540918,25766.05,25769.6,25763.149999999998,25772.5,25759.6,8.607142857142858,0.033404133463512425,62.27450980392412,1.0,,,0.31782945736419244,True
2026-01-16 10:10:00+05:30,25767.3,25771.35,25764.8,25768.45,0,25760.71111111111,25760.385975120742,25754.039999999997,25755.57347306949,25752.329999999998,25751.921157110417,25730.697,25737.172831906417,25770.987393060037,25752.329999999998,25733.67260693996,0.0014489867953726041,9.904348355848924,9.132202275158502,0.7721460806904226,91.60636758321887,93.96535279546511,25768.199999999997,25771.599999999995,25765.049999999996,25774.749999999996,25761.649999999998,8.560714285714182,0.03322168887035962,64.31342125679024,1.0,,,0.17557251908421115,True
2026-01-16 10:11:00+05:30,25768.5,25783.85,25767.95,25778.5,0,25763.583333333332,25764.008780096596,25755.94,25758.439288935802,25754.322500000002,25754.45247548085,25731.672000000002,25738.79350516499,25775.2071071497,25754.322500000002,25733.437892850303,0.0016218331621574707,10.813039501237654,9.468369720374332,1.3446697808633221,88.62911795962034,91.0790135842643,25776.766666666666,25785.583333333332,25769.683333333334,25792.666666666664,25760.86666666667,9.10357142857122,0.03531458940035774,71.57748436414323,1.0,,,0.6289308176101492,True
2026-01-16 10:12:00+05:30,25777.7,25777.7,25773.2,25776.05,0,25765.394444444446,25766.417024077276,25757.846666666668,25760.640627818826,25755.915,25756.50938257791,25733.004,25740.25454417813,25778.349421391384,25755.915,25733.480578608618,0.0017420791605643042,11.206309891484125,9.81595775459629,1.3903521368878344,83.42189160467717,87.88579238250547,25775.649999999998,25778.099999999995,25773.599999999995,25780.149999999998,25771.149999999998,8.799999999999793,0.03414021931211257,70.79037800687493,1.0,,,0.36666666666699005,False
2026-01-16 10:13:00+05:30,25775.4,25788.65,25775.4,25787.45,0,25768.294444444444,25770.623619261823,25760.623333333333,25763.991799341475,25757.7925,25759.45610804668,25734.566000000003,25742.10534636722,25784.06422334235,25757.7925,25731.52077665765,0.0020399048825593276,12.296122192768962,10.311990642230825,1.9841315505381374,97.68563162969976,89.91221373133243,25783.833333333332,25792.266666666663,25779.016666666663,25797.083333333332,25770.583333333332,9.082142857142701,0.03521923593508742,81.05670103093034,1.0,,,0.909433962264096,True
2026-01-16 10:14:00+05:30,25786.95,25789.5,25783.65,25784.95,0,25771.82777777778,25773.48889540946,25763.67,25766.61157442379,25759.43,25761.884097756523,25735.982999999997,25743.785528862623,25788.198008547664,25759.43,25730.661991452336,0.002233590459700705,12.810406791297282,10.811673872044118,1.9987329192531647,90.95427435387805,90.68726586275166,25786.033333333336,25788.41666666667,25782.566666666673,25791.883333333335,25780.183333333338,9.142857142856883,0.03545811468650078,78.18642993024959,1.0,,,0.34188034188042693,False
2026-01-16 10:15:00+05:30,25784.2,25811.2,25783.9,25809.7,0,25777.18888888889,25780.731116327574,25768.283333333333,25771.997627620818,25762.3625,25766.43799320828,25737.922,25746.370410083695,25798.537365874832,25762.3625,25726.187634125166,0.002808350039700971,15.041707752636285,11.657680648162552,3.3840271044737325,97.85100286532949,95.49696961630242,25801.600000000002,25819.300000000003,25792.000000000004,25828.9,25774.300000000003,10.61428571428535,0.04112518051075894,83.28474246841782,1.0,,,0.934065934065959,True
2026-01-16 10:16:00+05:30,25809.75,25823.2,25809.75,25823.2,0,25784.5,25789.22489306206,25773.750000000004,25778.397924168217,25766.0225,25771.843898617015,25739.943000000003,25749.383335178452,25810.735402588685,25766.0225,25721.309597411313,0.0034706872268458295,17.69538562545131,12.865221643620304,4.830163981831005,100.0,96.26842573973585,25818.716666666664,25827.683333333327,25814.233333333326,25832.166666666664,25805.266666666663,10.72857142857122,0.04154625076896442,83.6112434492633,1.0,,,1.0,True
2026-01-16 10:17:00+05:30,25823.5,25840.35,25823.5,25836.75,0,25792.416666666668,25798.72991444965,25779.35666666667,25785.69193364719,25770.487500000003,25778.02543208206,25742.389000000003,25752.809478896943,25824.30028340605,25770.487500000003,25716.674716593956,0.004176310859935959,20.653732840615703,14.422923883019383,6.23080895759632,96.05263157894883,97.96787814809278,25833.533333333336,25843.566666666673,25826.716666666674,25850.383333333335,25816.683333333338,11.282142857142649,0.043667035742276594,84.56014362657272,1.0,,,0.7863501483680204,True
2026-01-16 10:18:00+05:30,25836.5,25845.9,25836.1,25843.45,0,25800.944444444445,25807.673931559722,25784.936666666665,25792.91169194129,25775.37,25784.25634331234,25744.72,25756.36400913628,25836.915707448006,25775.37,25713.82429255199,0.0047755440521713025,23.270629002461646,16.192464906907837,7.078164095553809,97.46770025839719,97.84011061244867,25841.816666666666,25847.533333333333,25837.73333333333,25851.61666666667,25832.016666666663,11.553571428571429,0.04470599485970886,85.23605150214796,1.0,,,0.7091836734692514,True
2026-01-16 10:19:00+05:30,25842.9,25843.3,25834.2,25837.1,0,25808.572222222225,25813.559145247782,25789.98666666667,25798.43523044863,25780.2625,25789.28907252069,25746.950999999997,25759.530126425052,25845.182871265704,25780.2625,25715.342128734297,0.005036439893946276,24.549158713278302,17.86380366818193,6.685355045096372,90.66808059384662,94.72947081039756,25838.2,25842.2,25833.100000000002,25847.3,25829.100000000002,11.242857142857247,0.04351439264800325,86.61142607937026,1.0,,,0.6373626373630591,False
2026-01-16 10:20:00+05:30,25835.65,25842.8,25834.05,25842.8,0,25815.716666666667,25819.407316198227,25795.963333333333,25803.98082664255,25785.3775,25794.385351328245,25749.464,25762.795611663285,25853.163894186862,25785.3775,25717.591105813135,0.005257739134272021,25.725794142399536,19.43620176302545,6.289592379374085,96.56699889257798,94.90092658160727,25839.88333333333,25845.716666666664,25836.966666666664,25848.63333333333,25831.13333333333,11.074999999999948,0.04285526336155505,86.30075858991363,1.0,,,0.8171428571426077,True
2026-01-16 10:21:00+05:30,25843.4,25852.4,25843.4,25849.95,0,25823.927777777775,25825.515852958586,25801.863333333335,25809.726973312234,25790.815000000002,25799.67722263032,25752.326999999997,25766.213430813743,25861.081942890483,25790.815000000002,25720.54805710952,0.005448989719051608,26.924858434249472,20.933933097270256,5.990925336979217,97.43589743589675,94.89032564077378,25848.583333333332,25853.766666666663,25844.766666666663,25857.583333333332,25839.583333333332,11.29285714285704,0.043686185632301186,90.18671298306347,1.0,,,0.7277777777776969,True
2026-01-16 10:22:00+05:30,25851.55,25854.65,25846.0,25846.85,0,25830.527777777777,25829.78268236687,25807.826666666668,25814.367351648205,25795.525,25804.169868094097,25755.418999999998,25769.3756492132,25867.625116796877,25795.525,25723.424883203126,0.0055901259460216625,27.310166828901856,22.209179843596576,5.10098698530528,91.53553988062639,95.17947873636705,25849.166666666668,25852.333333333336,25843.683333333334,25857.81666666667,25840.516666666666,11.235714285714234,0.0434703427524601,86.92691783930644,1.0,,,0.5433526011560621,False
2026-01-16 10:23:00+05:30,25847.9,25848.6,25839.35,25839.95,0,25836.63888888889,25831.8161458935,25812.79,25817.565182692182,25799.535,25807.577499704184,25758.16,25772.143270812685,25872.176376494157,25799.535,25726.893623505843,0.005631215949757014,26.750392302445107,23.117422335366285,3.6329699670788216,83.63939899833014,90.87027877161775,25842.63333333333,25845.916666666664,25836.666666666664,25851.88333333333,25833.38333333333,11.435714285714182,0.04425594587340216,81.61415623651115,1.0,,,0.8594594594595382,False
2026-01-16 10:24:00+05:30,25839.1,25849.25,25838.8,25848.05,0,25840.899999999998,25835.0629167148,25818.213333333333,25821.375784855656,25803.870000000003,25811.43202354188,25760.946,25775.12000529062,25877.260694950266,25803.870000000003,25730.47930504974,0.0056883479067491366,26.653128587378887,23.824563585768807,2.8285650016100803,92.3875432525927,89.18749404384975,25845.36666666667,25851.933333333338,25841.483333333337,25855.81666666667,25834.916666666668,11.714285714285714,0.0453198044505706,82.56955810147123,1.0,,,0.8564593301435507,True
2026-01-16 10:25:00+05:30,25848.0,25855.7,25847.6,25852.5,0,25844.155555555553,25838.55033337184,25823.816666666666,25825.2663117487,25808.8375,25815.343259395035,25763.933999999997,25778.15451488707,25881.215541705158,25808.8375,25736.459458294845,0.005608779682940515,26.62817121988337,24.385285112591724,2.242886107291646,96.12121212121124,90.71605145737801,25851.933333333334,25856.26666666667,25848.166666666668,25860.033333333336,25843.833333333332,11.15714285714317,0.04315692044151695,81.73241852486977,1.0,,,0.5555555555554058,True
2026-01-16 10:26:00+05:30,25852.65,25856.85,25850.75,25853.8,0,25846.050000000003,25841.600266697475,25828.836666666666,25828.83302278011,25813.454999999998,25819.005806119316,25766.828999999998,25781.121004499342,25884.880904927824,25813.454999999998,25742.029095072172,0.005534005806493257,26.408866487858177,24.790001387645017,1.61886510021316,96.2553713934937,94.92137558909921,25853.8,25856.85,25850.75,25859.899999999998,25847.7,11.214285714285975,0.04337577344253447,83.6725855348623,1.0,,,0.18852459016362155,True
2026-01-16 10:27:00+05:30,25853.05,25855.3,25849.85,25854.1,0,25847.23333333333,25844.100213357982,25834.04,25831.991394932596,25818.29,25822.34811029843,25769.73,25783.982925891527,25886.770028590916,25818.29,25749.809971409086,0.005304768719455473,25.96002242159375,25.024005594434765,0.9360168271589835,96.24316939890696,96.20658430453729,25853.083333333332,25856.316666666666,25850.866666666665,25858.533333333333,25847.63333333333,10.65714285714317,0.0412203204023469,81.9357930043107,1.0,,,0.19266055045855637,True
2026-01-16 10:28:00+05:30,25854.3,25863.15,25854.3,25860.9,0,25849.87777777778,25847.460170686387,25838.936666666665,25835.604970566023,25823.06,25826.01971884144,25772.816000000003,25786.99928173892,25889.311455594918,25823.06,25756.808544405085,0.005131185505894071,25.85497339621361,25.190199154790534,0.6647742414230748,97.1608832807571,96.55314135771926,25859.45,25864.600000000002,25855.75,25868.300000000003,25850.6,10.88571428571491,0.04209333119000077,84.95167970547499,1.0,,,0.7457627118644695,True
2026-01-16 10:29:00+05:30,25860.0,25865.65,25856.65,25857.5,0,25851.51111111111,25849.468136549112,25843.77333333333,25838.34184924527,25827.6,25829.01784085654,25776.165,25789.764015788376,25889.917345731123,25827.6,25765.282654268874,0.004825639682442355,25.20680138605894,25.193519601044216,0.01328178501472621,85.42039355992623,92.94148207986343,25859.933333333334,25863.216666666667,25854.216666666667,25868.933333333334,25850.933333333334,9.578571428572104,0.03704368724189153,77.37686139747748,1.0,,,0.2777777777777778,False
2026-01-16 10:30:00+05:30,25857.0,25864.1,25857.0,25857.6,0,25852.36111111111,25851.09450923929,25846.966666666667,25840.74911808961,25832.057500000003,25831.739951251155,25779.346999999998,25792.424250463344,25889.089875616377,25832.057500000003,25775.02512438363,0.004415627800176144,24.41969452469857,25.038754585775088,-0.6190600610765173,80.90154211150028,87.82760631739454,25859.566666666666,25862.13333333333,25855.033333333333,25866.666666666664,25852.466666666667,9.121428571429144,0.03527561943656467,73.27469553450301,1.0,,,0.08450704225333348,True
2026-01-16 10:31:00+05:30,25857.3,25858.2,25842.05,25848.0,0,25852.48888888889,25850.475607391432,25848.62,25841.65547832841,25835.5325,25833.288527322475,25782.137,25794.603691621644,25887.025026540276,25835.5325,25784.039973459727,0.003986178844215764,22.758916276910895,24.582786924002253,-1.8238706470913577,44.14556962025242,70.15583509722632,25849.416666666668,25856.783333333336,25840.633333333335,25865.56666666667,25833.266666666666,9.050000000000832,0.03501238006809359,58.04145818441694,1.0,,,0.5758513931887576,False
2026-01-16 10:32:00+05:30,25846.65,25853.75,25846.2,25851.2,0,25853.73888888889,25850.62048591315,25849.583333333332,25842.84854353736,25839.29,25834.99438186319,25785.009000000005,25796.823154695303,25882.86560399106,25839.29,25795.71439600894,0.0033728174412732954,21.453646524063515,23.95695884401451,-2.503312319950993,54.27215189873503,59.773087876829244,25850.38333333333,25854.566666666662,25847.016666666663,25857.93333333333,25842.833333333332,8.889285714286286,0.03438635620120647,55.83145221971369,1.0,,,0.6026490066224782,True
2026-01-16 10:33:00+05:30,25850.6,25856.5,25850.35,25855.05,0,25854.516666666666,25851.506388730522,25850.35666666667,25844.373725595186,25842.670000000002,25836.904440733364,25787.689,25799.106560393528,25879.238499530653,25842.670000000002,25806.10150046935,0.002830086792939818,20.4936357886545,23.26429423294251,-2.77065844428801,66.45569620252705,54.9578059071715,25853.966666666664,25857.58333333333,25851.433333333327,25860.116666666665,25847.816666666662,8.667857142857818,0.033524812919943366,64.0344018764664,1.0,,,0.7235772357723048,True
2026-01-16 10:34:00+05:30,25855.2,25855.35,25849.7,25852.25,0,25854.48888888889,25851.65511098442,25851.366666666665,25845.358259895787,25846.035,25838.36592256828,25790.218999999997,25801.190616848682,25870.68273075981,25846.035,25821.38726924019,0.001907273650276389,19.2845830952283,22.46835200539967,-3.18376891017137,50.09310986964482,56.940319323635634,25852.433333333334,25855.166666666668,25849.51666666667,25858.083333333332,25846.783333333336,8.446428571429092,0.03267192825161869,57.73955773955843,1.0,,,0.5221238938056402,False
2026-01-16 10:35:00+05:30,25852.65,25864.0,25851.5,25864.0,0,25855.62222222222,25854.124088787536,25852.780000000002,25847.688477408814,25848.75,25840.807263276063,25793.075,25803.653729913443,25867.893557388932,25848.75,25829.606442611068,0.001481197921673744,19.054874197587196,21.785656443837176,-2.73078224624998,93.85474860334703,70.13451822517297,25859.833333333332,25868.166666666664,25855.666666666664,25872.333333333332,25847.333333333332,8.653571428571793,0.03345797799478732,60.7006854531605,1.0,,,0.9079999999998836,True
2026-01-16 10:36:00+05:30,25863.7,25872.4,25863.7,25865.6,0,25856.9,25856.41927103003,25853.82333333333,25849.927417732713,25850.87,25843.16847629739,25795.775,25806.082995407036,25867.29842209896,25850.87,25834.441577901038,0.001271015025719534,18.785388603162573,21.18560287570226,-2.400214272539685,79.76190476189741,74.56992107829643,25867.233333333337,25870.766666666674,25862.066666666673,25875.933333333338,25858.533333333336,8.65714285714317,0.033469715982398125,64.6141855027293,1.0,,,0.218390804597432,True
2026-01-16 10:37:00+05:30,25864.45,25867.0,25860.7,25861.25,0,25856.938888888886,25857.385416824025,25854.783333333333,25851.342740516124,25852.094999999998,25844.89052617383,25798.289,25808.24640735186,25867.724590695005,25852.094999999998,25836.46540930499,0.0012091546696704628,18.013166116328648,20.551115523827537,-2.537949407498889,66.81547619047402,80.14404318523948,25862.983333333334,25865.266666666666,25858.966666666667,25869.283333333333,25856.683333333334,8.44642857142883,0.03266055806053006,67.28896103896187,1.0,,,0.5079365079366821,False
2026-01-16 10:38:00+05:30,25861.5,25867.25,25859.75,25862.4,0,25857.48333333333,25858.38833345922,25856.280000000002,25852.724897951608,25853.042500000003,25846.558095109653,25800.705,25810.37007765179,25868.76276098046,25853.042500000003,25837.322239019548,0.0012161246383635773,17.29460814383492,19.899814047829015,-2.6052059039940936,67.05107084020007,71.20948393085716,25863.13333333333,25866.516666666663,25859.016666666663,25870.63333333333,25855.63333333333,8.235714285714494,0.031844354297027706,63.129002744741776,1.0,,,0.12000000000019402,True
2026-01-16 10:39:00+05:30,25861.75,25867.5,25861.75,25865.6,0,25858.372222222224,25859.83066676738,25857.45,25854.334285707657,25854.4675,25848.37160986111,25803.158,25812.535956959568,25869.241348696054,25854.4675,25839.693651303944,0.0011428468751913156,16.7898164771359,19.277814533690393,-2.487998056554492,77.59472817132645,70.48709173400017,25864.95,25868.15,25862.4,25870.7,25859.2,8.067857142857195,0.03119145561230822,62.265917602996225,1.0,,,0.6695652173910512,True
2026-01-16 10:40:00+05:30,25865.4,25873.5,25863.45,25871.6,0,25860.994444444445,25862.184533413903,25858.72333333333,25856.4924999942,25855.907499999998,25850.58383749339,25805.694000000003,25814.852193941548,25871.48539510237,25855.907499999998,25840.329604897626,0.0012049776324711294,16.68161996929848,18.75857562081201,-2.0769556515135292,93.95866454689535,79.53482118614062,25869.516666666663,25875.583333333325,25865.533333333326,25879.566666666662,25859.466666666664,8.350000000000104,0.03227477233723506,65.31841652323652,1.0,,,0.6169154228853272,True
2026-01-16 10:41:00+05:30,25870.55,25871.7,25858.55,25861.55,0,25862.144444444442,25862.057626731126,25859.24,25857.124687494925,25856.4875,25851.62823392259,25808.152,25816.683480453645,25871.99508303573,25856.4875,25840.97991696427,0.0011995119627699572,15.605037292567431,18.127867955163094,-2.5228306625956627,62.00317965023704,77.85219078948627,25863.933333333334,25869.31666666667,25856.166666666668,25877.083333333336,25850.783333333333,8.900000000000157,0.03441402390808036,55.49005158437826,1.0,,,0.684410646387757,False
2026-01-16 10:42:00+05:30,25860.8,25864.75,25852.75,25853.65,0,25861.988888888893,25860.376101384903,25859.21,25856.69035155806,25856.8275,25851.82078307282,25810.341,25818.133147886838,25871.731843239457,25856.8275,25841.923156760542,0.0011528361891618279,13.95352622342034,17.292999608814544,-3.3394733853942036,36.88394276630179,64.2819289878114,25857.05,25861.35,25849.35,25869.05,25845.05,9.110714285714234,0.03523956689177054,44.74256707759168,1.0,,,0.5958333333331515,False
2026-01-16 10:43:00+05:30,25852.65,25853.7,25839.8,25841.6,0,25860.805555555555,25856.620881107923,25857.923333333336,25854.804057613303,25856.91,25850.847375161124,25812.175,25819.05341659716,25871.434411394166,25856.91,25842.385588605834,0.0011234452526745259,11.539339189486782,16.14226752494899,-4.6029283354622095,5.341246290798913,34.74278956911258,25845.033333333336,25850.266666666674,25836.366666666672,25858.933333333338,25831.133333333335,9.460714285714337,0.0366104044862328,39.75515463917316,1.0,,,0.7949640287771046,False
2026-01-16 10:44:00+05:30,25842.0,25845.1,25839.75,25844.55,0,25858.644444444446,25854.20670488634,25857.06,25853.522300411638,25856.735,25850.247625145777,25814.021999999997,25820.053282612957,25871.7837663432,25856.735,25841.6862336568,0.0011640113373323842,9.751707306040771,14.864155481167348,-5.112448175126577,14.222222222220067,18.81580375977359,25843.13333333333,25846.516666666663,25841.166666666664,25848.48333333333,25837.783333333333,9.335714285714337,0.03612256466339842,41.88937228091961,1.0,,,0.47663551401868526,True
2026-01-16 10:45:00+05:30,25844.8,25855.8,25841.65,25855.3,0,25857.5,25854.425363909075,25856.906666666666,25853.744512860183,25856.875,25850.728803703325,25816.107000000004,25821.435506824215,25871.809541383882,25856.875,25841.940458616118,0.0011551698636344785,9.097560305555817,13.710836446045043,-4.613276140489226,46.074074074071916,21.879180862363636,25850.916666666668,25860.183333333334,25846.033333333336,25865.066666666666,25836.76666666667,9.192857142856935,0.035555020219672315,54.47303921568611,1.0,,,0.7420494699647788,True
2026-01-16 10:46:00+05:30,25854.25,25857.95,25852.1,25857.95,0,25857.133333333335,25855.13029112726,25857.57,25854.27019875266,25857.0825,25851.416536683962,25818.266,25822.867447733068,25871.952330814514,25857.0825,25842.212669185486,0.0011501553444410435,8.692772082318697,12.707223573299775,-4.014451490981077,53.925925925928084,38.07407407407336,25856.0,25859.9,25854.05,25861.850000000002,25850.149999999998,9.071428571428571,0.03508177783400684,54.164096236891034,1.0,,,0.6324786324785209,True
2026-01-16 10:47:00+05:30,25857.0,25860.8,25856.85,25859.7,0,25856.833333333332,25856.04423290181,25858.136666666665,25854.948923908578,25857.3625,25852.205437952154,25820.510999999995,25824.31186154746,25872.206739535915,25857.3625,25842.518260464083,0.001148163470726462,8.416168521864165,11.849012563012653,-3.4328440411484884,59.11111111111327,53.037037037037756,25859.116666666665,25861.38333333333,25857.43333333333,25863.066666666666,25855.166666666664,8.914285714285663,0.0344717290389512,52.94490183660648,1.0,,,0.6835443037975266,True
2026-01-16 10:48:00+05:30,25859.45,25863.9,25855.05,25857.55,0,25855.93888888889,25856.345386321453,25858.303333333333,25855.274058420004,25857.195,25852.71444386147,25822.746,25825.615317957363,25871.9464816394,25857.195,25842.4435183606,0.0011409962789389624,7.932035606732825,11.065617171756688,-3.1335815650238636,52.74074074073859,55.25925925925998,25858.833333333332,25862.616666666665,25853.766666666663,25867.683333333334,25849.98333333333,9.142857142857403,0.0353585592713053,53.38441890165985,1.0,,,0.21468926553683465,False
2026-01-16 10:49:00+05:30,25856.35,25856.45,25850.05,25855.85,0,25854.188888888886,25856.246309057162,25858.54333333333,25855.346051117504,25857.1125,25853.013068255616,25825.078,25826.800991762957,25871.875250957077,25857.1125,25842.34974904292,0.0011418715803690389,7.326723087961,10.317838354997551,-2.9911152670365517,47.70370370369939,53.18518518518375,25854.11666666667,25858.183333333338,25851.783333333336,25860.51666666667,25847.716666666667,8.785714285714546,0.03397959953246382,44.02930402930296,1.0,,,0.07812499999998224,False
2026-01-16 10:50:00+05:30,25855.65,25855.65,25846.65,25847.95,0,25852.67777777778,25854.58704724573,25857.47333333333,25854.42154472782,25856.629999999997,25852.53087127889,25827.227000000003,25827.630364635,25871.946087174823,25856.629999999997,25841.31391282517,0.0011846932237361137,6.1387805380581995,9.482026791609682,-3.3432462535514826,24.29629629629845,41.580246913578804,25850.083333333332,25853.516666666663,25844.516666666663,25859.083333333332,25841.083333333332,8.821428571428571,0.034128155507220384,38.16230717639303,1.0,,,0.8555555555556364,False
2026-01-16 10:51:00+05:30,25847.4,25848.9,25842.2,25843.85,0,25851.58888888889,25852.439637796586,25856.02333333333,25853.100101636843,25856.422499999997,25851.70412163328,25829.28,25828.26642876696,25872.331831092804,25856.422499999997,25840.51316890719,0.001230590279286116,4.811033178018988,8.547828068891544,-3.736794890872556,12.148148148143836,28.04938271604723,25844.983333333337,25847.766666666674,25841.066666666673,25851.683333333338,25838.283333333336,8.850000000000104,0.03424412384377755,38.290713324360176,1.0,,,0.5298507462690336,False
2026-01-16 10:52:00+05:30,25843.8,25845.2,25840.8,25843.75,0,25851.82777777778,25850.70171023727,25854.856666666667,25851.931338932238,25856.05,25850.946586239632,25831.102000000003,25828.873627638848,25872.800805166178,25856.05,25839.29919483382,0.0012956971514348793,3.7079714779538335,7.579856750704002,-3.871885272750169,11.851851851851851,16.098765432098045,25843.25,25845.7,25841.3,25847.65,25838.85,8.628571428571636,0.033387458973916845,37.26962457337785,1.0,,,0.011363636363467242,False
2026-01-16 10:53:00+05:30,25843.55,25846.45,25842.3,25845.55,0,25851.938888888886,25849.671368189818,25853.733333333334,25851.133671565705,25855.575,25850.432625645382,25832.818,25829.52760302556,25872.971536256257,25855.575,25838.178463743745,0.0013456700348962098,2.945083006641653,6.652902001891532,-3.7078189952498795,17.18518518518303,13.72839506172624,25844.766666666666,25847.233333333334,25843.083333333332,25848.916666666668,25840.616666666665,8.514285714286027,0.032942946519946475,36.04732080723823,-1.0,,,0.4819277108432045,True
2026-01-16 10:54:00+05:30,25846.15,25847.75,25837.85,25838.05,0,25850.022222222222,25847.347094551857,25851.896666666667,25849.49821261999,25854.864999999998,25849.25332796487,25834.352,25829.861814671614,25873.913555685802,25854.864999999998,25835.816444314194,0.0014734987543585222,1.7155255660800321,5.665426714729233,-3.949901148649201,0.5908419497805456,9.875959662271809,25841.216666666664,25844.58333333333,25834.683333333327,25851.116666666665,25831.316666666662,8.503571428571897,0.03291104177200639,27.130197682346108,-1.0,,,0.8181818181819184,False
2026-01-16 10:55:00+05:30,25837.65,25844.7,25836.45,25842.55,0,25848.31111111111,25846.38767564149,25849.960000000003,25848.62968604249,25853.7925,25848.61491577774,25836.14,25830.359390566846,25873.089248431555,25853.7925,25834.495751568444,0.0014927595966089616,1.0916212970805645,4.7506656311994995,-3.659044334118935,21.554770318016615,13.110265817660064,25841.233333333334,25846.016666666666,25837.766666666666,25849.483333333334,25832.983333333334,8.153571428571793,0.0315509554148944,35.9882005899711,-1.0,,,0.5939393939391293,True
2026-01-16 10:56:00+05:30,25842.25,25844.6,25839.9,25842.2,0,25846.366666666665,25845.550140513194,25848.67,25847.82597528718,25852.6225,25848.00397141796,25837.755,25830.823728191677,25871.74164100221,25852.6225,25833.503358997794,0.0014790871604772374,0.5624470544535143,3.913021915850303,-3.3505748613967885,20.947176684881047,14.364262984226068,25842.233333333334,25844.566666666666,25839.86666666667,25846.93333333333,25837.533333333336,7.632142857143013,0.02953364209371885,40.49792531120329,-1.0,,,0.010638297872192205,False
2026-01-16 10:57:00+05:30,25842.45,25845.15,25840.85,25842.7,0,25844.716666666664,25844.980112410558,25847.940000000002,25847.185228376286,25851.695,25847.498831282915,25839.460999999996,25831.28946434102,25870.851636888365,25851.695,25832.538363111635,0.0014820410722287283,0.18132823695850675,3.166683180071944,-2.985354943113437,22.768670309653313,21.75687243751699,25842.899999999998,25844.949999999997,25840.649999999994,25847.2,25838.599999999995,6.946428571428831,0.026879654879052233,51.12936344969422,-1.0,,,0.05813953488368158,True
2026-01-16 10:58:00+05:30,25842.6,25844.45,25831.0,25831.25,0,25841.983333333334,25842.234089928446,25847.25,25845.193324829248,25850.1375,25845.95132354169,25840.775999999998,25831.287916719804,25870.646929795992,25850.1375,25829.62807020401,0.001586794638596511,-1.0327258592224098,2.3268013722130734,-3.359527231435483,0.759878419452854,14.825241804662404,25835.566666666666,25840.13333333333,25826.68333333333,25849.016666666666,25822.116666666665,7.525000000000416,0.029131381563030887,38.374125874126655,-1.0,,,0.8438661710035636,False
2026-01-16 10:59:00+05:30,25831.2,25832.8,25827.0,25829.7,0,25839.955555555556,25839.727271942756,25846.26,25843.256659225593,25848.3425,25844.40357844248,25842.036,25831.22564547589,25869.429719252894,25848.3425,25827.255280747104,0.0016316109439431182,-2.0957856113927846,1.4422839754919017,-3.5380695868846863,7.317073170733391,10.281873966613185,25829.833333333332,25832.666666666664,25826.866666666665,25835.63333333333,25824.033333333333,6.928571428571948,0.0268240491704199,23.33333333333485,-1.0,,,0.25862068965520485,False
2026-01-16 11:00:00+05:30,25829.3,25833.4,25827.6,25831.35,0,25838.566666666666,25838.051817554206,25844.663333333334,25841.768326822395,25846.33,25843.16038049558,25843.293999999998,25831.230522123897,25865.68277485961,25846.33,25826.977225140392,0.001497525943498344,-2.773159655276686,0.5991952493381841,-3.37235490461487,11.788617886174453,6.621856492120233,25830.783333333336,25833.966666666674,25828.16666666667,25836.58333333334,25824.983333333334,6.925000000000572,0.026808509814626694,21.702127659569967,-1.0,,,0.35344827586176614,True
2026-01-16 11:01:00+05:30,25831.65,25836.9,25831.65,25835.9,0,25837.694444444445,25837.621454043365,25843.193333333333,25841.034785969594,25845.047499999997,25842.468915686477,25844.442000000003,25831.413638903352,25863.533667660347,25845.047499999997,25826.561332339646,0.0014305384937172568,-2.9092998930136673,-0.10250377913218622,-2.806796113881481,24.119241192414915,14.408310749774254,25834.81666666667,25837.983333333337,25832.733333333337,25840.06666666667,25829.56666666667,7.039285714286442,0.027246140890336477,26.10441767068312,-1.0,,,0.8095238095238095,True
2026-01-16 11:02:00+05:30,25835.65,25841.8,25834.35,25839.8,0,25837.055555555555,25838.05716323469,25841.866666666665,25840.880437723394,25844.355000000003,25842.214733240147,25845.716999999997,25831.742515809103,25862.51916078083,25844.355000000003,25826.190839219176,0.0014056578917002905,-2.6716969465887814,-0.6163424126235053,-2.055354533965276,43.46349745330715,26.457118843965503,25838.649999999998,25842.949999999997,25835.499999999996,25846.1,25831.199999999997,6.939285714286338,0.026855028731980656,32.78370514063869,-1.0,,,0.5570469798654244,True
2026-01-16 11:03:00+05:30,25839.65,25841.65,25827.05,25827.7,0,25835.905555555557,25835.985730587756,25839.876666666663,25839.23288300797,25843.659999999996,25840.832377693467,25846.522,25831.58398577737,25863.273840441674,25843.659999999996,25824.04615955832,0.0015178841109717352,-3.420336268376559,-1.1771411837741161,-2.243195084602443,2.4432809773148065,23.342006541012285,25832.13333333333,25837.216666666664,25822.61666666666,25846.733333333334,25817.53333333333,7.446428571429351,0.02883117184816825,27.28006456819952,-1.0,,,0.818493150684859,False
2026-01-16 11:04:00+05:30,25827.55,25829.45,25824.2,25824.35,0,25833.883333333335,25833.658584470206,25837.77666666667,25837.372522631977,25842.65,25839.262627436947,25847.31,25831.30030006061,25864.068241119687,25842.65,25821.231758880316,0.0016575886079550869,-4.235135323699069,-1.7887400117591068,-2.446395311939962,0.6072874493838575,15.504688626668601,25826.0,25827.8,25822.55,25831.25,25820.75,7.164285714286701,0.027742366078087933,29.44250871079872,-1.0,,,0.6095238095239481,False
2026-01-16 11:05:00+05:30,25823.9,25830.1,25822.35,25829.15,0,25832.433333333334,25832.75686757617,25836.52333333333,25836.34470730298,25841.3425,25838.299520062003,25847.699000000004,25831.21597456804,25862.701863163868,25841.3425,25819.98313683613,0.0016531155967511126,-4.442341018624575,-2.3194602131322,-2.1228808054923745,26.77165354331701,9.940740656671892,25827.2,25832.050000000003,25824.300000000003,25834.95,25819.45,7.23928571428665,0.028027580134408796,37.34939759036363,-1.0,,,0.6774193548387096,True
2026-01-16 11:06:00+05:30,25828.65,25829.2,25824.7,25826.1,0,25830.588888888888,25831.42549406094,25835.340000000004,25835.064118890106,25839.75,25837.137661008477,25847.756999999998,25831.01534811439,25860.639987529346,25839.75,25818.860012470654,0.001616887743058381,-4.797361537228426,-2.8150404779514453,-1.9823210592769804,14.76377952755821,14.047573506753025,25826.666666666668,25828.633333333335,25824.133333333335,25831.166666666668,25822.166666666668,7.246428571429403,0.028058547637581376,35.54463554463504,-1.0,,,0.5666666666673135,False
2026-01-16 11:07:00+05:30,25825.85,25827.25,25820.7,25826.8,0,25830.094444444447,25830.500395248753,25834.210000000003,25834.031104028843,25838.105,25836.153121864812,25847.557999999997,25830.850040345198,25857.50895781731,25838.105,25818.70104218269,0.0015019644681613133,-4.965000273605256,-3.2450324370822075,-1.7199678365230482,22.5508317929712,21.362088287948808,25824.916666666668,25829.133333333335,25822.583333333336,25831.466666666667,25818.36666666667,7.417857142857819,0.0287215494868037,34.361968306923586,-1.0,,,0.1450381679390585,True
2026-01-16 11:08:00+05:30,25825.5,25829.25,25823.45,25829.25,0,25830.044444444444,25830.250316199003,25833.123333333333,25833.43346602524,25836.69,25835.49568168721,25847.273999999998,25830.787293664995,25854.153935772323,25836.69,25819.226064227674,0.0013518709844275313,-4.844318368785025,-3.564889623422771,-1.279428745362254,34.969325153370214,24.09464549129987,25827.316666666666,25831.18333333333,25825.38333333333,25833.116666666665,25821.516666666666,7.12500000000052,0.02758500537181885,41.985428051003225,-1.0,,,0.6465517241380121,True
2026-01-16 11:09:00+05:30,25830.5,25837.05,25827.4,25828.8,0,25829.761111111107,25829.9602529592,25832.506666666664,25832.85428277208,25835.3375,25834.857997717,25847.108000000004,25830.70936058009,25850.60534977887,25835.3375,25820.069650221132,0.001181935384344739,-4.730458547415765,-3.79800340822137,-0.9324551391943947,33.12883435582128,30.216330434054232,25831.083333333332,25834.766666666663,25825.116666666665,25840.73333333333,25821.433333333334,7.225000000000364,0.027972650684508625,36.47984267453448,-1.0,,,0.17616580310892355,False
2026-01-16 11:10:00+05:30,25826.95,25826.95,25818.7,25826.05,0,25828.666666666668,25829.178202367362,25831.406666666666,25832.00374742557,25834.2425,25834.01914079157,25846.773,25830.526640557342,25848.827722334754,25834.2425,25819.657277665247,0.0011291387649360169,-4.806716994517046,-3.9997461254805056,-0.8069708690365407,27.788279773150634,31.96214642744738,25823.899999999998,25829.099999999995,25820.849999999995,25832.149999999998,25815.649999999998,7.610714285714754,0.029469137888739297,34.83568075117441,-1.0,,,0.10909090909108547,False
2026-01-16 11:11:00+05:30,25825.9,25827.4,25821.5,25822.45,0,25826.73888888889,25827.832561893894,25830.09,25830.809528997375,25833.1725,25832.91731785904,25846.223,25830.209909555095,25847.92892500659,25833.1725,25818.416074993413,0.0011424400163462663,-5.0988657266425434,-4.2195700457129135,-0.87929568092963,14.563106796116505,25.16007364169614,25823.783333333336,25826.066666666673,25820.16666666667,25829.683333333338,25817.883333333335,7.725000000000364,0.02991582905572617,32.031943212069294,-1.0,,,0.5847457627118435,False
2026-01-16 11:12:00+05:30,25822.15,25823.25,25818.0,25819.45,0,25825.82222222222,25826.156049515117,25828.539999999997,25829.389587872705,25831.9575,25831.63471615818,25845.675,25829.78795231764,25847.04476458504,25831.9575,25816.87023541496,0.0011681085016526154,-5.508966690824309,-4.477449374735193,-1.0315173160891158,6.092436974793159,16.147941181353435,25820.233333333334,25822.466666666667,25817.216666666667,25825.483333333334,25814.983333333334,7.139285714286026,0.02765080477812667,37.68267223382253,-1.0,,,0.5142857142858529,False
2026-01-16 11:13:00+05:30,25818.7,25820.4,25802.55,25803.15,0,25823.466666666664,25821.554839612098,25826.666666666668,25826.109639388615,25829.8375,25828.92188604788,25844.939,25828.74332673656,25848.39863299133,25829.8375,25811.27636700867,0.0014371854249048172,-7.067775518135022,-4.99551460341516,-2.0722609147198625,1.5286624203877268,7.39473539709913,25808.7,25814.850000000002,25797.0,25826.550000000003,25790.85,8.00000000000052,0.03100396656997506,28.81085395052105,-1.0,,,0.8711484593836062,False
2026-01-16 11:14:00+05:30,25802.35,25813.3,25801.85,25812.5,0,25821.616666666665,25819.74387168968,25825.520000000004,25824.408434465036,25828.56,25827.357896900463,25844.228,25828.106333531203,25848.225374326346,25828.56,25808.894625673656,0.0015227619601205057,-7.462651089183055,-5.488941900568739,-1.9737091886143157,26.658322903632694,11.426474099604526,25809.216666666664,25816.58333333333,25805.133333333328,25820.666666666664,25797.766666666663,8.403571428571793,0.032556208924249076,36.60270078180741,-1.0,,,0.8864628820961407,True
2026-01-16 11:15:00+05:30,25812.4,25823.4,25810.0,25823.4,0,25821.316666666666,25820.475097351744,25824.989999999998,25824.282380156907,25827.6025,25826.980954338513,25843.646,25827.921771431942,25846.237624589005,25827.6025,25808.967375410997,0.0014430394450281384,-6.817466410211637,-5.7546468024973185,-1.0628196077143182,53.942428035050106,27.376471119690176,25818.933333333334,25827.86666666667,25814.466666666667,25832.333333333336,25805.533333333333,8.964285714285975,0.03471380884889663,41.8513689700135,-1.0,,,0.8208955223879706,True
2026-01-16 11:16:00+05:30,25822.15,25822.65,25816.45,25817.95,0,25820.333333333332,25819.970077881397,25823.793333333335,25823.490832637293,25826.39,25826.12086344913,25842.929,25827.530721571868,25844.16166876106,25826.39,25808.61833123894,0.0013762410279608663,-6.6690457482254715,-5.937526591642949,-0.7315191565825225,40.45226130653519,40.351004081739326,25819.016666666666,25821.583333333332,25815.38333333333,25825.216666666667,25812.816666666666,8.928571428571688,0.03458280548444663,36.03833865814919,-1.0,,,0.6774193548387475,False
2026-01-16 11:17:00+05:30,25817.6,25819.9,25810.35,25811.4,0,25818.35,25818.256062305118,25821.9,25821.97947855763,25824.825,25824.718876453975,25842.075,25826.898144255327,25842.05351064293,25824.825,25807.59648935707,0.0013342596236706273,-6.999268354949891,-6.1498749443043375,-0.8493934106455532,27.130681818189526,40.508457053258276,25813.88333333333,25817.416666666664,25807.86666666666,25823.433333333334,25804.33333333333,8.567857142857454,0.03319408146345201,38.789546079781644,-1.0,,,0.6492146596853613,False
2026-01-16 11:18:00+05:30,25810.65,25812.9,25807.6,25807.6,0,25815.994444444445,25816.124849844095,25820.56,25820.18204373793,25823.642499999998,25823.08850726788,25841.009,25826.14135428453,25842.20877602103,25823.642499999998,25805.076223978966,0.0014379285200399237,-7.481359931676707,-6.416171941778812,-1.065187989897895,16.335227272726936,27.97272346581722,25809.36666666667,25811.13333333334,25805.833333333336,25814.66666666667,25804.066666666666,8.571428571429092,0.033212807744343105,38.550922761450444,-1.0,,,0.5754716981134407,False
2026-01-16 11:19:00+05:30,25804.7,25807.2,25801.25,25806.6,0,25813.833333333332,25814.219879875276,25819.376666666663,25818.484288270687,25822.4875,25821.518173242366,25839.991,25825.375026665526,25842.299401660217,25822.4875,25802.67559833978,0.0015344688740941553,-7.853581424187723,-6.703653838260594,-1.149927585927129,14.94413407820853,19.47001438970833,25805.016666666663,25808.783333333326,25802.833333333325,25810.966666666664,25799.066666666662,8.471428571428987,0.0328265969613548,33.7418889689971,-1.0,,,0.31932773109203105,True
2026-01-16 11:20:00+05:30,25806.65,25816.5,25806.6,25813.45,0,25812.833333333332,25814.06590390022,25818.33,25817.85500223685,25821.5925,25820.749775790715,25839.108000000004,25824.907378560998,25841.3358073277,25821.5925,25801.849192672296,0.0015292091165719152,-7.5092696998144675,-6.86477701057137,-0.6444926892430978,34.07821229050552,21.785857880480325,25812.183333333334,25817.76666666667,25807.86666666667,25822.083333333336,25802.283333333333,8.857142857143376,0.03431212355242471,41.35338345864871,-1.0,,,0.6868686868685124,True
2026-01-16 11:21:00+05:30,25813.3,25815.0,25810.7,25813.3,0,25812.15,25813.91272312018,25817.476666666666,25817.285626957244,25820.4625,25820.040273334456,25838.414000000004,25824.45218724488,25839.32524175037,25820.4625,25801.59975824963,0.0014610692392028478,-7.165899890693254,-6.925001586595747,-0.2408983040975068,33.659217877093624,27.56052141526922,25813.0,25815.3,25811.0,25817.3,25808.7,8.696428571429092,0.033689720304761854,40.70247933884372,-1.0,,,0.0,False
2026-01-16 11:22:00+05:30,25814.95,25820.4,25814.95,25815.7,0,25813.544444444444,25814.270178496143,25816.736666666668,25817.08742358759,25819.2575,25819.626913969267,25837.703999999998,25824.108964215666,25835.86292951865,25819.2575,25802.65207048135,0.0012862824981432067,-6.62376229219808,-6.864753727716214,0.24099143551813373,40.363128491622966,36.033519553074036,25817.016666666666,25819.083333333332,25813.63333333333,25822.466666666667,25811.566666666666,8.789285714286441,0.034046280806975755,40.66161268091106,-1.0,,,0.1376146788990642,True
2026-01-16 11:23:00+05:30,25815.15,25815.55,25800.95,25803.2,0,25812.51111111111,25812.056142796915,25815.0,25815.35149563914,25818.0325,25818.062445972195,25836.667,25823.28900483466,25835.6023388401,25818.0325,25800.4626611599,0.0013610517253860991,-7.120677139046165,-6.915938409982204,-0.20473872906396107,8.506616257088613,27.509654208601734,25806.566666666666,25812.18333333333,25797.583333333332,25821.166666666664,25791.966666666667,9.153571428572311,0.03547455908016181,34.86997635933996,-1.0,,,0.8184931506850629,False
2026-01-16 11:24:00+05:30,25801.35,25807.2,25801.35,25806.1,0,25810.58888888889,25810.864914237536,25813.486666666668,25814.19505868425,25817.12,25816.923165403416,25835.744000000002,25822.614926213693,25835.19669042903,25817.12,25799.043309570967,0.0014003645975253763,-7.197511538841354,-6.972253035754035,-0.22525850308731954,19.47069943288346,22.780148060531676,25804.88333333333,25808.416666666664,25802.566666666662,25810.733333333334,25799.03333333333,8.850000000001144,0.034294217258714586,38.2300884955753,-1.0,,,0.811965811965509,True
2026-01-16 11:25:00+05:30,25805.7,25813.8,25805.55,25810.1,0,25809.716666666667,25810.71193139003,25812.423333333336,25813.68317634872,25816.167500000003,25816.2733401269,25834.666,25822.124144793546,25833.57020018443,25816.167500000003,25798.764799815577,0.001348201679000267,-6.856598187812779,-6.949122066165783,0.09252387835300446,40.757238307338625,22.911517999103562,25809.816666666666,25814.083333333332,25805.833333333332,25818.066666666666,25801.566666666666,9.017857142858182,0.03493925689113247,42.748091603052586,-1.0,,,0.5333333333330688,True
2026-01-16 11:26:00+05:30,25808.95,25815.7,25808.35,25808.5,0,25809.394444444442,25810.269545112027,25811.493333333336,25813.03527930513,25815.2875,25815.533022019576,25833.523999999998,25821.589864605565,25832.35211019412,25815.2875,25798.22288980588,0.0013220546309329446,-6.638998289567098,-6.8870973108460465,0.24809902127894823,33.63028953228966,31.286075757503912,25810.850000000002,25813.350000000006,25806.000000000004,25818.200000000004,25803.5,9.167857142858338,0.03552262682007221,43.46268656716403,-1.0,,,0.061224489795999176,False
2026-01-16 11:27:00+05:30,25808.85,25818.9,25808.85,25817.65,0,25810.51111111111,25811.745636089625,25811.373333333333,25813.61211939199,25814.829999999998,25815.73463897009,25832.652000000002,25821.435360111227,25831.065516623272,25814.829999999998,25798.594483376724,0.0012578441634729903,-5.662941408721963,-6.64226613042123,0.9793247216992667,74.38752783964448,49.591685226424254,25815.13333333333,25821.416666666664,25811.36666666666,25825.183333333334,25805.08333333333,8.635714285715428,0.03344887813459175,59.46475195822382,-1.0,,,0.8756218905472997,True
2026-01-16 11:28:00+05:30,25818.55,25818.75,25811.35,25816.25,0,25811.583333333332,25812.6465088717,25812.246666666662,25813.94185446799,25814.18,25815.78372097294,25831.729000000003,25821.232012655888,25828.9604422704,25814.18,25799.3995577296,0.001145141334754725,-4.945370446137531,-6.30288699356449,1.3575165474269593,68.15144766146449,58.72308834446621,25815.45,25819.550000000003,25812.15,25822.850000000002,25808.05,8.346428571429767,0.032330135366018566,52.73124544792391,-1.0,,,0.3108108108106514,False
2026-01-16 11:29:00+05:30,25815.8,25816.9,25809.3,25813.15,0,25811.550000000003,25812.747207097364,25812.289999999997,25813.84287265949,25813.3975,25815.53289040409,25830.68,25820.91507098311,25826.478320633483,25813.3975,25800.316679366515,0.001013490814875036,-4.574106923359068,-5.957130979523406,1.3830240561643379,56.22119815668349,66.25339121926415,25813.11666666667,25816.933333333338,25809.333333333336,25820.71666666667,25805.516666666666,7.932142857144105,0.030729077455266426,41.577649958916176,-1.0,,,0.34868421052592846,False
2026-01-16 11:30:00+05:30,25814.75,25825.2,25814.75,25825.0,0,25812.85,25815.19776567789,25812.396666666667,25815.237513577053,25813.345,25816.434519889415,25829.748,25821.07526427789,25826.218796316676,25813.345,25800.471203683326,0.0009974527762035487,-3.285805224051728,-5.422865828429071,2.137060604377343,99.17525773195577,74.51596785003458,25821.649999999998,25828.549999999996,25818.099999999995,25832.1,25811.199999999997,8.296428571429715,0.03212557046052165,55.241635687731524,-1.0,,,0.9808612440190705,True
2026-01-16 11:31:00+05:30,25824.9,25830.65,25824.05,25826.9,0,25814.094444444447,25817.538212542317,25812.993333333336,25816.69532437992,25813.5675,25817.431232280902,25829.055,25821.3036852866,25827.23333427165,25813.5675,25799.901665728354,0.0010588101990666207,-2.0874400154862087,-4.755780665840499,2.66834065035429,87.37373737373768,80.92339775412565,25827.2,25830.350000000002,25823.75,25833.800000000003,25820.6,8.085714285715378,0.03130733570701624,62.38019169328958,-1.0,,,0.3030303030302028,True
2026-01-16 11:32:00+05:30,25826.7,25828.2,25806.85,25808.4,0,25814.67222222222,25815.710570033854,25812.79333333333,25815.65840883243,25813.015,25816.57111492082,25828.15,25820.797658412615,25826.572522674767,25813.015,25799.45747732523,0.0010504408473607462,-2.6005448803953186,-4.3247335087514625,1.7241886283561438,25.08417508417692,70.54439006329012,25814.483333333337,25822.116666666676,25800.766666666674,25835.83333333334,25793.133333333335,9.232142857143897,0.035771852796546454,50.5174644243227,-1.0,,,0.8571428571427354,False
2026-01-16 11:33:00+05:30,25806.05,25810.8,25801.25,25810.1,0,25815.116666666665,25814.588456027086,25812.960000000003,25814.963607728376,25813.3625,25815.954818261693,25827.52,25820.378142396436,25826.19210700153,25813.3625,25800.532892998468,0.0009940283449342377,-2.8373017417252413,-4.027247155346219,1.1899454136209773,30.808080808072702,47.75533108866244,25807.38333333333,25813.516666666663,25803.966666666664,25816.93333333333,25797.833333333332,9.460714285715378,0.036655085744399976,52.243589743589745,-1.0,,,0.424083769633464,True
2026-01-16 11:34:00+05:30,25810.3,25811.35,25804.45,25810.35,0,25815.144444444446,25813.74076482167,25813.210000000003,25814.38690676233,25813.254999999997,25815.421026046293,25826.836,25819.984881910303,25826.150894900602,25813.254999999997,25800.359105099393,0.0009991684427713295,-2.970518066224031,-3.815901337521781,0.84538327129775,31.649831649823525,29.180695847357715,25808.716666666664,25812.983333333326,25806.08333333333,25815.61666666666,25801.816666666666,9.246428571429403,0.03582449897591239,47.82913165265947,-1.0,,,0.007246376811491047,True
2026-01-16 11:35:00+05:30,25810.0,25812.15,25806.1,25809.75,0,25815.283333333333,25812.942611857336,25812.963333333333,25813.80729341704,25812.572500000002,25814.8809283276,25825.925,25819.58351399225,25824.624950068588,25812.572500000002,25800.520049931416,0.000933843387255264,-3.088901020561025,-3.67050127412963,0.5816002535686051,29.629629629626454,30.69584736250756,25809.333333333332,25812.566666666666,25806.516666666663,25815.383333333335,25803.28333333333,9.371428571429663,0.036309644887802715,47.52957550452364,-1.0,,,0.0413223140495669,False
2026-01-16 11:36:00+05:30,25809.4,25814.6,25806.25,25806.85,0,25814.083333333332,25811.72408948587,25812.533333333333,25812.93763173991,25812.017499999998,25814.116078010684,25824.903000000002,25819.084160502356,25824.049574460103,25812.017499999998,25799.985425539893,0.0009322846972426641,-3.37778907856773,-3.61195883501725,0.23416975644951998,19.865319865312028,27.048260381587337,25809.233333333334,25812.216666666667,25803.86666666667,25817.583333333332,25800.883333333335,9.460714285715117,0.03665970192299764,43.883897719417554,-1.0,,,0.305389221557288,False
2026-01-16 11:37:00+05:30,25806.8,25809.5,25806.05,25807.35,0,25813.094444444443,25810.849271588697,25811.97666666667,25812.239177772422,25811.815,25813.471689628714,25823.856,25818.6239973454,25824.025827810325,25811.815,25799.604172189673,0.0009461425173182134,-3.5257465134345694,-3.594716370700714,0.0689698572661448,20.748299319721916,23.414416271553467,25807.63333333333,25809.216666666664,25805.766666666663,25811.083333333332,25804.18333333333,8.653571428572311,0.033531421973090274,53.438276719136844,-1.0,,,0.15942028985482795,True
2026-01-16 11:38:00+05:30,25807.1,25807.1,25797.15,25801.6,0,25811.81111111111,25808.99941727096,25811.87,25810.90928055087,25811.515,25812.341052521217,25822.737,25817.956389606366,25824.43601918836,25811.515,25798.593980811638,0.001001182548824526,-4.060177591883985,-3.6878086149373686,-0.3723689769466163,13.28358208954355,17.9657337581925,25801.95,25806.75,25796.800000000003,25811.899999999998,25792.000000000004,8.964285714286234,0.03474313885296351,46.43987341772135,-1.0,,,0.5527638190956391,False
2026-01-16 11:39:00+05:30,25800.85,25804.3,25799.15,25802.15,0,25809.272222222222,25807.62953381677,25811.60666666667,25809.81437048201,25811.292500000003,25811.370476090622,25821.662999999997,25817.33653119043,25824.71346847328,25811.292500000003,25797.871531526725,0.0010399299820632966,-4.38874692580066,-3.827996277110027,-0.5607506486906333,14.925373134328359,16.31908484786461,25801.86666666667,25804.583333333336,25799.433333333338,25807.016666666666,25796.71666666667,8.742857142857506,0.03388421950441148,43.34728033473047,-1.0,,,0.25242718446669155,True
2026-01-16 11:40:00+05:30,25801.55,25810.55,25800.6,25807.15,0,25807.07777777778,25807.533627053417,25811.409999999996,25809.48132417176,25810.9775,25810.96852598675,25820.847,25816.93705937904,25824.480734506185,25810.9775,25797.474265493816,0.0010463171730853297,-4.197298433275137,-3.901856708343049,-0.29544172493208753,29.850746268656717,19.353233830842875,25806.099999999995,25811.59999999999,25801.64999999999,25816.049999999996,25796.149999999994,8.928571428571688,0.0345972779968795,48.93111638954988,-1.0,,,0.562814070351937,True
2026-01-16 11:41:00+05:30,25806.05,25807.9,25803.55,25804.45,0,25806.638888888887,25806.916901642733,25811.14,25808.85240865029,25810.535,25810.347713988012,25820.058999999997,25816.447370775943,25824.295358778312,25810.535,25796.774641221687,0.0010662590898106038,-4.214855330206774,-3.9644564327157945,-0.25039889749097943,21.791044776117232,22.189054726367434,25805.3,25807.05,25802.699999999997,25809.65,25800.949999999997,8.496428571428883,0.03292621455380325,38.35978835978787,-1.0,,,0.3678160919535039,False
2026-01-16 11:42:00+05:30,25803.1,25806.95,25802.15,25802.45,0,25805.78888888889,25806.02352131419,25810.126666666667,25808.052107569005,25809.8725,25809.59555075106,25819.232999999997,25815.898454274924,25823.85980533555,25809.8725,25795.885194664454,0.001083872486045618,-4.340122353951301,-4.039589616962896,-0.300532736988405,15.820895522385888,22.48756218905328,25803.850000000002,25805.550000000003,25800.750000000004,25808.65,25799.050000000003,8.310714285714441,0.03220901226710813,37.958115183246555,-1.0,,,0.13541666666623245,False
2026-01-16 11:43:00+05:30,25801.9,25802.95,25797.4,25802.15,0,25804.877777777776,25805.248817051353,25809.18666666667,25807.31434412288,25809.82,25808.88645067953,25818.365,25815.35929920532,25823.920182903716,25809.82,25795.719817096284,0.0010926215606087842,-4.4127375736534304,-4.114219208301003,-0.29851836535242704,14.925373134328359,17.512437810943826,25800.833333333332,25804.266666666663,25798.716666666664,25806.38333333333,25795.283333333333,8.164285714285663,0.03164188144897097,39.908256880733944,-1.0,,,0.04504504504505095,True
2026-01-16 11:44:00+05:30,25801.15,25804.05,25798.25,25798.45,0,25803.622222222224,25803.889053641084,25808.206666666665,25806.20630110752,25809.4375,25807.892502995765,25817.573000000004,25814.69618943256,25824.35400004886,25809.4375,25794.52099995114,0.0011558950131215415,-4.714498927281966,-4.234275152097196,-0.48022377518476933,3.880597014923201,11.542288557212482,25800.25,25802.25,25796.45,25806.05,25794.45,7.717857142857091,0.029915972249716902,21.359223300973014,-1.0,,,0.4655172413794942,False
2026-01-16 11:45:00+05:30,25798.65,25798.7,25794.6,25795.5,0,25802.36111111111,25802.21124291287,25806.239999999998,25804.86801346908,25808.707499999997,25806.712264615217,25816.632,25813.94339769011,25824.86489280108,25808.707499999997,25792.550107198913,0.0012520884899860961,-5.132522792064265,-4.41392468009061,-0.7185981119736544,2.6785714285755855,7.161513859275715,25796.266666666666,25797.933333333334,25793.833333333332,25800.36666666667,25792.166666666664,7.539285714285662,0.0292271354084459,16.877637130801162,-1.0,,,0.7682926829267752,False
2026-01-16 11:46:00+05:30,25795.0,25797.45,25792.3,25792.95,0,25800.761111111115,25800.358994330298,25803.976666666666,25803.378261785445,25807.93,25805.4015727471,25815.647,25813.12012719246,25825.558965400036,25807.93,25790.301034599965,0.0013661665542362884,-5.604962882225664,-4.652132320517621,-0.9528305617080424,2.9147982062846474,3.157988883261145,25794.233333333334,25796.166666666668,25791.016666666666,25799.383333333335,25789.083333333332,6.382142857142753,0.024743749191708405,25.437201907789557,-1.0,,,0.3980582524269307,False
2026-01-16 11:47:00+05:30,25792.25,25796.05,25784.3,25788.7,0,25799.32777777778,25798.02719546424,25802.663333333334,25801.543479062268,25806.482500000002,25803.810946771187,25814.567000000003,25812.1624751457,25825.454037546147,25806.482500000002,25787.510962453856,0.001470292400070064,-6.250265370159468,-4.971758930445991,-1.2785064397134773,14.521452145219673,6.704940593359969,25789.683333333334,25795.06666666667,25783.31666666667,25801.433333333334,25777.933333333334,6.539285714285662,0.025357174709410176,18.529411764712464,-1.0,,,0.3021276595744062,False
2026-01-16 11:48:00+05:30,25787.5,25788.7,25783.35,25786.35,0,25797.57222222222,25795.691756371394,25801.079999999998,25799.644294179485,25804.9875,25802.147999459645,25813.669000000005,25811.150221218417,25825.377535621694,25804.9875,25784.597464378305,0.0015803174190023965,-6.872080534547422,-5.351823251266277,-1.5202572832811452,9.6,9.012083450501441,25786.13333333333,25788.916666666664,25783.566666666662,25791.483333333334,25780.78333333333,6.428571428571688,0.02493013330142377,16.759002770088458,-1.0,,,0.21495327102822168,False
2026-01-16 11:49:00+05:30,25785.95,25792.1,25785.5,25789.85,0,25795.65,25794.52340509712,25799.713333333333,25798.42000740705,25803.822500000002,25800.97676141587,25812.871999999996,25810.314918425538,25824.899813196924,25803.822500000002,25782.74518680308,0.0016336582067964349,-7.00174107035491,-5.681806815084004,-1.3199342552709066,20.8,14.973817381739892,25789.149999999998,25792.799999999996,25786.199999999997,25795.749999999996,25782.55,6.467857142857091,0.025079080114297256,24.487179487182374,-1.0,,,0.5909090909088904,True
2026-01-16 11:50:00+05:30,25788.8,25795.25,25787.45,25794.05,0,25794.494444444445,25794.428724077698,25798.666666666668,25797.873756481167,25802.275,25800.317069852452,25812.126,25809.677078487282,25821.244906917087,25802.275,25783.305093082916,0.0014704057620566874,-6.6884923041689035,-5.883143912900984,-0.8053483912679198,39.33823529411927,23.246078431373093,25792.25,25797.05,25789.25,25800.05,25784.45,6.428571428571429,0.02492269119650241,34.11910669975535,-1.0,,,0.6730769230769859,True
2026-01-16 11:51:00+05:30,25794.15,25798.45,25786.3,25787.1,0,25792.78888888889,25792.962979262156,25797.35,25796.527036921023,25800.284999999996,25799.058301295077,25811.15,25808.791702860333,25816.533144834033,25800.284999999996,25784.03685516596,0.001259532197728575,-6.921263301552244,-6.0907677906312365,-0.8304955109210077,13.786764705881984,24.64166666666709,25790.61666666667,25794.933333333338,25782.783333333336,25802.76666666667,25778.466666666667,7.050000000000052,0.027339251020859472,28.342245989308182,-1.0,,,0.5802469135804169,False
2026-01-16 11:52:00+05:30,25785.6,25798.95,25783.9,25798.1,0,25792.338888888888,25793.990383409724,25796.733333333334,25796.723657305894,25799.77,25798.96703450507,25810.316000000003,25808.372420395222,25815.582233772097,25799.77,25783.957766227904,0.0012257654833431521,-6.147266068142926,-6.102067446133575,-0.045198622009350764,54.22794117646914,35.78431372549013,25793.650000000005,25803.40000000001,25788.35000000001,25808.700000000004,25778.600000000006,7.396428571428779,0.02867043918516782,46.63461538461585,-1.0,,,0.8305647840531963,True
2026-01-16 11:53:00+05:30,25797.5,25799.45,25793.85,25794.9,0,25791.944444444445,25794.17230672778,25796.286666666667,25796.495700142656,25799.01,25798.57969788554,25809.66,25807.844090183644,25814.179796862954,25799.01,25783.840203137042,0.001175998370709263,-5.72607432039149,-6.026868820985158,0.3007945005936685,42.46323529412721,36.825980392159444,25796.06666666667,25798.28333333334,25792.683333333338,25801.66666666667,25790.466666666667,7.428571428571948,0.02879860526139643,43.366880146386265,-1.0,,,0.46428571428527343,False
2026-01-16 11:54:00+05:30,25794.55,25795.95,25788.5,25791.95,0,25791.55,25793.727845382225,25795.606666666667,25795.927487624824,25798.09,25797.948298086914,25809.012000000002,25807.220792529384,25812.58067213653,25798.09,25783.59932786347,0.0011233910833344338,-5.566154012947663,-5.934725859377659,0.36857184642999563,35.03054989817174,43.907242122922696,25792.13333333333,25795.766666666663,25788.316666666662,25799.583333333332,25784.68333333333,7.25000000000052,0.028109545807899438,35.551330798478986,-1.0,,,0.3489932885903746,False
2026-01-16 11:55:00+05:30,25792.1,25797.25,25790.65,25796.95,0,25791.994444444445,25794.37227630578,25794.92666666667,25796.055301671724,25797.45,25797.853222078636,25808.368,25806.81801635176,25810.862916006983,25797.45,25784.03708399302,0.0010398637080007841,-4.978567971356824,-5.743494281773493,0.7649263104166684,57.627118644071714,45.040301278790224,25794.95,25799.25,25792.65,25801.55,25788.350000000002,7.410714285714546,0.028727094814365826,43.169398907104004,-1.0,,,0.7348484848489776,True
2026-01-16 11:56:00+05:30,25796.6,25797.35,25792.45,25792.85,0,25792.455555555556,25794.067821044628,25794.153333333332,25795.65463896276,25796.75,25797.376724737816,25807.703,25806.270251004633,25809.544365537004,25796.75,25783.955634462996,0.0009919362351461804,-4.788538246786629,-5.55250307477612,0.7639648279894908,45.89371980676167,46.18379611633505,25794.216666666664,25795.983333333326,25791.08333333333,25799.11666666666,25789.316666666666,7.417857142857299,0.028759354405803544,41.578947368419676,-1.0,,,0.7653061224493205,False
2026-01-16 11:57:00+05:30,25792.9,25794.0,25788.35,25789.15,0,25792.766666666666,25793.084256835704,25793.266666666666,25794.841559092412,25795.84,25796.59322714374,25806.95,25805.598868612295,25808.034847920746,25795.84,25783.645152079254,0.000945489499139847,-4.880241018174274,-5.418050663455752,0.5378096452814773,28.01932367151066,43.846720707448014,25790.5,25792.65,25787.0,25796.15,25784.85,7.425000000000312,0.02879117768519052,39.238410596026746,-1.0,,,0.6637168141591211,False
2026-01-16 11:58:00+05:30,25789.3,25789.65,25778.7,25778.7,0,25791.527777777777,25790.207405468565,25791.70333333333,25792.823864205864,25794.695,25794.88911027291,25805.939,25804.544011019658,25808.768300589916,25794.695,25780.621699410083,0.001091177902271492,-5.730090870190907,-5.480458704802784,-0.24963216538812283,0.0,24.63768115942411,25782.350000000002,25786.000000000004,25775.050000000003,25793.300000000003,25771.4,7.792857142857558,0.03022982983182844,35.29411764705914,-1.0,,,0.9680365296801681,False
2026-01-16 11:59:00+05:30,25779.35,25779.7,25770.25,25775.65,0,25789.483333333334,25787.295924374856,25790.183333333334,25790.67713118013,25793.37,25793.056814056443,25804.876,25803.4109125483,25809.348913737507,25793.37,25777.39108626249,0.0012389938761401295,-6.573932311286626,-5.699153426099553,-0.874778885187073,18.49315068493603,15.504158118815562,25775.2,25780.15,25770.7,25784.65,25765.75,8.175000000000312,0.031715980004385184,35.24163568773342,-1.0,,,0.3915343915340534,False
2026-01-16 12:00:00+05:30,25775.9,25779.05,25774.4,25774.85,0,25788.122222222224,25784.806739499887,25788.806666666667,25788.698739782616,25791.755,25791.322831765352,25803.852,25802.290876762094,25808.385564759814,25791.755,25775.124435240188,0.0012896031898420902,-7.2239627017625025,-6.004115281232144,-1.2198474205303587,15.753424657528871,11.415525114154967,25776.099999999995,25777.79999999999,25773.14999999999,25780.749999999993,25771.449999999997,8.139285714285766,0.03157840186959678,36.18320610686933,-1.0,,,0.2258064516136351,False
2026-01-16 12:01:00+05:30,25774.55,25782.5,25773.7,25775.45,0,25785.605555555554,25782.935391599913,25787.640000000003,25787.04264730979,25790.305,25789.811133501986,25802.911999999997,25801.23829335966,25807.32742793056,25790.305,25773.28257206944,0.0013200641039769385,-7.603058162083471,-6.32390385740241,-1.279154304681061,17.80821917808424,17.35159817351638,25777.216666666664,25780.733333333326,25771.933333333327,25786.016666666663,25768.416666666664,7.928571428571429,0.030760166858663687,39.28860145513439,-1.0,,,0.1022727272729011,True
2026-01-16 12:02:00+05:30,25775.1,25778.8,25773.45,25777.35,0,25783.655555555553,25781.81831327993,25786.883333333335,25785.83106639607,25789.05,25788.62435888275,25802.07,25800.301497541634,25806.00321736328,25789.05,25772.09678263672,0.0013147609053671765,-7.661858785846562,-6.591494843091241,-1.0703639427553204,24.315068493145095,19.292237442919404,25776.533333333336,25779.616666666672,25774.266666666674,25781.883333333335,25771.183333333338,7.928571428571169,0.030757899584601088,42.67100977198714,-1.0,,,0.4205607476636658,True
2026-01-16 12:03:00+05:30,25777.15,25792.1,25775.7,25789.1,0,25783.33888888889,25783.274650623945,25787.066666666666,25786.239683096563,25788.3975,25788.66965803677,25801.789000000004,25799.86222312824,25804.192784939973,25788.3975,25772.602215060026,0.0012249915831314062,-6.683291083259974,-6.609854091124988,-0.07343699213498578,64.55479452054135,35.55936073059023,25785.63333333333,25795.566666666662,25779.166666666664,25802.03333333333,25769.233333333334,8.628571428571117,0.03345821075016622,49.461593682699224,-1.0,,,0.7286585365852853,True
2026-01-16 12:04:00+05:30,25786.85,25791.55,25785.85,25790.6,0,25782.633333333335,25784.739720499158,25787.116666666665,25786.784722709494,25788.005,25788.85350012851,25801.351000000002,25799.498998691837,25803.124172214117,25788.005,25772.885827785885,0.0011725740098247753,-5.720786004785623,-6.432040473857115,0.7112544690714921,69.69178082191108,52.853881278532505,25789.333333333332,25792.816666666666,25787.116666666665,25795.033333333333,25783.63333333333,8.47857142857122,0.032874657544109946,47.42345033607118,-1.0,,,0.6578947368420213,True
2026-01-16 12:05:00+05:30,25789.65,25794.45,25789.65,25790.45,0,25782.366666666665,25785.88177639933,25786.876666666667,25787.242882370807,25787.752500000002,25789.00554773532,25800.691999999995,25799.14413599804,25802.50896067314,25787.752500000002,25772.996039326863,0.0011444549635055922,-4.9134582537917595,-6.128324029844045,1.2148657760522852,69.17808219178158,67.808219178078,25791.516666666666,25793.38333333333,25788.583333333332,25796.316666666666,25786.716666666667,7.953571428571065,0.030839211524308668,52.78470490440757,-1.0,,,0.16666666666654034,True
2026-01-16 12:06:00+05:30,25790.35,25796.3,25789.25,25796.2,0,25783.15,25787.945421119464,25787.483333333334,25788.362522074458,25787.915,25789.690733665288,25800.257,25799.028679684394,25802.980789060617,25787.915,25772.849210939385,0.0011684379338629141,-3.7662532266112976,-5.655909869197496,1.889656642586198,88.8698630136989,75.91324200913053,25793.916666666668,25798.583333333336,25791.533333333336,25800.966666666667,25786.86666666667,7.382142857142493,0.02861717174290203,48.26958105646822,-1.0,,,0.8297872340429484,True
2026-01-16 12:07:00+05:30,25796.5,25805.45,25796.5,25803.6,0,25785.916666666668,25791.076336895574,25787.85,25790.26720681515,25788.66,25791.015425697165,25800.101000000002,25799.207947147752,25805.28241986368,25788.66,25772.03758013632,0.0012891262953314356,-2.234212214127183,-4.971570338183434,2.737358124056251,94.74431818181209,84.26408779576418,25801.849999999995,25807.19999999999,25798.24999999999,25810.799999999996,25792.899999999994,7.642857142856623,0.02961934436612187,57.360406091368276,-1.0,,,0.7932960893852478,True
2026-01-16 12:08:00+05:30,25804.5,25807.2,25799.0,25807.15,0,25789.416666666668,25794.29106951646,25788.666666666668,25792.377555963256,25789.7,25792.552051821243,25800.092,25799.51940020078,25808.20951391265,25789.7,25771.19048608735,0.001435419094650167,-0.7252431905144476,-4.122304908649637,3.3970617181351894,99.86468200270834,94.49295439940643,25804.45,25809.9,25801.7,25812.65,25796.25,7.696428571428052,0.029822853633307247,62.7303182579569,1.0,,,0.32317073170746585,True
2026-01-16 12:09:00+05:30,25806.6,25812.4,25806.6,25811.95,0,25793.538888888885,25797.82285561317,25790.0,25794.82411146785,25790.805,25794.399475457314,25800.199,25800.00687470271,25811.821181735904,25790.805,25769.788818264096,0.0016297422074188035,0.8481683600693941,-3.128210254905831,3.976378614975225,98.93238434163533,97.84712817538525,25810.316666666666,25814.033333333333,25808.23333333333,25816.11666666667,25804.516666666663,7.639285714285506,0.029595926360796092,62.60504201680672,1.0,,,0.9224137931033618,True
2026-01-16 12:10:00+05:30,25811.75,25814.95,25809.8,25811.25,0,25797.516666666666,25800.508284490537,25790.95333333333,25796.87734753437,25791.665,25796.004287318523,25800.155,25800.447781577113,25814.563657740917,25791.665,25768.766342259085,0.0017756633967536373,2.015392015255202,-2.0994898008736245,4.114881816128826,91.72259507829828,96.83988714088065,25812.0,25814.2,25809.05,25817.15,25806.85,7.657142857142909,0.029665912565811067,66.39928698752401,1.0,,,0.09708737864074926,False
2026-01-16 12:11:00+05:30,25810.75,25813.05,25808.55,25810.9,0,25801.244444444445,25802.58662759243,25792.15666666667,25798.63017909257,25792.855000000003,25797.422926621522,25800.106999999996,25800.85767249566,25817.183798183898,25792.855000000003,25768.52620181611,0.0018864757843902763,2.878995824703452,-1.1037926757582093,3.982788500461661,90.93959731543802,93.86485891179053,25810.833333333332,25813.116666666665,25808.616666666665,25815.333333333332,25806.333333333332,7.574999999999948,0.029348066127101134,70.61611374407582,1.0,,,0.033333333333656706,True
2026-01-16 12:12:00+05:30,25811.55,25820.85,25809.7,25820.25,0,25804.705555555556,25806.119302073945,25794.23,25801.332656706,25793.9625,25799.596933609948,25800.197999999997,25801.618155927204,25821.14579353461,25793.9625,25766.77920646539,0.0021077252891726216,4.268668372562388,-0.029300466094089872,4.297968838656478,98.8142292490147,93.825473880917,25816.933333333334,25824.166666666668,25813.01666666667,25828.083333333332,25805.783333333336,7.589285714285454,0.029392766198179546,90.22265246853924,1.0,,,0.7802690582961821,True
2026-01-16 12:13:00+05:30,25819.85,25823.6,25817.95,25822.25,0,25808.222222222223,25809.34544165916,25797.133333333335,25803.94732461775,25795.33,25801.75436850424,25800.578999999998,25802.42724785163,25825.31886460039,25795.33,25765.341135399613,0.002325139054269839,5.468341526899167,1.0702279325045614,4.398113594394605,97.30807577268475,95.68730077904581,25821.266666666666,25824.583333333332,25818.933333333334,25826.916666666664,25815.61666666667,7.317857142856675,0.028339347434312174,96.04743083003942,1.0,,,0.42477876106236856,True
2026-01-16 12:14:00+05:30,25821.3,25826.6,25821.3,25824.65,0,25812.022222222222,25812.40635332733,25800.4,25806.53515904053,25796.965,25803.93490483717,25800.95,25803.298728328038,25829.624649980717,25796.965,25764.305350019284,0.002532053672260787,6.537392100497527,2.163660766103155,4.373731334394373,96.33113828786986,97.48448110318976,25824.18333333333,25827.066666666662,25821.766666666663,25829.48333333333,25818.88333333333,7.364285714285351,0.028516497665158482,97.7011494252928,1.0,,,0.6320754716986118,True
2026-01-16 12:15:00+05:30,25823.95,25829.2,25821.3,25822.15,0,25814.905555555553,25814.355082661867,25803.553333333333,25808.487014160462,25798.225,25805.669675805057,25801.191000000003,25804.037993883805,25832.772092192663,25798.225,25763.677907807334,0.0026782534219051447,7.101036941920029,3.1511360012665297,3.949900940653499,87.3542600896874,93.66449138341402,25824.216666666664,25827.133333333328,25819.233333333326,25832.116666666665,25816.316666666662,7.299999999999792,0.02827030282141414,93.16081330869235,1.0,,,0.22784810126568872,False
2026-01-16 12:16:00+05:30,25822.4,25822.75,25816.3,25819.55,0,25816.677777777775,25815.394066129495,25806.493333333332,25809.869887390403,25799.56,25806.99161144267,25801.412,25804.646307849147,25835.276288485496,25799.56,25763.843711514506,0.002768751752781456,7.2543081203330075,3.971770425079826,3.2825376952531817,81.9626168224272,88.54933839999482,25819.533333333336,25822.766666666674,25816.316666666673,25825.983333333337,25813.083333333336,7.378571428571377,0.0285774594389576,88.50364963503768,1.0,,,0.4418604651165676,False
2026-01-16 12:17:00+05:30,25818.85,25823.95,25818.1,25821.25,0,25818.244444444445,25816.565252903598,25809.42,25811.292401466602,25801.165,25808.349553210035,25801.484,25805.297433031534,25837.78515694612,25801.165,25764.54484305388,0.002838643677223032,7.4273347345260845,4.662883286969078,2.764451447557007,81.66089965397849,83.65925885536437,25821.100000000002,25824.100000000006,25818.250000000004,25826.950000000004,25815.25,6.62500000000026,0.025657162221039878,85.92178770949883,1.0,,,0.41025641025650594,True
2026-01-16 12:18:00+05:30,25820.7,25822.35,25814.4,25817.5,0,25818.86111111111,25816.75220232288,25811.313333333335,25812.068351283277,25803.105,25809.22102433289,25801.509,25805.775965069515,25838.813776748357,25803.105,25767.396223251642,0.002767789128351584,7.179109606222482,5.166128550819758,2.012981055402724,70.7133917396733,78.112302738693,25818.083333333332,25821.766666666663,25813.816666666666,25826.03333333333,25810.133333333335,6.785714285714286,0.026283390280678942,78.6170212765973,1.0,,,0.40251572327067914,False
2026-01-16 12:19:00+05:30,25817.0,25817.7,25811.6,25814.6,0,25819.233333333334,25816.321761858308,25812.913333333334,25812.38480737287,25805.0525,25809.733307729755,25801.537999999997,25806.122005655026,25838.642308526763,25805.0525,25771.46269147324,0.0026033513031420317,6.671478983120323,5.467198637279871,1.204280345840452,63.45431789736692,71.9428697636729,25814.63333333333,25817.666666666664,25811.566666666662,25820.733333333334,25808.53333333333,6.878571428571637,0.026646050795176516,74.27135678391562,1.0,,,0.3934426229509174,False
2026-01-16 12:20:00+05:30,25814.1,25818.75,25813.3,25816.2,0,25819.82222222222,25816.297409486648,25814.629999999997,25812.861706451262,25807.12,25810.349183184066,25801.362,25806.51722111954,25837.851064345577,25807.12,25776.38893565442,0.0023815958034510234,6.325369760084868,5.638832861840871,0.6865368982439968,60.2446483180437,64.8041193183613,25816.083333333332,25818.866666666665,25813.416666666664,25821.533333333333,25810.63333333333,6.764285714286026,0.026201709447114703,71.92982456140071,1.0,,,0.38532110091778027,True
2026-01-16 12:21:00+05:30,25815.9,25816.4,25809.65,25810.65,0,25818.755555555555,25815.167927589322,25815.593333333334,25812.585243144855,25808.879999999997,25810.377832404632,25801.037,25806.679290879558,25835.765378534998,25808.879999999997,25781.994621464997,0.0020834207865664998,5.539382536797348,5.618942796832167,-0.07956026003481931,38.57615894040124,54.091708385270614,25812.233333333337,25814.816666666673,25808.066666666673,25818.983333333337,25805.483333333337,6.585714285714597,0.02551549180557094,58.05714285714484,1.0,,,0.7777777777777778,False
2026-01-16 12:22:00+05:30,25810.35,25813.8,25806.2,25812.25,0,25817.644444444442,25814.58434207146,25816.17,25812.543337751747,25810.625,25810.55613408038,25801.113999999998,25806.897750060754,25833.054902504,25810.625,25788.195097496,0.0017380363709907686,4.988089042348292,5.492772045935392,-0.5046830035870995,26.30434782608379,41.708385028176245,25810.75,25815.3,25807.7,25818.35,25803.15,6.542857142857299,0.02534787607766583,56.10047846889736,1.0,,,0.25000000000023936,True
2026-01-16 12:23:00+05:30,25812.9,25818.0,25812.9,25815.7,0,25816.65,25814.80747365717,25816.74,25812.93792053278,25811.955,25811.046026072727,25801.226000000002,25807.24293633288,25832.043119034373,25811.955,25791.86688096563,0.0015564972923880914,4.774533295501897,5.349124295848693,-0.5745910003467962,41.30434782608695,35.39495153085733,25815.533333333336,25818.16666666667,25813.066666666673,25820.633333333335,25810.433333333338,6.539285714285662,0.02533065426963306,54.63535228677329,1.0,,,0.5490196078431513,True
2026-01-16 12:24:00+05:30,25816.1,25816.25,25808.45,25810.85,0,25815.394444444442,25814.015978925738,25816.666666666668,25812.676930466183,25812.9675,25811.027356922943,25801.236,25807.384389810024,25830.387762703387,25812.9675,25795.54723729661,0.0013497295654510306,4.165912316686445,5.112481900016244,-0.9465695833297989,20.217391304338335,29.275362318836358,25811.849999999995,25815.24999999999,25807.44999999999,25819.649999999994,25804.049999999996,6.728571428571221,0.026068771189523866,49.55156950672488,1.0,,,0.6730769230769859,False
2026-01-16 12:25:00+05:30,25810.3,25812.95,25808.5,25811.9,0,25814.544444444447,25813.592783140593,25816.710000000003,25812.57981415791,25814.04,25811.110465787424,25801.279,25807.561472562575,25827.900644779656,25814.04,25800.179355220345,0.001073884194775832,3.7253584179889003,4.835057203610775,-1.109698785621875,24.782608695655338,28.768115942026878,25811.11666666667,25813.733333333337,25809.283333333336,25815.56666666667,25806.666666666668,6.724999999999844,0.02605387437577181,51.10375275938165,1.0,,,0.3595505617981845,True
2026-01-16 12:26:00+05:30,25811.35,25812.25,25801.6,25802.45,0,25812.455555555556,25811.364226512476,25816.146666666667,25811.313587388173,25814.3525,25810.285659521956,25801.190999999995,25807.36102265816,25826.721113717264,25814.3525,25801.98388628274,0.0009582741784642968,2.5838947262127476,4.38482470813117,-1.8009299819184221,3.079710144935201,16.026570048309626,25805.433333333334,25809.26666666667,25798.61666666667,25816.083333333336,25794.783333333333,6.689285714285818,0.025925002138501647,30.39647577093126,1.0,,,0.8356807511733898,False
2026-01-16 12:27:00+05:30,25802.2,25802.7,25778.9,25779.7,0,25808.255555555555,25805.031381209985,25813.443333333336,25807.361888964653,25813.1575,25807.372739567487,25800.638000000003,25806.276276671564,25832.53348282797,25813.1575,25793.781517172032,0.0015012485650365696,-0.15467534256822546,3.476924697991291,-3.6316000405595164,1.5904572564598092,9.817592032350115,25787.100000000002,25795.300000000003,25771.500000000004,25810.9,25763.300000000003,7.985714285714494,0.03097675413489875,17.838246409681545,-1.0,,,0.9453781512605332,False
2026-01-16 12:28:00+05:30,25778.85,25779.7,25753.2,25756.25,0,25801.772222222222,25795.27510496799,25809.043333333335,25800.97290284407,25810.6125,25802.503907227725,25799.731,25804.31446190013,25842.586566383176,25810.6125,25778.638433616823,0.002477590671912668,-4.169171261499287,1.9477055060931754,-6.116876767592462,4.013157894735885,2.8944417653769654,25763.05,25772.899999999998,25746.399999999998,25789.55,25736.55,9.50000000000026,0.03688425139529341,10.779816513765866,-1.0,,,0.8528301886791904,False
2026-01-16 12:29:00+05:30,25755.25,25755.25,25744.9,25752.05,0,25794.644444444442,25786.630083974393,25804.203333333335,25794.85753998856,25807.6175,25797.698773206037,25798.729,25802.264875158948,25848.923792053156,25807.6175,25766.311207946845,0.003201093014739205,-7.601962408680265,0.03777192313848743,-7.639734331818753,9.044908285892324,4.882841145696006,25750.733333333334,25756.566666666666,25746.216666666667,25761.083333333332,25740.383333333335,9.746428571428623,0.03784719496672546,10.573678290217984,-1.0,,,0.30917874396146644,False
2026-01-16 12:30:00+05:30,25752.1,25752.45,25737.9,25738.9,0,25786.672222222223,25777.084067179516,25798.653333333332,25787.86284748999,25804.0,25792.098890043555,25797.363999999998,25799.779978093895,25855.40483286742,25804.0,25752.59516713258,0.003984253051265048,-11.253841940982966,-2.2205508496858033,-9.033291091297162,1.1621150493898995,4.740060410006037,25743.083333333332,25748.266666666663,25733.716666666664,25757.63333333333,25728.533333333333,10.324999999999948,0.04011437940238296,9.451985922578515,-1.0,,,0.9072164948452062,False
2026-01-16 12:31:00+05:30,25738.0,25756.3,25737.8,25750.9,0,25779.855555555558,25771.847253743614,25794.076666666668,25783.242491553738,25801.0,25788.175186229884,25796.292999999998,25797.86311620786,25857.463625925488,25801.0,25744.536374074512,0.004376855619975007,-13.029487250441889,-4.38233812983702,-8.647149120604869,15.493790656419037,8.566937997233753,25748.333333333332,25758.866666666665,25740.366666666665,25766.833333333332,25729.833333333332,11.22857142857122,0.04360457859170444,17.949886104786387,-1.0,,,0.697297297297376,True
2026-01-16 12:32:00+05:30,25751.15,25765.45,25749.75,25765.3,0,25774.255555555555,25770.537802994895,25790.346666666668,25780.99968010952,25798.2525,25785.996597065132,25795.55,25796.586131258533,25856.102801141195,25798.2525,25740.402198858803,0.00448482323686039,-13.12346021653866,-6.130562547177348,-6.992897669361312,33.971587399629094,16.87583103514601,25760.166666666668,25770.583333333336,25754.883333333335,25775.86666666667,25744.466666666667,11.78214285714291,0.04572872373751872,28.322259136213248,-1.0,,,0.9012738853501376,True
2026-01-16 12:33:00+05:30,25764.8,25771.0,25760.3,25762.35,0,25768.86666666667,25768.900242395917,25786.670000000002,25778.66847009583,25795.2575,25783.744540201784,25794.754000000004,25795.243537875846,25854.07090945397,25795.2575,25736.44409054603,0.004560017239910938,-13.282858292917808,-7.56102169632544,-5.721836596592368,30.327362569486166,26.59758020851143,25764.55,25768.8,25758.1,25775.25,25753.85,12.110714285714234,0.047009353904881486,28.310502283105805,-1.0,,,0.22897196261687486,False
2026-01-16 12:34:00+05:30,25761.9,25770.75,25761.55,25770.75,0,25764.294444444444,25769.27019391674,25783.746666666662,25777.678661333848,25792.5625,25782.50696494447,25794.2,25794.283006978756,25850.64006949949,25792.5625,25734.48493050051,0.004503435399215708,-12.58628575113471,-8.566074507287295,-4.020211243847415,41.08478802992572,35.127912666346994,25767.683333333334,25773.81666666667,25764.61666666667,25776.883333333335,25758.483333333334,12.378571428571377,0.04803341551398922,32.141453831041474,-1.0,,,0.9619565217388962,True
2026-01-16 12:35:00+05:30,25770.9,25773.45,25768.35,25771.65,0,25760.872222222224,25769.746155133394,25780.77666666667,25776.925078667115,25790.0375,25781.472968283095,25793.722999999998,25793.39543807763,25847.080732681512,25790.0375,25732.994267318485,0.0044236641906017764,-11.825309705563996,-9.217921546942636,-2.60738815862136,42.206982543643235,37.873044381018374,25771.150000000005,25773.95000000001,25768.85000000001,25776.250000000007,25766.050000000003,12.26071428571439,0.04757442494257988,34.094616639478744,-1.0,,,0.14705882352934882,True
2026-01-16 12:36:00+05:30,25771.9,25774.6,25766.45,25766.45,0,25759.4,25769.08692410672,25777.83,25775.615693833726,25787.3825,25780.04220939899,25793.193,25792.338754231452,25843.578718968325,25787.3825,25731.186281031674,0.0043584275347314065,-11.509156852705928,-9.676168608095294,-1.8329882446106343,35.72319201995162,39.67165419784019,25769.166666666668,25771.883333333335,25763.733333333337,25777.316666666666,25761.01666666667,12.300000000000052,0.04773649455008374,31.85419968304423,-1.0,,,0.6687116564419862,False
2026-01-16 12:37:00+05:30,25765.3,25765.9,25753.9,25759.0,0,25759.705555555556,25767.069539285378,25774.280000000002,25773.53873210451,25784.27,25778.03818945623,25792.599,25791.03135210473,25839.45462219075,25784.27,25729.08537780925,0.004280487459272713,-11.724602260259417,-10.08585533852812,-1.6387469217312969,27.023581899299593,34.984585487631485,25759.600000000002,25765.300000000003,25753.300000000003,25771.600000000002,25747.600000000002,12.785714285714286,0.0496359108882887,28.225806451613963,-1.0,,,0.5249999999999394,False
2026-01-16 12:38:00+05:30,25758.7,25770.0,25757.85,25763.65,0,25760.994444444445,25766.385631428304,25770.81,25772.302640591446,25781.577500000003,25776.667885698495,25792.145,25789.95757359082,25835.16724248884,25781.577500000003,25727.987757511168,0.004157212062670356,-11.38884464783041,-10.346453200388579,-1.0423914474418314,34.39787092481927,32.38154828135683,25763.833333333332,25769.816666666666,25757.666666666664,25775.983333333334,25751.68333333333,13.096428571428728,0.05083297037271011,31.84615384615597,-1.0,,,0.4074074074074185,True
2026-01-16 12:39:00+05:30,25763.6,25768.55,25763.6,25767.85,0,25764.21111111111,25766.678505142645,25767.943333333336,25771.746060517515,25779.239999999998,25775.82808706054,25791.705,25789.09060992059,25830.805018742496,25779.239999999998,25727.6749812575,0.004000507287452855,-10.660956550938863,-10.409353870498636,-0.25160268044022693,40.362659503020794,33.92803744237989,25766.666666666668,25769.733333333337,25764.783333333336,25771.61666666667,25761.716666666667,13.132142857143013,0.05096328509030832,33.458505444985946,-1.0,,,0.8585858585857323,True
2026-01-16 12:40:00+05:30,25767.1,25771.25,25767.0,25769.15,0,25766.23888888889,25767.172804114118,25765.093333333334,25771.421552952826,25776.887500000004,25775.19207876906,25791.207000000002,25788.308625217825,25825.564954794623,25776.887500000004,25728.210045205386,0.003776829517886426,-9.865477767893026,-10.300578649977515,0.43510088208448927,48.305084745764994,41.021871724535025,25769.13333333333,25771.266666666663,25767.016666666663,25773.38333333333,25764.88333333333,12.675000000000052,0.04918672133151482,36.68000000000068,-1.0,,,0.4823529411771554,True
2026-01-16 12:41:00+05:30,25768.95,25769.85,25759.2,25762.7,0,25765.95,25766.278243291297,25762.443333333333,25770.331358833726,25774.489999999998,25774.00235698153,25790.718999999997,25787.30436540536,25820.83315483454,25774.489999999998,25728.146845165455,0.0035960482503858185,-9.644342222563864,-10.169331364494786,0.5249891419309218,59.42720763723291,49.36498396200623,25763.916666666668,25768.633333333335,25757.983333333337,25774.566666666666,25753.26666666667,11.735714285714234,0.04555312248217087,42.180312787488816,-1.0,,,0.586854460094017,False
2026-01-16 12:42:00+05:30,25762.75,25765.75,25762.4,25764.9,0,25766.233333333334,25766.00259463304,25761.456666666665,25769.65243897951,25772.1225,25773.13546584043,25790.055,25786.42576284045,25815.05590589941,25772.1225,25729.18909410059,0.003331771056063387,-9.185682268562232,-9.972601545308276,0.786919276746044,73.64130434783347,60.45786557694379,25764.350000000002,25766.300000000003,25762.950000000004,25767.7,25761.000000000004,10.082142857142701,0.03913130987173519,54.94568324757062,-1.0,,,0.6417910447768326,True
2026-01-16 12:43:00+05:30,25763.95,25765.95,25762.65,25765.35,0,25765.633333333335,25765.872075706433,25762.06333333333,25769.11463410707,25769.605,25772.393992903246,25789.464,25785.599262336902,25807.373490069407,25769.605,25731.836509930592,0.0029312432277799807,-8.685755726037314,-9.715232381454083,1.0294766554167687,74.86413043478211,69.31088080661617,25764.650000000005,25766.65000000001,25763.35000000001,25767.950000000004,25761.350000000006,9.507142857142753,0.03689894706317886,57.94504181600906,-1.0,,,0.4242424242418563,True
2026-01-16 12:44:00+05:30,25765.0,25765.7,25758.8,25759.55,0,25764.28888888889,25764.607660565147,25762.563333333335,25767.919054843685,25767.04,25771.17075548389,25788.816000000003,25784.577722637416,25799.626881442116,25767.04,25734.453118557885,0.0025293461291724276,-8.657770477893791,-9.503740000742024,0.8459695228482325,59.103260869566384,69.20289855072731,25761.350000000002,25763.900000000005,25757.000000000004,25768.250000000004,25754.45,8.960714285714337,0.03478598921842321,63.52324819908136,-1.0,,,0.789855072463707,False
2026-01-16 12:45:00+05:30,25759.5,25764.3,25754.15,25758.85,0,25763.444444444445,25763.45612845212,25763.893333333333,25766.785422988225,25764.3875,25769.997350199712,25788.054,25783.568792337912,25789.342150974917,25764.3875,25739.432849025085,0.0019371429633183515,-8.59302111848956,-9.321596224291532,0.7285751058019727,36.61971830985544,56.86236987140131,25759.099999999995,25764.04999999999,25753.89999999999,25769.249999999993,25748.949999999997,8.36428571428561,0.03247150285934974,56.11068408915967,-1.0,,,0.06403940886715222,False
2026-01-16 12:46:00+05:30,25758.95,25760.8,25757.2,25757.8,0,25763.31111111111,25762.3249027617,25764.353333333333,25765.662245114694,25762.155,25768.83569779974,25787.353,25782.558251461916,25779.644542740716,25762.155,25744.66545725928,0.00135777016641017,-8.528126080571383,-9.162902195547503,0.6347761149761197,18.840579710137032,38.18785296318629,25758.600000000002,25760.000000000004,25756.400000000005,25762.2,25755.000000000004,7.49999999999974,0.02911739356621971,42.74661508704123,-1.0,,,0.31944444444497777,False
2026-01-16 12:47:00+05:30,25757.05,25763.4,25756.35,25762.2,0,25763.15,25762.299922209364,25764.146666666667,25765.22946447536,25761.280000000002,25768.203726580716,25786.814,25781.75988865949,25776.702553547024,25761.280000000002,25745.85744645298,0.0011973437303597785,-8.029098616894771,-8.936141479816957,0.9070428629221858,40.096618357490044,31.852305459160842,25760.649999999998,25764.949999999997,25757.899999999994,25767.7,25753.599999999995,7.23928571428561,0.02810041733347932,49.8588899341507,-1.0,,,0.730496453900614,True
2026-01-16 12:48:00+05:30,25762.5,25766.25,25759.9,25761.0,0,25762.38888888889,25762.039937767495,25764.056666666664,25764.70078141594,25761.517499999998,25767.517657382552,25786.46,25780.945775378725,25776.759142231425,25761.517499999998,25746.27585776857,0.0011832876096237149,-7.642349480203848,-8.677383079894335,1.0350335996904878,34.29951690821035,31.07890499194581,25762.38333333333,25764.86666666666,25758.516666666663,25768.73333333333,25756.033333333333,7.035714285714026,0.027311495228112367,39.39064200217729,-1.0,,,0.236220472440999,False
2026-01-16 12:49:00+05:30,25760.5,25760.85,25753.6,25755.6,0,25760.883333333335,25760.751950213995,25763.046666666665,25763.56318373895,25761.695,25766.38264239374,25786.058999999997,25779.95182340309,25776.55019225248,25761.695,25746.839807747518,0.0011532775504470559,-7.68301782632625,-8.478510029180718,0.7954922028544686,9.523809523809524,27.973314929836636,25756.68333333333,25759.766666666663,25752.516666666663,25763.93333333333,25749.43333333333,7.199999999999688,0.0279550854959686,34.09316154608372,-1.0,,,0.675862068965718,False
2026-01-16 12:50:00+05:30,25755.4,25756.0,25745.95,25750.5,0,25759.527777777777,25758.701560171197,25761.636666666665,25761.93028577158,25762.275,25764.870009784812,25785.572,25778.796849936305,25773.94775279919,25762.275,25750.60224720081,0.0009061895969350351,-8.034162338801252,-8.389640491104826,0.35547815230357394,17.9841897233178,20.602505385112558,25750.816666666666,25755.68333333333,25745.63333333333,25760.866666666665,25740.766666666666,7.335714285714078,0.028487657659905935,34.16087388282021,-1.0,,,0.48756218905490645,False
2026-01-16 12:51:00+05:30,25749.75,25752.1,25738.1,25740.45,0,25756.81111111111,25755.05124813696,25759.903333333332,25759.245250050135,25761.7525,25762.54429456721,25784.872000000003,25777.293051899585,25776.179684684157,25761.7525,25747.32531531584,0.0011200468356458606,-9.019427556966548,-8.51559790427717,-0.5038296526893777,7.088989441936892,11.532329563021406,25743.55,25749.0,25735.0,25757.55,25729.55,7.439285714285559,0.02890114863681699,32.48347497639375,-1.0,,,0.6642857142856623,False
2026-01-16 12:52:00+05:30,25739.55,25748.0,25739.4,25741.2,0,25754.127777777776,25752.28099850957,25758.716666666667,25756.98959379387,25760.5475,25760.51150460843,25784.148999999998,25775.877638099602,25777.527130986473,25760.5475,25743.56786901353,0.0013182663129712076,-9.62874443664623,-8.738227210750981,-0.8905172258952483,9.351432880850819,11.474870682035169,25742.86666666667,25746.333333333336,25737.733333333337,25751.466666666667,25734.26666666667,7.185714285713922,0.02791522650736532,27.115188583077398,-1.0,,,0.19186046511648075,True
2026-01-16 12:53:00+05:30,25740.8,25759.95,25739.85,25759.35,0,25754.105555555558,25753.694798807657,25758.429999999997,25757.284644569638,25760.3975,25760.40088512191,25783.554,25775.22949542903,25777.36308358358,25760.3975,25743.43191641642,0.0013171833690516738,-8.548536927140958,-8.700289154028978,0.1517522268880196,64.10256410256129,26.847662141783,25753.05,25766.25,25746.149999999998,25773.15,25732.949999999997,8.267857142856883,0.03209652861138532,43.25396825396825,-1.0,,,0.9228855721391671,True
2026-01-16 12:54:00+05:30,25759.15,25766.95,25758.45,25766.4,0,25754.944444444445,25756.23583904613,25758.333333333332,25758.42406399843,25760.18,25760.972229396015,25783.07,25774.883240706324,25776.692241073786,25760.18,25743.667758926214,0.0012819973364926677,-7.04240811568161,-8.368712946359505,1.3263048306778948,89.1338582677257,54.195951750379265,25763.933333333334,25769.416666666668,25760.916666666668,25772.433333333334,25755.433333333334,8.571428571428312,0.03326591441345439,48.0,-1.0,,,0.8529411764705882,True
2026-01-16 12:55:00+05:30,25767.85,25767.85,25759.95,25760.95,0,25755.294444444447,25757.178671236907,25757.786666666667,25758.73980599863,25759.645,25760.970112310682,25782.48,25774.336839109998,25775.261553296343,25759.645,25744.028446703658,0.0012124820273215968,-6.216895136727544,-7.938349384433113,1.7214542477055694,76.80672268908297,76.68104835312332,25762.916666666668,25765.883333333335,25757.983333333337,25770.816666666666,25755.01666666667,8.37499999999974,0.032510447013793124,48.708487084870846,-1.0,,,0.8734177215189524,False
2026-01-16 12:56:00+05:30,25761.0,25761.4,25756.25,25759.1,0,25754.949999999997,25757.562936989525,25757.54666666667,25758.784830248802,25759.2775,25760.79200637633,25781.737999999998,25773.739316007643,25774.562183596558,25759.2775,25743.992816403443,0.001186732321708747,-5.646856248524273,-7.480050757251346,1.8331945087270736,70.58823529411765,78.84293875030878,25758.916666666668,25761.583333333336,25756.433333333334,25764.06666666667,25753.766666666666,8.503571428571377,0.03301191201777771,45.69732937685253,-1.0,,,0.36893203883512976,False
2026-01-16 12:57:00+05:30,25758.3,25760.35,25754.4,25757.85,0,25754.6,25757.62034959162,25757.076666666668,25758.667976467703,25759.22,25760.51181529287,25780.823000000004,25773.11620557597,25774.517726009704,25759.22,25743.922273990298,0.0011877476111235652,-5.23560804553199,-7.031162214907475,1.7955541693754853,66.38655462184875,71.26050420168313,25757.533333333336,25760.66666666667,25754.716666666674,25763.483333333334,25751.58333333334,8.692857142856935,0.0337483801748086,44.50146627566017,-1.0,,,0.07563025210099962,False
2026-01-16 12:58:00+05:30,25756.3,25761.75,25750.35,25751.65,0,25754.16111111111,25756.4262796733,25756.163333333334,25757.79072940924,25758.62,25759.667832884024,25779.713,25772.2743935926,25774.126039570856,25758.62,25743.113960429142,0.0012039495571468468,-5.348326883125992,-6.694595148551179,1.346268265425187,45.546218487404744,60.84033613445704,25754.583333333332,25758.816666666666,25747.416666666664,25765.983333333334,25743.18333333333,9.014285714285506,0.03500469179367344,44.24198250729041,-1.0,,,0.4078947368418617,False
2026-01-16 12:59:00+05:30,25751.75,25751.95,25741.05,25745.65,0,25753.62222222222,25754.27102373864,25755.236666666668,25756.273138233086,25757.510000000002,25758.332801180786,25778.387,25771.230299726227,25773.407454281944,25757.510000000002,25741.61254571806,0.0012343937191088318,-5.8543222472435446,-6.5265405682896525,0.6722183210461079,25.378151260513985,45.77030812325582,25746.216666666664,25751.383333333328,25740.483333333326,25757.116666666665,25735.316666666662,9.067857142857195,0.03522092913893102,41.069012178621904,-1.0,,,0.5596330275227276,False
2026-01-16 13:00:00+05:30,25744.55,25746.35,25738.85,25739.95,0,25753.566666666666,25751.406818990916,25753.97666666667,25754.232745953952,25756.05,25756.58205821119,25776.961,25770.00362130559,25772.78757198054,25756.05,25739.312428019457,0.0012997002242612723,-6.638742293234827,-6.548980913278688,-0.08976137995613964,6.2184873949653205,25.714285714294686,25741.716666666664,25744.58333333333,25737.08333333333,25749.216666666664,25734.216666666664,9.346428571428728,0.036310981845064684,38.637810311904595,-1.0,,,0.6133333333331393,False
2026-01-16 13:01:00+05:30,25740.1,25742.55,25738.25,25742.25,0,25753.683333333334,25749.575455192735,25752.940000000002,25752.734902709708,25755.027500000004,25755.21710028631,25775.588000000003,25768.91524399949,25772.53540723655,25755.027500000004,25737.519592763456,0.0013595720087309481,-6.994185437037231,-6.6380218180303965,-0.3561636190068347,13.949579831937665,15.18207282913899,25741.016666666666,25743.783333333333,25739.483333333334,25745.316666666666,25736.716666666667,9.149999999999896,0.0355446784954691,36.95225637671646,-1.0,,,0.500000000000423,True
2026-01-16 13:02:00+05:30,25742.0,25743.05,25724.45,25725.65,0,25749.938888888886,25744.79036415419,25750.503333333334,25749.349289870992,25753.065,25752.40118597333,25773.696,25767.218567764216,25774.31313552224,25753.065,25731.816864477758,0.0016501442078634737,-8.517177239878947,-7.0138529024001075,-1.5033243374788396,2.764976958527161,7.644348061810049,25731.05,25737.649999999998,25719.05,25749.649999999998,25712.45,10.024999999999896,0.038968889027099,30.75666848121986,-1.0,,,0.8790322580645067,False
2026-01-16 13:03:00+05:30,25724.05,25731.3,25719.45,25730.4,0,25745.93888888889,25741.912291323355,25748.463333333333,25746.980628637117,25751.3175,25750.30583492825,25771.859,25765.774702361698,25774.011117813978,25751.3175,25728.623882186024,0.0017625209128796415,-9.234425208032917,-7.45796736352667,-1.7764578445062469,22.623966942151284,13.11284124420537,25727.05,25734.649999999998,25722.8,25738.899999999998,25715.2,10.34285714285683,0.04019703208211622,36.18421052631694,-1.0,,,0.5358649789032036,True
2026-01-16 13:04:00+05:30,25729.5,25731.4,25725.85,25727.2,0,25742.188888888886,25738.969833058683,25746.570000000003,25744.508050057477,25749.7,25748.1052792208,25769.91,25764.26196893575,25774.44205880069,25749.7,25724.95794119931,0.0019217356940616664,-9.946406662194931,-7.955655223260323,-1.9907514389346082,16.0123966942156,13.800446864964684,25728.149999999998,25730.449999999997,25724.899999999994,25733.7,25722.599999999995,10.021428571428519,0.03895265933109129,36.95408734602493,-1.0,,,0.414414414414066,False
2026-01-16 13:05:00+05:30,25726.55,25726.55,25720.3,25724.15,0,25738.305555555555,25736.00586644695,25744.813333333335,25741.96329380029,25747.965,25745.823824056915,25767.95,25762.688950546115,25774.784790415044,25747.965,25721.145209584956,0.0020832551555079264,-10.634182369449263,-8.491360652498113,-2.1428217169511505,9.710743801654834,16.115702479340573,25723.666666666668,25727.033333333336,25720.783333333336,25729.916666666668,25717.416666666668,9.514285714285766,0.03698581183162812,40.09720534629441,-1.0,,,0.38399999999965073,False
2026-01-16 13:06:00+05:30,25723.45,25724.85,25719.2,25724.85,0,25734.63888888889,25733.774693157564,25743.773333333334,25739.824132075253,25746.3175,25743.826317003877,25766.056,25761.205070132542,25774.60166471625,25746.3175,25718.03333528375,0.002197142540190418,-10.996010261234915,-8.992290574245473,-2.0037196869894416,11.613566289821318,12.445568928563917,25722.966666666664,25726.733333333326,25721.08333333333,25728.61666666666,25717.316666666666,9.303571428571429,0.03616569748150691,40.06079027355447,-1.0,,,0.24778761061917842,True
2026-01-16 13:07:00+05:30,25723.45,25729.4,25723.3,25727.1,0,25731.911111111112,25732.43975452605,25742.833333333332,25738.23361556585,25744.5625,25742.23333443208,25764.173,25759.867616401854,25773.05231119833,25744.5625,25716.07268880167,0.0022132682346675072,-10.974695814500592,-9.388771622296497,-1.5859241922040948,16.238437821167874,12.520915970881342,25726.599999999995,25729.89999999999,25723.79999999999,25732.699999999997,25720.499999999993,8.303571428571429,0.03227558266797047,25.69706103993917,-1.0,,,0.5983606557371329,True
2026-01-16 13:08:00+05:30,25727.75,25730.25,25723.9,25730.25,0,25730.199999999997,25732.001803620842,25740.893333333333,25737.23566362012,25743.025,25741.09206448617,25762.428,25758.70614124884,25771.09561584104,25743.025,25714.954384158962,0.002180832737492148,-10.5816466517972,-9.627346628196639,-0.9543000236005614,22.713257965056048,16.855087358681747,25728.13333333333,25732.36666666666,25726.016666666663,25734.48333333333,25721.783333333333,8.149999999999896,0.03167477968538936,21.056845476378584,-1.0,,,0.39370078740166503,True
2026-01-16 13:09:00+05:30,25729.75,25730.95,25726.2,25728.15,0,25728.88888888889,25731.231442896675,25738.343333333334,25736.099955667603,25741.652500000004,25739.85948691606,25760.699000000004,25757.50786119987,25769.81842706408,25741.652500000004,25713.486572935926,0.0021883542297121404,-10.32063495278635,-9.76600429311458,-0.5546306596717692,21.034077555818754,19.99525778068089,25728.433333333334,25730.666666666668,25725.916666666668,25733.183333333334,25723.683333333334,7.925000000000052,0.030802836581721005,22.250423011842557,-1.0,,,0.3368421052628515,False
2026-01-16 13:10:00+05:30,25727.25,25727.25,25715.65,25717.25,0,25726.11111111111,25728.435154317343,25735.43,25733.743711209154,25739.99,25737.706202447862,25758.72,25755.92912154497,25769.83236832724,25739.99,25710.147631672764,0.002318755238618013,-10.868040203389683,-9.986411475169602,-0.8816287282200808,3.470715835137951,15.73935045200425,25720.05,25724.449999999997,25712.85,25731.649999999998,25708.45,8.449999999999948,0.032857323391886566,19.29567131327798,-1.0,,,0.8620689655173496,False
2026-01-16 13:11:00+05:30,25718.55,25726.2,25715.1,25717.55,0,25725.211111111115,25726.258123453874,25732.66,25731.719497308008,25738.845,25735.786564119495,25756.857999999997,25754.424057954973,25770.325368151553,25738.845,25707.36463184845,0.002446136813951937,-11.149135027044395,-10.21895618554456,-0.9301788414998349,5.251875669883496,9.918889686946732,25719.61666666667,25724.13333333334,25713.033333333336,25730.71666666667,25708.516666666666,8.817857142857454,0.034287314082630166,20.014880952378576,-1.0,,,0.09009009009007238,False
2026-01-16 13:12:00+05:30,25717.05,25718.6,25710.55,25711.4,0,25723.1,25723.286498763104,25729.563333333335,25729.179560144505,25737.355,25733.464034203353,25754.841,25752.736839995956,25771.105148537823,25737.355,25703.604851462176,0.0026226586638621882,-11.73290863501461,-10.521746675438571,-1.2111619595760388,2.0531400966235576,3.591910533881667,25713.516666666663,25716.483333333326,25708.433333333327,25721.566666666662,25705.466666666664,8.578571428571584,0.033364855389327625,20.029784065522335,-1.0,,,0.7018633540370594,False
2026-01-16 13:13:00+05:30,25711.25,25713.7,25706.6,25706.7,0,25720.822222222225,25719.969199010484,25726.566666666666,25726.369615126445,25734.7225,25730.91507856494,25752.661,25750.931473721605,25769.448320440584,25734.7225,25699.996679559415,0.0026987522745259332,-12.431501534301788,-10.903697647211215,-1.5278038870905721,0.25157232704951643,2.518862697852189,25709.0,25711.4,25704.3,25716.100000000002,25701.899999999998,8.307142857143065,0.032315088506665826,20.425208807893895,-1.0,,,0.6408450704222357,False
2026-01-16 13:14:00+05:30,25705.8,25717.4,25704.1,25717.05,0,25720.033333333333,25719.385359208387,25724.659999999996,25725.204663235636,25732.254999999997,25729.59459489209,25750.785,25749.602788477623,25764.42240586382,25732.254999999997,25700.087594136174,0.002500162217716532,-12.011521594606165,-11.125262436690207,-0.8862591579159584,33.247753530168126,11.85082198461373,25712.850000000002,25721.600000000006,25708.300000000003,25726.150000000005,25699.55,8.721428571428987,0.03391302101690897,33.75886524822424,-1.0,,,0.8458646616539502,True
2026-01-16 13:15:00+05:30,25717.75,25720.15,25712.5,25716.95,0,25719.155555555557,25718.898287366712,25723.126666666663,25724.172830331183,25730.055,25728.39034775951,25748.886000000002,25748.322286968694,25759.893387497123,25730.055,25700.216612502878,0.0023193411360467216,-11.553571253312839,-11.210924200014734,-0.34264705329810496,32.99101412067251,22.163446659296714,25716.533333333336,25720.566666666673,25712.91666666667,25724.183333333338,25708.883333333335,8.960714285714857,0.03484361203686618,31.47877013176995,-1.0,,,0.10457516339857781,False
2026-01-16 13:16:00+05:30,25717.0,25723.1,25710.7,25714.0,0,25717.699999999997,25717.91862989337,25721.243333333332,25722.901226539783,25727.8,25727.01983844908,25747.117000000002,25746.976314930707,25755.105349389265,25727.8,25700.494650610734,0.0021226338349385303,-11.298441256534716,-11.22842761131873,-0.07001364521598497,36.26373626373773,34.16750130485945,25715.933333333334,25721.166666666668,25708.76666666667,25728.333333333332,25703.533333333336,8.517857142857663,0.03312536805964713,39.34126258005242,-1.0,,,0.24193548387101033,False
2026-01-16 13:17:00+05:30,25713.5,25720.75,25713.4,25714.85,0,25715.98888888889,25717.3049039147,25720.523333333334,25721.894823222312,25725.65,25725.860806215835,25745.82,25745.71645944323,25749.55227912511,25725.65,25701.747720874893,0.0018582449131592928,-10.90198964929732,-11.16314001891445,0.26115036961713045,39.37728937728518,36.210679920565134,25716.333333333332,25719.266666666663,25711.916666666664,25723.68333333333,25708.983333333334,8.196428571429092,0.0318743005361847,34.679802955659966,-1.0,,,0.1836734693875935,True
2026-01-16 13:18:00+05:30,25714.5,25715.55,25703.5,25709.55,0,25713.922222222223,25715.75392313176,25719.133333333335,25720.351720319522,25723.545000000002,25724.30739610004,25744.885999999995,25744.298166916044,25745.106927948305,25723.545000000002,25701.9830720517,0.0016764351840544132,-10.889932240217604,-11.108498463175081,0.2185662229574774,22.040072859741755,32.560366166921554,25709.533333333336,25715.566666666673,25703.516666666674,25721.583333333336,25697.483333333337,8.660714285714546,0.033686759533770705,33.30179754020401,-1.0,,,0.4107883817428238,False
2026-01-16 13:19:00+05:30,25709.05,25714.3,25707.6,25713.85,0,25713.544444444444,25715.37313850541,25718.243333333332,25719.53900527958,25721.954999999998,25723.311453614322,25744.122000000003,25743.104121154633,25741.22130273451,25721.954999999998,25702.688697265487,0.0014980434212338491,-10.413363817260688,-10.969471533992204,0.5561077167315158,37.70491803278058,33.04076008993584,25711.916666666668,25716.233333333337,25709.533333333336,25718.61666666667,25705.216666666667,8.64642857142878,0.03362556976659964,40.48059149722313,-1.0,,,0.7164179104475747,True
2026-01-16 13:20:00+05:30,25713.65,25718.0,25704.7,25706.25,0,25712.288888888885,25713.54851080433,25717.05,25717.877879619635,25720.269999999997,25721.6865532701,25743.468999999997,25741.658861501513,25738.789957940284,25720.269999999997,25701.75004205971,0.001440106028458254,-10.527580992242292,-10.881093425642222,0.35351243339992955,10.018214936247457,23.254401942923263,25709.649999999998,25714.599999999995,25701.299999999996,25722.949999999997,25696.35,9.192857142857454,0.03576117536730349,34.75409836065511,-1.0,,,0.5563909774437489,False
2026-01-16 13:21:00+05:30,25705.1,25707.1,25698.5,25699.45,0,25710.96111111111,25710.728808643464,25715.356666666667,25715.574394667183,25718.129999999997,25719.568786291995,25742.44,25740.00361203087,25735.828985995453,25718.129999999997,25700.43101400454,0.001376382030532981,-11.039545092389744,-10.912783758991727,-0.12676133339801687,2.927580893684765,16.883571287570934,25701.683333333334,25704.86666666667,25696.26666666667,25710.283333333333,25693.083333333336,9.371428571428623,0.03646548300227679,28.90922959572754,-1.0,,,0.6569767441859039,False
2026-01-16 13:22:00+05:30,25701.7,25708.1,25701.55,25702.4,0,25710.483333333334,25709.063046914773,25713.710000000003,25713.927595333786,25716.967500000002,25717.933663787993,25741.182,25738.52896057868,25735.61554984876,25716.967500000002,25698.319450151244,0.0014502526278619818,-11.07952214985562,-10.946131437164507,-0.13339071269111358,12.018489984595895,8.321428604842703,25704.016666666663,25706.483333333326,25699.933333333327,25710.566666666662,25697.466666666664,9.535714285714286,0.03710048200056915,28.69166029074043,-1.0,,,0.10687022900775654,True
2026-01-16 13:23:00+05:30,25701.8,25702.2,25692.65,25699.5,0,25708.533333333333,25707.15043753182,25711.66,25712.124145917063,25715.4225,25716.178076760563,25739.925,25736.998413105008,25734.499917760917,25715.4225,25696.345082239084,0.0014837335657943347,-11.215919876929547,-11.000089125117515,-0.2158307518120317,19.797687861268304,11.581252913182986,25698.11666666667,25703.583333333336,25694.033333333336,25707.666666666668,25688.56666666667,9.892857142857142,0.03849435647719661,28.344671201811053,-1.0,,,0.2408376963350207,False
2026-01-16 13:24:00+05:30,25699.3,25704.25,25695.55,25695.75,0,25706.177777777775,25704.87035002546,25709.5,25710.07737767743,25713.85,25714.23254564051,25738.425,25735.38082827736,25733.994713293745,25713.85,25693.705286706252,0.0015668375831504396,-11.494112741420395,-11.098893848378092,-0.39521889304230307,9.239940387477233,13.685372744447141,25698.516666666666,25701.483333333334,25692.783333333333,25707.216666666667,25689.816666666666,9.621428571428623,0.03744365730297276,31.779661016946903,-1.0,,,0.4080459770113765,False
2026-01-16 13:25:00+05:30,25695.65,25696.0,25667.65,25673.1,0,25701.63333333333,25698.51628002037,25706.556666666664,25705.45520546775,25711.2975,25710.31516034141,25736.453999999998,25732.938442854716,25737.86127578984,25711.2975,25684.73372421016,0.002066311572944951,-13.387920680939715,-11.556699214890418,-1.8312214660492963,9.828674481510145,12.955434243418559,25678.916666666668,25690.183333333334,25661.833333333336,25707.266666666666,25650.56666666667,10.85357142857122,0.04227604546615415,22.67977873386384,-1.0,,,0.7954144620812722,False
2026-01-16 13:26:00+05:30,25670.4,25675.1,25662.4,25673.5,0,25697.03888888889,25693.513024016298,25703.62,25701.46080478428,25708.73,25706.80895459461,25734.595,25730.60752352708,25739.38908296774,25708.73,25678.07091703226,0.002385110658343737,-14.687195611550123,-12.182798494222359,-2.5043971173277644,18.28665568368876,12.451756850892044,25670.333333333332,25678.266666666663,25665.566666666666,25683.03333333333,25657.633333333335,11.185714285713923,0.0435691054422417,24.933862433860995,-1.0,,,0.24409448818891774,True
2026-01-16 13:27:00+05:30,25673.45,25686.2,25671.85,25682.5,0,25694.033333333333,25691.31041921304,25701.693333333336,25699.090704186245,25706.5,25704.49381606179,25733.065,25728.720953976997,25738.009397094585,25706.5,25674.990602905415,0.0024514731367230418,-14.819821889246668,-12.710203173227221,-2.1096187160194475,33.113673805600506,20.409667990266467,25680.183333333334,25688.51666666667,25674.166666666668,25694.533333333336,25665.833333333332,11.703571428571065,0.045570218742610975,34.85607008760864,-1.0,,,0.6306620209057767,True
2026-01-16 13:28:00+05:30,25681.0,25694.1,25680.9,25694.1,0,25691.83888888889,25691.868335370433,25700.853333333333,25698.466866162966,25704.692499999997,25703.50392881781,25731.674,25727.36326950731,25734.570696151433,25704.692499999997,25674.81430384856,0.002324726985272124,-13.829488381579722,-12.934060214897722,-0.8954281666820005,52.22405271828436,34.541460735857875,25689.7,25698.5,25685.300000000003,25702.899999999998,25676.500000000004,11.696428571427791,0.045521845760029704,35.85951940850195,-1.0,,,0.992424242424351,True
2026-01-16 13:29:00+05:30,25693.15,25702.1,25692.45,25701.65,0,25691.32777777778,25693.82466829635,25699.826666666668,25698.864757892596,25703.3675,25703.327364168494,25730.35,25726.35490599722,25731.14195390055,25703.3675,25675.59304609945,0.00216115292290403,-12.29370585127981,-12.80598934217414,0.5122834908943297,64.66227347611513,50.0,25698.733333333337,25705.016666666674,25695.366666666676,25708.383333333335,25689.08333333334,11.839285714284674,0.04606430215291498,41.365688487585274,-1.0,,,0.8808290155442406,True
2026-01-16 13:30:00+05:30,25701.75,25709.4,25694.05,25700.5,0,25691.444444444445,25695.159734637084,25698.73,25699.069163156022,25702.53,25703.058091390543,25728.977,25725.34098811498,25729.541564774714,25702.53,25675.518435225284,0.002101860382982938,-11.04209610986436,-12.453210695712183,1.4111145858478231,65.29562982005055,60.727318671483346,25701.316666666666,25708.583333333332,25693.23333333333,25716.666666666668,25685.966666666664,12.049999999999272,0.04688624734927053,42.22350230414773,-1.0,,,0.08143322475568875,False
2026-01-16 13:31:00+05:30,25699.9,25714.7,25699.9,25714.7,0,25692.811111111114,25699.067787709668,25698.77666666667,25701.02301776152,25702.3875,25704.166844591444,25728.016999999996,25724.92369446341,25729.093775134857,25702.3875,25675.681224865144,0.0020781162944381484,-8.802890801234753,-11.723146716816698,2.9202559155819454,94.06474820144,74.67421716586857,25709.766666666666,25719.63333333333,25704.833333333332,25724.566666666666,25694.966666666667,12.582142857142182,0.048929767242636237,49.92511233150384,-1.0,,,1.0,True
2026-01-16 13:32:00+05:30,25714.25,25717.95,25709.6,25713.35,0,25694.35,25701.924230167737,25698.676666666663,25702.56389054133,25702.485,25705.041430820827,25726.986,25724.469824092295,25729.343618140567,25702.485,25675.626381859434,0.0020899627518947096,-7.055902131498442,-10.789697799753048,3.733795668254606,91.63669064747918,83.66568955632324,25713.63333333333,25717.666666666664,25709.316666666662,25721.983333333334,25705.28333333333,12.317857142856676,0.04790452097006682,51.97505197505143,-1.0,,,0.10778443113787065,False
2026-01-16 13:33:00+05:30,25712.8,25719.75,25711.05,25719.75,0,25697.016666666666,25705.48938413419,25699.356666666667,25704.712154223664,25703.1375,25706.44224693313,25726.074,25724.284732951422,25731.041015624567,25703.1375,25675.233984375434,0.0021712147495274734,-5.096228363112459,-9.651003912424931,4.554775549312472,100.0,95.23381294963973,25716.850000000002,25722.650000000005,25713.950000000004,25725.550000000003,25708.15,12.460714285713818,0.0484480381252299,53.001017293998395,-1.0,,,0.7988505747126605,True
2026-01-16 13:34:00+05:30,25718.55,25718.55,25701.8,25702.3,0,25700.26111111111,25704.851507307354,25698.586666666666,25704.410634945703,25702.4,25706.04774722521,25724.929,25723.422586561173,25729.524061953216,25702.4,25675.275938046787,0.0021106248407319586,-4.8948175375880965,-8.699766637457564,3.804949099869468,69.57279860505463,87.06982975084459,25707.55,25713.3,25696.55,25724.3,25690.8,12.792857142856779,0.04977319984148025,48.17383263985193,-1.0,,,0.9701492537313433,False
2026-01-16 13:35:00+05:30,25702.15,25702.65,25683.8,25688.3,0,25701.905555555553,25701.541205845886,25697.390000000003,25702.39680557749,25700.967500000002,25704.357485584715,25723.518000000004,25722.04523022544,25727.88144228784,25700.967500000002,25674.053557712166,0.0020943913716739344,-5.798044753628346,-8.11942226069172,2.3213775070633744,45.16129032257798,71.57802964254421,25691.583333333332,25699.366666666665,25680.516666666663,25710.433333333334,25672.73333333333,13.524999999999896,0.052650428405149025,45.16688339835276,-1.0,,,0.7347480106101103,False
2026-01-16 13:36:00+05:30,25688.8,25701.4,25686.2,25700.85,0,25703.944444444445,25701.40296467671,25697.483333333334,25702.203454880302,25700.31,25704.02343933855,25722.379,25721.214044726406,25726.51660021323,25700.31,25674.103399786774,0.002039399541346149,-5.438487219147646,-7.583235252382906,2.1447480332352598,67.044463818654,60.59285091542887,25696.150000000005,25706.10000000001,25690.90000000001,25711.350000000006,25680.950000000004,13.992857142857247,0.054445114238856875,49.379751900759196,-1.0,,,0.792763157894651,True
2026-01-16 13:37:00+05:30,25700.15,25701.1,25696.7,25700.5,0,25704.655555555553,25701.222371741365,25697.356666666667,25701.990523020264,25699.5925,25703.68787368726,25721.145,25720.40172924694,25724.893056994053,25699.5925,25674.291943005945,0.00196894616084315,-5.122725763707422,-7.091133354647809,1.9684075909403873,66.43417611159461,59.54664341760886,25699.433333333334,25702.166666666668,25697.76666666667,25703.833333333332,25695.033333333336,13.610714285714234,0.05295894743570839,50.40849673202612,-1.0,,,0.07954545454516328,True
2026-01-16 13:38:00+05:30,25700.85,25707.95,25700.85,25705.35,0,25705.066666666666,25702.047897393095,25697.746666666662,25702.41045764273,25699.3825,25703.84617143133,25720.032000000003,25719.811465354902,25724.40323403355,25699.3825,25674.36176596645,0.0019471856207868793,-4.4300610819373105,-6.558918900105709,2.128857818168399,74.8910200523072,69.4565533275186,25704.716666666664,25708.58333333333,25701.483333333326,25711.816666666666,25697.61666666666,13.521428571428519,0.052601612393639925,53.88663967611254,-1.0,,,0.6338028169012137,True
2026-01-16 13:39:00+05:30,25705.1,25707.55,25700.5,25704.95,0,25705.56111111111,25702.628317914478,25698.359999999997,25702.727900437392,25698.9375,25703.951297961677,25719.019,25719.228662791964,25723.17928374101,25698.9375,25674.69571625899,0.0018865981320052858,-3.868798883035197,-6.020894896691607,2.1520960136564105,74.1935483870974,71.83958151699973,25704.333333333332,25708.166666666664,25701.116666666665,25711.38333333333,25697.283333333333,12.0,0.04668361541259563,65.7283950617289,-1.0,,,0.021276595744373433,False
2026-01-16 13:40:00+05:30,25704.5,25707.95,25700.25,25702.3,0,25704.183333333334,25702.56265433158,25700.306666666664,25702.674412882716,25698.739999999998,25703.794031489135,25718.055,25718.56479366287,25722.794578292716,25698.739999999998,25674.68542170728,0.0018720433992264495,-3.5963706772490696,-5.5359900528031005,1.939619375554031,63.56993736951942,70.88483526964133,25703.5,25706.75,25699.05,25711.2,25695.8,11.642857142857403,0.045298892094705154,63.91304347826003,-1.0,,,0.2857142857143532,False
2026-01-16 13:41:00+05:30,25700.8,25705.15,25693.4,25704.45,0,25703.194444444445,25702.940123465265,25702.37,25702.89636127238,25698.989999999998,25703.856504680647,25717.335,25718.01127234276,25723.179201592502,25698.989999999998,25674.800798407494,0.001882502121095351,-3.1704355225483596,-5.062879146752152,1.8924436242037928,60.617760617761014,66.12708212479261,25701.0,25708.6,25696.85,25712.75,25689.25,11.45714285714296,0.04457260457680658,61.35540610450055,-1.0,,,0.3106382978724643,True
2026-01-16 13:42:00+05:30,25703.7,25705.5,25691.7,25692.6,0,25700.17777777778,25700.872098772215,25703.043333333335,25701.609316113332,25698.5,25702.784456615824,25716.363,25717.01475185873,25722.795158711986,25698.5,25674.204841288014,0.0018907841867802405,-3.7458944694662932,-4.799482211294981,1.0535877418286876,24.478442280943238,49.55538008940789,25696.599999999995,25701.49999999999,25687.69999999999,25710.399999999994,25682.799999999996,11.50000000000026,0.04475996979675183,49.22600619195053,-1.0,,,0.8043478260871572,False
2026-01-16 13:43:00+05:30,25692.1,25702.5,25691.25,25695.65,0,25699.438888888886,25699.827679017773,25703.146666666667,25700.864401599163,25698.3075,25702.104984557176,25715.089,25716.176918452504,25722.630291455935,25698.3075,25673.984708544063,0.001892948899917682,-3.910759519389103,-4.621737672913805,0.7109781535247022,32.9624478442335,39.35288358097925,25696.466666666664,25701.683333333327,25690.433333333327,25707.716666666664,25685.216666666664,11.61428571428613,0.045199423693450556,46.75324675324706,-1.0,,,0.31555555555581427,True
2026-01-16 13:44:00+05:30,25695.05,25697.1,25690.3,25696.35,0,25700.333333333332,25699.13214321422,25702.793333333335,25700.30010139927,25698.3375,25701.556890789827,25713.688000000002,25715.39939223868,25722.64848679498,25698.3375,25674.026513205023,0.0018920279800184595,-3.9395197776611894,-4.485294093863282,0.5457743162020927,34.909596662027866,30.783495595734866,25694.583333333332,25698.866666666665,25692.066666666666,25701.38333333333,25687.783333333333,11.003571428571636,0.04282153468711174,47.743338771070555,-1.0,,,0.19117647058814874,True
2026-01-16 13:45:00+05:30,25697.15,25700.85,25695.1,25700.2,0,25700.26111111111,25699.34571457138,25702.77333333333,25700.28758872436,25699.692499999997,25701.427663095557,25712.473,25714.803337641082,25720.90412231069,25699.692499999997,25678.480877689304,0.0016507296583951891,-3.610035424138914,-4.3102423599184085,0.7002069357794944,45.61891515994749,37.830319888736284,25698.716666666664,25702.33333333333,25696.58333333333,25704.466666666664,25692.966666666664,10.357142857143117,0.040299853141777565,41.115196078432,-1.0,,,0.5304347826085691,True
2026-01-16 13:46:00+05:30,25700.7,25702.1,25695.85,25701.0,0,25700.316666666666,25699.676571657106,25701.859999999997,25700.376640133814,25701.067499999997,25701.38693327693,25711.311,25714.262030282607,25718.327318715867,25701.067499999997,25683.80768128413,0.0013431207646039751,-3.2469347434671363,-4.097580836628154,0.8506460931610178,47.844228094576856,42.790913305517414,25699.649999999998,25703.449999999997,25697.199999999997,25705.899999999998,25693.399999999998,10.20714285714296,0.039714963842430104,42.38124614435651,-1.0,,,0.04799999999988359,True
2026-01-16 13:47:00+05:30,25700.7,25710.1,25699.05,25709.1,0,25700.73333333333,25701.561257325688,25701.576666666668,25701.467060117087,25702.3975,25702.121511060082,25710.335999999996,25714.059597722506,25717.611222164716,25702.3975,25687.183777835282,0.001183836812477683,-2.2792982017017493,-3.733924309642873,1.4546261079411238,72.80575539568136,55.42296621673523,25706.083333333332,25713.116666666665,25702.066666666666,25717.13333333333,25695.033333333333,10.375,0.04035536055326713,43.56495468277858,-1.0,,,0.7601809954749656,True
2026-01-16 13:48:00+05:30,25708.6,25717.1,25707.25,25712.25,0,25701.544444444444,25703.69900586055,25701.076666666668,25702.814927602452,25703.305,25703.08612905436,25709.548,25713.98863310594,25718.59981852408,25703.305,25688.010181475922,0.0011901052042979248,-1.243921444460284,-3.235923736606355,1.9920022921460712,85.43543543543949,68.69513964189923,25712.2,25717.15,25707.300000000003,25722.05,25702.350000000002,9.796428571428416,0.03810023849110217,57.26807888970096,1.0,,,0.37055837563472027,True
2026-01-16 13:49:00+05:30,25712.45,25716.2,25706.65,25706.9,0,25702.055555555555,25704.339204688444,25701.383333333335,25703.325561652146,25703.567499999997,25703.44935485871,25708.773,25713.71064749394,25718.922810242122,25703.567499999997,25688.212189757873,0.0011947999235611701,-0.8453337122118683,-2.757805731727458,1.9124720195155898,66.990291262143,75.07716069775462,25709.916666666668,25713.183333333334,25703.633333333335,25719.466666666667,25700.36666666667,9.132142857142494,0.03552409219759089,65.55183946488495,1.0,,,0.5811518324607011,False
2026-01-16 13:50:00+05:30,25706.15,25716.6,25704.9,25712.7,0,25702.972222222223,25706.011363750757,25703.01,25704.49736644563,25704.177499999998,25704.330368681687,25708.228,25713.671014258885,25719.98244509558,25704.177499999998,25688.372554904417,0.0012297569214638733,-0.06073838111478835,-2.218392261604924,2.1576538804901357,83.5820895522465,78.66927208327633,25711.399999999998,25717.899999999994,25706.199999999997,25723.099999999995,25699.7,8.882142857142233,0.03454379686747106,61.16870876531795,1.0,,,0.5598290598291369,True
2026-01-16 13:51:00+05:30,25711.85,25713.4,25697.75,25697.75,0,25703.544444444444,25704.359091000606,25702.803333333333,25703.653945639926,25703.329999999998,25703.703666902482,25707.338,25713.046660758537,25718.566776838335,25703.329999999998,25688.09322316166,0.0011855877692374796,-0.6379273566744814,-1.9022992806188357,1.2643719239443543,27.798507462690036,59.45696275902651,25702.966666666664,25708.183333333327,25692.533333333326,25718.616666666665,25687.316666666662,9.685714285713923,0.03769090401188401,47.9674796747968,1.0,,,0.9009584664534973,False
2026-01-16 13:52:00+05:30,25697.85,25702.1,25694.0,25701.5,0,25704.194444444445,25703.787272800484,25702.87,25703.384702434934,25702.7375,25703.49379386415,25706.855,25712.593850532714,25717.237477313956,25702.7375,25688.237522686042,0.0011282827219440779,-0.7837258149447734,-1.6785845874840233,0.8948587725392498,41.79104477612325,51.057213930353264,25699.2,25704.4,25696.300000000003,25707.3,25691.100000000002,9.732142857142337,0.03786605006377969,47.107438016530146,1.0,,,0.4506172839508779,True
2026-01-16 13:53:00+05:30,25700.3,25700.3,25688.5,25689.2,0,25703.4,25700.86981824039,25701.793333333335,25701.61161463057,25701.21,25702.1324801628,25706.031000000003,25711.676444629473,25714.554488316175,25701.21,25687.865511683824,0.0010384326898364364,-1.870220609147509,-1.7169117918167205,-0.1533088173307886,2.447552447555116,24.012368228789466,25692.666666666668,25696.833333333336,25685.033333333336,25704.466666666667,25680.86666666667,10.15714285714239,0.039538572073643356,39.961759082218535,-1.0,,,0.9406779661016296,False
2026-01-16 13:54:00+05:30,25689.05,25689.45,25676.5,25686.25,0,25701.85,25697.94585459231,25700.54666666667,25699.69141280175,25700.4075,25700.61986300444,25705.211999999996,25710.679329153805,25715.314872778497,25700.4075,25685.500127221505,0.0011600884366130156,-2.9354775492320186,-1.9606249432997802,-0.9748526059322384,24.014778325124013,22.75112518293412,25684.066666666666,25691.63333333333,25678.68333333333,25697.016666666666,25671.116666666665,10.53214285714239,0.04100303803452193,39.80952380952474,-1.0,,,0.2162162162161479,False
2026-01-16 13:55:00+05:30,25687.2,25691.65,25686.0,25689.45,0,25700.566666666666,25696.24668367385,25699.690000000002,25698.411236201533,25700.465,25699.556066527824,25704.517999999996,25709.846806441892,25715.183413100935,25700.465,25685.746586899066,0.0011453810739170994,-3.481357174092409,-2.264771389458306,-1.2165857846341028,31.896551724140867,19.45296083227333,25689.033333333336,25692.066666666673,25686.41666666667,25694.683333333338,25683.383333333335,10.096428571428207,0.039301847923673756,40.601503759398845,-1.0,,,0.39823008849547264,True
2026-01-16 13:56:00+05:30,25689.75,25693.8,25687.7,25688.15,0,25698.238888888893,25694.627346939084,25698.603333333333,25697.12858167634,25699.829999999998,25698.469774477555,25703.784,25708.995951287307,25715.540854444214,25699.829999999998,25684.119145555782,0.0012226426746181776,-3.973070758536778,-2.6064312632740005,-1.3666394952627776,28.69458128079279,28.201970443352554,25689.88333333333,25692.066666666662,25685.966666666664,25695.98333333333,25683.783333333333,9.546428571428155,0.03716277182836504,46.7870036101104,-1.0,,,0.26229508196703716,False
2026-01-16 13:57:00+05:30,25687.75,25687.75,25679.95,25684.45,0,25695.15,25692.59187755127,25698.059999999998,25695.5437589668,25699.0275,25697.13455786064,25702.931,25708.033364962313,25716.168785187914,25699.0275,25681.886214812086,0.0013340026339840319,-4.608195979868469,-3.0067842065928945,-1.6014117732755748,19.581280788179832,26.72413793103783,25684.05,25688.149999999998,25680.35,25691.85,25676.25,9.328571428571065,0.03631991897265102,41.98855507868307,-1.0,,,0.4230769230768693,False
2026-01-16 13:58:00+05:30,25683.85,25688.4,25681.1,25682.55,0,25692.444444444445,25690.583502041016,25697.186666666665,25693.91953909595,25697.8875,25695.745552350105,25701.977000000003,25707.03401731673,25716.247664974555,25697.8875,25679.527335025447,0.0014289240681401698,-5.2048531079235545,-3.4463979868590267,-1.7584551210645278,14.901477832511057,21.05911330049456,25684.016666666666,25686.933333333334,25679.63333333333,25691.31666666667,25676.716666666664,9.36428571428561,0.036461666439997625,40.29535864978983,-1.0,,,0.17808219178065124,False
2026-01-16 13:59:00+05:30,25683.15,25685.4,25681.1,25683.7,0,25689.222222222223,25689.206801632816,25696.34333333333,25692.642096708958,25696.825,25694.59835688819,25701.088,25706.118957814117,25715.909479778576,25696.825,25677.740520221425,0.0014853570259030654,-5.521267061722028,-3.861371801831627,-1.6598952598904013,17.73399014778568,17.405582922825523,25683.399999999998,25685.699999999997,25681.399999999994,25687.7,25679.099999999995,9.26071428571439,0.03605677642128817,37.938596491228324,-1.0,,,0.12790697674393026,True
2026-01-16 14:00:00+05:30,25684.2,25684.6,25679.95,25681.8,0,25687.45,25687.725441306255,25695.116666666665,25691.286834620336,25695.8,25693.379465755977,25700.379,25705.165273193954,25715.825220939645,25695.8,25675.774779060353,0.0015586376714985177,-5.857816261286644,-4.260660693722631,-1.5971555675640126,13.054187192116903,15.229885057471213,25682.11666666667,25684.283333333336,25679.63333333334,25686.766666666666,25677.46666666667,9.146428571428519,0.03561443735029678,36.18705035971243,-1.0,,,0.5161290322586197,False
2026-01-16 14:01:00+05:30,25682.75,25684.6,25677.4,25683.2,0,25685.416666666668,25686.820353045005,25693.93,25690.275980292794,25694.7375,25692.409992826837,25699.692000000003,25704.30388993145,25715.082701813673,25694.7375,25674.392298186325,0.001583608457854381,-5.943057756547205,-4.597140106287545,-1.3459176502596595,16.502463054189576,15.763546798030722,25681.733333333334,25686.066666666666,25678.86666666667,25688.93333333333,25674.533333333336,8.871428571428364,0.0345417571464162,29.378980891723643,-1.0,,,0.06250000000012632,True
2026-01-16 14:02:00+05:30,25681.65,25685.0,25679.15,25679.7,0,25684.36111111111,25685.396282436006,25691.969999999998,25688.953982756197,25694.092500000002,25691.19951731952,25699.057999999997,25703.339031502765,25715.512566219295,25694.092500000002,25672.67243378071,0.001667314478555138,-6.22131752911082,-4.921975590852201,-1.2993419382586193,7.980049875313825,12.512233373873435,25681.283333333336,25683.41666666667,25677.566666666673,25687.133333333335,25675.433333333338,8.585714285714078,0.03343385742712757,24.22802850356561,-1.0,,,0.33333333333354065,False
2026-01-16 14:03:00+05:30,25678.75,25684.1,25674.35,25681.55,0,25683.838888888888,25684.62702594881,25689.923333333332,25688.028484911672,25693.3875,25690.28051567004,25698.555,25702.484559679127,25715.508408780148,25693.3875,25671.266591219854,0.0017219145416420584,-6.220850769394019,-5.181750626560564,-1.0391001428334548,17.041420118344917,13.841311015949438,25680.0,25685.65,25675.9,25689.75,25670.25,8.599999999999843,0.0334870753517597,28.751047778709122,-1.0,,,0.28717948717941255,True
2026-01-16 14:04:00+05:30,25682.65,25688.7,25679.6,25680.45,0,25682.838888888888,25683.79162075905,25688.16,25687.081174297717,25692.592500000002,25689.34427608242,25697.822999999997,25701.620459299556,25715.39739963505,25692.592500000002,25669.787600364954,0.001775212029307518,-6.237341475949506,-5.3928687964383535,-0.8444726795111528,15.620998719594695,13.547489571084478,25682.916666666668,25686.233333333337,25677.133333333335,25692.01666666667,25673.816666666666,8.414285714285922,0.03276533594343527,20.655141037308965,-1.0,,,0.24175824175826371,False
2026-01-16 14:05:00+05:30,25680.6,25683.15,25671.5,25681.05,0,25682.05,25683.24329660724,25686.05,25686.3272775105,25691.635000000002,25688.55434502695,25697.105,25700.813774621143,25714.701587820487,25691.635000000002,25668.568412179517,0.001795649659547587,-6.131317482781014,-5.540558533706886,-0.5907589490741287,31.209150326796493,21.290523054912033,25678.566666666666,25685.63333333333,25673.98333333333,25690.216666666667,25666.916666666664,8.128571428571636,0.03165202134870512,29.43349753694602,-1.0,,,0.03862660944211772,True
2026-01-16 14:06:00+05:30,25680.05,25682.55,25678.45,25681.65,0,25681.738888888893,25682.924637285796,25684.97666666667,25685.74261782169,25690.667500000003,25687.89678835772,25696.458,25700.062254047767,25713.70338219315,25690.667500000003,25667.631617806856,0.0017933268719582858,-5.930514439896797,-5.618549714944868,-0.3119647249519284,35.2430555555615,27.35773486731756,25680.88333333333,25683.316666666662,25679.216666666664,25684.98333333333,25676.783333333333,7.84285714285735,0.030538758774679,23.497997329778073,-1.0,,,0.3902439024396953,True
2026-01-16 14:07:00+05:30,25681.9,25687.8,25680.3,25687.8,0,25682.32222222222,25683.899709828638,25684.063333333335,25685.999790593974,25689.6025,25687.88757041889,25695.916999999998,25699.581381340013,25710.958516654882,25689.6025,25668.24648334512,0.00166261947065015,-5.215007617807714,-5.537841295517437,0.32283367770972315,73.09417040358656,46.51545876198151,25685.3,25690.3,25682.8,25692.8,25677.8,7.450000000000208,0.029002094379433845,47.76357827475827,-1.0,,,0.7866666666663756,True
2026-01-16 14:08:00+05:30,25688.05,25696.95,25688.05,25695.65,0,25683.65,25686.24976786291,25684.493333333336,25687.206066769726,25688.7725,25688.626849426615,25695.639000000003,25699.427209522757,25707.558062065058,25688.7725,25669.98693793494,0.0014625503857810965,-3.9687842373314197,-5.224029883880234,1.255245646548814,94.89194499017982,67.7430569831093,25693.55,25699.05,25690.149999999998,25702.45,25684.649999999998,7.178571428571688,0.027936913168461152,62.98342541436508,-1.0,,,0.8539325842697686,True
2026-01-16 14:09:00+05:30,25695.9,25696.65,25667.4,25672.5,0,25682.616666666665,25683.49981429033,25683.576666666668,25685.36780842351,25687.0525,25687.090959005032,25694.812,25698.371240521865,25705.135829775896,25687.0525,25668.969170224107,0.0014079723452813065,-4.793893734258745,-5.138002653955936,0.3441089196971907,17.258883248726466,61.74833288083096,25678.850000000002,25690.300000000003,25661.050000000003,25708.100000000002,25649.600000000002,8.86428571428587,0.03452833075970735,34.9065004452367,-1.0,,,0.8000000000000498,False
2026-01-16 14:10:00+05:30,25671.05,25684.7,25669.8,25684.05,0,25682.711111111115,25683.60985143227,25683.216666666667,25685.20308237057,25685.620000000003,25686.801343861694,25694.368,25697.8096232465,25699.10263600629,25685.620000000003,25672.137363993716,0.0010498197829203317,-4.4643482548235625,-5.003271774129462,0.5389235193058992,56.34517766496862,56.165335301291634,25679.516666666666,25689.233333333334,25674.333333333332,25694.416666666668,25664.616666666665,9.492857142857506,0.03696012561436964,46.91265060240824,-1.0,,,0.8724832214764249,True
2026-01-16 14:11:00+05:30,25684.8,25695.75,25683.95,25694.55,0,25684.36111111111,25685.797881145816,25683.643333333333,25686.37144707425,25685.46,25687.53931111296,25694.27,25697.68179488389,25698.40163415997,25685.46,25672.518365840027,0.0010077011787970104,-3.3176747509351117,-4.666152369490592,1.3484776185554805,91.87817258882737,55.16074450084081,25691.416666666668,25698.883333333335,25687.083333333336,25703.216666666667,25679.61666666667,9.75000000000026,0.03794579006053914,56.89890710382373,-1.0,,,0.8262711864407289,True
2026-01-16 14:12:00+05:30,25694.75,25697.55,25688.1,25688.4,0,25685.122222222224,25686.318304916655,25683.90666666667,25686.625016189966,25684.805,25687.621281483152,25693.99,25697.31780292766,25695.45087392244,25684.805,25674.15912607756,0.0008289627990120955,-2.8720738604133658,-4.3073366676751474,1.4352628072617817,69.65174129353738,72.62503051577778,25691.349999999995,25694.59999999999,25685.14999999999,25700.799999999996,25681.899999999994,9.903571428571533,0.038552698605485484,53.77663008392649,-1.0,,,0.6719576719574663,False
2026-01-16 14:13:00+05:30,25688.5,25690.6,25685.0,25685.0,0,25685.627777777776,25686.054643933327,25684.070000000003,25686.42188916622,25684.595,25687.371635627616,25693.7,25696.83475183246,25695.03963599395,25684.595,25674.15036400605,0.0008132996447053352,-2.761451238377049,-3.998159581815528,1.2367083434384791,58.37479270315031,73.30156886183835,25686.86666666667,25688.733333333337,25683.13333333334,25692.466666666667,25681.26666666667,9.996428571428364,0.03891932478656167,50.815558343788744,-1.0,,,0.6250000000001624,False
2026-01-16 14:14:00+05:30,25685.15,25688.85,25685.15,25688.05,0,25686.405555555557,25686.453715146665,25684.36,25686.62540302044,25684.685,25687.43624175832,25693.545999999995,25696.4902517606,25695.220309052685,25684.685,25674.149690947317,0.0008203572714778608,-2.400006719821249,-3.678529009416672,1.278522289595423,68.49087893863785,65.50580431177518,25687.350000000002,25689.550000000003,25685.850000000006,25691.05,25683.650000000005,9.939285714285559,0.038692254625343536,53.86518243661108,-1.0,,,0.7837837837838103,True
2026-01-16 14:15:00+05:30,25687.65,25688.1,25676.95,25679.25,0,25686.13888888889,25685.012972117336,25684.190000000002,25685.703477642885,25684.175,25686.656599686103,25693.668999999998,25695.814163456263,25694.726602522023,25684.175,25673.623397477975,0.0008216423164866336,-2.7914674905259744,-3.5011167056385326,0.7096492151125582,39.303482587062696,55.38971807628362,25681.433333333334,25685.916666666668,25674.76666666667,25692.583333333332,25670.283333333336,10.221428571428467,0.039804233267827005,47.76203966005615,-1.0,,,0.7533632286998295,False
2026-01-16 14:16:00+05:30,25678.25,25684.2,25677.15,25681.8,0,25685.472222222223,25684.37037769387,25684.096666666668,25685.215542937523,25683.857500000002,25686.19406638266,25693.835,25695.264588418762,25694.28692572944,25683.857500000002,25673.428074270563,0.000812138576102804,-2.8629371258030005,-3.3734807896714263,0.5105436638684258,47.76119402984696,51.85185185184917,25681.050000000003,25684.950000000004,25677.900000000005,25688.100000000002,25674.000000000004,10.307142857142805,0.040134035998811636,51.2027491408927,-1.0,,,0.5035460992907289,True
2026-01-16 14:17:00+05:30,25681.3,25682.05,25674.15,25674.55,0,25683.127777777776,25682.406302155097,25683.753333333334,25683.882350070333,25683.3625,25685.08510767955,25693.676,25694.452251618026,25694.58324558895,25683.3625,25672.141754411048,0.000873775432554916,-3.46465336852998,-3.391715305443137,-0.07293806308684303,23.714759535649534,36.92647871751973,25676.916666666668,25679.683333333334,25671.783333333336,25684.816666666666,25669.01666666667,10.174999999999793,0.03963068486107758,46.22437971952523,-1.0,,,0.8544303797470715,False
2026-01-16 14:18:00+05:30,25673.5,25680.1,25671.7,25678.05,0,25683.744444444445,25681.53504172408,25683.52,25683.15330631154,25683.1375,25684.415097424357,25693.355,25693.80902606438,25694.604609716756,25683.1375,25671.670390283245,0.0008929679807816048,-3.6173979647574015,-3.4368518373059898,-0.18054612745141174,35.323383084572434,35.59977888335631,25676.61666666667,25681.533333333336,25673.13333333334,25685.016666666666,25668.21666666667,10.12499999999948,0.03943056423676829,48.73817034700237,-1.0,,,0.5416666666667208,True
2026-01-16 14:19:00+05:30,25678.85,25688.6,25678.65,25687.4,0,25684.116666666665,25682.708033379266,25683.983333333334,25683.684143022594,25683.322500000002,25684.699373860134,25693.07,25693.557691708913,25694.946136309078,25683.322500000002,25671.698863690926,0.000905150516182294,-2.949976802658057,-3.339476830376403,0.38950002771834624,66.33499170813084,41.791044776117594,25684.88333333333,25691.11666666666,25681.166666666664,25694.83333333333,25674.933333333334,10.046428571427896,0.03911033647402188,53.057294174290824,-1.0,,,0.8592964824126041,True
2026-01-16 14:20:00+05:30,25688.65,25691.2,25685.95,25688.7,0,25683.466666666667,25683.906426703415,25684.493333333336,25684.31112514477,25683.667500000003,25685.080385873454,25692.834,25693.36719399484,25695.508431462007,25683.667500000003,25671.826568538,0.0009220592395540034,-2.2897468118135293,-3.1295308266638284,0.8397840148502991,70.64676616915693,57.43504698728673,25688.61666666667,25691.283333333336,25686.033333333336,25693.86666666667,25683.36666666667,10.128571428570856,0.039428119868155476,53.37159253945448,-1.0,,,0.009523809523670934,True
2026-01-16 14:21:00+05:30,25688.3,25689.0,25680.5,25683.05,0,25682.872222222224,25683.735141362733,25684.586666666666,25684.153484501672,25683.66,25684.887015790267,25692.201,25692.962598151906,25695.502368183927,25683.66,25671.817631816073,0.0009221713870941087,-2.1970908724106266,-2.9430428358131886,0.745951963402562,51.907131011605145,62.9629629629643,25684.183333333334,25687.86666666667,25679.36666666667,25692.683333333334,25675.683333333334,10.199999999999429,0.03971490924948333,47.71744353676123,-1.0,,,0.6176470588235294,False
2026-01-16 14:22:00+05:30,25682.95,25684.8,25679.9,25682.85,0,25682.633333333335,25683.55811309019,25684.256666666664,25683.990548938964,25683.817499999997,25684.693014286433,25691.591,25692.56602567536,25695.521088068508,25683.817499999997,25672.113911931487,0.0009113589183937105,-2.1154135310280253,-2.777516974856156,0.6621034438281308,51.24378109452142,57.93255942509449,25682.516666666663,25685.133333333324,25680.233333333326,25687.41666666666,25677.616666666665,9.89642857142774,0.0385332179700763,43.360995850620995,-1.0,,,0.02040816326576068,False
2026-01-16 14:23:00+05:30,25683.05,25686.9,25679.5,25685.55,0,25682.355555555554,25683.956490472152,25683.583333333332,25684.18548032159,25684.0175,25684.77463197344,25690.907000000003,25692.290887413586,25695.694615496093,25684.0175,25672.34038450391,0.0009092904173649292,-1.8119294199059368,-2.5843994638661125,0.7724700439601757,56.75675675675676,53.302556287627766,25683.983333333334,25688.466666666667,25681.066666666666,25691.383333333335,25676.583333333332,8.335714285713559,0.032452932819089175,58.59117840684605,-1.0,,,0.3378378378377714,True
2026-01-16 14:24:00+05:30,25685.1,25705.8,25684.55,25699.1,0,25684.56111111111,25686.985192377724,25685.356666666667,25686.049795281393,25684.95,25686.138952737874,25690.842999999997,25692.557911436586,25698.288113178085,25684.95,25671.611886821916,0.0010385936650127263,-0.47259651893909904,-2.16203887488071,1.689442355941611,80.3519061583548,62.78414800321098,25696.483333333334,25708.416666666668,25687.166666666668,25717.733333333334,25675.233333333334,8.789285714284883,0.0342007530002408,59.65362411802382,1.0,,,0.6588235294117647,True
2026-01-16 14:25:00+05:30,25699.15,25709.6,25698.55,25706.2,0,25687.272222222222,25690.82815390218,25686.833333333332,25688.56857087122,25686.2075,25688.0495286676,25691.200999999997,25693.09289530182,25702.42819097737,25686.2075,25669.98680902263,0.0012629883938584858,1.1485058566759108,-1.499929928569386,2.6484357852452964,91.0290237467071,76.04589555393954,25704.78333333333,25711.01666666666,25699.96666666666,25715.83333333333,25693.73333333333,8.735714285713454,0.033982907958832714,57.8135479543937,1.0,,,0.6380090497737319,True
2026-01-16 14:26:00+05:30,25705.6,25710.5,25701.7,25701.7,0,25690.28888888889,25693.002523121748,25687.31,25690.209999512317,25687.21,25689.3495735564,25691.218000000004,25693.430428819396,25704.675291896983,25687.21,25669.744708103015,0.0013598434315742448,2.0465375657040568,-0.7906364297146974,2.837173995418754,77.31958762886742,82.90017251130975,25704.63333333333,25707.566666666662,25698.766666666663,25713.43333333333,25695.833333333332,8.689285714284779,0.03380821390913744,59.122085048009836,1.0,,,0.4431818181816068,False
2026-01-16 14:27:00+05:30,25702.1,25710.15,25701.7,25705.45,0,25693.333333333332,25695.4920184974,25688.446666666663,25692.114999573278,25688.0925,25690.882947503407,25691.317000000003,25693.90178455197,25707.372685492523,25688.0925,25668.812314507475,0.0015010990397612235,3.0259465962408285,-0.027319824523592162,3.0532664207644205,86.98453608247586,85.11104915268345,25705.766666666666,25709.833333333332,25701.38333333333,25714.216666666667,25697.316666666666,8.892857142856363,0.034595220635532005,63.95904436860049,1.0,,,0.396449704142236,True
2026-01-16 14:28:00+05:30,25703.95,25705.25,25684.15,25687.05,0,25693.294444444444,25693.803614797922,25688.583333333332,25691.481874626617,25687.6625,25690.517904884036,25690.951,25693.63308711856,25706.61379144314,25687.6625,25668.71120855686,0.001475517006900864,2.2909998640825506,0.43634411319763644,1.8546557508849142,39.56185567010009,67.95532646048112,25692.149999999998,25700.149999999994,25679.049999999996,25713.249999999996,25671.05,10.139285714284986,0.0394723633670857,49.43566591422126,1.0,,,0.8009478672987024,False
2026-01-16 14:29:00+05:30,25687.1,25697.8,25685.5,25697.8,0,25694.305555555555,25694.60289183834,25689.233333333334,25692.271640298288,25688.927499999998,25691.211437752227,25690.807999999997,25693.79649546685,25706.973245233916,25688.927499999998,25670.88175476608,0.001404943451525397,2.5466284942849597,0.8584009894151011,1.6882275048698587,67.2680412371109,64.60481099656228,25693.7,25701.9,25689.600000000002,25706.0,25681.4,10.221428571427948,0.03977550051532796,60.24295969077743,1.0,,,0.8699186991871025,True
2026-01-16 14:30:00+05:30,25697.85,25703.5,25687.8,25687.8,0,25694.833333333332,25693.242313470677,25689.803333333333,25691.712685261,25689.114999999998,25690.886538918683,25690.517999999996,25693.561338781874,25707.02477680648,25689.114999999998,25671.205223193516,0.0013943475130600736,1.920165130544774,1.0707538176410358,0.8494113129037382,41.49484536082177,49.441580756010914,25693.033333333336,25698.266666666674,25682.566666666673,25708.733333333337,25677.333333333336,10.839285714285195,0.04219623990487778,53.0612244897957,1.0,,,0.6401273885349559,False
2026-01-16 14:31:00+05:30,25686.9,25697.25,25686.9,25695.05,0,25696.188888888886,25693.60385077654,25690.686666666665,25692.129849603374,25689.14,25691.28305902167,25690.33,25693.619717653175,25707.08308545887,25689.14,25671.196914541128,0.0013969393649512433,1.985811610458768,1.2537653762045822,0.7320462342541858,60.180412371131396,56.314432989688015,25693.066666666666,25699.23333333333,25688.88333333333,25703.416666666664,25682.716666666667,11.014285714285247,0.04286539903321942,60.459183673468615,1.0,,,0.7874396135264699,True
2026-01-16 14:32:00+05:30,25694.75,25697.3,25693.05,25694.0,0,25697.127777777776,25693.683080621235,25691.983333333334,25692.363618402953,25689.42,25691.541815305318,25690.357999999997,25693.634630686385,25707.488798346294,25689.42,25671.351201653702,0.0014067112722899785,1.9308530222406262,1.389182905411791,0.5416701168288351,48.1946624803744,49.95664007077585,25694.783333333336,25696.516666666674,25692.266666666674,25699.033333333336,25690.533333333336,10.71785714285683,0.041713462842908194,58.34641548927244,1.0,,,0.17647058823529413,False
2026-01-16 14:33:00+05:30,25693.9,25707.05,25693.9,25707.05,0,25698.01111111111,25696.35646449699,25693.916666666668,25694.199416102583,25690.5225,25693.01878527624,25690.586,25694.160723600646,25710.084855766963,25690.5225,25670.960144233035,0.0015229239317311803,2.9068159172566084,1.6927095077807546,1.2141064094758538,88.87096774193314,65.74868086447964,25702.666666666668,25711.433333333334,25698.283333333336,25715.816666666666,25689.51666666667,10.903571428571013,0.04241471280668538,59.89924433249224,1.0,,,1.0,True
2026-01-16 14:34:00+05:30,25706.25,25710.6,25701.55,25701.7,0,25697.51111111111,25697.42517159759,25694.87,25695.136989089762,25691.204999999998,25693.845567630884,25690.693,25694.456381498658,25711.347986241675,25691.204999999998,25671.06201375832,0.0015680841939237288,3.211552476972429,1.9964781016190896,1.2150743753533393,71.38263665595423,69.48275562608724,25704.616666666665,25707.68333333333,25698.63333333333,25713.666666666664,25695.566666666666,11.174999999999532,0.04347961418894288,56.29235237173263,1.0,,,0.5027624309391865,False
2026-01-16 14:35:00+05:30,25701.25,25708.75,25700.35,25708.1,0,25698.222222222223,25699.560137278073,25696.16333333333,25696.75736545354,25692.6475,25695.203132618422,25690.851000000002,25694.991425361455,25713.311057420233,25692.6475,25671.983942579765,0.0016085191236312802,3.9242486137627566,2.3820322040478232,1.5422164097149333,91.96141479099641,84.07167306296125,25705.733333333334,25711.11666666667,25702.716666666667,25714.133333333335,25697.333333333332,11.167857142856779,0.043441005530773485,62.03748197981712,1.0,,,0.8154761904758759,True
2026-01-16 14:36:00+05:30,25706.65,25709.6,25703.9,25707.75,0,25698.477777777778,25701.19810982246,25697.81,25698.131444771847,25693.945,25696.398072369047,25690.986,25695.49176162179,25714.995888217207,25693.945,25672.894111782793,0.0016385874739910202,4.409987768074643,2.787623316853187,1.622364451221456,90.83601286174058,84.72668810289706,25707.083333333332,25710.266666666663,25704.566666666666,25712.78333333333,25701.383333333335,11.224999999999584,0.04366387567951137,61.94817658349431,1.0,,,0.1929824561401941,True
2026-01-16 14:37:00+05:30,25705.95,25707.3,25691.4,25692.45,0,25699.07777777778,25699.44848785797,25698.45,25697.42126417537,25694.84,25696.022065476758,25690.653000000002,25695.37247685231,25713.841180018677,25694.84,25675.838819981323,0.0014789880006006403,3.519783541189099,2.9340553617203695,0.5857281794687297,31.379962192817338,71.39246328185143,25697.05,25702.699999999997,25686.8,25712.949999999997,25681.15,11.86428571428509,0.046178101793659575,52.95376712328841,1.0,,,0.8490566037737015,False
2026-01-16 14:38:00+05:30,25692.15,25699.65,25680.7,25698.2,0,25699.122222222224,25699.198790286377,25699.29333333333,25697.518606153448,25695.8475,25696.229487812307,25690.372000000003,25695.483360113,25713.16221765192,25695.8475,25678.53278234808,0.0013476665949173022,3.2409080524157616,2.9954258998594483,0.24548215255631334,58.52842809364976,60.248134382735884,25692.850000000002,25705.000000000004,25686.050000000003,25711.800000000003,25673.9,11.699999999999429,0.045528480593969335,49.587155963303736,1.0,,,0.31926121372026595,True
2026-01-16 14:39:00+05:30,25697.9,25707.65,25691.05,25704.95,0,25701.027777777777,25700.349032229104,25699.683333333334,25698.44753038427,25696.725,25697.060012782564,25690.333,25695.854600892882,25714.015962044334,25696.725,25679.434037955663,0.0013457716533398847,3.5239439737270004,3.1011295146329587,0.4228144590940417,81.1036789297718,57.00402307207961,25701.216666666664,25711.383333333328,25694.783333333326,25717.816666666666,25684.61666666666,12.096428571428207,0.047058751607874,49.42475839852735,1.0,,,0.4246987951806232,True
2026-01-16 14:40:00+05:30,25705.5,25707.8,25703.1,25705.8,0,25702.222222222223,25701.439225783284,25699.656666666666,25699.366589086236,25697.579999999998,25697.89239251756,25690.195,25696.244616544143,25714.891249764787,25697.579999999998,25680.26875023521,0.0013473058369534374,3.77334312604944,3.235572236916255,0.5377708891331849,83.94648829431564,74.52619843924572,25705.566666666666,25708.033333333333,25703.333333333332,25710.266666666666,25700.866666666665,11.80357142857117,0.04591793069490609,51.952380952380395,1.0,,,0.06382978723387786,True
2026-01-16 14:41:00+05:30,25705.45,25708.35,25701.85,25705.7,0,25703.522222222222,25702.29138062663,25699.923333333332,25700.158265450456,25698.7125,25698.635974182554,25690.354,25696.615415895354,25714.95175960843,25698.7125,25682.473240391573,0.0012638189254366929,3.9177630530648457,3.3720104001459736,0.5457526529188721,83.61204013378537,82.88740245262426,25705.3,25708.75,25702.25,25711.8,25698.8,11.664285714285402,0.04537626174072444,50.12333497779972,1.0,,,0.038461538461538464,True
2026-01-16 14:42:00+05:30,25706.35,25714.05,25705.85,25712.45,0,25704.12222222222,25704.323104501305,25700.390000000003,25701.694732269152,25700.1925,25699.951595688977,25690.572999999997,25697.23637997789,25715.72468305729,25700.1925,25684.66031694271,0.001208721145360311,4.524727234595048,3.6025537670357886,0.9221734675592592,95.20239880060386,87.5869757429016,25710.78333333333,25715.71666666666,25707.51666666666,25718.98333333333,25702.58333333333,10.73928571428535,0.041766870579370494,64.1583054626557,1.0,,,0.7439024390245904,True
2026-01-16 14:43:00+05:30,25711.3,25719.0,25710.2,25716.9,0,25705.811111111114,25706.83848360105,25702.379999999997,25703.595390735507,25701.76,25701.565729432885,25691.127,25698.007502331697,25717.397525716227,25701.76,25686.12247428377,0.0012168447387438833,5.303690884120442,3.9427811904527195,1.3609096936677227,94.51697127937706,91.1104700712554,25715.36666666667,25720.533333333336,25711.733333333337,25724.166666666668,25706.56666666667,10.48928571428535,0.040787519935471805,61.45083932853978,1.0,,,0.636363636363937,True
2026-01-16 14:44:00+05:30,25717.2,25720.45,25708.1,25710.2,0,25706.044444444444,25707.51078688084,25703.206666666665,25704.42096689357,25702.315,25702.388040915466,25691.606,25698.48563949516,25718.338177291844,25702.315,25686.291822708154,0.0012468275555602723,5.319076183503057,4.218040189062787,1.1010359944402701,74.21383647798743,87.97773551932278,25712.916666666668,25717.733333333337,25705.383333333335,25725.26666666667,25700.566666666666,10.24999999999974,0.039867445605245154,63.98252184769282,1.0,,,0.5668016194330981,False
2026-01-16 14:45:00+05:30,25711.05,25716.15,25707.1,25707.45,0,25706.01111111111,25707.498629504677,25704.516666666666,25704.799596031873,25702.3775,25702.87013225685,25691.966,25698.837183044372,25718.47406632229,25702.3775,25686.280933677706,0.001252535203974212,5.051140720814146,4.38466029541306,0.6664804254010868,67.29559748427673,78.67546841388038,25710.233333333334,25713.36666666667,25704.316666666666,25719.283333333336,25701.18333333333,10.15714285714291,0.03951050320876987,58.201058201060114,1.0,,,0.39779005524833005,False
2026-01-16 14:46:00+05:30,25706.65,25708.6,25696.85,25696.85,0,25706.5,25705.368903603743,25704.636666666665,25703.80589652789,25702.135,25702.296786327624,25692.14,25698.759254297536,25718.419577786473,25702.135,25685.850422213523,0.0012671770486362309,3.938072871464101,4.295342810623268,-0.35726993915916694,40.62893081760457,60.71278825995623,25700.766666666663,25704.683333333327,25692.933333333327,25712.516666666663,25689.016666666663,10.692857142857195,0.04161154827481654,51.673517322371545,1.0,,,0.834042553191737,False
2026-01-16 14:47:00+05:30,25696.35,25701.7,25694.0,25698.95,0,25706.583333333332,25704.085122882996,25704.966666666667,25703.198909461906,25701.81,25701.97804477261,25692.43,25698.766734521163,25718.075449336084,25701.81,25685.54455066392,0.0012657045815903537,3.1886542103275133,4.074005090564118,-0.8853508802366044,45.911949685534594,51.27882599580528,25698.216666666664,25702.433333333327,25694.733333333326,25705.916666666664,25690.516666666663,10.303571428571688,0.040093355676289064,44.541778975742005,1.0,,,0.33766233766258924,True
2026-01-16 14:48:00+05:30,25698.4,25706.35,25696.75,25705.55,0,25706.65,25704.3780983064,25704.866666666665,25703.492795779166,25702.734999999997,25702.318230984747,25692.89,25699.032744932098,25717.501252419825,25702.734999999997,25687.96874758017,0.0011490024248258135,3.0916606244209106,3.8775361973354765,-0.7858755729145659,62.51572327043659,49.6855345911919,25702.88333333333,25709.016666666663,25699.416666666664,25712.48333333333,25693.283333333333,10.342857142857351,0.04023589124861111,52.55135851557236,1.0,,,0.7447916666665522,True
2026-01-16 14:49:00+05:30,25705.6,25706.4,25699.35,25703.4,0,25706.383333333335,25704.18247864512,25704.98,25703.48119630677,25703.015,25702.42125660525,25693.284,25699.20400983672,25717.59848380874,25703.015,25688.43151619126,0.0011347683381688414,2.8089259274929645,3.663814143366974,-0.8548882158740096,57.10691823899554,55.17819706498889,25703.05,25706.75,25699.699999999997,25710.100000000002,25695.999999999996,10.246428571428883,0.03986409802372014,46.6994382022491,1.0,,,0.31205673758811087,False
2026-01-16 14:50:00+05:30,25705.05,25709.95,25692.95,25693.05,0,25704.977777777778,25701.9559829161,25703.976666666666,25702.177296768423,25703.2775,25701.52875597618,25693.509,25698.962676117633,25716.862688335284,25703.2775,25689.692311664716,0.0010570782916913479,1.7297585617779987,3.2770030270491795,-1.5472444652711808,31.069182389933445,50.23060796645518,25698.649999999998,25704.349999999995,25687.349999999995,25715.649999999998,25681.649999999998,11.053571428571948,0.043021639815327285,40.9482758620686,1.0,,,0.7058823529411765,False
2026-01-16 14:51:00+05:30,25692.35,25704.45,25687.5,25700.55,0,25703.655555555553,25701.674786332882,25703.496666666666,25701.97388467237,25703.552499999998,25701.435541121304,25693.856,25699.02492411302,25716.650369453102,25703.552499999998,25690.454630546894,0.0010191485751321005,1.4628353144325956,2.9141694845258628,-1.4513341700932672,49.93710691823533,46.03773584905476,25697.5,25707.5,25690.55,25714.45,25680.55,11.096428571429247,0.043175840872779946,55.51771117166102,1.0,,,0.48377581120946167,True
2026-01-16 14:52:00+05:30,25700.75,25704.4,25697.85,25700.3,0,25701.81111111111,25701.399829066308,25704.020000000004,25701.764649088323,25703.8675,25701.32739434785,25694.268000000004,25699.07492708898,25716.283333482,25703.8675,25691.451666518,0.0009660673423560529,1.2170939062343678,2.574754368867564,-1.3576604626331963,38.8467374810288,39.95100892973252,25700.850000000002,25703.850000000006,25697.300000000003,25707.400000000005,25694.3,10.210714285715117,0.03972994200735056,51.54639175257621,1.0,,,0.06870229007641643,False
2026-01-16 14:53:00+05:30,25699.95,25703.1,25695.35,25696.2,0,25700.25555555556,25700.35986325305,25703.886666666665,25701.069067952285,25703.325,25700.839071076625,25694.561,25698.962184850196,25716.09834807529,25703.325,25690.55165192471,0.000993906280630262,0.6836259208212141,2.196528679258294,-1.5129027584370798,26.40364188164047,38.39582876030152,25698.216666666664,25701.08333333333,25693.33333333333,25705.966666666664,25690.466666666664,9.578571428572104,0.03727621760638578,43.29501915708813,-1.0,,,0.4838709677419355,False
2026-01-16 14:54:00+05:30,25696.0,25700.0,25695.25,25696.15,0,25699.0,25699.51789060244,25703.3,25700.45418445825,25703.0475,25700.39249287885,25694.875,25698.851903091363,25716.204866357806,25703.0475,25689.890133642195,0.001023798159172027,0.25388746021781117,1.8080004354501973,-1.5541129752323861,26.2518968133574,30.500758725342212,25697.13333333333,25699.016666666663,25694.266666666663,25701.88333333333,25692.38333333333,9.58214285714348,0.03729018883040253,42.513576415828,-1.0,,,0.031578947368727406,True
2026-01-16 14:55:00+05:30,25696.25,25703.5,25693.75,25700.9,0,25699.449999999997,25699.794312481954,25702.973333333335,25700.509911400968,25702.6875,25700.44082689039,25695.272,25698.932220617193,25715.655431093346,25702.6875,25689.719568906654,0.0010090719963308213,0.293221857635217,1.5050447198872015,-1.2118228622519844,40.66767830045875,31.10773899848553,25699.38333333333,25705.016666666663,25695.266666666663,25709.13333333333,25689.63333333333,9.814285714286338,0.03818654488475633,46.52677279305418,-1.0,,,0.47692307692322616,True
2026-01-16 14:56:00+05:30,25700.85,25705.75,25700.3,25701.45,0,25699.727777777778,25700.125449985564,25702.69,25700.62742247585,25702.372499999998,25700.536938615114,25695.668,25699.03095706358,25715.126961551676,25702.372499999998,25689.61803844832,0.0009924734809347352,0.3645724897105538,1.276950273851872,-0.9123777841413183,42.3368740515946,36.41881638847024,25702.5,25704.7,25699.25,25707.95,25697.05,9.607142857143637,0.03737976984622905,41.25596184419734,-1.0,,,0.11009174311965186,True
2026-01-16 14:57:00+05:30,25702.05,25709.65,25699.35,25708.9,0,25700.1,25701.880359988456,25702.45333333333,25701.66149466637,25703.195,25701.333420651772,25696.09,25699.417978355203,25715.363419003817,25703.195,25691.026580996182,0.0009468409669550956,1.0106213041362935,1.2236844799087563,-0.2130631757724628,64.94688922610314,49.317147192718814,25705.966666666664,25712.58333333333,25702.283333333326,25716.266666666666,25695.66666666666,9.714285714286754,0.03778569178100484,43.930197268588906,1.0,,,0.6650485436893444,True
2026-01-16 14:58:00+05:30,25710.0,25711.9,25695.85,25699.4,0,25699.655555555553,25701.384287990768,25701.28666666667,25701.378807833073,25703.255,25701.149285351603,25696.165,25699.417273321666,25715.331201040844,25703.255,25691.178798959158,0.0009396631703528167,0.7474330954464676,1.1284342030162986,-0.38100110756983097,41.53577661431361,49.6065132973371,25702.38333333333,25708.916666666664,25692.86666666666,25718.433333333334,25686.33333333333,9.97857142857252,0.03882803267225118,42.13973799126699,1.0,,,0.6604361370714407,False
2026-01-16 14:59:00+05:30,25699.65,25710.65,25699.65,25706.35,0,25701.133333333335,25702.377430392615,25701.030000000002,25702.00020685394,25703.325,25701.644591508593,25696.841999999997,25699.68914495611,25715.458663481142,25703.325,25691.19133651886,0.0009441318180539997,1.0871297057819902,1.120173303569437,-0.03304359778744681,77.25409836064517,61.24558806702063,25705.55,25711.449999999997,25700.449999999997,25716.55,25694.55,10.135714285715169,0.03942883484320088,49.24554183813291,1.0,,,0.6090909090906446,True
2026-01-16 15:00:00+05:30,25701.9,25706.65,25695.85,25706.4,0,25701.783333333333,25703.181944314092,25700.960000000003,25702.550180997197,25703.355000000003,25702.097487555395,25697.289000000004,25699.952315742146,25715.51736213207,25703.355000000003,25691.192637867938,0.0009463637826318802,1.3448734351804887,1.1651133298916474,0.17976010528884134,77.45901639344396,65.41629712280091,25702.966666666664,25710.08333333333,25699.283333333326,25713.766666666666,25692.16666666666,10.067857142858234,0.03916478831286463,57.658380112271956,1.0,,,0.4166666666665544,True
2026-01-16 15:01:00+05:30,25706.75,25709.05,25704.6,25704.95,0,25702.300000000003,25703.535555451275,25701.5,25702.85015837255,25703.317499999997,25702.36915540726,25697.497000000003,25700.1483033601,25715.454016234722,25703.317499999997,25691.180983765273,0.0009443540690593497,1.4158136968435429,1.2152534032820266,0.20056029356151628,71.51639344262166,75.40983606557025,25706.199999999997,25707.799999999996,25703.349999999995,25710.649999999998,25701.749999999996,9.835714285715378,0.03826389191854245,54.8622366288495,1.0,,,0.40449438202224225,False
2026-01-16 15:02:00+05:30,25705.15,25706.35,25698.45,25702.75,0,25703.027777777777,25703.37844436102,25701.753333333338,25702.83763857598,25702.8325,25702.405426320853,25697.784,25700.25033067931,25714.18212438515,25702.8325,25691.482875614853,0.0008831419171523421,1.2797604694096663,1.2281548165075546,0.05160565290211161,62.49999999999627,70.49180327868729,25702.516666666666,25706.583333333332,25698.683333333334,25710.416666666664,25694.61666666667,9.714285714286754,0.03779473291490893,47.55671902268821,1.0,,,0.3037974683546985,False
2026-01-16 15:03:00+05:30,25704.05,25704.65,25699.3,25700.15,0,25703.472222222223,25702.732755488818,25701.393333333333,25702.50168375398,25701.995000000003,25702.190623814102,25698.086999999996,25700.246396142866,25711.25316282784,25701.995000000003,25692.736837172164,0.0007204236735583002,0.9511744881529012,1.172758750836624,-0.22158426268372278,51.84426229508484,61.953551912567576,25701.36666666667,25703.433333333338,25698.083333333336,25706.71666666667,25696.016666666666,9.592857142858131,0.03732607452819587,47.18614718614719,1.0,,,0.728971962616117,False
2026-01-16 15:04:00+05:30,25700.4,25701.55,25693.55,25697.3,0,25703.072222222225,25701.646204391054,25700.986666666668,25701.851473284732,25701.35,25701.72485011752,25698.272,25700.130851196085,25709.977251803633,25701.35,25692.722748196364,0.0006713461980506754,0.45554530639128643,1.0293160619475565,-0.5737707555562701,40.16393442622413,51.50273224043506,25697.466666666664,25701.383333333328,25693.383333333328,25705.466666666664,25689.466666666664,8.950000000000987,0.034828561755519016,54.22885572139304,-1.0,,,0.38750000000027285,False
2026-01-16 15:05:00+05:30,25698.2,25699.35,25692.7,25693.8,0,25702.222222222223,25700.076963512845,25701.03666666667,25700.84503912414,25700.6675,25700.97010248728,25698.563000000002,25699.88258252173,25709.421643379832,25700.6675,25691.913356620167,0.0006812386005019041,-0.21716183381067822,0.7800204827959096,-0.9971823166065878,5.7291666666588705,32.579121129322594,25695.283333333336,25697.866666666672,25691.216666666674,25701.933333333334,25688.63333333334,8.214285714286493,0.0319699138091154,42.70270270270271,-1.0,,,0.6616541353387819,False
2026-01-16 15:06:00+05:30,25694.55,25695.25,25687.05,25694.4,0,25700.61111111111,25698.94157081028,25700.626666666667,25700.03940923362,25700.545000000002,25700.344378440874,25698.815,25699.667579285582,25709.58787448471,25700.545000000002,25691.502125515293,0.0007037107177850579,-0.6938735609328432,0.48524167405015906,-1.1791152349830023,29.57746478873858,25.156855293873846,25692.233333333337,25697.416666666675,25689.216666666674,25700.433333333338,25684.033333333336,8.33214285714348,0.03242785531922707,43.669527896998346,-1.0,,,0.01829268292656145,False
2026-01-16 15:07:00+05:30,25694.25,25694.75,25690.1,25691.8,0,25699.76666666667,25697.513256648224,25700.059999999998,25699.00948307942,25700.1875,25699.53062811317,25699.16,25699.359046764577,25710.026192414123,25700.1875,25690.348807585877,0.0007656514112298376,-1.2668656712339725,0.13482020499333275,-1.4016858762273052,19.114688128770958,18.140439861389456,25692.216666666664,25694.33333333333,25689.683333333327,25696.866666666665,25687.566666666662,8.110714285715014,0.03156927224139615,45.12195121951121,-1.0,,,0.5268817204300991,False
2026-01-16 15:08:00+05:30,25691.65,25693.35,25687.75,25692.35,0,25698.21111111111,25696.480605318582,25699.803333333337,25698.17704769449,25699.527500000004,25698.84675876906,25699.446,25699.084182185576,25709.619261882508,25699.527500000004,25689.4357381175,0.0007853655583748934,-1.6574792542742216,-0.22363968686017816,-1.4338395674140434,21.327967806836245,23.34004024144858,25691.149999999998,25694.549999999996,25688.949999999997,25696.749999999996,25685.55,8.171428571429194,0.03180490913220937,45.83333333333067,-1.0,,,0.12499999999951276,True
2026-01-16 15:09:00+05:30,25693.05,25695.0,25691.85,25694.2,0,25696.855555555558,25696.024484254867,25699.673333333332,25697.679916732683,25699.067499999997,25698.404210314864,25699.582000000002,25698.89264562928,25709.254296149316,25699.067499999997,25688.88070385068,0.0007927755471531393,-1.7970485372316034,-0.5383214569344632,-1.2587270802971402,28.772635814892663,23.071763916833277,25693.683333333334,25695.51666666667,25692.36666666667,25696.833333333336,25690.533333333333,7.700000000000728,0.02996785266714172,42.1545667447313,-1.0,,,0.3650793650796584,True
2026-01-16 15:10:00+05:30,25694.3,25694.3,25687.7,25691.05,0,25695.31111111111,25695.029587403893,25699.016666666666,25696.851177141096,25698.967500000002,25697.703809332495,25699.629000000004,25698.58509089872,25709.438325383362,25698.967500000002,25688.496674616643,0.0008148829623882457,-2.137200556218886,-0.8580972767913478,-1.279103279427538,16.096579476859752,22.065727699529543,25691.016666666666,25694.333333333332,25687.733333333334,25697.616666666665,25684.416666666668,7.782142857143429,0.03029126040836567,38.52097130242923,-1.0,,,0.492424242424351,False
2026-01-16 15:11:00+05:30,25691.9,25692.05,25685.15,25686.0,0,25693.449999999997,25693.223669923118,25697.98666666667,25695.49477999846,25698.24,25696.58916082464,25699.688000000002,25698.0915579223,25710.16827688611,25698.24,25686.311723113893,0.0009283341494287939,-2.7821948667551624,-1.2429167947841109,-1.5392780719710515,3.1775700934525037,16.015595128401625,25687.733333333334,25690.316666666666,25683.416666666668,25694.63333333333,25680.833333333336,7.539285714285922,0.029351731348929076,23.310023310027034,-1.0,,,0.8550724637685974,False
2026-01-16 15:12:00+05:30,25686.55,25695.15,25686.55,25690.2,0,25692.344444444447,25692.618935938495,25696.739999999998,25694.83293249865,25697.734999999997,25695.98066931753,25699.835,25697.7820850626,25710.14166628949,25697.734999999997,25685.328333710502,0.000965584421311431,-2.9207836300884082,-1.5784901618449703,-1.342293468243438,19.8039215686246,13.026023712978938,25690.63333333333,25694.716666666664,25686.11666666666,25699.233333333334,25682.03333333333,7.046428571428676,0.027428469110511694,37.76595744681063,-1.0,,,0.4244186046512243,True
2026-01-16 15:13:00+05:30,25690.4,25692.2,25687.75,25687.75,0,25691.283333333333,25691.6451487508,25695.96333333333,25693.94756593632,25697.3125,25695.196796049197,25699.879,25697.388669962107,25710.490786566916,25697.3125,25684.134213433084,0.0010256548475188316,-3.191520881926408,-1.901096305861258,-1.29042457606515,10.878661087861014,11.286717583312692,25689.233333333334,25690.716666666667,25686.266666666666,25693.683333333334,25684.783333333333,6.560714285714441,0.025540245002829913,21.903323262853206,-1.0,,,0.5955056179777577,False
2026-01-16 15:14:00+05:30,25688.05,25688.1,25682.45,25682.45,0,25690.022222222222,25689.80611900064,25694.37,25692.510370194283,25696.6275,25693.982815473082,25699.546000000002,25696.802839767515,25711.389309723512,25696.6275,25681.865690276485,0.0011489297358973337,-3.790058376882371,-2.278888720065481,-1.51116965681689,0.0,10.227527552161858,25684.333333333332,25686.216666666664,25680.566666666666,25689.98333333333,25678.683333333334,6.192857142856935,0.024113186798210198,18.77444589309671,-1.0,,,0.9911504424780014,False
2026-01-16 15:15:00+05:30,25682.85,25692.6,25681.6,25692.25,0,25689.783333333336,25690.294895200514,25693.426666666663,25692.47782392,25696.195,25693.81778542803,25699.267000000003,25696.624297031536,25710.936595286,25696.195,25681.453404714,0.0011473757329440574,-3.4340400794571906,-2.509918991943823,-0.9241210875133676,43.03030303030891,17.969654706056627,25688.816666666666,25696.033333333333,25685.033333333333,25699.816666666666,25677.816666666666,6.660714285714026,0.025924994057406517,36.40256959314931,-1.0,,,0.8545454545455868,True
2026-01-16 15:16:00+05:30,25691.7,25693.9,25688.4,25693.75,0,25690.0,25690.98591616041,25692.679999999997,25692.63684593,25695.81,25693.81132967298,25699.107999999997,25696.511579500886,25710.3748676073,25695.81,25681.2451323927,0.0011336375547063644,-2.9963158854152425,-2.607198370638107,-0.3891175147771353,52.711496746203565,31.913933258837478,25692.016666666666,25695.63333333333,25690.13333333333,25697.516666666666,25686.516666666666,6.48928571428561,0.025256281057788803,40.21739130434937,-1.0,,,0.37272727272714046,True
2026-01-16 15:17:00+05:30,25694.05,25698.6,25693.5,25697.8,0,25690.605555555558,25692.34873292833,25692.35,25693.282240188746,25695.254999999997,25694.19120303746,25698.955,25696.56210579497,25708.506371329117,25695.254999999997,25682.00362867088,0.001031425555350133,-2.296146606488037,-2.5449880178080933,0.24884141132005633,81.20300751879768,58.981602431770035,25696.63333333333,25699.766666666663,25694.666666666664,25701.73333333333,25691.533333333333,6.471428571428207,0.025182811647021172,47.523709167542904,-1.0,,,0.7352941176472686,True
2026-01-16 15:18:00+05:30,25697.6,25697.6,25691.1,25693.95,0,25690.57777777778,25692.668986342665,25691.936666666665,25693.365710165155,25694.9825,25694.168231319603,25699.092999999997,25696.459670273598,25708.098431453447,25694.9825,25681.86656854655,0.0010208943674858597,-2.0285365263407584,-2.4416977195146266,0.4131611931738681,69.57746478874469,67.83065635124863,25694.216666666664,25697.33333333333,25690.83333333333,25700.716666666664,25687.716666666664,6.378571428571116,0.024825188141843178,46.542827657380556,-1.0,,,0.5615384615381257,False
2026-01-16 15:19:00+05:30,25694.05,25696.0,25692.55,25694.05,0,25690.911111111112,25692.945189074137,25691.720000000005,25693.45124639451,25694.3675,25694.156971193926,25699.018000000004,25696.365173400125,25706.343057343223,25694.3675,25682.391942656777,0.0009321542819236974,-1.7877760757837677,-2.310913390768455,0.5231373149846874,73.23529411765134,74.67192214173123,25694.2,25695.850000000002,25692.4,25697.65,25690.75,6.149999999999896,0.023935502577444572,50.27746947835736,-1.0,,,0.0,False
2026-01-16 15:20:00+05:30,25695.55,25697.6,25694.3,25695.9,0,25692.01111111111,25693.53615125931,25691.859999999997,25693.757340595195,25693.8425,25694.322973937364,25699.18,25696.346931306005,25704.438143344847,25693.8425,25683.24685665515,0.0008247612901688965,-1.4311942290441948,-2.1349695584236033,0.7037753293794085,84.11764705884065,75.64346865507888,25695.93333333333,25697.566666666662,25694.266666666663,25699.23333333333,25692.63333333333,5.817857142856935,0.022641188449740758,51.619870410367064,-1.0,,,0.10606060606129089,True
2026-01-16 15:21:00+05:30,25695.25,25699.6,25695.1,25699.05,0,25692.994444444445,25694.638921007452,25692.17,25694.418923020796,25693.5475,25694.77316689571,25699.26,25696.452933999888,25703.12018454876,25693.5475,25683.97481545124,0.0007451430791142285,-0.8842290302709443,-1.8848214527930716,1.0005924225221272,96.9444444444485,84.76579520698014,25697.916666666668,25700.733333333337,25696.233333333337,25702.416666666668,25693.416666666668,5.807142857142545,0.022596721891052572,57.737459978655515,-1.0,,,0.8444444444442828,True
2026-01-16 15:22:00+05:30,25698.8,25704.15,25697.95,25702.7,0,25694.655555555553,25696.251136805964,25692.896666666667,25695.454057643197,25693.545,25695.528103381832,25699.433999999997,25696.697916980287,25703.107586084734,25693.545,25683.982413915262,0.000744357081495435,-0.15445026735324063,-1.5387472157051056,1.384296948351865,93.56984478935459,91.54397876421456,25701.600000000002,25705.250000000004,25699.050000000003,25707.800000000003,25695.4,5.849999999999844,0.022760254759227022,60.36036036036239,1.0,,,0.629032258064677,True
2026-01-16 15:23:00+05:30,25703.65,25705.7,25695.4,25695.4,0,25696.094444444443,25696.080909444776,25693.1,25695.447300437798,25693.307500000003,25695.515903059753,25699.201,25696.647018275176,25702.40395824637,25693.307500000003,25684.211041753635,0.0007080799734613806,-0.16326234463849687,-1.263650241491784,1.1003878968532872,57.26141078838863,82.59190000739723,25698.833333333332,25702.266666666663,25691.966666666664,25709.13333333333,25688.533333333333,6.360714285713974,0.024754291763171513,51.08303249097543,1.0,,,0.8009708737864644,False
2026-01-16 15:24:00+05:30,25696.7,25701.95,25695.4,25700.0,0,25696.955555555553,25696.86472755582,25693.48666666667,25696.01638788307,25693.4425,25695.942959911205,25699.167,25696.77850775458,25702.86281818641,25693.4425,25684.02218181359,0.0007332857935568923,0.1986457126949972,-0.9711910506544279,1.169836763349425,76.34854771784144,75.7266010985282,25699.11666666667,25702.833333333336,25696.283333333336,25705.666666666668,25692.56666666667,6.357142857142597,0.024735964424679367,57.87159190853257,1.0,,,0.5038167938930747,True
2026-01-16 15:25:00+05:30,25700.65,25702.6,25696.0,25698.0,0,25697.427777777775,25697.091782044656,25693.95,25696.264339397687,25693.652500000004,25696.138868491093,25698.965,25696.826409411264,25703.29109975617,25693.652500000004,25684.013900243837,0.0007502708893697782,0.32038398310760385,-0.7128760439020216,1.0332600270096255,68.0497925311202,67.21991701245008,25698.86666666667,25701.733333333337,25695.13333333334,25705.466666666667,25692.26666666667,6.335714285714078,0.024654503407712965,61.15241635687823,1.0,,,0.4015151515154605,False
2026-01-16 15:26:00+05:30,25697.9,25700.5,25693.6,25699.7,0,25697.63888888889,25697.613425635725,25694.863333333335,25696.693796972977,25693.917500000003,25696.478023872893,25698.804,25696.939099238272,25703.92693107888,25693.917500000003,25683.908068921126,0.0007791284516171767,0.5477244059875375,-0.46075595392410984,1.0084803599116472,75.10373443983627,73.1673582295993,25697.933333333334,25702.26666666667,25695.36666666667,25704.833333333336,25691.033333333333,6.174999999999792,0.024027517830946633,59.25925925926005,1.0,,,0.2608695652172308,True
2026-01-16 15:27:00+05:30,25701.15,25705.6,25696.5,25699.65,0,25698.272222222222,25698.020740508582,25695.493333333332,25697.063322351354,25694.31,25696.780116837377,25698.947999999997,25697.045409072067,25704.582016150012,25694.31,25684.03798384999,0.0007995557109734444,0.7156096443577553,-0.22548283426773685,0.9410924786254922,74.89626556017127,72.68326417704257,25700.583333333332,25704.666666666664,25695.566666666666,25709.68333333333,25691.483333333334,6.507142857142493,0.025319966836678677,62.16768916155713,1.0,,,0.1648351648351912,False
2026-01-16 15:28:00+05:30,25698.1,25700.25,25692.2,25694.65,0,25698.33888888889,25697.346592406866,25695.953333333335,25696.761657057436,25694.425,25696.577248567148,25698.877,25696.9514714614,25704.65604151702,25694.425,25684.193958482978,0.0007963627531669899,0.4401281685059075,-0.092360633713008,0.5324888022189155,54.149377593368165,68.04979253112522,25695.7,25699.2,25691.15,25703.75,25687.65,6.678571428571169,0.025992070055716535,62.55144032922016,1.0,,,0.42857142857110575,False
2026-01-16 15:29:00+05:30,25693.5,25710.75,25691.15,25701.9,0,25699.00555555556,25698.257273925494,25697.25,25697.403949925254,25694.81,25697.08417727504,25698.816000000003,25697.145531404094,25705.57116800533,25694.81,25684.048831994674,0.0008376141333854508,0.7976269761056756,0.08563688825072872,0.7119900878549469,60.40268456376232,63.14944257243391,25701.266666666666,25711.38333333333,25691.783333333333,25720.866666666665,25681.666666666668,7.292857142856779,0.02837477829598893,60.47774158523601,1.0,,,0.42857142857153463,True
