date,open,high,low,close,volume,delivery_qty,delivery_pct
2022-01-03,82.13630472812174,83.71196179802303,81.12626656413792,83.34835052490234,16026094,,
2022-01-04,83.79278694164653,83.91399278801859,81.28789283069389,82.49993896484375,15941813,,
2022-01-05,82.74233088505491,83.873574906224,81.77269051057401,83.59075927734375,18928897,,
2022-01-06,82.41913041922467,85.97446668987371,82.41913041922467,84.76242065429688,31853197,,
2022-01-07,86.0956529390117,90.05499748928888,85.0452108145809,89.448974609375,47566917,,
2022-01-10,89.69139130016056,91.67106368726857,88.6409491163172,91.02464294433594,30154428,,
2022-01-11,90.13582032507118,91.71147760658324,87.26730908820255,87.63092041015625,27455575,,
2022-01-12,88.56014415464598,90.49941864426555,88.15612889284122,89.93379974365234,18671986,,
2022-01-13,90.58022213451717,92.76190828737654,90.37821449988854,91.8730697631836,24520098,,
2022-01-14,91.46904597828826,93.12551089394195,90.94383110897763,91.75186157226562,18050750,,
2022-01-17,92.03468582375278,92.03468582375278,87.71172338190051,89.08537292480469,30540288,,
2022-01-18,89.77219965363436,90.41862660838044,86.09566407227102,86.54007720947266,20869250,,
2022-01-19,86.45927363411127,89.32778471125015,86.33806781194774,88.2369384765625,21877233,,
2022-01-20,88.68135584233376,90.21661517187766,88.15613473422873,89.40858459472656,20232399,,
2022-01-21,89.48939112427604,90.58023122782275,86.29767264264225,87.46931457519531,25869682,,
2022-01-24,87.02488843449524,87.02488843449524,81.1262690732636,81.77268981933594,24601605,,
2022-01-25,81.12626251236738,87.46930063243235,80.075820408374,86.66127014160156,23190672,,
2022-01-27,84.7624085528672,86.62087517654962,83.30795105191221,85.8532485961914,22428747,,
2022-01-28,86.70167345052735,90.66101789264854,86.5804676448988,87.9137191772461,23770677,,
2022-01-31,88.43894154946943,89.20657427359892,87.26729971367166,87.9541244506836,13071171,,
2022-02-01,88.56014980283189,92.15588956109337,88.03492869603143,91.67106628417969,24751311,,
2022-02-02,92.64071327864306,94.05476688596929,91.22665967131685,93.77195739746094,26715512,,
2022-02-03,93.56995243720566,95.83243457529183,93.12553311046096,94.37798309326172,19078393,,
2022-02-04,94.82238699414603,98.17571512222408,94.53957752510466,95.22640228271484,27147310,,
2022-02-07,95.751624355797,97.69089899342819,95.26680723758524,96.1556396484375,20083666,,
2022-02-08,96.96366475159472,98.13530656809631,92.35789314180748,96.3172378540039,39305478,,
2022-02-09,98.01410703866803,102.01385574864186,98.01410703866803,100.76140594482422,39566419,,
2022-02-10,101.77143878062908,103.62991139237054,101.24622388863487,101.73104095458984,28640085,,
2022-02-11,100.19580302335778,102.53909319799004,98.0949245155024,98.98375701904297,25387059,,
2022-02-14,96.96368267603086,99.75138608705277,95.99404831518451,96.39806365966797,24080150,,
2022-02-15,98.17571643195755,99.38776231383358,93.08512126216462,98.86254119873047,28875446,,
2022-02-16,99.54935275552921,99.95336799587598,96.80205405299787,97.6100845336914,17759314,,
2022-02-17,99.43302941612453,100.01305289233922,96.36718020450672,97.27864837646484,16060493,,
2022-02-18,96.53290412385499,98.02440216692781,95.12427200011672,95.4142837524414,12570792,,
2022-02-21,94.8756857998759,95.70429440948179,91.93412270706214,92.51415252685547,17871734,,
2022-02-22,90.89836718527262,96.69862778689429,90.19405109086074,95.70429992675781,34467444,,
2022-02-23,96.61576611178698,97.52723435097906,94.9171221936977,96.20146179199219,31552718,,
2022-02-24,92.59701881331699,98.02440812706108,91.561257976479,92.8456039428711,51106078,,
2022-02-25,95.2071312097877,100.75880640635243,94.95854609636096,97.19579315185547,38625074,,
2022-02-28,97.1958038207916,101.46313360270219,96.0771770093645,100.51023864746094,40870737,,
2022-03-02,101.0902566784008,106.39334705328444,101.0902566784008,104.3632583618164,44096512,,
2022-03-03,107.71911916806717,108.46486185872818,104.07324002417619,106.89051055908203,37451342,,
2022-03-04,107.71912297751155,109.95636377217775,101.29740603077528,101.75314331054688,52843905,,
2022-03-07,103.7832297952651,106.1033364631136,101.17311137438107,105.31615447998047,39261391,,
2022-03-08,104.8189846066115,105.15042930055397,99.84733316281965,101.21453857421875,37399419,,
2022-03-09,101.50454920192541,102.29172480988075,99.68161288782798,101.38025665283203,22882167,,
2022-03-10,99.22587021300747,101.83598831386455,97.48579358636317,101.2559585571289,33936972,,
2022-03-11,101.5459974252177,103.90753092589618,100.55166320476499,101.00740051269531,21491624,,
2022-03-14,101.09025116938695,101.83600018827161,96.6986229751188,97.56866455078125,18735258,,
2022-03-15,96.69863180632767,96.69863180632767,93.42563000236368,94.17137908935547,27015131,,
2022-03-16,94.6685458778316,98.1486999590694,94.6685458778316,96.94721984863281,24717094,,
2022-03-17,97.94153890043509,98.52156874257722,93.21847217241242,96.74005889892578,72085362,,
2022-03-21,98.60442795633749,102.58175194883542,98.60442795633749,101.75314331054688,42609037,,
2022-03-22,102.74745642098476,104.40467346003291,100.84165429736687,101.2559585571289,23499881,,
2022-03-23,101.09025068709465,103.0374796613831,99.55732601890084,102.04315185546875,34623994,,
2022-03-24,102.25029879537726,105.60615971057919,102.25029879537726,102.830322265625,40640878,,
2022-03-25,102.95462948788017,103.41036679501039,100.38594381933989,100.8416748046875,17604708,,
2022-03-28,100.59308543877815,102.74746653730065,99.84733643342523,101.67027282714844,17429576,,
2022-03-29,101.87743234859612,102.25031003914249,99.93020325946193,100.38594055175781,13249185,,
2022-03-30,99.43304716572572,99.43304716572572,96.45005701511053,96.78150177001953,15857126,,
2022-03-31,98.10725952436589,101.38026096632066,97.85867441560242,100.92453002929688,22945839,,
2022-04-01,101.2559695836474,102.12601115260551,100.13734922483124,101.13168334960938,13829876,,
2022-04-04,101.67028021259671,104.7361360524701,101.50456100905,104.3632583618164,18233438,,
2022-04-05,104.94328377373235,104.94328377373235,103.65893787439548,104.0732421875,10933407,,
2022-04-06,103.32749549351328,109.70777953072773,103.12034333228188,107.71912384033203,31204842,,
2022-04-07,107.71911872981154,108.46486141743851,102.74746709612793,103.1203384399414,18731349,,
2022-04-08,103.99038834611024,105.48188648456824,103.36893184204982,105.1090087890625,10714327,,
2022-04-11,105.19186888716017,106.31049565716143,102.74747582172725,102.95462799072266,12849380,,
2022-04-12,102.74746799869911,102.87176055498944,97.56866416811953,99.35017395019531,28469425,,
2022-04-13,99.8473357557587,101.13168160747085,99.06016011876217,99.4744644165039,11210665,,
2022-04-18,99.26731416074168,101.09025057685746,97.23721927002246,99.1844482421875,14490629,,
2022-04-19,99.76448246456485,102.12601584655884,97.15436395950526,99.10159301757812,14880212,,
2022-04-20,99.640177760734,100.3444937612145,98.02439362305633,98.81156921386719,18452028,,
2022-04-21,98.97731360000544,99.64020313502238,97.1958098279908,98.85302734375,16227721,,
2022-04-22,97.19579354783893,98.19012136203276,95.20713159766919,95.4142837524414,23547072,,
2022-04-25,92.72130720182554,93.13561151790002,89.90403658816263,90.60835266113281,20180148,,
2022-04-26,91.35408990642178,92.47271015112374,90.4426217930269,91.22979736328125,13120220,,
2022-04-27,89.82118322186857,91.39554099655048,87.95681367016743,89.86260986328125,18633625,,
2022-04-28,90.69120848981532,91.31266493809213,88.6611199541572,89.44829559326172,12252792,,
2022-04-29,90.3183431410329,90.64978786645737,86.4238850021967,87.04534149169922,15914628,,
2022-05-02,85.55384569873429,88.45397606140325,85.55384569873429,88.20539093017578,14264215,,
2022-05-04,87.41821504347395,88.12253115150564,83.19231207350138,83.6894760131836,20622693,,
2022-05-05,85.30524817010142,86.2581492722784,83.3580193310851,83.77232360839844,11893961,,
2022-05-06,81.20365694063287,82.69515520907198,80.62363334834156,81.70082092285156,15293852,,
2022-05-09,80.70648472781315,80.87220393105802,78.38637795169078,79.33927917480469,15243665,,
2022-05-10,78.71782664632047,79.09069803330048,73.74617443707918,74.03618621826172,22310438,,
2022-05-11,74.57477366760749,76.72915475364866,72.5861117721149,75.07193756103516,19100752,,
2022-05-12,74.57477309098334,75.32052208624954,71.88179517380894,73.62187194824219,21955290,,
2022-05-13,75.32052892610479,75.77625989886549,73.33186686539851,73.95332336425781,20367885,,
2022-05-16,75.5690972656966,75.9419749064353,73.78759393981066,75.32051849365234,10037669,,
2022-05-17,76.23199715979325,81.78367268510871,75.9419853914766,81.16221618652344,30736909,,
2022-05-18,81.4522331154173,81.86653744190104,79.0492667574551,80.95506286621094,22148741,,
2022-05-19,78.71783107281996,79.2978546678012,76.23200482841513,78.09637451171875,20104990,,
2022-05-20,80.416470490575,82.4051261555446,79.8364406534737,81.9908218383789,13565456,,
2022-05-23,79.87786629090208,81.16220576330144,77.47490020728246,79.46356201171875,19581833,,
2022-05-24,79.46357057792505,80.78934314987423,78.42780976831128,79.13212585449219,11649229,,
2022-05-25,79.38069489524887,79.87785871878329,77.06058862304688,77.68204498291016,10595703,,
2022-05-26,78.30350001024905,79.54641270882443,74.69905444873662,77.10202026367188,22578723,,
2022-05-27,78.38637046142671,78.55209597061793,75.90054471959427,77.0191650390625,13029657,,
2022-05-30,78.01350862806518,79.29784829132862,76.77059560580747,78.84211730957031,12156792,,
2022-05-31,78.71781517608754,80.7064770343661,78.30351088568707,79.71214294433594,13147525,,
2022-06-01,78.13778595122345,79.00782110400446,75.94197210924625,76.5219955444336,19545842,,
2022-06-02,76.5220140495594,77.26776316212955,74.90622957380978,76.60487365722656,16847399,,
2022-06-03,77.35062392007214,77.97208046949176,76.14914378657404,76.43915557861328,8056796,,
2022-06-06,75.36194460338236,76.81200955644631,74.82335410681237,76.56343078613281,10019200,,
2022-06-07,76.19056624160007,77.10204085473407,75.48625012200046,76.68773651123047,14212551,,
2022-06-08,76.97773130645456,77.97205898280686,76.19054943437622,77.72348022460938,10879404,,
2022-06-09,77.47489561451175,78.26207116958307,75.81767859601952,76.4805679321289,9315287,,
2022-06-10,75.23766307336565,75.8176865620676,73.12470862407068,75.07193756103516,17905822,,
2022-06-13,72.91755612539879,73.29042746323638,70.51458994327359,71.09461975097656,18907206,,
2022-06-14,69.23025377633924,71.26034239731739,68.73308353939734,68.85737609863281,17810587,,
2022-06-15,69.39596823198117,69.89313211316738,67.61445852943069,68.02876281738281,13131903,,
2022-06-16,69.18882391220147,69.35454311740993,64.30003149716248,64.79719543457031,14581669,,
2022-06-17,64.38288318154166,65.66722899018862,62.47708726890172,62.72566604614258,15436230,,
2022-06-20,62.518520883416,62.72567304846613,56.84255282539894,58.458343505859375,24736353,,
2022-06-21,59.618380042279064,61.81419386831881,58.624052354380176,60.81986618041992,20301236,,
2022-06-22,60.07412438982849,60.07412438982849,56.75968994073451,57.04970169067383,23211784,,
2022-06-23,57.17400056049947,58.25119440412052,55.51678315294876,56.303958892822266,26619459,,
2022-06-24,56.88398006498916,57.75401527761078,56.01393853058579,57.422576904296875,17983417,,
2022-06-27,58.748349500368526,59.369805934458924,57.96116755745164,58.16831970214844,15341687,,
2022-06-28,58.20975922019476,60.19842129776787,57.62973567838624,60.03269577026367,19577338,,
2022-06-29,59.24551044402006,59.576955123447796,58.04403059309867,58.996925354003906,12502473,,
2022-06-30,59.12122616655372,59.41123793094033,56.801125729678496,57.008277893066406,15333346,,
2022-07-01,56.345388441512156,57.09113749406511,55.51677978796051,57.008277893066406,16360489,,
2022-07-04,57.00827909694901,58.37547834675544,55.599640563094624,57.96117401123047,17851626,,
2022-07-05,58.08546884783449,59.701259612641245,57.29829310826539,57.629737854003906,18619264,,
2022-07-06,56.925406487997954,58.66548955030095,55.47534148393327,58.41690444946289,22429824,,
2022-07-07,59.24552048101793,61.97993164731638,57.71259569097047,61.48276138305664,27239352,,
2022-07-08,62.145648736101236,62.35280089855491,60.11556007276818,61.607051849365234,28275262,,
2022-07-11,61.02701950073242,62.18707270712436,60.36413014799948,61.02701950073242,23020215,,
2022-07-12,60.32271386295041,61.192749175663195,59.12122749522922,60.03269577026367,20840984,,
2022-07-13,60.032693116991034,60.73701551463554,59.74268135890446,60.239845275878906,11618515,,
2022-07-14,60.28126923896139,60.654140540592984,58.126888372440675,58.499759674072266,16489133,,
2022-07-15,58.002602791022575,58.70691884627145,57.21542713900007,58.209754943847656,17265535,,
2022-07-18,58.996937358394675,61.19275169439217,58.70692557555336,60.985599517822266,15160800,,
2022-07-19,60.488435558411055,61.56562940528763,60.15699081154266,60.985599517822266,14500481,,
2022-07-20,61.73134407279844,63.30570176317258,61.27560678918569,62.22850799560547,20827493,,
2022-07-21,62.18708574584435,62.891401879683166,61.89706764210244,62.518524169921875,11264107,,
2022-07-22,62.9328267744618,63.05711934093123,61.64848711236449,62.021358489990234,11128040,,
2022-07-25,62.26994420825186,62.518523021744755,61.52419512420797,62.311370849609375,10413496,,
2022-07-26,62.47709616383332,63.05711971508891,60.985598000915274,61.39990234375,14291662,,
2022-07-27,61.3999124199522,63.01570341524103,60.944181361114545,62.89141082763672,9052097,,
2022-07-28,63.429995501772126,63.512855103481044,61.979930345627736,62.43566131591797,15743615,,
2022-07-29,62.974261091207346,65.12864244312895,62.642816347423405,64.46575927734375,24079718,,
2022-08-01,64.79718169416233,65.750082726502,64.17572532373833,65.54293060302734,12545177,,
2022-08-02,65.0457826603719,65.0457826603719,63.305705662476434,64.30003356933594,17060392,,
2022-08-03,64.2585937543076,65.21148850229108,63.05710759789754,64.17572784423828,10743005,,
2022-08-04,64.46575587346116,65.91582101939059,63.88572602201999,64.59004211425781,14672063,,
2022-08-05,64.63148060065589,65.33579675310133,64.1343166296228,64.34146881103516,10066322,,
2022-08-08,64.21717114261023,65.62580333573517,64.17573818090204,65.29436492919922,9848006,,
2022-08-10,65.29436498986958,67.07586855289401,63.7614339101957,66.04010772705078,23191150,,
2022-08-11,66.45440971793006,66.53727563850622,65.41864892854971,65.62580108642578,11537786,,
2022-08-12,65.75008532161982,67.07585769982892,65.62579277827305,66.12296295166016,12629443,,
2022-08-16,66.12297132275408,66.37155011913606,64.50718069825145,65.62580108642578,11865866,,
2022-08-17,65.66723717941943,69.14739106904793,65.58437757667257,68.19449615478516,28975055,,
2022-08-18,68.36020836463341,68.60879346921753,66.86871038069232,67.32444763183594,14538447,,
2022-08-19,67.78019546419274,67.78019546419274,65.1700767457193,65.58438110351562,13636193,,
2022-08-22,65.46006958205979,65.46006958205979,63.63713346418317,63.802852630615234,12092950,,
2022-08-23,63.13997519191296,65.95724580338393,62.932823034036886,65.62580108642578,13581136,,
2022-08-24,65.7915224922051,66.70299066551416,65.41864483827293,66.24725341796875,9316991,,
2022-08-25,66.45440878058044,67.03443860752132,65.70866608017113,65.95724487304688,7118905,,
2022-08-26,66.45439866091284,68.40163367838286,66.16438695249639,67.69731140136719,15118718,,
2022-08-29,65.46007895377214,67.03443654739645,65.25292680518426,66.45440673828125,10138292,,
2022-08-30,67.03444001955769,67.40731137761664,66.53727610155171,66.70299530029297,8423342,,
2022-09-01,65.83294611259726,66.70298761013773,64.01000984947999,64.38288116455078,21407129,,
2022-09-02,64.63148371144025,64.6729166784301,63.55428978753631,63.88573455810547,11440392,,
2022-09-05,64.34147660762423,65.87440167147156,63.88573922457984,65.79154205322266,12085923,,
2022-09-06,66.2058334642001,66.70299739783994,65.3772248008729,66.57870483398438,13155323,,
2022-09-07,66.1644016234478,66.53727932133273,65.54294511542209,66.4129867553711,10218095,,
2022-09-08,67.24159076247547,67.86304722733794,65.75009271809272,65.95724487304688,10338905,,
2022-09-09,67.03443536174885,67.69731843243645,66.0401012730448,66.24725341796875,13114973,,
2022-09-12,67.11729548527644,67.448740184128,66.70299119215746,67.32444763183594,10923381,,
2022-09-13,67.82161709327862,68.23592142044804,67.36588612646165,67.44874572753906,11674146,,
2022-09-14,66.49583531068343,69.43739815532032,66.0400980851375,68.4844970703125,19396977,,
2022-09-15,69.03305336286546,69.03305336286546,66.71226009067254,66.88104248046875,22339284,,
2022-09-16,66.88105405552061,66.88105405552061,64.433670348096,65.02442169189453,18887924,,
2022-09-19,65.36198052410397,65.48857054604593,62.53483341436802,62.78801345825195,15147915,,
2022-09-20,63.294351432322976,64.68682845156096,63.25215262258101,63.80070495605469,15967908,,
2022-09-21,63.463147429139795,64.391469933839,62.450440164095255,62.577030181884766,10148766,,
2022-09-22,61.69091073898816,63.463151794025656,61.69091073898816,63.25217056274414,11709304,,
2022-09-23,63.29436302130277,63.67412662397636,61.31114093436239,61.648712158203125,8819359,,
2022-09-26,60.76259306836857,61.01577311494118,57.8932471079684,58.146427154541016,17292415,,
2022-09-27,58.23082416053973,58.99035793731758,57.04932788984492,58.18862533569336,12741787,,
2022-09-28,57.808857482793215,58.188621124378976,56.500771270866764,56.62736129760742,9616310,,
2022-09-29,57.51347451694173,58.10421928206658,56.75394093418473,57.1759033203125,10459007,,
2022-09-30,57.80884865807196,60.6359954434039,57.55566864323944,60.17184066772461,16670832,,
2022-10-03,59.87647116737079,59.87647116737079,57.724466460514414,57.935447692871094,15908507,,
2022-10-04,59.91866995260084,60.08745236292832,58.82156496956351,59.79207992553711,17040008,,
2022-10-06,60.76259086058312,61.85969577102019,60.5516096423172,61.39553451538086,12882262,,
2022-10-07,61.60651294060282,61.60651294060282,60.55160689709935,61.057960510253906,7104964,,
2022-10-10,60.08744808955434,61.142354175667556,59.45450443788641,60.97357177734375,6928269,,
2022-10-11,61.015764676343395,61.64870826660158,58.99034389979016,59.15912628173828,10578567,,
2022-10-12,59.496707916259766,59.70768915000537,58.399602925328125,59.496707916259766,8444884,,
2022-10-13,60.931379940422026,61.52213127951964,59.83428134833192,61.015777587890625,22993510,,
2022-10-14,61.77529839326078,62.11286963163667,58.737170125149504,59.07474136352539,15341395,,
2022-10-17,59.03254437308748,59.03254437308748,57.766657018937195,57.977638244628906,14277417,,
2022-10-18,58.399602540874035,58.73717380037197,57.80885766572984,57.935447692871094,8941289,,
2022-10-19,57.97763514232283,58.990348834635725,57.766653927920444,58.104225158691406,7423142,,
2022-10-20,57.76665661104164,59.496705224952095,57.4290918032273,59.32792282104492,9456456,,
2022-10-21,59.285720510722065,59.62329173730027,58.52618686058,58.8637580871582,8386352,,
2022-10-24,59.412305657385154,59.412305657385154,59.07473445846689,59.201324462890625,1320735,,
2022-10-25,59.2435171252106,59.327914754324766,58.61057353866504,58.73716354370117,10241432,,
2022-10-27,60.00305184495786,60.889175458236416,59.9186606528921,60.17184066772461,18476668,,
2022-10-28,60.50940830961453,60.50940830961453,58.35740383587918,58.90595626831055,11551172,,
2022-10-31,59.074736443532586,59.538897662471605,58.14642044428985,59.2435188293457,8029799,,
2022-11-01,59.15913315531412,60.3828281018396,59.07474195453483,59.91866683959961,10523704,,
2022-11-02,60.25623725927048,61.22675215158132,60.04525604088273,60.5094108581543,9931581,,
2022-11-03,59.91866683959961,60.2984304624244,59.53890321677482,59.91866683959961,12721120,,
2022-11-04,60.25623883015303,62.23946104697346,60.171847628325004,61.90188980102539,17688509,,
2022-11-07,62.7458080186263,64.3070676215079,61.395529617178305,64.05389404296875,23420487,,
2022-11-09,64.4758735895755,64.51806597789974,62.281669798967755,62.53484344482422,21304507,,
2022-11-10,61.606518146376125,62.32385302884644,60.80479206102155,61.142356872558594,12863405,,
2022-11-11,62.36604793008754,63.716326407282956,61.85969430596871,62.91460037231445,12989668,,
2022-11-14,63.54753997906386,65.9527243699595,63.42094997140931,65.783935546875,26350018,,
2022-11-15,66.07932861021139,66.54348348673716,65.1932048044056,66.12152099609375,14496196,,
2022-11-16,65.91053028233732,66.20590269562838,64.01169934722022,64.47586059570312,8750992,,
2022-11-17,64.13828938542112,64.30707178203373,62.78801089661308,63.58973693847656,6785783,,
2022-11-18,63.716338177116555,64.30708310793972,61.606525654695474,62.02848815917969,9898388,,
2022-11-21,62.45044057167113,62.7036206089025,61.77529809814468,62.28165817260742,7806849,,
2022-11-22,62.619224966154206,62.619224966154206,61.77530006667161,62.3238525390625,4410210,,
2022-11-23,62.83020583980862,63.29436710738383,62.28165980912007,62.78801345825195,6575412,,
2022-11-24,63.20997619628906,63.3787586005638,62.36605129764338,63.20997619628906,6504948,,
2022-11-25,62.95678888844619,63.88510488213724,62.83019888052576,63.63193130493164,6744711,,
2022-11-28,63.252161965700765,63.50534198428161,62.61921835788401,62.872398376464844,8033647,,
2022-11-29,63.20996890428705,65.06660089166915,63.04118008084806,63.63193130493164,12911601,,
2022-11-30,63.63193735855332,65.15099828220849,63.63193735855332,64.98221588134766,14072369,,
2022-12-01,66.07932905837421,66.58568276285315,65.65736656486898,65.8261489868164,17910379,,
2022-12-02,65.65736656486898,66.41689390226905,65.53077652909008,65.8261489868164,7625013,,
2022-12-05,66.83884493311076,68.48450223873785,66.50128014710728,67.68276977539062,27249138,,
2022-12-06,67.34519989601851,67.34519989601851,65.61515152473544,66.16370391845703,13256787,,
2022-12-07,66.5856708668701,66.67006206276675,65.6573548347359,66.29029846191406,9649174,,
2022-12-08,66.41688203644127,66.83884445456005,65.40417480841042,66.29029846191406,11025693,,
2022-12-09,66.83885058668149,67.04983181509732,64.56025589524494,64.8978271484375,11968333,,
2022-12-12,64.47586322997941,65.82614177350356,63.58973951526632,65.53076934814453,8657751,,
2022-12-13,65.53076976611015,65.99492459788168,64.98221729343834,65.23539733886719,7233729,,
2022-12-14,65.44636092841111,67.17640264387094,65.44636092841111,66.75444030761719,11478637,,
2022-12-15,66.67007256467654,67.21862508236639,65.23540269253687,65.57296752929688,8780986,,
2022-12-16,64.9822154716628,66.037121566982,64.39147063373838,65.277587890625,10372718,,
2022-12-19,65.06660523273845,66.16371012306439,64.77123282030783,65.91053009033203,7108283,,
2022-12-20,65.4041833975592,66.07932593066597,64.30707839091978,65.9527359008789,9405089,,
2022-12-21,66.37470262297958,67.59839129909658,65.06661629584475,65.48857879638672,16628699,,
2022-12-22,65.82613664109181,66.16370786031169,63.0411821308222,63.84291458129883,8068682,,
2022-12-23,62.9989859092671,63.37874948357453,60.34062157320986,60.63599395751953,12489907,,
2022-12-26,60.50940908852436,62.788010043654715,58.90595702657987,62.492637634277344,11259187,,
2022-12-27,63.29437020338699,67.00764120971294,63.16778017525296,66.5434799194336,24136229,,
2022-12-28,66.37469235779939,67.09202721005394,65.65735750554484,66.4590835571289,9672352,,
2022-12-29,65.61515258016365,67.04982215115689,65.31978019068094,66.7122573852539,14513946,,
2022-12-30,67.64057367165373,69.623795654073,67.429592472702,67.85155487060547,24700907,,
2023-01-02,68.40010949636351,71.14286517178553,68.23132066854089,70.63650512695312,26151479,,
2023-01-03,70.84748463612884,71.3116458532312,69.83477744798677,70.1301498413086,13010713,,
2023-01-04,70.00357914229059,70.00357914229059,67.55620168944542,68.2735366821289,16399087,,
2023-01-05,68.61108940282305,69.58159778022322,67.59837577097221,68.94865417480469,18655160,,
2023-01-06,69.15964529562545,69.5816077597565,68.27352798413197,68.61109924316406,8428579,,
2023-01-09,69.70818436985441,70.8474815159983,69.62379318099838,70.2567367553711,14635336,,
2023-01-10,71.64922103791163,72.11337584213427,69.66599892854885,70.29894256591797,21067097,,
2023-01-11,70.76310333730737,72.15558074466857,70.59432092856379,71.48043823242188,23404023,,
2023-01-12,71.39604313476929,71.52263315374202,68.52669727214274,69.6238021850586,26126468,,
2023-01-13,70.13015500482713,70.889688671174,69.91917378854387,70.21454620361328,10341626,,
2023-01-16,70.9740858504454,71.39604831856772,69.91917968013964,70.59432220458984,14008284,,
2023-01-17,70.93189710128732,71.52264201147317,69.70820201785006,71.31166076660156,16709494,,
2023-01-18,71.26946797946746,72.40877194919479,70.9740954993533,71.94461059570312,19612529,,
2023-01-19,71.22727068223821,73.04171070454137,70.97409060893574,72.11338806152344,15849863,,
2023-01-20,72.11338344084176,72.66193593875735,70.67871362041912,70.84749603271484,12331004,,
2023-01-23,71.35385959103053,71.48044318704419,70.38334457689383,71.31166076660156,7441506,,
2023-01-24,71.39604020092035,71.733611424764,70.21454413678536,70.88968658447266,7110397,,
2023-01-25,71.10320588260001,71.4021369764622,70.20640608480429,70.59075164794922,10768801,,
2023-01-27,71.14593239417954,71.65838676767946,69.22422360639666,70.29183959960938,16693903,,
2023-01-30,70.67616483250993,71.14591838349988,69.5658418117389,70.7188720703125,12599662,,
2023-01-31,71.10320593846085,71.61566017351424,69.99288299900424,71.18861389160156,9654179,,
2023-02-01,72.08541167783667,72.29893481283251,68.07117283018954,69.77935791015625,10560529,,
2023-02-02,68.71175253050072,70.63346103339961,68.66905180682893,69.43773651123047,7173710,,
2023-02-03,69.8220791088011,69.90748707664015,66.19218508785426,67.00357055664062,11496275,,
2023-02-06,67.04626383989822,67.30249420627948,66.06405612371526,66.23487854003906,5945783,,
2023-02-07,66.2348874672778,66.27758818995734,64.61211013263019,65.50890350341797,10704992,,
2023-02-08,65.50892021159862,67.21710594349126,65.50892021159862,66.91817474365234,5995127,,
2023-02-09,66.61921553820892,67.6014232243858,66.19216928475886,66.79003143310547,8329778,,
2023-02-10,66.96086491492784,67.3025032774131,65.38079481916957,65.50890350341797,8570383,,
2023-02-13,65.33807794959012,67.81494756726077,64.9964396374616,67.38790130615234,18245506,,
2023-02-14,67.38791587691799,67.77225498853471,65.29538483530965,67.17439270019531,12287723,,
2023-02-15,67.13168473028776,68.284708568843,66.87546083072557,67.55873107910156,11245876,,
2023-02-16,67.90035849635801,69.0960893831835,67.38790426377825,68.83985900878906,10036000,,
2023-02-17,68.41283030515567,69.39503830439853,68.07119189026108,68.71176147460938,8039120,,
2023-02-20,68.75446075747932,69.73666864297103,68.5836448279199,69.48043823242188,6001314,,
2023-02-21,69.8647773259536,70.71886992643611,69.35231655269655,70.07830047607422,8865307,,
2023-02-22,69.77938714716292,69.82209439853966,68.62636303831928,69.35234069824219,5778099,,
2023-02-23,69.69395489613144,70.46263953980758,68.96797748896319,70.07830047607422,10637534,,
2023-02-24,70.07830523288585,70.29182839750013,66.70463532225455,66.87545776367188,15008993,,
2023-02-27,67.08898822039569,67.08898822039569,65.0818650418933,66.49111938476562,8706919,,
2023-02-28,66.66191727348482,67.47330248165436,65.63700243998795,66.83273315429688,9951311,,
2023-03-01,66.74733511375463,70.88968274181141,66.74733511375463,70.59075164794922,14651557,,
2023-03-02,70.2918191035282,71.1459116490573,69.99288149962581,70.16370391845703,5514213,,
2023-03-03,70.3772385191511,70.71887689625676,69.69396176493981,70.462646484375,6474156,,
2023-03-06,70.84698077430214,72.29894214933637,69.60854907214055,71.91459655761719,14092792,,
2023-03-08,71.01780590486356,71.23132906963093,69.9501900810268,70.41993713378906,7117864,,
2023-03-09,70.67616965553978,71.57296958091584,70.3772385191511,70.462646484375,9911679,,
2023-03-10,70.20642021746254,70.3772426742057,68.8825803878078,69.9928970336914,11716910,,
2023-03-13,70.37722705483931,71.44484273675067,69.60854246062132,70.16370391845703,13263771,,
2023-03-14,70.4199385483902,70.63346171744682,68.88257564090851,70.2491226196289,14644648,,
2023-03-15,70.88970173897334,72.08543295106567,70.50536258904157,71.48756408691406,15374186,,
2023-03-16,70.24911426916354,70.33452222339182,68.58363635498014,70.03559112548828,15127247,,
2023-03-17,70.46263579702799,73.28114383539274,70.29181989248852,70.97509002685547,66211335,,
2023-03-20,71.6156670350587,71.6156670350587,67.13168064536188,68.02848052978516,24868564,,
2023-03-21,69.3952211341156,70.32108132209186,68.51345208932449,69.57157897949219,14164118,,
2023-03-22,69.6597640724865,69.79203079278064,68.4252858953492,68.6898193359375,7114893,,
2023-03-23,68.33710068601427,69.21886972712412,68.02848286709859,68.204833984375,8890844,,
2023-03-24,68.42528156760098,69.26296625823896,67.32307018047027,68.02848815917969,11644077,,
2023-03-27,67.89621675518555,68.64571910116611,67.41124108741721,67.63168334960938,6292541,,
2023-03-28,67.85212177774854,68.77798191758453,67.01444391969775,67.2348861694336,6688608,,
2023-03-29,67.41124574596785,68.55754827952954,66.74991891368943,68.02848815917969,12744445,,
2023-03-31,68.38118167079587,69.92427726350688,68.11664830681454,69.13068389892578,11283088,,
2023-04-03,69.48339613814949,70.36516509052518,69.0865960731625,70.10063171386719,6535979,,
2023-04-05,69.74792509554851,70.01245848096048,68.73388942128727,69.4833984375,4238488,,
2023-04-06,69.48339465910375,70.10063022168276,68.77797682127365,69.88018798828125,6254614,,
2023-04-10,70.40926504965331,70.85014962319825,69.88020490687234,70.62970733642578,3994751,,
2023-04-11,70.76196319281816,71.42328995162954,70.40925424264601,71.29102325439453,6789738,,
2023-04-12,71.42328759827517,71.77599653682576,70.98240310692779,71.11466979980469,3902633,,
2023-04-13,71.37920683954837,71.6878314102685,69.92429318839093,70.1888198852539,7659808,,
2023-04-17,70.14473705914622,71.99645088869808,69.88020362891113,71.77600860595703,5847694,,
2023-04-18,71.59964858943644,73.09866010340002,71.55556417063316,72.92230224609375,5503665,,
2023-04-19,72.79002862179274,74.95035983188416,72.74593748388757,73.98041534423828,11582762,,
2023-04-20,74.06860446850084,74.15678003310951,73.18683536768536,73.23092651367188,4745056,,
2023-04-21,73.40726134460299,73.40726134460299,71.77599021575104,72.43731689453125,4538665,,
2023-04-24,72.128712263243,73.010481328919,71.99644555791878,72.7900390625,2696845,,
2023-04-25,72.7900482464018,73.09866611285382,71.95236349190067,72.17280578613281,3426102,,
2023-04-26,72.04052590201549,72.87821050346815,71.55555697972957,72.65776824951172,3941418,,
2023-04-27,72.34914134949979,72.96637689208285,71.99643244201111,72.43731689453125,3677502,,
2023-04-28,72.43732891218652,73.62771578600847,72.43732891218652,73.0986557006836,7993712,,
2023-05-02,73.363169440593,74.20085392803183,73.18681835237575,73.27499389648438,9406438,,
2023-05-03,73.09864357331146,73.18681911834291,72.17278353207402,72.43731689453125,5665890,,
2023-05-04,72.79003787819109,73.5836246424964,72.56959561535872,73.0986557006836,5372573,,
2023-05-05,72.92228575342746,72.92228575342746,70.32107017459147,70.49742126464844,10707494,,
2023-05-08,71.07058248125286,72.48141158395332,69.83610449362854,72.34915161132812,8304922,,
2023-05-09,72.30505318837146,73.31908881636393,72.12870209105239,72.87820434570312,6633014,,
2023-05-10,72.96638899751139,73.31909796351596,72.52550447184666,73.0986557006836,5364824,,
2023-05-11,72.83412812448329,73.36318825215776,72.34915914385023,73.14274597167969,8089006,,
2023-05-12,72.65778152438952,72.65778152438952,71.4673944810089,72.17280578613281,7590851,,
2023-05-15,72.1727955096711,72.87821344171768,70.982408635786,72.26097106933594,8364455,,
2023-05-16,72.48140029132652,73.14272696087279,71.29101363161578,71.64372253417969,7694637,,
2023-05-17,71.7319107055664,72.04052852687744,71.15875947892367,71.7319107055664,7364780,,
2023-05-18,72.12870785197383,72.43732566061307,71.02649658728818,71.29102325439453,4113102,,
2023-05-19,71.5114628593295,71.6437295516668,70.32107608302064,71.37919616699219,6208890,,
2023-05-22,71.3792023270935,72.2168869659472,70.67379111935587,71.99644470214844,3747641,,
2023-05-23,72.12869962405962,72.34914185185032,71.59963289547163,71.86416625976562,2655657,,
2023-05-24,71.82008094954243,71.82008094954243,71.0264942470079,71.11466979980469,3863837,,
2023-05-25,70.98241337014639,71.42329792524046,70.0124686944123,71.02650451660156,7964087,,
2023-05-26,71.07059477809109,75.78805855992664,71.07059477809109,74.59767150878906,30338647,,
2023-05-29,74.95037568892853,76.71391394043273,74.37722441171677,75.87623596191406,14212140,,
2023-05-30,76.31710409266984,76.40527964078673,74.068590615192,74.24494171142578,8689842,,
2023-05-31,73.67180018897746,74.244944638011,72.96638232150995,73.89224243164062,7278592,,
2023-06-01,74.02452047881066,74.33314507582374,72.83413342310234,72.96640014648438,4392057,,
2023-06-02,73.53953087463897,74.15676644113276,72.74593748388757,73.98041534423828,10245661,,
2023-06-05,74.46540046546713,74.64175832818881,73.71589804915259,73.93634033203125,4803136,,
2023-06-06,73.93632622673887,74.24494401841915,73.09864840255479,73.6277084350586,3676378,,
2023-06-07,73.98041917218875,74.64174591080659,73.53953467977685,74.37721252441406,5451487,,
2023-06-08,74.37722425274386,75.34716894352512,74.20087311891619,74.50949096679688,9413522,,
2023-06-09,74.4653898517968,75.12671660617285,73.7599786835472,74.3331298828125,6997178,,
2023-06-12,74.55357653065424,76.18484794217092,74.3331342661962,74.99446105957031,9706928,,
2023-06-13,75.5235211487968,75.5235211487968,74.4653942429798,74.99446105957031,7695088,,
2023-06-14,75.56760849264934,76.2289353116423,75.12672394665404,75.43534851074219,6421221,,
2023-06-15,75.52351967302319,75.78804634878541,74.59765948944566,74.77401733398438,8246347,,
2023-06-16,75.21489919582913,75.83213481148881,74.5976568528058,74.86219024658203,6599003,,
2023-06-19,75.12673167292077,75.39126511866911,74.42132036320015,74.59767150878906,4262238,,
2023-06-20,74.59765655568792,75.69986781309278,74.37721430420696,75.12671661376953,4747248,,
2023-06-21,75.2148973925966,75.5235151930275,73.80406162943216,74.11268615722656,6870008,,
2023-06-22,73.89225591187427,74.5094916129887,72.79004449748095,73.93634033203125,7562426,,
2023-06-23,73.62772243550889,73.62772243550889,71.55556632321598,71.77600860595703,6197957,,
2023-06-26,71.86417971524325,72.96639106056907,71.11467734589453,72.7459487915039,7554623,,
2023-06-27,73.0986562994497,73.36318298059693,72.2168872408975,72.52550506591797,3613648,,
2023-06-28,73.0104801448969,73.14274012071216,72.08461995000629,72.26097106933594,3655464,,
2023-06-30,73.01047838390932,73.01047838390932,72.12870935380106,72.34915161132812,5492953,,
2023-07-03,72.56958604542045,73.89223944799289,72.56958604542045,73.45135498046875,5017117,,
2023-07-04,73.8040645338777,74.24494904537605,73.05456220980327,73.71588897705078,4465335,,
2023-07-05,73.71589804915259,74.5094916129887,73.40728019859537,73.93634033203125,11339525,,
2023-07-06,74.46538543701172,74.77400995264753,73.31908983380451,74.46538543701172,6022674,,
2023-07-07,74.15677587133334,74.46539369382585,72.92229785399932,73.0986557006836,8348790,,
2023-07-10,73.1868274450608,74.50948095310407,72.87820963865677,73.49544525146484,8246076,,
2023-07-11,73.8040595367721,74.1567684675624,73.23091509252157,73.6277084350586,4147985,,
2023-07-12,73.80406194214741,74.95036432273464,73.62771083468638,74.6417465209961,8323576,,
2023-07-13,75.39125148955915,75.788044859085,74.15677351150882,74.55357360839844,13131493,,
2023-07-14,75.12672289776931,79.00650819383307,75.08263848020384,78.74198150634766,29185342,,
2023-07-17,79.97644007917994,82.88628026892798,78.60970226009954,82.18086242675781,36834284,,
2023-07-18,82.62175308437097,82.7981109218037,80.90230621542456,81.9604263305664,12697402,,
2023-07-19,82.2249674434973,82.26905858883632,80.99048937501216,81.1668472290039,6450500,,
2023-07-20,81.16684955191927,81.47546739603183,80.37325600465522,81.34320068359375,5225209,,
2023-07-21,80.50552041310446,82.40131857012479,80.41733812242647,81.1668472290039,7926790,,
2023-07-24,81.16685220227964,81.51955447714546,80.81414320004914,81.2550277709961,4837630,,
2023-07-25,81.56363216778009,83.76805465880116,81.03457211540773,83.63578796386719,17044913,,
2023-07-26,84.5616472221066,84.9584405754207,83.45943598805245,83.67987823486328,10203850,,
2023-07-27,84.20894181948539,84.91435972986115,83.23899723824155,83.54761505126953,6039829,,
2023-07-28,83.41534864450541,84.29711767188361,83.23899752997528,84.07667541503906,4589568,,
2023-07-31,84.47347050026704,85.53159057937582,83.59170152522194,83.98849487304688,12565555,,
2023-08-01,84.64983576451124,86.06066501511351,83.72397549489108,84.29712677001953,13822528,,
2023-08-02,84.6498278255778,84.69391896851585,80.63777600331579,81.29910278320312,10371159,,
2023-08-03,81.21093037480549,83.4594442045862,80.15281017688758,83.10673522949219,8378690,,
2023-08-04,83.50351690395595,84.73799477987065,83.28307466637702,83.81214141845703,7599421,,
2023-08-07,84.25302942204414,84.51755608179903,83.45943598805245,83.67987823486328,3868398,,
2023-08-08,84.03258982981478,84.07667424415148,83.01855411697898,83.59170532226562,3793003,,
2023-08-09,83.6357920599731,85.53159684057196,83.28308309866291,85.39933013916016,7492578,,
2023-08-10,85.44342129786536,85.53159685636821,83.37126539991065,83.76805877685547,9670075,,
2023-08-11,83.76805346886633,84.12076240789214,82.88628448498352,83.15081787109375,5085284,,
2023-08-14,81.3431945465274,81.4754612489864,79.44738975091873,79.93236541748047,11862766,,
2023-08-16,79.8000897983572,79.93235648603707,77.77201852690119,78.60970306396484,9039920,,
2023-08-17,78.65380584532092,79.667841717887,77.19889212312259,77.4193344116211,8375037,,
2023-08-18,77.68384754329898,78.0365564887207,76.0084850980684,76.53755187988281,5472352,,
2023-08-21,77.2429721250525,77.99247451759273,76.62573644351689,77.55158996582031,5338585,,
2023-08-22,77.94838509094521,79.0505963995633,77.28705830577434,78.30109405517578,7480145,,
2023-08-23,78.83015469630288,80.24098383585613,78.4333545859709,79.35921478271484,7507551,,
2023-08-24,80.37325680259391,80.41734122226798,78.91833640605958,79.13877868652344,3941647,,
2023-08-25,78.96242649642032,79.13877762748567,77.41933055382312,77.81612396240234,6037482,,
2023-08-28,77.81613008839301,80.06464418699228,77.81613008839301,79.75601959228516,7322832,,
2023-08-29,80.2409771613355,82.09269067343209,79.75600153150293,81.78407287597656,9665487,,
2023-08-30,82.5335848539725,84.20894745776741,82.00452474944889,83.0626449584961,10347871,,
2023-08-31,83.19489815518493,83.98849154676876,82.31312921506137,83.01854705810547,7757801,,
2023-09-01,83.54761762358359,86.98651826965771,83.50352648006618,86.72198486328125,18982813,,
2023-09-04,87.64784216098668,93.77613417494885,87.33922434865833,92.0125961303711,37266123,,
2023-09-05,92.01259700073956,92.14486370080678,89.10276323607974,90.33723449707031,10437911,,
2023-09-06,90.29315305443835,91.3071888185177,87.73602143595772,89.1468505859375,8427457,,
2023-09-07,88.70595251673505,89.0586614322363,87.47147467616213,88.26506805419922,6932137,,
2023-09-08,88.17689810226213,90.2931450021891,88.13280696226562,88.61778259277344,6890011,,
2023-09-11,88.88231923347804,90.82220837183387,88.17690133187754,89.58773040771484,8788628,,
2023-09-12,90.38131617290063,90.55766726960982,83.85622468421371,84.12075805664062,15490749,,
2023-09-13,84.12077405245907,86.28110567107427,82.88629595866563,85.70795440673828,9324003,,
2023-09-14,86.23700840338711,88.0887219045006,85.9283838803987,87.55966186523438,10429246,,
2023-09-15,89.74198547178304,91.43439151974125,85.77819826107704,86.71347045898438,16664082,,
2023-09-18,87.06975630385203,88.04956805910864,85.02105343720581,85.46642303466797,9911919,,
2023-09-20,83.95215518950516,85.68909361303714,83.23956123350251,84.66474914550781,9046834,,
2023-09-21,84.88744896982573,85.95633329769434,83.37318824357756,83.7740249633789,6843145,,
2023-09-22,83.99670506552992,84.17485017827488,82.39337186762356,83.28411102294922,5262470,,
2023-09-25,83.28412433859489,83.81856655807798,82.52699729467707,83.06143951416016,5162219,,
2023-09-26,83.28412372576214,84.48662040970109,82.6606089402535,82.97236633300781,4818399,,
2023-09-27,82.66060760953359,83.1505101343175,81.81440121905005,82.83875274658203,4134796,,
2023-09-28,83.28412372576214,83.99671787703042,82.6606089402535,82.97236633300781,8809867,,
2023-09-29,83.64042127257139,86.98069363333062,83.55134870211144,86.5798568725586,12807411,,
2023-10-03,86.57986013748919,86.71347239611838,85.33283051242141,86.00088500976562,9097100,,
2023-10-04,85.91179689115145,86.00087625170053,83.32865853445412,84.17485809326172,6709632,,
2023-10-05,84.48661484843755,85.06559670875683,83.86310010397126,84.08578491210938,3856960,,
2023-10-06,84.84291572327065,85.02106085948716,84.1303215868019,84.57569122314453,5802195,,
2023-10-09,84.04123857560205,84.53114783302262,82.39337248506094,83.37318420410156,5455408,,
2023-10-10,83.818557827323,86.6689273606669,83.72948526598744,86.40170288085938,7106610,,
2023-10-11,86.8916184281194,87.1143032454177,85.15467277571183,85.33282470703125,10688385,,
2023-10-12,85.91179238298889,89.87558586638768,85.82271982291492,88.85123443603516,32901759,,
2023-10-13,88.00502902508896,89.51928283229019,87.51511978380607,88.18317413330078,11189414,,
2023-10-16,88.40587006670172,90.41003336796196,87.64874306760808,89.43022155761719,9487296,,
2023-10-17,89.92010964902829,90.5436310980501,88.58400099572445,88.71761322021484,6165187,,
2023-10-18,89.296609539671,91.07808803422802,87.38151879886196,87.7378158569336,13579682,,
2023-10-19,87.20336903398702,87.60419895564293,85.33281807325814,87.2479019165039,7937694,,
2023-10-20,86.40169974685566,87.47058403571302,84.08577925713098,84.30846405029297,7689327,,
2023-10-23,84.57568826924646,84.62022794964565,79.45393763018896,79.89930725097656,12825736,,
2023-10-25,80.6119018635951,82.43792003849421,80.03291999381236,81.6362533569336,8121107,,
2023-10-26,81.05727431450397,81.05727431450397,78.91949868770843,80.25560760498047,6405032,,
2023-10-27,81.1463400365138,81.85893411725498,80.7455101134724,81.23541259765625,4813748,,
2023-10-30,81.99254608154297,82.30430344239507,80.96819464234255,81.99254608154297,4576393,,
2023-10-31,82.79421486225242,83.77403352469922,81.90347556606551,82.17070007324219,3785896,,
2023-11-01,82.21522817087845,82.7942031951715,81.27994932335794,81.7253189086914,3354448,,
2023-11-02,82.08161390600141,83.41772262895597,81.99254135029786,83.19503784179688,3847604,,
2023-11-03,83.95216984728913,84.08578208684284,82.7051336044557,82.88328552246094,3598184,,
2023-11-06,83.59587938235101,84.88745540522544,82.92782492783708,84.57569122314453,9475512,,
2023-11-07,84.62022875807946,84.84291357060073,83.19504731710362,83.46226501464844,5261052,,
2023-11-08,83.9967243431416,84.30848175989516,83.1505178738939,83.72949981689453,5370537,,
2023-11-09,83.774034610202,84.04125232503964,79.49848321478375,80.52283477783203,11900597,,
2023-11-10,80.52283430617722,81.9925555144811,80.16653722601241,81.32450103759766,5415351,,
2023-11-13,82.70512556505656,82.70512556505656,80.87911445465679,82.03707122802734,6250696,,
2023-11-15,83.28412121770829,84.8429149303392,83.06143640161817,83.59587860107422,12275928,,
2023-11-16,83.32864379882812,83.90761876520618,82.66058948765355,83.32864379882812,6370701,,
2023-11-17,82.97235537820177,83.68494263958598,82.3933735562142,82.61605834960938,6630371,,
2023-11-20,82.83875711064114,84.04125383857074,82.30431487553928,82.48246002197266,12966464,,
2023-11-21,83.10597475125535,84.30847137970993,83.0168953896059,83.46226501464844,8195390,,
2023-11-22,84.0024716664178,84.04748494522973,81.66156135667296,82.29180908203125,7740924,,
2023-11-23,82.29181081796423,82.38184424659748,81.12135563840125,81.88665008544922,8839234,,
2023-11-24,81.97669219970703,83.10212725533667,81.84163861920939,81.97669219970703,6747951,,
2023-11-28,82.51689556506639,83.19215656499475,82.02170141747489,82.83201599121094,6389749,,
2023-11-29,83.28219857179066,83.64233918268002,82.42687063140038,82.87704467773438,9340433,,
2023-11-30,82.83201599121094,83.46225684350001,82.15675499128258,82.83201599121094,10206560,,
2023-12-01,83.68734215795497,84.76776385754594,83.14713474271446,84.40762329101562,11700120,,
2023-12-04,85.62309952069393,88.0090232643422,85.12791220691334,87.28874206542969,25325753,,
2023-12-05,87.3337694044237,88.45920457716112,86.07328063713557,86.65850830078125,13183869,,
2023-12-06,86.88357832209589,90.66503701437738,86.20831735068064,89.35953521728516,25632937,,
2023-12-07,89.58462007310969,90.16984760821325,87.82894433690869,89.1794662475586,10912530,,
2023-12-08,89.22449790066109,90.12484602653883,85.80317914379235,87.73892211914062,24783460,,
2023-12-11,88.14407454096126,88.8643488519129,87.51382679112935,88.2341079711914,8751714,,
2023-12-12,88.6392641615577,89.35954536047021,86.88358818423552,87.28874206542969,9850152,,
2023-12-13,87.51383775320772,89.35955421511918,86.79356335203373,89.08944702148438,9617428,,
2023-12-14,90.48498458313428,94.67160464662386,89.58463647782946,93.86128997802734,62388957,,
2023-12-15,96.33724068155927,102.36956982705945,96.06713352078923,99.66852569580078,109966812,,
2023-12-18,99.80358388674247,108.17682382810126,97.8678341294272,103.99020385742188,76529017,,
2023-12-19,104.44036634367654,104.89054033653723,100.38880040793047,101.42420196533203,22097019,,
2023-12-20,102.18951093607475,103.08985905004897,92.55578886419491,93.90631103515625,31181286,,
2023-12-21,93.90630793074665,100.74895199692045,92.10561176232666,99.39842987060547,37356676,,
2023-12-22,101.24413460280296,106.0610021241019,101.24413460280296,103.63005828857422,71397320,,
2023-12-26,104.89053455699079,105.83590263755171,103.26990552434621,103.85513305664062,19681322,,
2023-12-27,104.48539567117841,106.96135284946122,104.17026835319939,106.10601806640625,37717475,,
2023-12-28,107.6366072875489,116.68510753101934,107.18643328278141,115.78475952148438,107273076,,
2023-12-29,117.49543178789183,122.17723934903694,113.5338986143246,118.80093383789062,92188515,,
2024-01-01,119.47617672374172,125.0133251607132,118.98098257663074,122.5823745727539,43783940,,
2024-01-02,122.9875475749235,125.91367870053708,118.66587424175775,125.19339752197266,51857420,,
2024-01-03,124.6981991750736,124.6981991750736,116.41500024466224,116.91019439697266,59450714,,
2024-01-04,117.94559639532449,119.65625222180024,116.7301210135193,117.49542236328125,22117963,,
2024-01-05,118.35074472750884,119.56622005232506,114.5242656345503,115.33458709716797,21198368,,
2024-01-08,116.09989080765952,116.59508503615254,110.78784223566434,111.41808319091797,18668735,,
2024-01-09,112.54350596256945,116.77513903911787,110.78783001719756,115.64970397949219,27422652,,
2024-01-10,117.67549133300781,119.97138168513307,114.34420618395421,117.67549133300781,44056844,,
2024-01-11,118.03563487473073,118.57583546191,115.96483161165771,117.40538024902344,13675789,,
2024-01-12,118.75590767738224,120.15144996572133,117.7655330204673,118.35075378417969,17384204,,
2024-01-15,119.38615592844961,122.17722661721241,116.41500464061363,121.81709289550781,31549703,,
2024-01-16,125.46350960384676,129.6501226525467,122.5373783634247,125.05834197998047,95230075,,
2024-01-17,123.12259755459642,124.02294561715289,119.74629232000969,120.28650665283203,35627473,,
2024-01-18,119.7462939453125,120.15144783131778,112.90364995083107,118.17068481445312,28294930,,
2024-01-19,119.56622484483785,123.03255662505426,119.02601051477293,120.33151245117188,22244546,,
2024-01-23,122.89750319260817,123.97791805544857,109.70740349078827,114.11911010742188,26838107,,
2024-01-24,115.2445603432192,124.06797474214136,114.52427909342966,122.08721160888672,37870264,,
2024-01-25,122.89750198169594,128.20954968561668,120.37652483442736,127.03910827636719,74915630,,
2024-01-29,130.46041774266575,133.61163569527332,127.3992400839921,130.86558532714844,53160333,,
2024-01-30,132.17105175371555,134.37690098199107,130.10024919194444,131.09063720703125,33529564,,
2024-01-31,132.26112546540318,135.05220996666952,131.67590471750276,134.01681518554688,31011594,,
2024-02-01,135.50237712316888,136.26767843609625,131.45081102978511,132.39617919921875,29473167,,
2024-02-02,133.70166913200828,141.3546266244128,132.03601994719722,137.75323486328125,54463864,,
2024-02-05,138.56358311521743,145.04610117529347,137.16805438944596,140.22923278808594,59800188,,
2024-02-06,141.08453821922765,147.47701493892447,138.78864791915507,146.53164672851562,46564944,,
2024-02-07,148.55744075016244,149.05263496697407,142.57013120915687,145.09109497070312,27684612,,
2024-02-08,146.35157985593196,148.0172155234904,141.89485970793777,144.86599731445312,20015275,,
2024-02-09,144.82099643980285,145.40621720571366,132.39618999284676,141.80482482910156,40678846,,
2024-02-12,142.25499419004544,144.8209916691417,127.62433814201863,128.92984008789062,48639405,,
2024-02-13,127.98445679765835,130.10027999529177,123.66279758769836,127.80438995361328,31538855,,
2024-02-14,131.45083175574348,143.96566572213135,129.92024262678007,140.36427307128906,99788791,,
2024-02-15,143.15530536208888,144.370780431205,138.0233254646764,141.57969665527344,40649183,,
2024-02-16,142.93025448941233,152.4289292676915,142.34503374584648,146.53164672851562,83551233,,
2024-02-19,147.65706376444382,148.73747855653977,143.69553828068555,144.59588623046875,24682133,,
2024-02-20,145.85638608649813,147.6570822110228,143.47046921679143,144.28077697753906,15672506,,
2024-02-21,145.40619938493404,148.73748417737832,140.31923877170885,141.62474060058594,27206179,,
2024-02-22,142.88522882241156,146.08146705886287,137.52816082120987,145.49624633789062,23247393,,
2024-02-23,147.95764827031098,148.50461828078687,144.40228060551235,144.9492645263672,16443079,,
2024-02-26,145.54181996962885,147.86648078559844,141.12041989845048,143.0348358154297,24275011,,
2024-02-27,142.89811117491305,144.67578824477368,140.7557734815038,141.6674041748047,15315735,,
2024-02-28,142.2143602794027,144.4478522581255,138.0664386558446,138.79574584960938,18501552,,
2024-02-29,139.11483848701272,143.12600765982418,137.97530020946635,142.16879272460938,19254314,,
2024-03-01,143.58182606138493,147.5018406025971,143.58182606138493,146.5902099609375,24049226,,
2024-03-04,151.786496644256,155.38743477356041,147.91206654973294,152.014404296875,36939883,,
2024-03-05,152.19672976601066,153.88325198313612,150.46463714602726,151.46742248535156,17623544,,
2024-03-06,151.33067106469278,151.33067106469278,143.85530334839203,148.5957794189453,23336023,,
2024-03-07,149.0516139301901,151.23952196501335,148.1855675793384,148.7781219482422,17224908,,
2024-03-11,149.05156502074752,149.59854880515732,143.2171362354617,144.35667419433594,11017989,,
2024-03-12,143.94643895171063,144.94923798620601,137.701778868971,138.24874877929688,17361368,,
2024-03-13,138.5678417111542,139.47947224872757,118.73987751893311,124.11849212646484,40456369,,
2024-03-14,124.89339602399853,130.8189951054291,123.52595008212994,128.9501495361328,24429717,,
2024-03-15,128.81340319889574,131.0013110176202,119.833836459191,124.34640502929688,41641387,,
2024-03-18,125.3492237269662,128.72225460154294,123.3436389294109,126.8078384399414,22776146,,
2024-03-19,127.21805024480969,129.77061865136164,124.07292752529867,124.98455810546875,18002661,,
2024-03-20,126.26082687464684,129.58827270466512,123.11570436634311,125.62268829345703,30393722,,
2024-03-21,127.99293357908635,134.2376088948847,127.99293357908635,132.8701629638672,36768461,,
2024-03-22,133.50830352311218,137.4283180300929,131.50271891105075,135.6050567626953,21509647,,
2024-03-26,135.37713113257186,139.11482179869967,135.14922350440256,138.47666931152344,12862977,,
2024-03-27,138.88692422796476,140.80134009699194,137.83854071624106,138.2032012939453,9665216,,
2024-03-28,139.2971520242325,140.98366021006038,138.20319813686714,139.06924438476562,9698314,,
2024-04-01,140.29994937754162,147.86648644172317,140.02647131492583,147.2283477783203,27130487,,
2024-04-02,147.95764676991536,151.96881578091168,144.49344776384828,151.51300048828125,25348685,,
2024-04-03,152.05998876232664,160.6748952579089,151.60417345663043,159.3074493408203,75955052,,
2024-04-04,162.4981388150339,164.27581553191666,158.89720107357854,159.8544158935547,33950224,,
2024-04-05,159.48977696267679,164.45816114607044,156.02557776431016,161.81443786621094,26489939,,
2024-04-08,162.90837173855843,164.00232558448934,159.21626533696093,162.27023315429688,17035259,,
2024-04-09,162.81724695636927,168.87958548660816,160.5381702291546,167.2386474609375,34968600,,
2024-04-10,168.56050102264234,172.11586889125255,165.9167777111766,166.55491638183594,30361167,,
2024-04-12,165.23303637063444,167.23862078864374,161.8144218250351,162.4525604248047,20228100,,
2024-04-15,165.91674774167396,168.83396250230925,159.5809186731745,165.59767150878906,53692381,,
2024-04-16,163.72885239918483,169.28979040982705,162.6348846105145,166.78280639648438,24435652,,
2024-04-18,168.46934161165822,171.06748053634138,164.0935118469958,165.32421875,16716381,,
2024-04-19,164.09351523769237,169.1074837588441,159.30745437659303,168.46934509277344,27228605,,
2024-04-22,171.20424254509044,174.486104609655,168.3781819049781,169.06190490722656,37346966,,
2024-04-23,170.7483831118116,171.1130297213497,166.37255424547183,167.14744567871094,17127399,,
2024-04-24,167.19302974014167,173.20979666202626,166.28139923139415,171.38653564453125,22418521,,
2024-04-25,171.38654853243276,173.11864106515162,169.2897954225666,171.6144561767578,20344598,,
2024-04-26,173.75679915045185,175.2153997745186,170.56609202793322,172.20701599121094,15985573,,
2024-04-29,173.7112068899522,176.03586761207032,171.38654616783407,171.8423614501953,13217202,,
2024-04-30,172.8451765218948,173.43773087927525,168.2870232793383,168.87957763671875,11371087,,
2024-05-02,168.46934493490514,172.38935946620816,167.83120626943247,170.15585327148438,11946114,,
2024-05-03,170.70282858041168,171.7511981984629,166.19025992604932,168.74282836914062,14912479,,
2024-05-06,170.15583934803658,170.3837469892262,162.31582483733993,166.8739776611328,14338036,,
2024-05-07,167.05629499333745,167.32978693502017,158.85162020512442,160.99395751953125,14505252,,
2024-05-08,159.71768938394064,165.1418890470005,158.623735370359,163.3642120361328,10694946,,
2024-05-09,164.09351801278825,164.54933334060155,155.06838008623686,155.6609344482422,11743450,,
2024-05-10,156.80046336894944,159.26186320952576,154.33906352837315,158.57814025878906,11866260,,
2024-05-13,157.89440432621785,162.27023363323457,153.83765126746255,161.31301879882812,12288370,,
2024-05-14,162.6349072192326,173.9391359607184,161.7232765421957,173.07308959960938,31279139,,
2024-05-15,173.66564373730984,176.58285911775027,171.52330608505972,172.75401306152344,16833166,,
2024-05-16,174.07586095014776,175.30656782898123,170.47492284852478,173.1642303466797,10458422,,
2024-05-17,173.5744732524833,178.67961054653637,172.93633456832168,177.63124084472656,20880587,,
2024-05-21,182.32611400848805,186.15495962059057,179.59122229836072,181.46006774902344,27872760,,
2024-05-22,184.14939613825157,184.1949804540252,176.12704342540022,180.04705810546875,22491746,,
2024-05-23,177.8135618669988,178.31496150883746,173.34656331561263,174.25819396972656,16546968,,
2024-05-24,174.71400546483648,178.6796042874078,174.25819014777676,176.08145141601562,15225962,,
2024-05-27,177.31215406673604,178.86192332534634,173.52889259038926,177.1754150390625,17590858,,
2024-05-28,182.82751197202847,188.0693877029795,172.75399148090779,174.486083984375,76307148,,
2024-05-29,175.03305519897305,182.50842248268702,173.71119376209796,177.5400390625,35895866,,
2024-05-30,177.31216644045546,178.4061204693231,172.02470573881828,172.75401306152344,22499127,,
2024-05-31,173.98469594647216,176.58283466647322,170.47491276653918,174.7139892578125,22219016,,
2024-06-03,183.42007627587358,183.7847368667491,177.58564592565708,178.86192321777344,24424876,,
2024-06-04,177.76796401177856,177.76796401177856,134.14643497089062,144.53903198242188,68754834,,
2024-06-05,149.87206540225685,163.54652443203867,140.02646602911722,160.58372497558594,37758288,,
2024-06-06,161.9967656667372,168.65167227366595,160.81164302544084,164.6405029296875,31403131,,
2024-06-07,164.6404796620484,169.38095564691113,162.17906609706645,168.92514038085938,14932581,,
2024-06-10,168.65165294254774,168.69723725244572,166.08997330459442,167.20216369628906,14575331,,
2024-06-11,167.1018843439819,170.57519455013187,165.50653086480386,166.98336791992188,16050502,,
2024-06-12,167.28422413446867,171.08572227252955,167.1565963999911,168.66990661621094,11476435,,
2024-06-13,169.28978868222833,170.9763107472356,167.74913084227234,170.07379150390625,9905480,,
2024-06-14,172.4440503563285,177.95029314667164,171.97910984034735,174.95103454589844,31594777,,
2024-06-18,175.37949589316278,175.71679475732904,170.90338639509477,171.50506591796875,11487387,,
2024-06-19,172.40760283724208,172.47142366666904,167.40275892678218,168.54229736328125,10210946,,
2024-06-20,168.65166789362894,175.7532644373396,167.02896647213143,174.3858184814453,15825419,,
2024-06-21,175.34303058364318,179.36332496714104,174.1214488880505,176.83810424804688,19726412,,
2024-06-24,175.3977184361701,175.3977184361701,168.60607338143504,173.1915740966797,17724341,,
2024-06-25,173.9755777382467,175.2609802033264,169.5632890393691,171.8150177001953,10947092,,
2024-06-26,171.3592253384979,172.06118487874025,169.1621919931764,170.38377380371094,11007493,,
2024-06-27,168.56049112219353,171.15864387702158,164.7863410226786,168.74282836914062,17320455,,
2024-06-28,169.51771568441862,172.29819193421602,168.35994087016596,170.57521057128906,11324296,,
2024-07-01,171.5688804870757,175.30657160597517,170.84869841538634,174.41317749023438,12393036,,
2024-07-02,175.30655291412234,178.22376781495134,172.49872922508135,175.69854736328125,13857919,,
2024-07-03,176.4005273709542,177.17541897265284,174.75958945054384,176.61932373046875,6941714,,
2024-07-04,178.49726116399938,180.50284555475437,176.7195844065206,177.38507080078125,11398241,,
2024-07-05,177.76796513065463,181.9614714107088,176.5737312828734,181.43272399902344,15659265,,
2024-07-08,182.1437962837886,189.16334910713414,181.07719015324926,188.07850646972656,25666049,,
2024-07-09,190.53078709405543,190.53078709405543,183.89411772820281,185.9088134765625,17938039,,
2024-07-10,185.97265764546643,185.97265764546643,175.2154129015448,181.8429718017578,18248253,,
2024-07-11,183.4656713675604,184.03087792865063,180.68519505668408,181.32333374023438,7758710,,
2024-07-12,181.50566456991146,183.80296374928758,178.23290002599552,180.10174560546875,8317603,,
2024-07-15,180.50285663550727,183.4200717384498,177.54916851918983,181.1136474609375,11190366,,
2024-07-16,181.11364596404638,185.21598358094784,180.64871937520056,182.1802520751953,11981776,,
2024-07-18,181.46007731322428,181.46007731322428,174.57726336455625,175.260986328125,21079938,,
2024-07-19,174.3037567696126,174.48608009585462,167.54857111795232,169.86412048339844,20219477,,
2024-07-22,168.10469596509452,176.40054092141676,166.281434560222,173.8844451904297,9896235,,
2024-07-23,173.8935411655632,174.71400316130138,159.2618668987833,168.806640625,23709020,,
2024-07-24,168.24143377051038,171.9791109677809,167.56682210370343,170.0829315185547,7595378,,
2024-07-25,166.8739735637977,168.75193025542947,165.32420442383605,167.8494110107422,9655910,,
2024-07-26,167.8767833819141,174.3858258506138,167.8767833819141,172.75401306152344,12687240,,
2024-07-29,174.0758466169822,176.49167586348392,172.48961840019828,174.7413330078125,8776782,,
2024-07-30,174.486083984375,175.39771454627953,172.37110831415328,174.486083984375,6661812,,
2024-07-31,174.80517128151672,177.74973428746733,173.39214103927736,177.05690002441406,9376103,,
2024-08-01,178.95310150668442,182.69077886993628,173.79326862778933,175.73504638671875,20004888,,
2024-08-02,172.07029087678345,172.69019306229742,168.01353713222804,168.84312438964844,17401939,,
2024-08-05,163.18190507399288,163.52832921206416,156.1805875556225,157.6574249267578,19995798,,
2024-08-06,161.31303922670986,162.8172381313694,156.8460546476402,157.3656768798828,8916532,,
2024-08-07,161.81443949941914,164.458162805962,159.44419425809266,163.49183654785156,8325532,,
2024-08-08,163.18187828122072,163.45537024477343,156.98278738566836,157.4112548828125,11198334,,
2024-08-09,160.35581050946132,162.72605553803223,157.7576717504593,161.58651733398438,16202798,,
2024-08-12,160.80250283610556,161.97850005686468,154.4484371581307,158.81515502929688,29881421,,
2024-08-13,159.99117270814577,160.35581938948272,154.1293945388977,154.86781311035156,9122615,,
2024-08-14,155.79767041195686,157.58447258233764,148.74165817911074,150.5010986328125,24290990,,
2024-08-16,154.06557314941102,156.06204641174156,149.81737116668182,150.53756713867188,23614094,,
2024-08-19,152.1511303996145,157.25626694876922,150.28229893519242,156.2261199951172,25264792,,
2024-08-20,159.16157246628046,159.26185238198607,153.37272688982964,156.8551483154297,30949105,,
2024-08-21,156.08028660334443,157.71209931382805,154.79488407391406,155.6882781982422,13131875,,
2024-08-22,156.5269786386237,157.25628593518164,154.97720932742538,156.20791625976562,8536586,,
2024-08-23,156.3446458182759,158.56902667831898,154.84046091245568,157.8579559326172,11953758,,
2024-08-26,160.94838168033883,166.32699653816272,159.82707996185,165.89852905273438,31594107,,
2024-08-27,166.5640205358577,170.47490939554206,165.4609414721438,169.1348114013672,23051497,,
2024-08-28,169.20774892843062,170.2378959133457,166.6460692785168,168.2505340576172,10861210,,
2024-08-29,166.82840429537467,167.13835536923568,163.69239272121075,166.58226013183594,11547977,,
2024-08-30,167.19303843380501,168.59695728008828,165.916761219346,166.4637451171875,14390618,,
2024-09-02,166.78279934578217,166.82838365344608,162.0879077743308,162.8172149658203,7938575,,
2024-09-03,162.86280597301985,164.44904827196652,162.1790830026707,162.88104248046875,4062489,,
2024-09-04,159.5353457724369,161.08511492072208,158.2317207668208,159.28009033203125,9456552,,
2024-09-05,160.20085379638823,162.4525826648523,160.20085379638823,160.71136474609375,5452882,,
2024-09-06,160.42875831738655,161.29480465510647,157.37480397801846,158.6237335205078,6610011,,
2024-09-09,157.2562806212213,157.4112561560663,153.1721793730372,156.02557373046875,8527287,,
2024-09-10,156.93719801099817,161.58651951028332,156.57255134494307,160.09144592285156,8620938,,
2024-09-11,160.07320881990861,160.62019272733153,155.61533587866117,156.28994750976562,5863573,,
2024-09-12,158.62372044040015,163.95676488142715,157.11041034368475,163.57386779785156,14251643,,
2024-09-13,164.6222498414961,169.01630195127265,164.2758257739082,166.23583984375,14243419,,
2024-09-16,167.46655330174752,173.2098293735791,166.8739989233058,172.64462280273438,16079575,,
2024-09-17,173.02746750700263,174.56812524048766,169.7000079160662,170.26522827148438,10233517,,
2024-09-18,169.97351315732627,170.01909746687295,166.23583625093028,168.79751586914062,7871629,,
2024-09-19,170.47492018656592,170.88515116964498,160.6840026504674,166.09909057617188,15834259,,
2024-09-20,168.94729550072313,170.5511431355886,167.29737168745476,169.62939453125,14292236,,
2024-09-23,168.864339021838,169.17773016716626,165.75805077156326,166.13597106933594,13316875,,
2024-09-24,169.83217588838738,177.4366016744346,169.1408644532922,176.4964141845703,53129599,,
2024-09-25,180.20186616087534,183.98104135844306,178.04497763454538,179.9253387451172,40045015,,
2024-09-26,179.46443773808573,188.0367019641087,177.12320263742205,187.13339233398438,34188733,,
2024-09-27,189.4193196292639,195.77937875003346,189.18888250076114,190.83880615234375,43392390,,
2024-09-30,191.3550113019676,197.8902053746088,190.3687335678669,193.83450317382812,29872855,,
2024-10-01,197.71507533410542,209.59641426362018,196.14810552203338,206.68368530273438,70653372,,
2024-10-03,203.9368863102644,208.1308454292596,199.95492544003295,205.13516235351562,36035257,,
2024-10-04,203.70643073978013,205.08905357285556,197.07905637620922,203.1072998046875,19105863,,
2024-10-07,203.70643890509083,205.4116794268096,195.41991399672133,198.07455444335938,21019783,,
2024-10-08,194.4889465024501,198.95943265222832,184.34971232459725,196.1388702392578,23816065,,
2024-10-09,191.8343235535564,199.38344720870774,188.2210705518572,197.51229858398438,27903259,,
2024-10-10,198.36030402126516,202.90453211883255,194.9498368747085,196.07437133789062,11583219,,
2024-10-11,198.7290038486126,206.370293556526,198.40638621260382,205.4761962890625,30278995,,
2024-10-14,207.39343430248016,214.26045853643103,206.94177242668295,208.83135986328125,33271618,,
2024-10-15,209.23692791298686,209.60562171952577,199.42952357251949,201.88137817382812,13483112,,
2024-10-16,200.9411845331166,203.92765490784222,198.91334052968068,200.30517578125,15501988,,
2024-10-17,205.55914482282742,211.71643262276,205.55914482282742,207.5501251220703,49129394,,
2024-10-18,206.47170405679225,214.58309524340567,201.5864332460662,213.956298828125,29937444,,
2024-10-21,216.38045679175335,216.9519363515646,209.92821739860204,212.0021514892578,23460136,,
2024-10-22,212.9239381863669,212.9239381863669,202.44366053480275,203.21792602539062,23708999,,
2024-10-23,202.78470420965076,211.2186987815539,202.406783885352,206.4809112548828,13793244,,
2024-10-24,208.2229887719911,209.8821389506647,203.64189742034873,208.63778686523438,12503444,,
2024-10-25,207.30123004531868,207.43950075785838,192.32281706329374,201.7430877685547,27911705,,
2024-10-28,201.81686190637814,209.55955892090643,201.134776914259,206.2781219482422,13777811,,
2024-10-29,206.28735095374122,211.29243937872252,202.67409792877038,210.38912963867188,13085816,,
2024-10-30,210.0665122621881,212.92393871061887,208.16771228855157,209.34754943847656,10991335,,
2024-10-31,208.40735649292978,210.52736694387676,204.06591455660535,209.53189086914062,12980177,,
2024-11-01,211.8178340019325,212.95158085736782,210.61955799252263,211.21868896484375,2170889,,
2024-11-04,210.99746772675138,213.46774713380938,205.59602056463217,212.7580108642578,13971893,,
2024-11-05,212.739587538609,218.36224576710737,210.87765135980746,216.63858032226562,21528802,,
2024-11-06,218.23317771222784,227.01744011066086,210.75779654349736,225.80995178222656,34528763,,
2024-11-07,225.82839723059027,226.51970865068392,218.27006185051982,219.9568634033203,15094850,,
2024-11-08,223.52404637358643,228.584451497072,218.3253845792822,220.196533203125,26518054,,
2024-11-11,219.37616322280948,219.37616322280948,212.00217454305118,214.46324157714844,11644321,,
2024-11-12,215.50481918942774,218.79545428149743,207.39342893373276,208.2322235107422,17481388,,
2024-11-13,206.47169681844287,209.22773033482702,201.49425975319124,202.49896240234375,11787326,,
2024-11-14,212.00215761933183,212.6197274341901,201.90901423258205,202.6648406982422,35439142,,
2024-11-18,208.31518478824668,228.50147361748392,207.39343618298895,221.15513610839844,107332099,,
2024-11-19,221.21967703763983,226.45520264310852,218.7493973951416,221.5054168701172,35673049,,
2024-11-21,221.50539412619602,233.73700145127648,220.80487028415573,228.78721618652344,68309779,,
2024-11-22,229.9209835939466,239.19377268545531,229.82880310380605,236.7511444091797,35571530,,
2024-11-25,239.6546464370299,242.41066586960417,227.31243270811356,231.699951171875,36040257,,
2024-11-26,233.09178286972661,237.06451695584917,228.60285777002767,230.39105224609375,26141211,,
2024-11-27,229.97627524330952,229.97627524330952,225.09100486005727,227.0174560546875,17378281,,
2024-11-28,227.11885305933828,232.1700455950422,226.70406899563451,229.53384399414062,16472407,,
2024-11-29,230.170869313823,230.58306201100083,224.60629649067917,226.83587646484375,19516119,,
2024-12-02,226.83587441628532,230.45190900744558,224.97164447793182,227.9225616455078,10923018,,
2024-12-03,228.84997047770455,232.55032743791324,226.1520067520194,231.26690673828125,12224280,,
2024-12-04,232.32549145113225,234.42392039086036,228.68135427393597,229.6649932861328,14161469,,
2024-12-05,230.45189629665703,235.53869348775763,229.51509997024783,233.0655517578125,12946611,,
2024-12-06,233.4683920825116,236.72843944220585,230.16150204552042,232.56906127929688,11701356,,
2024-12-09,233.26229381207867,236.2600393074145,229.4026973802324,234.72369384765625,13361475,,
2024-12-10,236.63477102079906,239.49198854085574,232.31613914242436,234.3958282470703,13570985,,
2024-12-11,235.13589617150114,238.7800335921847,232.49412346476657,233.75880432128906,12568698,,
2024-12-12,235.60426801780804,235.8384670913844,214.02048768653754,216.19384765625,58300941,,
2024-12-13,216.30625992653341,217.8800851434224,209.43017851600138,212.1468963623047,24015558,,
2024-12-16,212.1656238268963,213.2148454120006,205.345747848416,206.01087951660156,17213904,,
2024-12-17,206.2825742881272,213.02750583187813,206.05775228977575,212.30618286132812,22882865,,
2024-12-18,212.82137168632715,214.676238609691,209.9360517276259,212.54034423828125,12289315,,
2024-12-19,207.7814453744074,209.63629825286844,206.0952089874525,206.91021728515625,8285197,,
2024-12-20,207.01326533695186,209.31779078013435,200.5774786161873,201.74847412109375,15299768,,
2024-12-23,203.75321352587187,207.2661999659731,201.98266893183597,203.7438507080078,8500241,,
2024-12-24,204.6618902335091,204.69935579624476,198.97552979150564,199.8936004638672,10764705,,
2024-12-26,202.99440039126256,205.61743299166588,199.92170955188024,203.3503875732422,16027664,,
2024-12-27,204.36212116559372,205.06471843885757,199.47204300012706,200.09033203125,6206326,,
2024-12-30,200.090324638403,200.37136639620036,193.7856893416821,196.40872192382812,11393505,,
2024-12-31,195.60307482723985,199.45330828115087,195.04099131647632,198.3197784423828,5957068,,
2025-01-01,197.80454325474443,201.21448139128037,196.8302813418961,200.59620666503906,4428464,,
2025-01-02,201.31754333391703,203.19113615896745,198.82567574032788,202.86326599121094,5695163,,
2025-01-03,202.86324921906748,204.39021752506065,193.9168413602389,194.8536376953125,12910051,,
2025-01-06,194.85362903007473,194.87236895836855,186.23510598954297,187.4342041015625,9554946,,
2025-01-07,188.75508785784953,194.4320710352088,188.29605253405452,192.85824584960938,11620363,,
2025-01-08,192.0245020661495,192.45543465478534,189.23285308738497,191.46243286132812,7879952,,
2025-01-09,190.2165041435099,190.68490232446194,186.14143425147566,186.6754150390625,7773910,,
2025-01-10,187.54662697123553,191.893361476442,183.95869522469476,189.47642517089844,14984187,,
2025-01-13,185.71987868546333,188.1742805786314,178.93746788156665,179.4901885986328,9577626,,
2025-01-14,180.41760889269364,187.4997871402236,180.1084643762534,186.90023803710938,10643287,,
2025-01-15,188.2023838408945,188.2023838408945,180.84854095890827,182.8720245361328,10199198,,
2025-01-16,185.48566520421565,189.13916501321458,184.82991066085393,186.0758514404297,8461905,,
2025-01-17,184.55823158856907,193.42033076428748,184.55823158856907,192.54910278320312,11588593,,
2025-01-20,193.40160660454478,198.6008292867286,192.1931455837887,197.2424774169922,9973231,,
2025-01-21,197.66403906451683,202.07635636823238,192.44607629046934,192.9144744873047,9047054,,
2025-01-22,192.980044468299,193.4484426344842,185.49503662668369,190.58184814453125,7724370,,
2025-01-23,191.10645778190445,195.0316368244274,189.6075778854716,192.79269409179688,6869655,,
2025-01-24,192.60534507750558,195.4157342704981,189.57011960309734,190.35702514648438,5354363,,
2025-01-27,187.82765172839046,189.23284613034852,183.61206852251638,184.97979736328125,6584319,,
2025-01-28,185.94472765306483,186.422488684118,175.37766511642997,177.551025390625,9823936,,
2025-01-29,177.99129637192928,182.45981870958698,176.35190285271415,181.541748046875,5201019,,
2025-01-30,182.76898247427005,184.01490910119418,179.16231063395279,180.92349243164062,6080681,,
2025-01-31,181.73848078025648,190.15090748611289,180.32392352428278,189.4576873779297,8008609,,
2025-02-01,189.88861755736727,189.88861755736727,179.9211049509045,185.38262939453125,5136586,,
2025-02-03,181.73850655637636,182.1600620889973,173.0825024383333,177.551025390625,11481173,,
2025-02-04,179.7712196795162,185.00792230963629,179.31219860152618,183.4996795654297,5633664,,
2025-02-05,184.45520639615563,190.9940555939238,184.13669904915935,187.02203369140625,8336455,,
2025-02-06,188.05251229485205,188.84878064896395,183.23737942662908,184.4364776611328,5466135,,
2025-02-07,184.5488740545263,189.4202120336383,184.5488740545263,187.81829833984375,8089719,,
2025-02-10,187.8182888640852,187.8182888640852,178.37538076999525,178.9749298095703,6607056,,
2025-02-11,183.0874806337872,185.7479788328162,168.90438448959407,171.72413635253906,45690365,,
2025-02-12,172.32370392893654,179.82745263357953,171.7335318862642,177.69154357910156,18947908,,
2025-02-13,178.1599268020996,181.7291329794139,175.49942854169947,179.35903930664062,8592839,,
2025-02-14,181.60747463855785,183.68369766422222,171.07327030849547,173.78097534179688,13495376,,
2025-02-17,172.96769309941638,174.79515703058846,168.7961074562212,172.92942810058594,6379906,,
2025-02-18,173.1207891615271,174.1349795637433,168.20291175122995,171.80999755859375,6157248,,
2025-02-19,169.89642702569168,179.34945888319248,169.89642702569168,178.99545288085938,8262336,,
2025-02-20,177.6559427569035,185.3198047373856,177.5794127565574,184.7457275390625,7331890,,
2025-02-21,184.27690052845028,193.74907151848754,183.76022816207663,192.32345581054688,19264166,,
2025-02-24,188.67811270942784,189.45310669025852,180.67938470830728,181.33956909179688,12108561,,
2025-02-25,181.3395599141764,182.26764304408422,172.12571060974983,172.9772491455078,16670278,,
2025-02-27,172.9389858783889,173.1781822627297,167.6671028232979,171.6090545654297,11428257,,
2025-02-28,169.16927152790626,172.2214201430099,166.95909897197348,169.92514038085938,12648002,,
2025-03-03,170.53747398436403,174.4507236621751,166.95909051356512,171.6377716064453,6931683,,
2025-03-04,169.06401680816487,174.7090607483051,166.01186833229383,171.34117126464844,8330263,,
2025-03-05,171.3603065867989,181.9806179739668,171.3603065867989,181.1099395751953,14783488,,
2025-03-06,183.70282504075092,185.92257451769999,183.08092027489974,184.45867919921875,10144423,,
2025-03-07,184.42998309275006,188.44849420712265,183.5114771118684,186.73583984375,9153908,,
2025-03-10,186.7358348510314,188.27626017718435,179.01458302074371,179.99049377441406,8164191,,
2025-03-11,177.00532863180442,182.25808661292828,176.48867085304275,181.5117950439453,8390471,,
2025-03-12,182.7460375463095,184.78399541169316,178.37352063500802,183.2626953125,6553616,,
2025-03-13,183.67412360034527,184.33430796718125,178.918898238567,179.7512969970703,4512355,,
2025-03-17,180.2583896939871,181.875359590675,176.65131872379428,177.03402709960938,5392942,,
2025-03-18,177.03402709960938,177.03402709960938,177.03402709960938,177.03402709960938,0,,
2025-03-19,182.65035910874857,182.65035910874857,176.71829150646442,178.32569885253906,14819098,,
2025-03-20,179.68434027834363,184.07598271951326,177.96212326237813,182.3346405029297,12848318,,
2025-03-21,182.02846045385357,182.02846045385357,174.24978885174755,177.50286865234375,41905591,,
2025-03-24,179.11025777585735,180.9090193392644,177.85687100112173,178.95716857910156,8411689,,
2025-03-25,179.8756769366609,180.25838530315377,172.317077203014,172.85287475585938,11172959,,
2025-03-26,172.75721214346547,175.06306903065584,170.7670962681609,171.4942626953125,8929202,,
2025-03-27,170.30783073453478,172.20226206723603,169.35104516861043,171.08282470703125,14808861,,
2025-03-28,171.1976142641571,173.1781671615001,167.31306765709948,167.94454956054688,10741639,,
2025-04-01,167.43747391255334,170.95843778483626,166.38500395106166,167.71493530273438,7769057,,
2025-04-02,167.54272656421546,168.26987836254392,163.61989977466243,166.68162536621094,9512988,,
2025-04-03,165.40910240246427,168.09766765461805,163.17021295957863,165.1986083984375,9566833,,
2025-04-04,163.8016750825117,164.06957385521878,149.7369311178384,150.88507080078125,27021181,,
2025-04-07,136.8203317428787,141.7477714169402,131.79720767539538,138.4373016357422,30698630,,
2025-04-08,144.18757648577255,144.3406656744626,137.02126220795907,140.2838897705078,22134409,,
2025-04-09,137.39441160271687,139.40365250953346,134.4283705410589,137.25088500976562,17915551,,
2025-04-11,143.03946648148437,143.51785934597092,136.52375800307993,137.03085327148438,22797171,,
2025-04-15,138.45645662291122,145.52710193052525,138.45645662291122,144.87648010253906,19804567,,
2025-04-16,145.43141122910444,147.4789318295386,143.51784002872148,144.68511962890625,16360489,,
2025-04-17,144.65642628213135,147.72770007530255,144.03450684345046,146.282958984375,12073311,,
2025-04-21,148.54096582054015,155.19062288425482,147.08664760680298,154.4347686767578,23619779,,
2025-04-22,155.0949355281479,157.295530500601,151.44000790718025,151.92796325683594,22612618,,
2025-04-23,153.37273901354533,155.71686088112511,150.645894135318,155.06625366210938,17138481,,
2025-04-24,154.52087416108677,156.76932615736618,154.04248136182645,155.02796936035156,9833637,,
2025-04-25,155.7168481601313,156.5301217168522,148.7897155269052,149.7369384765625,13322564,,
2025-04-28,150.21533380928565,153.64062788629033,149.38293503896227,152.9613037109375,9445296,,
2025-04-29,153.5640857981537,154.76006777477485,150.29188086204502,150.78941345214844,7643805,,
2025-04-30,150.78943977935236,152.3681304243693,148.7323416607697,149.70826721191406,8700135,,
2025-05-02,150.22488606731164,155.38195932724074,149.92828489827676,152.22457885742188,11396163,,
2025-05-05,153.57365800420294,154.80791965693695,151.26781570458311,153.90853881835938,6409697,,
2025-05-06,153.80327719134254,153.80327719134254,147.2684301316904,148.18695068359375,9640762,,
2025-05-07,145.4314055342321,151.93755028064137,145.33572113820398,151.4400177001953,7899927,,
2025-05-08,151.38261991958973,152.73169112942108,145.91936767945163,147.4597930908203,10389024,,
2025-05-09,144.47463124105795,150.45454147454544,142.56105996634193,150.062255859375,8586966,,
2025-05-12,155.37241451976024,162.34737518825258,154.3869265100721,161.64892578125,19284700,,
2025-05-13,162.16560579002314,162.95016243480288,157.48692452484866,157.90789794921875,13320767,,
2025-05-14,158.92209779184645,166.00230556103367,158.84555319009323,165.677001953125,17498804,,
2025-05-15,166.48068809482874,172.98683284829755,164.74890856031928,170.8436279296875,23967709,,
2025-05-16,170.3078308872539,171.8386936338613,168.48994415012316,169.5328369140625,9070368,,
2025-05-19,169.3510324278426,175.52229594389485,168.98744926834024,174.06797790527344,11882367,,
2025-05-20,176.04854999330237,176.31644879273233,170.5948750057791,171.33160400390625,13184301,,
2025-05-21,172.26924987366112,174.60380906914264,171.26462207568562,173.89578247070312,9110054,,
2025-05-22,181.78925908285726,183.70283023109783,175.7423672467101,176.95748901367188,49919852,,
2025-05-23,178.44049976851196,178.44049976851196,172.38404566519293,175.89544677734375,19378626,,
2025-05-26,177.00532702519197,177.65593419249683,174.41243175692966,175.60841369628906,8819261,,
2025-05-27,175.6084132042966,176.49823135636927,173.70441930577965,174.08712768554688,6297540,,
2025-05-28,174.5176842725375,176.00070484413718,173.45565169281278,175.35009765625,5922359,,
2025-05-29,176.71829724000614,177.17755023976093,175.0917646413578,175.68496704101562,7353405,,
2025-05-30,175.80935488955546,176.24948269151386,172.04919447023693,172.55628967285156,8215482,,
2025-06-02,171.26463046205254,174.13498739717073,168.71957714239406,172.95814514160156,8220448,,
2025-06-03,173.17818192665624,176.50779150238967,173.12077713042805,174.23065185546875,7310306,,
2025-06-04,174.32633519290582,175.71367140729532,172.03005556904657,174.82386779785156,6002685,,
2025-06-05,174.85256573116789,175.62755971943656,173.2355957559459,174.51768493652344,7199681,,
2025-06-06,175.09176015680598,182.65036035660637,174.6133673694923,180.32537841796875,24260037,,
2025-06-09,181.88495176208428,182.85129998016797,178.91891050749814,179.14854431152344,7254032,,
2025-06-10,180.10531692073042,185.97040240594956,179.8756831332909,183.41578674316406,19242637,,
2025-06-11,182.7460511327248,183.84634874219734,180.73679551611696,181.798828125,10895752,,
2025-06-12,182.81303809530837,183.7028417272173,178.4500833407992,178.976318359375,8923416,,
2025-06-13,175.0917513619341,181.0525211046236,174.63249839701027,177.6559295654297,7931029,,
2025-06-16,177.96211490080043,180.4019210088344,175.11089800796063,179.90438842773438,6545767,,
2025-06-17,179.90440684467242,180.3540972737306,176.86183544744375,177.16799926757812,4789895,,
2025-06-18,177.86642965176605,179.06241160100976,176.6895875015392,178.14390563964844,6552729,,
2025-06-19,178.63184879920834,178.63184879920834,173.37910578107173,174.06797790527344,5490223,,
2025-06-20,173.1781920321739,176.76613799969132,173.14948963238493,176.0389862060547,6979033,,
2025-06-23,173.47477394794578,181.0238108405549,173.47477394794578,180.14356994628906,7395941,,
2025-06-24,182.4590074694476,183.9898702395805,180.66982310387394,181.55006408691406,6765958,,
2025-06-25,182.74604460106474,183.04264579304902,179.25378309634985,179.8182830810547,4129040,,
2025-06-26,180.7367942867347,186.09479949498365,179.9043954852199,185.22412109375,12011362,,
2025-06-27,187.55865557566526,189.060815779757,182.11454388470952,182.5833740234375,22615248,,
2025-06-30,183.43494327600956,184.90838673151015,180.4497767639153,184.37258911132812,10763584,,
2025-07-01,185.0423210312945,185.0423210312945,180.01919685304728,182.04759216308594,9136392,,
2025-07-02,182.74603692593575,187.04200922777562,182.33462615417554,184.09510803222656,14629895,,
2025-07-03,184.65962106136723,187.43429346553864,183.5114812596201,183.94203186035156,9292298,,
2025-07-04,183.71239583058139,185.4250502118777,182.4111668445567,183.7889404296875,3763422,,
2025-07-07,183.7028439806601,183.7028439806601,179.59823998419898,180.4114990234375,5490348,,
2025-07-08,180.82291452371672,182.6886435106724,179.9235337301613,181.70315551757812,5588646,,
2025-07-09,181.57875086578267,182.2580749939288,177.2349511232517,178.18215942382812,5991822,,
2025-07-10,178.91889333682306,181.06209817054133,177.98124760930378,180.7846221923828,4781422,,
2025-07-11,180.2105697329355,184.51610484055064,180.2105697329355,181.3108673095703,7248336,,
2025-07-14,180.83247513551063,183.54018008655638,179.64605575714828,181.28216552734375,4019698,,
2025-07-15,181.32042150167044,182.9565311904283,180.31580836932278,182.24850463867188,2994883,,
2025-07-16,182.2676606764167,182.2676606764167,179.5886580195625,179.89483642578125,5194097,,
2025-07-17,180.83248653721654,183.03309643611894,180.16273950695677,180.94729614257812,7154072,,
2025-07-18,181.39698225804585,182.1337112735435,178.69885440034545,179.89483642578125,4605960,,
2025-07-21,182.7938766050602,187.52996201149318,182.20065965478665,186.56361389160156,23279564,,
2025-07-22,187.24293206460194,189.4435417829688,187.05157787156767,188.19015502929688,9127585,,
2025-07-23,188.96513263800273,190.55340004149673,187.59693640686157,189.52963256835938,6623953,,
2025-07-24,189.52964775724072,191.3571116776153,188.0466272218614,190.3046417236328,7273622,,
2025-07-25,189.8166990848316,190.82132690844594,184.81271436643135,185.29110717773438,5650561,,
2025-07-28,185.2336973441058,185.27196234423891,178.70841256749557,179.58865356445312,7060093,,
2025-07-29,179.39729248995323,181.693571994069,177.971676749853,181.4830780029297,5829470,,
2025-07-30,181.98059779677092,182.70776411485167,178.70839316357163,179.04327392578125,3849575,,
2025-07-31,177.00533933944433,179.63649978908472,176.0485537213933,177.062744140625,6158562,,
2025-08-01,175.61800392136797,177.10102455605016,172.52759044866974,172.8911590576172,5035327,,
2025-08-04,172.89114011704208,179.3877219574516,172.15441118063322,179.05284118652344,6759365,,
2025-08-05,178.918904577645,179.97137456197515,177.69422019554597,179.16766357421875,3430191,,
2025-08-06,180.1435890536107,181.07167224044287,178.6510058746116,180.4784698486328,6251751,,
2025-08-07,180.07661020364253,182.64078840463995,176.69914386671076,181.5596160888672,4935945,,
2025-08-08,181.98062855509255,183.45408663859274,177.6463907084191,179.3112030029297,9906271,,
2025-08-11,180.2584129624774,181.45439504051768,177.70379699571018,178.98590087890625,4836690,,
2025-08-12,178.98589076620232,181.49266438833706,178.0578075581285,178.45965576171875,5519491,,
2025-08-13,179.39728306153933,183.4636214776009,179.39728306153933,181.73184204101562,7481122,,
2025-08-14,181.73186105861697,181.79882845961927,178.201319822605,179.47384643554688,6941185,,
2025-08-18,180.45932029056408,181.99974558546486,178.8901925975723,180.19142150878906,4433002,,
2025-08-19,180.5454373493519,183.22443991286437,179.98093735686808,183.0426483154297,5709282,,
2025-08-20,182.95654447355642,184.30561567985166,181.55006846688943,183.913330078125,4471522,,
2025-08-21,183.91334426365808,185.20501076920988,182.49730554750434,183.1957550048828,2828430,,
2025-08-22,182.84174185647768,183.8654949007858,180.3540933498274,180.70809936523438,2388053,,
2025-08-25,181.6935790740694,184.65962026523576,181.6935790740694,182.18154907226562,4149070,,
2025-08-26,181.310872022303,182.1241456257473,177.10102120296582,177.98126220703125,3791406,,
2025-08-28,177.77074500207354,179.72258095642513,176.14421260688258,176.80438232421875,5377292,,
2025-08-29,177.95254613274804,180.32537016134958,175.91458828029988,178.1343231201172,5025373,,
2025-09-01,179.68432713307627,184.08553185257355,178.67969939731003,183.50189208984375,4526262,,
2025-09-02,183.70283217066833,193.22284581380165,182.6216597886926,191.8642120361328,25022851,,
2025-09-03,192.80186566393738,199.29844822074256,192.80186566393738,198.16943359375,16998064,,
2025-09-04,199.96818852176096,200.25522711894283,195.66265336220152,197.73887634277344,8186271,,
2025-09-05,198.05461120189614,203.79532457006704,196.33239427156704,202.9724884033203,9198908,,
2025-09-08,203.79532880748678,207.57462893356936,200.54226367097277,201.4607696533203,8837936,,
2025-09-09,201.5086199168367,202.5515127382897,197.27962923036432,197.6910400390625,5412600,,
2025-09-10,198.29381349255456,202.2357654508552,198.0737568947224,200.0925750732422,6450913,,
2025-09-11,201.1641722626237,208.9524064573295,200.73362166279566,205.13482666015625,14202110,,
2025-09-12,205.90024620448932,209.6699835847689,205.13481484920501,208.8662872314453,8843556,,
2025-09-15,209.6699912576855,211.6696696145105,206.73266712100298,207.42153930664062,7843919,,
2025-09-16,207.62245626049844,208.96195013855277,204.50334074480713,207.1249237060547,7290406,,
2025-09-17,207.15365119335488,208.50272243354067,202.51324965425766,204.04409790039062,8013579,,
2025-09-18,204.27372190336334,205.03915328938965,201.90089774613222,204.56076049804688,5633670,,
2025-09-19,204.27032689142274,205.95483632688007,203.53457179025185,204.8511962890625,6125353,,
2025-09-22,205.03513086264095,207.65870420808088,202.77945723831039,204.21224975585938,5282484,,
2025-09-23,204.17351008913388,205.1222644219706,200.68833802498798,202.17921447753906,6350517,,
2025-09-24,201.37568337178507,203.36999374056626,199.042559606327,199.5169219970703,5280952,,
2025-09-25,199.81704322198755,203.6701151735205,198.27775845277174,199.05224609375,6275647,,
2025-09-26,199.04255821173697,199.64277908012377,192.3432530822306,194.1826629638672,6436834,,
2025-09-29,194.58927210840676,199.42980126533232,194.42469588972602,197.40646362304688,5885119,,
2025-09-30,197.68721562090226,208.52999840616255,197.68721562090226,207.04879760742188,22791494,,
2025-10-01,207.94912609690692,209.10117434750208,203.4958335658262,207.65869140625,8477437,,
2025-10-03,207.65870423657,217.4365792027122,207.65870423657,214.10629272460938,25070995,,
2025-10-06,214.96789411523216,216.37164455951603,209.8272547221228,210.2241668701172,7789646,,
2025-10-07,210.95025862977403,212.9832868219234,209.11086342516114,210.14674377441406,6033212,,
2025-10-08,211.19229823863162,219.03396201406196,211.0954965109605,216.4878387451172,32888505,,
2025-10-09,218.21105062750618,224.79417329997517,217.56242148676534,222.22869873046875,21222011,,
2025-10-10,222.66433351644332,223.43882110918582,216.27482934147042,217.14613342285156,9669882,,
2025-10-13,215.88758447240528,219.01456194090122,214.30956735658188,218.19168090820312,8749565,,
2025-10-14,219.8568452413196,221.88985867042004,215.6649451229599,216.76858520507812,8629781,,
2025-10-15,216.6620954688218,220.72813714603464,216.6620954688218,219.3243865966797,12613195,,
2025-10-16,219.76001827233966,220.486097627865,216.77825061299419,219.60511779785156,6327250,,
2025-10-17,219.84715341227152,223.13872215777602,216.66209167302353,218.16265869140625,8595074,,
2025-10-20,218.2304082386988,220.16661984380352,215.60684978617036,218.82095336914062,5197040,,
2025-10-21,219.7600187521687,220.65067432423643,219.2759658474282,220.09886169433594,1587416,,
2025-10-23,221.21217574237536,223.76797446860152,220.09885997899787,220.9991912841797,9421550,,
2025-10-24,226.53676553749906,232.53901876398263,224.66832836535144,228.56979370117188,30712917,,
2025-10-27,230.2155807241512,231.26113684496121,228.96671586924342,230.28334045410156,5646448,,
2025-10-28,230.28333833988697,233.42000667351945,228.13414212886303,229.208740234375,10124445,,
2025-10-29,230.40918021533028,233.3134976130025,229.78959309471176,230.50599670410156,10095469,,
2025-10-30,230.0219466476043,231.68708982462098,226.8562365088186,230.48663330078125,7514342,,
2025-10-31,228.37614784401242,229.3926618685534,225.8687574163674,226.6722869873047,9030396,,
2025-11-03,229.44108225258236,232.4422162415285,228.7440448715642,231.0481414794922,9491472,,
2025-11-04,230.40919954449308,230.5447337768696,224.35853779174903,225.83006286621094,6566393,,
2025-11-06,225.83005071060637,225.85909270368646,220.75717085219588,223.2355194091797,6052538,,
2025-11-07,220.72812137085333,230.5059958141128,220.72812137085333,227.24346923828125,12249764,,
2025-11-10,233.45871560779972,251.35901254152262,233.45871560779972,249.15170288085938,72663239,,
2025-11-11,249.77128749233069,257.9033700134649,248.08679291456355,257.1869812011719,36187656,,
2025-11-12,257.0320868397966,260.6624835465734,255.77356113247828,258.43585205078125,17311954,,
2025-11-13,258.48426340552163,263.2183152199171,257.62263501293177,260.10101318359375,13490312,,
2025-11-14,258.656391073031,263.0590336504677,255.68850613118397,258.0372619628906,10276305,,
2025-11-17,257.9684672185328,259.73738185458694,254.58784947743726,256.2585144042969,7951795,,
2025-11-18,254.52888021001976,254.52888021001976,250.55862937150476,252.85821533203125,10067138,,
2025-11-19,252.56340740287925,255.60989808176495,250.30310931809726,252.17031860351562,8673115,,
2025-11-20,254.03751232572807,257.6244963468769,252.03272046547593,253.17269897460938,10392121,,
2025-11-21,251.56100215948894,252.14082836084742,245.46803602261284,246.3524932861328,6895899,,
2025-11-24,246.33286334128638,249.76260592050377,245.09460510754445,246.7259521484375,9372498,,
2025-11-25,247.6497155942456,251.33497921915998,247.0600674161089,249.58570861816406,7543168,,
2025-11-26,251.08929459215452,254.95144366735707,250.70602777556667,253.7230224609375,8640403,,
2025-11-27,255.1185183032173,260.9264972785441,255.1185183032173,256.8186340332031,9372072,,
2025-11-28,258.11588026524186,260.08135436585786,255.08906334622534,255.4919891357422,7387530,,
2025-12-01,259.5408412844315,262.88214100371135,257.9684561251373,259.2460021972656,12442220,,
2025-12-02,261.40802526576994,263.619183374221,259.58995593400437,260.57269287109375,10847037,,
2025-12-03,261.21148615684115,263.3735195825516,257.3296929484908,261.8994140625,10320888,,
2025-12-04,263.37350750058033,265.58466567922324,262.636454774366,264.6019287109375,10377125,,
2025-12-05,264.6019325956455,269.7613017548921,262.04681044243955,268.4346008300781,10796032,,
2025-12-08,269.17164637371985,271.43195936800777,261.9976785879299,263.71746826171875,7786865,,
2025-12-09,261.9485442459361,262.39078790725,254.82370075407258,261.0640869140625,6100471,,
2025-12-10,260.42528217736304,263.47177260853135,256.88742328925633,258.4598083496094,6798335,,
2025-12-11,260.4252935888142,263.61918869886574,258.2141354357017,259.73736572265625,7507279,,
2025-12-12,262.14507178131703,274.92065166194357,261.7519830139094,273.3482666015625,21981929,,
2025-12-15,272.9060570168984,275.16633995595043,271.43195162427725,273.8887939453125,8117336,,
2025-12-16,272.5129533939993,273.1517564255617,268.9751242477443,272.07073974609375,7580301,,
2025-12-17,273.20087390895156,276.6404532567262,272.36554149777027,274.6258544921875,8846891,,
2025-12-18,274.6258806954192,277.77062126184376,270.40009338478745,274.4293212890625,8501384,,
2025-12-19,274.6749977646011,276.59134695460915,271.9233460981446,273.6922607421875,5757096,,
2025-12-22,276.1491014501895,287.69626138627393,275.657732942271,285.2885437011719,18744818,,
2025-12-23,286.0255705171217,289.5143046013254,284.502340277051,285.14111328125,10822237,,
2025-12-24,286.95918953245996,293.44525940360427,285.3376795623618,290.20220947265625,12921219,,
2025-12-26,292.85562793956075,303.8622944087584,291.3815224297979,301.5528564453125,12990101,,
2025-12-29,304.6484479392318,308.57939565457673,294.37883503659276,295.7055358886719,18589007,,
2025-12-30,292.85560838564425,313.3456796013807,292.85560838564425,311.134521484375,24881884,,
2025-12-31,312.559470047653,314.3284145243521,308.0389041411746,308.87420654296875,11874119,,
2026-01-01,310.0534940831694,311.77328367000155,306.7121945983313,309.1690368652344,6888014,,
2026-01-02,310.74142539539315,325.6790085510573,310.2500569365078,324.5979919433594,21272570,,
2026-01-05,326.26868237676223,329.02033396677103,322.0920501475416,325.0893859863281,12952006,,
2026-01-06,327.6445150008823,345.6286203807043,327.2514261927954,340.7149353027344,41794775,,
2026-01-07,344.74411698347984,351.4267463720661,341.1080081899461,346.5130615234375,31378469,,
2026-01-08,341.99248471467394,341.99248471467394,326.0230080577387,327.7427978515625,27665985,,
2026-01-09,325.1385083105767,343.36826575026134,323.17303451693954,342.04156494140625,28744580,,
2026-01-12,345.92342925352983,350.2474661210482,338.3563422423074,344.007080078125,23846101,,
2026-01-13,346.9061573356224,353.58875686873273,345.0880879066761,351.2301940917969,17824247,,
2026-01-14,352.80256862350075,367.8384321144968,350.1491668353241,367.10137939453125,27306024,,
2026-01-15,367.10137939453125,367.10137939453125,367.10137939453125,367.10137939453125,0,,
2026-01-16,359.92741747362567,363.41612174225673,354.17840016565754,355.3576965332031,17073322,,
2026-01-19,356.73352230804784,362.87562840839297,353.88359107563815,362.2859802246094,12485722,,
2026-01-20,361.1558376099317,364.398857624822,351.0336587834237,352.7534484863281,13324472,,
2026-01-21,347.9380271940094,356.7335354500292,347.053569881127,355.2594299316406,12016882,,
2026-01-22,356.73352304005965,361.6472079304186,350.64054177971354,358.305908203125,12526200,,
2026-01-23,360.5170762216803,376.04430890176377,359.09209556836896,364.25146484375,22954119,,
2026-01-27,369.06684504154407,379.23817834722115,367.34705540017484,377.96063232421875,15593346,,
2026-01-28,381.5967500822247,400.85840052214456,377.321868293107,399.13861083984375,22117381,,
2026-01-29,404.789343534465,424.0509937444125,404.4453796039611,421.4467468261719,39396481,,
2026-01-30,406.7548397449779,406.7548397449779,373.58746587730315,378.7959899902344,40709006,,
2026-02-02,341.1080094948358,365.3815947454669,336.09604493191125,363.31787109375,31185668,,
2026-02-03,383.16912464711817,385.1837533566825,354.817158097247,364.447998046875,27221983,,
2026-02-04,365.5290443888104,371.965959834829,364.3497479755954,368.4281005859375,9413750,,
2026-02-05,353.7853043751982,359.2886373302961,346.16909296156547,357.56884765625,12183411,,
2026-02-06,354.2354349660632,355.72800000103257,347.8173931691696,352.8921203613281,12608116,,
2026-02-09,356.47429827956745,367.07150442312906,356.47429827956745,363.3898620605469,8166050,,
2026-02-10,367.17102517954794,368.5143398815167,361.7480263467655,366.82275390625,8272261,,
2026-02-11,366.27548321230273,369.85764554120425,363.9868651625226,365.8774719238281,9020339,,
2026-02-12,365.67844610473713,372.5940098170531,364.6834027139759,367.8675537109375,7845057,,
2026-02-13,358.2156101480168,359.45941434991965,346.62336105954506,347.5686340332031,10586115,,
2026-02-16,344.28502805313525,347.3696687708051,339.8073326015772,346.6731262207031,9841101,,
2026-02-17,342.79245535825004,343.78749877003014,333.538563775221,339.1605529785156,7660056,,
2026-02-18,338.81227364613443,343.1904584804868,337.4192189760652,342.34466552734375,4668713,,
2026-02-19,346.2751131353271,349.7080251103501,337.1207014461428,338.4142761230469,6492452,,
2026-02-20,336.3246685596151,340.80236385108924,336.07590771008876,339.5088195800781,5837972,,
2026-02-23,343.28995866824334,345.0810245669436,334.5335892603324,337.26995849609375,4888956,,
2026-02-24,337.7177338215927,343.289983098778,332.69277665029625,341.2998962402344,6380571,,
2026-02-25,345.28005824633675,359.2106657836529,344.8820469613906,358.0166015625,14931791,,
2026-02-26,361.79777323046875,362.146044481138,355.9767634776965,359.5091552734375,6425639,,
2026-02-27,355.47926624934064,360.3549729951727,351.44935249436986,352.8424072265625,9832443,,
2026-03-02,340.1556016984125,361.996786708028,339.3098087119379,361.051513671875,8626089,,
2026-03-04,363.1908432068116,375.4298649546522,356.1260289506216,371.6487121582031,26380460,,
2026-03-05,375.1313721772494,402.29604560217916,374.63385046348645,393.9874572753906,45535889,,
2026-03-06,390.05700789990453,400.0074417749021,384.8330301155308,394.1864318847656,15765117,,
2026-03-09,394.03719810421444,400.4552403713775,382.09667694954123,386.1763610839844,18671228,,
2026-03-10,388.0669243619373,391.6988266833438,378.7632625379459,386.8231201171875,13040542,,
2026-03-11,390.05700399709303,401.3507524054757,388.7136893641463,395.77850341796875,16596283,,
2026-03-12,401.5000200268113,408.16682308828075,384.03702014986646,407.12200927734375,20128518,,
2026-03-13,406.62446525018066,409.6593657348324,379.3602831079476,385.4300537109375,28466667,,
2026-03-16,382.3454280773852,388.3654285264824,367.7680482786021,370.4049072265625,17935359,,
2026-03-17,374.136330592299,394.8332218402403,369.2108534552624,393.19140625,19748708,,
2026-03-18,390.0570216213088,393.3904231599581,382.5444559279348,385.72857666015625,10667689,,
2026-03-19,375.13134765625,387.71864011840256,372.39497840942056,375.13134765625,10470359,,
2026-03-20,367.2207541544157,380.7533504503932,358.7628852652191,366.6734924316406,34262576,,
2026-03-23,355.7280045700891,359.40967718349384,345.2800491911075,348.01641845703125,14168007,,
2026-03-24,356.77278337898576,357.9668475534866,348.9119469347431,352.8921203613281,9633884,,
2026-03-25,357.9171255541041,368.0168100593424,356.67332129566796,365.47943115234375,8500335,,
2026-03-27,362.6933201792427,373.14127590457065,360.2057116732122,369.1611022949219,15922058,8323704.0,52.28
2026-03-30,378.11647818775697,392.6441173703388,374.1860447548062,384.1862487792969,31797909,7119319.0,22.39
2026-04-01,394.4849626147675,404.4851364997863,390.3555082688892,397.4700927734375,17296757,7149050.0,41.33
2026-04-02,393.9874312707636,401.4004860967529,383.29071513088337,399.80841064453125,9890441,2593415.0,26.22
2026-04-06,399.9079402594984,413.7390375801776,399.9079402594984,405.8284606933594,13020935,3385325.0,26.0
2026-04-07,405.97769381830597,415.28135537490493,405.48017213470513,409.7091064453125,12271888,4038665.0,32.91
2026-04-08,412.94299546640644,415.28135344170784,395.0322149401527,398.1665954589844,21398906,8925521.0,41.71
2026-04-09,398.21638109874834,411.45044618126934,396.3257743444042,410.30615234375,14640678,5290773.0,36.14
2026-04-10,412.4454969227743,416.4256705963354,403.1916052782707,414.93310546875,11970802,4316938.0,36.06
2026-04-13,410.0076144486849,419.6098074024419,406.52496260283306,415.9778747558594,13025046,3739701.0,28.71
2026-04-15,423.0426934041803,427.8686599442563,417.5202147072395,421.79888916015625,11012606,4373835.0,39.72
2026-04-16,427.12238592301105,434.83397238987965,423.88849482400167,430.5552978515625,13525794,4911971.0,36.32
2026-04-17,429.8587439903846,437.81909110131767,420.4555718190692,436.5752868652344,8471986,3400758.0,40.14
2026-04-20,430.8537792764719,430.8537792764719,421.6993681245341,424.5352478027344,8191733,3236738.0,39.51
2026-04-21,424.3362589867171,428.0676716391985,420.35608549073686,420.8536071777344,6184964,2659359.0,43.0
2026-04-22,419.6595560723294,435.1822392640946,416.4754050297004,433.7891845703125,12617478,5827897.0,46.19
2026-04-23,432.843880476976,440.9534781413851,430.2070215312413,437.07281494140625,8807600,3533968.0,40.12
2026-04-24,433.88865412878795,437.7693476076522,426.07758788116456,434.8836975097656,11786646,5921666.0,50.24
2026-04-27,440.7544947635475,442.9435720664075,437.2220724049381,438.81414794921875,5256456,2251876.0,42.84
2026-04-28,435.82899373141987,441.9982747389837,433.8886470237614,439.3116455078125,8617924,4375216.0,50.77
2026-04-29,437.8190854811966,439.56041138936047,427.86865172026035,431.15228271484375,7885901,2707864.0,34.34
2026-04-30,428.8637203229345,430.3065454496656,392.29587410050334,397.3208312988281,17624227,6398451.0,36.3
2026-05-01,397.3208312988281,397.3208312988281,397.3208312988281,397.3208312988281,0,0.0,0.0
2026-05-04,397.02231674672726,409.9578809515079,386.6738714561657,405.7786865234375,14684723,6133309.0,41.77
2026-05-05,407.7687741267621,416.52517428702174,404.1866421714395,411.5499572753906,7788814,2730119.0,35.05
2026-05-06,415.9281406533487,418.8635308260166,402.9925764703498,404.5348815917969,8363596,3065495.0,36.65
2026-05-07,407.7687610876752,410.00760867131834,400.6542070618054,401.5,6473906,2817794.0,43.53
2026-05-08,403.20001220703125,403.8999938964844,396.1499938964844,401.95001220703125,5777370,2543817.0,44.03
2026-05-11,401.75,402.5,391.70001220703125,393.04998779296875,6172326,2742325.0,44.43
2026-05-12,395.0,403.20001220703125,392.29998779296875,394.04998779296875,6771421,2788581.0,41.18
2026-05-13,398.0,411.25,397.0,408.25,11456661,4750002.0,41.46
2026-05-14,414.6000061035156,420.70001220703125,410.70001220703125,416.45001220703125,8909084,3645637.0,40.92
2026-05-15,416.45001220703125,416.5,401.0,403.6000061035156,8511752,4130117.0,48.52
2026-05-18,400.0,403.95001220703125,395.1000061035156,400.45001220703125,6239458,3159959.0,50.64
2026-05-19,402.0,403.5,391.45001220703125,398.95001220703125,7293845,3841048.0,52.66
2026-05-20,399.29998779296875,403.3999938964844,393.20001220703125,402.3999938964844,7425703,3539566.0,47.67
2026-05-21,407.0,410.95001220703125,404.3500061035156,406.3999938964844,5309235,2095134.0,39.46
2026-05-22,407.0,409.75,403.25,409.25,4550854,1759320.0,38.66
2026-05-25,412.0,413.29998779296875,400.25,403.0,6636144,3186821.0,48.02
2026-05-26,406.25,417.8999938964844,405.1000061035156,416.20001220703125,7524355,3022137.0,40.16
2026-05-27,421.20001220703125,437.75,420.25,433.04998779296875,15519448,5492158.0,35.39
2026-05-28,433.04998779296875,433.04998779296875,433.04998779296875,433.04998779296875,0,0.0,0.0
2026-05-29,438.20001220703125,441.5,416.79998779296875,424.45001220703125,107733950,63287458.0,58.74
2026-06-01,425.45001220703125,436.75,421.3999938964844,434.20001220703125,9695414,2647907.0,27.31
2026-06-02,436.0,444.5,431.3999938964844,434.3999938964844,10368957,3033415.0,29.25
2026-06-03,437.20001220703125,441.95001220703125,431.29998779296875,436.8999938964844,7827914,3406684.0,43.52
2026-06-04,434.0,436.8500061035156,412.54998779296875,414.0,13706598,6050328.0,44.14
2026-06-05,412.5,412.5,391.5,395.70001220703125,14357059,5466905.0,38.08
2026-06-08,385.5,389.79998779296875,375.1499938964844,378.20001220703125,8633380,3629024.0,42.03
2026-06-09,378.45001220703125,385.29998779296875,370.20001220703125,383.8999938964844,12056098,5087360.0,42.2
2026-06-10,383.1000061035156,383.8999938964844,372.1000061035156,376.1499938964844,10055912,4421948.0,43.97
2026-06-11,369.0,382.75,368.1000061035156,370.6000061035156,7008922,2948174.0,42.06
2026-06-12,380.0,384.70001220703125,375.20001220703125,376.8500061035156,7674222,3454339.0,45.01
2026-06-15,381.70001220703125,387.6000061035156,377.45001220703125,382.3500061035156,9226727,4246294.0,46.02
2026-06-16,370.0,370.0,357.79998779296875,366.6499938964844,19009227,6775910.0,35.65
2026-06-17,367.3999938964844,372.0,360.0,370.0,14263211,7279891.0,51.04
2026-06-18,370.0,371.6000061035156,364.0,367.75,7593089,3525880.0,46.44
2026-06-19,365.8999938964844,376.75,362.3999938964844,376.0,8824485,5144974.0,58.3
2026-06-22,379.0,379.70001220703125,374.04998779296875,377.95001220703125,7283264,4089836.0,56.15
2026-06-23,372.0,372.04998779296875,350.3500061035156,355.3999938964844,19479266,10165177.0,52.18
2026-06-24,353.0,356.20001220703125,347.5,348.54998779296875,14258769,8064850.0,56.56
2026-06-25,340.0,342.20001220703125,331.3999938964844,332.1499938964844,27955221,17402485.0,62.25
2026-06-25,340.0,342.20001220703125,331.3999938964844,332.1499938964844,27955221,0.0,0.0
2026-06-26,332.1499938964844,332.1499938964844,332.1499938964844,332.1499938964844,0,,
2026-06-29,334.04998779296875,350.6499938964844,334.04998779296875,347.3999938964844,37724734,24641948.0,65.32
2026-06-30,342.0,342.54998779296875,333.54998779296875,339.6000061035156,12185447,4819294.0,39.55
2026-07-01,337.95001220703125,341.5,333.1499938964844,334.6499938964844,6344750,0.0,0.0
2026-07-02,335.5,340.5,331.5,332.25,7562698,3623864.0,47.92
2026-07-03,340.0,349.20001220703125,338.8999938964844,347.6000061035156,12212575,2933090.0,24.02
2026-07-06,348.95001220703125,353.0,345.6000061035156,351.04998779296875,7761158,3479890.0,44.84
2026-07-07,350.0,350.3999938964844,341.1000061035156,342.54998779296875,4907893,2316587.0,47.2
2026-07-08,340.20001220703125,354.6000061035156,339.75,349.75,10719028,,
2026-07-09,350.1000061035156,351.79998779296875,341.8999938964844,349.5,8664918,,
2026-07-10,355.0,363.8500061035156,354.1000061035156,354.8500061035156,9456829,,
2026-07-13,354.79998779296875,357.3500061035156,351.0,355.20001220703125,5088219,2343431.0,46.06
2026-07-14,357.29998779296875,366.8999938964844,357.20001220703125,364.8999938964844,11143777,,
2026-07-15,366.70001220703125,368.5,359.79998779296875,361.5,7471482,4363968.0,58.41
2026-07-16,363.0,364.54998779296875,353.6000061035156,354.45001220703125,6648003,,
2026-07-17,353.0,353.75,338.04998779296875,339.8999938964844,11229123,,
2026-07-20,340.6000061035156,349.6000061035156,340.54998779296875,342.8999938964844,6171072,2821693.0,45.72
2026-07-21,344.0,346.29998779296875,341.25,342.8999938964844,4465145,2495664.0,55.89
2026-07-22,344.20001220703125,347.75,339.95001220703125,342.3999938964844,3803051,,
2026-07-23,346.0,351.0,343.6499938964844,346.0,5175178,1628800.0,31.47
2026-07-24,341.79998779296875,344.8999938964844,339.6499938964844,343.8999938964844,2253982,,
2026-07-27,345.1000061035156,346.04998779296875,338.3500061035156,339.3500061035156,3868006,1767444.0,45.69
2026-07-28,339.3999938964844,340.20001220703125,333.0,334.54998779296875,3721274,1709426.0,45.94
2026-07-29,335.0,346.1000061035156,332.0,344.70001220703125,5431501,2054982.0,37.83
2026-07-30,345.5,349.6499938964844,342.6000061035156,347.6499938964844,6318472,3494269.0,55.3
2026-07-31,352.0,355.75,347.6499938964844,350.04998779296875,7186013,3069278.0,42.71
2026-08-03,357.95001220703125,369.0,353.5,369.0,12541474,4352851.0,34.71
2026-08-04,373.0,382.45001220703125,367.1499938964844,377.0,15775994,5447842.0,34.53
2026-08-05,381.0,383.8999938964844,375.1499938964844,381.0,8940938,,
2026-08-06,385.0,385.04998779296875,376.5,381.0,6636333,3505682.0,52.83
2026-08-07,382.5,382.8500061035156,377.1499938964844,381.0,4423953,1881581.0,42.53
2026-08-11,387.1499938964844,393.70001220703125,384.5,388.0,8151899,3719628,45.61
