date,open,high,low,close,volume,delivery_qty,delivery_pct
2022-01-03,3470.655756766184,3473.458457290916,3444.2433835103084,3459.349853515625,75821,,
2022-01-04,3488.2791884227686,3557.1126929410475,3420.3006662894686,3433.411865234375,317799,,
2022-01-05,3439.302572888966,3448.7558581556923,3387.047975787062,3422.961181640625,43807,,
2022-01-06,3416.262923203493,3506.7583812957223,3356.0277189452227,3500.0126953125,168450,,
2022-01-07,3505.8083556739516,3577.3496945260645,3471.0352044051806,3499.6328125,241507,,
2022-01-10,3512.45881788647,3565.615945112321,3496.307397842091,3550.03466796875,134178,,
2022-01-11,3553.3126366982924,3597.0164819624956,3515.309292990289,3520.81982421875,45111,,
2022-01-12,3528.5627142581793,3546.6618520719535,3483.1962252583303,3511.271240234375,166642,,
2022-01-13,3514.359150544198,3534.2158045174983,3469.7052224350937,3512.886474609375,116460,,
2022-01-14,3523.1473031455894,3527.0900570728327,3410.79992403227,3444.14794921875,149874,,
2022-01-17,3445.0026318734713,3491.461620365632,3392.1305800153023,3398.923583984375,73718,,
2022-01-18,3429.13698260458,3429.13698260458,3303.7734907100075,3313.84423828125,138492,,
2022-01-19,3297.740154503328,3344.294250605507,3273.9880646552774,3321.539794921875,61280,,
2022-01-20,3325.292426707967,3358.5453509750464,3311.041173450647,3350.612060546875,33516,,
2022-01-21,3351.84702622851,3396.453400013589,3282.1109903432393,3373.46142578125,89810,,
2022-01-24,3391.797975588309,3396.500842356944,3258.7862902711204,3326.05224609375,126469,,
2022-01-25,3283.488790170816,3339.6861400797866,3230.284110700456,3281.588623046875,51527,,
2022-01-27,3268.287263979158,3268.287263979158,3181.44972422363,3211.947265625,97168,,
2022-01-28,3213.182267854905,3288.523932767548,3213.182267854905,3246.340087890625,282796,,
2022-01-31,3263.4418289686823,3390.8005727336754,3239.78484182027,3362.488037109375,156564,,
2022-02-01,3380.207227118746,3395.5985339034482,3334.840738592196,3351.18212890625,26637,,
2022-02-02,3372.748807254731,3409.184601535583,3352.844604716985,3372.986328125,82407,,
2022-02-03,3372.986668348374,3383.4375876943636,3338.5936892551003,3361.34814453125,28211,,
2022-02-04,3388.853327167224,3420.3011892163486,3206.722335232257,3338.593994140625,331945,,
2022-02-07,3297.7406017254384,3380.0179448987033,3266.387838874116,3312.13427734375,44406,,
2022-02-08,3325.102538896831,3344.2466301326035,3273.1803324018842,3316.36181640625,50575,,
2022-02-09,3306.290634548476,3362.345561973292,3296.837349958308,3343.676513671875,66306,,
2022-02-10,3349.090590394799,3388.3309612522676,3344.2993306088265,3354.408935546875,14214,,
2022-02-11,3334.7172776176594,3342.3832943478146,3263.8066228637203,3288.194091796875,35760,,
2022-02-14,3248.2829007474825,3282.0133266875837,3200.56190106176,3224.566162109375,41254,,
2022-02-15,3224.517607896508,3257.0022533685415,3191.98500304036,3243.778564453125,32556,,
2022-02-16,3248.474168242226,3271.8076972187755,3214.4082640245524,3223.751220703125,45109,,
2022-02-17,3233.908648811415,3258.0565505730765,3190.978915708337,3239.03515625,36502,,
2022-02-18,3253.2653476335977,3253.2653476335977,3176.844755152367,3186.523193359375,34257,,
2022-02-21,3186.523394999933,3208.7068353126733,3136.502453233806,3182.0673828125,62425,,
2022-02-22,3143.06640625,3175.64697265625,3072.15576171875,3134.442138671875,70301,,
2022-02-23,3133.4841312332505,3243.2999072098987,3113.887924052344,3128.69287109375,124090,,
2022-02-24,3004.1198589650908,3118.1518408524416,3004.1198589650908,3039.048095703125,49307,,
2022-02-25,3039.0481998989444,3200.5616181683135,3039.0481998989444,3161.656494140625,121298,,
2022-02-28,3153.0322412175383,3167.789462171174,3066.4063552607186,3141.10205078125,33559,,
2022-03-02,3103.778076171875,3155.523681640625,3095.15380859375,3122.943115234375,22773,,
2022-03-03,3143.0661926773064,3151.786378437496,3074.0720567404874,3113.983154296875,48593,,
2022-03-04,3080.82789397219,3131.5193271548346,3022.757733818738,3043.983154296875,36487,,
2022-03-07,2982.080382923407,3224.182670046418,2978.103730490777,3125.1474609375,103285,,
2022-03-08,3072.299497813742,3146.132859799757,3072.299497813742,3129.075927734375,86400,,
2022-03-09,3150.732327970128,3234.1002454072936,3108.6172026751356,3139.808349609375,122653,,
2022-03-10,3210.143871565892,3210.143871565892,3135.448182597756,3162.518798828125,48413,,
2022-03-11,3179.1926976629206,3248.2827622688437,3152.6971227417184,3239.85009765625,76836,,
2022-03-14,3256.14008969106,3268.5494055151576,3219.726515998223,3239.658203125,83284,,
2022-03-15,3243.68301235346,3284.83988886679,3210.144192432523,3233.71728515625,84389,,
2022-03-16,3262.8476285493475,3292.1222700679714,3221.259590827886,3272.334228515625,99979,,
2022-03-17,3291.5953228251237,3323.936324905283,3272.765766304408,3295.38037109375,120404,,
2022-03-21,3278.227978613475,3378.748517602637,3266.0102658847063,3350.863525390625,74130,,
2022-03-22,3350.8636903426473,3416.12051293739,3341.616417923777,3402.32177734375,150611,,
2022-03-23,3411.3771317522433,3516.7848521153746,3403.711115725834,3496.901123046875,173064,,
2022-03-24,3496.9008165267815,3534.560163745145,3421.726000246884,3458.810302734375,67094,,
2022-03-25,3479.364731409496,3484.539432100734,3441.7053844964057,3469.255126953125,88609,,
2022-03-28,3469.1598522032314,3545.532491790805,3425.8946329141863,3454.0673828125,134260,,
2022-03-29,3452.6298666511498,3515.5869753727775,3452.6298666511498,3507.681396484375,136930,,
2022-03-30,3511.9936236822336,3569.440785007114,3429.1048246512614,3514.7724609375,100806,,
2022-03-31,3535.949630309715,3535.949630309715,3432.027255037818,3469.542724609375,71140,,
2022-04-01,3449.707331075086,3468.72872757712,3327.0990298061092,3347.365966796875,153314,,
2022-04-04,3401.7946061130647,3401.7946061130647,3318.5703261842127,3329.63818359375,111819,,
2022-04-05,3329.9735895577846,3437.6330591311453,3329.9735895577846,3348.515625,228120,,
2022-04-06,3382.629484983729,3406.442140234935,3329.9735855411227,3347.98876953125,127361,,
2022-04-07,3328.0090614493383,3369.2138957834363,3325.1343055655643,3356.8525390625,120124,,
2022-04-08,3353.881868737949,3381.671175650349,3305.9692706131214,3327.673583984375,109495,,
2022-04-11,3339.5077222205296,3384.4976001247915,3325.2298631280514,3331.9853515625,108171,,
2022-04-12,3339.555831155986,3353.8816502725067,3289.7267323519377,3307.64599609375,168927,,
2022-04-13,3305.969176715198,3344.299254126389,3262.943758400427,3277.461181640625,64494,,
2022-04-18,3248.4743293513534,3329.8777911984,3248.4743293513534,3300.555419921875,129373,,
2022-04-19,3315.5520998979555,3368.255962757605,3226.0034924288016,3233.95703125,87763,,
2022-04-20,3279.3296175465666,3279.3296175465666,3217.5703291522736,3264.093505859375,106014,,
2022-04-21,3266.680818549395,3319.911759874217,3247.9469465903044,3262.033203125,61401,,
2022-04-22,3263.8542823619237,3292.170675846765,3212.6357595793884,3229.97998046875,79646,,
2022-04-25,3197.6866301897903,3215.7974977464287,3167.022569007269,3172.72412109375,41882,,
2022-04-26,3190.9790653891423,3205.1612413582966,3152.648986525609,3167.741455078125,32750,,
2022-04-27,3167.7410557961093,3176.029840726284,3149.77383359353,3162.80615234375,21427,,
2022-04-28,3190.9793406216813,3190.9793406216813,3117.7210178646274,3162.088134765625,53111,,
2022-04-29,3167.023048471049,3200.465951681955,3096.1123962511224,3114.702392578125,53913,,
2022-05-02,3086.4335761933653,3175.359402906294,3084.996198285123,3136.1669921875,51958,,
2022-05-04,3157.4399040208796,3157.4399040208796,3048.821961239542,3057.685791015625,54709,,
2022-05-05,3058.7404331081425,3197.5910565580953,3023.71627515618,3037.46728515625,37723,,
2022-05-06,3023.285175798542,3041.4919644959023,2948.589476327179,2962.484130859375,94423,,
2022-05-09,2963.8732441016036,3006.563414727242,2924.441270433956,2956.015625,44924,,
2022-05-10,2960.998803842001,2981.457578476974,2826.843518231037,2847.493896484375,272240,,
2022-05-11,2855.5909150876155,2862.4902825894546,2769.539840051368,2819.560546875,144076,,
2022-05-12,2797.137543598607,2859.1364002247965,2780.8472598571966,2832.017822265625,222870,,
2022-05-13,2761.6819472973843,3069.951533556169,2761.6819472973843,2784.4404296875,476396,,
2022-05-16,2778.9305138327036,2811.511078477639,2709.936376937547,2785.063232421875,158897,,
2022-05-17,2788.512755280553,2799.6762952404565,2754.1593344583857,2781.5654296875,50528,,
2022-05-18,2794.2629652503124,2840.64227068271,2778.930932519172,2822.148193359375,113305,,
2022-05-19,2798.0952428776905,2851.709384046616,2731.0176171922667,2795.31640625,90836,,
2022-05-20,2798.0958673342407,2887.404907817041,2798.0958673342407,2877.34326171875,69525,,
2022-05-23,2877.343414034253,2909.253254424809,2841.361002388326,2861.628173828125,63845,,
2022-05-24,2873.797515823351,2873.797515823351,2788.1776129613622,2808.780029296875,122184,,
2022-05-25,2822.0521553616677,2862.298739580747,2822.0521553616677,2844.235595703125,72158,,
2022-05-26,2826.9394186677205,2910.2114268307964,2801.9289470046915,2897.754150390625,104076,,
2022-05-27,2913.086274842637,2940.0132514229526,2868.3359502391468,2916.34423828125,56746,,
2022-05-30,2927.4596562030324,2963.1065813318005,2921.5185410062754,2948.78076171875,73837,,
2022-05-31,2946.625127369373,3042.9294608004693,2924.5853296687237,3017.583740234375,81773,,
2022-06-01,3017.535400390625,3031.6216573119164,2964.1608133912086,2983.038330078125,57887,,
2022-06-02,2956.2073830426975,2988.7399912463393,2929.759534594041,2960.95068359375,113679,,
2022-06-03,2970.581040444057,3020.3621823805624,2967.0355550241406,2971.01220703125,96986,,
2022-06-06,2984.0926981758507,3001.1973563015076,2954.290966883263,2983.80517578125,87853,,
2022-06-07,2988.8838676462046,3015.5710451278474,2932.2990409974145,3009.821533203125,68916,,
2022-06-08,3002.2033408832035,3042.4499225356435,2975.3722864482434,3027.02197265625,78919,,
2022-06-09,3026.159620907886,3042.401944471119,2987.829543378971,3008.719482421875,102966,,
2022-06-10,3004.119765223794,3023.2848035984275,2983.708952565165,3004.167724609375,156682,,
2022-06-13,2958.8902774088115,3008.8630206475787,2914.139960259756,2965.214599609375,50726,,
2022-06-14,2938.288043133715,2973.407884024633,2920.5603818049585,2944.372802734375,55586,,
2022-06-15,2956.207275390625,2997.3641499876976,2935.125732421875,2971.539306640625,188356,,
2022-06-16,2947.582975005461,2996.405864684127,2894.831158783419,2923.962158203125,63785,,
2022-06-17,2915.433576038532,2984.954801265353,2897.3706672890576,2969.0,138471,,
2022-06-20,2898.7122035942743,3009.9653506735003,2898.7122035942743,2988.021240234375,131165,,
2022-06-21,2975.372238455312,3028.0760945310103,2940.0605613053044,2947.29541015625,81557,,
2022-06-22,2960.9987883087774,2962.8193735960745,2841.408887544714,2855.591064453125,103362,,
2022-06-23,2836.4257673540023,2918.6917907060447,2836.4257673540023,2907.767578125,78540,,
2022-06-24,2909.2531434419443,3047.241434830495,2865.3651539745474,2879.8828125,99561,,
2022-06-27,2892.004441101778,2931.2927718125707,2859.1843111787375,2905.611572265625,109238,,
2022-06-28,2905.4199984102165,2909.4446099297124,2831.9700778476436,2857.794921875,58818,,
2022-06-29,2838.3424679993677,2862.2987683707333,2805.953503107633,2842.4150390625,113830,,
2022-06-30,2843.9004490104176,2912.5111546550143,2826.9871601479035,2873.36669921875,124974,,
2022-07-01,2869.9644321639003,2908.2945080525665,2846.918427246196,2894.208251953125,21837,,
2022-07-04,2886.2550037385913,2933.8800810146167,2861.3404519134906,2913.565185546875,33450,,
2022-07-05,2928.4179075997868,2955.7760470798685,2893.1062302852047,2922.907958984375,90063,,
2022-07-06,2922.6685921048365,3047.2413517683212,2918.8835435047095,2949.547607421875,57854,,
2022-07-07,2965.119276052173,2987.494320378723,2961.14238979516,2977.62451171875,155162,,
2022-07-08,2980.5472390774426,3011.7863511253095,2961.861323122322,2994.44189453125,118183,,
2022-07-11,3004.1197986607394,3056.7756953914795,2989.0273307727307,3040.245849609375,41558,,
2022-07-12,3035.5509113309104,3035.7425149525566,2944.18148416552,2961.286376953125,101044,,
2022-07-13,2946.6247698075504,3029.896771348998,2946.6247698075504,3009.438232421875,100975,,
2022-07-14,3015.619169555101,3066.406527669629,3006.9949011960302,3055.5302734375,102359,,
2022-07-15,3070.814166559774,3128.6924883858474,3059.889954409035,3077.857177734375,261979,,
2022-07-18,3076.0849575821367,3127.6387300146243,3068.03550010231,3114.4150390625,106744,,
2022-07-19,3114.4149354676542,3186.187917072947,3104.7364966364958,3111.15673828125,102882,,
2022-07-20,3157.2007630841017,3157.2007630841017,3050.49930977511,3062.621337890625,77553,,
2022-07-21,3081.9779521066853,3089.9314903856407,3043.6958320291237,3080.732177734375,60156,,
2022-07-22,3080.780385814421,3105.2158134468527,3020.650068797359,3041.444091796875,27851,,
2022-07-25,3041.4437689167357,3056.5362373227836,2961.0944822477636,2979.30126953125,39564,,
2022-07-26,2979.1571778565503,2984.475522655742,2932.394438658623,2948.301513671875,52463,,
2022-07-27,2946.6250551228773,3029.034731461273,2920.177204951253,3004.8388671875,61650,,
2022-07-28,3020.697605103493,3100.6636818557986,2995.5434919461986,3092.94970703125,56144,,
2022-07-29,3098.0284747090395,3109.23997544618,3052.0803416773733,3090.506103515625,54174,,
2022-08-01,3104.736049232347,3115.372738535853,3063.8667006820756,3080.156982421875,118046,,
2022-08-02,3071.1978489247304,3087.823615726761,3037.754945646787,3058.16552734375,53170,,
2022-08-03,3047.2411817667453,3059.5068534389743,2921.806095882745,2976.234619140625,333593,,
2022-08-04,2990.7047546807694,3048.199879730704,2942.7441910786297,3020.123046875,141325,,
2022-08-05,3036.029910745253,3090.362753292561,2965.7899911443337,2982.846923828125,662081,,
2022-08-08,2912.036924874351,2926.381178527586,2817.1917405572385,2863.534912109375,643468,,
2022-08-10,2878.4547597187952,2878.4547597187952,2825.922960353927,2838.732177734375,243287,,
2022-08-11,2843.289718654254,2936.167671095105,2824.4837206067364,2854.37158203125,200177,,
2022-08-12,2844.8728263417415,2859.265100336725,2811.29085368678,2837.14892578125,123339,,
2022-08-16,2837.1971690506552,2888.0498744817287,2820.742094860874,2827.938232421875,417837,,
2022-08-17,2832.4954785035284,2844.3929976121935,2814.025394103449,2818.87060546875,336178,,
2022-08-18,2827.6020137437495,2827.6020137437495,2788.3591748468675,2805.48583984375,169366,,
2022-08-19,2806.013700173072,2854.5157106214,2804.5744727665888,2816.999755859375,171444,,
2022-08-22,2825.6828015130945,2840.02705275582,2792.9164885330993,2814.840576171875,147790,,
2022-08-23,2795.9389643444847,2840.075269203732,2794.259865790057,2815.128662109375,157940,,
2022-08-24,2816.0403775585255,2828.465661121828,2796.994741374405,2818.19921875,100929,,
2022-08-25,2830.48016927462,2833.118752483266,2780.011174929561,2802.223388671875,287321,,
2022-08-26,2807.5487044249994,2818.9184593120817,2787.3034804541944,2792.14892578125,40291,,
2022-08-29,2739.329742486665,2798.0982001844964,2739.329742486665,2793.780517578125,63193,,
2022-08-30,2798.194050298784,2861.184144076829,2796.7068017643855,2854.1318359375,147106,,
2022-09-01,2854.1318305739383,2863.1031086119524,2830.0969198263165,2839.931640625,44757,,
2022-09-02,2840.075492278029,2885.1712855675787,2832.399612569169,2857.202392578125,167092,,
2022-09-05,2849.382240914699,2929.3073793801273,2844.920729860345,2911.892822265625,242552,,
2022-09-06,2926.2371738780244,2936.023873272416,2907.623025765898,2924.701904296875,76605,,
2022-09-07,2924.702212832133,2983.950413257093,2907.8154169042996,2976.514404296875,176921,,
2022-09-08,2983.9979514398833,3048.955030413985,2967.110923995706,3041.6630859375,141973,,
2022-09-09,3048.2836413220602,3100.0958278601124,3039.648276899052,3069.056396484375,95823,,
2022-09-12,3066.5139624192716,3095.0586402609406,3062.3401091023825,3076.060791015625,40336,,
2022-09-13,3076.1087623933304,3091.940264133658,3069.392367715616,3082.153564453125,134875,,
2022-09-14,3070.3517020916474,3126.9613115989623,3030.053336001695,3080.76220703125,203869,,
2022-09-15,3080.7623034319345,3099.1363462743866,3041.5672500587634,3061.4765625,86809,,
2022-09-16,3033.6032834625908,3092.3717320761966,3033.6032834625908,3051.83349609375,149318,,
2022-09-19,3052.121691010224,3132.7184285282556,3018.5877381427517,3117.510498046875,81131,,
2022-09-20,3150.80506875578,3248.7683516126485,3130.7997118041176,3185.25048828125,210435,,
2022-09-21,3175.895545133954,3207.654594285006,3076.252928061987,3114.152587890625,44642,,
2022-09-22,3085.7996574673334,3154.162960510909,3080.9542115947443,3146.343017578125,25838,,
2022-09-23,3151.9078309497927,3174.887446977037,3108.7790324415905,3125.85791015625,21102,,
2022-09-26,3108.7312181404504,3262.248809159732,3088.6780765132585,3157.28125,224239,,
2022-09-27,3185.4899028072637,3220.798994362928,3143.8483513919514,3163.66162109375,84358,,
2022-09-28,3156.705142021553,3211.0598648250593,3143.7520966059633,3163.517578125,127176,,
2022-09-29,3178.9174599084804,3185.490025498141,3056.9670636385113,3127.777099609375,287666,,
2022-09-30,3118.3258860210717,3199.882101501623,3118.3258860210717,3144.423828125,99410,,
2022-10-03,3160.927292043686,3191.6308120606204,3108.731401714605,3138.37939453125,95764,,
2022-10-04,3190.335008444318,3212.0672456509665,3132.7659199507107,3167.307373046875,61649,,
2022-10-06,3161.5991938036536,3202.664965399242,3127.9211757879452,3146.4873046875,33925,,
2022-10-07,3142.3131253943548,3146.9186998783707,3061.716391796454,3070.6396484375,242385,,
2022-10-10,3055.959571544783,3056.775227453532,3002.3722432859677,3046.02880859375,44062,,
2022-10-11,3074.1417134944413,3099.0883218275776,3029.669727265498,3069.056396484375,149439,,
2022-10-12,3075.6769764322994,3075.6769764322994,3005.6345762639917,3026.3115234375,45867,,
2022-10-13,3027.1752440761793,3036.7700942951215,2976.322537915787,2998.91845703125,24485,,
2022-10-14,3013.934282811856,3069.2007133855345,2969.078358352514,2979.392822265625,25690,,
2022-10-17,2964.8082912735986,3025.5437312747795,2958.6676817162875,2995.8955078125,44816,,
2022-10-18,3003.810822753107,3022.376946265563,2967.8301448213742,2980.447509765625,44614,,
2022-10-19,2995.3682578135126,2995.3682578135126,2945.618868244596,2955.11767578125,57298,,
2022-10-20,2957.7082877223334,2997.334827246032,2940.821259546933,2974.01953125,51928,,
2022-10-21,2974.451170278311,3012.3028022140484,2960.2027260091363,2970.901123046875,29306,,
2022-10-24,2970.5656131380324,3002.6123190115827,2961.9302479835615,2978.9130859375,6253,,
2022-10-25,2964.808121479102,3024.0563096672363,2959.0992335966494,2994.648193359375,124788,,
2022-10-27,2994.6484690382254,3012.7346191795014,2971.3809597940617,2987.739990234375,28392,,
2022-10-28,2982.078847062018,3017.531764626247,2969.6055442911666,2986.58837890625,41523,,
2022-10-31,2993.59287770475,3031.9722735727596,2993.017093067033,3027.36669921875,39597,,
2022-11-01,3042.430351624203,3108.7308470306266,3014.557504731534,3095.921630859375,95576,,
2022-11-02,3107.7718184738137,3190.287525910908,3096.30601992979,3176.854736328125,161278,,
2022-11-03,3167.739169462661,3188.368093328615,3147.9736882448938,3162.845703125,71149,,
2022-11-04,3162.8464028090934,3167.8836992860597,3103.0706720151843,3122.500244140625,26080,,
2022-11-07,3108.7311912689947,3136.5562544007234,3070.351793845921,3096.305908203125,24901,,
2022-11-09,3096.3055822128968,3117.98979892439,3043.5339163121616,3058.35791015625,24110,,
2022-11-10,3041.5669163959587,3087.3342960168034,3031.9720680792525,3047.227783203125,28472,,
2022-11-11,3049.1471025469896,3094.962508513439,2953.5825429026495,3044.87744140625,202694,,
2022-11-14,2941.7809460439375,3088.4861056547734,2902.442061899188,3018.82763671875,231335,,
2022-11-15,2994.5526677133103,3073.662158656781,2993.6412038184258,3003.3798828125,56702,,
2022-11-16,2986.972522263732,3036.5298234229645,2969.7017941425174,2978.337158203125,34542,,
2022-11-17,2974.4032148566876,3012.7826111774193,2940.629392944293,3004.00341796875,37067,,
2022-11-18,3019.067326753231,3051.0182214906986,2961.0665100953793,2992.58544921875,48137,,
2022-11-21,3003.187844728356,3003.187844728356,2945.618748663276,2959.387451171875,73331,,
2022-11-22,2964.80827302013,2974.16325058063,2926.428877900128,2963.465087890625,34908,,
2022-11-23,2963.6092437882335,3012.782849209244,2956.604956556461,2998.678466796875,37049,,
2022-11-24,2997.143312596025,2998.3906899729086,2936.024163621472,2974.403564453125,299271,,
2022-11-25,2972.2921820584024,2976.8977561369265,2936.9830931220195,2944.035400390625,38975,,
2022-11-28,2944.6594956770073,2964.6168307347734,2910.11803531716,2955.83740234375,87804,,
2022-11-29,2955.837384360757,3021.226427943711,2955.837384360757,2995.17626953125,104264,,
2022-11-30,2995.1760692874946,3020.3147621152007,2987.020447297396,2997.622802734375,86314,,
2022-12-01,3000.549309739807,3046.1728659599125,2991.8659240928837,3003.283935546875,69694,,
2022-12-02,3012.7827093138735,3028.75803985305,2922.15940364949,2988.267822265625,24908,,
2022-12-05,3012.7825010998595,3016.6684616852017,2985.2453320957047,2993.448974609375,26472,,
2022-12-06,2993.4490760876633,3011.966947364194,2962.88938814816,2975.9384765625,28351,,
2022-12-07,2976.322110710775,2977.521466815994,2951.039590313069,2957.51611328125,18186,,
2022-12-08,2958.2356685972113,2981.647239858863,2936.0236876663575,2973.92333984375,23496,,
2022-12-09,2988.795659770561,3034.850937994955,2967.4951404416306,3011.0556640625,80718,,
2022-12-12,3046.12519294517,3046.12519294517,2974.403684740539,2989.803466796875,50548,,
2022-12-13,2977.2814819493246,3005.0585214360667,2964.9042211156147,2978.240966796875,174064,,
2022-12-14,3006.0663663673126,3006.0663663673126,2955.213663712519,2973.300048828125,169472,,
2022-12-15,2973.4435786399217,2985.1012259794265,2922.590881102679,2939.238037109375,23890,,
2022-12-16,2926.429267646964,2969.6060929073287,2917.122309940695,2926.95703125,39422,,
2022-12-19,2919.616855118834,2926.3812713167345,2820.9339619880298,2879.07861328125,263295,,
2022-12-20,2868.8596425809496,2917.7933689259758,2844.8725218235836,2880.325439453125,116933,,
2022-12-21,2878.454703890756,2947.48959568922,2860.2244907661143,2926.90869140625,78443,,
2022-12-22,2945.6187242370283,2993.401120424665,2911.4131803083733,2961.306396484375,174047,,
2022-12-23,2961.3065313438256,2981.2158444745837,2905.368510733819,2916.402587890625,77893,,
2022-12-26,2922.7831205139246,2974.3554385645457,2864.1587283584977,2956.269287109375,92510,,
2022-12-27,2974.0200289561376,2976.706399763806,2899.372043351941,2944.99560546875,75812,,
2022-12-28,2945.043070927983,2952.335250394016,2860.224693345649,2901.24267578125,57210,,
2022-12-29,2905.751970443104,2916.402346429763,2875.5762174798915,2881.572998046875,45280,,
2022-12-30,2882.244741762976,2912.2766672671255,2873.5613561967866,2882.96435546875,26639,,
2023-01-02,2883.2524606047,2896.877100923094,2852.5489402255484,2879.558349609375,42669,,
2023-01-03,2878.071220387552,2935.7841478474265,2867.900585968121,2906.088134765625,39755,,
2023-01-04,2888.0497893697393,2915.7788115879034,2884.3078916480017,2902.39404296875,32566,,
2023-01-05,2884.21153654993,2927.772056209971,2884.21153654993,2919.760498046875,35377,,
2023-01-06,2900.571139859024,2962.3618793872797,2881.3334189995335,2908.534912109375,125959,,
2023-01-09,2923.838487532538,2944.5154347193134,2914.963251889078,2926.3330078125,44243,,
2023-01-10,2940.485441592592,2961.7861947608394,2917.8417374509404,2954.73388671875,98787,,
2023-01-11,2952.3352868914017,2969.4141664051044,2899.7554630764375,2921.10400390625,104122,,
2023-01-12,2936.0236189482725,2954.25383096135,2898.5556889873387,2937.27099609375,26045,,
2023-01-13,2942.452242152611,2951.519327441894,2877.015420019523,2902.681640625,65561,,
2023-01-16,2897.6440947355914,2939.6695758070973,2897.6440947355914,2916.5458984375,16445,,
2023-01-17,2907.2393216080404,2926.6208702355775,2886.6584168247246,2911.796875,18700,,
2023-01-18,2912.0371006448836,2941.7811369282413,2899.1320736879275,2935.256591796875,18317,,
2023-01-19,2920.5759370854553,2953.2464441502357,2902.4417665248793,2910.261474609375,12951,,
2023-01-20,2902.5857264828824,2949.456658757833,2888.0496235722435,2909.5419921875,29915,,
2023-01-23,2921.583751963946,2931.130580694381,2880.2300897486393,2922.879150390625,24657,,
2023-01-24,2931.178245525518,2937.4148971566215,2873.9930880421707,2887.329833984375,47474,,
2023-01-25,2901.3867177187503,2906.040313860797,2862.1438732964943,2897.836669921875,67844,,
2023-01-27,2900.3309301634495,2916.8340231816032,2864.062354999041,2879.126220703125,42885,,
2023-01-30,2877.4953306224493,2895.485673219705,2859.265116790563,2879.89404296875,30753,,
2023-01-31,2862.143647807716,2895.6776004519575,2862.143647807716,2889.297119140625,94418,,
2023-02-01,2898.1243141009427,2921.6316955594675,2889.297099341879,2907.671142578125,31174,,
2023-02-02,2892.847223076533,2961.1625070004943,2892.847223076533,2951.423828125,107388,,
2023-02-03,2960.010787795089,2960.010787795089,2909.3499404280365,2927.628173828125,93856,,
2023-02-06,2928.3001199420423,2980.112308544989,2917.3620849366803,2943.98779296875,43953,,
2023-02-07,2950.0799997626077,2958.091791958197,2925.2774569446083,2945.186767578125,24204,,
2023-02-08,2927.868005988691,3055.959232860554,2927.868005988691,3051.929443359375,204945,,
2023-02-09,3021.418112771666,3145.3355005786198,3013.6942120609665,3099.568115234375,132810,,
2023-02-10,3115.9272276006513,3214.2744303193786,3049.818811375273,3159.2958984375,916798,,
2023-02-13,3164.333059389839,3174.4076504586897,3061.716200066962,3133.7255859375,202942,,
2023-02-14,3150.2286268107828,3170.089916312108,3113.5763524715107,3147.398193359375,65432,,
2023-02-15,3145.239746758424,3214.2746433683797,3130.655622092097,3179.58935546875,95582,,
2023-02-16,3206.694825616292,3213.267157139273,3153.5392175019765,3173.640380859375,79306,,
2023-02-17,3173.979993483995,3203.359704255993,3156.497851537021,3168.10400390625,45807,,
2023-02-20,3166.210292635629,3205.0594986802375,3134.353896255702,3181.798583984375,83615,,
2023-02-21,3175.922599099432,3213.800575051994,3151.9818706838023,3161.9853515625,50577,,
2023-02-22,3161.9854017474513,3197.2897132025655,3142.6580162500613,3182.138427734375,75751,,
2023-02-23,3174.951895538968,3197.387410632528,3155.575898203681,3181.264892578125,108550,,
2023-02-24,3190.4912958337018,3233.2254258235594,3180.7789935632795,3202.486083984375,237037,,
2023-02-27,3202.1456737515637,3202.1456737515637,3159.7029653535737,3178.44775390625,53733,,
2023-02-28,3214.7720879982776,3214.7720879982776,3054.2276822226254,3083.656005859375,131796,,
2023-03-01,3083.6558740312,3109.879089337922,3018.583450862667,3029.461181640625,107004,,
2023-03-02,3018.583267843935,3041.892791147749,2982.6963616807843,3036.551025390625,61019,,
2023-03-03,3052.576421418626,3076.4687784246917,3029.606922766579,3068.310302734375,36163,,
2023-03-06,3068.9903064820005,3123.962032302849,3060.200862600917,3066.61083984375,44689,,
2023-03-08,3041.9413076669152,3083.655593388782,3031.209167548469,3051.119384765625,52791,,
2023-03-09,3054.519144141972,3083.7532695892082,3046.9435007490465,3072.7783203125,21323,,
2023-03-10,3044.8067836765977,3075.4491449835205,3015.232870473808,3055.3447265625,21793,,
2023-03-13,3027.664409975158,3055.4900589905355,2954.773539625161,2978.4228515625,84172,,
2023-03-14,2969.0509428021423,3013.921733964808,2968.662545539879,2997.99365234375,42051,,
2023-03-15,3030.238452973611,3030.238452973611,2979.685869820362,2991.24365234375,18059,,
2023-03-16,2971.9643103794488,3079.1396541314953,2964.0972511817486,3064.27978515625,73462,,
2023-03-17,3096.767444458351,3096.767444458351,3009.1625292064155,3023.682373046875,65853,,
2023-03-20,3011.6391612344987,3054.3732886257185,2998.770361508734,3025.576171875,91221,,
2023-03-21,3011.78499261374,3066.2224953211935,3009.988121812075,3026.936279296875,39169,,
2023-03-22,3041.89299100155,3132.217399738186,3017.2238387309317,3120.7568359375,130364,,
2023-03-23,3104.1975584152397,3104.1975584152397,3047.720612592021,3059.132568359375,186735,,
2023-03-24,3059.374976776159,3109.87894464675,3054.5188260193718,3063.01708984375,63939,,
2023-03-27,3079.0911925824043,3171.0666463565944,3066.9994238504287,3135.08251953125,171827,,
2023-03-28,3138.918896932686,3166.113343471819,3109.4908105498153,3147.56298828125,56411,,
2023-03-29,3146.785845776777,3215.743189928058,3137.219133466837,3205.35107421875,71738,,
2023-03-31,3217.394039393261,3316.119725456856,3201.4659599338625,3298.394775390625,248234,,
2023-04-03,3311.8947812662177,3311.8947812662177,3261.876428997828,3301.98828125,220590,,
2023-04-05,3301.8914461725044,3331.6597957192953,3283.7780967871995,3310.729736328125,210599,,
2023-04-06,3286.885691157459,3331.3194712772647,3286.885691157459,3307.669921875,121832,,
2023-04-10,3305.338934313935,3331.2707313175874,3261.5849696083314,3275.522216796875,246320,,
2023-04-11,3273.045903683775,3329.911481570238,3224.9213979436486,3235.7021484375,174521,,
2023-04-12,3243.7630324833294,3297.569086638859,3221.3275217169385,3244.491455078125,339626,,
2023-04-13,3260.7598999275974,3321.607378848396,3241.529493995124,3248.813720703125,237891,,
2023-04-17,3265.9559441340202,3272.997363510947,3205.8854948919525,3236.479248046875,129855,,
2023-04-18,3249.299563681436,3302.183005866742,3238.810229062976,3269.98681640625,342322,,
2023-04-19,3270.132231187594,3282.7096154226556,3231.477220057302,3245.56005859375,149586,,
2023-04-20,3244.5886668105463,3301.162825700637,3243.9088530970193,3259.351318359375,259756,,
2023-04-21,3259.351408469429,3362.739055336169,3259.303036651712,3310.923828125,451859,,
2023-04-24,3310.923890684983,3345.8881793516475,3306.0677394812797,3330.154296875,264849,,
2023-04-25,3330.2026263076878,3350.744049328616,3287.6140889789463,3323.015380859375,97313,,
2023-04-26,3316.7513246650956,3339.0896205559584,3302.95990245148,3328.260498046875,48166,,
2023-04-27,3328.2608175591045,3345.7913356716676,3321.2193975262276,3336.661865234375,95163,,
2023-04-28,3345.8881511906543,3418.730418633121,3343.75149210236,3408.9208984375,241766,,
2023-05-02,3423.7320484394145,3442.1370504430047,3395.032385691327,3417.224853515625,110550,,
2023-05-03,3399.3054123884876,3438.1060081722617,3394.6434603995804,3415.9619140625,148903,,
2023-05-04,3415.9620775127623,3438.1547816136595,3368.1289919211035,3380.123779296875,82813,,
2023-05-05,3383.862913867117,3399.256768807688,3353.269165467489,3366.08935546875,46430,,
2023-05-08,3375.802011652889,3429.7052883128636,3364.390056684336,3412.22314453125,118023,,
2023-05-09,3430.1906295827166,3520.7092305135393,3414.3595309987163,3513.959228515625,590802,,
2023-05-10,3518.3298907399267,3518.7182879602346,3465.252019815412,3482.685791015625,189248,,
2023-05-11,3500.993433055382,3500.993433055382,3384.7372262513877,3397.023193359375,99457,,
2023-05-12,3406.881531447103,3406.881531447103,3307.03901394061,3310.729736328125,105538,,
2023-05-15,3321.6071268981095,3336.1269702780155,3279.6986405969524,3327.094482421875,184251,,
2023-05-16,3344.6254569031876,3375.025010173569,3303.8823966497666,3315.43994140625,181489,,
2023-05-17,3315.4399727684095,3331.12548321973,3268.2383259604685,3286.594482421875,129323,,
2023-05-18,3292.7131505502025,3294.461412314969,3217.831208079459,3230.60302734375,373242,,
2023-05-19,3229.3406879884237,3291.4994260429376,3180.7791738833344,3207.099609375,580221,,
2023-05-22,3132.7999180460133,3185.974766235548,3132.7999180460133,3158.68310546875,263130,,
2023-05-23,3166.2100881885813,3253.5235782891796,3094.630478096742,3164.17041015625,373559,,
2023-05-24,3164.2677126780386,3302.959420436075,3158.440331991707,3214.868896484375,251572,,
2023-05-25,3214.86892316113,3263.333211424583,3187.9656590759428,3228.75732421875,226650,,
2023-05-26,3233.322227820708,3271.5885989976214,3214.7230290950392,3249.59033203125,140257,,
2023-05-29,3253.5242032722267,3282.7583293955026,3231.9143296541647,3252.115966796875,77549,,
2023-05-30,3255.466388047575,3292.4703532359517,3245.6571053714033,3262.07080078125,144778,,
2023-05-31,3271.1035519276975,3298.880832518208,3248.813864637054,3262.9453125,92711,,
2023-06-01,3286.5944310271157,3320.393289854321,3269.597902303912,3283.09814453125,55564,,
2023-06-02,3283.0983474530503,3299.3664545221873,3244.9775592462674,3266.975830078125,63221,,
2023-06-05,3302.1824404960694,3311.894741791646,3257.5058545364163,3298.006103515625,177877,,
2023-06-06,3311.797992142079,3311.797992142079,3273.094608277499,3291.30517578125,110764,,
2023-06-07,3298.977413903979,3319.6160546591846,3287.9540939353583,3309.56396484375,53590,,
2023-06-08,3303.930933763639,3359.1452282295672,3303.930933763639,3343.02294921875,81435,,
2023-06-09,3360.456353133237,3360.456353133237,3288.633930234561,3316.265380859375,369823,,
2023-06-12,3318.790832432176,3321.4617154992097,3240.995198069338,3251.193115234375,156889,,
2023-06-13,3270.715040888991,3351.666938870934,3253.6212938715007,3291.936279296875,231707,,
2023-06-14,3295.3841590642883,3321.607375184163,3266.2472522644275,3275.81396484375,123537,,
2023-06-15,3291.401886314541,3339.9633956709877,3263.333428753213,3296.74365234375,137974,,
2023-06-16,3304.610756431196,3346.810661209738,3293.6844166781175,3301.162841796875,76056,,
2023-06-19,3305.047307784538,3357.3967506454387,3275.08500249931,3304.70751953125,181443,,
2023-06-20,3331.3192121989655,3356.473976709698,3277.90155719286,3286.54541015625,194971,,
2023-06-21,3293.6356935149142,3315.7797887365027,3278.1932287128375,3292.373046875,124993,,
2023-06-22,3302.1829207686606,3306.067841851918,3234.2454107485523,3253.03857421875,256036,,
2023-06-23,3252.067299583672,3276.348056022795,3212.05266039535,3253.57275390625,187418,,
2023-06-26,3250.7073603356284,3316.7510115166333,3239.829629917399,3303.639404296875,131596,,
2023-06-27,3320.636191456527,3329.328654683522,3289.556823768136,3297.763671875,149706,,
2023-06-28,3311.8950056781837,3360.2623174073324,3297.326552574027,3347.0048828125,634166,,
2023-06-30,3369.537618742297,3416.3022584353735,3349.8215980861855,3411.7861328125,205515,,
2023-07-03,3413.874155597919,3413.874155597919,3342.974350943965,3393.381103515625,141957,,
2023-07-04,3382.3575577862944,3435.386580945557,3381.9689234618277,3394.255126953125,85700,,
2023-07-05,3399.256946624271,3423.5863095238096,3380.0751509893507,3411.203125,100980,,
2023-07-06,3411.057840498634,3441.9913815516657,3401.4911277325455,3421.886962890625,79164,,
2023-07-07,3438.15511166789,3438.15511166789,3377.016214379521,3390.322021484375,85096,,
2023-07-10,3391.9241343006006,3428.3938744293896,3376.1416441151573,3387.310791015625,50264,,
2023-07-11,3388.2822698779387,3422.421154962569,3375.0250719957944,3412.95166015625,33453,,
2023-07-12,3433.63859769115,3438.154723031489,3394.497975313518,3427.47119140625,117624,,
2023-07-13,3423.6833712742546,3447.8669062772265,3394.4492499827907,3410.134521484375,146039,,
2023-07-14,3409.261074879825,3429.4141030982587,3399.3545734921895,3418.099365234375,28120,,
2023-07-17,3414.991263839635,3551.4007467450847,3407.36724839012,3524.206298828125,345756,,
2023-07-18,3543.047784353773,3566.065892766274,3513.9594871659942,3561.1611328125,156037,,
2023-07-19,3564.414535753794,3579.6628011945727,3501.284578036084,3534.743408203125,157152,,
2023-07-20,3530.421887043365,3639.4910893264055,3530.421887043365,3583.936767578125,426629,,
2023-07-21,3579.3716881843548,3604.9150898959,3546.058681980981,3594.474365234375,255522,,
2023-07-24,3603.2153087073752,3685.721263926463,3587.384209570411,3672.998291015625,227440,,
2023-07-25,3690.6745095218334,3872.585961059243,3673.0951492482077,3836.990234375,720563,,
2023-07-26,3823.3929871475934,3914.0574144099605,3802.0745332691286,3889.679443359375,313896,,
2023-07-27,3887.3489264200593,3933.482361524357,3881.035930037366,3912.455322265625,365382,,
2023-07-28,3889.874335447271,3926.2468605715435,3836.60226184924,3880.74462890625,100588,,
2023-07-31,3870.3521708956764,3902.0143688217186,3851.7045993275065,3864.281982421875,89261,,
2023-08-01,3864.28229186162,3894.3904291026406,3846.9943462805213,3871.809326171875,140866,,
2023-08-02,3856.755038521551,3859.1831139676106,3787.7976958534496,3822.2763671875,88119,,
2023-08-03,3831.5031087062343,3965.241458765483,3814.1181831103877,3907.6474609375,342605,,
2023-08-04,3900.2662061734823,3991.756041750846,3888.999841233279,3981.072509765625,298023,,
2023-08-07,4029.6337967525283,4048.767219947003,3938.678190209518,4012.977294921875,145189,,
2023-08-08,4030.459437207135,4049.9812576057016,3969.3689199513815,4012.977294921875,132221,,
2023-08-09,4012.1523840622967,4113.0631177568785,4011.7639867875764,4105.63330078125,333285,,
2023-08-10,4121.841854247559,4130.701100867091,3998.349080730291,4031.7900390625,229756,,
2023-08-11,3991.9726970483266,4013.8771930082307,3699.4747085328704,3720.941162109375,941049,,
2023-08-14,3728.5342609363843,3743.234705566898,3645.930121419621,3694.99609375,128454,,
2023-08-16,3684.8231329920154,3718.8480705283605,3647.049997593576,3694.266357421875,73525,,
2023-08-17,3693.584817843316,3714.9050990265337,3668.6137873013977,3689.349853515625,29622,,
2023-08-18,3689.6909215565065,3708.139328628487,3596.280456183774,3700.69189453125,186925,,
2023-08-21,3700.691966814029,3761.7324536582396,3684.3365607840597,3721.9150390625,92641,,
2023-08-22,3732.4771398449775,3742.8938963637406,3664.183888708412,3668.029296875,81156,,
2023-08-23,3679.857999613436,3680.8315328007384,3649.9218541038813,3660.679443359375,38486,,
2023-08-24,3660.679538856779,3691.589218359987,3602.0728869880713,3616.724609375,76264,,
2023-08-25,3616.6757317281713,3630.743238519013,3572.915463209817,3580.41162109375,135710,,
2023-08-28,3580.4117011782855,3657.5154825414916,3568.972686158547,3614.14453125,137962,,
2023-08-29,3620.5697598114402,3640.040422676788,3593.8463225645482,3604.21435546875,235050,,
2023-08-30,3602.2187623547984,3638.1422799170086,3585.522763104585,3596.085693359375,122505,,
2023-08-31,3596.0857405535685,3601.9754263271348,3538.7932161097356,3546.435546875,129929,,
2023-09-01,3546.4352332579906,3565.0782974974495,3511.1446575386344,3519.078857421875,247511,,
2023-09-04,3523.7033451075104,3581.190526923901,3518.6897443019716,3554.02880859375,53544,,
2023-09-05,3572.7695101345143,3575.7875582228603,3524.190296968896,3549.599609375,238994,,
2023-09-06,3563.1315457786204,3608.8388824161266,3536.846149129434,3558.361328125,173948,,
2023-09-07,3576.7611725999195,3602.608528010662,3536.3595425882436,3540.837890625,182190,,
2023-09-08,3558.263973237401,3560.1623155094817,3516.840086560353,3525.4072265625,119771,,
2023-09-11,3538.793203138451,3576.809722361338,3525.4071215584913,3533.925537109375,165271,,
2023-09-12,3558.2636201567266,3577.442175443661,3526.2344749812205,3539.1337890625,224129,,
2023-09-13,3539.669481554419,3650.749721485079,3539.669481554419,3645.638671875,287827,,
2023-09-14,3653.864782859699,3671.1449972739374,3573.8891250225856,3611.272705078125,244362,,
2023-09-15,3602.0729455097407,3648.8025404785158,3567.0257492831593,3578.659423828125,168718,,
2023-09-18,3593.2619416443426,3611.66185980965,3539.5716863445437,3563.03369140625,119029,,
2023-09-20,3562.9854871812176,3596.231550050666,3521.2207713477296,3587.713134765625,62007,,
2023-09-21,3592.3372149631455,3592.3372149631455,3548.5282245367657,3555.197021484375,146526,,
2023-09-22,3554.5156230187686,3565.2244881431798,3447.3297610627446,3456.675537109375,267533,,
2023-09-25,3458.574011587923,3481.013760862534,3419.097194273726,3461.835205078125,49899,,
2023-09-26,3460.9101911148687,3470.548073790685,3429.805855920392,3436.961181640625,49301,,
2023-09-27,3430.3416534247053,3472.690347314012,3428.005031154446,3465.24267578125,101011,,
2023-09-28,3464.8047990172313,3468.601483579278,3421.044527442097,3431.510009765625,156118,,
2023-09-29,3431.509976562437,3530.3235994052093,3428.784035982696,3510.46337890625,100498,,
2023-10-03,3533.876657747382,3552.4225120396504,3472.495344280068,3478.969482421875,97703,,
2023-10-04,3485.248919488097,3500.874175168531,3361.0259858336217,3384.00146484375,152449,,
2023-10-05,3401.768311129423,3423.8187425648225,3355.768868416147,3365.990966796875,104226,,
2023-10-06,3365.9908533035396,3441.439672141146,3365.9908533035396,3429.2705078125,259891,,
2023-10-09,3409.800149328229,3464.4639453015293,3397.679708110531,3457.552001953125,82563,,
2023-10-10,3475.5132886850292,3496.931017634909,3436.6206875141133,3490.846435546875,130100,,
2023-10-11,3490.846242393172,3521.9993009601612,3437.7886895212687,3446.063720703125,147842,,
2023-10-12,3461.835185356887,3508.613501130567,3452.8787278398554,3499.802978515625,154901,,
2023-10-13,3505.547244969943,3549.794282973077,3475.5136495930315,3516.840087890625,148801,,
2023-10-16,3519.3221442680406,3524.092361369869,3487.2930004609548,3513.82177734375,82519,,
2023-10-17,3526.0396881967,3538.6956193881983,3486.465659965652,3524.482177734375,122872,,
2023-10-18,3535.872694460711,3553.396292616078,3519.2739053388527,3536.748779296875,177578,,
2023-10-19,3533.876822114708,3543.1253875940342,3480.283771459233,3520.150146484375,163185,,
2023-10-20,3490.116468611085,3513.237881757393,3446.307475281239,3490.70068359375,90781,,
2023-10-23,3481.3546408376023,3515.1361945425924,3428.394531082142,3440.3203125,117576,,
2023-10-25,3441.5859604260468,3497.36946297225,3438.3247666585025,3490.45751953125,108539,,
2023-10-26,3490.018891050962,3491.089872586542,3417.0526290635135,3466.556884765625,61488,,
2023-10-27,3491.869095527176,3589.4170792751734,3463.831290496628,3577.880615234375,101943,,
2023-10-30,3596.718476116774,3602.072908819073,3553.5909069970035,3594.041259765625,169649,,
2023-10-31,3602.0726878289092,3636.146348389453,3582.5533004577132,3623.344482421875,140710,,
2023-11-01,3635.172498195498,3642.766103708241,3578.756304094863,3624.122802734375,126203,,
2023-11-02,3624.463932596393,3705.267184384065,3624.463932596393,3691.881103515625,321314,,
2023-11-03,3709.161417531527,3752.970410651978,3689.788202312083,3708.13916015625,261006,,
2023-11-06,3708.187794768439,3748.1026542028067,3683.4114234602216,3723.958984375,166232,,
2023-11-07,3723.9589220730036,3942.809219626594,3713.834272481855,3920.7587890625,662357,,
2023-11-08,3947.9201857976577,4186.192416973042,3904.8900694194526,4120.673828125,1222642,,
2023-11-09,4147.396642615353,4222.699517556211,4120.673446157043,4169.35009765625,520821,,
2023-11-10,4161.951879632559,4210.531091255443,4101.0086062227865,4192.27734375,361432,,
2023-11-13,4185.803211295916,4230.001521070488,4175.629599772934,4186.14404296875,131420,,
2023-11-15,4222.262320086082,4267.9214111851115,4186.484972061289,4229.95361328125,274824,,
2023-11-16,4243.630351528913,4264.074544550731,4207.85301374073,4245.82080078125,113150,,
2023-11-17,4268.1643603367775,4332.222653474162,4257.114663665868,4330.7138671875,228005,,
2023-11-20,4332.222437973249,4332.222437973249,4264.853755086744,4274.345703125,173174,,
2023-11-21,4293.2808513193695,4380.898827876908,4284.567540174081,4369.50830078125,246036,,
2023-11-22,4380.899231910387,4451.918666268663,4348.529254252383,4411.0302734375,398114,,
2023-11-23,4419.840942877524,4453.330391514064,4383.479381018147,4401.48974609375,310248,,
2023-11-24,4412.295850450175,4471.876272497521,4406.503137760736,4437.16943359375,198443,,
2023-11-28,4465.596737515441,4491.443853537716,4395.550834430397,4433.6650390625,401971,,
2023-11-29,4478.251858510318,4484.774719838706,4422.760476785299,4446.36865234375,147770,,
2023-11-30,4469.7829447165095,4668.578621135579,4440.333564403852,4598.53271484375,372051,,
2023-12-01,4599.846324004819,4616.4453481231085,4499.426482542782,4524.88427734375,264101,,
2023-12-04,4525.955456500614,4543.6249874852665,4479.225866930377,4491.05419921875,197993,,
2023-12-05,4526.880950318657,4543.917781532556,4467.787294193527,4529.7041015625,254553,,
2023-12-06,4553.214913088248,4679.774232887579,4536.664848191413,4600.72314453125,367725,,
2023-12-07,4587.4341329846575,4770.312430095741,4577.455418207416,4760.09033203125,374821,,
2023-12-08,4745.974406733243,4768.170773815375,4624.866970277129,4669.11376953125,305427,,
2023-12-11,4669.016483593275,4669.016483593275,4557.984743032208,4600.1875,240894,,
2023-12-12,4609.484835145552,4685.956153716875,4600.917933073131,4668.28662109375,261701,,
2023-12-13,4677.826808907411,4770.312458615258,4653.585928424004,4756.05029296875,313944,,
2023-12-14,4770.312537383592,4794.650866655957,4719.688812497072,4728.6455078125,301947,,
2023-12-15,4751.6208869787915,4877.255637855509,4664.733044589606,4789.15087890625,1925737,,
2023-12-18,4769.436494876576,4829.065402122408,4724.118240154945,4773.4765625,161198,,
2023-12-19,4760.333579189218,4818.988949739072,4755.611848480001,4805.9921875,95027,,
2023-12-20,4818.988802773662,4876.427255170359,4735.946620214502,4748.26171875,188500,,
2023-12-21,4729.424404317051,4840.017873684747,4691.115776863834,4779.95068359375,150806,,
2023-12-22,4790.36715015555,4823.8565943057765,4730.056583419579,4784.3310546875,152341,,
2023-12-26,4786.328177707647,4864.746098070638,4771.384345872897,4840.89453125,83738,,
2023-12-27,4877.401131052334,4955.283783843588,4860.315814239448,4940.97265625,240939,,
2023-12-28,4940.632848379685,5006.881597121185,4885.384835422923,4990.67236328125,447476,,
2023-12-29,5010.385950607889,5078.679207995364,4969.78942692879,5064.90380859375,147213,,
2024-01-01,5072.05974025689,5086.711225509644,4958.399733447656,4984.490234375,101017,,
2024-01-02,4999.092970972028,5062.275180441046,4978.502838909051,5048.7431640625,101061,,
2024-01-03,5064.27126619004,5127.550924768659,5019.732121882781,5101.80078125,275095,,
2024-01-04,5101.800886160777,5160.6996465105,5090.215935808221,5129.98486328125,442884,,
2024-01-05,5135.388177341554,5174.8162761438925,5065.245292948766,5099.95166015625,223430,,
2024-01-08,5091.57826641406,5096.786763727589,5014.230869145326,5065.828125,50216,,
2024-01-09,5091.578708370145,5129.254633888862,5028.834302595113,5041.490234375,159805,,
2024-01-10,5084.666784651053,5086.711299575121,4938.734243587482,4984.29541015625,215333,,
2024-01-11,4992.325901119927,5019.584826160706,4897.357943487099,4923.88671875,147170,,
2024-01-12,4938.004155206834,5091.579029371924,4879.34877537516,4915.07763671875,138930,,
2024-01-15,4914.493584102585,4920.578167273768,4836.513471109106,4904.271484375,227660,,
2024-01-16,4904.611677903507,4945.889389694032,4890.6898682045485,4926.662109375,100552,,
2024-01-17,4926.662002547168,4969.351526667259,4881.295262238175,4922.32958984375,110342,,
2024-01-18,4922.32901464411,4938.343823391325,4778.441020612371,4803.26611328125,153745,,
2024-01-19,4843.279153333111,4843.279153333111,4774.450166378378,4832.91064453125,114591,,
2024-01-23,4749.576239115899,4824.830159409013,4637.18164987994,4688.24365234375,206809,,
2024-01-24,4731.566417617849,4889.181353250359,4689.022825116579,4867.27685546875,230011,,
2024-01-25,4867.276568278028,4911.328944550648,4803.996911753823,4840.16357421875,213702,,
2024-01-29,4866.351590238901,4889.959770121225,4809.6922437361245,4843.66845703125,62787,,
2024-01-30,4843.327309654412,4865.183318511518,4776.153523852169,4815.38671875,164802,,
2024-01-31,4857.930139143132,4953.287895845246,4840.406543450832,4863.81982421875,263753,,
2024-02-01,4867.811884653274,4930.9456070930855,4706.059440214803,4726.26025390625,173932,,
2024-02-02,4745.973891544912,4800.491745478556,4654.851097755657,4787.5439453125,344636,,
2024-02-05,4794.9919526228405,5012.3332445509905,4741.106793684616,4793.72607421875,305754,,
2024-02-06,4818.891483060441,4995.149939191968,4817.966911813631,4931.14013671875,635171,,
2024-02-07,5013.696479958697,5086.711477239648,4965.16575002768,4992.1328125,484955,,
2024-02-08,5018.222626313938,5235.077138490056,4992.132127674553,5170.58056640625,611368,,
2024-02-09,5208.402384851486,5276.549705774776,5088.414423368692,5186.88720703125,570720,,
2024-02-12,5179.195315246188,5179.195315246188,4835.976462458883,5013.06201171875,343095,,
2024-02-13,5062.324253378783,5174.913275108917,5023.431411128102,5153.349609375,229855,,
2024-02-14,5153.057031319771,5153.057031319771,5006.442840060733,5099.171875,294883,,
2024-02-15,5105.110206706468,5197.693301015097,5042.901535729201,5169.99609375,251654,,
2024-02-16,5233.157291650692,5348.992537713266,5163.185958397257,5335.66455078125,273500,,
2024-02-19,5335.66484537238,5388.633224610092,5297.298252071023,5362.36962890625,76922,,
2024-02-20,5360.556368677303,5360.556368677303,5243.888509681441,5294.75,121950,,
2024-02-21,5316.455918901042,5409.555146973964,5282.254298185006,5307.14599609375,170880,,
2024-02-22,5357.616329816361,5369.817421770935,5259.665936808389,5314.69287109375,232543,,
2024-02-23,5314.692864479213,5362.614378105926,5247.8572179366565,5312.68359375,141155,,
2024-02-26,5297.0038264784425,5305.480661837558,4565.7828688270065,4960.57275390625,2521385,,
2024-02-27,4909.759882031485,4994.382286279421,4835.917389700186,4943.12841796875,678534,,
2024-02-28,4978.016466036403,4978.163369139929,4858.408629061148,4890.4052734375,175724,,
2024-02-29,4917.599505485909,5045.292262579604,4886.239763721152,5024.76171875,217756,,
2024-03-01,5046.958381827369,5065.529420093328,5000.947569834971,5010.6005859375,196260,,
2024-03-04,5053.377490538417,5066.068578178213,5007.75905493581,5022.36083984375,191376,,
2024-03-05,5036.766931733532,5036.815739928387,4942.687700614574,4998.30224609375,85058,,
2024-03-06,4998.057467269335,5117.224594281371,4985.513282129694,5108.15966796875,187217,,
2024-03-07,5117.517631298143,5120.45760695764,5034.169512756062,5041.3720703125,129528,,
2024-03-11,5084.198228979834,5120.457931075489,5035.541724437599,5054.0634765625,151048,,
2024-03-12,5069.64520470632,5085.12936445311,4940.433171816992,4955.623046875,70615,,
2024-03-13,4963.610596559704,4979.241181615724,4797.109575474372,4846.697265625,240960,,
2024-03-14,4816.660497059891,4916.619677263372,4783.438865224016,4885.60302734375,70479,,
2024-03-15,4890.159626307879,4993.695675799818,4759.869510591058,4944.25537109375,342923,,
2024-03-18,4948.959174322686,4967.382830933315,4811.7603061236405,4876.0966796875,81473,,
2024-03-19,4899.959869489647,4900.253675677134,4765.554065971887,4774.32470703125,145345,,
2024-03-20,4799.412306987659,4804.998452305699,4672.209547873858,4688.42822265625,183011,,
2024-03-21,4703.961451851568,4738.2611707713195,4649.914990456073,4699.99267578125,275225,,
2024-03-22,4732.479775638183,4732.479775638183,4674.610957107015,4693.9169921875,138264,,
2024-03-26,4556.96235300388,4922.009337196126,4556.96235300388,4902.06640625,199779,,
2024-03-27,4948.3227150996045,4957.877637127018,4862.769126147111,4904.076171875,89989,,
2024-03-28,4836.260173678736,4909.710760223677,4723.609909940857,4843.1201171875,427458,,
2024-04-01,4831.506861529569,4943.960929527979,4831.506861529569,4908.828125,69589,,
2024-04-02,4908.779596547568,4924.361372593106,4813.328477894998,4856.203125,116184,,
2024-04-03,4834.300562546219,4841.1116983883085,4768.298005281441,4796.7177734375,106320,,
2024-04-04,4816.660278635686,4816.660278635686,4733.36096557688,4768.73876953125,175477,,
2024-04-05,4794.954258723377,4993.059558456142,4782.606263033481,4814.35791015625,384425,,
2024-04-08,4821.511296495382,4850.959861421162,4748.354519008254,4790.54345703125,150686,,
2024-04-09,4782.361592729284,4821.7574677462335,4758.890589819271,4784.90966796875,66122,,
2024-04-10,4770.845839478387,4776.676983020876,4716.897473708868,4727.97119140625,183779,,
2024-04-12,4727.971096312627,4772.560729410819,4630.608801746436,4640.4580078125,159343,,
2024-04-15,4630.4618483314425,4659.861606098626,4579.0122722388705,4621.298828125,164252,,
2024-04-16,4605.962635957708,4680.393223575382,4586.362794953633,4639.576171875,119821,,
2024-04-18,4645.161592077053,4654.128422232843,4543.634335839027,4557.79541015625,314802,,
2024-04-19,4532.462674332326,4552.013704732228,4475.671950608181,4523.98583984375,94277,,
2024-04-22,4551.3276708953435,4660.841772681973,4538.7346784774945,4650.748046875,188465,,
2024-04-23,4664.565382835947,4695.925124500661,4571.6623395589095,4610.27392578125,145622,,
2024-04-24,4614.7820689153,4664.418565226248,4597.142213905644,4626.4931640625,55269,,
2024-04-25,4619.682142156037,4781.380817051189,4603.022278681991,4770.2578125,150059,,
2024-04-26,4770.600781047162,4838.612126224994,4760.800861611979,4812.15234375,160192,,
2024-04-29,4810.87841612482,4919.559424033097,4764.426894954811,4785.79052734375,140520,,
2024-04-30,4801.862657914871,4849.980360344413,4720.719512516866,4736.35009765625,91239,,
2024-05-02,4733.508126801064,4748.747289069299,4644.671950261355,4692.00537109375,216072,,
2024-05-03,4697.346743311423,4831.3606518594515,4666.330091624042,4805.880859375,91122,,
2024-05-06,4807.840919673212,5054.798912285859,4782.361126784605,5045.93017578125,471357,,
2024-05-07,5051.760218781326,5103.797885086211,4890.698452108577,5015.5498046875,171010,,
2024-05-08,5021.96849295652,5077.436130214389,4939.3060804660345,5060.580078125,228808,,
2024-05-09,5071.409755684306,5084.590360883398,4934.94587065625,4966.20751953125,215985,,
2024-05-10,4953.320646042527,5050.388660086879,4949.743292512424,5026.28076171875,137328,,
2024-05-13,5046.958514298844,5144.957708751249,4994.038949294546,5106.19921875,105586,,
2024-05-14,5144.909093658378,5150.78904554621,4979.339257012166,5079.49462890625,290119,,
2024-05-15,5103.797873653166,5203.757048597986,5087.23610605582,5141.96875,221828,,
2024-05-16,5130.258336741232,5225.317564757258,5045.097124045717,5211.646484375,284882,,
2024-05-17,5238.057379801929,5353.206442875217,5164.754167650179,5328.90283203125,228561,,
2024-05-21,5329.441094844479,5467.1787687237465,5189.841053495321,5226.44384765625,333419,,
2024-05-22,5233.157764116039,5274.660524857776,5103.945711260372,5198.123046875,166810,,
2024-05-23,5213.557152061856,5378.195798969073,5165.537546713917,5347.0810546875,175923,,
2024-05-24,5352.47125699923,5385.349796893545,5247.955206858396,5342.5732421875,145147,,
2024-05-27,5360.507054650606,5360.507054650606,5182.197331391418,5230.5107421875,396052,,
2024-05-28,5223.406345550758,5233.157457686534,5156.766887288083,5207.53076171875,216749,,
2024-05-29,5208.412077622283,5275.19843153469,5079.591947819106,5157.15869140625,495913,,
2024-05-30,5017.558518636673,5046.95827558181,4796.668440491213,4847.82373046875,1490557,,
2024-05-31,4847.824161094482,4873.353239416558,4698.179672058018,4714.20263671875,649815,,
2024-06-03,4718.661589841936,4785.252239196733,4699.061749385686,4725.61962890625,730200,,
2024-06-04,4759.135090770618,4759.135090770618,4318.873672506249,4614.24365234375,439244,,
2024-06-05,4620.662373163398,4767.122371921063,4574.0146573205275,4728.6083984375,214474,,
2024-06-06,4743.50435234178,4791.278962134703,4679.461779717027,4757.46923828125,184279,,
2024-06-07,4759.134987258206,4864.484127901548,4730.617602693433,4856.9384765625,166257,,
2024-06-10,4889.179763766651,4942.491229328877,4841.160158951144,4930.486328125,86829,,
2024-06-11,4929.654145614146,4996.979795332117,4881.5369155679455,4965.47314453125,133269,,
2024-06-12,4990.070543735264,5018.245314231735,4952.928463471405,4976.49755859375,166160,,
2024-06-13,4984.239560670648,5012.561235181312,4949.939838959387,4987.86572265625,111983,,
2024-06-14,5012.610991579357,5031.867741442144,4932.300444242656,4999.87109375,77862,,
2024-06-18,5020.499405515298,5133.198494259054,4810.584911424401,5113.6474609375,581602,,
2024-06-19,5127.317852596578,5153.630732003468,5056.758432606716,5081.111328125,175111,,
2024-06-20,5081.110897604889,5118.203685256265,5034.904377048368,5055.14111328125,66633,,
2024-06-21,5056.905680881175,5094.439662017094,4978.457511789462,5026.6240234375,85035,,
2024-06-24,4986.1990648254505,5007.660792928079,4874.479982005069,4905.5947265625,134790,,
2024-06-25,4929.359971619918,5153.778149254304,4908.338950912787,4990.8056640625,583680,,
2024-06-26,4997.861178930033,5006.681107060328,4852.332364780165,4874.08837890625,340917,,
2024-06-27,4899.959666914364,4933.573198824723,4798.922402880253,4825.08837890625,921005,,
2024-06-28,4833.320292282988,4919.559583791686,4831.899112552314,4891.48291015625,272426,,
2024-07-01,4892.11981905254,4910.543476325383,4842.140229555008,4859.38818359375,172179,,
2024-07-02,4869.188625611294,4880.262344440459,4774.521297290259,4821.31591796875,277425,,
2024-07-03,4835.231409990433,4929.359444154555,4827.489090877142,4871.294921875,119669,,
2024-07-04,4876.538147615704,4918.579707512543,4856.105219296977,4881.68310546875,106334,,
2024-07-05,4891.042439699739,4983.259791324137,4890.748633476637,4962.23876953125,166745,,
2024-07-08,4988.159058583183,5138.784013701857,4961.699275757693,5117.37109375,272224,,
2024-07-09,5144.958197827026,5241.781219745248,5117.371517668644,5217.62451171875,325815,,
2024-07-10,5217.624499889797,5231.197485283259,5052.887743026694,5121.2421875,303393,,
2024-07-11,5159.6581298601095,5189.009083086137,5078.514979735382,5095.2724609375,220197,,
2024-07-12,5112.617762401569,5162.597349498076,5061.413185425245,5094.73291015625,155236,,
2024-07-15,5131.336001056482,5340.95618574513,5125.35795439395,5275.98291015625,698631,,
2024-07-16,5336.0562908064885,5336.0562908064885,5166.174586653953,5190.8212890625,229725,,
2024-07-18,5223.356979317304,5223.356979317304,5086.158109316474,5167.25244140625,133445,,
2024-07-19,5144.958204592763,5162.843059303967,5009.278115392664,5030.93603515625,129496,,
2024-07-22,5027.358724918339,5139.028999501272,4985.219070888809,5112.32421875,133116,,
2024-07-23,5115.557895492834,5134.275837134618,4929.75132910363,5076.9951171875,109499,,
2024-07-24,5103.699998500408,5166.272580428451,5057.395378701433,5089.2451171875,112401,,
2024-07-25,5051.858744274837,5102.279523922577,5036.227680518805,5078.66162109375,92426,,
2024-07-26,5105.708996708125,5210.470035236818,5085.422972950021,5184.01025390625,171272,,
2024-07-29,5218.456995336312,5240.9480013969405,5088.656873596935,5097.966796875,149841,,
2024-07-30,5120.360090129297,5140.2049280712845,5076.35854516027,5121.830078125,128568,,
2024-07-31,5121.830146375534,5237.959199583523,5090.078500947594,5203.267578125,195074,,
2024-08-01,5245.897079297515,5297.689751245116,5146.035992040691,5165.83154296875,147760,,
2024-08-02,5095.958249244677,5237.51828086155,5095.958249244677,5189.79248046875,82865,,
2024-08-05,5096.007068611,5260.890718094686,5061.413543363236,5207.87353515625,397512,,
2024-08-06,5291.956994999591,5336.987820463588,5198.465850456946,5216.595703125,295096,,
2024-08-07,5231.099235474806,5414.210837580503,5231.099235474806,5401.9609375,418116,,
2024-08-08,5436.9954905427785,5631.621992954168,5383.487832875109,5573.26318359375,687558,,
2024-08-09,5605.680878301713,5736.036327649319,5410.441529550347,5685.86572265625,1337022,,
2024-08-12,5737.99741592905,5737.99741592905,5548.643692776488,5605.43505859375,284368,,
2024-08-13,5624.218957036227,5684.247436047542,5563.405986102106,5600.08984375,305322,,
2024-08-14,5639.912218330267,5705.482423994276,5563.9941913866,5573.802734375,353454,,
2024-08-16,5639.912473830491,5639.912473830491,5517.894289313655,5573.16552734375,299515,,
2024-08-19,5612.5953925389085,5654.28170070172,5568.653311036864,5630.79052734375,202117,,
2024-08-20,5638.441501382386,5686.9937940358495,5595.82318625789,5623.287109375,370393,,
2024-08-21,5621.276563090322,5717.302113007222,5614.214219841356,5679.14697265625,268688,,
2024-08-22,5749.768156278448,5752.269143278946,5638.441188394176,5657.61669921875,342906,,
2024-08-23,5690.916514205629,5693.859077036139,5615.930013168374,5643.6884765625,249955,,
2024-08-26,5684.197483425466,5719.361204521929,5590.869296137025,5707.24755859375,142428,,
2024-08-27,5745.84469755241,5876.8376024897325,5710.582792616886,5778.212890625,532448,,
2024-08-28,5783.607097069653,5905.821632658606,5738.291439052969,5882.5751953125,384104,,
2024-08-29,5894.885446204056,5948.684920996186,5846.872437017797,5884.43896484375,198586,,
2024-08-30,5904.742817390721,6081.198408123869,5883.654450185753,6052.21435546875,429045,,
2024-09-02,6056.726552261228,6071.488218149047,5941.6232024520905,5957.36572265625,83378,,
2024-09-03,5936.27749392051,6051.871273595764,5924.409060628199,5991.7939453125,149571,,
2024-09-04,5984.192695539429,6119.795816365249,5942.996810731585,6088.94775390625,340294,,
2024-09-05,6125.336916595381,6224.501382019848,6073.400968818268,6156.380859375,358214,,
2024-09-06,6157.803601826171,6225.1884871625,6104.886318134782,6189.14208984375,174137,,
2024-09-09,6189.632061506386,6223.618566404919,6130.731474835355,6148.04345703125,106255,,
2024-09-10,6148.0441746043,6252.946743306303,6148.0441746043,6195.91015625,280526,,
2024-09-11,6195.9100220133505,6237.792216246537,6138.284827784293,6157.7548828125,141919,,
2024-09-12,6176.783261377578,6305.814460061236,6161.187772936977,6226.31640625,292894,,
2024-09-13,6217.63548950459,6316.603593890147,6200.078293090145,6244.36376953125,135333,,
2024-09-16,6247.0610975772925,6288.502192156134,6203.903507956724,6235.732421875,47448,,
2024-09-17,6223.520104563981,6236.222358446624,6064.278324147653,6097.82373046875,150949,,
2024-09-18,6125.386278635701,6135.243672819883,5934.168540457281,5973.69677734375,112269,,
2024-09-19,6005.182420469264,6081.2479606931065,5964.869211946181,6019.35595703125,123993,,
2024-09-20,6038.090645956456,6050.498357940906,5926.812526191947,5970.21533203125,243155,,
2024-09-23,5994.001239220383,6017.541744823605,5851.826202347798,5867.91259765625,99302,,
2024-09-24,5923.3793129371925,5987.87048528785,5877.3773405375,5931.02978515625,215635,,
2024-09-25,5958.689583560582,6144.071037271356,5908.714867825772,6107.43603515625,250647,,
2024-09-26,6090.173535871211,6109.447707075888,5935.346059219714,6078.50146484375,242297,,
2024-09-27,6078.5009357496165,6094.047571695731,6012.636667390123,6066.19140625,131483,,
2024-09-30,6066.191431294863,6102.5318905286995,5915.139873284922,5936.91455078125,131363,,
2024-10-01,5982.2303435690155,6051.037176557897,5930.245065948232,6033.47998046875,110426,,
2024-10-03,6022.445679274052,6076.98127665143,5954.766729458106,6041.3759765625,335286,,
2024-10-04,6056.775329607487,6198.999203744019,5966.880128396708,6075.55859375,333711,,
2024-10-07,6110.722697466875,6147.210671438992,5991.695924419062,6042.30810546875,301401,,
2024-10-08,6007.977462635747,6146.523124706241,5987.428374635205,6131.1728515625,112143,,
2024-10-09,6179.185797056963,6253.485511117524,6150.054711379017,6173.59521484375,142064,,
2024-10-10,6189.190688420778,6219.155595980992,5955.1587545586,6019.60107421875,133293,,
2024-10-11,6070.408740911118,6113.6645089008625,5992.725372069101,6072.7626953125,110068,,
2024-10-14,6072.7634338747275,6149.95686391517,6048.438437214178,6131.76220703125,122405,,
2024-10-15,6147.1612826511655,6197.577100773115,6111.409428727473,6145.54296875,109584,,
2024-10-16,6179.333185383118,6179.333185383118,5926.8120564602905,5977.6201171875,178898,,
2024-10-17,5991.597442058517,6076.83406528832,5883.16418896833,5907.685546875,159045,,
2024-10-18,5897.386737898284,6040.101044819565,5897.386737898284,6015.33447265625,253430,,
2024-10-21,6051.871193051926,6130.339539153086,5983.162539070208,6040.4443359375,260236,,
2024-10-22,6071.39008788439,6101.649539584005,5969.087173404594,5993.26513671875,216579,,
2024-10-23,5994.001240021157,6067.12374398781,5693.85979353998,5742.4609375,246474,,
2024-10-24,5787.039985006585,5870.3637438214255,5751.778083694342,5846.8232421875,204593,,
2024-10-25,5843.929780773622,5893.217708179442,5779.095217295037,5828.775390625,93169,,
2024-10-28,5840.30110848368,5968.008541759001,5802.734576883268,5923.9189453125,125326,,
2024-10-29,5943.977541516221,5944.173903965299,5713.476762266005,5814.798828125,188102,,
2024-10-30,5816.466379187674,5860.997071531827,5662.717457613025,5684.6396484375,132445,,
2024-10-31,5683.70760036407,5742.411829379488,5653.055901727446,5668.6025390625,140721,,
2024-11-01,5709.30724443173,5725.785403879806,5639.911807839617,5694.10400390625,5408,,
2024-11-04,5652.075022205836,5696.998438887328,5610.4868934673905,5687.28759765625,103309,,
2024-11-05,5656.587075450812,5754.868873571557,5512.499666228921,5561.78759765625,192305,,
2024-11-06,5591.066250144516,5752.710858131512,5552.616567413894,5741.72509765625,190000,,
2024-11-07,5806.657679839063,5844.812817793341,5566.495399439568,5614.2138671875,459856,,
2024-11-08,5617.205598172471,5676.105707885109,5568.898523429373,5597.2451171875,258565,,
2024-11-11,5602.639452075489,5635.105823398399,5464.387854555259,5516.17724609375,266763,,
2024-11-12,5541.8270337681,5568.702346959462,5339.869220483355,5398.03369140625,306620,,
2024-11-13,5394.698627094665,5529.664273988168,5258.4087311152325,5464.53564453125,621020,,
2024-11-14,5459.484117016172,5557.4718488976905,5386.410468559923,5419.17138671875,308852,,
2024-11-18,5443.741462503808,5501.219621299862,5387.342339243633,5409.55859375,266630,,
2024-11-19,5384.890410886329,5492.588027530939,5358.407343291806,5423.92822265625,284770,,
2024-11-21,5464.3395254165,5556.539833330546,5426.135057319428,5497.443359375,514688,,
2024-11-22,5497.835557843565,5515.147540999869,5405.978645528204,5476.453125,108563,,
2024-11-25,5589.888295866914,5609.01495348569,5271.307031307778,5373.41357421875,6069361,,
2024-11-26,5333.002758034076,5432.804678337856,5328.981159807768,5379.39697265625,198823,,
2024-11-27,5392.001678636158,5423.094953698797,5297.9378404591525,5345.50927734375,163882,,
2024-11-28,5354.483621553325,5387.342240590152,5315.102417210666,5352.6689453125,161971,,
2024-11-29,5367.234584238584,5541.826644910087,5352.668802491517,5534.42138671875,289092,,
2024-12-02,5549.674099251789,5640.893556874697,5541.827264187453,5583.7587890625,123812,,
2024-12-03,5599.501190401337,5613.135449179833,5513.8239450239835,5529.41943359375,141938,,
2024-12-04,5539.669116490704,5606.759938510763,5524.9563009482,5564.0927734375,232021,,
2024-12-05,5521.768380706385,5573.067350257389,5473.216090678259,5535.89306640625,162869,,
2024-12-06,5523.191011328632,5541.680212169987,5387.881958094566,5399.99560546875,202595,,
2024-12-09,5427.018152605871,5590.8696767342435,5356.543673262587,5379.59375,113570,,
2024-12-10,5389.892162116485,5403.2807265372885,5328.981018793209,5354.9248046875,136168,,
2024-12-11,5369.1964907824295,5411.176863660453,5321.183480754115,5384.84130859375,79442,,
2024-12-12,5423.585145665105,5429.02869560249,5302.008060357591,5331.1884765625,131028,,
2024-12-13,5331.188725542766,5342.713764414047,5239.282479311009,5269.68896484375,70477,,
2024-12-16,5250.85613737909,5349.4808395607715,5249.188493599301,5338.59326171875,82592,,
2024-12-17,5329.96212586031,5347.862716363981,5258.850190982711,5288.4228515625,123973,,
2024-12-18,5310.3454182405685,5431.677292162474,5291.709185705184,5388.078125,241974,,
2024-12-19,5372.138857527188,5419.268713809515,5297.593932719434,5389.05859375,71302,,
2024-12-20,5429.028257337489,5437.120304875526,5301.3208428004655,5323.58642578125,113105,,
2024-12-23,5327.313987092454,5390.2850273151225,5275.573920639743,5376.9453125,84938,,
2024-12-24,5376.944667204258,5383.075006095644,5280.4775586228525,5302.7919921875,28643,,
2024-12-26,5276.848780435281,5351.4425538365895,5242.7147655133895,5305.04833984375,80638,,
2024-12-27,5302.841660015122,5409.411382304247,5292.346327591493,5377.72998046875,76521,,
2024-12-30,5417.111501170333,5492.784317906361,5388.078116846271,5462.623046875,170867,,
2024-12-31,5462.721200337542,5575.813513878083,5443.741573120376,5526.03515625,206537,,
2025-01-01,5565.269168078847,5565.269168078847,5456.737734573959,5464.33935546875,48323,,
2025-01-02,5492.784664971548,5499.601794655666,5409.412040592516,5472.92236328125,43043,,
2025-01-03,5501.611802800621,5502.592657106701,5381.015574295025,5397.2978515625,63705,,
2025-01-06,5371.304620588928,5439.032890320428,5343.056211259625,5421.18115234375,80419,,
2025-01-07,5421.329510079128,5561.346481074547,5411.864360540961,5456.296875,112844,,
2025-01-08,5449.577373207007,5473.11787525602,5370.912670620126,5455.21728515625,124256,,
2025-01-09,5459.827047419753,5475.717077976744,5316.230079796305,5349.5302734375,55782,,
2025-01-10,5325.058008928126,5366.695465647483,5209.954660729026,5273.12158203125,116794,,
2025-01-13,5199.509341319099,5356.446050357215,5113.929792171752,5127.318359375,74385,,
2025-01-14,5148.405977448218,5194.604310208109,5119.470775946871,5164.00146484375,53375,,
2025-01-15,5200.58810900991,5200.735141380491,5044.534081214553,5101.9140625,105851,,
2025-01-16,5100.442070852328,5121.4322558958265,5051.154145071495,5082.59033203125,112811,,
2025-01-17,5092.595501980169,5182.34367001391,5067.583717446175,5155.22314453125,74860,,
2025-01-20,5159.9310979464435,5183.814996032598,5084.258284188264,5137.71484375,46132,,
2025-01-21,5163.2170168941,5197.546917272385,5054.34218998011,5078.1767578125,42800,,
2025-01-22,5090.339944013121,5135.900340604516,4969.302135687964,5052.822265625,105924,,
2025-01-23,5061.207738497154,5149.484617656988,5013.244063273522,5084.2578125,34691,,
2025-01-24,5085.777918584022,5101.373883634228,4903.2901847957855,4926.53662109375,131775,,
2025-01-27,4896.620687017909,4952.529378224262,4796.916471220396,4867.83251953125,102577,,
2025-01-28,4844.047753838207,4869.795182466534,4776.025403751662,4821.92919921875,126546,,
2025-01-29,4820.899155472354,4931.93206004638,4812.807107042518,4908.4892578125,61140,,
2025-01-30,4908.4890632033785,5021.97409916584,4897.20923856658,4953.70654296875,73658,,
2025-01-31,4943.946847294122,4990.5374227678885,4914.177825915391,4966.11376953125,75175,,
2025-02-01,4947.429382752748,5044.77917780394,4904.271790992018,4933.30517578125,45136,,
2025-02-03,4926.487617713474,5009.566166196462,4882.300324294951,4951.7939453125,97298,,
2025-02-04,4951.842617250284,5037.618511879441,4923.888271485872,5008.1435546875,186828,,
2025-02-05,5041.591024314887,5094.410123342559,4975.23632772889,5019.96337890625,82446,,
2025-02-06,4997.453166548894,5171.015544151622,4997.453166548894,5155.07666015625,153921,,
2025-02-07,5197.938912845234,5216.182897668381,4939.581999371561,5052.7236328125,328414,,
2025-02-10,4997.501624653895,4997.501624653895,4693.387933513159,4708.9345703125,781373,,
2025-02-11,4709.033184566419,4723.843703053007,4514.872861985257,4613.44873046875,394075,,
2025-02-12,4613.448230843806,4718.546674003765,4475.294805980108,4618.45068359375,237645,,
2025-02-13,4632.770930804171,4672.838443300258,4600.696805632489,4629.1904296875,92205,,
2025-02-14,4656.328002181756,4659.68916152101,4532.999569427579,4598.49462890625,223062,,
2025-02-17,4601.954560092623,4750.196017687712,4517.923166406721,4739.6669921875,231449,,
2025-02-18,4681.043511385577,4751.2344489375055,4652.225779342551,4668.33984375,89080,,
2025-02-19,4644.464774695753,4702.050997157657,4571.950525060813,4687.6669921875,129477,,
2025-02-20,4658.305517578125,4714.260642197728,4637.05051574707,4666.21435546875,201094,,
2025-02-21,4690.682157478861,4690.929308654238,4529.885699322055,4548.8173828125,278927,,
2025-02-24,4537.69559377812,4580.600941411156,4520.493968462782,4556.5283203125,97095,,
2025-02-25,4558.456613510701,4596.8142856600525,4488.265674547513,4511.69580078125,123125,,
2025-02-27,4557.8632865866475,4576.202194505397,4470.470722391599,4559.939453125,228063,,
2025-02-28,4547.581640659401,4730.621705152515,4440.466224384354,4593.25537109375,527520,,
2025-03-03,4548.570230887446,4575.361514837318,4471.459064182552,4547.927734375,76539,,
2025-03-04,4538.881963196755,4581.194050071724,4471.508168625906,4562.064453125,140023,,
2025-03-05,4557.467627779663,4653.115131681547,4520.048843663251,4642.98193359375,257069,,
2025-03-06,4642.982360169288,4725.530859493068,4623.210264522873,4692.1162109375,112602,,
2025-03-07,4676.100031060874,4727.853581436441,4621.776012031787,4684.05810546875,186716,,
2025-03-10,4684.009225116365,4702.792715044016,4555.490609821911,4579.71142578125,102551,,
2025-03-11,4557.467712271401,4735.416560039048,4557.467712271401,4723.30615234375,85295,,
2025-03-12,4720.587184071672,4751.134971085907,4642.981719370179,4695.27880859375,99185,,
2025-03-13,4725.48112986958,4725.48112986958,4628.053849095058,4653.31298828125,72930,,
2025-03-17,4675.6058959697375,4784.846714556196,4671.157174850832,4763.24560546875,160256,,
2025-03-18,4763.24560546875,4763.24560546875,4763.24560546875,4763.24560546875,0,,
2025-03-19,4784.846864374387,4799.675935235052,4734.428023448128,4796.51220703125,60266,,
2025-03-20,4824.391330405623,4888.1563387685665,4786.9233057559495,4850.29296875,88230,,
2025-03-21,4848.117344409018,4959.582521933919,4825.873739137973,4922.2626953125,151296,,
2025-03-24,4957.853179696745,5034.371096335465,4904.023454080557,4994.97509765625,84099,,
2025-03-25,5029.032446468246,5031.998260767323,4882.521027006973,4975.845703125,84337,,
2025-03-26,4971.692818775951,5022.111656270001,4910.0039847384205,4946.18701171875,88764,,
2025-03-27,4945.988756285816,4945.988756285816,4849.105506612418,4903.626953125,128003,,
2025-03-28,4882.8668279669755,4923.893923189267,4792.755605726985,4826.07177734375,151360,,
2025-04-01,4834.227747497013,4893.593266665361,4749.800519914571,4780.447265625,32852,,
2025-04-02,4801.306952195783,4850.341842190966,4733.439335625039,4832.00341796875,75912,,
2025-04-03,4873.771891944828,4955.826081339287,4855.9272876329815,4914.8974609375,192699,,
2025-04-04,4844.163104355083,4873.079792273938,4684.552680003301,4773.67578125,83897,,
2025-04-07,4570.319657026181,4680.005544672214,4559.29681085366,4646.9365234375,141582,,
2025-04-08,4744.759187999587,4821.178140920446,4647.084750561237,4782.029296875,79702,,
2025-04-09,4717.769834198002,4797.204318582356,4700.914317108283,4783.7099609375,69215,,
2025-04-11,4844.163143845975,4853.4066945516415,4784.846860451943,4831.75634765625,50959,,
2025-04-15,4844.163288448528,4893.593526085758,4796.710260316788,4864.72607421875,97788,,
2025-04-16,4893.494484043016,4928.589952155669,4857.608325228773,4901.10693359375,64140,,
2025-04-17,4922.262311819042,4932.6426601367975,4825.478017856921,4896.85498046875,45830,,
2025-04-21,4903.479411168189,4950.932437727881,4864.923827088439,4943.4189453125,97952,,
2025-04-22,4952.909676443556,5017.168983622963,4931.852588870088,4956.46875,43203,,
2025-04-23,5007.18409746686,5190.669235454015,4962.7958407730985,5173.36865234375,162739,,
2025-04-24,5207.969755703546,5238.616502557534,5106.63777013794,5141.93115234375,138180,,
2025-04-25,5178.311764498175,5178.311764498175,4933.137782521171,4976.14208984375,78196,,
2025-04-28,4942.035369739619,5030.021196486333,4938.080950559991,4968.52978515625,51506,,
2025-04-29,4970.803224996883,4989.7841449818325,4904.171366953532,4973.47216796875,53059,,
2025-04-30,4983.556307436993,5107.032938288701,4983.556307436993,5057.70166015625,114595,,
2025-05-02,5061.656314699793,5080.934107304607,4995.4197965191515,5013.708984375,34000,,
2025-05-05,4992.453848756575,5091.31432100918,4983.556406253841,5027.54931640625,29925,,
2025-05-06,5003.3285367367125,5037.435399909488,4944.012252957972,4966.255859375,33502,,
2025-05-07,4921.273719428335,4997.3962739474155,4918.307905615904,4975.64697265625,35691,,
2025-05-08,4967.738592041831,4975.647429601301,4864.42940142126,4883.212890625,154258,,
2025-05-09,4794.732944261409,4904.468069377495,4794.732944261409,4890.13330078125,53048,,
2025-05-12,4912.376895548563,5007.777251841668,4878.764334782081,4963.2900390625,155478,,
2025-05-13,4971.19876994843,5086.37121833244,4967.738653473374,5068.08203125,50438,,
2025-05-14,5088.842567725095,5100.705823832468,4988.993495488041,5068.576171875,104601,,
2025-05-15,5104.166247690449,5259.87149347996,5040.895544639473,5216.8671875,117398,,
2025-05-16,5239.604650240615,5255.422324656435,5140.744185141735,5161.5048828125,93472,,
2025-05-19,5165.4596754342065,5338.465501884157,5132.8357195893595,5263.33154296875,179313,,
2025-05-20,5263.331572958262,5312.761809368464,5183.748892337838,5199.072265625,69748,,
2025-05-21,5198.084049975868,5338.4659318884915,5195.118235569264,5312.76220703125,209543,,
2025-05-22,5323.142407424676,5326.60252413486,5154.090991012824,5238.61669921875,224391,,
2025-05-23,5236.639141596392,5258.388445186182,5180.288673204662,5227.74169921875,79856,,
2025-05-26,5288.046504486718,5305.8413889662015,5159.033592010457,5189.18603515625,121077,,
2025-05-27,5224.77567621297,5234.661722904007,5151.618930699297,5205.9921875,59890,,
2025-05-28,5205.992672766882,5223.787558469465,5155.079527562269,5204.509765625,79161,,
2025-05-29,5230.7073640872895,5266.297132582308,5095.268522870137,5234.16748046875,312981,,
2025-05-30,5051.7698325411275,5207.969369437702,4986.027622391619,5040.40087890625,724829,,
2025-06-02,5019.14603657228,5046.826968032596,4946.977893836456,5038.423828125,171037,,
2025-06-03,5034.963831908899,5059.678949874287,4915.342660956419,4939.5634765625,167913,,
2025-06-04,4887.662123215569,4931.160734344511,4802.147808155265,4813.0224609375,709078,,
2025-06-05,4813.516550148556,4868.878416406169,4771.500848078046,4788.30712890625,151598,,
2025-06-06,4812.527657856684,4866.900916111022,4756.177190211279,4807.09033203125,181782,,
2025-06-09,4833.288216085719,4834.276820752539,4789.789610745614,4817.96484375,83010,,
2025-06-10,4842.185835767355,4947.966538998696,4821.425137002326,4902.49072265625,300251,,
2025-06-11,4914.848126791015,4947.966383302631,4763.591611976768,4829.828125,448188,,
2025-06-12,4855.0379559709645,4900.019472362062,4757.166085141984,4791.27294921875,244289,,
2025-06-13,4750.245531181505,4799.675765637087,4689.446342801138,4792.26123046875,382701,,
2025-06-16,4776.937577033689,4826.862110899625,4739.3706010553615,4812.52734375,71534,,
2025-06-17,4821.42499602314,4825.873717056994,4740.359412739585,4758.154296875,93153,,
2025-06-18,4784.846770128773,4792.2613054130625,4720.587464331588,4750.24560546875,120503,,
2025-06-19,4756.177349631431,4767.546304011135,4702.79269428325,4727.5078125,79205,,
2025-06-20,4715.6443757692205,4757.165772788572,4689.446351459392,4719.1044921875,809748,,
2025-06-23,4720.093558482963,4754.2004236557905,4676.594947827764,4705.7587890625,85004,,
2025-06-24,4738.876663718643,4781.880968479623,4702.298289554131,4756.17724609375,123314,,
2025-06-25,4776.937709234652,4807.584453644063,4766.063057992603,4798.68701171875,234015,,
2025-06-26,4794.73289169819,4816.482195536821,4769.523471339777,4785.83544921875,323731,,
2025-06-27,4809.562257078461,4863.935520005351,4799.676209273573,4850.58935546875,113855,,
2025-06-30,4874.315609814739,4887.167471274549,4846.634677439765,4882.71875,71583,,
2025-07-01,4885.684376772273,4888.650190841539,4765.0746046220875,4793.744140625,220023,,
2025-07-02,4793.744191818775,4840.702915083652,4773.576752475813,4819.25,73736,,
2025-07-03,4834.276875923501,4836.353042290943,4758.7475750598605,4767.0517578125,191430,,
2025-07-04,4789.789958011988,4843.075656873479,4769.325646838262,4830.619140625,94037,,
2025-07-07,4839.220176579358,4849.896914627748,4787.8127303725905,4821.7216796875,86304,,
2025-07-08,4822.413408415557,4829.827943176343,4715.8420218740275,4746.19189453125,89141,,
2025-07-09,4735.4166968535865,4783.7593720170735,4733.439487376821,4750.64111328125,69073,,
2025-07-10,4750.245616992617,4762.504218815621,4662.457712100506,4678.8681640625,255925,,
2025-07-11,4725.430889135145,4791.074136061061,4677.681481475459,4751.92578125,183075,,
2025-07-14,4742.040454808101,4822.1174371500065,4732.154407605396,4785.5390625,76088,,
2025-07-15,4804.6188066862815,4888.155903222288,4781.188682381637,4876.98486328125,225906,,
2025-07-16,4876.985004692221,4968.727329751186,4864.231617612456,4945.19873046875,208308,,
2025-07-17,4957.358409242464,4978.811324929896,4938.5749194078635,4961.5107421875,78278,,
2025-07-18,4990.475966227368,4990.475966227368,4913.166894265934,4941.5400390625,99411,,
2025-07-21,4941.540532069012,4962.696575844937,4872.338203921602,4942.72705078125,58691,,
2025-07-22,4942.726987862778,4947.373140206109,4879.456288647692,4915.14453125,63023,,
2025-07-23,4915.144541497144,4947.867452859092,4903.479199391893,4918.4072265625,44660,,
2025-07-24,4898.536386115135,4973.966733141412,4898.536386115135,4941.6396484375,112319,,
2025-07-25,4967.738415242396,4982.567485138641,4902.589464708312,4954.78759765625,78170,,
2025-07-28,4937.981553671937,5017.168887233574,4906.44516006704,4989.88330078125,99708,,
2025-07-29,4992.3551879523375,5039.412872080082,4979.107980427922,5012.91845703125,80061,,
2025-07-30,5013.214092212538,5053.746882151548,4974.658511538847,5041.48828125,69771,,
2025-07-31,5039.906598731154,5039.906598731154,4957.3581089324,4973.76904296875,118293,,
2025-08-01,4974.65873854996,4978.613157261048,4784.846640417687,4843.17431640625,220552,,
2025-08-04,4813.021719377471,4864.429160972957,4770.511719596587,4846.63427734375,49397,,
2025-08-05,4836.254291239077,4875.798480047246,4797.698707151112,4864.923828125,29316,,
2025-08-06,4872.832232737438,4872.832232737438,4749.256653696622,4815.4931640625,141906,,
2025-08-07,4804.619164678264,4870.855684026708,4737.8883429466205,4816.482421875,75494,,
2025-08-08,4824.404397729061,4824.899513122918,4703.596241628293,4717.45947265625,45812,,
2025-08-11,4722.905545572782,4813.511658880238,4692.208392430366,4797.1728515625,43221,,
2025-08-12,4816.97712640842,5156.6262484884055,4774.892322652154,5098.69775390625,951630,,
2025-08-13,5188.80913200566,5347.246052066902,5188.80913200566,5335.8583984375,899624,,
2025-08-14,5302.685519481943,5370.516323979517,5263.076290578249,5295.2587890625,278431,,
2025-08-18,5295.2587835823515,5342.789858217592,5276.444399872568,5293.7734375,87552,,
2025-08-19,5300.704734643772,5367.05018900976,5245.746932892842,5339.32373046875,222257,,
2025-08-20,5347.24606839885,5372.00183723403,5317.044030419931,5340.314453125,139958,,
2025-08-21,5340.3145575894505,5420.523250184434,5310.1125190197345,5369.03125,137549,,
2025-08-22,5416.561849378282,5425.473925547278,5367.050315106087,5372.99169921875,99592,,
2025-08-25,5376.95258311646,5420.522732961234,5344.770086072024,5362.59423828125,142332,,
2025-08-26,5362.594749976946,5384.874942364441,5321.005057520288,5369.03125,188824,,
2025-08-28,5367.05062139602,5380.91385178339,5307.141661507743,5323.48046875,114906,,
2025-08-29,5323.48069670972,5335.3634661220185,5239.311080039272,5251.68896484375,115288,,
2025-09-01,5258.125454150847,5296.249339270396,5221.486915204786,5248.71826171875,56377,,
2025-09-02,5269.512911369857,5287.832180158796,5153.65591416413,5195.24560546875,115513,,
2025-09-03,5200.691553878496,5265.05654835719,5200.691553878496,5240.30078125,72703,,
2025-09-04,5327.441117048241,5327.441117048241,5237.825239521686,5249.7080078125,131772,,
2025-09-05,5271.493200682449,5316.54869812418,5225.447472527714,5281.3955078125,237701,,
2025-09-08,5287.832494535791,5329.9173037151495,5248.718377769093,5280.90087890625,39709,,
2025-09-09,5269.017633029189,5317.538938050506,5269.017633029189,5283.87109375,92005,,
2025-09-10,5307.141458395739,5347.245801910065,5246.242270096208,5268.5224609375,190853,,
2025-09-11,5309.122186192726,5375.962762070374,5274.464109811724,5340.8095703125,353892,,
2025-09-12,5340.809282300055,5406.164508522695,5337.838590199026,5394.77685546875,120660,,
2025-09-15,5406.659815371898,5476.471082218733,5338.333894628187,5446.76416015625,171883,,
2025-09-16,5471.02482230928,5490.829437050671,5415.076785664851,5449.23974609375,70616,,
2025-09-17,5453.2005573856495,5474.985633155122,5401.213444753955,5419.03759765625,95963,,
2025-09-18,5448.249429514269,5448.249429514269,5402.698816326763,5425.96923828125,160615,,
2025-09-19,5432.405962221138,5521.031615450958,5427.454808409417,5487.36376953125,383661,,
2025-09-22,5504.6926379272345,5504.6926379272345,5413.5914106041,5441.31787109375,382463,,
2025-09-23,5494.790511095596,5523.01208787812,5446.269203644941,5490.33447265625,240178,,
2025-09-24,5491.324816535501,5531.924278708065,5477.461585549747,5521.52685546875,156546,,
2025-09-25,5536.379573780468,5536.379573780468,5430.920009372022,5454.1904296875,291331,,
2025-09-26,5426.464674788331,5438.347444149181,5310.112558130005,5379.923828125,181521,,
2025-09-29,5347.24612624792,5403.689279802759,5325.95616481934,5356.158203125,184179,,
2025-09-30,5403.689337917626,5407.15514562932,5322.985529773905,5372.001953125,72780,,
2025-10-01,5339.323977985621,5432.900779899502,5337.838631923496,5406.16455078125,177738,,
2025-10-03,5465.083212833201,5465.083212833201,5372.0015273817935,5388.83544921875,110809,,
2025-10-06,5441.812982815415,5453.200636223181,5317.0439106955455,5440.32763671875,106173,,
2025-10-07,5482.4119432064535,5482.4119432064535,5401.708145975112,5438.3466796875,103639,,
2025-10-08,5449.734826839034,5490.3342868009495,5411.610943704065,5439.83251953125,175891,,
2025-10-09,5466.073586180549,5506.177930426982,5417.552280795975,5426.95947265625,108874,,
2025-10-10,5426.959867837766,5446.269368325466,5359.624173829378,5401.2138671875,171470,,
2025-10-13,5405.174440332343,5456.171322933262,5383.389364269814,5438.84228515625,78208,,
2025-10-14,5490.829400326978,5490.829400326978,5400.718403856328,5439.33740234375,79032,,
2025-10-15,5465.578298154978,5551.7283682590605,5444.783453647096,5512.119140625,171811,,
2025-10-16,5511.623867512785,5534.894288081695,5446.268643787337,5470.0341796875,168000,,
2025-10-17,5478.946951301873,5535.390106231243,5459.142335537182,5526.97314453125,65056,,
2025-10-20,5537.865594764697,5592.823402634065,5483.89801766775,5502.71240234375,102119,,
2025-10-21,5502.711878943218,5530.933453272871,5454.685691048896,5493.3046875,16880,,
2025-10-23,5521.031588152853,5544.302010952888,5465.578665735749,5479.93701171875,49489,,
2025-10-24,5514.594637800102,5514.594637800102,5435.871299013047,5490.8291015625,117663,,
2025-10-27,5505.682796519724,5525.487410895695,5387.350225623302,5422.00830078125,71439,,
2025-10-28,5412.600948912405,5414.581410291444,5269.017498932109,5378.93310546875,156752,,
2025-10-29,5378.932998814364,5490.829064511348,5362.594192761264,5480.9267578125,125682,,
2025-10-30,5485.878363617081,5486.373478992859,5400.718518983314,5471.02490234375,78928,,
2025-10-31,5471.024835084814,5476.966219521106,5423.493759594485,5452.70556640625,178327,,
2025-11-03,5465.578522148719,5582.425748457904,5445.278792154326,5573.513671875,76090,,
2025-11-04,5594.803274553375,5663.12919064969,5575.493776526155,5608.66650390625,237864,,
2025-11-06,5615.103417510189,5648.276147337645,5575.989303236024,5588.3671875,152300,,
2025-11-07,5589.357508703526,5631.937431260751,5517.0706634319595,5613.123046875,226721,,
2025-11-10,5649.26650948587,5681.944124702879,5592.823355929219,5624.015625,185968,,
2025-11-11,5634.412621613875,5669.07069573628,5564.106242679853,5640.84912109375,124473,,
2025-11-12,5668.080724764304,5768.0940289573855,5638.3738027267555,5711.15576171875,173486,,
2025-11-13,5737.396721458552,5810.6737938416945,5623.520190052315,5669.56591796875,477859,,
2025-11-14,5743.833209908462,5751.755055556125,5552.718683658599,5666.59521484375,383633,,
2025-11-17,5693.826561100766,5693.826561100766,5576.484222406777,5667.09033203125,176721,,
2025-11-18,5677.98283297824,5683.4291018274525,5593.813223490422,5657.18798828125,243124,,
2025-11-19,5674.021950647766,5691.350988018854,5604.210685809953,5668.08056640625,104658,,
2025-11-20,5693.8269685444075,5693.8269685444075,5617.57919870477,5644.3154296875,80099,,
2025-11-21,5648.771468184622,5676.002814555921,5582.426006116365,5644.3154296875,110129,,
2025-11-24,5683.429270052084,5683.429270052084,5549.25300625,5570.0478515625,622381,,
2025-11-25,5560.145336258853,5652.236790626096,5535.38956895583,5645.30517578125,90149,,
2025-11-26,5590.347631679464,5726.009242792756,5590.347631679464,5716.60205078125,85479,,
2025-11-27,5728.980111716071,5737.892188633441,5615.5986887117515,5630.947265625,163929,,
2025-11-28,5647.285578052853,5692.341074072739,5621.539580327204,5629.46142578125,57067,,
2025-12-01,5656.197867456993,5656.197867456993,5526.47764325586,5554.69921875,78861,,
2025-12-02,5569.057669925512,5598.764592062384,5531.428901885474,5583.416015625,54507,,
2025-12-03,5584.901394422311,5631.4422393758305,5548.262856905711,5592.328125,41633,,
2025-12-04,5613.617638679123,5636.888059301624,5582.920488070717,5603.71533203125,87945,,
2025-12-05,5582.920548884735,5679.963155090961,5575.988934155719,5620.05419921875,117812,,
2025-12-08,5598.269331629393,5654.217366870758,5537.865258182963,5544.3017578125,149501,,
2025-12-09,5515.585313740627,5623.02535082157,5495.780698610499,5612.1328125,78016,,
2025-12-10,5616.588597950344,5671.5464024613175,5522.516680318947,5543.806640625,79123,,
2025-12-11,5529.4483952852825,5615.103353414254,5522.51678017658,5571.0380859375,63919,,
2025-12-12,5610.647333469299,5620.5496407998135,5532.914220924764,5575.9892578125,35892,,
2025-12-15,5556.184619535626,5577.4745802057405,5524.992351577085,5569.552734375,21765,,
2025-12-16,5546.282452878079,5623.025336309262,5529.448530060917,5608.171875,93566,,
2025-12-17,5604.705939915164,5641.83959234393,5523.0119045718775,5573.513671875,36002,,
2025-12-18,5573.513272565121,5574.50350322561,5450.229555334179,5467.0634765625,34737,,
2025-12-19,5452.210143663937,5538.360213133381,5445.278528879038,5501.2265625,51668,,
2025-12-22,5501.22681228399,5599.259654407311,5501.22681228399,5569.0576171875,82271,,
2025-12-23,5556.184519015488,5604.705823850947,5506.177868113638,5542.3212890625,28301,,
2025-12-24,5515.584946199582,5538.360252081556,5479.936641340842,5511.6240234375,41257,,
2025-12-26,5484.887680492039,5526.477368627202,5454.19052972561,5480.9267578125,40414,,
2025-12-29,5518.555410741656,5518.555410741656,5427.454190969857,5451.2197265625,39102,,
2025-12-30,5431.415468774999,5442.803121991209,5352.197011618754,5415.57177734375,145561,,
2025-12-31,5396.757529631174,5474.490642672651,5373.487107255701,5452.70556640625,37479,,
2026-01-01,5423.493602876619,5465.57840808426,5331.40214677519,5410.12548828125,44385,,
2026-01-02,5444.288432470944,5545.291964684846,5395.272012425961,5537.865234375,37645,,
2026-01-05,5544.302078438062,5561.6311169043365,5477.461501496721,5498.25634765625,42046,,
2026-01-06,5500.236694368315,5624.015537971886,5500.236694368315,5600.25,86105,,
2026-01-07,5619.559557530488,5776.01601745821,5579.455211789522,5749.77490234375,188593,,
2026-01-08,5748.784622663869,5790.374314189472,5707.194931138268,5736.40673828125,133290,,
2026-01-09,5719.077235501272,5768.093653674125,5651.246434595405,5742.34765625,134371,,
2026-01-12,5742.347905259289,5828.497977298875,5657.683179289352,5809.68359375,118161,,
2026-01-13,5849.292809362209,5875.533923201399,5756.706237891857,5806.2177734375,183102,,
2026-01-14,5830.4783037475345,5830.973419092622,5722.048043173426,5773.5400390625,89063,,
2026-01-16,5778.986329965518,5822.06136515289,5739.872217553997,5779.4814453125,120335,,
2026-01-19,5777.996264240687,5787.403456101919,5643.32488601674,5691.84619140625,128572,,
2026-01-20,5688.875398358289,5728.4846265452925,5615.103210859997,5664.61474609375,160200,,
2026-01-21,5625.00528200929,5712.640695697842,5531.923599673426,5601.23974609375,76707,,
2026-01-22,5625.005655489914,5727.989651295028,5599.754771903084,5702.24365234375,246944,,
2026-01-23,5728.484737315641,5754.725851496949,5668.080663162443,5694.32177734375,77302,,
2026-01-27,5755.716095129815,5755.716095129815,5651.246753532189,5697.78759765625,99479,,
2026-01-28,5692.341213198654,5732.940672142926,5595.298604014785,5666.59521484375,168889,,
2026-01-29,5693.826524175947,5693.826524175947,5558.66003364551,5657.18798828125,64418,,
2026-01-30,5634.412551429711,5693.826392042327,5584.901017585865,5622.03466796875,160841,,
2026-02-02,5561.135391198044,5561.135391198044,5353.186952424613,5467.55859375,129255,,
2026-02-03,5658.17818031428,5690.85579318624,5573.018340708571,5646.79052734375,175751,,
2026-02-04,5622.529694167606,5672.041227226497,5579.949775736961,5598.26904296875,78850,,
2026-02-05,5595.298871585265,5643.325063120861,5529.943641866722,5607.181640625,108123,,
2026-02-06,5627.481448920489,5650.25675656173,5514.595141481296,5628.4716796875,52719,,
2026-02-09,5643.820010428781,5743.338198172984,5614.608204076004,5694.32177734375,227955,,
2026-02-10,5693.826882346694,5776.0160356049155,5676.992959390191,5754.72607421875,84505,,
2026-02-11,5782.947448005093,5857.214752559953,5688.875528902271,5832.458984375,78718,,
2026-02-12,5836.419835871625,5848.302604455008,5753.2404557879445,5813.1494140625,70024,,
2026-02-13,5792.849415960493,5792.849415960493,5279.414813879208,5349.72119140625,605115,,
2026-02-16,5377.943051910609,5482.907508456829,5311.59759352762,5426.95947265625,132794,,
2026-02-17,5446.268883370178,5456.17119043085,5362.59438870749,5403.19384765625,74670,,
2026-02-18,5406.659682624337,5429.930104335265,5348.73118602479,5410.62060546875,83592,,
2026-02-19,5463.103007093291,5463.103007093291,5298.229588445288,5324.470703125,190955,,
2026-02-20,5320.477950551744,5391.850215742072,5318.9806303029945,5382.3671875,66662,,
2026-02-23,5405.325802896054,5494.166799471815,5385.86064072496,5480.69091796875,139365,,
2026-02-24,5490.174089524952,5498.6589040269455,5438.266989042171,5485.68212890625,119453,,
2026-02-25,5498.658816102431,5644.897087239583,5458.231171180556,5614.95068359375,231439,,
2026-02-26,5624.933140188332,5754.201789993902,5612.45547128818,5741.72412109375,84228,,
2026-02-27,5741.723818878003,5771.171115932402,5603.970361470986,5629.4248046875,131566,,
2026-03-02,5405.325918961805,5609.460572780399,5405.325918961805,5556.05615234375,54260,,
2026-03-04,5479.692796330847,5526.109722285741,5422.295522300604,5456.73388671875,87647,,
2026-03-05,5466.716268211571,5563.542978339668,5444.2564643158785,5540.0849609375,96348,,
2026-03-06,5570.0312800209085,5573.0259204940385,5487.179560264325,5520.12060546875,41269,,
2026-03-09,5490.1741447029535,5508.641094098773,5411.315279715402,5450.24560546875,41694,,
2026-03-10,5499.65698157424,5654.380065727794,5490.173953835796,5606.4658203125,127594,,
2026-03-11,5651.884812299914,5654.879452786827,5504.648321693373,5534.5947265625,147779,,
2026-03-12,5505.646186195167,5518.123854099697,5390.352534757302,5434.27392578125,121868,,
2026-03-13,5412.313323299354,5461.724889050612,5325.967859915843,5345.93212890625,103318,,
2026-03-16,5383.3651764013475,5397.340164806617,5223.651023198267,5313.490234375,204293,,
2026-03-17,5307.5011570073,5340.4422023677,5275.5583251426715,5323.9716796875,127237,,
2026-03-18,5325.468930659044,5413.311717144142,5305.5046610033405,5341.939453125,65448,,
2026-03-19,5299.515402477934,5326.467166626909,5213.169935852517,5230.638671875,60008,,
2026-03-20,5235.629753254279,5289.034174950963,5201.690494605919,5248.107421875,325586,,
2026-03-23,5250.602735248202,5263.080403345275,5102.368038254978,5135.30908203125,110544,,
2026-03-24,5190.709916875117,5295.023221935397,5151.280485775778,5287.53662109375,79204,,
2026-03-25,5345.4333629718685,5454.23863590631,5302.0110751494085,5425.78955078125,61346,,
2026-03-27,5391.350718777043,5409.817667175002,5249.604412154873,5334.95166015625,145051,86631.0,59.72
2026-03-30,5281.547495326359,5335.950129704603,5242.6171698079825,5289.533203125,182729,97974.0,53.62
2026-04-01,5310.994592316579,5444.2560861751,5200.692007512334,5235.13037109375,119101,55670.0,46.74
2026-04-02,5201.191305306348,5267.073394578053,5065.93337960459,5248.6064453125,70183,23841.0,33.97
2026-04-06,5264.07891922048,5296.021751384139,5145.790618864431,5227.14501953125,81489,37400.0,45.9
2026-04-07,5227.144940707694,5237.12707560831,5132.813765896871,5163.25927734375,136756,64754.0,47.35
2026-04-08,5268.570761130504,5286.039497075897,5205.184204985793,5236.6279296875,145626,78394.0,53.83
2026-04-09,5259.586609392456,5376.876688459379,5172.242933491557,5360.9052734375,128017,66761.0,52.15
2026-04-10,5380.370576746323,5441.760704848345,5343.935785271139,5430.28125,80490,47901.0,59.51
2026-04-13,5370.388323993382,5422.295423035697,5299.016062810199,5354.916015625,165527,85457.0,51.63
2026-04-15,5430.281140704869,5588.997078457089,5340.441930656443,5565.5390625,191897,115558.0,60.22
2026-04-16,5628.925555080229,5677.8380133527835,5518.62297060845,5560.048828125,115380,66056.0,57.25
2026-04-17,5560.04926986995,5604.469771218103,5491.6716441991975,5572.02783203125,126039,84771.0,67.26
2026-04-20,5572.027601824208,5666.3587749471735,5524.113355158576,5631.92041015625,64218,25308.0,39.41
2026-04-21,5653.881303212499,5708.283939339809,5616.947403456344,5686.3232421875,127553,83639.0,65.57
2026-04-22,5674.843647605851,5724.754321727275,5529.104479171295,5616.947265625,199874,110267.0,55.17
2026-04-23,5535.59303312299,5569.532292545257,5422.794906219573,5510.6376953125,161346,77403.0,47.97
2026-04-24,5562.544503548083,5568.533784305605,5184.221602364643,5225.6474609375,170430,56170.0,32.96
2026-04-27,5270.566976398765,5476.198945553717,5238.6241462387725,5334.45263671875,212162,87562.0,41.27
2026-04-28,5334.452918819784,5444.256403301479,5305.504727456429,5408.81982421875,96733,44172.0,45.66
2026-04-29,5410.316858348732,5443.7570086724745,5296.021419182509,5334.45263671875,96480,57617.0,59.72
2026-04-30,5344.9338278537325,5425.29000922309,5281.547274848091,5390.3525390625,151866,90298.0,59.46
2026-05-01,5390.3525390625,5390.3525390625,5390.3525390625,5390.3525390625,0,0.0,0.0
2026-05-04,5372.384929584752,5383.864384562497,5306.502840147258,5350.92333984375,103605,48677.0,46.98
2026-05-05,5379.871286649561,5411.814116443194,5303.507959174157,5393.34716796875,57471,25334.0,44.08
2026-05-06,5395.343817833926,5625.4320232013115,5394.345604361616,5547.072265625,130241,50204.0,38.55
2026-05-07,5560.04883161865,5597.980942139568,5519.62118751083,5580.51220703125,90089,49560.0,55.01
2026-05-08,5578.017018116104,5655.378564090334,5540.08490525132,5575.521484375,55727,22596.0,40.55
2026-05-11,5575.021999034512,5662.864780756095,5484.683683741294,5589.49609375,53127,20139.0,37.91
2026-05-12,5613.952389446694,5613.952389446694,5472.705187614064,5486.68017578125,46029,21290.0,46.25
2026-05-13,5440.263542262585,5543.079532143878,5431.778727563644,5452.7412109375,31556,10561.0,33.47
2026-05-14,5530.102804808684,5619.442913297922,5452.741258351522,5566.53759765625,75843,26213.0,34.56
2026-05-15,5617.945534656398,5628.426776325534,5455.2367354117305,5476.19921875,64559,25491.0,39.48
2026-05-18,5455.236804797515,5515.129615097213,5380.370791922893,5458.2314453125,122385,64220.0,52.47
2026-05-19,5455.23647184215,5595.485460733975,5435.7713096827865,5460.2275390625,105741,48998.0,46.34
2026-05-20,5427.785811138758,5497.660754914337,5406.823328006084,5426.78759765625,50467,23018.0,45.61
2026-05-21,5455.236595186398,5593.988267049327,5406.324135321049,5491.67138671875,100493,26987.0,26.85
2026-05-22,5520.1205176964795,5520.1205176964795,5375.379563796662,5394.8447265625,64842,33611.0,51.84
2026-05-25,5475.2010922201935,5475.2010922201935,5378.873488683412,5390.85205078125,41636,19098.0,45.87
2026-05-26,5395.344009569587,5412.313639201905,5326.467277532528,5370.388671875,63451,22066.0,34.78
2026-05-27,5404.826843726354,5511.635685222101,5319.479591876949,5441.7607421875,186374,60932.0,32.69
2026-05-28,5441.7607421875,5441.7607421875,5441.7607421875,5441.7607421875,0,0.0,0.0
2026-05-29,5568.03481308544,5778.657858184226,5462.224183794107,5488.177734375,1404988,690861.0,49.17
2026-06-01,5433.77490592696,5464.220416100704,5270.567007126729,5305.00537109375,215846,60154.0,27.87
2026-06-02,5263.080286476352,5439.264956094764,5214.1678286219485,5229.64013671875,216729,93532.0,43.16
2026-06-03,5245.611581523896,5287.536545638835,5153.2768391279005,5264.57763671875,167288,67697.0,40.47
2026-06-04,5264.577708575168,5329.4615824957955,5204.185795156739,5267.0732421875,150489,87496.0,58.14
2026-06-05,5290.032411777439,5328.962738045826,5213.169972734725,5242.1181640625,143792,71892.0,50.0
2026-06-08,5240.620925292285,5389.3547382196275,5166.254018828614,5346.9306640625,225217,79035.0,35.09
2026-06-09,5395.3436946575075,5397.340121556548,5308.998231273998,5345.93212890625,177273,93442.0,52.71
2026-06-10,5345.4330735431995,5460.227621341046,5276.556344864492,5290.0322265625,117951,31412.0,26.63
2026-06-11,5314.488612082076,5324.969853709961,5252.599375803134,5292.02880859375,120184,67688.0,56.32
2026-06-12,5330.46012351359,5348.927073379695,5273.561953655861,5288.53515625,67310,26709.0,39.68
2026-06-15,5310.495714402887,5352.420680569226,5295.522512200623,5324.470703125,70006,35668.0,50.95
2026-06-16,5340.44222778229,5362.902031543991,5303.009221512788,5338.44580078125,83189,45392.0,54.56
2026-06-17,5337.9462890625,5357.411450845897,5322.973087690655,5337.9462890625,65106,38167.0,58.62
2026-06-18,5369.889433155642,5378.374247763287,5311.493944385384,5362.40283203125,75504,45661.0,60.47
2026-06-19,5340.441886580267,5395.3436256011855,5323.472258155619,5363.89990234375,82881,52001.0,62.74
2026-06-22,5384.363384419543,5388.356238245587,5326.467003941913,5357.41162109375,106481,55515.0,52.14
2026-06-23,5426.288572009741,5501.154584316719,5384.363605117833,5405.8251953125,210575,64259.0,30.52
2026-06-24,5450.245481745648,5480.6909922206005,5406.823196314158,5418.8017578125,124021,74108.0,59.75
2026-06-25,5476.199127484159,5480.191981386809,5398.83758312032,5415.30810546875,146158,89866.0,61.49
2026-06-25,5476.199127484159,5480.191981386809,5398.83758312032,5415.30810546875,146158,0.0,0.0
2026-06-26,5415.30810546875,5415.30810546875,5415.30810546875,5415.30810546875,0,,
2026-06-29,5419.300910520805,5520.120470653905,5384.862545920884,5406.8232421875,193434,105423.0,54.5
2026-06-30,5406.823065985469,5597.980938622083,5406.823065985469,5560.048828125,340712,178750.0,52.46
2026-07-01,5584.0063689240005,5628.925976825606,5504.149288210036,5557.5537109375,128296,0.0,0.0
2026-07-02,5535.093840456976,5566.038458861694,5477.197457635243,5490.67333984375,163412,106393.0,65.11
2026-07-03,5500.655398876404,5620.940123595506,5484.184876404494,5552.5625,568290,394612.0,69.44
2026-07-06,5589.9953670626055,5622.936411189939,5521.61774516193,5588.498046875,99065,55451.0,55.97
2026-07-07,5624.933061314513,5724.754411116012,5597.981296868108,5657.375,200471,122915.0,61.31
2026-07-08,5669.353555298941,5719.264230140906,5552.56257616874,5595.98486328125,101198,,
2026-07-09,5623.934596332268,5684.825616988332,5592.490872550857,5638.40869140625,39730,,
2026-07-10,5688.81839020747,5717.267473225704,5624.93273009635,5659.37109375,104124,,
2026-07-13,5605.467550873521,5673.845171251908,5538.587250649404,5557.05419921875,219164,135378.0,61.77
2026-07-14,5536.590935681639,5654.879230259891,5505.646318534586,5591.49267578125,521134,,
2026-07-15,5634.9151478666445,5696.305277466963,5564.041990116683,5648.89013671875,213207,160682.0,75.36
2026-07-16,5649.389213782514,5725.253438581078,5632.419584551257,5698.80078125,67610,,
2026-07-17,5698.800689790524,5698.800689790524,5529.104400201387,5553.0615234375,70604,38667.0,54.77
2026-07-20,5585.004413834489,5678.836480840823,5554.059795991974,5643.39990234375,108861,56712.0,52.1
2026-07-21,5679.834423540218,5684.825490696229,5613.453230365276,5671.349609375,27882,14887.0,53.39
2026-07-22,5670.351851272241,5670.351851272241,5493.1689530060985,5575.0224609375,109986,,
2026-07-23,5590.993485777261,5626.929169670849,5501.653382764038,5591.99169921875,50659,21620.0,42.68
2026-07-24,5551.564177499834,5634.415894973984,5551.564177499834,5623.435546875,55151,,
2026-07-27,5683.328351742398,5689.317632520558,5587.000752560323,5602.97216796875,112113,64114.0,57.19
2026-07-28,5602.972102435471,5651.385454826014,5575.022125797631,5641.4033203125,58815,27343.0,46.49
2026-07-29,5688.818378742701,5701.296046708007,5643.898774067596,5662.36572265625,57547,32061.0,55.71
2026-07-30,5678.83666406653,5871.990978444605,5669.852742467549,5806.10888671875,301501,101507.0,33.67
2026-07-31,5814.593297332761,5822.579004865578,5724.754087588563,5741.224609375,116595,68689.0,58.91
2026-08-03,5764.1836075676665,5764.1836075676665,5657.873874394932,5696.80419921875,122664,75373.0,61.45
2026-08-04,5688.818379836144,5699.798727647724,5597.98095703125,5597.98095703125,37653,20478.0,54.39
2026-08-05,5610.459015661344,5686.3232421875,5546.074244464803,5686.3232421875,88646,,
2026-08-06,5681.831174631532,5685.324921840107,5576.02054488611,5587.5,109477,68284.0,62.37
2026-08-07,5520.5,5647.5,5506.0,5620.0,76165,24114.0,31.66
2026-08-11,5590.0,5590.0,5475.0,5527.5,115598,55745,48.22
2026-08-12,5518.0,5534.5,5411.5,5480.0,110443,65679,59.47
2026-08-13,5459.0,5483.0,5406.0,5449.5,33025,15244,46.16
2026-08-14,5432.0,5448.0,5175.0,5368.0,635547,201122,31.64
2026-08-19,5475.0,5489.5,5370.0,5382.5,213076,140641,66.01
