date,open,high,low,close,volume,delivery_qty,delivery_pct
2022-01-03,108.48051080444144,113.40315722353476,108.07940416915612,110.9053726196289,3859700,,
2022-01-04,113.03852520518996,114.81614439215703,110.12140475607379,111.15606689453125,9366120,,
2022-01-05,111.2153186053617,113.64473603080395,110.12140022073697,113.2481918334961,5022000,,
2022-01-06,112.46420052935207,115.89181475316528,110.87345452589291,115.48615264892578,6262970,,
2022-01-07,116.61656746166877,116.63935192401755,111.03301101325714,112.27278900146484,4977180,,
2022-01-10,113.21173863994916,116.91283674323013,112.58273167866605,116.21090698242188,7231250,,
2022-01-11,116.12884826265405,116.77609107869294,114.22360555321633,114.6702880859375,2540850,,
2022-01-12,115.77333803604607,117.35040402159957,113.45787044072942,113.93646240234375,3724250,,
2022-01-13,114.23271668910155,118.11158331394357,113.32111570821662,117.3959732055664,8670160,,
2022-01-14,117.5965136140298,122.15451801767438,116.274695118958,120.51819610595703,12086570,,
2022-01-17,121.51641657123157,126.23395454721067,120.57290619405026,123.85011291503906,14379190,,
2022-01-18,127.56946340476594,130.32705123844332,124.70703643434722,126.15647888183594,35279280,,
2022-01-19,127.16379662701499,129.99432818306383,125.35426780695093,129.40634155273438,16350000,,
2022-01-20,129.90314846082467,136.61709514147927,129.57497152936864,135.52772521972656,17673630,,
2022-01-21,135.7920691952685,139.27437722087572,132.18212369670186,137.97079467773438,16433210,,
2022-01-24,138.65765742181165,138.84083592379812,115.49615566068148,123.21208190917969,17197650,,
2022-01-25,120.89044473212036,130.80895789731642,117.66669562638728,129.7557373046875,11865530,,
2022-01-27,126.3854572119662,130.96005678919286,126.38087355687524,128.675048828125,5258290,,
2022-01-28,129.49928802996874,130.5067138671875,127.69508883257707,128.78952026367188,3823180,,
2022-01-31,129.9480789558343,130.04882155968687,126.93039847053383,127.75007629394531,2795180,,
2022-02-01,128.20796850425754,129.88852081118438,123.0105930919331,127.0127944946289,3745990,,
2022-02-02,127.97903811503005,129.59090583521285,127.35626183081733,129.16046142578125,2223920,,
2022-02-03,129.95720929220113,130.5067168476987,127.8507962700949,128.4827117919922,3736330,,
2022-02-04,128.2171517714029,128.8765553841921,126.38547817466858,126.77471160888672,2050000,,
2022-02-07,126.76551362531247,127.18222094469131,121.34834642250178,122.90526580810547,3496330,,
2022-02-08,120.89045120207794,125.19488113936119,120.4325328263125,123.3128433227539,6522550,,
2022-02-09,124.08672196898144,126.38546710062242,121.34836515095994,122.45195007324219,3626870,,
2022-02-10,123.43189738224315,126.60985215120463,121.5910704711531,124.87435150146484,3905010,,
2022-02-11,123.35406078405008,124.11877668602413,119.0587839576483,119.69529724121094,3929890,,
2022-02-14,114.47960200405541,117.91857372011668,110.17058810767547,112.68456268310547,6729850,,
2022-02-15,108.10535501853988,117.84984906899088,108.10535501853988,116.6958999633789,6649190,,
2022-02-16,117.86362344055075,123.08846007615483,117.68502855713025,120.07536315917969,3519020,,
2022-02-17,120.7072963551416,121.71470847811561,119.05878727488485,119.74108123779297,2184640,,
2022-02-18,118.1429401039813,120.48747993523153,118.1429401039813,118.97177124023438,1634500,,
2022-02-21,118.60083912690172,122.54350896306251,117.95058899523853,121.34376525878906,5794780,,
2022-02-22,116.49442127650131,119.41135882569341,116.3112567379674,117.6529541015625,2688000,,
2022-02-23,120.34092304813643,122.35577473770253,116.49441214229121,121.25675964355469,4348360,,
2022-02-24,116.31126551154325,120.19898798532593,111.10015224600205,113.55001831054688,4705900,,
2022-02-25,118.87562017367854,126.38547918543733,115.82129827789046,122.0031967163086,5562250,,
2022-02-28,121.37126655416078,125.1078823820038,119.02672657776374,122.29168701171875,4207050,,
2022-03-02,121.71468202829197,123.98596692287754,120.69810281425994,122.23213195800781,3022140,,
2022-03-03,124.46219730342602,126.32592827238823,117.96433504103453,119.19613647460938,4164110,,
2022-03-04,118.9671914975263,121.3483727026476,117.22710721463315,119.9471435546875,3657910,,
2022-03-07,116.31125194380925,118.12918821230701,114.47957868485163,114.98329162597656,3338480,,
2022-03-08,116.08229721428727,117.68501137700918,113.56374638715282,116.13724517822266,3069100,,
2022-03-09,118.32153337305655,118.32153337305655,115.0290922141982,116.66386413574219,3155860,,
2022-03-10,120.88129203846671,122.2642004357754,116.67759791818838,117.67127990722656,4898600,,
2022-03-11,118.56880456886643,120.97745975587542,118.07425885980945,118.69245147705078,5567780,,
2022-03-14,119.60828734263781,120.69812135657895,115.22142140359185,117.93230438232422,6891300,,
2022-03-15,118.60084841469715,124.33398092112253,118.60084841469715,123.59215545654297,8551500,,
2022-03-16,124.55379175080226,133.07107589337923,124.18746265900589,129.81069946289062,15036670,,
2022-03-17,131.3309584851791,153.1095509913676,130.76314428390975,148.2785186767578,64064270,,
2022-03-21,152.8531294157543,157.35905797596243,144.06110606859255,150.61849975585938,27983830,,
2022-03-22,150.19262824939258,155.2343135232909,144.24427362783666,147.77940368652344,10674190,,
2022-03-23,148.7318756536884,151.1130566821397,147.15663539940076,149.46913146972656,4554120,,
2022-03-24,147.26656673175634,152.02891550694108,147.11544582733555,147.92138671875,4282320,,
2022-03-25,148.50293614804966,150.38040444134384,146.6437885042021,147.30319213867188,3581470,,
2022-03-28,148.31975946762128,149.07990565014364,139.8528531514772,141.31361389160156,2890060,,
2022-03-29,142.70572733820012,143.81846593377188,136.45971232146732,139.5918731689453,4429580,,
2022-03-30,141.61123569519847,143.4200185881615,137.56782321445297,139.6559295654297,3463790,,
2022-03-31,140.91977655322827,143.32843134091166,138.41954648808087,140.74119567871094,4021060,,
2022-04-01,141.31361797416534,147.20244176282878,140.58094575512237,141.2998809814453,5510320,,
2022-04-04,143.51161125987502,150.83830502144679,141.78068041768609,149.27223205566406,7179630,,
2022-04-05,150.65517526649566,155.69227839090738,146.62549835679133,152.0289306640625,10409850,,
2022-04-06,151.8457254185408,159.35558345302445,150.65513493116393,152.94931030273438,8859680,,
2022-04-07,153.567479473262,155.1839445414471,151.39236747612463,153.3247833251953,4407410,,
2022-04-08,155.22396739892187,162.3101207445929,154.96645749429064,156.3919677734375,15866330,,
2022-04-11,157.35761027416046,163.92413979628276,155.6699874744483,158.0703582763672,10875700,,
2022-04-12,157.90941421798365,159.92812316924852,151.96827569349045,156.44252014160156,6530760,,
2022-04-13,157.72089619115877,160.20404938597383,154.05137315271924,154.84230041503906,5178950,,
2022-04-18,154.3226668518907,157.6197194855444,151.19115026850633,152.14761352539062,5497680,,
2022-04-19,154.5801528027685,160.02466857846144,153.77082814920817,156.36892700195312,11077180,,
2022-04-20,159.01299362325102,160.94433121107673,147.79748023985118,149.36553955078125,10438620,,
2022-04-21,160.971966442973,179.2368545998772,156.60347620737483,175.56272888183594,74571840,,
2022-04-22,175.65926767798766,183.10869773207554,171.5574796507792,174.2843475341797,56578590,,
2022-04-25,172.34839891369458,174.06361087303767,167.38212179248563,168.40296936035156,10644440,,
2022-04-26,171.2448118264048,172.22887845310646,166.92230857088578,167.82359313964844,8977500,,
2022-04-27,166.4670538735949,171.76902032805384,165.5657553610846,169.10653686523438,7046050,,
2022-04-28,170.5090456482233,173.8658935347472,168.13167541885707,172.65650939941406,6815220,,
2022-04-29,173.66358892653838,185.95973526698302,173.08418465852196,179.2644500732422,27755940,,
2022-05-02,177.958493518908,178.7954076315988,164.80703615246557,166.71078491210938,10309160,,
2022-05-04,169.22150785275636,169.22150785275636,154.50659412642972,155.40328979492188,10155100,,
2022-05-05,160.02467598923386,160.02467598923386,143.47039916276137,145.62245178222656,17625840,,
2022-05-06,140.62398143336753,140.62398143336753,122.59361893900554,133.5838165283203,41330080,,
2022-05-09,129.21534145054312,139.42840774763053,128.84747420561527,133.064208984375,20925330,,
2022-05-10,133.27114493257693,136.29689305888147,128.32325043008885,129.9188995361328,9864380,,
2022-05-11,131.60189915217794,134.27357428498416,123.54088684633,125.97344970703125,8783680,,
2022-05-12,125.44463163408395,125.44463163408395,120.80944006877492,122.95230102539062,5602740,,
2022-05-13,122.3177253252738,129.26591719708333,116.52372500321893,120.62091064453125,14435830,,
2022-05-16,119.92653034800719,124.1386757030287,118.01819295434956,122.30851745605469,6542330,,
2022-05-17,124.14788842540268,135.1932651003438,123.0626562790158,134.5126953125,21130630,,
2022-05-18,136.1129525720015,141.53907141934795,135.65771441721017,140.21932983398438,21325720,,
2022-05-19,135.19326927665853,135.19326927665853,131.3306072468296,133.20216369628906,8800100,,
2022-05-20,138.8719629967731,139.79164487092393,130.68679993012353,132.2042694091797,11922100,,
2022-05-23,133.28660525077984,134.66369482943327,129.13234215338088,130.08570861816406,3939100,,
2022-05-24,130.92855429366594,134.11564926227618,129.5100296317754,130.96539306640625,5800440,,
2022-05-25,131.25552660173278,132.4483801926495,117.16694028060306,121.02645111083984,11239480,,
2022-05-26,122.87792433750752,123.89116626361643,117.31894517847897,120.57051849365234,6755960,,
2022-05-27,122.87791836972153,127.80593668564013,121.70349106010957,122.42196655273438,7900920,,
2022-05-30,125.08859823976792,131.72068590800575,124.44381447643946,130.6475830078125,10963470,,
2022-05-31,130.79960892825804,138.04425429955708,129.00801598902981,135.91184997558594,12620010,,
2022-06-01,137.27044678573043,141.6688206625691,134.84790113555377,137.6296844482422,14933470,,
2022-06-02,137.58828286531022,138.88707103592793,135.01835317398502,136.2204132080078,5842440,,
2022-06-03,137.89224113674942,143.29924783508113,136.3263333618829,137.02638244628906,10215880,,
2022-06-06,136.87901641382345,136.87901641382345,131.720716979928,133.90838623046875,4057080,,
2022-06-07,132.1812862566229,138.5370358621989,131.9786378640754,136.43687438964844,6843260,,
2022-06-08,137.61587241519396,140.01079960955545,133.57214001499568,135.85653686523438,7562420,,
2022-06-09,134.9446446967471,138.53702210753596,134.3643321706833,136.28488159179688,5008020,,
2022-06-10,134.484074615866,136.50594810060988,132.6418270183884,133.99588012695312,3207200,,
2022-06-13,128.9573300075899,129.76792343674092,123.52270529364917,124.55435943603516,7344980,,
2022-06-14,124.35170197639397,126.45647304606503,118.53941356248268,119.1519546508789,7007480,,
2022-06-15,121.12778907556265,123.43059875380527,115.35234549468178,116.6142807006836,9308150,,
2022-06-16,119.19341208694088,122.41734533254846,110.53485413511682,112.57975006103516,12592730,,
2022-06-17,112.00864607096031,113.90616576587074,108.23664320792162,110.13416290283203,9407870,,
2022-06-20,111.57573047269359,111.82443785000451,98.19180193040471,101.03807830810547,14023910,,
2022-06-21,104.73178358190114,109.10251897406457,101.59996797500644,107.24185180664062,10491680,,
2022-06-22,106.38981884232236,107.95572678479843,101.3282400826087,105.78648376464844,9519400,,
2022-06-23,105.74502114824091,109.13475720879572,104.59821942117493,105.22918701171875,6984070,,
2022-06-24,106.8457677778278,109.15318058428753,106.11346894684262,108.4393081665039,5829210,,
2022-06-27,112.28499813154134,115.96949351221461,110.6822446086813,114.79505920410156,9910630,,
2022-06-28,113.37191955800749,114.8641356238006,110.62696752811873,113.29362487792969,5281230,,
2022-06-29,110.1756229627079,113.09558384617911,109.70584783700959,110.69606018066406,3241790,,
2022-06-30,111.3638782219876,113.94302086303581,110.53946841596157,111.10596466064453,4007540,,
2022-07-01,110.71907888258873,113.1140064048774,109.15317122043102,111.57112121582031,4145240,,
2022-07-04,111.91655320193948,117.44329656993648,111.91655320193948,116.38400268554688,9287270,,
2022-07-05,117.30050598603714,120.16059131670187,115.32469159136129,115.78986358642578,7002450,,
2022-07-06,116.48531654242868,117.42486676710388,112.56132713152603,114.9977035522461,6137600,,
2022-07-07,116.5313662378695,120.66720985999474,114.90558340005676,119.74608612060547,5687600,,
2022-07-08,121.12778198822771,121.85086755814363,118.37361671431455,118.78352355957031,4822770,,
2022-07-11,118.1801899850513,121.95678924804031,117.81173904819818,120.427734375,4643500,,
2022-07-12,119.74610185939893,123.01148425809053,119.28553992917047,122.03509521484375,5223240,,
2022-07-13,122.60158061512158,126.28607573136586,119.83820927793838,120.70866394042969,7629910,,
2022-07-14,122.04892784371204,123.24639183360331,119.93033987009463,120.86528015136719,5063940,,
2022-07-15,117.7702988168128,120.5152511190814,116.0800302833266,118.1801986694336,8098580,,
2022-07-18,121.39489221015234,121.39950232655342,117.81633151950537,118.57625579833984,5152120,,
2022-07-19,117.9406900367738,119.28553702459747,116.45768712295688,118.24006652832031,4349890,,
2022-07-20,120.09615730929714,125.59065885643683,119.75994197347791,123.63327026367188,12630760,,
2022-07-21,123.58227304651973,131.36407418982267,122.74851520135941,128.60801696777344,6543490,,
2022-07-22,129.69655707654493,136.0887388781392,129.69655707654493,134.2729949951172,13401620,,
2022-07-25,134.23593107379648,134.94462955320225,129.85404420556873,130.99815368652344,5129620,,
2022-07-26,131.66980162967533,131.66980162967533,123.67493079350002,125.00431823730469,4091490,,
2022-07-27,125.0645424905202,125.76860445565164,122.51693143978738,124.57818603515625,3620790,,
2022-07-28,126.29202385965964,128.6728889509896,125.53237992193561,126.53289794921875,3990780,,
2022-07-29,128.30693430392097,128.7608772831265,125.68520969007903,126.6208724975586,4607950,,
2022-08-01,127.84373263717495,128.5570675671603,125.16178950534903,125.8612289428711,3475990,,
2022-08-02,126.47729039391312,126.91733791326169,123.79998361212384,125.42582702636719,3891210,,
2022-08-03,126.45414969696238,127.7974327090734,119.40885102901377,121.64611053466797,4430720,,
2022-08-04,122.74853565484796,122.96160462663883,115.0779113123376,116.09695434570312,9098590,,
2022-08-05,117.4680328653353,119.22819485354174,116.72690682026813,117.70889282226562,4270480,,
2022-08-08,118.98733864520055,120.33988064444047,117.93123859184449,119.29767608642578,3609490,,
2022-08-10,119.4366345848387,120.13143756190489,116.35633714577109,117.11135864257812,3169310,,
2022-08-11,118.57971459632569,121.6692782237257,116.2637045456162,121.22459411621094,6599840,,
2022-08-12,119.96932171368717,121.17364977812817,117.65331164199436,118.78816223144531,3195960,,
2022-08-16,119.32083621929638,120.88646121730366,117.83395471194784,119.19576263427734,4150900,,
2022-08-17,119.73305908528505,122.74850809051196,119.24670272641652,122.23898315429688,5685700,,
2022-08-18,122.84117794973079,125.43509788111176,121.43303988997866,123.31827545166016,5621390,,
2022-08-19,122.47061243763672,124.13814255282047,119.0475568275632,119.97396087646484,3580520,,
2022-08-22,118.57970775059911,121.59052064270416,118.11650576719833,119.78865814208984,3114060,,
2022-08-23,117.33832558200268,120.26576540376414,117.09745858033723,118.47779846191406,2970640,,
2022-08-24,119.30694289693008,120.76602637422516,116.5555218776636,117.16231536865234,2892990,,
2022-08-25,118.5194766211856,122.74851254141618,117.73203474676419,122.1509780883789,6293300,,
2022-08-26,122.8411724586044,126.3614962469175,122.37797047216291,123.48501586914062,6617660,,
2022-08-29,118.11649456695409,120.71042825519257,117.87099810446267,119.65895080566406,3257910,,
2022-08-30,121.12266777025617,122.28530913434587,120.23332798350951,121.10877227783203,2733930,,
2022-09-01,120.43253037383394,123.39702060202897,120.20556589774067,121.94257354736328,2963070,,
2022-09-02,122.71146847986326,125.78248557598646,122.37796250590303,122.94306945800781,2793330,,
2022-09-05,124.13814307885849,126.82470917773605,123.39701700943584,124.15203857421875,5911030,,
2022-09-06,125.15255285348864,132.82781359107534,124.8468378290271,128.4968719482422,12838630,,
2022-09-07,128.62658062524332,139.9796675910187,128.37182514764876,137.72386169433594,15436790,,
2022-09-08,141.54063728823115,149.61424468465887,138.4973967823932,147.74290466308594,25276660,,
2022-09-09,149.50769751731661,149.63277109843006,144.79694131183953,146.60806274414062,11044310,,
2022-09-12,146.37181764731673,148.61371341118826,144.80155623610526,147.6687774658203,4962790,,
2022-09-13,147.76143892583482,148.2292774722232,141.73981288810486,143.67137145996094,4007320,,
2022-09-14,139.60908409185723,146.73313332377327,139.60908409185723,144.80157470703125,3774230,,
2022-09-15,145.5288156266645,151.0965132744181,145.44544265085904,146.70535278320312,6066940,,
2022-09-16,145.90862438439183,148.38675781617616,141.78612957021556,145.2138214111328,4577880,,
2022-09-19,144.7969378984485,148.3126391362248,141.9343531312824,145.6399688720703,3580250,,
2022-09-20,148.22463641432574,148.22463641432574,144.14846456725294,145.13970947265625,3251690,,
2022-09-21,145.85304623418747,146.279184152915,140.4011497140906,141.7490692138672,2669690,,
2022-09-22,142.46241120374566,142.46241120374566,138.50666202092685,139.6090850830078,3247750,,
2022-09-23,139.70171597624963,141.4526188448479,137.84890810955082,138.210205078125,1552820,,
2022-09-26,137.7747934345551,137.7747934345551,125.16179885390497,128.10313415527344,5486100,,
2022-09-27,128.74698647412546,131.3084926686629,125.34707175285226,126.11136627197266,2978740,,
2022-09-28,125.06455446018042,127.8067168369874,120.43253392461818,121.19219207763672,4169120,,
2022-09-29,123.39701415000789,125.89830220751948,121.86845315258516,123.14688110351562,2676810,,
2022-09-30,123.7629228084055,127.65845267307664,121.3403716647489,126.17620086669922,2970230,,
2022-10-03,126.81080169265955,127.69551917575778,124.07791282236917,126.33834075927734,2302340,,
2022-10-04,133.58743456265512,143.5925991360706,132.54523021408684,141.93896484375,26996570,,
2022-10-06,143.3563524498896,145.26011962202003,140.12783462023512,142.71250915527344,7902510,,
2022-10-07,142.71251815140263,142.71251815140263,140.3501854698002,141.45724487304688,3264120,,
2022-10-10,139.70172372519244,149.97554052331043,138.51592775559595,149.2158966064453,13601710,,
2022-10-11,149.60960205153515,149.60960205153515,144.51901684695343,145.25086975097656,6918700,,
2022-10-12,146.2653089139225,149.33634082330192,145.66778843627685,147.1546630859375,11182640,,
2022-10-13,147.61319484311946,148.68782676560662,144.75524671199153,147.14537048339844,6471080,,
2022-10-14,152.74551183053572,155.08003997404356,150.09135900732545,152.8196258544922,30316450,,
2022-10-17,151.61527720843506,152.6713771693995,148.3311768292263,150.61012268066406,7468080,,
2022-10-18,151.36516992177897,151.64773053146246,142.99510523197077,148.87777709960938,8261570,,
2022-10-19,149.62349080367898,151.00383772205143,147.4001270682272,149.18807983398438,5728110,,
2022-10-20,148.12607196878588,150.92090351536675,147.4739474509667,150.41317749023438,4500750,,
2022-10-21,150.59947499080877,151.15378430467737,148.59185575714045,150.02188110351562,2975680,,
2022-10-24,150.92089987969638,151.38670512623867,149.70980339563687,150.7858123779297,2490980,,
2022-10-25,151.10721075401048,151.3680605403861,148.41951974802524,149.93804931640625,3703930,,
2022-10-27,150.4364389974878,154.27002079848813,149.39770252972517,151.0326690673828,4794360,,
2022-10-28,150.08245210807297,153.71572724783178,150.08245210807297,152.24844360351562,4535750,,
2022-10-31,152.31831058502863,152.31831058502863,148.49870200352524,149.30455017089844,3180090,,
2022-11-01,149.43030805007106,150.92089043179257,149.24865140722056,150.01722717285156,2151280,,
2022-11-02,149.98926354755145,150.90690029376586,148.59651064920277,149.22068786621094,1379020,,
2022-11-03,148.59185790476732,149.39304341255024,145.89019344714288,147.47857666015625,1865950,,
2022-11-04,145.33121525543504,147.4599483264445,144.10614536522073,146.62149047851562,2105110,,
2022-11-07,146.91497172858655,148.20059875627922,143.87792664250236,144.5347137451172,1930640,,
2022-11-09,146.1696319911307,146.1696319911307,140.69177378278548,141.48829650878906,2945580,,
2022-11-10,141.4184717335461,141.4184717335461,136.58341113538003,137.46377563476562,2320170,,
2022-11-11,138.15315104568796,140.00706070463434,133.29014402584977,133.78855895996094,2822840,,
2022-11-14,134.41272864193542,142.43389363665088,132.77309968393615,140.95263671875,5356160,,
2022-11-15,141.13897892252265,144.58128625487564,138.62363362635875,142.78793334960938,4894550,,
2022-11-16,142.2569178029048,144.58594400863427,140.49617455998327,143.0674285888672,3021520,,
2022-11-17,142.53638521840736,143.55649970081762,140.67316449659813,141.47434997558594,2158670,,
2022-11-18,141.4743562496593,143.46800194179912,140.7849594345281,141.3765411376953,2588090,,
2022-11-21,141.5861572806334,143.45404084864754,137.04921877555432,138.36279296875,2311710,,
2022-11-22,138.4280044497647,141.03185416040088,135.74962419132473,137.04922485351562,2587740,,
2022-11-23,137.73859171669042,139.36424717879186,133.23891215811997,134.33355712890625,3167300,,
2022-11-24,135.0136457204323,140.20737107501205,134.99034693030808,139.31301879882812,3908260,,
2022-11-25,140.01172902115235,143.46801006376091,138.9031245205584,143.15591430664062,4024190,,
2022-11-28,143.8732504986372,147.6462754787083,142.82985139480886,146.95687866210938,4700130,,
2022-11-29,147.68818425940287,150.61344012266963,147.054696059257,147.51583862304688,4347090,,
2022-11-30,148.4055479510366,151.24696267468468,147.66025674586288,148.7921600341797,4542470,,
2022-12-01,149.53743455523215,151.16775266548183,149.2439750209479,149.96131896972656,5277970,,
2022-12-02,150.82770121885892,151.15843310887706,148.41483396415674,150.8416748046875,2832520,,
2022-12-05,148.11673900807426,148.57788159597035,142.07058254175928,143.63568115234375,5343380,,
2022-12-06,143.6356753477483,146.72862849878666,143.12330103312365,146.06253051757812,3579900,,
2022-12-07,146.26286873379019,146.77059482069848,142.0706209038408,143.11868286132812,1688870,,
2022-12-08,143.4493541138013,143.65430952287892,140.4029985807068,141.49298095703125,1458870,,
2022-12-09,141.94944646706745,142.99285959302424,139.415465499413,140.30050659179688,1870190,,
2022-12-12,139.74154628297006,141.10635197334156,137.51499821413788,138.13917541503906,1434870,,
2022-12-13,138.80528998737293,144.82349955564368,138.71678586024785,142.60626220703125,4792460,,
2022-12-14,142.7133890897658,143.8359812460977,140.76632690677735,142.18702697753906,3056590,,
2022-12-15,142.52242566609732,143.00686708174058,137.97151372242857,138.50718688964844,1964560,,
2022-12-16,138.72144155187095,139.63907833853094,135.6005411140284,135.90797424316406,2665580,,
2022-12-19,136.58807164923064,138.61897561293367,132.28868429224366,132.84765625,3910540,,
2022-12-20,133.6861020535865,134.1472446860071,126.68971256186008,127.49089813232422,6317740,,
2022-12-21,129.02803148387798,129.02803148387798,119.15761884072556,120.33610534667969,7571190,,
2022-12-22,123.25205807262425,125.30159809809396,118.9014321272016,123.67127990722656,7584500,,
2022-12-23,122.55335129654112,122.55335129654112,114.60670859251319,116.04138946533203,3774740,,
2022-12-26,116.62366054995212,121.85465873177802,115.70602362010061,120.87646484375,3498570,,
2022-12-27,121.7428431077065,123.75978763161078,121.29567408547418,122.26455688476562,2332470,,
2022-12-28,122.50677215945608,122.77228454499709,120.64355129011074,121.4307632446289,1534030,,
2022-12-29,120.17774814685286,124.68209093094181,120.17774814685286,124.2162857055664,3314250,,
2022-12-30,125.53450188519679,125.53450188519679,121.71024515868491,122.1667251586914,3429270,,
2023-01-02,122.99585908627694,123.68525590936363,120.45722924008152,122.65583038330078,2165690,,
2023-01-03,123.90418144876382,124.5097225141066,122.22727990941549,122.56266021728516,2108100,,
2023-01-04,125.58109057922258,127.5141794057025,123.15889774094231,124.14175415039062,8749070,,
2023-01-05,125.0780034050952,125.30159501182425,121.01618161528421,122.18069458007812,2924100,,
2023-01-06,122.9725935150329,123.41045161401088,118.78034600883859,119.31137084960938,3292590,,
2023-01-09,121.57515318462636,121.6869418800553,119.33929398457074,119.70262145996094,3086280,,
2023-01-10,120.3035142629867,121.04880549031922,118.87349587160818,119.54891204833984,2017470,,
2023-01-11,119.72124209225224,121.00686893627874,119.25543691285087,119.5256118774414,1821100,,
2023-01-12,120.22897431656762,121.76147741717385,118.8781491763656,119.5023193359375,2781810,,
2023-01-13,120.1777460180241,122.0409668865206,118.87348998855184,121.58447265625,2962040,,
2023-01-16,122.87942448743561,123.90420176709756,121.76149468296266,122.5999526977539,4549190,,
2023-01-17,123.43839005427617,123.8948843123435,119.71661069170771,120.44791412353516,6872700,,
2023-01-18,120.64354972236963,121.04413538075472,116.84724009346027,117.89530181884766,3984690,,
2023-01-19,117.89531080876816,119.28806394782833,117.89531080876816,118.7943115234375,3820750,,
2023-01-20,119.24614617062143,121.61709323044968,118.82226167957575,120.69479370117188,3598670,,
2023-01-23,121.69626326394337,122.13412126096614,120.38268927287508,120.85315704345703,2122860,,
2023-01-24,121.16289001230737,122.18591263249292,119.196614013396,119.48756408691406,1160980,,
2023-01-25,119.66119471055686,119.80197237608063,116.71881977067676,117.47435760498047,1483610,,
2023-01-27,115.91165825451357,117.0895433779835,109.30891379862958,110.91854095458984,4488330,,
2023-01-30,110.91855217507678,114.36774845775875,109.6327278331039,112.29353332519531,3354470,,
2023-01-31,113.40571926476849,116.85021794673953,112.39676730339826,115.21713256835938,4319000,,
2023-02-01,116.85022044239274,118.90096298365997,111.4065928507104,113.01622009277344,3282470,,
2023-02-02,113.28370819643892,116.38094591155664,112.81443018873102,113.84684753417969,1398780,,
2023-02-03,114.41936029621849,116.3621708431824,112.88481929965722,113.8843765258789,1925300,,
2023-02-06,113.65444347516137,113.81868648386452,112.15744546323828,112.53755950927734,1079540,,
2023-02-07,113.10069056654898,113.36349226695862,109.34177628578992,109.60926818847656,2196150,,
2023-02-08,109.609263217753,110.99363185179001,108.59092368130544,108.86310577392578,2906450,,
2023-02-09,110.28031604709513,110.37417020309769,105.11825870020982,105.54530334472656,4349150,,
2023-02-10,105.97704651831789,108.87249078022525,105.58754493771845,106.68565368652344,3960620,,
2023-02-13,107.22063109930599,107.64298557859549,105.53592486597846,106.51202392578125,1229790,,
2023-02-14,107.00478205198011,107.3708183550044,104.17972621013848,105.0572738647461,1509830,,
2023-02-15,105.11827309087339,106.27739033575133,104.1515615465395,105.71894836425781,1197930,,
2023-02-16,106.2492397446669,106.96723455267532,105.87850609362643,106.272705078125,1066580,,
2023-02-17,103.80429188649802,105.11827171505907,102.89389142326758,104.29703521728516,3541920,,
2023-02-20,105.23559495630724,105.23559495630724,101.83332934456487,102.3260726928711,3172770,,
2023-02-21,102.67801813859553,104.3064132177127,100.38324922166242,100.91352844238281,4080000,,
2023-02-22,100.79621321897989,102.20874450819585,100.33632280790694,101.04493713378906,2020230,,
2023-02-23,101.83332109486936,101.91309749175299,97.84445828700582,100.53811645507812,2431160,,
2023-02-24,101.04493100575313,101.45789072998042,97.8350644055521,99.40245819091797,2852110,,
2023-02-27,99.89051613347509,100.32694123973164,96.62903544055327,97.2766342163086,2826070,,
2023-02-28,94.79413767975716,97.21561341032175,94.79413767975716,95.69046020507812,4056700,,
2023-03-01,96.16913787357409,96.34746580639964,93.76174658349954,94.12309265136719,5537770,,
2023-03-02,94.61113839795844,102.77657277958699,94.4656633628394,99.5526351928711,15575190,,
2023-03-03,100.05476515089788,107.8400854228002,100.05476515089788,105.27782440185547,19019290,,
2023-03-06,106.05681339069238,108.68477269293705,104.273555804213,105.31535339355469,8303810,,
2023-03-08,105.31534556904012,107.27693091661328,104.58796339115571,106.7325668334961,3439840,,
2023-03-09,107.15493839079149,107.4411982614619,104.27357171447916,105.14173889160156,2785670,,
2023-03-10,104.04363461369446,109.43563456615065,103.44764951387764,107.27226257324219,8635670,,
2023-03-13,107.2722534268326,107.45058135345036,100.76337003265039,102.11958312988281,4614670,,
2023-03-14,102.10551751205865,102.95490962466319,99.58079934791638,100.5005874633789,2951990,,
2023-03-15,101.98818053943316,106.14128621485644,99.26636692240767,100.63665771484375,7572240,,
2023-03-16,101.14348908478686,102.30260634419638,97.68021507403175,98.10256958007812,4263010,,
2023-03-17,99.4869313887828,103.71043319302359,98.57184076332004,102.97366333007812,5041740,,
2023-03-20,94.79414708876006,106.00988737016503,94.79414708876006,101.29833984375,2619340,,
2023-03-21,102.29791940966444,103.50865757535662,100.61320585517804,102.47154998779297,1978830,,
2023-03-22,103.52270771268088,107.08921546004918,103.42884640409258,106.7325668334961,4526070,,
2023-03-23,106.5307931365754,112.21844720212107,104.93525084673543,110.92793273925781,10379180,,
2023-03-24,110.796521856514,113.09598084344256,104.65836568839303,106.23983001708984,14458500,,
2023-03-27,106.52611213474376,107.02824306075576,104.57861118683452,105.6250991821289,3936070,,
2023-03-28,105.58755433883637,107.9198666675256,105.32944999610747,106.88275909423828,3276660,,
2023-03-29,106.99069077578844,110.4398796819951,106.34777506473054,109.17752075195312,4684770,,
2023-03-31,109.58919151444654,111.76582909804885,109.32420295539063,110.04817962646484,4061050,,
2023-04-03,110.42672768871101,111.19328915069767,109.77373997986368,110.55448913574219,1677540,,
2023-04-05,111.38727675915588,113.55445579373762,110.15700527529093,110.56867218017578,3571400,,
2023-04-06,113.00084476773935,114.88884776579154,111.0182066022596,112.20116424560547,5989630,,
2023-04-10,113.18538049126886,116.01501301799556,113.18538049126886,115.5323715209961,4395650,,
2023-04-11,115.8352141717391,117.1601281796581,114.98348322234828,116.28473663330078,4403880,,
2023-04-12,116.45980745569754,118.76894300059548,116.19482610861748,118.38566589355469,3496830,,
2023-04-13,119.33676988223621,119.999230518309,118.4093351000153,119.59229278564453,2757170,,
2023-04-17,119.59228634331382,122.08122658052845,119.25632320180485,120.83202362060547,5102810,,
2023-04-18,125.4881480695335,128.5969496697442,122.0812244030555,122.78626251220703,27168480,,
2023-04-19,123.50076898588851,123.50076898588851,119.05285145838477,119.41246795654297,6085510,,
2023-04-20,119.7578894134809,120.83674612700099,116.45507393858871,117.19796752929688,4103070,,
2023-04-21,117.35412156238678,118.0118456902745,114.32102380440104,115.72164154052734,4268000,,
2023-04-24,116.5922928950103,117.81784240053673,115.6459268578099,116.78157043457031,3461640,,
2023-04-25,117.13173035210451,118.93456385807417,115.45666551294424,115.90145874023438,3045350,,
2023-04-26,116.02448489912065,116.93299550814059,114.98348361088117,116.4124984741211,1524930,,
2023-04-27,116.41250069097659,117.21218123305184,115.45666886966174,116.64435577392578,1942320,,
2023-04-28,116.68220765810844,117.57179411089382,115.91565342040212,116.40776062011719,1475920,,
2023-05-02,116.87622034838755,117.3494034267211,115.55130628501344,116.01976013183594,2131220,,
2023-05-03,116.019762584616,117.63331864869387,115.46140278587369,116.34626007080078,2306000,,
2023-05-04,115.92985937200442,116.85730142386893,115.1159838632869,115.69326782226562,1738680,,
2023-05-05,115.69797770550538,116.29892216300064,115.2815815573369,115.61280822753906,1322450,,
2023-05-08,116.21376828873663,122.59700346933435,115.40935126998183,120.04654693603516,9113170,,
2023-05-09,120.66166858142378,123.97394967973737,120.25000166966873,123.04177856445312,6060530,,
2023-05-10,123.40612408491823,125.70106458736251,121.6979403384017,124.97235870361328,4283120,,
2023-05-11,125.58278320055666,126.32568408207496,122.17587377949903,122.9093017578125,2731360,,
2023-05-12,122.55441623643871,125.29887229105553,121.62224500250689,124.94398498535156,2795800,,
2023-05-15,124.87299443816012,125.12378085782684,123.31149626897478,123.73735809326172,1568980,,
2023-05-16,124.34303598122298,124.82567747302836,121.79730897068076,122.23736572265625,1573860,,
2023-05-17,122.17587240142369,122.74368341166142,118.76894857839302,120.11752319335938,2266480,,
2023-05-18,120.09386146954712,120.09386146954712,116.2232203036613,116.66328430175781,3753700,,
2023-05-19,117.25475348073559,117.25475348073559,111.78475893966328,113.17591094970703,4706700,,
2023-05-22,113.8478500559126,119.23266850764718,113.38412544662631,118.22952270507812,3960830,,
2023-05-23,118.93457450778298,120.09387165323261,113.56394346022921,114.20274353027344,5310780,,
2023-05-24,114.61440677060322,116.11912550659825,113.78160714504001,114.978759765625,3514380,,
2023-05-25,115.57022809919361,117.20743737159445,114.93615733928213,116.7389907836914,3144910,,
2023-05-26,117.34940334527876,121.5512713884288,116.88094949878138,120.92666625976562,3756320,,
2023-05-29,122.55440022451796,124.92031528676735,121.75471977824571,124.33829498291016,5710010,,
2023-05-30,124.63169958141737,124.82096992717281,122.1758782171658,123.11750793457031,2205610,,
2023-05-31,123.02758126708392,127.75941131581791,121.17743398518101,127.33354949951172,7449480,,
2023-06-01,129.17896557494527,129.5480477561148,125.39350138227287,126.85089874267578,3302120,,
2023-06-02,127.38086895409931,127.6742401026634,122.7436669052246,124.25785827636719,5775970,,
2023-06-05,125.05279418303437,132.96441398419378,124.35721464258297,130.70733642578125,8597950,,
2023-06-06,131.63954407232737,137.6962819704689,130.60327192907002,136.81143188476562,14411920,,
2023-06-07,136.81142427782618,140.05745322889504,133.95813092377415,137.9849090576172,7110710,,
2023-06-08,137.98493174657355,139.75936856301462,134.57328527080927,138.4250030517578,5907090,,
2023-06-09,139.2104568375957,141.5763720493808,135.86978571378717,140.95176696777344,4710300,,
2023-06-12,142.14416650763516,142.5227215617432,139.0495457271465,141.2971649169922,3262370,,
2023-06-13,141.30195885343034,144.89815390829716,140.44076200042394,144.63790893554688,4602250,,
2023-06-14,144.88865190295863,146.68674166984826,143.4691027900246,146.0716094970703,4075080,,
2023-06-15,146.07633987873592,149.0905136907927,145.27193733288468,147.91229248046875,4048120,,
2023-06-16,148.3440064396404,149.62013603322166,146.13804793405686,147.61817932128906,2876160,,
2023-06-19,148.48630376009407,148.48630376009407,143.0876620290377,147.85536193847656,2845100,,
2023-06-20,149.05558997507015,152.75588194550213,149.05558997507015,151.32794189453125,11266200,,
2023-06-21,151.32794627360138,154.65347501640144,151.32794627360138,153.94187927246094,7382060,,
2023-06-22,154.17431074321036,154.84321239951782,147.65609914390694,148.8563232421875,3030440,,
2023-06-23,149.0840304270931,154.6534474923464,149.0840304270931,153.93710327148438,9640570,,
2023-06-26,153.6904461743777,161.29503195479543,152.75588320424745,159.2076873779297,9700900,,
2023-06-27,160.25134312778818,163.8567641753881,160.07581850782768,163.47250366210938,8517110,,
2023-06-28,163.85203404304568,165.46498141281822,160.8680719986228,162.73719787597656,3217720,,
2023-06-30,163.21159648956018,163.66701369136268,161.04834668418354,163.07876586914062,2601330,,
2023-07-03,164.04653657713627,167.55708723811546,163.8046038636557,165.85398864746094,4097350,,
2023-07-04,167.49540724773343,170.18523101334208,166.27145447858,168.35406494140625,5248200,,
2023-07-05,169.834175716934,170.8920865485059,167.36730480380788,170.61692810058594,4994970,,
2023-07-06,170.3133261365392,170.3133261365392,166.19081372832875,167.28192138671875,2494730,,
2023-07-07,167.177555174178,169.03719839906148,161.77891321297056,162.44781494140625,3517300,,
2023-07-10,163.46775013021104,163.5721180737239,155.2417059631723,162.2343292236328,4472820,,
2023-07-11,162.99811685386302,165.7543631679874,161.68404194555168,165.13290405273438,2822310,,
2023-07-12,166.03899903813445,167.92235626346508,165.0949533621022,165.80654907226562,2924000,,
2023-07-13,167.08269368082225,171.24315176477646,164.1651394227595,165.4839630126953,8315900,,
2023-07-14,165.56462378014768,171.16250498230585,161.4373623247327,162.08255004882812,16699710,,
2023-07-17,153.894438421525,155.4884204344649,148.96071076924437,150.65431213378906,21556130,,
2023-07-18,151.7074795850386,151.80709894003112,137.95469537077201,138.70899963378906,23040830,,
2023-07-19,137.9546945004479,144.96628425940798,137.76493852346064,142.7034149169922,17915740,,
2023-07-20,143.97953549157347,149.76243792700944,143.75181964695278,149.00814819335938,10857120,,
2023-07-21,149.55695189019642,155.56977430034007,147.72925205393662,154.98280334472656,10019140,,
2023-07-24,155.55543655952818,157.8794363560124,151.38940697072474,152.43927001953125,6554900,,
2023-07-25,153.5559426099076,154.50081940317315,150.03892305759425,152.62538146972656,3450340,,
2023-07-26,153.4032349414914,154.30516478926108,151.32737783319624,152.00979614257812,2286530,,
2023-07-27,153.26484492325213,154.333785800506,150.10095468530716,151.83322143554688,2114810,,
2023-07-28,152.02411431553017,152.58721610574952,147.45723151423488,148.35916137695312,3125920,,
2023-07-31,148.931783345573,149.7525813594848,145.51975042427267,147.08499145507812,4543730,,
2023-08-01,147.8771533886085,147.8771533886085,144.15492386115352,144.6798553466797,2817170,,
2023-08-02,145.07116746836405,145.54837525608895,140.77629737884013,141.12466430664062,3246380,,
2023-08-03,140.96242179403512,143.06213324252667,139.53556054108665,142.0027313232422,2192650,,
2023-08-04,143.53457567828798,144.87552856367492,142.75196238186746,143.5393524169922,2035580,,
2023-08-07,146.21645694558865,146.78433535356865,143.26253970180196,144.49374389648438,2605870,,
2023-08-08,145.8776539677863,165.11389927620777,145.5483794197785,162.34609985351562,23125270,,
2023-08-09,164.15948754611227,169.40399674672793,158.87203138994678,165.50997924804688,13239860,,
2023-08-10,164.25494709981055,167.8244524822309,162.4176939724442,165.82972717285156,5494130,,
2023-08-11,166.1590102630976,166.6887040111345,162.82333189511252,164.121337890625,2741390,,
2023-08-14,163.87316067193981,171.8854839592682,163.43413763777832,169.45172119140625,10448930,,
2023-08-16,169.87645118692424,172.74923712508223,167.02274307673696,169.26084899902344,7979190,,
2023-08-17,168.91248190899552,171.98093936899795,168.23485493585414,169.8668975830078,3060850,,
2023-08-18,169.60444462613182,169.7285233280305,166.18763465421094,168.09646606445312,2627350,,
2023-08-21,168.1155780720948,169.24178174519446,166.5980458558324,168.1489715576172,1591680,,
2023-08-22,168.80749234313927,172.10500018077374,167.5190399460354,168.139404296875,3707390,,
2023-08-23,167.02273552512617,168.07259854514626,164.73214383464375,167.32815551757812,3109100,,
2023-08-24,168.45434026601228,169.8334776908328,162.35084890218374,163.319580078125,3187220,,
2023-08-25,164.06404992971332,164.9230327815504,159.48762848157494,163.6441192626953,2184880,,
2023-08-28,162.25545410182286,171.79483485477573,162.25545410182286,171.24127197265625,5264100,,
2023-08-29,172.36748699311084,172.54881374904605,167.69084116922525,169.4374237060547,3438220,,
2023-08-30,171.29852953748124,172.07638068025864,169.52809245262569,171.0408477783203,3527280,,
2023-08-31,172.27202446269862,179.52558921273464,171.39874055260512,178.46141052246094,16373920,,
2023-09-01,180.86176301500456,184.89417490223934,180.03142607194928,182.79444885253906,10754230,,
2023-09-04,184.4885532554165,184.4885532554165,179.50650225699428,183.43869018554688,4547080,,
2023-09-05,183.72501264451702,183.72501264451702,175.13527179360452,176.56211853027344,7314070,,
2023-09-06,177.9985325676811,179.63535203954962,173.22645394656365,174.29539489746094,3274610,,
2023-09-07,175.13525248583431,177.33041115170784,173.27890726069072,174.76303100585938,3162600,,
2023-09-08,174.84894723254394,180.2700357924564,174.84894723254394,179.12472534179688,3859850,,
2023-09-11,179.40150597432773,183.43391781025394,177.66446254862822,179.4683074951172,4030750,,
2023-09-12,179.87392351315864,179.87870025115086,168.1727940883574,168.9888153076172,4884900,,
2023-09-13,169.12244990692034,171.56098946035138,162.7278679781939,167.61447143554688,5841960,,
2023-09-14,168.26349538467454,171.19354409023674,166.07311304137534,170.654296875,2832570,,
2023-09-15,172.62512679679125,181.57277210784116,172.08111753475632,180.7233428955078,8203310,,
2023-09-18,181.81617748386967,181.93547943759924,178.95770733274168,181.13377380371094,3142080,,
2023-09-20,180.5754398343569,181.1337794028904,174.37173804865122,175.34046936035156,2876640,,
2023-09-21,174.9491719904054,179.6544492088211,172.26726606414098,178.0653533935547,3155750,,
2023-09-22,177.9030950033822,179.38244237034368,173.6082240069818,175.84156799316406,2658440,,
2023-09-25,176.82459849685097,178.95294140222435,175.2593573519153,177.9698944091797,2176130,,
2023-09-26,180.38455026937723,180.38455026937723,176.03241741839102,177.5117645263672,2770060,,
2023-09-27,179.43014258179628,187.6285695375666,176.84844649546562,185.509765625,9555180,,
2023-09-28,185.8247289524054,186.28762113716638,178.1321409444,178.89089965820312,6770280,,
2023-09-29,179.71647201579327,179.71647201579327,175.3404697989561,176.62893676757812,4071340,,
2023-10-03,176.28057076809216,178.20371775441356,174.0901885600904,175.63633728027344,3067720,,
2023-10-04,176.06104513549258,178.09395500338488,174.32877850870844,177.37814331054688,3042860,,
2023-10-05,178.82410468117388,190.86404953793192,177.04889087869736,189.8523712158203,15619600,,
2023-10-06,190.9785822662576,194.98234844735163,187.06547217605927,188.75001525878906,12641620,,
2023-10-09,184.87031467297862,197.50200680556316,184.66989553518533,194.7342071533203,12385510,,
2023-10-10,196.13243059467885,201.2862696609266,195.17801487402346,197.72630310058594,8929680,,
2023-10-11,197.6594864444811,203.8631881539197,195.83654906237928,200.6849822998047,8819950,,
2023-10-12,202.71784908302078,205.18024285350535,198.51842665220641,201.12875366210938,6433940,,
2023-10-13,209.01703748142694,214.67195339442617,196.184911454832,197.52587890625,48622340,,
2023-10-16,199.84508309500902,201.76345321970467,195.2734387515253,196.55712890625,8470490,,
2023-10-17,199.18653044000686,203.19507299971977,198.0460113844397,201.12399291992188,6025800,,
2023-10-18,203.48143645286314,209.78058627352215,201.00472639871714,206.25401306152344,11943130,,
2023-10-19,205.19934894353452,210.44863461418308,203.51480603357362,210.01437377929688,6667930,,
2023-10-20,211.5743125204461,227.48079167274096,210.8687442212461,224.96090698242188,34062390,,
2023-10-23,225.39767903046905,233.94128184810072,212.2702773757027,214.5549774169922,18174730,,
2023-10-25,216.47008407201253,223.89054005878273,211.89108972219668,221.1834716796875,10919100,,
2023-10-26,220.2139073322332,233.47570222486607,215.19334139877475,231.72378540039062,16797810,,
2023-10-27,232.3093662596152,244.70719231560153,232.3093662596152,243.4256591796875,17237520,,
2023-10-30,243.34885438247971,247.2990640839797,236.14918413447734,246.0943145751953,14350500,,
2023-10-31,245.84478660226165,249.50702181796692,243.07051379360888,247.85589599609375,8078540,,
2023-11-01,248.33583905408278,256.99463213686334,246.85269405683366,252.42523193359375,13130080,,
2023-11-02,256.30826971219153,257.9402067431795,252.18047034515268,253.49560546875,5333080,,
2023-11-03,254.38833396120432,273.58745350544615,252.85239853855867,269.21966552734375,16721320,,
2023-11-06,269.6516580226008,278.1808771999095,248.3406505441228,252.12765502929688,24201220,,
2023-11-07,252.46844058549766,254.36916410663991,239.35543745635337,243.49765014648438,19517880,,
2023-11-08,244.6928096666138,259.09215149825684,244.5584163954292,256.8890686035156,13415850,,
2023-11-09,256.2074403331416,265.0342425863001,254.8971097970706,259.59130859375,10295950,,
2023-11-10,261.4056141190557,263.4119186290299,256.2266620830365,261.1416320800781,7513370,,
2023-11-13,262.2552114136598,271.66757385864673,260.2441022304114,270.2132263183594,7816530,,
2023-11-15,272.53153788928904,296.6264424735979,272.05155982703405,291.3562927246094,22545400,,
2023-11-16,292.3065716016932,292.48896556636777,280.4079287654794,285.3036804199219,10083220,,
2023-11-17,285.3036930577554,292.690561067698,277.4272674380006,280.2063293457031,9595380,,
2023-11-20,281.9391121111808,291.25066849985177,278.8864295154555,287.6124267578125,11030120,,
2023-11-21,289.9066934511254,291.07303640103635,280.43673749160456,283.398193359375,4527370,,
2023-11-22,283.7630112858626,288.94676804280624,281.01752177775853,284.1853942871094,7325610,,
2023-11-23,285.0973159770255,287.8140077949782,281.7566879292245,283.427001953125,2804460,,
2023-11-24,285.1069732374357,295.6664907647481,285.1069732374357,292.11944580078125,13257550,,
2023-11-28,294.51451786625813,306.7059719760067,293.7465647094149,294.64892578125,12952260,,
2023-11-29,297.67277747462083,299.616682678447,290.57871727369366,296.4536437988281,7531040,,
2023-11-30,295.2344509918397,298.4407297566307,293.5737458896115,294.4425048828125,6169980,,
2023-12-01,295.6664660492872,299.9862683129943,290.87629469143616,293.3193664550781,5173920,,
2023-12-04,298.5463508881873,298.5463508881873,283.82062764280016,285.3469543457031,6951360,,
2023-12-05,287.7948360969031,287.7948360969031,278.67525286060015,282.0447082519531,8315810,,
2023-12-06,287.0268375598019,311.5105194777316,285.7980950791932,301.6229553222656,31852560,,
2023-12-07,303.3509227707558,303.5813028531239,293.17057809586794,294.9465026855469,6731930,,
2023-12-08,296.72245955650243,297.29843912061943,282.236724390978,283.7774353027344,6458000,,
2023-12-11,286.6428886097996,291.53867043015407,283.18704089569445,285.9853210449219,6570500,,
2023-12-12,287.0364900253053,295.66648620589945,285.4957498998199,294.3177490234375,7430290,,
2023-12-13,294.4232993007558,297.13038231798333,284.7229624323232,291.67303466796875,4203890,,
2023-12-14,294.71133881583796,309.5858544859467,294.71133881583796,306.5668029785156,13064030,,
2023-12-15,306.5667987203614,317.193490755157,303.36532395201004,313.07049560546875,10660260,,
2023-12-18,311.79371612043366,324.94512584169365,304.98282671272807,322.09405517578125,6422330,,
2023-12-19,320.4333200313286,323.79316623002063,313.0704734814082,315.0671691894531,3468650,,
2023-12-20,315.3455622255066,321.5804720790269,299.9862654352232,305.3092346191406,6889790,,
2023-12-21,305.3092269320291,315.09115187715935,300.8646258479621,311.8033142089844,3959850,,
2023-12-22,315.105543867045,320.8364821200125,312.9792449311287,316.05108642578125,2276320,,
2023-12-26,316.7855121601622,321.5852926474374,312.8017002148309,315.65277099609375,2084780,,
2023-12-27,317.2654585329276,320.721305997839,314.7791760042151,318.37420654296875,2877300,,
2023-12-28,319.18537721488076,330.70004500787365,317.10225975775967,328.21856689453125,3920070,,
2023-12-29,329.74490969017546,336.4646021729447,323.98517327637325,334.8134765625,5411930,,
2024-01-01,334.44863241538746,347.39845753245226,332.5095320280396,343.9809875488281,3131600,,
2024-01-02,345.5842174939829,349.61604508296085,334.37674104763596,339.4356994628906,2866240,,
2024-01-03,337.6117502530595,338.2885063787104,332.62477153917035,334.0071105957031,1817220,,
2024-01-04,345.20018030612783,359.98349671199395,340.7891813545956,343.86102294921875,8463990,,
2024-01-05,346.06418211530234,362.1722446768922,346.06418211530234,359.41717529296875,3388990,,
2024-01-08,360.9434817969081,372.8613445914359,360.2235147454515,365.32568359375,4372380,,
2024-01-09,367.6055843123663,373.9988953326921,354.4685876764249,361.1930847167969,4329370,,
2024-01-10,363.79455627227674,366.21843951159093,354.70377103627794,360.9530944824219,2431390,,
2024-01-11,364.78329553918996,368.16233025673984,359.9835153347269,363.6025390625,2003100,,
2024-01-12,367.1736194302454,367.1736194302454,360.0027457985636,364.3417663574219,1506160,,
2024-01-15,364.3417663574219,364.3417663574219,364.3417663574219,364.3417663574219,0,,
2024-01-16,335.9845917340151,346.06412948603554,314.8655602535913,319.6557312011719,27847530,,
2024-01-17,325.4250976473719,335.40863460694567,311.0401704459658,319.9869384765625,14152660,,
2024-01-18,323.60116761311224,325.23307520631175,313.90560632916026,316.26708984375,4629580,,
2024-01-19,321.57566913964547,324.2347661582411,316.49752270701055,320.4333190917969,2417300,,
2024-01-23,315.58631363420017,317.6532729490416,282.34134319029204,286.4319152832031,6183790,,
2024-01-24,288.60487502877277,293.3266183547715,277.142598508708,282.9821472167969,8430960,,
2024-01-25,285.23223739441806,287.25585036552513,274.0060420406155,281.4933776855469,6587710,,
2024-01-29,281.49334093599606,285.13583204548485,274.2709965189707,284.2974853515625,7762760,,
2024-01-30,285.9983394766125,300.11057974369237,284.3698151750366,298.1206970214844,6614000,,
2024-01-31,300.3610758630245,317.89898368094464,295.9573149940884,316.5836486816406,5583150,,
2024-02-01,317.03177113429786,325.5020203053684,316.5499599319661,323.66632080078125,4894700,,
2024-02-02,327.62198236408886,331.1102908746533,310.38279228859926,321.6908874511719,4246360,,
2024-02-05,320.4044409057799,323.25193209546666,307.5882750325172,309.5685119628906,2441320,,
2024-02-06,309.5781531809262,313.4856348128875,294.88770552551864,301.8547058105469,3376930,,
2024-02-07,310.1900473313186,324.1095800761423,308.6289837351556,322.3316955566406,4577520,,
2024-02-08,324.0662158273678,331.31267541968964,324.0662158273678,327.4774475097656,3663870,,
2024-02-09,329.4335763314869,331.2548367341152,318.09175157489454,327.087158203125,2067130,,
2024-02-12,327.63163050359526,329.3806075896127,306.4319367651273,308.763916015625,2092800,,
2024-02-13,308.76385643427443,316.39572823926363,300.3658625885196,314.43475341796875,1725740,,
2024-02-14,310.7682015742985,317.36419760261407,307.66051367707155,315.668212890625,1388840,,
2024-02-15,318.50608410660084,319.77324980941074,313.3314369557714,315.0804138183594,1368260,,
2024-02-16,316.7426897342567,318.85781851983694,311.7559262470858,315.6007995605469,949310,,
2024-02-19,317.51356094264054,318.39046080068965,304.21076160038143,311.1873779296875,1230640,,
2024-02-20,312.1557923630508,315.1044740798283,301.0789593631989,303.45428466796875,2186900,,
2024-02-21,305.4682715375462,306.99078184443107,296.7956707683414,297.6966552734375,1312980,,
2024-02-22,301.36803905530496,302.90984055307905,292.5557240726147,295.2153015136719,2823450,,
2024-02-23,300.6501809700921,301.1319921575442,291.21630968570264,292.7821960449219,3206520,,
2024-02-26,292.9412093435585,297.9616738090854,284.85640329907346,286.4753112792969,3104030,,
2024-02-27,291.49574256877935,291.49574256877935,280.4140862397183,281.16571044921875,3658860,,
2024-02-28,283.69043867443474,283.78680679931466,275.2635651946988,276.2898254394531,2231160,,
2024-02-29,276.4632205725102,279.45045546064193,265.0442909075487,268.14715576171875,6853260,,
2024-03-01,271.44761481067064,278.6796055155579,269.2409113148588,271.1537170410156,4698860,,
2024-03-04,281.8595252119067,284.78894526357107,269.814246356697,277.39794921875,10099840,,
2024-03-05,279.45043797091824,280.93924720902623,274.83467939932217,277.76409912109375,1934970,,
2024-03-06,277.04140237006715,277.3112154291221,264.99612400615115,265.9645690917969,3260180,,
2024-03-07,268.2965508616715,272.0402332389018,262.5967456260188,263.6615295410156,2612600,,
2024-03-11,263.969872212627,265.0828547920491,252.95085357245472,257.7159729003906,4068090,,
2024-03-12,258.67479860599053,258.7807829540992,241.09832079119002,243.420654296875,5541360,,
2024-03-13,244.64444392997407,246.75477920324784,225.0443543959605,234.66131591796875,8119400,,
2024-03-14,235.69238850337297,258.73260256209466,233.46160039684543,255.35992431640625,8141040,,
2024-03-15,259.5034566695136,260.5634470117312,241.96554959999736,252.94601440429688,4775310,,
2024-03-18,252.94602548388283,257.7689596966653,243.31462550806725,244.38424682617188,2796450,,
2024-03-19,243.7964635279971,246.436794157565,236.71383311318957,238.41944885253906,1793910,,
2024-03-20,239.73955721491697,258.0580096797046,239.5612894630782,249.73715209960938,6030670,,
2024-03-21,255.35510868706984,257.19080815045396,250.72008737726708,252.06915283203125,2722250,,
2024-03-22,252.47386525075848,262.10044261105776,252.07877657912786,256.38616943359375,4405710,,
2024-03-26,263.55066856600166,266.0464465054334,257.73520512926603,262.3027648925781,5169910,,
2024-03-27,263.07373390292634,288.9903473589395,255.73575885206134,286.48974609375,12370510,,
2024-03-28,292.9411929777299,300.16836056764095,286.68729336696794,293.4230041503906,8726010,,
2024-04-01,301.1319369115746,302.9579903903367,289.2215806584075,291.54388427734375,4754700,,
2024-04-02,290.8260166370943,294.76243484426055,288.03634070897334,290.1129455566406,2741530,,
2024-04-03,291.9823717603489,309.8045610080183,291.9823717603489,305.5935363769531,6639840,,
2024-04-04,306.94262482202487,311.1681182213569,286.20065969728074,291.0043029785156,9860430,,
2024-04-05,289.17341180704545,289.18305744039714,282.5436856932436,286.95709228515625,4803100,,
2024-04-08,288.9325412441758,293.1580349422707,282.5388971133855,283.80126953125,2794130,,
2024-04-09,285.2322317023026,286.639112178648,273.2833197692311,274.63238525390625,4281730,,
2024-04-10,275.085303159434,283.0833577658205,271.8427230116308,280.6116638183594,4444700,,
2024-04-12,280.0479160669023,280.50081973704977,276.6752379212058,277.6195983886719,2887100,,
2024-04-15,268.3688356142266,276.0007378822701,262.30281972992856,273.201416015625,3719010,,
2024-04-16,266.92341634247657,278.3905175168601,266.92341634247657,274.8299255371094,3311600,,
2024-04-18,297.66290886850084,298.72289923112703,267.0197329038877,269.12042236328125,26863900,,
2024-04-19,267.88221116833535,267.88221116833535,257.812374477717,259.0313415527344,11617240,,
2024-04-22,263.06410530572674,273.66877504386423,261.2621360343933,272.2908020019531,7277460,,
2024-04-23,275.403240240019,277.90866408933954,272.22329842842436,275.23944091796875,4091000,,
2024-04-24,276.5017986125661,277.60031279633444,272.4449567656008,273.8518371582031,2762600,,
2024-04-25,272.1992541882298,274.6323949638814,270.30091680814746,273.3844909667969,2184580,,
2024-04-26,273.76508422849844,281.9558732673919,269.81422716354876,271.43310546875,3163130,,
2024-04-29,278.00502385888547,278.48683499208977,264.9961232623691,266.33074951171875,3633580,,
2024-04-30,268.845846064558,272.70515875853715,266.4416127093128,268.5230407714844,2268660,,
2024-05-02,269.27464765347696,270.85017969864646,266.8848534984319,267.6268615722656,5959380,,
2024-05-03,269.04336748094994,269.6167239461156,260.71283358075294,261.78729248046875,2400900,,
2024-05-06,264.2493148477965,264.9912933864945,252.4979345642194,253.4856414794922,3539570,,
2024-05-07,256.3235441000961,260.2888406445032,248.13757697396636,248.96627807617188,4160670,,
2024-05-08,248.9662730180005,252.46904958579603,246.68731562581596,247.78103637695312,3085740,,
2024-05-09,249.09636936841406,251.97276787399286,231.75116763289586,233.23033142089844,6892380,,
2024-05-10,238.39051790490606,243.79643954380845,232.60396134414373,238.02915954589844,6775970,,
2024-05-13,239.55170248733475,243.59891347087256,231.36573521948452,238.6844482421875,8177720,,
2024-05-14,239.94195958367433,253.4134103108264,239.94195958367433,251.7029571533203,7259570,,
2024-05-15,254.40113516353853,260.2744148388928,247.01978408702206,258.3375244140625,6656040,,
2024-05-16,260.37074485317794,263.0688754020266,258.5398390442262,262.2353515625,4284500,,
2024-05-17,263.5507379031372,265.7670577569036,261.1465046153877,264.9287109375,2893630,,
2024-05-21,265.6225418124221,265.7189099459275,253.91453407344295,256.0345153808594,5127990,,
2024-05-22,257.287153493555,257.93279337229745,250.05998626059,251.1295928955078,3778710,,
2024-05-23,251.50544579492598,254.9744923080645,251.31270955242093,252.23780822753906,2505200,,
2024-05-24,252.27631270914807,253.91448242323355,250.15636124038878,250.49842834472656,1951630,,
2024-05-27,252.95087278325872,256.76680914431114,248.6145721069743,248.8795623779297,2821540,,
2024-05-28,249.57817580939377,250.54179810981614,243.31463085664836,244.54324340820312,2173530,,
2024-05-29,243.31461838518487,244.5432308737652,239.55649748764964,240.18284606933594,2881750,,
2024-05-30,240.18287958242402,241.67167440355485,237.051106829594,238.41944885253906,3548530,,
2024-05-31,240.51049229487185,241.38739213851687,234.83958021201906,237.75453186035156,5454330,,
2024-06-03,254.87810152542315,255.0563693005506,244.9527887710258,248.39773559570312,5880660,,
2024-06-04,247.65095641926726,247.65095641926726,205.2226633887924,216.6078643798828,13379480,,
2024-06-05,224.04218162391595,231.65961462283235,220.18769247769805,226.73550415039062,7778980,,
2024-06-06,233.2592546452193,243.79646305758484,230.11783626422104,242.34620666503906,6670680,,
2024-06-07,245.4972438149888,250.54180733152384,241.42593356436754,249.5830078125,3607210,,
2024-06-10,251.50541715892624,253.81810476855912,248.13273915104793,253.1965789794922,3698750,,
2024-06-11,253.04721090172995,259.5998304949612,250.74896240539562,258.4820251464844,3350250,,
2024-06-12,259.3155907333266,259.5998428448835,251.40905325997582,253.962646484375,5227960,,
2024-06-13,255.8417525735494,259.8889785015237,252.17999913960884,253.2977752685547,3962940,,
2024-06-14,253.29775237430962,255.42255608704423,250.16118638216304,250.7345428466797,2824390,,
2024-06-18,253.04724516778464,258.0580639448426,252.6039871030367,255.0226593017578,5191680,,
2024-06-19,257.28715956267206,257.5810573126315,250.55144895303476,251.28860473632812,2866140,,
2024-06-20,250.7345562195136,252.4545962973814,248.13276401829495,248.74949645996094,1887610,,
2024-06-21,250.54178436052305,253.9144622269147,248.2580043390389,251.78968811035156,6404690,,
2024-06-24,252.75334067728502,252.89305533326785,247.8147760662274,248.4073944091797,2082010,,
2024-06-25,249.19271780224986,250.3731609308444,243.31461624127428,246.4752960205078,3170330,,
2024-06-26,247.622041739325,252.44497640916953,244.6058990142821,250.3924560546875,3525640,,
2024-06-27,250.59000363893804,256.08266330727497,248.17133131274488,249.65528869628906,4766610,,
2024-06-28,252.5654193981667,255.24428830800642,249.20235745845346,250.7345428466797,2989070,,
2024-07-01,250.44541184224084,250.44541184224084,243.98914583820007,248.4796142578125,5520690,,
2024-07-02,227.39078288600703,235.97664658399324,222.8424843584597,226.76441955566406,53990720,,
2024-07-03,227.13062226997639,230.69119943458495,220.38526538938956,225.8345489501953,18110170,,
2024-07-04,226.62469580384447,227.89668435570368,223.75310533576703,225.77671813964844,6918070,,
2024-07-05,227.9014786069828,232.23295579515394,225.96941134424728,227.76174926757812,10429610,,
2024-07-08,230.29610559133835,230.29610559133835,223.10265373396064,224.46136474609375,4846200,,
2024-07-09,226.74034131759836,227.99305331014622,214.11688268330164,216.0489501953125,11308600,,
2024-07-10,214.88775978407278,219.04096929098327,212.10289209519885,213.96749877929688,10697570,,
2024-07-11,214.88778927675162,216.1405013029636,212.76782299592938,213.06654357910156,7214960,,
2024-07-12,214.4975041675662,217.40764759156872,214.0349695868092,216.22238159179688,4008860,,
2024-07-15,219.45534911001369,221.05495096204828,216.4295756594145,219.4698028564453,6207070,,
2024-07-16,222.78946951283947,223.57964684489298,212.96052513945273,213.8085174560547,11217080,,
2024-07-18,214.51196863262027,215.14314008589594,207.660613241021,208.02679443359375,6826040,,
2024-07-19,208.04605153964408,208.6242308090514,200.44307207659887,201.0983428955078,6890130,,
2024-07-22,201.39707054562558,206.21518228116685,198.3134819756212,204.331298828125,8926600,,
2024-07-23,204.13856708345017,223.17973841606937,195.13351552407923,214.21804809570312,31170160,,
2024-07-24,216.91622012612493,216.96922700500548,208.40262430348145,210.1901397705078,9107000,,
2024-07-25,209.785388803436,209.79501973283513,204.76973310574203,205.1792755126953,4945590,,
2024-07-26,205.17928079157008,208.43150604809958,203.89766137047778,205.2178192138672,6475130,,
2024-07-29,207.17880546824912,208.69169961712373,205.40092105432942,206.2007293701172,4048370,,
2024-07-30,206.88971743003427,207.29443705616063,204.88538115990102,206.25372314453125,4609550,,
2024-07-31,201.30552682153584,219.20480911838857,200.72253941401237,208.7350616455078,28666510,,
2024-08-01,209.04822441123332,216.5259281765088,209.0144941017952,215.6056671142578,10856220,,
2024-08-02,211.0333045706555,222.54858925374592,210.64786149401993,216.30914306640625,12138600,,
2024-08-05,210.14679197039956,211.99694536550763,203.80615429456756,204.46141052246094,8703570,,
2024-08-06,210.15639684882294,210.15639684882294,195.61533897324878,197.677490234375,9327340,,
2024-08-07,200.43345649097478,208.9374211152944,199.10365289176067,207.43899536132812,6839810,,
2024-08-08,208.62421911072627,210.56109455832674,205.72852951672778,207.24624633789062,4870680,,
2024-08-09,209.491462993337,211.32235401823968,208.2002127582331,209.52037048339844,3247470,,
2024-08-12,209.58787021995454,212.7774579842714,202.20651916975427,202.78469848632812,6941460,,
2024-08-13,204.86128464294208,204.86128464294208,200.69842923700702,201.71023559570312,5259660,,
2024-08-14,203.80129156902822,204.283102714148,200.24071485252188,203.71456909179688,2981780,,
2024-08-16,206.2151772167627,209.1590363570998,203.32431024643424,208.15687561035156,3854910,,
2024-08-19,211.51511670770958,229.33730828274574,209.61195658705563,225.603271484375,41875720,,
2024-08-20,228.40259882869412,264.0277209674857,226.28745525707797,259.87933349609375,147035060,,
2024-08-21,256.31875937354494,275.11422073527035,252.18481065976616,260.1684265136719,70878440,,
2024-08-22,260.82845396054546,263.0688875681871,250.54179768398774,252.15585327148438,17012990,,
2024-08-23,253.4037654182895,254.377033382432,245.72369426819844,246.99085998535156,10456120,,
2024-08-26,249.54926777006457,260.17802054414534,249.09636411356135,256.0248107910156,13583790,,
2024-08-27,258.1544258034945,258.9060500721932,249.57819263310745,250.70082092285156,5287450,,
2024-08-28,251.5054051647373,255.3454256835889,247.73763866958626,252.6376495361328,6274600,,
2024-08-29,254.68537672677584,254.68537672677584,246.49460141095213,247.75213623046875,4621280,,
2024-08-30,250.44542257050057,254.0300985980531,245.2418681840322,249.22645568847656,5103320,,
2024-09-02,251.5054200033255,252.661778524929,245.7236862101456,246.72103881835938,4990890,,
2024-09-03,247.94483160910778,253.3025693042704,242.67863920976293,245.19851684570312,6881400,,
2024-09-04,242.8328342928518,249.58301361796538,242.06193346546576,245.93569946289062,5298240,,
2024-09-05,247.65093151729556,248.01711269709958,240.9055754059295,241.5222930908203,5575480,,
2024-09-06,244.76006182010588,245.59360039483647,231.37052597475875,232.6521453857422,8052340,,
2024-09-09,231.2693780188813,237.99065019903946,223.09304129535698,236.64639282226562,7945890,,
2024-09-10,239.46016080045194,241.50303553549375,234.00124650173626,236.31393432617188,6091550,,
2024-09-11,235.99112235130931,236.3621263895718,230.05521947993125,230.90802001953125,3262270,,
2024-09-12,231.26935640196717,236.47291103952756,228.56158004002103,232.44497680664062,4985400,,
2024-09-13,233.48568936592463,237.5329001395276,232.04025589651573,236.256103515625,4866430,,
2024-09-16,238.28450220248595,254.17462325440692,236.57407863760344,248.73016357421875,21329270,,
2024-09-17,248.61453857524262,250.57069055130154,243.7964273625441,246.4752960205078,6666340,,
2024-09-18,246.30189369736271,259.59987118266895,244.37945699229505,252.10289001464844,26310220,,
2024-09-19,255.2635465451858,255.74535770491903,238.21225724815554,243.25682067871094,11857480,,
2024-09-20,245.15036555441725,251.89089981379922,243.41103410883235,249.65528869628906,9698840,,
2024-09-23,251.3994408975748,255.13347738337458,248.73983388699224,252.1365966796875,6943210,,
2024-09-24,252.96534347555803,254.8781197863699,249.10120831719328,250.5610809326172,5052130,,
2024-09-25,250.0600026503057,250.0600026503057,243.79645730453697,244.66371154785156,5038640,,
2024-09-26,244.65890493013424,245.14552422683403,235.62975335490145,238.55917358398438,7628780,,
2024-09-27,239.88417828607925,247.45823672951477,237.82202680345702,244.0181121826172,7023580,,
2024-09-30,240.30813166316582,251.31268175953193,240.2310401154316,246.85113525390625,11621730,,
2024-10-01,250.7393366423319,265.3623232147473,248.6145623337443,250.55145263671875,50494360,,
2024-10-03,243.31460227431444,269.2649407185042,236.08743587012688,264.2396545410156,75595240,,
2024-10-04,260.89595123207295,264.97690753261,252.46907775051167,256.4873962402344,27982160,,
2024-10-07,259.1854866955106,259.1854866955106,240.5249358875098,242.32691955566406,18282230,,
2024-10-08,243.3146346603503,251.9872354997291,243.08818282806257,250.2671661376953,11150140,,
2024-10-09,250.26718066555566,257.38354128889836,248.6193946444981,249.9684600830078,7770610,,
2024-10-10,250.54181741249386,253.85185791686908,245.82007365812723,251.17298889160156,7409790,,
2024-10-11,251.50542420574251,261.975171247458,251.2259655003254,260.47674560546875,12851830,,
2024-10-14,261.9993183017628,272.70514945269974,257.8653698162636,262.3992004394531,34269690,,
2024-10-15,283.3049627562592,313.9481408424378,276.17416345272164,310.7248229980469,209077500,,
2024-10-16,304.98646173868144,326.95703868864246,298.1640287091943,311.82818603515625,131953250,,
2024-10-17,310.28156970073303,311.25001485461644,297.0173235236323,301.4066162109375,48814840,,
2024-10-18,300.0816882042341,310.0792717067122,294.9648550485719,300.110595703125,41492410,,
2024-10-21,302.2497841030237,305.1839976350224,289.08669952254036,290.6622314453125,20392930,,
2024-10-22,290.85977497875655,294.64680386563174,275.4032638051654,277.3208923339844,21484140,,
2024-10-23,278.4145317897318,293.8084022840188,275.5959486235932,285.5019836425781,26228760,,
2024-10-24,287.1594516279178,288.40735547274664,275.59598377712916,276.54034423828125,11663970,,
2024-10-25,278.00502774582964,281.85951686535583,265.98865673940986,269.6986083984375,14177510,,
2024-10-28,273.85668356794633,283.30499443687773,270.8068103427363,276.1741943359375,20458860,,
2024-10-29,276.6559567503952,287.4629768683001,272.2040266140133,286.1524353027344,15432130,,
2024-10-30,286.1524357595145,301.03558864798504,285.410457204739,291.8330078125,22272290,,
2024-10-31,293.3266281054933,295.735683903678,286.7788309141819,294.0589904785156,10428310,,
2024-11-01,296.69928011332144,298.722892687202,293.90478151482773,295.8512878417969,2762460,,
2024-11-04,294.5793565113973,296.3042192997813,275.70196928637887,278.1062316894531,14364670,,
2024-11-05,279.16143384788097,282.3413761507736,272.9990494964673,280.98748779296875,17071570,,
2024-11-06,282.8231730891083,287.6220232055374,281.62346791185644,283.3387145996094,11031740,,
2024-11-07,284.07104979148875,290.5321243947342,277.2004180649602,278.13031005859375,13383750,,
2024-11-08,280.4092838055227,286.6390988309776,272.89786398116127,274.43963623046875,15089880,,
2024-11-11,273.5723459876079,273.7168834410325,266.0801890096965,267.814697265625,10016050,,
2024-11-12,269.6215039864214,273.5675384257408,262.1052619150598,264.01324462890625,8312260,,
2024-11-13,263.0688928740249,264.8419544106592,251.02361389627654,251.89569091796875,11039020,,
2024-11-14,254.5890258198577,268.113439049158,252.75811990668512,259.75885009765625,16798080,,
2024-11-18,260.7513864380119,261.89809936715506,252.7581262445631,257.19561767578125,8398610,,
2024-11-19,258.7326055101586,265.3815939602204,255.35992722604107,258.00506591796875,8155850,,
2024-11-21,256.313892327129,264.12888465982013,253.04722794347254,262.0378112792969,10303560,,
2024-11-22,264.0951450369422,264.5094955635095,257.09923780711534,259.65765380859375,7679230,,
2024-11-25,263.36274418958664,277.7159149096,263.36274418958664,269.72265625,18894960,,
2024-11-26,268.9566580324899,283.11227470866567,267.4148855803675,280.3370666503906,18340470,,
2024-11-27,284.75039886553304,286.0994642477098,277.33049515243107,280.5152893066406,14570600,,
2024-11-28,281.2813463191217,285.1599202341691,275.11416941854367,277.8797607421875,10521710,,
2024-11-29,279.35411110541304,284.65403398719275,277.54731921389725,279.1710205078125,9746200,,
2024-12-02,273.53386418588116,283.78682153095014,273.53386418588116,282.8713684082031,7844870,,
2024-12-03,283.4061726404189,297.4991500465699,282.92915485674587,296.51141357421875,20368890,,
2024-12-04,296.60295586165455,298.53020061555077,290.5225010157058,292.17510986328125,8684620,,
2024-12-05,293.4711752994435,312.7243604633828,292.8882025977077,310.4502258300781,33279900,,
2024-12-06,306.4319154849925,320.77544395824185,295.8320693518638,317.30157470703125,43695120,,
2024-12-09,317.51355100373866,337.5713517300585,316.77636582135545,330.0743713378906,42439640,,
2024-12-10,331.63544830439065,335.24903211271123,324.3552885163416,326.8799743652344,19117150,,
2024-12-11,328.595163400629,333.60601049990964,326.9232930337833,327.5881652832031,12228060,,
2024-12-12,329.4624623116855,334.5648553886593,327.4388495767192,330.7970886230469,12233290,,
2024-12-13,330.4212638794403,330.4212638794403,316.31384844707117,326.5619812011719,22302810,,
2024-12-16,327.6316164481542,327.6316164481542,309.6022495535707,310.9898681640625,24969860,,
2024-12-17,312.213634761973,314.71423588335415,303.0736910821107,303.9505615234375,15031900,,
2024-12-18,305.56462531625385,307.8773128647402,297.0269167787579,299.92742919921875,14758670,,
2024-12-19,293.9048079641329,301.31988878350046,290.917572886948,293.451904296875,13839670,,
2024-12-20,295.21530425709653,297.24373972029935,274.6323467039016,277.6870422363281,21123110,,
2024-12-23,282.8135414610973,285.10696758123646,273.3170611035512,275.5526428222656,11676900,,
2024-12-24,277.04143510264225,283.97470520586165,275.403265288632,279.4890441894531,12271900,,
2024-12-26,282.3413626564959,282.81835103839023,276.583712946095,279.83111572265625,7380700,,
2024-12-27,280.414097528666,285.2177407195664,272.4208373763419,277.98095703125,8367570,,
2024-12-30,278.39527332508356,283.78674076480667,274.3336092399712,282.2256774902344,11000140,,
2024-12-31,279.9322438270779,283.0110237558645,273.43261691569415,282.50030517578125,8231180,,
2025-01-01,284.26859100002224,293.13392831282147,282.58707471776864,290.7682189941406,15914370,,
2025-01-02,292.35815272807207,292.8977788184533,285.458614106865,286.8077087402344,9628820,,
2025-01-03,286.80773344457526,288.9903226681053,274.5552793959129,275.22979736328125,19560720,,
2025-01-06,278.005009613783,288.12304289262084,263.3097708040423,265.17437744140625,23872810,,
2025-01-07,267.4052061954847,270.06481333234416,259.7106957291694,266.0994873046875,15820350,,
2025-01-08,268.2724284407161,268.3543280978655,253.43747449293855,255.71160888671875,19139940,,
2025-01-09,256.32355455968093,259.0216854762879,251.69817887194847,253.03277587890625,12901010,,
2025-01-10,253.23994395862337,254.7817456131461,244.08554625991692,245.1503448486328,13084520,,
2025-01-13,241.86920500620255,246.27296611529144,230.49845856317694,235.75502014160156,24318970,,
2025-01-14,228.3785111211411,233.76515686299803,219.12773010563575,228.43150329589844,62279210,,
2025-01-15,229.39510633634254,243.5073594532214,229.05302452678907,240.6502227783203,28488960,,
2025-01-16,241.9655865783152,247.4293090291199,236.5885719094959,239.5083465576172,16095700,,
2025-01-17,239.46015401399407,240.37078419267323,235.31657496757728,236.52110290527344,6858770,,
2025-01-20,236.521100221056,251.40906242127866,234.17468217764645,249.3372802734375,19573850,,
2025-01-21,248.9985533482405,250.3679085654061,240.20184815569942,244.38246154785156,10966990,,
2025-01-22,243.38567553730013,244.13566525114956,231.2889719817683,236.35507202148438,13108290,,
2025-01-23,235.5470251828783,241.353443369143,232.04382426910712,235.30026245117188,12265680,,
2025-01-24,233.62125306253358,236.09865593898104,224.51484979209584,225.90354919433594,13483120,,
2025-01-27,223.2228903717729,223.74063284371965,211.78909822569864,214.1261749267578,18670830,,
2025-01-28,214.4310104038955,217.65357404402184,208.09233470694377,211.52780151367188,16040310,,
2025-01-29,212.7132601350754,224.38417175736154,211.1648909892022,222.24546813964844,12774780,,
2025-01-30,223.54708124913333,225.38094563901765,218.22453169558253,220.43096923828125,13058170,,
2025-01-31,221.41810299504579,227.901934264999,218.71811002687775,227.0406494140625,7699790,,
2025-02-01,226.9148179819061,243.86956317538178,222.24064958239975,239.8921661376953,14217430,,
2025-02-03,234.57446754714584,234.57446754714584,223.03905149335478,225.0712890625,11295820,,
2025-02-04,226.06803371245238,231.1196183682759,223.2664477621961,227.451904296875,8384890,,
2025-02-05,230.3212521661714,245.5001945103674,230.3212521661714,241.75990295410156,27419690,,
2025-02-06,241.78893149263837,242.32117466873345,235.30025753312998,235.98251342773438,6583130,,
2025-02-07,236.1276818137722,240.44379265893335,232.3873753084512,233.4954376220703,7300370,,
2025-02-10,233.49542205468822,234.86477723986354,225.48256637097825,226.7212677001953,6177010,,
2025-02-11,227.40837077327666,228.33256076182477,214.0681216110835,218.75680541992188,11371590,,
2025-02-12,220.52292318597225,230.3212538376803,212.41813116542363,227.28256225585938,21773250,,
2025-02-13,227.28257836538742,229.2615975912347,222.67615827807066,223.79872131347656,7029190,,
2025-02-14,225.18742849411547,226.57128445702372,212.41813961907832,213.8068389892578,9065350,,
2025-02-17,213.01814298912805,219.67617450104325,208.07300913106627,214.02459716796875,10783760,,
2025-02-18,214.83747052373343,215.85359664842645,209.68427739352194,214.19876098632812,6904990,,
2025-02-19,212.99877936618105,225.70514776897113,210.20685050885686,224.63580322265625,11424070,,
2025-02-20,222.09549149587787,232.5470469901573,220.5519508420714,231.55995178222656,9862180,,
2025-02-21,229.35352592239397,236.2438043387534,225.89869989970055,228.0567626953125,8481640,,
2025-02-24,225.4196584515987,226.83255998304074,217.93421738871265,219.97129821777344,9760080,,
2025-02-25,221.06968165056293,223.3196655837327,212.46650657641027,214.174560546875,9434320,,
2025-02-27,214.17458293078747,216.19230504803906,207.09558882852068,212.4955596923828,11391190,,
2025-02-28,210.96167617162652,215.12294533679375,202.42140602730578,209.91651916503906,14943150,,
2025-03-03,209.90199038325392,212.84876031045926,188.9263186114595,191.42306518554688,39932690,,
2025-03-04,188.61180281446107,200.16657683502262,188.1279346545815,194.92144775390625,21906860,,
2025-03-05,194.90208539087115,205.9536469584509,193.11178209137577,203.62139892578125,16646240,,
2025-03-06,203.6262372281886,206.3213865021326,200.41820363745444,205.0391387939453,12562190,,
2025-03-07,204.86979064503734,208.93428052647337,202.25690534743455,203.03109741210938,8883360,,
2025-03-10,202.74077720764987,205.7843123413974,196.45049056397576,197.81500244140625,8288840,,
2025-03-11,194.90208105689908,196.35368547817635,192.1924312837019,193.41177368164062,9215160,,
2025-03-12,194.61178121615717,198.09562313256896,189.2892314190284,189.89889526367188,10283440,,
2025-03-13,192.18760198266492,194.12791809345683,187.8376318062454,189.04730224609375,10263450,,
2025-03-17,191.5150106963036,193.45048332493317,189.38599375810793,191.59727478027344,8297030,,
2025-03-18,191.59727478027344,191.59727478027344,191.59727478027344,191.59727478027344,0,,
2025-03-19,204.0375340559556,215.9019914811548,202.79398926832675,214.38748168945312,16157390,,
2025-03-20,215.9046664427158,221.74492683023539,211.8588053720628,220.07211303710938,19063150,,
2025-03-21,219.79979316269365,228.0082479897455,217.36837952151342,227.2690887451172,15853950,,
2025-03-24,228.5529001562019,235.74987916122188,227.69703773867673,230.9794464111328,15727400,,
2025-03-25,232.07358451514204,233.34764299871395,222.71750876479493,223.8311004638672,9987810,,
2025-03-26,223.8311037500189,227.3080226401664,220.52923953644105,226.0874481201172,11345800,,
2025-03-27,225.14891551524488,228.43619168717345,223.24268058639046,225.46499633789062,8911010,,
2025-03-28,227.09403198778242,233.22119727497306,223.6900529215844,224.97384643554688,11201900,,
2025-04-01,223.4955580816592,230.4980268143128,221.0641442966981,225.43582153320312,8487340,,
2025-04-02,226.0193595871021,229.9582527614619,223.30104084281658,228.98081970214844,6196790,,
2025-04-03,228.9419084985485,240.70995676536845,227.59491064860606,239.4115753173828,15275880,,
2025-04-04,236.13890450210553,236.81969737869167,220.86962924079506,222.27011108398438,19689680,,
2025-04-07,200.05673067772995,211.0564446743942,200.05673067772995,207.20022583007812,14613800,,
2025-04-08,214.100571054622,220.77237105545544,210.77439878694196,216.4639129638672,16043550,,
2025-04-09,213.96441889170134,217.66017091331977,209.7337528548192,216.72650146484375,7981640,,
2025-04-11,223.56851110395215,224.56538488025515,218.9488246319836,220.28610229492188,6066860,,
2025-04-15,224.4583869891299,226.37434222648469,222.73695672544983,225.47958374023438,7910250,,
2025-04-16,224.66264688433304,230.69255045605112,222.73697120914431,228.80577087402344,12664200,,
2025-04-17,214.0616775564562,232.03468426692703,214.0616775564562,229.1558837890625,55582540,,
2025-04-21,229.15588397106984,245.47553227337454,229.15588397106984,239.5720672607422,29041130,,
2025-04-22,240.22367270270695,248.24733788407266,238.68701746897025,245.1545867919922,19254730,,
2025-04-23,246.3800082547625,247.52762836725682,234.8745571525559,243.89996337890625,26783380,,
2025-04-24,243.85134574925465,247.12890160365606,241.48801868728634,243.00521850585938,10240750,,
2025-04-25,243.00521747432083,244.37653839689142,224.18606903188123,226.4521484375,20444340,,
2025-04-28,226.45214401344475,231.08156522072943,225.7421753644933,228.96136474609375,8852820,,
2025-04-29,230.49801250329205,233.9019915908934,227.70675440031368,228.7182159423828,7037050,,
2025-04-30,228.5528982032269,228.71823256153198,223.69007058188166,224.88632202148438,6584880,,
2025-05-02,224.8863204844076,228.41673806222929,223.2135066068846,224.45838928222656,4157830,,
2025-05-05,226.12146457074687,233.31844288338183,223.86510562895242,232.61819458007812,7763840,,
2025-05-06,232.4431549865111,233.01696507107087,222.24093752769568,223.62197875976562,8023480,,
2025-05-07,220.3736039886364,233.90199309696695,219.7025314469038,231.05238342285156,11332480,,
2025-05-08,230.64389786938895,235.7693221092027,224.86687137833601,226.62721252441406,8812970,,
2025-05-09,220.73347910484657,228.241671339623,219.10928161123107,226.26736450195312,7780040,,
2025-05-12,232.4431473280584,242.16880202797714,232.0638473883684,241.8770294189453,11111280,,
2025-05-13,241.19624983170002,243.56931208350397,238.49251886354233,241.93539428710938,6737860,,
2025-05-14,242.65508990514368,250.8829856451386,241.9353860996366,247.8777618408203,11714220,,
2025-05-15,249.11293747214674,253.35330873844038,248.36404305358468,249.8131561279297,7499410,,
2025-05-16,250.72733388747275,274.749709763729,250.0465559546686,272.37664794921875,36593470,,
2025-05-19,272.318352462495,276.1016466772003,268.52535277497924,272.54205322265625,12654770,,
2025-05-20,273.2908748159549,278.83450941567446,267.0178161731323,270.0814208984375,17791010,,
2025-05-21,270.0814463835983,281.4312689442725,267.87370374273036,278.7567138671875,14209660,,
2025-05-22,278.73727712230345,286.7122963822311,270.5288219606749,283.3666687011719,25025260,,
2025-05-23,282.9192968797538,301.49530379135433,281.85920405064473,299.5015563964844,32303710,,
2025-05-26,299.36539147948116,303.3431809098235,289.58138468536214,290.6998291015625,14520150,,
2025-05-27,291.10830629379046,297.896794341703,290.3107954777385,293.0242614746094,12363140,,
2025-05-28,293.3354432602728,299.55015056565,292.17811771172865,293.5397033691406,10557550,,
2025-05-29,295.00827648234554,296.43794893724225,290.135743568998,291.9836120605469,5838930,,
2025-05-30,294.4166611604024,303.44241203230115,294.13214484661586,297.8111267089844,10458100,,
2025-06-02,298.1152253201813,311.182974846404,295.8882259547976,308.9755859375,17030990,,
2025-06-03,310.84945821319525,312.4682043040812,300.2441818374801,304.69818115234375,13199770,,
2025-06-04,304.1291750245518,308.3379387652465,302.4123167784454,306.93499755859375,6695600,,
2025-06-05,309.52502418916964,322.27882867240004,306.1992100336728,320.9740295410156,21439880,,
2025-06-06,319.04129056082235,321.2977205921833,313.9397575251867,315.6075744628906,7922820,,
2025-06-09,315.64684943417217,322.1807253494213,313.25305597790793,314.16546630859375,6962230,,
2025-06-10,315.7056793184883,315.99019562723856,306.3855920987983,308.58319091796875,7282540,,
2025-06-11,309.90761338191726,311.4282471323213,300.4992047674365,305.55169677734375,6416310,,
2025-06-12,304.12913558881854,306.02257753778014,294.7207572128746,296.0451965332031,7474220,,
2025-06-13,288.9815496578096,292.797894275593,284.60602259089114,286.95074462890625,9011040,,
2025-06-16,286.4602294603258,289.60945943948263,279.6026169618383,287.5001525878906,7818580,,
2025-06-17,287.6473350395215,288.7068686222532,280.6327191372536,281.91790771484375,6711740,,
2025-06-18,281.91788419212213,286.3817330247126,279.95576073330295,281.2605895996094,5527000,,
2025-06-19,281.46662133590434,285.4399395459754,272.27407716136435,272.89215087890625,6757240,,
2025-06-20,272.892145058685,278.90605848860775,270.57682371692715,277.4148254394531,14455360,,
2025-06-23,274.6972864206239,288.8147791901911,272.9117468733791,287.9416198730469,11826290,,
2025-06-24,292.9450368899004,295.1229951156248,288.23592264906586,290.12939453125,10888350,,
2025-06-25,291.12026328249084,295.79012694023874,278.7686990537618,280.7112121582031,14469070,,
2025-06-26,282.54581579071856,285.9795323020641,277.8073001784998,284.80224609375,11134130,,
2025-06-27,286.2247937243564,292.650736843258,283.34046950039544,285.6067199707031,11810890,,
2025-06-30,287.15681011932116,292.65073242522965,286.1070667738729,286.7447509765625,8996330,,
2025-07-01,286.9801765008149,291.36552378460783,283.83097662066115,290.8161315917969,7376690,,
2025-07-02,291.9541765131226,292.0522886807273,284.2136145050799,285.8225402832031,6769260,,
2025-07-03,287.0586729036479,290.09015010641394,286.6073928835271,289.4720764160156,4596660,,
2025-07-04,283.03634153170754,283.03634153170754,268.2615525803702,272.3427734375,28545830,,
2025-07-07,271.55790111282926,276.463210236541,265.0632766233758,274.1479187011719,13951290,,
2025-07-08,273.52983362867246,274.0792258325959,255.83147066048193,264.16070556640625,34159210,,
2025-07-09,264.3961516547535,269.59576715114724,264.3961516547535,268.3596496582031,11508710,,
2025-07-10,268.35963541830984,272.8332745354616,266.35826109549095,267.57476806640625,5890610,,
2025-07-11,266.45638115282253,270.4787403740918,261.4529601673232,262.816650390625,7521720,,
2025-07-14,267.33935522332695,270.6749595391045,259.66744433929637,262.8068542480469,11946130,,
2025-07-15,261.85518583053977,264.78855077644465,258.0486615876401,262.4143981933594,8921310,,
2025-07-16,262.43402011365464,268.0064437103701,261.0408992446613,266.53485107421875,12500570,,
2025-07-17,269.30148099514855,274.2460411604515,265.78929270424186,268.8207702636719,30273940,,
2025-07-18,268.71281536116084,268.71281536116084,261.94349507194653,262.72833251953125,7382980,,
2025-07-21,262.96381426320204,268.418515496943,262.640047101768,265.5047607421875,5515390,,
2025-07-22,268.810958653763,279.798863830062,267.82989676086606,275.22711181640625,34334430,,
2025-07-23,276.26703310286837,281.7609856527398,273.8830599052506,277.22845458984375,14979600,,
2025-07-24,279.6025933558119,279.6025933558119,273.32380426487015,274.3931579589844,7148750,,
2025-07-25,273.5200309625948,273.5200309625948,266.0639848772405,266.858642578125,5330160,,
2025-07-28,265.8677747465625,269.3014913945808,255.1742060306606,255.86093139648438,8037860,,
2025-07-29,255.8609181140676,259.88327768086157,253.11395691410823,258.22528076171875,6981160,,
2025-07-30,259.7753665821943,260.20703617630585,255.17418427103848,259.1180419921875,4846780,,
2025-07-31,256.8419596622426,258.7942929454067,253.99688651437594,255.1643524169922,4554110,,
2025-08-01,254.97796504329546,256.52805950948635,251.34805421594095,252.11328125,4290350,,
2025-08-04,252.91769534994714,258.4999388416409,251.02425344647867,257.7837829589844,4227220,,
2025-08-05,259.000317693461,261.8061400974509,250.3669707763826,255.20361328125,10206650,,
2025-08-06,255.85110970194796,258.9021974632991,249.42515205620205,256.1454162597656,11805980,,
2025-08-07,252.72151949339744,260.2756772050551,252.72151949339744,259.196533203125,5433830,,
2025-08-08,259.4712328939589,260.24625015121626,249.26818130014016,250.4258270263672,5372550,,
2025-08-11,250.17076388201897,251.6129259537476,248.05166675990972,249.98435974121094,4993890,,
2025-08-12,250.22961147491594,251.36764671547706,245.46165069652398,245.93255615234375,4798580,,
2025-08-13,247.12945565127558,258.7942945514367,247.12945565127558,258.1958312988281,9123320,,
2025-08-14,258.19584332709775,262.2770641025134,256.5574868492905,259.2161560058594,7318230,,
2025-08-18,261.93371089528574,268.49701749654736,259.29465195087965,261.639404296875,6957450,,
2025-08-19,262.434013629088,263.99389819210927,258.7059910188064,262.7087097167969,4544270,,
2025-08-20,263.0815612679867,267.584631771775,259.6968857555152,266.92730712890625,6582500,,
2025-08-21,266.92728060713614,268.32040153258896,248.16939880494056,248.97386169433594,25675240,,
2025-08-22,249.68022776950565,251.93665793066683,246.06992753579573,247.09022521972656,12001740,,
2025-08-25,247.8162174705373,249.09158583881583,238.9081745013087,240.05601501464844,15629660,,
2025-08-26,240.06581354857073,240.4778576980363,228.84246443804858,229.48016357421875,16730850,,
2025-08-28,229.5684578938738,230.51028379502876,220.83701398754556,221.66110229492188,15042430,,
2025-08-29,223.6722813682787,225.3989447177887,215.67661885233116,216.79502868652344,15774700,,
2025-09-01,218.38436879245737,223.28967793002545,215.34307113923896,222.3674774169922,11155010,,
2025-09-02,224.3688416206341,228.0085876630599,220.052175477803,223.32891845703125,9836240,,
2025-09-03,224.56503143378075,224.56503143378075,220.83700871237377,222.91685485839844,8241810,,
2025-09-04,225.5461225854345,229.5684823234732,220.69968942214032,221.43548583984375,6868760,,
2025-09-05,222.6912327112161,226.0856982984898,221.01361037613486,225.3302764892578,8373150,,
2025-09-08,227.67501075806203,230.45140237675832,226.14454183157065,229.66656494140625,7866200,,
2025-09-09,230.54952117058946,231.1381642338446,227.91046255435998,229.17604064941406,3385790,,
2025-09-10,230.54952830712338,233.00218286358214,223.01498069519346,229.2349090576172,8141130,,
2025-09-11,229.3722562501927,229.47035345019236,216.6380780325628,217.40330505371094,21853430,,
2025-09-12,218.77678409152938,220.83701988480172,216.8146604673901,218.0213623046875,9994660,,
2025-09-15,219.26731752314075,223.09345264635664,217.06973364965893,220.93511962890625,14322900,,
2025-09-16,221.32754021501756,221.32754021501756,217.3051809898086,218.81600952148438,6282210,,
2025-09-17,219.7578577841538,222.30862462136056,218.76699068952865,220.59176635742188,5995920,,
2025-09-18,221.55319246672198,223.87830418830913,220.8173961021878,222.2693634033203,5083140,,
2025-09-19,220.99398187658383,223.48588730156507,219.26731844929344,222.3674774169922,4941440,,
2025-09-22,221.71996524960167,222.2104961461716,218.7865850989802,220.54269409179688,3719980,,
2025-09-23,219.75783104515415,221.32753582625952,214.07749012405347,218.57073974609375,8067500,,
2025-09-24,218.58056171476866,222.4263219928324,214.14615839656875,216.0690460205078,6165480,,
2025-09-25,215.34305718163102,218.77677335537,214.65631694084612,215.333251953125,5480730,,
2025-09-26,214.8525473442786,215.93172137822648,207.98511432414185,209.59405517578125,6479030,,
2025-09-29,209.7510088324297,211.17354540098214,206.22900068075072,208.4658203125,13415200,,
2025-09-30,209.8491099539703,209.8491099539703,206.12108714450565,209.21142578125,6620230,,
2025-10-01,209.94723204099898,214.1559807134198,207.74964814825867,213.23379516601562,5186480,,
2025-10-03,214.3620003618356,217.66817379217855,213.0669916180745,215.9611358642578,4292910,,
2025-10-06,216.9127647657543,222.85799673600067,213.15529636549104,222.23011779785156,10599170,,
2025-10-07,223.38777168203433,226.5271664876461,218.8160200436478,220.7879638671875,11372470,,
2025-10-08,219.95405930510944,221.62186142224544,216.83428987103548,217.5504608154297,5558810,,
2025-10-09,218.28625328416686,223.58398108381155,217.1089821031142,222.1712646484375,7235620,,
2025-10-10,222.16144713289094,227.5474819377738,221.0332320228004,225.9679718017578,10267360,,
2025-10-13,224.59445897722748,232.11921576429356,221.26866024744064,229.6371307373047,12092140,,
2025-10-14,231.91321420320955,238.88856467823317,230.29446811015413,235.90614318847656,31161780,,
2025-10-15,236.13176794536577,241.40988524000693,233.59082146634853,239.8892364501953,13434030,,
2025-10-16,239.37907753592864,248.23806433075916,238.70214250346402,243.5583953857422,32428120,,
2025-10-17,242.13584634863378,251.05369399805323,241.40987023963285,244.92205810546875,15856850,,
2025-10-20,246.1287865980262,247.71810190704946,244.52965109042407,245.22621154785156,5830780,,
2025-10-21,246.14839070906987,246.61931113426562,243.89196062671866,245.0496063232422,1097690,,
2025-10-23,245.84426866085997,248.54218856467674,243.352378318235,246.34461975097656,5251440,,
2025-10-24,246.05028887552612,247.12944781417076,243.94099713986822,246.68797302246094,3974820,,
2025-10-27,246.63893372937954,253.6142987864124,246.06011085263157,252.81964111328125,7368540,,
2025-10-28,253.1139499510022,253.89878743236233,246.55064396989297,248.98367309570312,5352210,,
2025-10-29,244.38249421122313,247.4041513056616,240.3993708289249,246.4132843017578,7169500,,
2025-10-30,246.54083869181878,248.49314213556482,244.78472964855834,246.55064392089844,3247530,,
2025-10-31,246.55064185337002,248.79728178845082,236.3377847863105,244.5198516845703,10113630,,
2025-11-03,244.5198470710164,252.1132707502227,243.9115785789007,251.52462768554688,6236260,,
2025-11-04,251.151823135703,253.5260058872201,246.23670886112603,247.0706024169922,6219970,,
2025-11-06,248.20863432085594,251.13219428059685,243.3033253421829,243.94100952148438,7215870,,
2025-11-07,243.30333052620776,257.5287268674578,239.9677263375649,256.6850280761719,18655910,,
2025-11-10,257.234433610173,262.26725584068396,255.07608552602306,255.7039794921875,12300660,,
2025-11-11,255.70394867285157,260.65829853027304,255.2722791080496,259.1376647949219,7503720,,
2025-11-12,261.25674289243904,265.8677452846671,258.7844779580956,262.8755187988281,17832720,,
2025-11-13,262.9245576469559,271.5873200109167,261.590327994098,266.21112060546875,11671920,,
2025-11-14,266.2111326760614,270.4787576103424,265.93643656215716,269.3309020996094,5360410,,
2025-11-17,270.67495124845055,281.0643923716544,270.292352705706,279.3475341796875,15131660,,
2025-11-18,278.5234441830647,281.2704352376455,273.225716353015,274.0498046875,7440320,,
2025-11-19,274.1086712244164,279.60262349863154,272.63707846916043,276.0610046386719,7140900,,
2025-11-20,276.06096829720855,279.60258669093935,274.03995363491515,276.1001892089844,7008610,,
2025-11-21,275.87459009234635,276.56131538845995,268.9090453255188,269.6055908203125,5542180,,
2025-11-24,270.0862971108665,271.30283408175626,262.32612474769354,262.77740478515625,4877750,,
2025-11-25,261.4529627100092,265.56361393728065,261.0605439884266,263.6799621582031,4278650,,
2025-11-26,264.2980395552425,270.77305334043984,263.1698244875833,269.7429504394531,4565080,,
2025-11-27,270.7632402950321,271.7541223072312,268.10457116385936,271.18511962890625,4442800,,
2025-11-28,271.1556818919584,271.1556818919584,262.53214039438967,265.2594909667969,7336030,,
2025-12-01,265.7696196344716,272.34274527466425,265.65189701589856,271.1065979003906,6586060,,
2025-12-02,270.0568695916832,277.14995714938374,269.4878669238933,276.0904235839844,11678750,,
2025-12-03,272.2446741383801,272.2446741383801,259.4025776069148,261.963134765625,26000460,,
2025-12-04,260.9918639240201,263.4150877162388,256.8419618197211,257.5287170410156,10428600,,
2025-12-05,257.2442115333737,260.27568896552896,255.0858934923612,259.1671142578125,5118460,,
2025-12-08,257.6268455779374,260.47191893049484,247.37473735792787,249.4447784423828,6629650,,
2025-12-09,248.50297638290075,249.2289525910372,241.26273494190676,248.55203247070312,5069230,,
2025-12-10,248.6893487501808,250.17074660565368,241.3411908431012,243.13653564453125,5074700,,
2025-12-11,244.28438573632926,253.4965703164445,241.78267517759664,252.85885620117188,6387200,,
2025-12-12,253.89878906301286,255.52735528994367,251.15182792097954,254.61497497558594,4251750,,
2025-12-15,253.11395694994857,255.86091815029692,251.15183325266216,253.35922241210938,3113300,,
2025-12-16,252.90792591212696,253.221842929176,247.43359935601455,248.444091796875,3664580,,
2025-12-17,249.484009418421,250.17074965881565,244.38249124287083,245.71673583984375,3117110,,
2025-12-18,246.24650413029337,250.65147686422748,242.1751037750291,243.21502685546875,6945930,,
2025-12-19,244.28438696400937,247.70829801781903,240.27184781506696,247.04116821289062,5882390,,
2025-12-22,247.0607967623724,254.3304533783956,246.71741914184457,253.2709197998047,5204940,,
2025-12-23,253.30035395357967,253.63391137995663,249.16027187146565,250.86732482910156,2980770,,
2025-12-24,250.17074934086966,252.7215159103102,247.23736928299448,247.60037231445312,4103740,,
2025-12-26,247.40416054255968,249.8862606989281,243.7644296034612,244.85340881347656,4546020,,
2025-12-29,244.69643381083074,245.13790862948596,235.7491549321084,236.4555206298828,7748280,,
2025-12-30,236.11215006143215,237.01472515336266,228.09687666489728,230.26502990722656,26506320,,
2025-12-31,232.982564018951,234.9643131481161,228.6855232940886,229.9608917236328,9235500,,
2026-01-01,230.74573404468754,233.00217919506593,227.67502076782267,231.80528259277344,4741630,,
2026-01-02,233.00218280756997,235.71972824702132,231.2362685333811,234.2677459716797,10528170,,
2026-01-05,233.50250384697637,238.10368589139398,232.15845402762213,235.65103149414062,8713630,,
2026-01-06,236.1415664382403,240.8212353002978,234.50319506905186,236.5634307861328,4629730,,
2026-01-07,235.45483988832538,243.48973869468497,234.60132088407119,242.38113403320312,5538330,,
2026-01-08,246.24651103662814,246.97250215551097,235.26842713349012,236.6909637451172,15384520,,
2026-01-09,237.83879860551804,238.31952426375003,226.91959124403522,228.93077087402344,8076880,,
2026-01-12,229.07792377009395,233.0021708582326,225.40874735355104,232.36448669433594,10082490,,
2026-01-13,233.29651059339457,240.85068383372754,233.00218904484845,239.31040954589844,13289860,,
2026-01-14,239.87941444998768,248.4048438559223,238.8885474247515,247.75733947753906,13136700,,
2026-01-15,247.75733947753906,247.75733947753906,247.75733947753906,247.75733947753906,0,,
2026-01-16,253.8987656023224,271.4303639947398,253.11392818844212,270.0078125,55827430,,
2026-01-19,271.26358774423346,272.59781742142854,262.9638132979765,264.4059753417969,11729640,,
2026-01-20,264.29804371434864,264.30786391305935,257.4306110940223,258.5882568359375,9102660,,
2026-01-21,258.21218178367053,260.2509570865345,249.2059397553148,250.5816192626953,11161270,,
2026-01-22,253.08555068920606,258.0043505087872,251.4822449079216,254.015869140625,5881280,,
2026-01-23,254.01586806959477,257.8063977585514,247.54323531023448,248.91891479492188,5221560,,
2026-01-27,248.92882814906238,253.36267065711615,246.6327216974681,251.69007873535156,4427180,,
2026-01-28,253.3428744667822,259.47899867480356,253.02617897879256,258.81591796875,5725260,,
2026-01-29,258.81590756200086,261.0822940073044,253.74865914517915,256.17340087890625,2995410,,
2026-01-30,254.84720927919832,257.1630987410817,248.5131487591092,251.4723358154297,4866930,,
2026-02-02,228.9171242925173,239.25946419176012,223.28574089900886,237.65615844726562,18168120,,
2026-02-03,247.42446757864042,263.64563017062346,247.42446757864042,256.114013671875,28163760,,
2026-02-04,256.33176820999256,266.7235966509382,254.02578528345052,265.90216064453125,13908870,,
2026-02-05,263.7545119287386,265.466700308965,259.9045722852329,261.7751159667969,6045840,,
2026-02-06,259.1128178513897,262.12150807602757,253.87730723943963,261.47821044921875,4696710,,
2026-02-09,262.4679139709927,269.6531007017535,262.2600556508048,268.7524719238281,7042250,,
2026-02-10,269.5937106057762,277.9764532969987,268.8217474270306,275.43292236328125,8707300,,
2026-02-11,275.1360207735934,277.1154166064969,273.5624047108171,275.244873046875,4851220,,
2026-02-12,273.94839130165235,273.94839130165235,267.7429957831411,272.3648986816406,4584230,,
2026-02-13,268.1091548995306,270.52402019025556,264.2295560477706,267.0501708984375,6035930,,
2026-02-16,250.38368854459304,257.3214657025383,241.58527441751994,254.62948608398438,19960020,,
2026-02-17,253.86742120921744,258.3012485273342,251.52182688742857,254.3721466064453,8822550,,
2026-02-18,255.6389487338166,262.7450024224679,254.9362717002751,256.5098876953125,9071110,,
2026-02-19,258.2121881732932,259.7957109281589,247.64222135458036,248.37460327148438,8535370,,
2026-02-20,248.31519401863088,251.76924508376828,245.69250065648916,247.05828857421875,6749490,,
2026-02-23,249.79974734921169,250.39357213800173,244.25744809406865,246.56344604492188,5263350,,
2026-02-24,246.5436364195334,246.9593077117642,242.87185068577475,243.4854736328125,5684490,,
2026-02-25,244.851265033807,247.82035886251893,239.01205321131042,246.42489624023438,9476560,,
2026-02-26,248.41416593787636,252.27398159906352,238.91306032352037,243.9605255126953,7992020,,
2026-02-27,239.60586672435727,241.68422324554126,227.53154030875373,230.79754638671875,8282159,,
2026-03-02,217.83251175054642,229.23382057652904,217.73353592085493,223.98843383789062,7012943,,
2026-03-04,219.91087618319418,220.9500620260314,215.27909713730284,219.46551513671875,5600383,,
2026-03-05,221.4943868105233,223.55296019681444,218.46591373795738,222.3653106689453,4622589,,
2026-03-06,224.16657092279118,228.13525400454236,215.9520754580616,217.29806518554688,9633447,,
2026-03-09,212.78504390630005,217.7236417572563,206.84685663449633,216.70425415039062,8704812,,
2026-03-10,220.69273930015441,224.1665734790852,217.98096162811706,222.98883056640625,4421152,,
2026-03-11,223.72121915412256,225.35421469110483,215.55621126602753,216.2786865234375,4391522,,
2026-03-12,213.7747465653224,215.25929341647046,210.17224681060006,210.87493896484375,10674079,,
2026-03-13,210.62750912426128,216.13022689608943,206.48067260943358,213.35906982421875,10402529,,
2026-03-16,213.35908379562085,215.65517516443484,208.45017536672043,214.3982696533203,9982288,,
2026-03-17,215.75415557284418,218.92118602882434,212.29021270814258,214.74465942382812,10682186,,
2026-03-18,215.65516885017104,235.44912707787253,214.92280206076475,233.77655029296875,25414506,,
2026-03-19,227.63052183260146,232.48994224914904,225.6610175332159,230.0255889892578,9785627,,
2026-03-20,233.46972315346574,235.35015818079938,227.63051171955703,228.93692016601562,6007983,,
2026-03-23,224.66142722412164,226.24494993241737,216.54590732268758,218.63417053222656,6295384,,
2026-03-24,224.65153941167966,229.10518011341972,220.85108786898488,228.0659942626953,6207473,,
2026-03-25,231.09446754452952,241.28835928308627,230.69859441164252,239.1802978515625,8880739,,
2026-03-27,237.26622613969894,242.25081072246573,232.99942295379017,234.54464721679688,7528583,2721637.0,36.15
2026-03-30,229.09149673516356,233.66734145706047,225.30320963697187,226.8284912109375,6704081,3144564.0,46.91
2026-04-01,238.22327220332053,243.6963363197068,237.27618896665544,239.85821533203125,9009539,2631841.0,29.21
2026-04-02,232.28163352475926,241.1741302875081,227.74565866894406,240.10743713378906,7690927,2672710.0,34.75
2026-04-06,240.25696389604974,246.14874620506606,235.9702183443523,245.29139709472656,5924466,1420480.0,23.98
2026-04-07,244.244632917938,247.2353835250964,241.58286670297628,245.34124755859375,3628752,859574.0,23.69
2026-04-08,254.21380516187477,268.1706415237032,252.22993508850115,266.7948913574219,16338003,5833628.0,35.71
2026-04-09,269.1675458429707,283.32377709003305,264.98048296046284,280.93115234375,29671494,10247319.0,34.54
2026-04-10,280.6221156538412,287.0123563423726,278.6781460415471,280.1236572265625,14403261,3541996.0,24.59
2026-04-13,272.1583148107102,281.928088301186,272.1583148107102,279.5953063964844,6934623,1608026.0,23.19
2026-04-15,286.91266594887855,297.9784494036696,285.23785289179904,296.84197998046875,21051102,8259789.0,39.24
2026-04-16,298.4270649601288,300.57043010169537,287.829833982981,291.70782470703125,14443355,3936665.0,27.26
2026-04-17,301.0689090450876,323.3998419094292,296.5927618216228,321.4757995605469,80869288,14136461.0,17.48
2026-04-20,321.6053913719857,326.9389027613549,313.2312956699097,318.1759948730469,23135454,5570347.0,24.08
2026-04-21,318.365412230781,325.6428932972283,317.7473286319333,323.0509033203125,13064927,5018164.0,38.41
2026-04-22,323.05089327644953,329.2118625351783,322.21348677274096,327.576904296875,11503789,3826821.0,33.27
2026-04-23,326.98873972498365,326.98873972498365,319.32244641157666,320.21966552734375,6611292,2123495.0,32.12
2026-04-24,321.8147426023811,322.0041592475824,308.5557599792294,313.55029296875,9294838,2805266.0,30.18
2026-04-27,315.87313347834146,321.9842390906889,315.54413385624173,317.6576232910156,5143144,1724541.0,33.53
2026-04-28,317.16910248216124,319.4420717745174,315.0257372532688,318.28564453125,4252695,1746509.0,41.07
2026-04-29,318.28563404400177,322.40290553197275,310.82871542322,312.1346740722656,4413662,1507182.0,34.15
2026-04-30,310.4000329421067,310.58944958793865,305.17619809534625,307.7582092285156,3939153,1395550.0,35.43
2026-05-01,307.7582092285156,307.7582092285156,307.7582092285156,307.7582092285156,0,0.0,0.0
2026-05-04,307.7482596749781,312.5334486329772,303.01290439266023,306.7513427734375,5085193,1976992.0,38.88
2026-05-05,306.95070427892244,316.52111250551945,302.763671595935,313.4306640625,6117395,1811859.0,29.62
2026-05-06,315.77341014112056,317.61771238607406,309.6423776390213,315.87310791015625,5077995,1878586.0,36.99
2026-05-07,317.4183444392895,323.69893935262087,314.57712510398414,321.60540771484375,6220705,2640150.0,42.44
2026-05-08,321.0072360360549,333.9173218286396,318.01648538975627,324.9949035644531,12373135,3664406.0,29.62
2026-05-11,322.7518392805087,325.941985459781,315.17526492235345,316.2220458984375,4569661,1447391.0,31.67
2026-05-12,314.67681927915345,314.9759126088348,296.0344911549676,298.1778564453125,8637203,3403958.0,39.41
2026-05-13,299.17477409122097,302.46458776128355,296.13415922793035,297.23077392578125,4043706,1303351.0,32.23
2026-05-14,299.3741301078286,305.35563145202883,289.9034196461781,302.763671875,8288598,2831243.0,34.16
2026-05-15,304.35872171066467,310.5894524238988,302.2153564300101,305.9039611816406,6072039,1551866.0,25.56
2026-05-18,301.8664301427952,304.059659528462,297.4800017949514,303.0129089355469,4296924,1296023.0,30.16
2026-05-19,303.0129000450223,328.9825727881455,302.96303594656706,326.9887390136719,20805019,6590002.0,31.68
2026-05-20,325.39366338645607,327.53702859269885,320.2595475416917,323.99798583984375,6591462,1260417.0,19.12
2026-05-21,326.78934255520454,342.2415542642689,325.99182121703546,338.6028137207031,25211127,6348502.0,25.18
2026-05-22,340.895731367573,344.58430548380693,334.61513691535606,338.3037414550781,10307977,2222448.0,21.56
2026-05-25,340.9455741541447,347.62492944293433,340.9455741541447,345.3818664550781,8423076,3078461.0,36.55
2026-05-26,345.9301568769138,349.9178243913451,341.94248936248255,343.3880310058594,6678864,2392207.0,35.82
2026-05-27,343.9363322464324,349.17014599800854,334.0169968716685,335.9111633300781,6777475,2472597.0,36.48
2026-05-28,335.9111633300781,335.9111633300781,335.9111633300781,335.9111633300781,0,0.0,0.0
2026-05-29,337.40651899590523,342.9393953266937,334.26620658944324,336.2600402832031,5635640,1651794.0,29.31
2026-06-01,339.94865262985405,344.484612218423,333.0200682147769,334.5653076171875,6444968,1931273.0,29.97
2026-06-02,333.5683980848439,343.68709845203335,330.87671030755706,341.59356689453125,6132413,1906148.0,31.08
2026-06-03,341.9424902963674,342.29141728953084,326.5899764085752,333.7179260253906,6426900,1504556.0,23.41
2026-06-04,332.97023935287194,342.4907834284462,332.97023935287194,336.6588439941406,6699518,1872252.0,27.95
2026-06-05,336.65883652513816,341.3443275232572,318.5149374641985,331.5745544433594,13273649,3425157.0,25.8
2026-06-08,324.89519641540124,333.86744809536714,322.00414362544313,324.6958312988281,3744837,1036391.0,27.68
2026-06-09,326.88903563167133,338.15421451825904,325.74258731571695,336.50927734375,3829623,1260611.0,32.92
2026-06-10,338.8520407857124,338.9517385582214,327.3874966874196,328.8330383300781,4260935,1718723.0,40.34
2026-06-11,326.9887276785714,333.81761420411726,320.6582995793649,322.7518310546875,3670471,890059.0,24.25
2026-06-12,327.98565044599707,339.2507989150204,324.04781663750845,338.4532775878906,7318502,2928926.0,40.02
2026-06-15,342.9394081824534,355.0519422414091,341.79295985026215,351.21380615234375,14953832,6061274.0,40.53
2026-06-16,351.91165518230105,352.36027994328856,341.84278870853467,347.1763000488281,6190114,2360943.0,38.14
2026-06-17,348.8710851033419,350.41629414568376,342.69018808699514,347.62493896484375,5718044,1974259.0,34.53
2026-06-18,348.92092504249365,355.69994798820886,346.4784663978001,351.7122802734375,9021106,2868905.0,31.8
2026-06-19,353.9055074174882,359.3387168134344,348.5719957984703,352.6095275878906,9378921,2603997.0,27.76
2026-06-22,353.8057829744923,355.1017931299006,349.4193549316597,353.7060852050781,3096581,1003014.0,32.39
2026-06-23,353.7061148520589,354.40396887296293,338.00467319313015,341.0452880859375,8493464,4082982.0,48.07
2026-06-24,340.94557532735513,342.9394091011993,334.71484478409207,339.5997314453125,4035048,1510491.0,37.43
2026-06-25,340.4471309471273,343.6871109634616,333.6681080054239,334.2164001464844,3444464,1271166.0,36.9
2026-06-25,340.4471309471273,343.6871109634616,333.6681080054239,334.2164001464844,3444464,0.0,0.0
2026-06-26,334.2164001464844,334.2164001464844,334.2164001464844,334.2164001464844,0,,
2026-06-29,331.4748579250089,336.4096085808066,326.09151293363124,327.7364196777344,4882849,2279853.0,46.69
2026-06-30,328.7333351084876,332.47177333944086,327.1382620452499,329.63055419921875,4561949,1840185.0,40.34
2026-07-01,328.98256508496735,340.9455674516934,326.54010659903213,339.3504943847656,7010898,0.0,0.0
2026-07-02,339.35049174900837,346.77753449672645,335.16345920726815,345.082763671875,7636906,3403450.0,44.57
2026-07-03,341.84279203543673,355.6500969068474,341.4440313681717,351.1639709472656,8341417,2933105.0,35.16
2026-07-06,350.914758086783,350.914758086783,341.0452866002903,344.8834228515625,5928183,2420886.0,40.84
2026-07-07,344.8834097111219,346.5283164922829,332.97024072535504,334.7646789550781,7502930,3387527.0,45.15
2026-07-08,333.9671661462769,340.74618899119343,326.5401229685533,330.17889404296875,8692324,,
2026-07-09,330.32843030944554,341.89267276356287,330.32843030944554,340.0483703613281,7522853,,
2026-07-10,344.0858436665143,348.4224380357773,341.4938537795477,344.9830627441406,4099400,,
2026-07-13,341.54371893442317,343.9363132900039,334.515436887013,339.2009582519531,4644480,1557927.0,33.54
2026-07-14,338.9517323609673,339.2009615759386,331.17579302325805,332.5216064453125,4844441,,
2026-07-15,334.2163811412739,345.23230040099435,333.21946426986074,342.34124755859375,9546333,2036620.0,21.33
2026-07-16,345.97999308276366,354.2045573914521,331.724093783766,333.76776123046875,24218915,,
2026-07-17,336.01082396397226,336.35975095846584,322.0539875721397,327.9358215332031,7923695,2175568.0,27.46
2026-07-20,327.03858041939134,328.78318501329585,322.5524543207797,323.3500061035156,6434814,2508369.0,38.98
2026-07-21,324.3500061035156,326.3999938964844,320.79998779296875,321.8999938964844,5277015,2298687.0,43.56
2026-07-22,322.1499938964844,323.0,311.0,312.3999938964844,7825074,,
2026-07-23,311.75,314.8999938964844,303.70001220703125,306.04998779296875,4795204,2046723.0,42.68
2026-07-24,304.5,310.79998779296875,301.20001220703125,307.95001220703125,3428982,,
2026-07-27,309.8999938964844,312.5,302.95001220703125,304.20001220703125,7603595,3520054.0,46.29
2026-07-28,305.5,306.45001220703125,299.0,302.6000061035156,3436258,1337082.0,38.91
2026-07-29,303.0,305.5,299.0,302.5,3944323,1291899.0,32.75
2026-07-30,302.0,302.0,290.04998779296875,291.6499938964844,15181316,7562127.0,49.81
2026-07-31,293.0,299.95001220703125,292.5,297.95001220703125,4626956,1464664.0,31.66
2026-08-03,299.8999938964844,302.5,296.29998779296875,302.0,4487008,2093105.0,46.65
2026-08-04,301.0,305.04998779296875,299.0,300.3500061035156,5039236,1961282.0,38.92
2026-08-05,302.0,303.0,296.6000061035156,299.20001220703125,3667873,,
2026-08-06,299.20001220703125,300.8999938964844,296.45001220703125,297.1000061035156,2142791,926490.0,43.24
2026-08-07,297.04998779296875,298.75,289.04998779296875,292.0,4094497,1774778.0,43.35
