date,open,high,low,close,volume,delivery_qty,delivery_pct
2022-01-03,31.601525008899554,32.20691818470844,31.480445142062205,32.085838317871094,1726690,,
2022-01-04,32.408719498162824,32.69123511314392,32.206921750550826,32.28763961791992,1401838,,
2022-01-05,32.287639053829054,32.61051667604303,32.00512344378373,32.24728012084961,2041923,,
2022-01-06,32.005131141726615,34.26526580326925,31.884051234476672,33.37735366821289,6592845,,
2022-01-07,33.65986688107249,34.10382133587918,32.93339371561467,33.25627136230469,2733708,,
2022-01-10,33.45806478508229,34.18453477719058,33.33698491346972,33.65986251831055,2358171,,
2022-01-11,33.82130872003692,34.10382437668863,33.33699220681863,33.4177131652832,1812046,,
2022-01-12,33.65987302971818,35.27425539968846,33.336995324048125,34.26526641845703,5455228,,
2022-01-13,34.426700877178924,34.78993440070827,33.9827433187504,34.22490310668945,2042651,,
2022-01-14,34.30561968430699,34.7495741467366,34.02310404799438,34.184539794921875,1759644,,
2022-01-17,34.3863353269975,35.59712182554233,34.18453757724002,34.46705627441406,4423484,,
2022-01-18,34.62848809906887,34.91100366001782,33.6598584799474,33.861656188964844,2045749,,
2022-01-19,33.82129726299909,34.06345389798229,33.417701844964206,33.861656188964844,1500303,,
2022-01-20,33.90202415323986,34.224901805422704,33.57914650105702,33.74058532714844,1379420,,
2022-01-21,33.4177121705627,33.74058675724107,32.65088002351844,32.731597900390625,1279967,,
2022-01-24,32.65087756913521,32.65087756913521,31.44009103193012,31.722606658935547,1952086,,
2022-01-25,31.520806210180254,32.52979490499517,31.2786495392625,32.40871810913086,1109777,,
2022-01-27,32.04548754045442,32.85267864686793,31.924407642816508,32.570159912109375,1073970,,
2022-01-28,32.85268346933283,33.458076888009025,32.69124460851448,32.81232452392578,1626731,,
2022-01-31,33.41770717694648,33.41770717694648,32.852672885705516,33.09482955932617,1000925,,
2022-02-01,33.377342463650585,33.821299921740035,32.89302915561162,33.17554473876953,1566728,,
2022-02-02,33.45806969088057,34.063462979331284,33.29663086478915,33.74058532714844,1562250,,
2022-02-03,33.700229943516746,33.86166878662904,33.41771427746259,33.49843215942383,1189415,,
2022-02-04,33.5387925181495,33.65987242539944,33.215917897466234,33.37735366821289,856779,,
2022-02-07,33.21591851652287,33.49843419978481,32.81232292375437,32.973758697509766,988645,,
2022-02-08,33.09484054660455,33.25627940901139,32.36836720536886,32.61052703857422,746537,,
2022-02-09,33.01411606367091,33.09483393916377,32.52979957314501,32.69123840332031,697759,,
2022-02-10,32.85268050898873,32.93339839252937,32.529802816446434,32.650882720947266,695758,,
2022-02-11,32.489441232188355,32.7719568807924,31.27865460241736,31.399734497070312,2502994,,
2022-02-14,30.99613766124434,30.99613766124434,29.946786829183385,30.027507781982422,2004089,,
2022-02-15,30.027511342993677,30.31002701332054,29.381759039968088,29.785354614257812,2344501,,
2022-02-16,30.067870284584675,30.18895018854754,29.66427471029495,29.785354614257812,1464040,,
2022-02-17,30.027505314708783,30.10822318168596,29.139593382013565,29.46247100830078,1404651,,
2022-02-18,29.381758089745144,29.583555870363753,29.018521468793697,29.099239349365234,1352222,,
2022-02-21,29.099239517024728,29.13959845754303,27.44449832225607,27.686655044555664,2746806,,
2022-02-22,26.637300565518935,27.283052690663407,26.637300565518935,27.081254959106445,1959569,,
2022-02-23,27.444495081354066,27.68665177505754,27.121617436956484,27.283056259155273,1360991,,
2022-02-24,26.637307447247103,26.83910523093837,24.700049031729932,25.38616180419922,2617007,,
2022-02-25,25.749394395988393,27.081259331374994,25.709035458998855,26.677663803100586,2206029,,
2022-02-28,26.637301635742187,27.404133662305927,25.91082854127356,27.242694854736328,1121049,,
2022-03-02,27.2023405031259,27.727012867087986,27.040901668372314,27.60593605041504,1253654,,
2022-03-03,27.727012305639718,27.928810075198054,27.484855598007634,27.565576553344727,980996,,
2022-03-04,27.404136936135725,27.646293636824755,26.96018247167425,27.20233917236328,1111463,,
2022-03-07,26.960184390070168,27.000543329858562,26.475867875040265,26.758386611938477,972483,,
2022-03-08,26.637306401309065,27.484856443694596,26.637306401309065,27.404138565063477,1150828,,
2022-03-09,27.686652577058137,27.76737353009049,27.48485481326152,27.64629364013672,919189,,
2022-03-10,28.04989001323237,28.413126614853155,27.848092243353,27.928810119628906,1102122,,
2022-03-11,27.84809218968785,28.33240560478919,27.76737431356749,28.009531021118164,961555,,
2022-03-14,28.25168693152657,28.25168693152657,27.48485481326152,27.64629364013672,1141134,,
2022-03-15,27.565577458346215,27.888452052726045,27.20234084537792,27.32341766357422,1051724,,
2022-03-16,27.525216203292672,28.04989166759995,27.525216203292672,27.686655044555664,1483996,,
2022-03-17,28.009532341168047,28.857082397134036,27.928811382053826,28.413127899169922,2168627,,
2022-03-21,28.655283820506927,28.897440532729618,28.372768169445397,28.493844985961914,1305837,,
2022-03-22,28.614922916169206,28.776361739625326,28.372766220579752,28.57456398010254,1321105,,
2022-03-23,28.736004986983957,28.816725953089705,28.372771416673128,28.453489303588867,1298132,,
2022-03-24,28.4131273975492,28.61492517298749,28.21132962211091,28.29204750061035,1482313,,
2022-03-25,28.37276406704207,28.614920744251453,28.17096632283605,28.251684188842773,1364168,,
2022-03-28,28.251686649046082,28.413125474307098,27.807732188970395,27.84809112548828,1666864,,
2022-03-29,28.054373783851737,28.219400141515237,27.559297858477212,27.641809463500977,2182742,,
2022-03-30,27.806836025861596,27.97186238473992,27.229245343595466,27.353015899658203,1610467,,
2022-03-31,27.229244727214784,27.600553239381806,26.85793621504776,27.02296257019043,1720500,,
2022-04-01,27.14673470342737,28.26065715714428,26.981708338679947,28.136886596679688,2092239,,
2022-04-04,28.38442745510098,29.209556123590936,28.21940109187977,28.920759201049805,2213759,,
2022-04-05,29.127046186029418,29.49835477779066,28.962019795511463,29.374584197998047,1786785,,
2022-04-06,29.292073931283518,29.86966475100119,29.08579172049983,29.580867767333984,1644682,,
2022-04-07,29.8284054744048,32.01499476621393,29.704634903261326,30.736045837402344,7565679,,
2022-04-08,31.02483224754005,31.148602789192363,30.48850057814982,30.81855010986328,2001906,,
2022-04-11,30.81855678694436,31.189865344732574,30.736045173043117,30.901071548461914,1513126,,
2022-04-12,30.73604340183497,30.942325572317085,29.952170524479712,30.07594108581543,1595319,,
2022-04-13,30.199709013648526,30.405991187642343,29.704633055109834,29.869659423828125,1075007,,
2022-04-18,29.704638352850893,29.86966475100119,29.25081811865013,29.580867767333984,1043734,,
2022-04-19,29.787139587206184,30.8185502813285,29.29206371307373,29.704627990722656,1808804,,
2022-04-20,29.869656098170122,30.158449850560984,29.374577047136864,29.663373947143555,1235799,,
2022-04-21,29.99343269872531,30.90107633017157,29.78715048443527,30.447256088256836,2506557,,
2022-04-22,30.075935517761884,30.48849978234678,29.91090918240482,30.117191314697266,1716339,,
2022-04-25,29.704638352850893,30.075946961784876,29.415844516800426,29.580867767333984,1359341,,
2022-04-26,29.74589416548428,29.993432188901355,29.333329743916906,29.580867767333984,1496140,,
2022-04-27,29.41584014892578,29.704633942094077,29.20955796877235,29.41584014892578,1064546,,
2022-04-28,29.53960891429736,29.66337948707502,28.962018154028982,29.08578872680664,1386398,,
2022-04-29,29.292070916358462,29.82840586823976,28.79699492048066,29.08578872680664,1690020,,
2022-05-02,28.879497838012078,29.292062092840823,28.590704118678147,28.96200942993164,1079794,,
2022-05-04,29.127038502867823,29.209553250169268,28.384424662849412,28.50819206237793,1257969,,
2022-05-05,28.75573228941729,28.83824704326226,28.136885799852074,28.260656356811523,1058309,,
2022-05-06,28.01311859638643,28.17814495767319,27.724321677230588,27.97186279296875,1409172,,
2022-05-09,27.84809435845711,27.930605971583805,27.187992010594716,27.518041610717773,1475192,,
2022-05-10,27.559294527006173,28.21939673024856,27.311753446626636,27.435523986816406,1042277,,
2022-05-11,27.435529722236737,27.559300288300843,26.23909245820993,26.56914520263672,1658623,,
2022-05-12,26.321606732174875,26.321606732174875,25.24893998987942,25.909042358398438,1845346,,
2022-05-13,26.404116675967263,26.527887231932255,25.950296550122275,25.991552352905273,1411365,,
2022-05-16,26.32160326167277,27.0642187217949,25.74401415882577,26.77542495727539,1256129,,
2022-05-17,26.81667930236439,27.146731998978268,26.445370805577724,26.89919090270996,1011955,,
2022-05-18,26.981710114889452,28.13688844893473,26.981710114889452,27.765583038330078,1935652,,
2022-05-19,27.518039259701858,27.848091979242994,26.981707524967526,27.394271850585938,1344119,,
2022-05-20,27.806833721803667,28.343165409198093,27.72431897539363,27.930601119995117,1033405,,
2022-05-23,28.34316525520178,28.34316525520178,27.76557777154839,27.889345169067383,815856,,
2022-05-24,28.219400141515237,28.219400141515237,27.559297858477212,27.641809463500977,770774,,
2022-05-25,27.641811517568737,27.806837887495373,26.69291225120273,26.816682815551758,945847,,
2022-05-26,26.5691459736447,27.641812702735034,26.280350600794794,27.31175994873047,1257148,,
2022-05-27,27.641812178024093,27.765582745330416,27.31175943028476,27.518041610717773,653709,,
2022-05-30,28.631964294907835,29.704630892041706,28.631964294907835,29.29206657409668,4335366,,
2022-05-31,29.498347596799135,29.993423500216565,29.12703909542815,29.663373947143555,2216701,,
2022-06-01,30.117198216435874,30.117198216435874,29.580863290521332,29.74588966369629,1163791,,
2022-06-02,29.704627990722656,29.82839853306359,29.45709005365643,29.704627990722656,683926,,
2022-06-03,29.828407558826566,30.034689760069856,29.168301996754757,29.374584197998047,1081360,,
2022-06-06,29.53960771327291,29.704634087727992,28.96201697648828,29.457096099853516,843988,,
2022-06-07,29.415839190315175,29.78714458439814,29.20955701688412,29.333324432373047,742468,,
2022-06-08,29.292070916358462,29.580864722684442,28.9207623456419,29.08578872680664,815690,,
2022-06-09,29.044529303979342,30.405989697024857,28.962014549857294,29.993425369262695,1296248,,
2022-06-10,29.704627990722656,29.91091012954712,29.58085744838172,29.704627990722656,1015533,,
2022-06-13,29.168298354456315,29.62212165861509,28.34316965251847,28.54945182800293,1273223,,
2022-06-14,28.34316633997453,29.29206549534907,28.301910539222558,28.838245391845703,862566,,
2022-06-15,28.879499435424805,29.168293170732795,28.75572889308387,28.879499435424805,704673,,
2022-06-16,29.292062208387584,29.292062208387584,27.683060978685454,27.848087310791016,1092297,,
2022-06-17,27.806835970243892,28.17814449007345,27.311756894599156,27.68306541442871,652164,,
2022-06-20,27.641813189103246,27.641813189103246,26.610402249211333,26.734172821044922,1172900,,
2022-06-21,26.98170737908598,27.765580223046015,26.816681020207653,27.353015899658203,894036,,
2022-06-22,27.35301493343787,27.559297087845046,27.146732779030692,27.27050018310547,788808,,
2022-06-23,27.187993372629073,27.930607370820823,27.187993372629073,27.72432518005371,527472,,
2022-06-24,27.559298463559866,28.219400761090874,27.559298463559866,27.97186279296875,642623,,
2022-06-27,28.508195731299804,28.631966294373,28.21940194761724,28.46693992614746,434475,,
2022-06-28,28.54944786222077,28.755730009050737,28.260654115705126,28.50819206237793,385485,,
2022-06-29,28.26065739293279,29.044530271311086,28.054375222181456,28.7144775390625,581724,,
2022-06-30,28.75573334368954,29.20955663743538,28.466939563684125,28.7144775390625,739539,,
2022-07-01,28.714481494377623,28.8795078832337,28.549455105521545,28.7557373046875,544695,,
2022-07-04,28.838245391845703,29.085783343973375,28.67321904122198,28.838245391845703,565501,,
2022-07-05,29.003274170288112,29.209556338931367,28.50819507697464,28.63196563720703,522805,,
2022-07-06,28.673225684067745,29.16830170301941,28.508199295211668,28.7557373046875,601269,,
2022-07-07,28.8795000764017,29.49834650661031,28.8795000764017,29.209552764892578,1086887,,
2022-07-08,29.457092781093102,29.580860187278038,29.08578426730643,29.250810623168945,567208,,
2022-07-11,29.12703909542815,29.704629747825702,29.12703909542815,29.663373947143555,555610,,
2022-07-12,29.62211639423913,29.993421726030647,29.58085744838172,29.704627990722656,592572,,
2022-07-13,29.787144520210152,30.117197256035084,29.745888715136076,29.82840347290039,513629,,
2022-07-14,29.787143920755447,29.95217028534682,29.374579583085062,29.498350143432617,482808,,
2022-07-15,29.53960771327291,29.787145701147388,29.209558111979042,29.457096099853516,333167,,
2022-07-18,29.704638352850893,29.86966475100119,29.457100329433818,29.580867767333984,508903,,
2022-07-19,29.539603844472317,30.158450306916354,29.49834804316589,29.787141799926758,620057,,
2022-07-20,29.952165927788883,30.034680671888054,29.663372192480892,29.704627990722656,482462,,
2022-07-21,29.704629747825702,29.828400297487974,29.58085919816343,29.663373947143555,515907,,
2022-07-22,29.704632910062,30.03468564588693,29.663377104987926,29.82840347290039,405832,,
2022-07-25,29.828398225565103,29.993421416830948,29.49834554780219,29.622116088867188,516341,,
2022-07-26,29.6633825402175,29.74589416548428,29.498356142067205,29.580867767333984,489017,,
2022-07-27,29.66337188668365,29.869654023381564,29.49834554780219,29.622116088867188,494745,,
2022-07-28,29.787139280133033,29.787139280133033,29.539601345618653,29.622116088867188,412922,,
2022-07-29,29.910914217646663,30.612272326462296,29.745887854508847,30.282222747802734,1637417,,
2022-08-01,30.44724494953698,30.612268142504035,30.19970386485511,30.529756546020508,891779,,
2022-08-02,30.48850356684008,31.107350040533927,30.323477210998533,30.942323684692383,1650098,,
2022-08-03,31.14860953778195,31.272380106250125,30.81855678694436,30.901071548461914,1094333,,
2022-08-04,31.024839639915278,31.189866018901117,30.52976365057414,30.736045837402344,949215,,
2022-08-05,30.7360402659202,30.942322415355903,30.653528665192237,30.77729606628418,551605,,
2022-08-08,30.85981574151129,31.231121151683194,30.736045173043117,30.901071548461914,1321606,,
2022-08-10,30.901068265359257,30.901068265359257,30.117195426115252,30.19970703125,1048772,,
2022-08-11,30.199714913015352,30.653538302546878,30.199714913015352,30.447256088256836,641408,,
2022-08-12,30.447246185143644,31.107348426646993,30.447246185143644,31.02483367919922,1141818,,
2022-08-16,31.354892873172894,31.891227826102682,31.272381256237427,31.396148681640625,1750700,,
2022-08-17,31.43740324501762,31.43740324501762,30.942327267779667,31.231121063232422,982593,,
2022-08-18,31.354892587877504,31.519918967863294,31.23112201598406,31.313636779785156,969681,,
2022-08-19,31.93247506956803,32.59257727084688,31.684937137540413,31.849960327148438,3966681,,
2022-08-22,31.808711861598898,32.13876461212269,31.6849444408647,31.7674560546875,1452619,,
2022-08-23,31.68494595625842,32.42755995902945,31.64368699975743,32.01499557495117,1295056,,
2022-08-24,32.180016142495624,33.17017111486482,32.180016142495624,32.840118408203125,3459536,,
2022-08-25,33.170170963673385,33.70650267503415,32.716350854794,32.79886245727539,2686556,,
2022-08-26,33.005149554292316,33.54148449359611,32.79886736957799,32.922637939453125,2301830,,
2022-08-29,32.180020815435014,33.33520230888178,32.097509200595816,32.922637939453125,2390769,,
2022-08-30,33.252690726466575,33.66525513534983,33.211434915101584,33.4589729309082,1638656,,
2022-09-01,33.50022151743073,34.16032694737527,33.458965714963185,34.07781219482422,2379040,,
2022-09-02,34.49037139493304,34.73790932060939,34.28408926560017,34.407859802246094,2632319,,
2022-09-05,34.57288787816756,34.8204258163231,34.53162893212859,34.6966552734375,1912858,,
2022-09-06,34.49037139493304,34.86167985725531,34.242833469256695,34.407859802246094,1713247,,
2022-09-07,34.32535041971104,34.820429495955025,34.284094616928044,34.65540313720703,1489027,,
2022-09-08,34.86167938742896,35.23298784474715,34.82042359164148,34.944190979003906,1973609,,
2022-09-09,35.23298514993033,35.31549673519433,34.86167672101189,35.06795883178711,1654003,,
2022-09-12,35.48053631885707,35.52179212691386,35.19174251484316,35.35676574707031,3350004,,
2022-09-13,35.48053574268352,35.52179155007035,34.985459758808894,35.191741943359375,3109235,,
2022-09-14,34.90294375956041,35.10922593680086,34.73791738824481,35.02671432495117,3436640,,
2022-09-15,35.24727522645291,35.600187094956546,34.673788812366986,34.85024642944336,3342954,,
2022-09-16,34.6296806281824,34.6296806281824,32.20339727206771,32.556312561035156,3844506,,
2022-09-19,32.77688884439559,32.95334315051954,32.20340225254231,32.379859924316406,2273715,,
2022-09-20,32.600431293566736,32.99746021511886,32.46808719783264,32.865116119384766,1661121,,
2022-09-21,32.820998972597316,32.997456625831944,32.24751244099724,32.33574295043945,886154,,
2022-09-22,32.11517494458066,32.33574619182187,31.585801931811666,31.850486755371094,1673411,,
2022-09-23,31.938713981611027,31.938713981611027,31.321113879864033,31.541685104370117,892079,,
2022-09-26,31.188769743057996,31.321113823784604,30.30648484661336,30.791744232177734,1409172,,
2022-09-27,31.05642737322971,31.321112154930187,30.615284948512382,30.968196868896484,906671,,
2022-09-28,30.879968643188477,31.188766983360566,30.703511006383216,30.879968643188477,587678,,
2022-09-29,31.10054146471641,31.276999110695797,30.61528546251034,30.659399032592773,636109,,
2022-09-30,30.659405268675894,31.188774948637498,30.57117811056574,31.100547790527344,745351,,
2022-10-03,31.321113174827204,31.62991153592477,31.144655526064433,31.36522674560547,915676,,
2022-10-04,31.67403245009823,32.026944426294094,31.497574779175235,31.850486755371094,708669,,
2022-10-06,32.15928621248759,32.15928621248759,31.894601407927382,31.9387149810791,915613,,
2022-10-07,31.938714567678055,32.07105528542025,31.71814333912455,31.98282814025879,646889,,
2022-10-10,31.894597908804254,32.423967459848086,31.674026701594403,32.15928268432617,2369623,,
2022-10-11,32.33574815790147,32.33574815790147,31.762261533945107,31.89460563659668,983569,,
2022-10-12,32.02694100517392,32.07105457677992,31.49757141460236,31.80636978149414,833257,,
2022-10-13,31.89460111979745,31.938714692550654,31.54168580647208,31.718143463134766,625892,,
2022-10-14,32.203398657247696,32.203398657247696,31.58579855781436,31.80636978149414,737760,,
2022-10-17,31.76226127593649,31.894605377513013,31.32111875821515,31.674034118652344,701064,,
2022-10-18,31.850481854025325,31.850481854025325,31.497569932137697,31.76225471496582,906139,,
2022-10-19,31.89460150106113,32.15928630639423,31.58579975679759,31.629913330078125,1195578,,
2022-10-20,31.58580125189361,31.718145343649542,30.703516281920884,30.924087524414062,2752941,,
2022-10-21,31.100544257902765,31.71814439147338,30.92408659607545,31.321115493774414,881650,,
2022-10-24,31.76225703588797,31.850484181394382,31.453458660965673,31.718143463134766,457444,,
2022-10-25,31.850484181394382,31.982828265303862,31.58579937922529,31.718143463134766,1784063,,
2022-10-27,32.02694200064464,32.46808446171592,31.76225719713185,32.203399658203125,3151908,,
2022-10-28,32.37985487818943,32.776883736395014,32.24751080357102,32.5121955871582,3016623,,
2022-10-31,32.68865692331432,32.90922816215673,31.93871605751015,32.02694320678711,2552056,,
2022-11-01,32.20339924497173,32.37985690026592,32.07105516208862,32.24751281738281,990067,,
2022-11-02,32.203400634778,32.99745843504622,32.1592870604631,32.60042953491211,1926994,,
2022-11-03,32.64454564015423,34.93848533887794,32.6004320624192,34.32088851928711,9013366,,
2022-11-04,34.497337156252165,35.20316774652152,34.188538797246586,35.070823669433594,4596703,,
2022-11-07,35.24728207008662,37.27653664634341,34.98259727590526,37.055965423583984,10673798,,
2022-11-09,37.232431562389394,37.80591485290473,36.26191594162028,36.92362976074219,6182590,,
2022-11-10,36.83539115314547,37.18830642662103,35.600191061630504,35.908992767333984,2566361,,
2022-11-11,36.30602160858162,36.48247587966991,35.46785035831428,35.908992767333984,1893298,,
2022-11-14,36.129572069151536,36.879512986300924,35.51197188497839,35.86488723754883,2361223,,
2022-11-15,35.51196180442523,37.18830420480688,35.33550417822991,36.70304489135742,4217257,,
2022-11-16,37.36476763567355,43.05550644182534,37.32065405971038,41.687965393066406,105560688,,
2022-11-17,41.908533742751494,43.93778838769159,41.070362394766484,43.143733978271484,61657224,,
2022-11-18,42.9231603211884,42.9231603211884,41.02624650224411,41.335044860839844,17155482,,
2022-11-21,41.33505281419305,41.8644258580501,40.276313457779615,40.80568313598633,11480858,,
2022-11-22,41.246816963626074,43.893671528136835,41.20270339401415,42.52613067626953,26885242,,
2022-11-23,42.61435953572792,45.12887349290752,41.908532296495835,44.86418533325195,34237755,,
2022-11-24,44.82007224021533,45.305328262013326,43.67310254351559,43.80544662475586,12936932,,
2022-11-25,43.981896672070256,44.77595435165997,43.58487119792486,43.84955596923828,9451137,,
2022-11-28,44.070134005993516,46.23173281056527,43.71721867908997,43.93778991699219,19340450,,
2022-11-29,44.11424294496194,44.864183728766434,42.834929226428116,43.01138687133789,9012285,,
2022-11-30,43.36431033316453,48.70213406228822,43.23196623312953,47.02579116821289,80235507,,
2022-12-01,47.334586097466726,47.37869966921208,46.09938589469815,46.937557220458984,16352727,,
2022-12-02,46.89344606706929,47.8198445840964,46.408186655895605,46.58464431762695,9958913,,
2022-12-05,46.937559258297036,47.64338653381618,46.14350146980679,46.672874450683594,10411579,,
2022-12-06,46.71698377169905,47.290466908382356,45.349442918808535,45.658241271972656,7599239,,
2022-12-07,46.09938732978916,46.893445108523956,45.43767363606013,46.23173141479492,9894610,,
2022-12-08,46.408185509692295,46.8493279703002,45.43767344261484,45.70235824584961,5838385,,
2022-12-09,45.9670372721353,46.584637312498906,42.79081330119312,43.36429977416992,12800730,,
2022-12-12,43.49664306640625,44.334814359263554,42.834929419253065,43.49664306640625,7379041,,
2022-12-13,43.98190018091485,49.58441122131893,43.80544589639482,48.56978225708008,49094896,,
2022-12-14,49.40795255008756,50.68726628031797,48.393323606816956,49.23149490356445,30297827,,
2022-12-15,49.143264222305184,51.92245933361396,48.6580082535671,49.7608642578125,27382347,,
2022-12-16,49.76087418876284,50.64315916823984,46.93756158130642,47.37870407104492,14826511,,
2022-12-19,47.90806951308129,51.878351572712056,47.42281349003415,51.08429718017578,33188218,,
2022-12-20,51.08429968621619,51.26075398278069,48.922700896801345,49.67264175415039,13019544,,
2022-12-21,49.98143755621782,50.775491893208695,44.33481323125135,45.790584564208984,22087643,,
2022-12-22,46.40818225225284,46.849324681896505,43.23195810507837,44.07012939453125,17243013,,
2022-12-23,43.452520844447385,43.67309201624661,40.05572614499891,40.40863800048828,13806920,,
2022-12-26,40.364532095480136,44.07012915770332,39.96750323780451,43.54075622558594,14231832,,
2022-12-27,44.29069519042969,45.349437565168294,43.32017994456545,44.29069519042969,11071705,,
2022-12-28,44.37893166911992,45.96704388298894,43.849562053046895,45.614131927490234,10132199,,
2022-12-29,44.7759540948927,46.716981349476065,44.731840527535006,46.01115417480469,9582157,,
2022-12-30,46.54053525988486,46.849333673642946,45.70236380956257,45.96704864501953,6566969,,
2023-01-02,45.87881640853169,47.819843929714935,45.83470283511501,47.20224380493164,8474214,,
2023-01-03,47.20223511780871,48.393318209101174,46.54052154139083,46.805206298828125,7605226,,
2023-01-04,47.069902699938325,47.15813321800918,44.996534327199946,45.74647521972656,7316410,,
2023-01-05,46.011160183551915,46.452302646037936,44.90830402733686,46.23173141479492,6487438,,
2023-01-06,46.055265098467935,46.67286510297205,45.52589222361472,45.834693908691406,4936943,,
2023-01-09,46.231722723419004,46.67286510297205,45.52589222361472,45.834693908691406,3485603,,
2023-01-10,45.83470505473792,46.23173396601468,44.555391169801716,44.82007598876953,4933355,,
2023-01-11,45.08475498222204,45.4817838421977,44.37892776762622,45.12887191772461,4019196,,
2023-01-12,45.34944635302463,45.393559926010184,44.24659020013638,44.64361572265625,3321000,,
2023-01-13,44.73184323536162,45.17298566694181,44.46715844954343,44.55538558959961,3606508,,
2023-01-16,44.68773244620278,46.40818534390774,44.68773244620278,45.21710205078125,7120358,,
2023-01-17,45.21710268795421,45.437673920578376,43.981902438998915,44.59950256347656,3354081,,
2023-01-18,44.82007653247703,45.52590384683688,44.51127813421026,45.2612190246582,3709969,,
2023-01-19,44.82006351369103,45.349436369932725,44.334807586372996,44.4671516418457,2263725,,
2023-01-20,44.73184179227837,45.30532491544182,44.02601459765051,44.20246887207031,2561512,,
2023-01-23,44.55538824832801,44.55538824832801,43.452532103567414,43.67310333251953,2503893,,
2023-01-24,43.93778446280997,43.98189803178441,42.7908148412266,43.099613189697266,2168408,,
2023-01-25,43.099614836513716,43.187845343483424,41.77618752281545,41.864418029785156,3310624,,
2023-01-27,41.90853098051144,42.393786981892696,39.43813403794807,40.364532470703125,6570904,,
2023-01-30,40.364536055547255,41.55561937977883,40.14396482027104,40.93802261352539,3804125,,
2023-01-31,41.11447461973155,43.187846135260465,40.93802033385656,42.79081726074219,4877811,,
2023-02-01,43.1437276009901,43.80544119385406,40.14395796708038,41.37915802001953,6701943,,
2023-02-02,41.37916424745125,42.084991512934344,40.84979127410152,41.026248931884766,3334400,,
2023-02-03,41.46739691656989,41.555624074387566,39.7910539928314,40.80568313598633,3167853,,
2023-02-06,40.849792100024935,41.55561937977883,40.71745137824918,40.93802261352539,3054925,,
2023-02-07,41.026241459524734,41.29092621516601,40.32041432259825,40.49687194824219,3979569,,
2023-02-08,40.585109978972646,42.129108728172696,40.27631157539271,41.59973907470703,3585074,,
2023-02-09,41.46738893775212,41.820304232418394,41.02624650224411,41.335044860839844,2136592,,
2023-02-10,41.02624275756567,41.820300415262174,40.98212919117128,41.37915802001953,2348062,,
2023-02-13,41.555612005576386,41.73206963561426,40.32041532660993,40.84978485107422,2419902,,
2023-02-14,40.49687222666448,40.49687222666448,39.26167220431398,39.39401626586914,3284445,,
2023-02-15,39.30578536485651,39.96749893451958,38.952873480425765,39.43812942504883,2718274,,
2023-02-16,39.65870981659309,42.393791859537416,39.65870981659309,41.77619171142578,6374194,,
2023-02-17,41.776190192273525,42.261449597490255,40.67333402705353,40.98213577270508,2836438,,
2023-02-20,40.98213029201565,41.114470994753695,40.011614977022646,40.143959045410156,1494034,,
2023-02-21,40.143969162377,40.496884523251424,39.526368963671906,39.83517074584961,1618163,,
2023-02-22,39.526363622685125,39.70282127927856,38.86464993469715,38.99699401855469,1586734,,
2023-02-23,39.217563443145764,39.26167701385161,38.291164995724145,38.73230743408203,1810359,,
2023-02-24,38.996997715581806,39.70282504322013,38.20293986845733,38.511741638183594,2358250,,
2023-02-27,38.42350672826653,38.55585080954848,37.62945233752422,38.070594787597656,1468463,,
2023-02-28,37.850024918458246,38.5117386172729,37.71768083243535,38.37939453125,1707302,,
2023-03-01,38.59996448546494,39.70282061362108,38.51173734147237,39.57047653198242,1851796,,
2023-03-02,39.57047714531806,40.540992572528175,39.57047714531806,40.05573654174805,2895711,,
2023-03-03,40.232196513220444,41.290939235284206,40.232196513220444,40.80568313598633,2742452,,
2023-03-06,41.02624114945661,41.86441234069363,40.80566996048103,41.55561065673828,3231254,,
2023-03-08,41.20269877376691,41.820298776028366,41.07035471412187,41.55561065673828,1988401,,
2023-03-09,41.68796131686929,43.93778712750688,41.68796131686929,43.27607345581055,8415786,,
2023-03-10,42.746701649099414,43.01138643092906,41.46738794366493,41.99675750732422,4009558,,
2023-03-13,42.12909846178715,42.48201372186291,40.585100088842076,40.84978485107422,2199376,,
2023-03-14,41.202706426648064,41.732076032253445,40.32042150687252,40.540992736816406,3030466,,
2023-03-15,40.849789686011874,40.98213376561672,39.835164083090426,40.18807601928711,1967212,,
2023-03-16,40.27630714652219,40.32042071851848,39.34990530635119,39.57047653198242,2166125,,
2023-03-17,39.57047455578311,40.14396106004359,39.52636098598991,39.879276275634766,1574695,,
2023-03-20,40.49687344044957,40.49687344044957,38.820530983537076,39.217559814453125,2048808,,
2023-03-21,39.262438338080564,39.7111519190872,39.172696991244415,39.53166580200195,1728892,,
2023-03-22,39.48679512858388,39.845767362754366,39.39705378174773,39.53166580200195,1039190,,
2023-03-23,39.5316663845004,39.93550929803958,38.76885465491428,39.038082122802734,1572381,,
2023-03-24,39.038076356909684,39.172691782677816,37.96116322100209,38.275264739990234,2215484,,
2023-03-27,38.2752673969796,38.36500873811302,36.70476996325568,36.92912673950195,2274513,,
2023-03-28,37.10861488500827,37.28810101711232,36.34580310283263,36.570159912109375,3663764,,
2023-03-29,36.25605625178188,39.038078895671546,36.25605625178188,38.94833755493164,5370562,,
2023-03-31,39.21756356853367,39.57653234179826,38.634234604786414,38.813720703125,2512710,,
2023-04-03,38.993207410321496,40.56370480433457,38.993207410321496,40.249603271484375,2104668,,
2023-04-05,40.20473235165877,40.78806132088145,39.62140680584871,39.93550491333008,1823495,,
2023-04-06,39.935509323068246,40.42909358507526,39.71115252911842,39.845767974853516,1487539,,
2023-04-10,39.89063585533567,40.429090753740915,39.711149748063,39.980377197265625,1198464,,
2023-04-11,40.0701211781375,40.38421929215586,39.576533536947665,40.15986251831055,1512234,,
2023-04-12,40.29447956943425,41.102161933650756,39.980378019394934,40.204734802246094,1813808,,
2023-04-13,40.29447956943425,40.473962256984926,39.756021236543766,40.204734802246094,1574991,,
2023-04-17,40.20473105737551,41.46113029367982,40.114989721959134,40.60857391357422,2588232,,
2023-04-18,40.74318856776154,41.10215732603476,40.38421638607589,40.78805923461914,2327900,,
2023-04-19,40.96754778443347,42.13420230981861,40.87780302191914,41.057289123535156,4091641,,
2023-04-20,41.14702877289749,41.5508716290962,40.473958487037144,40.60857391357422,1685927,,
2023-04-21,40.60857601654149,40.832932790113546,39.66627825222141,39.756019592285156,1641017,,
2023-04-24,39.98037701762907,42.31368955486437,39.66627889887275,41.99958801269531,7215162,,
2023-04-25,42.17907371475449,44.06366925604865,41.99958761000916,43.7047004699707,9212608,,
2023-04-26,43.525211407869534,44.60212453975704,42.85214112836639,43.929054260253906,5413681,,
2023-04-27,43.92906248986983,44.198289967425325,43.25599208427452,43.43547821044922,3080869,,
2023-04-28,43.525210646567494,44.42263767020806,43.435469313568404,44.10853958129883,4149984,,
2023-05-02,44.422639484812606,46.93543456896798,44.24315338807025,46.48672103881836,13235597,,
2023-05-03,46.66621264778663,48.550808327658984,46.531597203475904,48.146968841552734,19323602,,
2023-05-04,48.50593065173335,51.28795651971032,48.46105998457827,49.58284378051758,25242174,,
2023-05-05,49.58284838286284,51.691800745619496,48.23670770278512,49.40336227416992,18475877,,
2023-05-08,49.89694759351996,50.97386084574681,48.46106553949273,50.34566116333008,13613623,,
2023-05-09,50.4354012011143,51.06360082461358,48.191833562483,48.59567642211914,8608400,,
2023-05-10,48.685416594431906,49.26874553589607,47.74311889341571,48.7751579284668,5742478,,
2023-05-11,49.044392744012804,50.435404074530695,49.044392744012804,49.986690521240234,8214719,,
2023-05-12,50.2559159095076,50.2559159095076,47.78799146752286,48.41619110107422,5747788,,
2023-05-15,48.46106664484197,49.67259194159785,47.6533808313961,49.35849380493164,6181434,,
2023-05-16,49.44822738722988,53.98023657279834,48.82003121253663,52.5892219543457,48452018,,
2023-05-17,53.03794350978067,54.159727453925036,51.33283396872897,51.78154754638672,16851084,,
2023-05-18,52.230255903714536,53.5763965021432,51.64692694169709,52.0507698059082,12786292,,
2023-05-19,52.27512949505217,52.32000016615936,50.16617714229929,51.01873016357422,7434217,,
2023-05-22,50.88411545059484,51.51231508300467,50.211045149458435,50.435401916503906,7279951,,
2023-05-23,50.70463152182243,50.97385896911416,49.8969457565345,49.986690521240234,4444252,,
2023-05-24,49.80720397048899,52.4994852661911,49.31361975095948,51.287960052490234,13538311,,
2023-05-25,51.28795941427627,51.42257142333868,50.34565823377613,50.97385787963867,4876766,,
2023-05-26,51.06360373381989,51.467443193051125,49.852075085888,49.986690521240234,5598757,,
2023-05-29,50.435404906567165,50.614891015526894,48.820036772755195,50.2110481262207,7869120,,
2023-05-30,50.39053473353671,53.621271033112244,50.16617795097139,51.24308776855469,25585905,,
2023-05-31,51.33283072273606,51.5571874973779,50.614889728564705,51.287960052490234,6342338,,
2023-06-01,51.602056523943155,53.621267431401805,51.467441094080876,52.3648681640625,16599444,,
2023-06-02,52.58922359978476,55.37124950032312,52.5443529321045,55.05714797973633,30022801,,
2023-06-05,55.550739485518186,55.999453040575965,54.832795058695545,55.460994720458984,15678637,,
2023-06-06,55.595605136179884,55.595605136179884,53.98023716851862,54.51869201660156,7380074,,
2023-06-07,55.01228029331347,55.73022128534213,54.473825405145135,54.832794189453125,8708228,,
2023-06-08,55.01227795942666,55.19176405567234,52.634098310262296,52.94819641113281,11276536,,
2023-06-09,53.172553240692764,54.11485096787063,52.634098374709,53.3520393371582,7458469,,
2023-06-12,53.666136589645454,53.755881348165076,52.589223451297514,53.127681732177734,5698623,,
2023-06-13,53.35204345190038,55.10202703643281,53.26229868503987,54.47382736206055,10221299,,
2023-06-14,54.60843602202871,54.96740822058944,53.30716950492443,53.57639694213867,5156756,,
2023-06-15,53.755876800600696,53.98023354280118,52.58921900242842,52.813575744628906,4834322,,
2023-06-16,53.08280657399925,53.262289229029875,52.63409308959828,52.813575744628906,3748714,,
2023-06-19,53.082815897429526,54.294341148738745,52.63410233421681,53.262298583984375,9092029,,
2023-06-20,53.35203927183243,53.75588213253206,52.27512611777095,52.94819641113281,6165047,,
2023-06-21,53.17255355708332,56.35841895050453,53.17255355708332,54.06998062133789,23497971,,
2023-06-22,54.204595727809625,54.83279193031984,52.9481964759641,53.3520393371582,8565953,,
2023-06-23,53.39690561005563,53.57639169174668,51.3328242291393,51.82640838623047,9660323,,
2023-06-26,51.91615676879883,52.31999965161748,51.24308643857198,51.91615676879883,6134882,,
2023-06-27,52.14051655792431,52.589230137333,51.557190958740776,51.691802978515625,4141415,,
2023-06-28,52.00589659082267,52.18538267984041,51.2430815683504,51.3776969909668,3102362,,
2023-06-30,51.512317024368,51.82641514070416,51.063603473366236,51.19821548461914,3921704,,
2023-07-03,51.51231653315161,52.768712409928064,51.287959759790176,52.09564208984375,5735480,,
2023-07-04,52.40974278634558,52.454613455615956,51.4674416146047,51.87128448486328,4406241,,
2023-07-05,51.78154407299691,53.35204148945358,51.78154407299691,52.90332794189453,8514438,,
2023-07-06,53.03793554671745,53.666135145803615,52.72383745888057,52.993064880371094,4849483,,
2023-07-07,52.72383873383457,53.262293589836396,51.82641169155653,52.31999588012695,3782032,,
2023-07-10,52.454609851383644,53.4417782011525,51.871280920712344,53.08280944824219,8205125,,
2023-07-11,53.307166819619766,54.96740545165162,52.94819463914197,54.11484909057617,12851763,,
2023-07-12,54.42895170411827,54.47382237173152,53.26229380569858,53.531524658203125,5567601,,
2023-07-13,53.755882922234896,54.1597223654546,52.544354322338016,52.76871109008789,6171882,,
2023-07-14,52.90332354767839,53.576393813110904,52.63409612618786,52.993064880371094,3501237,,
2023-07-17,53.17255724070695,54.02511369549367,52.85845911582317,53.262298583984375,3883417,,
2023-07-18,53.396912159526956,53.57639826323311,52.58922640455559,52.90332794189453,3039266,,
2023-07-19,53.037941802378015,54.1597257104098,52.94820045910059,53.262298583984375,3569579,,
2023-07-20,53.30717629889521,54.2943448356324,53.21743152611081,53.755889892578125,5718104,,
2023-07-21,53.845623274773885,55.057148429091285,53.486651083577044,54.15972137451172,8437824,,
2023-07-24,54.42895586989752,57.79430754965014,54.24946976229483,56.17893600463867,24972173,,
2023-07-25,56.71739471445452,58.6917350647304,55.50586604742912,58.10840606689453,20067806,,
2023-07-26,58.512238256789416,58.82634318744599,56.89687374844353,57.21097183227539,9495572,,
2023-07-27,57.34558879723046,58.06352631577547,56.40328767353558,56.85200119018555,6739713,,
2023-07-28,56.85201102508653,57.07636782222328,55.95458383653955,56.8071403503418,5113243,,
2023-07-31,56.94175542411738,57.97379463012236,56.807139977353984,57.61482238769531,5993325,,
2023-08-01,58.06352492682295,58.96095193865529,57.749426842046574,58.01865768432617,8534677,,
2023-08-02,57.88404921192594,60.30709969602053,56.403293095279004,57.30072021484375,23318683,,
2023-08-03,57.56995108944339,57.6148183373263,56.71739464117433,57.30072021484375,7267256,,
2023-08-04,57.79430220560352,59.76863893643451,54.51869217083061,55.326377868652344,20574241,,
2023-08-07,55.59560579902244,58.73659701483821,55.01227685380077,57.973785400390625,15427562,,
2023-08-08,58.377627228344316,63.08911882819792,58.377627228344316,61.787845611572266,50457824,,
2023-08-09,61.11478290851532,61.47375511064326,59.992999056131325,60.262229919433594,9104602,,
2023-08-10,60.48659413674522,61.51863677736396,59.58916694435086,59.94813919067383,8909545,,
2023-08-11,60.26223255497759,61.29427511367188,59.45454677657224,60.441715240478516,10781413,,
2023-08-14,60.75581700598491,61.29427878842101,57.88405278484692,60.935306549072266,9421185,,
2023-08-16,60.935304772052895,62.37118684074813,60.03787762326515,61.20452880859375,9723390,,
2023-08-17,61.2942744141269,64.4352693023244,61.2942744141269,63.35835266113281,24642958,,
2023-08-18,63.358349471520604,66.67883372283491,62.505796497802486,66.09550476074219,32377264,,
2023-08-21,66.31986995330617,66.63396809685543,64.07630200391709,64.70449829101562,13170721,,
2023-08-22,64.65962250452513,66.76857472918674,64.34551755561426,66.49934387207031,14552354,,
2023-08-23,66.81345165985677,67.93523564908757,66.14038126631827,67.35191345214844,11434166,,
2023-08-24,67.71087344349979,68.60830056321126,65.33269705372486,65.60192108154297,8728639,,
2023-08-25,65.60191847255004,66.3647301246026,63.53784028739754,64.12116241455078,6079507,,
2023-08-28,64.43527221679688,65.15320982990548,64.07629998682967,64.43527221679688,4366248,,
2023-08-29,64.61474841273069,67.08267283127249,64.61474841273069,66.49934387207031,10186054,,
2023-08-30,67.03780378341474,69.28137160544101,66.54422297066434,68.6531753540039,16957319,,
2023-08-31,68.65319039576389,68.69806450076648,66.85833574489423,67.2173080444336,6154672,,
2023-09-01,67.08267472386635,69.28136834732315,66.18524763725945,68.56343078613281,9029147,,
2023-09-04,69.10187645348404,70.17878607506833,68.5634216426919,68.92239379882812,12415818,,
2023-09-05,69.2813561853346,72.19799370480622,68.56341875017452,69.86468505859375,13148155,,
2023-09-06,70.22366603748317,72.15313554717518,68.33907061862178,69.68521118164062,11837635,,
2023-09-07,69.99931218371427,71.07622194011823,69.81982950658869,70.17879486083984,7274199,,
2023-09-08,71.67393646438495,72.79530615508449,71.20670087562247,72.00100708007812,5871090,,
2023-09-11,72.42152846355819,73.40272621710272,69.80500587373976,70.505859375,7977855,,
2023-09-12,71.01981404681716,71.20670544252889,64.47851538461032,64.99247741699219,10458490,,
2023-09-13,65.36627170126825,66.53436095346711,63.21699175489294,66.30074310302734,6892080,,
2023-09-14,66.72126101287574,68.16968744052477,66.34747101787075,67.04832458496094,4671571,,
2023-09-15,67.28194308054084,69.89846594100904,67.00159879925809,68.30986022949219,8350242,,
2023-09-18,68.59018904808231,68.87052613671578,67.51554571802997,67.88933563232422,3125408,,
2023-09-20,67.8426122122382,69.3844912208129,67.14175876556331,68.87052917480469,5275624,,
2023-09-21,68.68364185887563,70.45913878860058,67.04831705271192,67.46882629394531,7956938,,
2023-09-22,67.74917130373188,80.92521560725723,67.5622798898466,80.17764282226562,119989474,,
2023-09-25,81.20555040167,81.85967740355005,76.25285008646513,78.0750732421875,47391136,,
2023-09-26,78.3087085837439,81.29901430406701,76.62665716015512,78.21525573730469,36786586,,
2023-09-27,77.93490473279593,85.73773835022325,77.09387917050047,80.8317642211914,89176846,,
2023-09-28,81.29899582891187,83.16793826176041,79.94401541687651,80.87848663330078,27401238,,
2023-09-29,81.53262951894092,87.6534200308825,80.73833025610791,85.78447723388672,42476225,,
2023-10-03,85.50412493967627,87.60668538901257,84.10241797345206,84.42948150634766,22570064,,
2023-10-04,84.42948347488371,89.61580222261624,80.971942396029,83.30812072753906,68609200,,
2023-10-05,84.42948238829659,86.85910639590828,83.54173748552802,84.3360366821289,21866886,,
2023-10-06,85.03689066783902,87.41979540097073,83.40156584730366,86.11153411865234,21711391,,
2023-10-09,84.56966209424132,84.85000636732862,80.97194861335994,81.6260757446289,13163530,,
2023-10-10,83.02778506318526,85.27051791928126,82.60727577180216,84.05570220947266,13800955,,
2023-10-11,84.66311031026359,87.51325102954154,84.66311031026359,85.41069030761719,15479213,,
2023-10-12,86.15825082843863,86.85910430197619,84.66309817744852,85.0368881225586,11355838,,
2023-10-13,84.89671893738249,86.15825380747938,83.86880189987578,84.24259185791016,8575762,,
2023-10-16,84.56966339808982,85.317243384881,83.54174626334027,83.7286376953125,4925790,,
2023-10-17,84.66311006437695,86.15826292529054,83.77536505836767,84.05570220947266,8320068,,
2023-10-18,77.56112157518619,77.93491153878804,74.71098112335393,74.99132537841797,52573076,,
2023-10-19,74.150290432252,74.29046254218379,72.42152008829237,73.82322692871094,32549175,,
2023-10-20,73.82323186074522,74.94459455621698,72.0477349850398,72.32807922363281,22263214,,
2023-10-23,72.14118744012562,72.88876739337648,67.79590124138883,68.35658264160156,18435231,,
2023-10-25,69.05743624509995,70.36569759990613,65.88023213469945,68.77709197998047,17494664,,
2023-10-26,68.21640545660847,69.94517594982423,66.58108066826512,69.43122100830078,12573433,,
2023-10-27,69.7115670280646,71.90757345561663,69.61812131125517,71.5337905883789,14954859,,
2023-10-30,71.53377975544893,71.53377975544893,69.85172858980077,70.03861999511719,6452535,,
2023-10-31,70.3657037807316,71.81413026587447,69.80501520124254,70.31897735595703,7850486,,
2023-11-01,70.41240424260651,70.64602204508991,69.19759594736256,69.33776092529297,4586543,,
2023-11-02,70.31896396662225,70.97309101220615,69.89845474152548,70.55258178710938,6873675,,
2023-11-03,71.01982293766302,72.04774000166012,70.55258726044156,70.83293151855469,6445508,,
2023-11-06,71.48705237267887,74.94459323042713,71.39360667128433,73.86995697021484,22383843,,
2023-11-07,74.29046355471334,74.29046355471334,73.16910091887493,74.1502914428711,6621300,,
2023-11-08,74.3839041198561,76.5799099556811,73.86994925116687,75.7388916015625,21073896,,
2023-11-09,76.15942079017292,76.20614721299029,73.91668795451072,74.2437515258789,6396726,,
2023-11-10,74.01012366314875,76.06596478845576,73.12237878526741,75.03804779052734,9820785,,
2023-11-13,75.7856319969613,76.15942199707031,74.85116056141443,75.9258041381836,7289879,,
2023-11-15,76.5332003792211,76.95370960960219,75.59872908552963,76.39302825927734,9596374,,
2023-11-16,76.62665591588613,77.2340637606218,75.879075933219,76.1126937866211,6856618,,
2023-11-17,76.20613335413825,76.2995790533278,74.99131787632439,75.41182708740234,5073519,,
2023-11-20,76.15940929784294,78.35541537931404,75.87906506214448,77.00043487548828,17648403,,
2023-11-21,77.46768105128281,78.68248960247841,76.01924751893112,77.98163604736328,12565069,,
2023-11-22,78.40214656419246,78.49559227195945,76.53320389105058,77.79473876953125,8472219,,
2023-11-23,77.8414653969722,78.02835681300758,76.67337622312478,76.86026763916016,4004621,,
2023-11-24,77.04714395533263,77.18731605461319,76.1593992089709,76.3462905883789,3864295,,
2023-11-28,76.72009669971906,77.88818589164369,75.92579747510045,76.25286102294922,5804305,,
2023-11-29,76.76682490597936,77.32750630526331,75.8790728217832,76.06597137451172,5092121,,
2023-11-30,76.48646605678537,81.57933835865272,76.29957466914506,80.13090515136719,48799946,,
2023-12-01,81.0186585400192,81.95312983634908,79.71040442871755,80.03746795654297,17934183,,
2023-12-04,81.53263727333257,83.16796237623608,80.08420361612306,82.14004516601562,25061470,,
2023-12-05,82.51381609729907,83.5884523556003,80.22435720522904,81.67279052734375,15186001,,
2023-12-06,82.18675800450481,82.32693014248648,80.64488587505976,81.11212158203125,7811465,,
2023-12-07,80.92521797912292,88.21409740548864,80.92521797912292,86.251708984375,53082188,,
2023-12-08,86.53203887009182,87.46651014758623,83.21467011265672,84.80326843261719,16327894,,
2023-12-11,85.03689848000533,87.32635058730197,84.33604492110419,85.17707061767578,12199649,,
2023-12-12,85.73775009595816,92.79301194746043,85.2237879792974,89.0083999633789,83805618,,
2023-12-13,89.61581119251039,94.05455046666519,88.58789404964898,93.12007904052734,51936101,,
2023-12-14,93.91437708887652,111.71606037392162,93.6807592354216,104.05339050292969,193717874,,
2023-12-15,106.10923686125852,108.86592480937192,100.92291741984693,103.49271392822266,43632082,,
2023-12-18,103.91320488266182,107.60437076600678,101.2032438377518,103.86648559570312,28847631,,
2023-12-19,104.42716241371659,106.06248710475913,101.81064005626857,102.55821990966797,16526738,,
2023-12-20,103.25908704426745,105.22147550790635,93.96109970518387,95.03573608398438,27249398,,
2023-12-21,92.51266154837101,99.19413297497678,90.55027318384111,98.82034301757812,19913079,,
2023-12-22,99.33430234149931,99.9884294016929,96.53088843304063,98.68016815185547,12018664,,
2023-12-26,99.14742003401281,99.8015543307405,97.83915857000882,98.58673858642578,7790552,,
2023-12-27,99.05395400733279,107.6978132013689,99.05395400733279,106.52972412109375,63321401,,
2023-12-28,108.21178045540637,127.83567794829196,107.93143621087074,119.6123275756836,234662818,,
2023-12-29,119.6123242558781,121.90177604805822,115.87443912288191,117.6966552734375,47498850,,
2024-01-01,117.74339185726757,125.1724363488625,114.70635992444123,120.6402587890625,59160163,,
2024-01-02,121.29438955557295,121.85506383553442,117.18271400413047,118.81803894042969,21117216,,
2024-01-03,118.77130391655119,121.94850784570092,117.5097690543823,118.490966796875,17954305,,
2024-01-04,119.23853337447022,123.67727906427851,118.35078851417859,120.17301177978516,24596544,,
2024-01-05,120.87387171681146,121.6681637885391,116.52857149574527,119.33198547363281,14924792,,
2024-01-08,119.70578719990723,119.93940504045435,115.594104650937,116.06134033203125,9038812,,
2024-01-09,117.08926038482117,119.93940079027873,115.50065484772416,117.46304321289062,13926169,,
2024-01-10,117.41631074204872,117.50975643857515,114.65961635309625,115.82770538330078,7714596,,
2024-01-11,116.43512117941381,123.11659232141878,115.92116624815198,118.53768157958984,33901416,,
2024-01-12,119.28527092363142,119.70578731468987,117.97700958942292,118.35079956054688,7612136,,
2024-01-15,119.14509874813628,127.88241169322683,119.05165303775337,124.19123840332031,58742842,,
2024-01-16,124.84536403339118,129.93822946677278,119.75248434110995,122.92969512939453,30753838,,
2024-01-17,120.96730469141202,131.1997623850005,118.72457931653517,128.72341918945312,52876313,,
2024-01-18,128.91029931879132,130.3587325320382,120.92056769891887,128.6766815185547,29996826,,
2024-01-19,129.51770800553058,152.31879852252032,129.51770800553058,148.95469665527344,129698708,,
2024-01-23,158.34615647319308,158.57977429456366,138.30175025137814,140.07723999023438,44763598,,
2024-01-24,140.0772495132423,157.17807805193038,136.0123077003836,154.8886260986328,46968738,,
2024-01-25,155.07550427320203,158.11253589812637,150.44987434240497,152.83277893066406,26833648,,
2024-01-29,154.0475882312827,162.36437648887997,154.0008618179233,156.8042755126953,23711910,,
2024-01-30,158.29945255606262,161.57010252010443,151.57126119609993,153.58038330078125,20469228,,
2024-01-31,154.6082764464661,164.46695168625772,152.03848032636833,161.05613708496094,39070997,,
2024-02-01,162.17749998714436,193.24867129080818,160.7757930110392,192.4076385498047,185298230,,
2024-02-02,203.62128557439877,211.61101784530015,191.56661180349496,194.37002563476562,96631232,,
2024-02-05,195.81843776840466,203.6212635321007,178.43726819250344,188.15577697753906,34846849,,
2024-02-06,189.3706133174949,193.5757343912415,179.04471631019365,188.43614196777344,24221574,,
2024-02-07,189.3238805201113,194.3700195549985,183.6703266187749,184.93185424804688,12481080,,
2024-02-08,185.9597928994949,189.60422534823624,181.28743629397994,185.1187744140625,13945384,,
2024-02-09,185.6794433033328,193.0617750827565,170.49428477278127,187.034423828125,31922898,,
2024-02-12,187.82873378727137,190.9124919698873,168.34500122070312,168.34500122070312,20600803,,
2024-02-13,158.86012310366235,173.5780462735605,153.76725730300154,168.34500122070312,40771765,,
2024-02-14,163.90625958699445,185.1654815673828,162.78489688376504,185.1654815673828,35168331,,
2024-02-15,189.79112616779906,194.18313841292652,181.3808844928697,190.25836181640625,32388546,,
2024-02-16,190.44525266473127,191.3797239592011,184.46462782478415,185.679443359375,13102776,,
2024-02-19,186.52045872284796,186.52045872284796,179.18485404032333,180.44639587402344,12086690,,
2024-02-20,181.80139884069848,188.10908027439265,178.34385779549075,185.44583129882812,17562475,,
2024-02-21,186.0532519884331,192.8748814546399,181.94156948204542,183.01622009277344,27955586,,
2024-02-22,184.46462239409126,185.86632929452935,177.2224700751612,182.6891326904297,15918399,,
2024-02-23,183.67032761559594,192.31418670521842,182.50223854943073,186.28684997558594,20644507,,
2024-02-26,186.89427125274847,199.78997882096837,184.97860212062753,190.11819458007812,43236849,,
2024-02-27,191.09938536217464,195.53812414198063,184.09085044669146,185.9597930908203,16020371,,
2024-02-28,187.08113777861382,189.2771508771857,175.26008239838498,178.8577880859375,15185497,,
2024-02-29,178.76438581155617,180.63332865483662,171.3353408612968,178.62420654296875,15237395,,
2024-03-01,180.25950220204714,184.09084011096218,180.25950220204714,181.6612091064453,6756575,,
2024-03-04,183.8572597665218,185.77292911142243,179.51197318081066,182.78262329101562,7112998,,
2024-03-05,182.68913801371193,192.12730378856872,182.26862878310752,187.034423828125,17553782,,
2024-03-06,186.98771822640762,191.09938636143065,178.76436769746076,183.06292724609375,11305930,,
2024-03-07,184.09082028372077,191.56658963534395,183.71703751969898,189.18368530273438,18374013,,
2024-03-11,189.93128917213045,190.5386898054062,181.5677740013247,182.6424102783203,8877092,,
2024-03-12,183.15637601470735,183.67033808489606,169.6065420748438,170.40084838867188,13617314,,
2024-03-13,170.6811487849232,174.27886839365985,153.3934326171875,153.3934326171875,15252429,,
2024-03-14,145.12339549198157,168.7187957763672,142.55359942140493,168.7187957763672,24873815,,
2024-03-15,163.53249891681187,179.51196594310127,158.0191232283203,176.42820739746094,42797939,,
2024-03-18,177.54955090974508,181.28743619205548,168.20483770396902,168.6720733642578,14403349,,
2024-03-19,169.32622292042274,173.15756154708555,164.4669742599767,165.54161071777344,10179360,,
2024-03-20,167.83103474104055,169.4663593558267,159.60768525490755,164.13986206054688,8318414,,
2024-03-21,167.1301995643247,175.02647928522256,166.8031289021328,170.2139434814453,11998276,,
2024-03-22,170.7279282063172,174.27892250867663,169.18605604317946,171.1484375,6769707,,
2024-03-26,171.80255575678163,175.63387956596785,168.53190617730775,172.0828857421875,7962081,,
2024-03-27,173.25099879327234,178.0168088276524,172.55014521521073,174.69943237304688,10128325,,
2024-03-28,177.5726024592034,182.32985542645835,175.50013994725822,176.3950653076172,9626885,,
2024-04-01,177.14869539254082,190.2429030222464,177.14869539254082,189.25376892089844,15528366,,
2024-04-02,188.73567087360783,191.04364094387512,185.86247718953757,187.69943237304688,9954698,,
2024-04-03,187.08710184473648,194.43492191403814,186.38057957851655,190.00738525390625,14065030,,
2024-04-04,191.4675687927222,197.21395668084475,186.28640456954892,195.1414794921875,19053118,,
2024-04-05,196.4132201812277,200.36974260499545,193.49292194922307,194.43495178222656,24370150,,
2024-04-08,195.9421704316931,200.08709521036306,192.2211561276684,196.97840881347656,16359041,,
2024-04-09,198.29728615549217,205.7864206912683,195.1414803648438,199.42771911621094,26137483,,
2024-04-10,200.36973010033265,201.92408785232485,197.07262589058593,198.62698364257812,8968226,,
2024-04-12,198.1559440741979,200.27551080217572,192.1740500033233,192.69216918945312,7643086,,
2024-04-15,186.23927373741338,191.18492979312592,180.1631848866703,185.1088409423828,14064634,,
2024-04-16,183.50739722680262,187.93493415408224,182.37696440748937,183.74290466308594,6773607,,
2024-04-18,185.5798531065102,190.0073898743063,179.4095556233,182.00013732910156,7656553,,
2024-04-19,180.86971248494672,186.2392791994969,177.94941450242354,183.60159301757812,12272559,,
2024-04-22,185.86246495903868,187.84071872870487,183.41318195937654,184.2139129638672,5288133,,
2024-04-23,185.20307983414742,188.02916946921027,183.27191570867407,186.19219970703125,9209141,,
2024-04-24,187.4639190548727,191.98566470089213,186.52188931087835,187.04000854492188,10427616,,
2024-04-25,187.46390595686432,193.3986958042145,186.61608499619953,191.2791290283203,9578881,,
2024-04-26,192.17407541841928,220.71758067159004,190.29001585549358,214.8769989013672,108844118,,
2024-04-29,217.75018512861945,228.6306323237973,214.02917024889422,215.4422149658203,33917998,,
2024-04-30,216.66681982095628,218.5037747663311,210.35522403145305,211.48565673828125,19538954,,
2024-05-02,212.66319594512115,214.92406138155593,208.47116682902274,209.13058471679688,9352082,,
2024-05-03,210.30813899140762,214.54727281206308,203.05451288424376,206.8226318359375,12540727,,
2024-05-06,208.18857129562033,208.56537743967488,195.94218474881913,201.4059600830078,17399161,,
2024-05-07,201.78278113353178,203.431333290463,191.8914681919446,195.9893035888672,21166495,,
2024-05-08,193.96392252069987,215.3480096477599,191.65595247537917,210.77915954589844,38018443,,
2024-05-09,210.77916214083015,216.47844515400993,199.8987153655294,201.87698364257812,18266065,,
2024-05-10,203.71392625664785,206.7755228362275,194.67043522573476,201.68856811523438,12442587,,
2024-05-13,204.4204648602123,207.1523455072681,195.94219673236938,203.8081512451172,14047717,,
2024-05-14,204.8914641956566,222.13061095455149,204.70306112641518,220.24655151367188,33048809,,
2024-05-15,218.12699284623736,222.8842459882208,215.15959049071105,216.33712768554688,13812157,,
2024-05-16,218.73928476680177,230.79726732215244,217.65595640457423,221.2356719970703,29076077,,
2024-05-17,221.5654067648929,228.72483901655093,219.68134715911282,227.5944061279297,16258736,,
2024-05-21,231.26829449688947,258.0690513259559,226.13423543687634,254.3480224609375,50735869,,
2024-05-22,256.13790812120703,259.5292212998646,247.47125082960346,249.73211669921875,17398365,,
2024-05-23,250.06180101023796,261.7900537909574,247.8009066804199,251.99295043945312,23133025,,
2024-05-24,252.93498986443683,256.2320940153699,234.5654095949526,243.70310974121094,24832821,,
2024-05-27,246.01108331836716,252.08718719565624,239.84079945725,247.84805297851562,17603980,,
2024-05-28,248.6016374345458,249.30815972476248,234.14148985265098,235.6016387939453,16057140,,
2024-05-29,235.5545390250977,254.1125220017206,231.73931570870536,247.28280639648438,27316333,,
2024-05-30,247.28279905535896,256.70309616222977,244.83351605787948,246.7646942138672,21039153,,
2024-05-31,248.695854312776,259.0581815758083,242.47845220526327,257.927734375,38669277,,
2024-06-03,282.1378883218234,282.6089031604241,267.20671218848815,270.45672607421875,29107839,,
2024-06-04,269.5618273018801,269.5618273018801,216.38424682617188,216.38424682617188,49414908,,
2024-06-05,216.6668303524515,226.08712732429723,191.51464031246994,219.54002380371094,37620614,,
2024-06-06,224.20309292880867,244.92774857769012,224.20309292880867,235.177734375,31703565,,
2024-06-07,237.25019528152583,242.57265755190352,232.44583786769783,234.1885986328125,20195677,,
2024-06-10,236.44949049456747,254.0183413095098,230.84441580589777,251.8045654296875,40162176,,
2024-06-11,265.65235910055674,273.0943875242485,263.0617775845052,264.56903076171875,47711695,,
2024-06-12,266.0763369372088,267.0654567591514,260.2357404928239,263.0147399902344,15033857,,
2024-06-13,264.28642852340016,269.27920332771316,260.51830961378994,262.8262939453125,14470406,,
2024-06-14,262.8263075035767,270.0799482781519,259.576293276995,266.1705017089844,15520181,,
2024-06-18,267.5835107051687,268.19585297671875,263.7683021203138,264.427734375,7123891,,
2024-06-19,265.7465980360263,273.0002098567967,256.043674368835,266.7357177734375,21763762,,
2024-06-20,266.82990673598545,271.8226525382792,262.8262805978462,265.9349670410156,13975757,,
2024-06-21,267.01834065838256,276.2502205887303,263.7683265638346,264.7574462890625,21575510,,
2024-06-24,260.75383448050655,264.19226621420347,257.0799240476799,259.3407897949219,9998174,,
2024-06-25,260.8951642952422,267.25386543758566,258.25746360933744,259.1994934082031,10220519,,
2024-06-26,260.4241697674792,272.6234393679966,257.5980801498114,268.66693115234375,32849276,,
2024-06-27,268.6669450547592,277.80461804230697,264.333601667075,267.5835876464844,24258154,,
2024-06-28,268.949520541954,269.2321179958502,262.1668941637499,264.8988037109375,10878171,,
2024-07-01,265.0400705391897,269.8915179036458,263.29730978732636,264.94586181640625,9394107,,
2024-07-02,266.02919828369215,269.3263024413297,260.9422433330304,262.2139892578125,9503086,,
2024-07-03,263.9567454283626,286.3770418073117,263.76832798041863,284.4458923339844,73328474,,
2024-07-04,290.14516096626517,308.79733838613856,290.14516096626517,306.2067565917969,90297808,,
2024-07-05,305.12341556383103,319.77199471913207,300.3661770550871,309.40966796875,49354323,,
2024-07-08,310.91692209186806,329.42783054759786,310.21039974618276,313.7430114746094,39998055,,
2024-07-09,316.5219712658976,322.1741493242172,304.7466003110651,309.974853515625,20427634,,
2024-07-10,311.058238370218,318.2176415501796,300.5074935548007,310.25750732421875,22645799,,
2024-07-11,311.81186457758304,325.47129671164635,307.6198204577419,322.36260986328125,32754852,,
2024-07-12,324.15244576711945,333.195937201693,312.51837249573117,314.637939453125,44226856,,
2024-07-15,316.94590078842947,318.4060353089515,307.66690258964434,316.2864685058594,20045456,,
2024-07-16,316.66331042262107,326.6959220081503,314.30823593078475,315.8625793457031,28114492,,
2024-07-18,316.42779033516035,317.18143139152795,299.5654633967951,303.75750732421875,21811736,,
2024-07-19,301.1668915971645,308.60892010700405,291.0871628095519,299.5654296875,23028906,,
2024-07-22,298.6234184685099,310.30458113840524,292.50022534533855,304.8408203125,24374797,,
2024-07-23,308.0908369856478,309.83359787888924,255.43137650597754,289.4857482910156,62191875,,
2024-07-24,290.4749089613355,305.02925284285175,280.8191030332689,295.137939453125,65099839,,
2024-07-25,294.2900448064619,306.15962365797105,290.4277176506227,298.2936706542969,32845784,,
2024-07-26,300.31909156252846,301.4024488414825,295.23213634442305,296.0328674316406,11528689,,
2024-07-29,297.728472424703,301.1197850629475,293.3009501248395,298.7176208496094,15123187,,
2024-07-30,299.56543373581434,302.7212388660574,296.4096286055713,297.0219421386719,8676497,,
2024-07-31,298.5292365113027,298.67053523096587,293.4422813641538,294.1488037109375,6477202,,
2024-08-01,296.7393748866996,297.77561337409253,286.70676367593785,288.3081970214844,8439723,,
2024-08-02,282.5618678221973,294.10173359967496,279.31185330792795,288.4495544433594,10251946,,
2024-08-05,274.2719552847806,281.9966107150711,269.7031052588819,273.3299255371094,15959538,,
2024-08-06,281.2901158970132,286.5183700082003,267.63068322073684,269.23211669921875,13874339,,
2024-08-07,277.89878806876175,282.32633958144777,270.645147185885,281.1958923339844,9510995,,
2024-08-08,280.253829676674,282.0436803181935,271.30454772061216,272.5291748046875,9655442,,
2024-08-09,275.5437058281052,281.66689929095196,271.3045718922882,275.2611083984375,11136585,,
2024-08-12,277.89876767357725,294.76109392848423,276.3444243837402,282.703125,28812166,,
2024-08-13,291.74662791649655,291.74662791649655,268.47848136543854,270.8806457519531,15275331,,
2024-08-14,276.0618041227313,276.95674387613934,269.42050594753687,271.3045654296875,7373985,,
2024-08-16,273.7538892528612,277.1452025752029,269.42054604922845,274.8843078613281,7591926,,
2024-08-19,275.0727203689732,280.5364820823936,272.2466307761413,273.0944519042969,7519534,,
2024-08-20,274.36618609499044,274.9314097387854,265.79370895142745,267.4893798828125,6249016,,
2024-08-21,268.00749834515847,272.670557706791,266.6415435325877,268.61981201171875,5274462,,
2024-08-22,270.45671743562065,275.732089209142,267.9132258890322,268.9023742675781,8212130,,
2024-08-23,270.0327759401046,270.4567007545439,266.829881087162,267.8661193847656,3954334,,
2024-08-26,269.4205097641454,269.7973159162201,261.4132568515746,262.2610778808594,6022543,,
2024-08-27,262.82626763494955,266.405968741345,261.3661332030294,262.4965515136719,4550366,,
2024-08-28,264.09804907781114,282.326330691243,262.6378857001112,273.14154052734375,38822559,,
2024-08-29,273.09440280424974,280.4422516736141,268.6668804872592,276.62701416015625,13623996,,
2024-08-30,279.3589453963941,280.25388526890976,260.94227300668234,264.38067626953125,24250054,,
2024-09-02,263.72126280124854,265.4639949905728,257.3625614392641,258.5871887207031,9681245,,
2024-09-03,258.5871727409795,260.7538297199323,256.7973219216097,257.5980529785156,4970658,,
2024-09-04,253.40597746027788,255.71396161682944,249.63785883633324,251.0509033203125,7348737,,
2024-09-05,252.22845364344937,253.82991564215894,246.15235054368893,246.81178283691406,6606159,,
2024-09-06,246.81177980889342,249.11976405840068,238.42772128263542,239.3697509765625,8964703,,
2024-09-09,239.22845083916937,243.60889777743313,232.02192904047823,237.2972869873047,10430112,,
2024-09-10,238.4277477833491,241.25383717924387,236.21397200687127,238.52194213867188,7061118,,
2024-09-11,239.60525773871754,242.3842280790534,230.79727437511707,231.69219970703125,7044646,,
2024-09-12,233.01105054255476,242.00742262017238,231.78640906560307,239.3697509765625,12471133,,
2024-09-13,241.60688034276555,243.6535836991073,237.22786887363864,240.3217315673828,6741004,,
2024-09-16,241.32125610721846,242.46360234341032,234.4195633783138,235.37152099609375,4579642,,
2024-09-17,235.6095062751535,240.13130488043424,230.89731905479448,233.32481384277344,8323237,,
2024-09-18,232.65843827863878,236.37108174017106,228.51743131572897,229.2313995361328,5257991,,
2024-09-19,230.51653986069053,231.80168850251238,217.09394566899616,219.42623901367188,10794462,,
2024-09-20,221.09218963042977,240.70252528522627,220.47342289708146,238.98899841308594,39836437,,
2024-09-23,239.17934625881378,240.70248422438183,229.4217808890512,231.7540740966797,11856109,,
2024-09-24,232.6584586384019,234.94316585905952,229.945387878881,230.61175537109375,4447954,,
2024-09-25,230.3737494731548,230.5165373092341,224.7096044057152,225.5663604736328,3634199,,
2024-09-26,225.80436599955166,230.27856433324402,220.99697665693378,223.32928466796875,5795169,,
2024-09-27,223.7100573434835,228.46984579760016,221.8537427515223,226.9943084716797,8279160,,
2024-09-30,226.56592285855552,231.42091273009873,222.75809222227727,230.18336486816406,6274873,,
2024-10-01,229.1457309464427,229.78354082502517,222.75808876199315,224.60488891601562,4872035,,
2024-10-03,218.9502603404043,221.73948929326423,216.3799775806829,217.50328063964844,4070807,,
2024-10-04,217.0463563681212,219.80702789760244,209.43069474116956,213.55267333984375,4954299,,
2024-10-07,213.54315927234538,214.13336840097782,196.63638114186068,200.2062225341797,10268119,,
2024-10-08,199.9111272890183,219.521462728611,198.36896038387707,217.88409423828125,10573811,,
2024-10-09,218.99785403367125,221.38726243767678,214.58077124483972,215.57080078125,4619112,,
2024-10-10,215.9801485859264,217.78886224620248,213.58121132618678,214.371337890625,2933364,,
2024-10-11,212.52456275123825,215.1424465029332,210.3826578634878,212.38177490234375,3152506,,
2024-10-14,212.38173887357698,216.07532435371002,211.38218052371565,213.23849487304688,2928109,,
2024-10-15,213.52410931218483,216.76075959544931,212.25800386191432,213.8192138671875,2912901,,
2024-10-16,213.0481314442674,217.5413728507606,212.33416318508804,212.8196563720703,2123389,,
2024-10-17,212.47696110176645,214.85685541187968,206.09884725580736,206.68905639648438,2123323,,
2024-10-18,205.90844481290583,205.92748803331233,199.81590707200078,204.72801208496094,2960108,,
2024-10-21,205.76563666871277,207.0983860710321,197.57880973612575,198.59739685058594,2496700,,
2024-10-22,198.10241837291633,200.5774998672992,188.48763905526278,189.50624084472656,7033623,,
2024-10-23,189.4871891347762,195.91290381475616,184.67979969127637,190.79136657714844,5688379,,
2024-10-24,192.28593346964485,198.81636361515234,188.81127928623152,194.5420684814453,5572035,,
2024-10-25,194.5420691737633,195.15132149887728,183.7278295086991,184.67027282714844,5587616,,
2024-10-28,185.62223624206473,195.903367731074,182.88059343127736,194.25648498535156,6266692,,
2024-10-29,194.37069993763046,210.79196888756235,191.629071868697,206.0321807861328,11164019,,
2024-10-30,208.33595833663696,213.14333332907276,201.4342646842905,206.1845245361328,11047251,,
2024-10-31,206.4795991947746,208.79286373368308,204.18539240093247,206.7937469482422,3499425,,
2024-11-01,207.88852742295143,209.66868367585027,207.64100912419337,208.80239868164062,1258527,,
2024-11-04,209.14510800678534,211.62971823497006,203.46191926100332,209.592529296875,5091395,,
2024-11-05,208.47874275193803,214.9901301352773,203.72846845266812,212.029541015625,5755183,,
2024-11-06,213.23851487675452,220.13069353328063,211.38220035328413,218.77891540527344,5210542,,
2024-11-07,218.7598811327574,220.6066813844689,214.66646014067342,216.4751739501953,3098169,,
2024-11-08,216.7607696970761,217.2367485565452,206.57482500958213,208.0218048095703,2542899,,
2024-11-11,205.6038124537686,213.2670745634402,202.21484548991913,204.37579345703125,3579905,,
2024-11-12,206.09886055899443,208.95473391547011,199.1019650253398,200.1300811767578,2048294,,
2024-11-13,198.48318407867694,201.18674050993025,190.39154348074527,192.1812286376953,3583467,,
2024-11-14,192.18120917272904,198.75922529418938,190.77230143515212,192.33351135253906,3222372,,
2024-11-18,193.2474137232151,196.8077407619568,188.4971395556358,193.86618041992188,3238799,,
2024-11-19,197.8168125986612,204.16636870281116,195.36075999412478,196.7696533203125,3556608,,
2024-11-21,195.6177892221766,195.67490435895746,189.53478021775248,191.5243682861328,2890805,,
2024-11-22,191.52438766818108,196.9029433032618,189.98222071614705,196.08425903320312,2725901,,
2024-11-25,204.6708972827698,212.76253740790258,203.33816236656583,206.61288452148438,10285522,,
2024-11-26,207.24117589992542,208.4787237405156,201.78646267473843,202.66226196289062,3370034,,
2024-11-27,202.94787032472058,212.18185737973312,200.720292727722,209.8305206298828,6589461,,
2024-11-28,212.39128320792364,229.02198540306753,212.19136569943674,216.75125122070312,21532055,,
2024-11-29,217.0273069576424,230.84973648357206,211.3346041210433,227.14662170410156,23595944,,
2024-12-02,228.46985682359067,235.41915120711934,225.61398361329577,226.55642700195312,16028816,,
2024-12-03,227.42266874831373,229.3265839811191,222.9484708563652,224.22409057617188,5280126,,
2024-12-04,224.9951924742099,231.45897841396123,224.18602267549625,230.4308624267578,8611430,,
2024-12-05,231.29714507912294,234.18157551795719,226.31841077250795,232.13487243652344,7615951,,
2024-12-06,232.27767731636968,237.89422190020636,229.66930800577032,235.86656188964844,10399529,,
2024-12-09,236.08552711940263,239.29362015823742,232.77271814476825,235.69522094726562,4470542,,
2024-12-10,235.99031749108752,243.5107923383518,232.658465407365,242.04476928710938,10174546,,
2024-12-11,243.36796770478364,243.7011586929726,239.8933280883949,240.75961303710938,5410626,,
2024-12-12,241.32129459803372,241.5592840404381,233.22965355628506,235.71426391601562,5623117,,
2024-12-13,233.22960762018766,234.11492119921667,226.56590454532514,233.1820068359375,4712524,,
2024-12-16,233.0392474931966,246.84261959544367,232.46806706381955,245.95730590820312,13019323,,
2024-12-17,247.5089780837157,250.07927524593057,243.0823810167374,244.3770294189453,11026450,,
2024-12-18,243.7011741024604,244.18668183170468,234.22919777979433,236.30445861816406,4462061,,
2024-12-19,229.5170033395213,236.52341247225132,228.05098037228848,233.1154022216797,4093954,,
2024-12-20,232.6584619037686,237.48489453614087,229.27902360460445,230.47848510742188,6139389,,
2024-12-23,231.3257242932818,232.36335471443232,224.75722188289714,225.50926208496094,3858458,,
2024-12-24,225.13798333379876,226.47071822823477,220.1402056910823,221.0731201171875,2493576,,
2024-12-26,221.0731431153426,223.4054366860937,214.77118748992933,216.64654541015625,3727689,,
2024-12-27,218.56951900019249,222.11080321567562,215.61844397871542,216.0373077392578,2423706,,
2024-12-30,215.1424502611512,219.66424954761345,213.71451364437365,214.7616729736328,4788427,,
2024-12-31,215.99917414440557,225.06181458520214,213.86679841178537,223.43397521972656,8758607,,
2025-01-01,223.51967614889662,227.99387453951726,222.9008949138363,226.37554931640625,4659981,,
2025-01-02,226.56592035734658,232.0396768365682,226.56592035734658,230.5926971435547,7276943,,
2025-01-03,231.18292856920866,242.07331223485423,230.6117481504978,234.09591674804688,11584499,,
2025-01-06,235.79992150243277,241.1308904805957,225.37598749896605,227.76539611816406,13295309,,
2025-01-07,228.37464173945153,232.27767403975236,225.61397027631682,228.0509796142578,6897016,,
2025-01-08,229.1362214750777,229.56459954613226,220.4543716723423,226.98480224609375,6057138,,
2025-01-09,226.37551724436838,226.37551724436838,215.4660768987727,216.22764587402344,4545864,,
2025-01-10,215.15194262826944,215.8849540838625,203.01448262568772,203.89981079101562,7397017,,
2025-01-13,204.35675040046448,204.4805095452652,191.20070301079264,193.56155395507812,6576366,,
2025-01-14,197.51218072386698,204.6709067383837,195.7320244623269,203.99501037597656,6062370,,
2025-01-15,206.57482222449676,208.4787376367041,200.91067677832427,204.64234924316406,6249573,,
2025-01-16,207.526757241397,216.6465128118806,206.57479963937223,214.17141723632812,5841539,,
2025-01-17,213.2385226191074,224.795288397882,210.85862839344776,223.51966857910156,7359131,,
2025-01-20,224.1384264376914,227.03238583649195,220.57811411282262,223.25311279296875,5881560,,
2025-01-21,224.18602850745987,226.28033245036835,217.34145062084497,218.4076385498047,5550987,,
2025-01-22,218.759880367935,222.42490876404142,206.72713573081907,216.5323028564453,16924922,,
2025-01-23,217.71273576576587,219.6261801506784,205.7085478885403,210.839599609375,28145348,,
2025-01-24,211.57260293540125,214.4094328693127,207.33639399324517,209.27838134765625,10379337,,
2025-01-27,207.5267541750308,207.6219557441147,195.33217979739305,199.64454650878906,11651831,,
2025-01-28,199.9110923581001,204.48049166000067,192.8666120567217,198.7401885986328,10735733,,
2025-01-29,199.92063740196522,206.0988482913207,198.9306077553016,204.76611328125,5372911,,
2025-01-30,205.65994049694888,210.4751490718641,204.5258287653223,207.87051391601562,5071449,,
2025-01-31,208.85082616703235,222.01813238398023,206.3903678256188,220.7686767578125,14177239,,
2025-02-01,222.9792669969509,231.43710419545042,206.6402689842433,208.9469451904297,38933186,,
2025-02-03,205.67915490447487,205.8713754806334,183.77529247751013,190.40699768066406,44753735,,
2025-02-04,192.22351489385665,197.8364380090396,192.22351489385665,196.8753204345703,11054569,,
2025-02-05,197.99023201742014,204.52583484235555,197.3751173201022,201.53675842285156,7440908,,
2025-02-06,201.53672464585932,202.3056215550146,196.6830784888984,197.90370178222656,4301042,,
2025-02-07,197.56731213321584,202.0749555816097,195.68353003464154,198.71104431152344,7143569,,
2025-02-10,199.91243952257958,199.91243952257958,189.5323676142709,192.60794067382812,6120963,,
2025-02-11,192.2235317314677,192.31964936353006,184.39042867960703,186.16848754882812,8146727,,
2025-02-12,184.73639997891908,187.61013190013392,175.94216610931787,185.14967346191406,10999966,,
2025-02-13,185.49567847252357,189.62848667728903,184.5345609674846,185.07278442382812,4460698,,
2025-02-14,185.97622513036887,187.17762193353664,174.4428158199584,176.64376831054688,7439390,,
2025-02-17,173.9622732888082,177.7586846070406,170.55030311717286,176.0863494873047,7466740,,
2025-02-18,174.92339692603923,176.74951443434574,168.5992415850082,172.9242706298828,6572024,,
2025-02-19,171.07892984445803,178.7678705116247,170.1658710733301,176.53807067871094,6895180,,
2025-02-20,175.40394874983073,182.285553765706,174.16411359230491,181.18988037109375,6053713,,
2025-02-21,180.69007924497396,188.18679823185244,180.11340291310316,182.28553771972656,13667425,,
2025-02-24,178.76786293195616,179.1042599380778,174.4908928002842,174.93299865722656,5243645,,
2025-02-25,175.69228766803332,177.8067433039554,170.4061412454833,171.28076171875,3883701,,
2025-02-27,171.84781563016784,172.99154782625195,165.30260766083495,166.5328369140625,5813485,,
2025-02-28,164.35108187808584,165.9849785893902,157.33492164843832,158.71893310546875,8036878,,
2025-03-03,158.57479154754503,161.65997070331824,152.67353031414328,160.1414031982422,10551947,,
2025-03-04,157.14270810147863,164.1492480832799,156.04703476005116,162.2174072265625,6306039,,
2025-03-05,162.86135353486435,172.25147539093265,162.42885360333787,170.53106689453125,9221754,,
2025-03-06,173.96227538893473,176.77834275220445,172.96271959642158,175.73072814941406,8718831,,
2025-03-07,175.49044182142956,178.62369427548518,173.57782737126797,175.18289184570312,5314444,,
2025-03-10,176.3650558982793,178.16234087578493,171.0789098086851,171.92469787597656,5745943,,
2025-03-11,169.1566914642681,175.74035265165872,168.24363271048517,174.26022338867188,5810654,,
2025-03-12,175.4039591500015,178.27770600688496,171.1269888325927,174.1448974609375,5239025,,
2025-03-13,175.942985173329,178.11810449552672,173.36184534777095,174.74424743652344,3582902,,
2025-03-17,175.3532908535595,184.34378727321464,175.3532908535595,181.82064819335938,13861075,,
2025-03-18,181.82064819335938,181.82064819335938,181.82064819335938,181.82064819335938,0,,
2025-03-19,183.19338450911175,194.9486996885577,181.7433049483536,194.38800048828125,11939748,,
2025-03-20,195.93474046450373,196.92079868247998,190.05709770688742,192.40621948242188,8519547,,
2025-03-21,192.19353396422656,197.93585112628747,191.2654913476949,196.05075073242188,7046857,,
2025-03-24,196.72745873483032,205.33125815503118,195.97341854973283,202.1507568359375,8983826,,
2025-03-25,203.24315831181357,204.07453785724277,194.57168128307177,197.2398223876953,10207000,,
2025-03-26,196.91114881939836,198.6609092119121,189.48673344695825,190.17311096191406,7171267,,
2025-03-27,189.91208395035804,196.91113995635575,189.47706303134783,193.5179443359375,13438621,,
2025-03-28,194.5813548148591,198.16789166469314,192.18389390703814,192.812255859375,8726435,,
2025-04-01,191.41048795745132,200.8360044099016,188.94534993507784,199.5406036376953,11919727,,
2025-04-02,199.5309419971075,199.79196044875724,194.407339341215,198.97991943359375,4698443,,
2025-04-03,195.51906572785583,203.7361834469499,195.51906572785583,202.94346618652344,7340693,,
2025-04-04,202.04441449731186,202.94345672537412,193.93363691686056,196.69845581054688,5768084,,
2025-04-07,177.87641531747855,190.28909206353038,177.87641531747855,188.40399169921875,6221712,,
2025-04-08,194.01097526885695,200.88435279536932,191.77785516441978,200.12063598632812,11314642,,
2025-04-09,200.12064206374046,206.52999846798093,194.79402176648097,205.76629638671875,15070362,,
2025-04-11,209.19813818511753,210.45487675135243,206.20131595129655,208.62777709960938,8727273,,
2025-04-15,212.33029890181996,214.9017766573523,210.11651743997817,211.84693908691406,6984595,,
2025-04-16,212.66867078305174,218.13063115349695,210.8608949246989,216.69989013671875,9031481,,
2025-04-17,216.83523533067358,224.16297255083052,216.30353653647887,221.22413635253906,9955818,,
2025-04-21,222.53887170026738,227.51748699937306,221.68816839603514,226.64743041992188,7251685,,
2025-04-22,227.17913521135594,235.35759056939258,221.8718386145789,225.35203552246094,14343568,,
2025-04-23,227.17912651688815,230.369304435192,216.88356774746893,223.7472686767578,12653711,,
2025-04-24,223.50556222572058,226.6957397653632,221.37878211628217,222.35516357421875,5796226,,
2025-04-25,222.77090868883255,223.98897030251504,211.71163203428324,212.91036987304688,7566520,,
2025-04-28,211.71161226311062,220.18974808081416,211.71161226311062,218.84600830078125,5644189,,
2025-04-29,219.44535577986568,223.0222154569204,218.96199596537258,219.6580352783203,3872551,,
2025-04-30,219.44535914931535,219.97705790361584,213.87705931120658,216.02317810058594,3571609,,
2025-05-02,215.57851004026827,219.83207115412645,214.3217713813187,214.69879150390625,2642708,,
2025-05-05,215.77182197075237,221.81381975639718,215.0081199410742,221.17578125,3750393,,
2025-05-06,222.1521824156795,222.53886438207158,209.87484559558808,210.69654846191406,4398629,,
2025-05-07,206.10464306279255,216.0135202749554,201.07770342730444,207.08103942871094,19360060,,
2025-05-08,209.68149737653783,214.29275448343952,201.90907746610574,204.39353942871094,10337242,,
2025-05-09,199.13459797014565,202.85645999552827,197.71351881924454,201.5320587158203,5077744,,
2025-05-12,209.78782253268838,217.94693860647556,207.94139924188167,216.9995574951172,6269098,,
2025-05-13,217.12524745462443,218.38197124610215,211.6632723761632,213.1326904296875,5798144,,
2025-05-14,213.64503337719745,215.26911523824148,208.81143533698935,210.28085327148438,7995131,,
2025-05-15,211.37325838483682,216.11985569429243,210.74489647463614,214.34109497070312,5892045,,
2025-05-16,215.57848094468517,226.78275809570277,214.36041950171503,226.07705688476562,17343569,,
2025-05-19,228.33917384214803,231.77103148164286,224.27895434302877,226.95677185058594,13881408,,
2025-05-20,228.14583768317516,228.62919750877512,217.89860348006778,218.51730346679688,8008635,,
2025-05-21,219.05868651744152,222.67420869865447,216.70955001242854,221.70748901367188,4919083,,
2025-05-22,221.86217875474438,222.34553862131247,217.0285800890637,219.9867401123047,3641896,,
2025-05-23,220.50875922556259,222.67420181233416,216.7385437201434,220.19940185546875,4125231,,
2025-05-26,220.41208875766134,232.78610370828582,220.41208875766134,230.33062744140625,23865027,,
2025-05-27,231.04599316197826,232.92143161725596,228.53251620627125,232.15771484375,13938040,,
2025-05-28,233.17277550967532,235.45423446275436,228.7645362870073,229.34457397460938,8328926,,
2025-05-29,230.59163922977268,232.66041871132683,229.0158814642765,231.7323760986328,6073002,,
2025-05-30,231.96436449856668,238.00636198368755,227.6431267171306,233.21144104003906,15474327,,
2025-06-02,233.211477154416,240.51987608401805,231.24903724742927,239.41781616210938,14686293,,
2025-06-03,241.38988997828028,245.2857689283658,237.90970814186846,238.84742736816406,15062598,,
2025-06-04,239.74648588303077,241.43824536002796,235.39624722789515,239.30178833007812,5411377,,
2025-06-05,240.22981590940338,240.22981590940338,233.2210989462518,233.8881378173828,12079835,,
2025-06-06,234.57451363173487,239.93981055845197,231.10399368084768,238.13204956054688,14842267,,
2025-06-09,239.43714064748863,243.13967906084693,238.44142048486702,239.10845947265625,8094801,,
2025-06-10,240.30717979746092,240.7132002928986,234.76788016195664,235.492919921875,4756333,,
2025-06-11,236.80765436378118,237.03965764152005,228.87087946610265,231.01699829101562,6121794,,
2025-06-12,231.49070052121058,232.10940052492307,221.70748735185646,222.6838836669922,5481325,,
2025-06-13,216.83522612301553,222.29718638814825,214.12840808194338,220.64410400390625,5770678,,
2025-06-16,218.67199432367488,222.82889200542385,213.40337488155018,222.15219116210938,5397336,,
2025-06-17,222.1521848246405,223.9889463113774,216.5452077453261,217.22190856933594,3680545,,
2025-06-18,217.2219032554401,219.63870238990424,215.57848279419878,216.16818237304688,2662216,,
2025-06-19,216.16820894492332,217.44427137427175,209.10148976724884,210.41622924804688,3996335,,
2025-06-20,211.46993808552205,220.4024335806045,211.35393643979768,219.5903778076172,6889921,,
2025-06-23,217.51192692983673,225.16834498765039,216.73854823944743,224.317626953125,11755735,,
2025-06-24,226.55078264136802,228.14586435191381,223.36060446930344,225.72906494140625,4965525,,
2025-06-25,225.72903874723693,232.44773737859853,225.2940178540211,231.6356964111328,8179316,,
2025-06-26,231.63571850075948,233.2211382912288,229.5185999007788,232.4284210205078,5107027,,
2025-06-27,232.83444337991648,234.8162069448564,227.5464854922904,228.18450927734375,5767027,,
2025-06-30,228.96753750797177,233.22109774257788,228.62917975593646,229.65390014648438,3470933,,
2025-07-01,232.97942119933322,234.4875013996384,227.9524822813259,232.39938354492188,6986225,,
2025-07-02,232.39942694770022,232.7764470681886,224.9750261900919,226.1834259033203,4921302,,
2025-07-03,226.21239645691713,226.79243414309255,222.82887770649316,223.3218994140625,2756057,,
2025-07-04,223.3219031183214,226.20273832288052,221.91050067670588,223.71826171875,2872546,,
2025-07-07,222.8288886872253,223.3122485325338,219.25202878213665,219.76438903808594,3159878,,
2025-07-08,220.1414112408113,221.8621711265517,216.5548746637627,221.54315185546875,3376984,,
2025-07-09,221.86217195279914,224.32731014691353,220.99213012003972,222.30686950683594,3354508,,
2025-07-10,222.30686142620976,224.15328478203668,220.992122087203,223.66026306152344,3051612,,
2025-07-11,221.9588466821948,225.71938568554106,221.69782823567232,223.0319061279297,4239830,,
2025-07-14,224.27897310713342,226.9374523142223,222.8288935396304,223.72793579101562,4217747,,
2025-07-15,224.76234297702726,228.02986046835943,223.91162487254485,225.5840606689453,4522122,,
2025-07-16,225.58404199726175,225.97072396676276,223.55392477995247,224.8300018310547,1419262,,
2025-07-17,224.27896558938136,225.700044697978,221.23380450008662,221.61082458496094,3243384,,
2025-07-18,222.15217752504986,223.08022012434876,218.14028214493865,218.62364196777344,2224963,,
2025-07-21,218.61398560216824,221.18546346481793,216.2551872470142,220.03506469726562,2116704,,
2025-07-22,220.21873970847795,221.81382123412618,217.46358279948055,217.9566192626953,1896003,,
2025-07-23,218.9620093959235,218.9620093959235,214.90178965533252,217.724609375,3436651,,
2025-07-24,217.72460972087754,218.80733105316267,214.91145188327405,217.56993103027344,2638858,,
2025-07-25,216.35187904357878,216.93190203238774,210.55156064965428,211.3636016845703,2919838,,
2025-07-28,210.69655516405587,214.51509501978617,206.2013144701282,207.25503540039062,2448221,,
2025-07-29,206.85864187435683,210.0681578095533,205.29256094868379,209.15943908691406,2020388,,
2025-07-30,209.97152150836166,211.32493797516045,207.51605989508448,210.19386291503906,3160010,,
2025-07-31,207.36137774635017,208.52143844788355,203.97785876214397,205.20559692382812,2978420,,
2025-08-01,204.3838766584521,207.53537756169192,202.3827745552978,203.42681884765625,4284803,,
2025-08-04,203.49448989706414,212.58164886618817,203.10780793066496,211.61492919921875,4160592,,
2025-08-05,210.74490345366644,212.28198430100792,208.72446273601838,211.4602813720703,2618272,,
2025-08-06,211.46991336376544,211.73093178710332,204.25817862788153,204.7705535888672,2845652,,
2025-08-07,206.87801009053143,208.71477156945124,198.85423385177913,203.649169921875,10067801,,
2025-08-08,203.97785715545547,204.87689939799637,199.91763735658392,200.7200164794922,4258867,,
2025-08-11,201.1646819040373,204.7512181796451,200.40097989573326,203.33013916015625,2769931,,
2025-08-12,203.33014759161517,205.33124961468923,202.09274760851352,203.65882873535156,2900680,,
2025-08-13,204.55788855014575,207.11968978124037,202.81779018988735,203.29147338867188,2130633,,
2025-08-14,204.12744622481497,204.7398333097563,200.91972624629395,203.15541076660156,2573029,,
2025-08-18,205.97429864717597,207.04354353724392,203.34980599128957,205.04115295410156,1909830,,
2025-08-19,205.48827383115454,210.105441895861,204.12743022912684,208.2391357421875,3137737,,
2025-08-20,207.5295728627998,209.42503906304555,206.74222650516575,208.39468383789062,1880265,,
2025-08-21,208.79321700997926,209.44447897970642,206.217314175834,206.8977508544922,2038006,,
2025-08-22,207.4226276431409,210.3776086508299,205.09946369504434,205.9159698486328,3788150,,
2025-08-25,206.80054881090493,207.8406338961229,204.90508258728062,207.15048217773438,2278471,,
2025-08-26,206.8005500225197,206.8005500225197,201.40575009899362,202.06674194335938,1976568,,
2025-08-28,201.9889663616351,203.1456909024312,198.39243821851232,199.1311798095703,2668169,,
2025-08-29,200.2392983091316,200.72531602347416,196.8954940613215,198.7715301513672,3592018,,
2025-09-01,199.26726625607878,205.77990077217777,198.73264379482865,205.439697265625,2359741,,
2025-09-02,205.43968388145254,213.1673622005412,204.66205260957634,210.26097106933594,4475208,,
2025-09-03,210.33875487919624,212.4286252080467,209.7263677864823,210.38735961914062,1676598,,
2025-09-04,211.90371362030734,212.3411265765015,207.62676386539115,208.20997619628906,1388424,,
2025-09-05,209.8624472162939,211.78708808175494,207.296274227763,209.36671447753906,1749321,,
2025-09-08,211.28123296991222,213.2348273294958,209.80625968939168,212.0333709716797,2327782,,
2025-09-09,214.89539264464887,215.71589874851736,210.01140644817957,210.84169006347656,4562982,,
2025-09-10,211.9649844718307,213.57669382965062,210.71468529497525,211.359375,2451144,,
2025-09-11,211.76964101487047,214.10418578261562,210.98820025519896,211.44729614257812,1992458,,
2025-09-12,211.56449479333347,213.33249528059358,210.31419561213048,211.45704650878906,1594741,,
2025-09-15,212.04314098927836,220.2580091355983,211.60358522395674,217.88438415527344,8759008,,
2025-09-16,218.79281158684438,219.62308026928557,217.0931790823149,218.9686279296875,2701642,,
2025-09-17,220.3654581236981,222.10415597763077,217.9625304117193,219.54493713378906,4878113,,
2025-09-18,219.78912624820796,221.71341786892123,216.84897212696833,217.85507202148438,2098793,,
2025-09-19,217.92346866916645,224.0089112581257,217.43507005261048,223.7256317138672,7607031,,
2025-09-22,224.66336585247672,234.7732232777354,222.80745705298392,234.39227294921875,18637185,,
2025-09-23,234.4313144633253,235.01739871138022,229.54732874533934,229.77198791503906,4416382,,
2025-09-24,229.54733679529068,232.18468619454347,226.5290370928652,227.1444091796875,2982315,,
2025-09-25,226.9099822625249,230.03573017998826,222.5143950616334,223.14930725097656,2543528,,
2025-09-26,222.51440750645358,222.96372587657441,214.5144359686487,214.94422912597656,2317537,,
2025-09-29,215.87217715511963,218.19695921707688,214.06509640708265,215.2567901611328,2199725,,
2025-09-30,215.91126112158355,219.47658008537965,214.70004205076233,218.44117736816406,2078810,,
2025-10-01,219.77937341493234,229.78178226405706,219.77937341493234,227.0760498046875,17224500,,
2025-10-03,227.00766992911753,231.940498913722,225.11269582591493,228.36541748046875,5360460,,
2025-10-06,228.37517396912122,229.15661466089304,224.75125002709092,225.55223083496094,2277509,,
2025-10-07,225.93319190642848,227.91608899990612,223.07116840346944,226.06016540527344,3872670,,
2025-10-08,226.03086951723893,226.59741369032793,219.77937330512358,220.44358825683594,1978002,,
2025-10-09,220.36544490792247,224.9075457328122,218.90024917024942,224.14564514160156,2110994,,
2025-10-10,224.03819895062244,229.2054494089946,223.676788768138,227.51559448242188,4408067,,
2025-10-13,225.53270124849396,227.00765963082904,223.1004708942933,225.0638427734375,1674737,,
2025-10-14,225.09316438243792,225.64016846668912,219.05654952753784,219.7207794189453,2369411,,
2025-10-15,219.73050803775072,225.58152812229287,218.56811708614507,223.4521026611328,2448221,,
2025-10-16,224.4679974792446,227.39838905232938,222.31904663993083,222.6999969482422,2252561,,
2025-10-17,222.70976364097433,223.17862212794319,218.19696530513536,219.34957885742188,2084301,,
2025-10-20,220.5705697514824,224.56566665721584,220.03332831929205,223.50096130371094,2306371,,
2025-10-21,222.71952699452711,224.45822483991455,222.28974874113035,222.90512084960938,419395,,
2025-10-23,224.17493789193782,225.40569689112792,221.34223222034137,223.4521026611328,4566954,,
2025-10-24,223.68656436921844,224.58521602702345,220.65848701193013,221.58645629882812,1769681,,
2025-10-27,222.69999352150958,224.17495189155954,221.25432296961813,221.7427215576172,3307939,,
2025-10-28,222.2213656751403,223.40329685945528,219.30073664627398,220.6780242919922,2939875,,
2025-10-29,221.63526996658584,231.20788512954888,219.6816756437257,230.2115478515625,8765779,,
2025-10-30,230.19203376425918,235.06624229631677,227.98446253370696,234.1773681640625,7489689,,
2025-10-31,234.4313223150712,236.33607382793275,230.62181928934814,231.5009307861328,6042631,,
2025-11-03,231.40325740526293,235.32022382949177,229.64503431824724,231.8232879638672,3311734,,
2025-11-04,231.89164888014633,232.47773316093642,226.79276631339684,227.6328125,2955700,,
2025-11-06,227.5937503080831,228.1895972033626,221.24456843253571,222.24090576171875,2660105,,
2025-11-07,220.75616020107813,226.12854463075038,217.513186445618,225.33734130859375,3027164,,
2025-11-10,225.6401597711893,230.96370168527528,224.85871900748336,228.36541748046875,4276399,,
2025-11-11,229.54733779764808,230.4166866935431,217.05410839644986,225.34710693359375,10810753,,
2025-11-12,225.64015238504138,229.2152337012672,220.9515228610271,221.89901733398438,3675194,,
2025-11-13,221.92830929299038,223.79399542489608,219.78912115171795,220.16030883789062,2187588,,
2025-11-14,219.77937840005072,223.14932588790288,219.04678047205056,222.21160888671875,2301154,,
2025-11-17,223.3935130864978,235.65232073140095,222.709758038381,233.59127807617188,10098250,,
2025-11-18,235.4081328666307,241.12240263462658,232.9075343379515,238.2701416015625,21167476,,
2025-11-19,239.30981160605992,239.64328616540877,232.1105954380152,232.728515625,4946076,,
2025-11-20,232.94430796341442,236.1810108146518,230.63937935081128,232.55198669433594,3717275,,
2025-11-21,230.9826671914349,232.3558065725886,225.18602851209235,225.6077880859375,3724237,,
2025-11-24,226.57878069025725,229.50162936252894,223.0674501459623,223.81288146972656,2668520,,
2025-11-25,224.91138917977713,227.68710611310092,223.2243809025196,226.3335723876953,2672788,,
2025-11-26,227.54979624217944,235.10209252079113,227.0691899916319,234.58226013183594,5617672,,
2025-11-27,235.61213518062328,237.24029688759916,233.53280550951015,234.974609375,3173418,,
2025-11-28,234.405724363854,237.65222989768876,233.43470905185194,234.69015502929688,3543356,,
2025-12-01,235.2590406460554,236.2790849308522,232.2871628666749,233.9447479248047,2265729,,
2025-12-02,233.94474507611147,234.46457748887474,230.54130496018777,231.5711669921875,1702452,,
2025-12-03,230.49225182668468,230.97285807999035,219.9190339827313,221.06658935546875,4436819,,
2025-12-04,221.1352578341887,222.10625818552677,216.31943731855583,218.06529235839844,4714312,,
2025-12-05,218.1731834110214,221.4196889698915,215.38766356246603,220.8998565673828,3893777,,
2025-12-08,219.70326024952305,220.58599057658682,206.8839601574873,208.70828247070312,6122357,,
2025-12-09,207.2468640448163,211.56245762594537,204.38287703681664,209.38504028320312,4044264,,
2025-12-10,209.38503728280418,212.54327266382833,206.3150869022665,207.01145935058594,2235122,,
2025-12-11,207.93342995151048,210.0912267030711,205.97179381989244,208.45326232910156,2603672,,
2025-12-12,209.69890926459647,210.73857403862564,207.71765254523928,209.5910186767578,1672572,,
2025-12-15,209.0613722795352,211.75862205777318,207.05070714499863,210.72877502441406,1834671,,
2025-12-16,210.3854871362163,210.72877946530156,205.94238224153642,206.9722442626953,1655063,,
2025-12-17,206.95261452898552,208.37479774935412,202.69586766086852,203.92189025878906,2135640,,
2025-12-18,203.92187968252708,204.61825210101523,200.13592149786064,202.93124389648438,2684522,,
2025-12-19,203.71592505307277,208.17865059136022,203.03915814067372,207.2174530029297,2439449,,
2025-12-22,208.42383565669564,211.5624504239538,207.93342663162107,210.63067626953125,2609267,,
2025-12-23,210.88568952866373,213.91642876342357,210.38547769675978,211.9253692626953,3616892,,
2025-12-24,212.00382340656398,215.632862299423,211.63112271064642,212.08229064941406,2843615,,
2025-12-26,211.6311432598087,218.1731987359363,211.36631816023746,217.3787384033203,5995250,,
2025-12-29,218.6733857762313,223.33227161007247,217.95739277543208,222.40049743652344,10244849,,
2025-12-30,223.1459043548935,224.98984703827398,218.47721592538227,219.6934356689453,4062015,,
2025-12-31,220.7821658585199,224.85255508962507,220.68407805961021,223.75404357910156,4000119,,
2026-01-01,225.34295782552,226.6572504838688,221.98856172911957,223.21458435058594,2136513,,
2026-01-02,223.4303697243907,227.73616065318248,221.27257286331425,226.98092651367188,6854934,,
2026-01-05,227.54981503640616,227.8832896217513,220.1936787744534,221.97877502441406,4157442,,
2026-01-06,222.35145903195584,223.92077396960872,219.01668349706404,220.517333984375,2286676,,
2026-01-07,220.68408105119747,224.0286744936589,219.90924130725597,222.46917724609375,2076178,,
2026-01-08,224.0188488348772,225.31353591511902,211.4545713246319,213.35736083984375,7971205,,
2026-01-09,213.81833712927448,217.22177699554646,210.10104326610002,210.78761291503906,3133294,,
2026-01-12,210.86609601554412,214.21067447823594,206.88396181999983,213.34756469726562,4724520,,
2026-01-13,213.3769783391054,215.2601472747946,208.6200046191456,210.9151153564453,2302407,,
2026-01-14,210.87589492368457,213.71045868006138,210.2873980676914,212.48443603515625,1713446,,
2026-01-15,212.48443603515625,212.48443603515625,212.48443603515625,212.48443603515625,0,,
2026-01-16,213.40640396889313,214.92667501693404,210.28739462888888,211.14071655273438,1562525,,
2026-01-19,210.87589701942457,211.052437098319,207.92363984894752,209.05157470703125,1966337,,
2026-01-20,209.40467664356163,209.45372054466017,200.38115258703513,201.8621826171875,3255149,,
2026-01-21,202.04851790166038,203.61783276500475,197.43867606896785,199.24337768554688,4198595,,
2026-01-22,203.0293469590466,205.96199846958314,200.18498045185606,203.13723754882812,2896592,,
2026-01-23,203.27453999183177,203.7551462220677,190.23947474824587,192.20111083984375,7327876,,
2026-01-27,192.3384236085409,196.11456408245363,189.73924682317946,194.32948303222656,7025304,,
2026-01-28,195.17300306884425,200.62634942097282,192.98576788585348,200.4105682373047,3826196,,
2026-01-29,201.0677060228266,203.32359059581412,197.94871171800355,200.05746459960938,3351539,,
2026-01-30,194.1038828512298,194.1038828512298,185.01171045589797,187.97377014160156,12256692,,
2026-02-02,188.317071131441,188.317071131441,174.58561802810675,184.1878204345703,11857108,,
2026-02-03,193.22117754475477,193.986214512365,184.89402597749284,187.84629821777344,5211799,,
2026-02-04,187.84629676219217,194.79049107800444,186.45353678153762,193.35848999023438,5746523,,
2026-02-05,193.2211600550081,194.69238716202594,189.11152994149626,191.0045166015625,2210358,,
2026-02-06,190.4224019066777,190.4224019066777,184.74919563225595,189.60348510742188,4861093,,
2026-02-09,190.66906612638007,192.93835168377458,190.4224049800329,192.26742553710938,2197501,,
2026-02-10,192.5930163311729,193.82632203905055,190.4224012963085,191.32025146484375,2218744,,
2026-02-11,191.4090393714491,191.8135672431147,188.27151698341027,190.65919494628906,2053871,,
2026-02-12,189.43575077053373,200.22964439511324,188.94242850290212,199.23312377929688,22244997,,
2026-02-13,198.80887991044102,198.80887991044102,191.19198266182948,193.15541076660156,10052817,,
2026-02-16,192.39569385480962,194.70443856786696,190.47173992726184,194.06312561035156,4351756,,
2026-02-17,193.73753014925492,194.88204147418162,190.37306852141077,190.99465942382812,4889441,,
2026-02-18,191.40904304166534,195.552947148062,191.40904304166534,194.39857482910156,3991495,,
2026-02-19,193.3823387361992,196.8355947850599,190.62960696716524,192.26742553710938,4500279,,
2026-02-20,192.2970070060575,194.6649628387875,190.63945147264678,192.82980346679688,3597825,,
2026-02-23,193.87564649388256,195.74040401826494,190.4223907039152,191.50770568847656,2718891,,
2026-02-24,191.4090419081257,191.4090419081257,185.84436727134724,187.54139709472656,4069852,,
2026-02-25,188.48858033178962,189.29763614123033,185.6865132427549,187.90646362304688,2812044,,
2026-02-26,188.28138837021478,189.2285587430667,184.21641748880523,187.60060119628906,4643171,,
2026-02-27,186.96914721875783,187.64993438524115,182.61804102384392,184.25587463378906,3769121,,
2026-03-02,172.66280008258252,181.897793877771,172.66280008258252,179.3127899169922,4396131,,
2026-03-04,173.64944890778597,175.9976678640259,172.46547840350595,173.7974395751953,3678743,,
2026-03-05,176.39231294364774,176.5008444472701,172.14973833159254,175.88912963867188,2910110,,
2026-03-06,174.79395313481484,179.72717591426886,173.25479003642536,173.93556213378906,2905206,,
2026-03-09,170.68951106770427,172.60360394743714,165.20376965259447,171.8142852783203,4568695,,
2026-03-10,173.63959049366488,178.04001702751765,172.51481623942877,177.30003356933594,2998059,,
2026-03-11,177.15204207800397,179.66798883515227,174.51770278569637,175.18861389160156,2401982,,
2026-03-12,173.74811012656792,177.07309742045194,171.4294894274197,174.30062866210938,2582752,,
2026-03-13,173.64945445189537,173.95531187764095,169.76207221047872,170.39352416992188,3007420,,
2026-03-16,170.39351420203482,171.2321681084076,166.64426182560587,169.82125854492188,3356606,,
2026-03-17,171.4788270342374,171.97214931278526,167.63090422856337,170.1863250732422,3060254,,
2026-03-18,170.68951452634838,177.59602667481334,170.4724515115679,176.47125244140625,3236407,,
2026-03-19,173.64943320235835,174.14275545577414,168.2426255203214,169.01220703125,2767574,,
2026-03-20,170.98550841726336,174.5670179988164,169.70286745457153,170.17645263671875,2467871,,
2026-03-23,167.72958350280098,167.73944452908867,161.80971584976095,162.90489196777344,5959076,,
2026-03-24,166.54559473105957,167.42370773449258,162.66807401466417,166.90078735351562,3053825,,
2026-03-25,168.97274435897333,177.49735287792592,168.883949960495,174.72488403320312,7776903,,
2026-03-27,173.40331013058693,175.60923284149956,166.6364993127967,166.9942169189453,7732577,3333044.0,43.1
2026-03-30,164.94729349646474,165.93102076540478,157.99168473456564,158.56800842285156,7604721,3313779.0,43.58
2026-04-01,165.4441203943257,169.92551423316482,163.8542609203215,166.96441650390625,4149865,1287936.0,31.04
2026-04-02,162.9599776977141,167.7792270054134,159.97900249592664,166.91473388671875,3227020,860527.0,26.67
2026-04-06,166.13968203274973,168.84243410323091,163.95363657745514,168.44497680664062,2812074,896069.0,31.87
2026-04-07,167.09359330239818,171.44580660500887,165.34474488671597,171.0880889892578,3520596,1190495.0,33.82
2026-04-08,178.8584984546863,183.83672120334685,175.77815158315758,180.99485778808594,5212278,2067966.0,39.67
2026-04-09,180.71664329956852,183.55850685053207,178.8585069954082,180.77626037597656,3109409,803409.0,25.84
2026-04-10,181.6308023887275,185.38684488555867,181.6308023887275,182.79339599609375,2516656,946902.0,37.63
2026-04-13,176.8711939683745,188.53674896147118,176.59297083127382,186.77796936035156,5610880,1287237.0,22.94
2026-04-15,188.89445800196123,191.4978380216306,186.80776940654692,188.07965087890625,4379685,1994215.0,45.53
2026-04-16,188.79509377178724,194.45894355253608,188.29826457765094,192.4418182373047,5571862,1231680.0,22.11
2026-04-17,192.44181161604047,196.1978389815168,191.6170733627078,195.66127014160156,6502717,1238786.0,19.05
2026-04-20,195.75069357090723,200.51031036258482,190.8519652176906,198.13546752929688,7287259,2816631.0,38.65
2026-04-21,198.13546402720286,201.59340591637783,196.74434843640105,197.10206604003906,3218467,1053934.0,32.75
2026-04-22,195.94942967166517,200.47057833694777,195.79044069184314,198.61244201660156,3203269,1032949.0,32.25
2026-04-23,197.73800989903273,204.99171882220585,196.8735319940351,203.16339111328125,7148636,2403331.0,33.62
2026-04-24,204.17690931958694,213.09997203599656,203.69995756674828,210.02955627441406,28775240,7073735.0,24.58
2026-04-27,211.25177310458932,215.35557181545906,210.0792483571813,213.5570526123047,9276510,4016546.0,43.3
2026-04-28,213.23909029055653,217.06466588238786,211.45050220872807,213.6862335205078,8860387,4202659.0,47.43
2026-04-29,213.63654373706268,218.90293598717162,211.4504984149485,215.3257598876953,4480936,1524040.0,34.01
2026-04-30,213.63654492151122,222.81795351972215,212.146057398803,219.4693145751953,4802433,2362057.0,49.18
2026-05-01,219.4693145751953,219.4693145751953,219.4693145751953,219.4693145751953,0,0.0,0.0
2026-05-04,220.17482093301822,224.56678905888637,218.37630172975352,220.11520385742188,4829238,1714237.0,35.5
2026-05-05,219.06192786510218,220.0953258841937,216.9752392524066,218.5849609375,2661166,1076422.0,40.45
2026-05-06,219.95621319411381,221.98326955895828,217.27333867869316,220.9995574951172,3044347,1068038.0,35.08
2026-05-07,221.79449305652994,229.8331856895702,220.79088839181566,226.5640411376953,7799198,2981794.0,38.23
2026-05-08,225.36172225686775,234.0065470783115,223.93085177237597,230.5088653564453,8461676,2881829.0,34.06
2026-05-11,229.93253266717733,231.5223920680763,224.96424099189673,226.84225463867188,5131782,2132885.0,41.56
2026-05-12,228.54141569896868,229.03824486353165,216.61751574945725,217.54161071777344,4289913,1798437.0,41.92
2026-05-13,218.10801462157488,224.66616600074605,217.46214273875782,218.09808349609375,2660815,905601.0,34.03
2026-05-14,219.59850571130278,225.36172744563314,212.75219996325487,221.93360900878906,8888115,3436636.0,38.67
2026-05-15,223.57313180866115,225.55051741054172,203.69996453678016,205.2202606201172,14546781,4569293.0,31.41
2026-05-18,203.69996765585833,203.69996765585833,195.86000365353576,199.8843231201172,3998133,1130678.0,28.28
2026-05-19,201.0170903620381,202.83548699024624,198.83104499046257,200.8282928466797,2281328,663327.0,29.08
2026-05-20,198.3342100276931,209.36380846548943,196.7642280366003,204.62405395507812,3242204,1354855.0,41.79
2026-05-21,205.4885571048577,207.1777733274006,203.20313978634735,204.79299926757812,2334800,658557.0,28.21
2026-05-22,205.1904481288479,205.68727730107273,202.05048412150154,204.05767822265625,1518491,544870.0,35.88
2026-05-25,205.68727525949794,208.66825026325876,205.09107419393658,206.2139129638672,1824309,646925.0,35.46
2026-05-26,205.9356915216913,207.46591869813773,204.6936185933337,205.32955932617188,1205683,506602.0,42.02
2026-05-27,205.32957094221138,207.37650481802152,202.80568528029593,204.93211364746094,1313515,526357.0,40.07
2026-05-28,204.93211364746094,204.93211364746094,204.93211364746094,204.93211364746094,0,0.0,0.0
2026-05-29,204.9321043505197,206.1542998803539,199.32787184144613,202.2194061279297,1720084,648311.0,37.69
2026-06-01,202.706308714751,203.83907865697014,199.7253335865929,201.4741668701172,1386017,465322.0,33.57
2026-06-02,199.48685011801177,202.71623984018305,197.7380168344875,201.4741668701172,1749395,656387.0,37.52
2026-06-03,201.71264996731819,202.80568024377317,198.4633828382416,201.34500122070312,1796078,723540.0,40.28
2026-06-04,201.21581822843422,205.68728085573275,200.56994635818933,203.37205505371094,2000702,1005858.0,50.28
2026-06-05,205.09107458618902,206.16422740903818,202.22934888728093,204.62405395507812,1295995,477447.0,36.84
2026-06-08,202.7063121093729,204.79300079883774,199.80483142215218,202.82554626464844,1662466,643731.0,38.72
2026-06-09,203.79933991475212,208.46953127091263,202.81561265968327,207.65472412109375,2250936,1051745.0,46.72
2026-06-10,207.55536170234305,207.55536170234305,201.53379450688607,204.25640869140625,1591409,810391.0,50.92
2026-06-11,201.21581959613326,205.02153296645602,197.75789271955145,202.04055786132812,1879558,649872.0,34.58
2026-06-12,204.69361881691856,206.72067516692218,201.07670305207142,204.37564086914062,3768859,1392577.0,36.95
2026-06-15,207.07839645629167,211.35113044282653,206.68093917653076,208.21116638183594,3252979,1464533.0,45.02
2026-06-16,209.04585614823523,214.80906265878667,207.91308619440684,211.48031616210938,3722427,1558913.0,41.88
2026-06-17,212.64289147526105,215.5046324366822,211.64923310388133,212.29510498046875,2812799,1302294.0,46.3
2026-06-18,215.127041047837,216.61752863015457,209.47312239298853,210.20843505859375,3833874,1470612.0,38.36
2026-06-19,210.15874516219952,211.26170655889342,205.69721362454115,207.32681274414062,2550460,1487315.0,58.32
2026-06-22,208.72787338023335,213.78559081081997,208.72787338023335,210.0593719482422,3151248,1258783.0,39.95
2026-06-23,211.15239574171557,212.0367510515176,206.87966187783155,207.4857940673828,1513378,762721.0,50.4
2026-06-24,206.6809339306452,207.86338977665287,204.19678809013266,206.6610565185547,1174411,469766.0,40.0
2026-06-25,207.87332901977746,213.2390933420479,205.8661348568898,206.94923400878906,2588017,842318.0,32.55
2026-06-25,207.87332901977746,213.2390933420479,205.8661348568898,206.94923400878906,2588017,0.0,0.0
2026-06-26,206.94923400878906,206.94923400878906,206.94923400878906,206.94923400878906,0,,
2026-06-29,206.28348720817965,207.8634004046406,204.39552717564555,206.64120483398438,1414878,586684.0,41.47
2026-06-30,206.64120674354314,207.64479626536925,202.70631282332917,203.7198486328125,1350096,680217.0,50.38
2026-07-01,207.2771400788107,210.4568438002162,205.78665253796217,207.44606018066406,3981114,0.0,0.0
2026-07-02,208.4993313438456,209.66190978243813,203.05408788490985,205.5183563232422,2960381,1197186.0,40.44
2026-07-03,207.38644251089883,215.4251349859629,206.69086953087665,214.1929931640625,7505306,3045523.0,40.58
2026-07-06,215.61393036750727,216.46847715317568,210.24816619167424,213.22914123535156,4807189,1835053.0,38.17
2026-07-07,211.6591613418379,212.43421364797902,207.97269732504256,209.3538818359375,2027662,1049433.0,51.76
2026-07-08,206.18411076006646,210.89405686901037,201.2158189345227,202.5473175048828,4087819,,
2026-07-09,202.70630857546786,205.25007159049113,200.32153453938943,203.51116943359375,3440513,,
2026-07-10,205.28981962167072,207.6249076292905,204.2464753296596,205.6475372314453,1975862,,
2026-07-13,206.19404005196685,211.06297509492052,205.8462687244851,208.90673828125,4766154,1674390.0,35.13
2026-07-14,207.47586325441281,207.67459188888753,204.72342542276783,206.53189086914062,1384175,,
2026-07-15,206.6710065650597,207.74415940712507,203.213064575508,203.62046813964844,1653081,885399.0,53.56
2026-07-16,205.4786002455657,205.4786002455657,200.4904463248383,201.3748016357422,2036958,,
2026-07-17,202.10017117727782,202.5970003522219,199.52659968995297,201.64308166503906,1677153,,
2026-07-20,201.6430853429734,201.71264870650552,199.52660332928303,200.63949584960938,930485,383389.0,41.2
2026-07-21,201.21581522802748,201.57353283935822,197.34055374029694,199.02976989746094,1692046,882675.0,52.17
2026-07-22,199.12912818821638,201.01708815908677,192.49149765755334,197.0623321533203,4806191,,
2026-07-23,194.757033613291,197.30079652435725,194.757033613291,195.58177185058594,1417592,782674.0,55.21
2026-07-24,193.5646597615318,196.25746554049002,190.53399860272125,194.29995727539062,1792361,,
2026-07-27,198.6322978915314,203.69996153601718,195.85006664407263,200.8779754638672,3848410,1256570.0,32.65
2026-07-28,200.74880567291498,201.91138418340566,192.27290071978013,193.2168731689453,4480058,1730492.0,38.63
2026-07-29,194.97565067369845,197.71814237423052,193.514971626126,193.97206115722656,2302330,1041134.0,45.22
2026-07-30,193.5149662663173,196.83378156108765,192.67035059264342,195.86000061035156,1397122,501586.0,35.9
2026-07-31,197.11000061035156,197.97999572753906,194.39999389648438,195.10000610351562,1461868,695774.0,47.59
2026-08-03,195.89999389648438,200.38999938964844,195.89999389648438,199.3800048828125,2281853,1116344.0,48.92
2026-08-04,198.5,205.14999389648438,196.64999389648438,203.41000366210938,2681603,1597775.0,59.58
2026-08-05,204.0,204.67999267578125,201.30999755859375,202.83999633789062,2167517,,
2026-08-06,202.0,204.24000549316406,200.97000122070312,202.11000061035156,2002727,799087.0,39.9
2026-08-07,201.89999389648438,202.69000244140625,200.0,201.0399932861328,1224833,644230.0,52.6
2026-08-11,199.10000610351562,199.7899932861328,194.82000732421875,195.77000427246094,1324503,830110,62.53
2026-08-12,195.8000030517578,196.8000030517578,191.25,192.72999572753906,2161689,1345598,56.98
2026-08-13,192.72999572753906,194.55999755859375,192.5,193.91000366210938,886663,379605,42.81
2026-08-14,194.0,194.10000610351562,189.30999755859375,189.99000549316406,3878958,3214353,82.84
2026-08-19,187.2100067138672,192.0,187.0,188.32000732421875,2510261,1017810,40.54
