date,open,high,low,close,volume,delivery_qty,delivery_pct
2022-01-03,497.36359371470024,501.76188618762586,495.47864253232467,498.2611999511719,312604,,
2022-01-04,501.67212362664253,514.4180877501143,499.0690437504212,512.174072265625,1178814,,
2022-01-05,511.09711344140334,518.5472357116834,504.9036072779086,508.2247619628906,744489,,
2022-01-06,502.6594876268514,513.3410236531365,499.6973980318719,510.19940185546875,538995,,
2022-01-07,507.8655749936787,519.713987743911,507.8655749936787,515.9440307617188,513874,,
2022-01-10,518.7716240793807,525.9973445620747,512.757650309019,516.033935546875,872525,,
2022-01-11,517.0211936288943,529.4081487691458,517.0211936288943,521.46435546875,823192,,
2022-01-12,522.3619731440774,523.7083825319637,512.5331736553995,514.2386474609375,275515,,
2022-01-13,514.5078521382336,522.2721124040689,509.7954198873596,519.1754150390625,404723,,
2022-01-14,517.0211898550361,524.7855056794002,516.4377238897698,519.579345703125,564355,,
2022-01-17,520.7463239868749,523.3044800626732,515.4504248301716,520.43212890625,356065,,
2022-01-18,520.7912296980428,524.0674600952514,505.98072451151165,507.5964050292969,234265,,
2022-01-19,508.13493526968074,509.4813448011696,500.81947635325105,505.980712890625,820170,,
2022-01-20,507.14753527300854,518.8164166155733,503.24296996875023,514.59765625,765015,,
2022-01-21,513.6999970693133,515.2708078574423,491.8881782255426,494.17706298828125,994484,,
2022-01-24,492.785849313994,496.46601315968223,476.71867493580635,481.9248352050781,355331,,
2022-01-25,475.910882198826,488.0285675284435,468.1465656104469,485.5601501464844,870237,,
2022-01-27,481.74531193884985,492.1575230997001,475.7313387745912,481.2965087890625,635689,,
2022-01-28,484.93172219758543,497.54307763913914,481.34129760010217,486.5025329589844,639383,,
2022-01-31,492.2921782716137,493.1449152000022,483.8995266303187,489.8237609863281,1073260,,
2022-02-01,489.6442525366809,495.4338243166337,477.7060993164514,488.34271240234375,832461,,
2022-02-02,489.50956775590475,494.13226205813055,487.7143551780369,490.3623046875,244114,,
2022-02-03,490.09305473367596,491.43946422470253,482.2838687286133,484.57275390625,266058,,
2022-02-04,487.8490118372556,529.4979650288378,487.4899474120281,520.92578125,7770569,,
2022-02-07,517.918784865796,518.816391078735,468.86458341446615,470.4353942871094,3768139,,
2022-02-08,472.1408600692182,480.2641852026559,453.47066211104044,457.8689270019531,3109561,,
2022-02-09,462.0876961198734,468.9544059889042,452.2589239143289,459.8885498046875,1220257,,
2022-02-10,464.86797501603974,467.2891847500493,457.2846444135531,462.49249267578125,917329,,
2022-02-11,462.12704426964626,467.6089784976732,448.7876932874949,452.6250305175781,1400187,,
2022-02-14,439.74244752009685,451.39155690734447,435.1741693290194,438.41766357421875,721629,,
2022-02-15,441.295654296875,442.84887996812665,430.7429432819287,440.61041259765625,1024921,,
2022-02-16,445.0873372125531,446.275106268118,432.9814000433956,434.3975830078125,1399051,,
2022-02-17,436.72742402989195,442.94027162875796,434.0778280798626,437.8238220214844,922823,,
2022-02-18,439.4227122851843,450.3408809772715,436.6817452337309,438.097900390625,1604727,,
2022-02-21,437.45835232146277,443.0773573663749,432.3875741735608,436.40765380859375,559721,,
2022-02-22,429.41816900998833,433.072791724967,418.45430086505246,431.42822265625,468299,,
2022-02-23,433.0727930599419,442.1636782444979,431.0627394074841,433.392578125,500223,,
2022-02-24,423.02255606801907,427.7735764900563,395.6128872083202,405.7087707519531,725901,,
2022-02-25,411.1450673096902,426.22038644437885,411.1450673096902,424.7128601074219,445914,,
2022-02-28,418.45427122137227,435.81372788776105,417.58628723503017,434.1691589355469,379802,,
2022-03-02,430.05774152605204,441.88956590195704,428.3674729344774,438.097900390625,443162,,
2022-03-03,443.0773422139595,444.6305401721312,436.3619672523608,438.5090637207031,260512,,
2022-03-04,433.98640950520837,440.10791317125165,426.08329415073,428.27606201171875,311250,,
2022-03-07,420.28160865365925,432.3875462942266,409.72889680679174,425.3523864746094,238804,,
2022-03-08,424.57581131183474,438.55473224925623,420.6470751058998,428.32177734375,577601,,
2022-03-09,430.60590142923564,436.72740550460367,429.4181602241919,433.8493957519531,254402,,
2022-03-10,438.55472641103626,444.03666049117425,435.8137593709673,441.615478515625,474785,,
2022-03-11,444.6305519022366,448.05676086256807,438.09791906104994,439.33135986328125,1160192,,
2022-03-14,439.33137097041583,444.85897707980837,434.9001350265117,442.8946228027344,380517,,
2022-03-15,442.20936452976264,446.6406003086906,433.62100641499404,436.0878601074219,258379,,
2022-03-16,438.3719738612829,445.86396141513416,438.3719738612829,444.1280212402344,389812,,
2022-03-17,451.391565632473,451.391565632473,439.7424560200551,441.4784240722656,681311,,
2022-03-21,443.6711818829226,444.8589230552669,438.554704750983,440.56475830078125,165135,,
2022-03-22,440.5647828901496,444.9503190294077,437.2756168444266,443.48846435546875,216083,,
2022-03-23,445.8639820187294,451.07183066664396,437.2299244925971,442.5291442871094,498893,,
2022-03-24,442.2093512057869,452.99047712761524,438.554728468549,451.71136474609375,425873,,
2022-03-25,455.9141303385351,456.0968726059213,442.39203902861067,443.9909362792969,595638,,
2022-03-28,447.5998591804379,449.92969761874883,438.41763183415947,448.1023864746094,228813,,
2022-03-29,452.25956558595055,453.08185012868597,447.0060453796491,448.19378662109375,176995,,
2022-03-30,448.1937342306016,450.3865299316531,440.56473243318413,447.1430358886719,291680,,
2022-03-31,449.51860405768065,451.3459154562891,445.0873683395433,449.3815612792969,184809,,
2022-04-01,448.2394722203432,460.9849519434816,446.320789758483,459.1119689941406,606197,,
2022-04-04,460.48242486009156,467.06075636825824,459.1576130799914,465.09637451171875,365401,,
2022-04-05,467.791683307675,492.1862998206879,462.9493196139582,487.16119384765625,1206501,,
2022-04-06,483.78065366178197,505.25156085923595,475.46640977647303,494.19635009765625,3289661,,
2022-04-07,496.0236530728085,504.2922251919156,485.60795681071045,490.95281982421875,1034820,,
2022-04-08,493.145663137341,497.66826999676545,489.39969708051086,495.7038879394531,348421,,
2022-04-11,495.15564915731954,514.7992439854262,494.4704074772693,511.73846435546875,1390063,,
2022-04-12,511.64713849740923,521.5602794997515,497.7595621565999,500.72894287109375,1614322,,
2022-04-13,501.1400990461231,515.1190186413334,498.30778897834324,500.72894287109375,966351,,
2022-04-18,501.9624867441098,527.9559479806895,494.10501390723,521.2406005859375,1645800,,
2022-04-19,521.8801486225702,523.0678898832552,495.2013909462434,500.3178405761719,816279,,
2022-04-20,498.490547144785,508.5407602385518,498.490547144785,503.10455322265625,378515,,
2022-04-21,507.0789121656365,514.6165716708014,486.0648311209344,509.5001220703125,282523,,
2022-04-22,506.94181379629555,508.40369629161546,492.3233234337877,494.83587646484375,189865,,
2022-04-25,495.0186364542631,498.4905168865252,487.06982088229654,490.67877197265625,660146,,
2022-04-26,494.2877666110307,506.5307761122511,493.1456969099886,499.7240295410156,556162,,
2022-04-27,497.02859504072967,506.3935639730229,490.7700771334837,497.7138366699219,453048,,
2022-04-28,497.9423520164768,503.0588015843604,492.0949332830802,500.6833190917969,467619,,
2022-04-29,500.86598338239907,505.8910889045836,484.2374412286938,487.115478515625,395524,,
2022-05-02,483.46088955168347,491.72946168992615,480.81126596998416,490.3589782714844,327466,,
2022-05-04,490.31338818646594,498.4905626643331,481.450916120295,483.18682861328125,709229,,
2022-05-05,488.8057558486384,493.7395184940906,473.54769586819094,477.8418884277344,485823,,
2022-05-06,473.273618452667,477.2479981548627,444.81325102763293,450.8433837890625,1166138,,
2022-05-09,445.8639557333827,448.10242322154255,431.4282076638905,444.31072998046875,1208803,,
2022-05-10,438.78315198190046,453.90414273476006,424.34740300725315,428.1390686035156,1153281,,
2022-05-11,417.5406365031099,451.07181036874607,410.23139122515613,413.3835144042969,2411659,,
2022-05-12,413.3835168108229,419.64203581045865,393.14602152362875,400.9577941894531,1043176,,
2022-05-13,408.4040437612108,410.4140971877781,391.04458776241216,394.3794250488281,425307,,
2022-05-16,394.01403677231445,396.9377462851563,386.70479087277005,392.73492431640625,527472,,
2022-05-17,395.3844904469063,404.9778749638156,393.054679645823,402.2369079589844,443511,,
2022-05-18,405.11496277950584,407.58184451115295,394.88203488660827,396.8006896972656,444804,,
2022-05-19,390.1309748629071,395.7042800803175,379.3955206365859,383.5526428222656,499447,,
2022-05-20,387.2072331724942,394.1967208374118,387.0245187815346,392.5521240234375,237546,,
2022-05-23,393.73989303617833,398.3538426756142,389.85685672569355,392.5521240234375,333652,,
2022-05-24,394.4708354564494,405.38903186414456,391.1359978380194,393.3287658691406,1235154,,
2022-05-25,394.2424402656489,400.13553076910944,390.1766611886803,394.5622253417969,718678,,
2022-05-26,395.6129213339285,404.201279407622,383.36994043036043,402.8764953613281,379813,,
2022-05-27,403.60740080501296,405.5260833293245,394.4708439107286,395.70428466796875,330812,,
2022-05-30,397.4401925522143,414.75397761067245,393.0089572426495,406.0742492675781,548196,,
2022-05-31,407.4904398773917,421.14960366756105,402.00850570863753,416.67266845703125,1454096,,
2022-06-01,420.2816048126141,439.92520155929066,415.25649866811546,437.8694763183594,1718825,,
2022-06-02,433.9864813282743,441.6155124186624,429.5552453634629,439.3770446777344,465967,,
2022-06-03,439.4683777443698,442.8032153669578,423.93623133760406,425.3523864746094,479468,,
2022-06-06,425.35233384190576,425.35233384190576,414.9823655654291,419.50494384765625,166225,,
2022-06-07,418.40859420778366,421.60638881569207,413.611902295921,417.2208251953125,259434,,
2022-06-08,417.2208266935982,420.96682025282587,410.32273802478926,418.49993896484375,280457,,
2022-06-09,417.03815855555985,420.0532112352196,409.8659556800888,417.8604431152344,207483,,
2022-06-10,413.0636821273802,428.32171317134777,413.0636821273802,425.76348876953125,1029595,,
2022-06-13,421.51503522077167,426.58581287131574,408.86089902634967,416.48992919921875,758543,,
2022-06-14,416.5813194005,432.20480925813735,415.71333534949406,430.651611328125,1105510,,
2022-06-15,434.0321350949611,445.2701170888906,429.5095560473628,433.3468933105469,1712880,,
2022-06-16,439.46841601198696,439.46841601198696,424.9412951548388,429.1897888183594,1212931,,
2022-06-17,427.0883704373315,437.73245382362245,421.8805217660265,425.3981018066406,846318,,
2022-06-20,424.84987282660654,428.6872376696762,410.32275371936953,414.4342041015625,469991,,
2022-06-21,413.65762065442306,426.6315428252111,411.69326646416073,423.3423767089844,476825,,
2022-06-22,422.8855302276901,433.89506984067464,414.98241429997205,420.7384338378906,716282,,
2022-06-23,424.3017198383911,424.3017198383911,404.8865353744232,416.44427490234375,695005,,
2022-06-24,416.44428955079945,424.4387775524635,414.84539195046665,422.65716552734375,314591,,
2022-06-27,423.5250532724349,433.7123357841623,423.2509677383092,429.0983581542969,268302,,
2022-06-28,428.4131077494554,435.72235259186897,421.2866051811247,434.260498046875,480685,,
2022-06-29,429.92067100935617,434.5346489436943,417.5863192737444,420.37298583984375,774595,,
2022-06-30,421.1952741909666,423.11395672149365,408.95229348947635,412.652587890625,414677,,
2022-07-01,412.0587166466134,420.8298168568447,410.5968619644817,418.81976318359375,220456,,
2022-07-04,417.9974835285685,426.5858415480535,415.71334427431407,425.4894714355469,222648,,
2022-07-05,428.23041769797817,433.7580232712127,424.9869233852674,431.1997985839844,482182,,
2022-07-06,431.7023193359079,437.82382369432963,428.68726667134746,436.3619689941406,252938,,
2022-07-07,438.3262969335647,441.3870489295185,436.13352895584893,438.82879638671875,210536,,
2022-07-08,440.7932145962013,443.0316543874153,433.0728125858971,439.33135986328125,225955,,
2022-07-11,437.2298926899262,450.4322277600541,434.16916862072617,446.73193359375,290019,,
2022-07-12,447.2801411892661,452.57936103101764,431.5195802089689,434.8087463378906,610344,,
2022-07-13,437.4126569318222,447.462869414851,435.8137594913403,440.2449951171875,489593,,
2022-07-14,442.7574901979625,448.60488020869315,440.83880794438784,447.599853515625,413597,,
2022-07-15,450.15815799890976,455.0005218779206,447.9653620934516,454.1325378417969,410106,,
2022-07-18,456.8278249943612,473.2736266941582,456.8278249943612,472.222900390625,668856,,
2022-07-19,470.39553575917574,481.4964729540072,468.79663855297173,478.1159362792969,554599,,
2022-07-20,483.27817021593546,483.27817021593546,463.4061597052665,467.4262390136719,475779,,
2022-07-21,467.6089960284293,471.0352050493954,463.26913126853896,464.8223571777344,271885,,
2022-07-22,464.822365199579,467.79174640232816,456.27967831669616,459.7515869140625,854890,,
2022-07-25,459.7515491542319,465.23348323214776,457.3760388106233,460.71087646484375,1153332,,
2022-07-26,460.66522700839187,467.1978598558503,455.82283494360513,458.33538818359375,555617,,
2022-07-27,457.7414835706727,467.7460241550309,454.26960323154304,466.0557556152344,489142,,
2022-07-28,467.5633547584511,469.1165807685143,457.7415549271793,459.43182373046875,394553,,
2022-07-29,461.35042542442073,481.26810717389606,461.35042542442073,479.4407958984375,783185,,
2022-08-01,481.2680908906813,486.06478282646884,476.24298505318967,481.6335754394531,582879,,
2022-08-02,481.633598589821,486.88711858153437,478.07031924591706,485.3338928222656,409849,,
2022-08-03,485.10551521777876,488.3033102346855,478.48151125418616,487.024169921875,239748,,
2022-08-04,488.71447990601644,492.36910288302124,479.6235940976928,485.6993713378906,576025,,
2022-08-05,483.3238674950792,496.937359792954,482.77569637863695,494.1506652832031,318171,,
2022-08-08,493.3740634970374,502.1908630489108,490.9528536571626,501.14013671875,445171,,
2022-08-10,516.2154770073334,516.2154770073334,494.01365437048435,495.4298095703125,1509501,,
2022-08-11,497.9422475976689,511.09890910629196,495.9778659662411,508.76904296875,343176,,
2022-08-12,507.07891301784383,533.4835850287843,505.84550013006395,529.1893920898438,1040317,,
2022-08-16,529.1893716313026,533.5292360343963,524.2099371105194,530.7882690429688,524972,,
2022-08-17,531.5648366677361,540.88413528685,529.2350259542362,531.5191650390625,466031,,
2022-08-18,529.9203478224734,538.9655622723889,527.453466084758,536.7727661132812,416249,,
2022-08-19,536.8639812128451,545.5894363654456,531.3820478889627,535.7676391601562,323024,,
2022-08-22,535.3565532475141,557.3299610506687,524.8951846288675,533.1637573242188,1587273,,
2022-08-23,533.1181093633198,542.5744237015058,527.8645890054122,530.6968994140625,673814,,
2022-08-24,533.9860638663008,540.6100674289174,524.7124365725912,530.7882690429688,602804,,
2022-08-25,531.7475969308585,535.4022195901771,521.2405567853175,522.5653686523438,385349,,
2022-08-26,525.3520363091155,529.8746432529744,524.4383805937953,526.58544921875,430991,,
2022-08-29,516.2154332731507,529.8745961561445,516.2154332731507,528.7781982421875,180340,,
2022-08-30,530.0116657345427,533.9404299787273,526.8595980836841,531.8847045898438,322415,,
2022-09-01,526.2656912485568,540.7471120089841,525.5347778304022,532.7526245117188,281377,,
2022-09-02,534.9454502278089,538.0975737690246,524.2556666278751,527.5448608398438,435849,,
2022-09-05,527.5448327719466,531.3364705346164,520.9665004631305,523.1592407226562,775095,,
2022-09-06,523.2962502569874,540.7927774821444,523.2962502569874,530.0115966796875,1930422,,
2022-09-07,530.0116139815832,540.2445682934087,528.458444007071,530.6511840820312,858247,,
2022-09-08,533.3008847396342,536.3159376312144,522.428358757586,523.9359130859375,300802,,
2022-09-09,525.6717234881993,529.7831736595283,514.3424275862712,516.85498046875,328987,,
2022-09-12,518.8193888915823,524.4383939903847,510.50514397583186,512.5151977539062,565980,,
2022-09-13,514.3881375227536,519.3219004018424,503.65268349807803,504.93182373046875,347245,,
2022-09-14,500.6832712521672,509.13458559355865,498.1250467126603,499.35845947265625,518910,,
2022-09-15,502.2821625338507,510.87054741891905,501.00302239688756,505.89111328125,793298,,
2022-09-16,507.261647676571,509.7742008113688,488.8057916788507,493.9222412109375,520713,,
2022-09-19,494.2876952960924,499.3128012556645,487.38960645006625,492.5517272949219,225478,,
2022-09-20,497.02870258513303,503.33294924382284,493.4654230362878,498.2621154785156,202450,,
2022-09-21,498.2620998894602,502.09946487620715,488.8971292238254,490.86151123046875,256847,,
2022-09-22,485.33386531968915,490.99854118625325,479.76053270697594,487.89208984375,378990,,
2022-09-23,487.84647026876894,490.40469506578575,475.4207193380731,476.6998596191406,357807,,
2022-09-26,473.3193129276716,473.3193129276716,449.9754215032184,451.89410400390625,712467,,
2022-09-27,452.4423237266537,464.6396052834046,450.52364113801605,460.48248291015625,658739,,
2022-09-28,456.0055222487652,462.30974040505004,448.51353506546315,451.3002014160156,456156,,
2022-09-29,454.2239084157381,456.6907898650081,436.7274080022033,441.2043151855469,445651,,
2022-09-30,442.8488915953791,448.878996400783,433.9407492716469,444.8589172363281,484669,,
2022-10-03,446.68626672775457,450.706346236411,438.3263226385187,441.1586608886719,754927,,
2022-10-04,445.63558452370796,461.39614594458743,443.12303125371267,459.5231628417969,1137887,,
2022-10-06,463.086376690303,466.8780421015042,458.28968447693137,459.1119689941406,269751,,
2022-10-07,459.66020885211725,461.30477803281616,446.0010443717818,448.4679260253906,340421,,
2022-10-10,442.2093384719547,450.93473885283066,439.468371497955,448.9247131347656,380492,,
2022-10-11,451.1631758830837,451.2088753978599,438.18928160429056,439.0115661621094,212229,,
2022-10-12,441.20428165592705,444.63049014033714,438.9201426663203,442.072265625,363771,,
2022-10-13,441.29570856211706,443.71689062057334,434.35191957965884,438.1435852050781,251988,,
2022-10-14,442.20935109669193,445.4071459909862,435.31126183488067,436.7274169921875,204800,,
2022-10-17,435.8137337457351,441.9352375949768,434.4889219345754,440.6560974121094,188182,,
2022-10-18,442.89454856567704,443.30570473541843,436.27054551853695,440.79315185546875,279844,,
2022-10-19,443.0316573557556,447.2344792851,438.60042149419206,439.8338623046875,419315,,
2022-10-20,437.5954019110006,444.72190510793473,434.90010648459565,443.48846435546875,238066,,
2022-10-21,444.4478400736461,445.5899097337361,438.9202061892745,442.5748291015625,108634,,
2022-10-24,444.95026649400495,447.59986209374154,438.64604858220264,443.8081970214844,50151,,
2022-10-25,446.04668435497337,464.1370544584001,442.0722768357572,463.4518127441406,854864,,
2022-10-27,463.45181578388707,470.5326468776774,456.9648552698388,462.5838317871094,350944,,
2022-10-28,462.49250320605546,464.639571686901,450.5692801918663,456.5537414550781,241889,,
2022-10-31,458.6551193017341,463.5431824245886,456.0968947295678,460.8022155761719,136507,,
2022-11-01,461.6701857637805,475.1009348837083,461.6701857637805,473.776123046875,653923,,
2022-11-02,476.8825898383235,479.395142939932,461.25907224817325,462.9493408203125,824430,,
2022-11-03,460.9393130587581,467.380574764137,457.2390185271677,465.78167724609375,248017,,
2022-11-04,465.78167411756465,471.44635072503667,465.3705457737938,466.649658203125,211024,,
2022-11-07,467.60897234453813,471.30926674674146,464.0000490881115,466.6039733886719,290040,,
2022-11-09,462.3097752997304,468.9337789972068,460.07130772480116,461.989990234375,304779,,
2022-11-10,461.67021349352405,466.8780621301917,455.7771509652518,465.0507507324219,362506,,
2022-11-11,475.14663505207653,481.99905279371336,461.9899985646456,465.0507507324219,941207,,
2022-11-14,465.9643796528371,473.7304526470511,463.1320415725535,471.8117980957031,293071,,
2022-11-15,473.7304554857745,476.9282502672599,467.4262370645004,475.0552673339844,385563,,
2022-11-16,475.0552382925347,478.4357751507522,462.3097315753307,465.3704833984375,254670,,
2022-11-17,465.0507475581456,469.9387832077685,461.67021034232215,466.6039733886719,265900,,
2022-11-18,467.7916523544125,471.17218912015204,462.94928898110965,467.88299560546875,170098,,
2022-11-21,467.74600899497136,481.49651501651897,464.1370581183902,479.8062744140625,376858,,
2022-11-22,483.32381485798743,493.3740265090987,478.43577967917383,484.28314208984375,1929291,,
2022-11-23,486.52166395784343,495.0186508795764,483.369540615797,490.81585693359375,566216,,
2022-11-24,493.237020074879,495.01865988890665,485.74508775352376,491.63812255859375,419836,,
2022-11-25,493.1913012603105,502.2365143646001,491.5467322681982,499.31280517578125,554988,,
2022-11-28,499.31282542797595,502.37354962729745,490.7244397934334,500.45489501953125,408754,,
2022-11-29,499.7696333348474,501.27718744162905,489.21692188271953,491.08990478515625,295357,,
2022-11-30,490.6330739481141,494.2420248443307,488.1205209623463,491.27264404296875,208439,,
2022-12-01,493.23698313215243,499.5869010885385,492.4603981313126,496.1150207519531,372795,,
2022-12-02,495.06425099032595,503.88104959481075,493.60242437642154,502.2364807128906,344496,,
2022-12-05,502.7390239976857,505.70840487545485,494.74453701907646,500.2264709472656,273850,,
2022-12-06,497.94236870111206,500.59199260208334,490.86153685261,496.434814453125,334920,,
2022-12-07,496.434814453125,500.13516474088965,493.55683238667666,496.434814453125,194240,,
2022-12-08,496.11505874880703,498.810354290982,492.6888497795473,493.7852478027344,522584,,
2022-12-09,494.242042876063,496.3891113816426,480.5828795384396,483.00408935546875,189220,,
2022-12-12,483.0041605131095,487.4353688328126,477.5678973552951,483.2325744628906,119932,,
2022-12-13,483.6435341117541,485.79065807347666,477.2936727691723,480.44573974609375,205913,,
2022-12-14,480.85696740270265,482.958364288209,476.1059467712644,477.2480163574219,209026,,
2022-12-15,476.9282590747636,484.2375044245684,476.60850189675625,478.6184997558594,223770,,
2022-12-16,476.5171449169437,482.31889238434616,467.38058742351126,469.2535705566406,282437,,
2022-12-19,469.2535105951843,474.0045310377056,464.5482175463842,470.71539306640625,1478848,,
2022-12-20,472.81676941176164,473.27359720829475,464.2284124134505,467.517578125,303823,,
2022-12-21,468.2485881386807,472.3600391564837,460.16272889382236,465.1878356933594,270336,,
2022-12-22,467.471942685595,468.6140402160149,454.0868919891863,455.77716064453125,230108,,
2022-12-23,450.61497513505685,455.6857528102988,434.3518879292851,436.17919921875,171057,,
2022-12-26,434.9000636392889,448.8789831032436,434.9000636392889,447.55419921875,194406,,
2022-12-27,447.782673821494,452.5336668346104,445.544206155105,450.29522705078125,155331,,
2022-12-28,450.2952109681887,455.8228167221747,446.8233026276392,452.990478515625,109134,,
2022-12-29,450.93476323803446,459.5231491937141,446.8233125546999,453.9041442871094,174770,,
2022-12-30,454.2696453418848,460.2084076552951,448.60496859760775,449.8384094238281,247252,,
2023-01-02,455.73141024126244,458.88353327040835,449.51856320366534,457.3760070800781,188637,,
2023-01-03,457.74150307424344,462.17273877033625,454.13255192692185,456.3253479003906,266421,,
2023-01-04,456.09695060656406,459.11200335617764,441.3413882921533,442.5748291015625,203566,,
2023-01-05,444.03661958189406,447.6912419652841,437.45828813876955,442.75750732421875,511661,,
2023-01-06,442.07232550250075,444.72192151281394,436.72743396635866,439.4227294921875,117220,,
2023-01-09,440.38201175541155,446.04668778993545,439.468356129363,444.7675476074219,138957,,
2023-01-10,444.7675649406064,449.42721439155827,442.20934024099574,444.7218933105469,143284,,
2023-01-11,445.635527041878,447.554209413444,440.4733783840754,446.4121398925781,141961,,
2023-01-12,446.4121794850636,448.51357643680797,441.38707314757477,442.6205139160156,169141,,
2023-01-13,442.4834363917644,443.6712055099187,437.41265850106794,439.4683837890625,188066,,
2023-01-16,440.4276892783826,442.6661567451841,435.950782227337,437.732421875,298246,,
2023-01-17,437.6410853823105,443.03164849839914,434.16920483501536,440.8845520019531,163214,,
2023-01-18,441.29570856211706,443.0773483521929,437.0472150810434,438.1435852050781,138196,,
2023-01-19,433.9864307095961,434.8087152123239,415.1194472457852,416.3985595703125,1145506,,
2023-01-20,414.1601119522329,424.8498946480129,412.4698712365621,420.2816162109375,488458,,
2023-01-23,418.0431555479105,450.34089020950165,417.5406560645327,448.6049499511719,2251975,,
2023-01-24,447.691296096842,450.61500551009004,431.6109500890966,432.8443908691406,835225,,
2023-01-25,428.5045374716482,432.2505315420488,421.4237055624685,424.84991455078125,540495,,
2023-01-27,425.48944672211763,427.6822147023289,400.18117410191843,401.9171142578125,406744,,
2023-01-30,399.72430409404615,403.15051241485224,393.6485002483276,397.6685791015625,703156,,
2023-01-31,397.44020230111823,413.3378048166515,397.3945306722675,411.099365234375,416986,,
2023-02-01,411.19069270221445,420.00749157131474,396.66357420073825,401.46026611328125,469072,,
2023-02-02,401.46027170594095,409.3177155724593,397.8970203834956,404.7037658691406,337596,,
2023-02-03,406.02857319732686,406.8051860914752,395.7042753041207,404.9778747558594,212893,,
2023-02-06,403.79016074162143,410.3684652634439,402.1912632152496,406.5311279296875,155197,,
2023-02-07,406.5310901726133,410.27705600901095,399.72434446807677,408.1756591796875,293974,,
2023-02-08,408.17566599073166,414.43421283649116,403.15055986213844,413.3835144042969,216545,,
2023-02-09,413.38351458787173,414.8453413380653,409.9116063497671,410.6425476074219,475733,,
2023-02-10,409.8202178267792,415.25647992714295,408.2670199999301,414.1144104003906,159007,,
2023-02-13,414.1144319623797,419.3222804285537,410.231395369241,417.9060974121094,388405,,
2023-02-14,418.0431488894366,419.45933193536536,411.4191451514674,417.5406494140625,417319,,
2023-02-15,451.7113738803539,463.3604840908617,440.107963184521,460.8479309082031,13087706,,
2023-02-16,460.48246212585866,468.1571921340032,457.0562533302794,465.507568359375,2642615,,
2023-02-17,464.7766960364921,467.8830921598914,459.6602182064957,462.99505615234375,937022,,
2023-02-20,465.00507585661256,473.1823054576117,461.4417963497716,467.2892150878906,1255526,,
2023-02-21,468.705389806593,475.28372222006044,463.77165443777244,473.2279968261719,898392,,
2023-02-22,473.27569164408516,481.6725067835545,466.1670027730376,473.1802673339844,1563125,,
2023-02-23,470.41312026956274,482.8175230352916,468.0276581992303,479.52557373046875,683218,,
2023-02-24,480.14580473797474,483.4854515500092,472.8939944079609,473.943603515625,260551,,
2023-02-27,474.22985682177176,481.67248679012414,470.1268737324459,480.1935119628906,373184,,
2023-02-28,480.05035827222184,490.68951251552176,477.3309258840831,483.1514587402344,683583,,
2023-03-01,483.1514656732789,486.204839475492,480.14578946195644,483.34228515625,334566,,
2023-03-02,483.3423302953223,494.267758615179,481.3862629755942,491.9776916503906,818769,,
2023-03-03,494.7447852136105,499.2294651169259,485.536908342581,487.349853515625,636927,,
2023-03-06,491.40516115390966,501.3764037415922,487.6361196293347,496.8917236328125,475485,,
2023-03-08,495.2219519451212,510.05951515814,493.7906746273607,506.4336242675781,730588,,
2023-03-09,506.1950860946493,512.5404389331185,503.85732145738046,508.91448974609375,556576,,
2023-03-10,503.8095129192024,512.2540240731759,503.8095129192024,511.34759521484375,367313,,
2023-03-13,511.44305563819677,516.6433744748191,503.76187960333465,507.0060729980469,893291,,
2023-03-14,506.67212190751565,512.1586844328796,501.56725659248673,503.71417236328125,470282,,
2023-03-15,504.42986687287384,517.1682118961895,502.8554385042285,513.399169921875,512885,,
2023-03-16,509.8209337148058,522.8932772949432,509.00989991963877,520.6032104492188,391132,,
2023-03-17,522.8932448495492,524.8016143562994,509.00986833570477,510.8227844238281,723764,,
2023-03-20,508.5805737776934,513.1606498487515,503.8573466698913,505.7657165527344,378019,,
2023-03-21,507.0061214507209,510.20267579723355,493.26589388466,495.3651123046875,411254,,
2023-03-22,495.2219364325268,496.89175991760754,489.97391976513006,493.265869140625,437653,,
2023-03-23,490.5464116060667,499.70662117502667,488.01785667873304,491.8822937011719,356863,,
2023-03-24,491.4051381795782,493.5520538318191,477.56945953180366,479.8594970703125,410113,,
2023-03-27,482.34041536978447,482.769810176631,462.0162908209578,464.87884521484375,648980,,
2023-03-28,464.9265929014807,491.3098287033747,463.3044669224023,487.9224548339844,1594416,,
2023-03-29,486.5387864005908,510.01173650515864,484.1533245834479,505.9564514160156,2390188,,
2023-03-31,506.00417071342315,506.00417071342315,483.29458488768796,487.0158996582031,753861,,
2023-04-03,493.2658303734164,499.03863660608675,489.4967888698327,496.79632568359375,336360,,
2023-04-05,491.35748821442644,500.89933648254305,490.4510009811914,498.2276306152344,488326,,
2023-04-06,498.22762784670084,505.71795540002233,494.3154351352202,497.4642333984375,241931,,
2023-04-10,496.9394837323433,501.23331577767834,492.2162568347099,496.1761474609375,8723233,,
2023-04-11,500.94710010526506,524.6108752815197,500.94710010526506,520.1739501953125,1134614,,
2023-04-12,520.0783656034182,520.0783656034182,503.8095279123446,511.01361083984375,490381,,
2023-04-13,512.3972334428267,517.6452498002486,510.96595625443894,514.3056030273438,328941,,
2023-04-17,514.7349906402602,516.1185702174686,490.26012776524027,496.1283874511719,775065,,
2023-04-18,499.6589253042897,508.485135260522,498.3230432045744,506.9584045410156,265988,,
2023-04-19,506.6721523164637,514.3056310707608,506.4813036998421,508.96221923828125,253027,,
2023-04-20,508.58051626212534,516.2139949302248,507.8171800430795,513.3514404296875,128613,,
2023-04-21,513.3513657914419,516.8341632229124,511.4429964018827,516.0230712890625,279636,,
2023-04-24,516.0231667464291,520.030754853616,512.7312172927105,519.124267578125,132400,,
2023-04-25,519.8398464783552,519.8398464783552,516.5478974030312,518.4085693359375,95231,,
2023-04-26,516.2140115243417,520.0307509810837,512.3018768767101,515.2598266601562,252945,,
2023-04-27,515.2597532673036,518.981097003093,513.4467789880597,517.2158203125,67858,,
2023-04-28,517.9315482199281,532.2443216134716,514.4965059010074,526.1375732421875,310652,,
2023-05-02,526.1374739779678,533.8663468567765,515.2597449556021,517.0249633789062,212202,,
2023-05-03,517.0250593958943,522.1299835011323,508.8667902334503,514.1148071289062,376571,,
2023-05-04,514.1147871763757,523.8474843252651,514.0670895814874,522.6070556640625,81903,,
2023-05-05,522.6070490818686,528.3798557223578,515.0212679478873,515.689208984375,113547,,
2023-05-08,516.2140028357152,523.8474816207165,513.3514482913397,521.080322265625,121222,,
2023-05-09,520.9848681761812,521.9390529164306,494.8401829978213,509.1529541015625,219551,,
2023-05-10,511.2522456374742,516.5002624629105,509.53472450600503,513.2083129882812,125077,,
2023-05-11,514.1148002695304,518.8857246562907,505.7179849965968,513.2083129882812,112082,,
2023-05-12,513.2083327551447,516.2140385301016,503.61878601616763,510.632080078125,230059,,
2023-05-15,509.05761867204166,510.63204697377245,506.09966892561465,507.5786437988281,97162,,
2023-05-16,507.6262788168122,511.77695911687505,499.56340616152664,505.3362121582031,247224,,
2023-05-17,505.71794677944627,511.8247528285369,500.75617414441246,509.9640808105469,136629,,
2023-05-18,511.443113959583,515.2598536159978,507.62637430316823,510.632080078125,114854,,
2023-05-19,510.3934982422277,510.3934982422277,501.85353220902135,502.9985656738281,80712,,
2023-05-22,502.9985903365698,508.4373976431373,498.46621208854754,505.86114501953125,67594,,
2023-05-23,506.05186065695267,513.256002135987,497.60734888510933,510.8227844238281,162633,,
2023-05-24,510.4412763294858,530.049766390682,508.15120903874634,527.5689086914062,477060,,
2023-05-25,528.7615273048631,535.2976698533563,518.4562849305355,530.0973510742188,418734,,
2023-05-26,530.0973859567853,534.0095788159791,522.8933019301471,527.1871337890625,172223,,
2023-05-29,529.9543110113232,531.9103783873563,520.9849497530129,529.9065551757812,141289,,
2023-05-30,532.2442955229454,542.4540850242892,520.9849259863885,540.5457153320312,903975,,
2023-05-31,539.1144644901373,539.2576155196024,522.2253802379912,526.1375732421875,382258,,
2023-06-01,526.7099957773736,540.0685826267998,523.0841052802928,535.8224487304688,311774,,
2023-06-02,536.2518394175613,539.5914861043256,530.0973360184755,537.9693603515625,137857,,
2023-06-05,539.400652744115,564.8297008159443,538.1602241588882,561.58544921875,1114451,,
2023-06-06,562.8259699788375,586.8237447889068,558.7229863378351,584.1520385742188,984236,,
2023-06-07,601.1364280176526,692.1656818415676,599.2280584048982,656.2406005859375,8361595,,
2023-06-08,687.0129786316626,714.5411837160315,621.7944781918065,637.109130859375,7294249,,
2023-06-09,643.1205499909668,662.8721868387496,624.2754003436054,649.2273559570312,1954838,,
2023-06-12,649.7999195906629,656.383818723455,636.4413309353482,651.8514404296875,737341,,
2023-06-13,653.6165841147777,654.1890716958474,634.5328882282148,639.5423583984375,580498,,
2023-06-14,639.4947155085006,644.7904299222506,630.7162030020091,632.6245727539062,484869,,
2023-06-15,632.7677257841576,643.4545498375576,623.1781211594555,625.8975830078125,536734,,
2023-06-16,629.785691831222,651.6745730597864,625.2734960394228,644.186279296875,1204655,,
2023-06-19,644.6182548441257,658.5388215658637,640.4420496699229,646.3463134765625,512592,,
2023-06-20,645.1463076665724,647.9784348733247,630.361681344091,633.673828125,416821,,
2023-06-21,634.5858183592608,640.9220527138043,629.7856230615357,634.393798828125,204714,,
2023-06-22,634.5857881730838,646.1062563396148,624.0253590204304,626.6654663085938,345148,,
2023-06-23,626.8576320215938,636.4580243993006,610.6329454648113,615.1451416015625,450078,,
2023-06-26,615.1450882576365,618.5052252984508,599.6884813083469,606.2167358398438,331190,,
2023-06-27,609.5288400274136,614.4250159346889,600.8884882408321,602.5205078125,241524,,
2023-06-28,605.6887808775338,608.6648790876113,590.9041531205438,594.6002807617188,401256,,
2023-06-30,600.5045254307033,602.9046234540075,587.6399765873357,590.6641235351562,381719,,
2023-07-03,593.2082562212879,595.1283346572253,580.1036974575584,581.9277954101562,351167,,
2023-07-04,586.5838712256384,593.7361740097278,564.5989531045869,567.287109375,633858,,
2023-07-05,569.207289955465,595.1283494865144,569.207289955465,585.3359375,1367642,,
2023-07-06,588.4080195255718,619.1292723805036,587.543960850571,614.7610473632812,4530043,,
2023-07-07,618.2652088620101,622.5853850108906,604.8246608432707,608.2327880859375,660897,,
2023-07-10,610.6809125226926,612.024990843001,587.9280303282669,594.312255859375,446632,,
2023-07-11,597.1443275298027,608.6647968712136,593.3041710826657,599.2084350585938,394233,,
2023-07-12,600.9845444564355,609.5289168496248,596.8083973383664,600.8405151367188,333785,,
2023-07-13,601.84851772173,603.816586100255,583.4637460530564,587.639892578125,339317,,
2023-07-14,588.4560673524554,593.7362832036387,584.1838809899963,586.0559692382812,217457,,
2023-07-17,587.5439518155531,595.0802356021827,580.5836680726401,585.5278930664062,580804,,
2023-07-18,586.343890733733,597.1443308004616,584.423812499648,593.0161743164062,305340,,
2023-07-19,596.0884479294032,611.5450578204711,594.4563693368688,600.6005859375,574493,,
2023-07-20,604.8246824567846,605.5927020803585,586.3919185103019,589.9920654296875,302739,,
2023-07-21,586.5838861616721,593.3041598165521,586.1518568503454,588.6959838867188,369097,,
2023-07-24,588.9360152864261,592.248162000041,576.9835164135403,579.7196044921875,202839,,
2023-07-25,587.5440288992563,608.6648926832165,583.7038718476272,587.1119995117188,1163389,,
2023-07-26,589.4641223236403,616.3452223644576,588.9841026800542,613.4171142578125,1301998,,
2023-07-27,618.2652662008726,621.0973936581335,603.8646777024051,606.7927856445312,494115,,
2023-07-28,606.6487580128371,650.5705488132454,604.3926308686846,644.9542846679688,2190843,,
2023-07-31,648.0264134542679,654.7466873715714,638.6180416892706,649.7064819335938,654223,,
2023-08-01,651.8186681983616,652.7307172158531,641.4982461390779,650.714599609375,387941,,
2023-08-02,649.4665068501082,650.9065656236118,624.9855077005475,637.6100463867188,523123,,
2023-08-03,636.4579851722673,650.8585728512711,630.4097500663139,641.9782104492188,265718,,
2023-08-04,650.9065166851422,653.7866340156074,634.9218420626053,639.3860473632812,273954,,
2023-08-07,643.1302939829694,643.1302939829694,629.3536960811218,633.7218627929688,130880,,
2023-08-08,634.6818700001274,636.6979874089402,626.905576184231,631.2737426757812,118313,,
2023-08-09,631.2737567566867,647.450452242589,625.8975607388815,635.5939331054688,914069,,
2023-08-10,638.4739958118655,648.0263966370765,634.8258589278028,644.666259765625,242959,,
2023-08-11,651.8666104801147,652.3466300754608,610.1049056849968,614.3291015625,669259,,
2023-08-14,614.3771347378424,620.9533802152016,603.384673516991,616.9212036132812,177462,,
2023-08-16,611.4009645729756,615.4811313297449,605.8807389608758,607.5128173828125,117139,,
2023-08-17,608.5688142035941,611.9769413189088,600.0724329372647,603.5765991210938,285207,,
2023-08-18,603.5286331914268,608.6168289512267,596.6643298520187,604.7766723632812,322216,,
2023-08-21,606.744682647897,616.1050634324175,602.9045264286066,610.5848388671875,404038,,
2023-08-22,611.016985250561,645.5783978471954,611.016985250561,635.4979858398438,1352394,,
2023-08-23,638.5700378583864,639.1940281225983,627.8655783366687,633.3858032226562,203801,,
2023-08-24,635.1138928141439,647.930450722218,633.8658536288395,637.6580200195312,535557,,
2023-08-25,635.5459597903472,643.2262735038257,627.0976264247496,639.7221069335938,182047,,
2023-08-28,643.2262842443886,648.026480395466,637.5140391053774,640.0581665039062,109403,,
2023-08-29,648.0264810525606,648.0264810525606,628.8256964287809,639.1461181640625,167642,,
2023-08-30,639.1460540793729,639.3380736255866,629.7856725138095,634.2498779296875,259855,,
2023-08-31,635.5459568043186,638.330093950831,626.7135843560874,630.6497802734375,115497,,
2023-09-01,632.6657876576677,646.10633549865,630.5056996117955,638.6180419921875,411163,,
2023-09-04,641.9783040533181,685.0360440531472,636.0260485588955,677.3077392578125,1887518,,
2023-09-05,686.5721167608334,686.8601168265395,667.2273017675316,673.5635375976562,558047,,
2023-09-06,672.0274794621479,680.811862096433,657.6268906165304,672.1715087890625,309069,,
2023-09-07,675.6755802293702,695.5484034764987,669.4833156427525,691.1802368164062,772434,,
2023-09-08,696.988397977986,703.1326717567428,690.5081339471989,696.4603881835938,697714,,
2023-09-11,694.0603503516327,706.1568208156147,669.1473214285714,688.828125,887536,,
2023-09-12,699.8685769007346,707.068870901771,683.5959007391639,691.3722534179688,867240,,
2023-09-13,691.3722778487999,704.8128271256794,683.3079248442143,696.7484741210938,438896,,
2023-09-14,700.7325734256916,710.4289450480273,693.7722898424508,697.3724365234375,349181,,
2023-09-15,700.5885368580183,715.7091527614288,690.2681164795,695.2123413085938,513668,,
2023-09-18,691.276196461957,703.180705674244,688.8281082841474,693.9642944335938,233574,,
2023-09-20,694.9243742347943,700.7806487042262,686.3320699903786,690.9402465820312,244979,,
2023-09-21,690.0761861679687,693.1003331781358,683.1638919991184,689.3081665039062,126316,,
2023-09-22,689.2600965761651,691.5161650653008,677.8356076320375,682.6358032226562,159996,,
2023-09-25,682.587935889667,697.46854489992,681.8199161761094,689.356201171875,379048,,
2023-09-26,689.3561128330533,703.0846612156254,689.3081225938835,693.436279296875,557907,,
2023-09-27,693.9163547042934,709.1330118982463,691.9482859708825,705.6288452148438,578304,,
2023-09-28,707.500875223834,717.8692864991777,699.9645326117618,705.436767578125,239837,,
2023-09-29,707.0688742274115,712.637089895174,702.7007075654659,708.9889526367188,130774,,
2023-10-03,708.556945084628,730.4938767438636,704.6208076628517,718.0133666992188,331825,,
2023-10-04,718.0133962470522,719.0694160096757,700.5886599907354,703.5647583007812,131948,,
2023-10-05,704.1887515788832,710.6210259233039,700.8286143866186,703.3727416992188,78751,,
2023-10-06,703.708714195195,707.068851302539,696.0763910464282,700.8765869140625,97952,,
2023-10-09,687.3879914591266,696.0283433070765,680.0436689499147,694.6842651367188,359663,,
2023-10-10,695.0684167759601,701.9807110929612,693.2923676024908,696.1724853515625,320685,,
2023-10-11,699.8685664790065,730.397800869562,698.9085272931643,718.3013305664062,449315,,
2023-10-12,721.949469150641,724.3495671198918,708.6049010031498,711.3890380859375,119811,,
2023-10-13,710.1408983331414,710.8609276219888,697.9963808894615,700.780517578125,409942,,
2023-10-16,698.9565114752107,710.4289913658195,698.9565114752107,705.0527954101562,312995,,
2023-10-17,705.5807915718825,713.5011146330219,700.8765762546891,704.9087524414062,529992,,
2023-10-18,708.5088902975997,712.7330859817322,696.2204009384952,701.1165771484375,579564,,
2023-10-19,700.8286182093032,702.7007063744334,683.4519320729817,697.1804809570312,138192,,
2023-10-20,696.0283867414448,710.5249545302935,691.5641812363025,706.0128173828125,118716,,
2023-10-23,706.0128185479435,710.8610045650535,681.6757907929989,694.0123291015625,177541,,
2023-10-25,687.6759628091662,696.0283142999929,671.0672988906139,678.41162109375,154306,,
2023-10-26,677.7877322454191,700.732694495019,664.2991920693962,695.740478515625,343497,,
2023-10-27,704.6207856758555,707.5488935295784,687.1480604393429,691.1802368164062,936763,,
2023-10-30,691.180110935134,707.5487646671629,686.2358864952756,693.9161987304688,181946,,
2023-10-31,695.9804508465496,704.1887745360228,689.3081664851594,697.8525390625,921823,,
2023-11-01,697.8525695516947,700.8286678534355,686.7640690943564,690.1242065429688,171225,,
2023-11-02,694.828318964327,705.6287591554824,691.5641624903226,700.2525634765625,157346,,
2023-11-03,702.7486392967179,738.1741064374256,702.7486392967179,715.7091674804688,716268,,
2023-11-06,719.9333863470507,729.1017485653839,715.2291710453435,718.7333374023438,118080,,
2023-11-07,716.1891855732705,736.3500071510703,708.8448628457596,723.5335083007812,243292,,
2023-11-08,724.2054448256177,735.1499135987443,718.7332690351889,722.5734252929688,239390,,
2023-11-09,723.677473301423,768.0312921418417,708.2688572220547,729.7257080078125,673118,,
2023-11-10,729.7257290563607,756.7988446044977,729.7257290563607,746.574462890625,766244,,
2023-11-13,747.9184954988262,803.9848058528004,747.2945052028274,787.6161499023438,1434916,,
2023-11-15,801.6326699814564,820.3534329331192,779.6477505638691,793.3283081054688,927000,,
2023-11-16,793.3284040085857,799.6167079191779,773.7916288767681,794.864501953125,628621,,
2023-11-17,792.0803665391993,814.3532887191224,787.2321800762514,800.6727294921875,431348,,
2023-11-20,799.7605485083969,807.3928709578439,787.2320501610368,792.7042846679688,120836,,
2023-11-21,793.1364698311847,805.904980459015,779.599880907065,788.240234375,95980,,
2023-11-22,785.3120258140983,790.7842606960895,761.3110470300488,764.9111938476562,264443,,
2023-11-23,765.1993000486335,773.6956828747816,752.8628186803464,755.6949462890625,218305,,
2023-11-24,755.6948021014915,794.4323564043232,753.7747238987016,783.3919067382812,870841,,
2023-11-28,785.2640461716779,830.4338771335279,785.2640461716779,810.321044921875,962879,,
2023-11-29,825.6336731479942,963.879311442542,820.017467530734,903.7808837890625,6224415,,
2023-11-30,893.7964308489408,933.2540156896384,883.2839906465812,925.4777221679688,1442015,,
2023-12-01,926.4378852826165,940.310464299601,907.2371000954121,914.389404296875,635463,,
2023-12-04,940.8384449935554,945.6386411414818,906.3250229707364,928.6459350585938,763217,,
2023-12-05,928.6458633825789,937.6222646440588,919.7655011943315,927.58984375,353161,,
2023-12-06,912.037194042124,921.013536671346,892.8844012480115,904.69287109375,1049903,,
2023-12-07,903.5888148853581,1005.1609401986176,899.1725998566984,963.7352294921875,2765383,,
2023-12-08,967.8154257389891,972.5196409252567,916.8373712572755,928.0218505859375,847021,,
2023-12-11,934.1181952079352,934.4541855087602,902.6769096035571,907.8611450195312,558601,,
2023-12-12,912.0371970152244,916.8373927889887,883.2360223726383,889.2362670898438,441862,,
2023-12-13,889.2842566756561,906.276961421538,867.0113365825091,875.6036987304688,550782,,
2023-12-14,881.795998803505,888.7082927125921,868.2594696201552,876.227783203125,522897,,
2023-12-15,878.435879083065,896.5806436304512,852.5148203560237,861.6351928710938,710740,,
2023-12-18,864.6593288592131,901.4768087382334,858.3230349819617,893.6524658203125,651854,,
2023-12-19,898.5966812736871,912.9972691146115,883.5240542809577,886.59619140625,274129,,
2023-12-20,888.9962683586987,892.0204151722412,846.7545450241602,850.3067016601562,311758,,
2023-12-21,844.8345032018426,875.5557578637279,834.2740719118196,872.0036010742188,303393,,
2023-12-22,875.5557298080871,884.1001019255917,861.1551421467698,876.9957885742188,203752,,
2023-12-26,878.4358479398904,888.0362397206542,868.9794854742945,876.083740234375,346052,,
2023-12-27,877.4758814017724,887.0282837336358,858.275096250749,862.7872924804688,310145,,
2023-12-28,866.8673210954211,890.4842596267923,863.1711353855508,882.4679565429688,444611,,
2023-12-29,884.1959919734372,902.3887442441264,864.1311517790169,896.532470703125,859362,,
2024-01-01,907.0450090730067,911.7492245117618,898.5966759753725,904.7889404296875,329025,,
2024-01-02,906.7090242951261,916.8374260257106,892.9324267673164,900.228759765625,362520,,
2024-01-03,902.1008553309069,914.8213746972401,902.1008553309069,906.5650024414062,250137,,
2024-01-04,964.8393724411525,1029.1139484348219,943.7185105568685,974.0557250976562,7975873,,
2024-01-05,988.8404930596757,1003.2410827644283,974.4399033549231,996.7127685546875,1137345,,
2024-01-08,996.6648334364244,998.4408827220375,971.5597820333672,974.1998901367188,341438,,
2024-01-09,977.7999585507292,984.6642625033135,970.7916838709201,980.248046875,219963,,
2024-01-10,980.2479716029458,996.3286861127496,973.9597268305619,981.0159912109375,374547,,
2024-01-11,982.6000299403079,987.880245049904,970.8395508325709,979.5278930664062,159305,,
2024-01-12,980.1999718415082,982.4080501665853,966.7594237457382,973.0476684570312,117332,,
2024-01-15,976.3598527527951,981.1600486856997,947.750696711912,970.9356079101562,389747,,
2024-01-16,973.3837560235149,996.0406574188755,954.9509918971132,968.3915405273438,335717,,
2024-01-17,966.7594576466955,993.5925059447824,953.0309090438307,961.86328125,312608,,
2024-01-18,961.911291210424,971.319663681039,936.278232769887,957.2550659179688,175007,,
2024-01-19,963.6872829764255,970.5035960702908,938.4862553954723,949.4307250976562,274883,,
2024-01-23,947.0786536094472,964.7913882471694,936.5662128410314,944.7745361328125,359714,,
2024-01-24,940.838444416139,970.5036800305751,932.1980913551746,960.0872192382812,428519,,
2024-01-25,960.087160563663,966.7114542773575,951.7828568980416,960.8071899414062,194979,,
2024-01-29,960.8071219491361,992.3923732599685,959.0790632840678,963.7352294921875,530860,,
2024-01-30,963.8793422869325,992.4885568930795,960.0391855447534,967.6715087890625,394555,,
2024-01-31,976.983942617347,1026.6659726055625,970.9836974496882,998.4407958984375,2126883,,
2024-02-01,1006.9849956096247,1041.6423823107261,1003.2888686592338,1009.6730346679688,993246,,
2024-02-02,1022.441694883645,1054.3629966253175,1014.6654012060843,1021.7697143554688,512473,,
2024-02-05,1027.770091849272,1084.220330855622,1026.3300329380033,1076.2520751953125,914432,,
2024-02-06,1080.043979266962,1123.2457384376403,1077.2119108204595,1118.301513671875,831483,,
2024-02-07,1128.0460510579248,1161.0714227145882,1071.8837583031261,1104.3331298828125,894803,,
2024-02-08,1111.2452927467552,1165.9675231455155,1096.652744850663,1156.1751708984375,469436,,
2024-02-09,1094.4445995600495,1144.07857531231,1070.6836312801274,1126.557861328125,1223641,,
2024-02-12,1125.8378224978137,1146.9107513727208,1072.9877395693152,1085.32421875,364493,,
2024-02-13,1087.6763829466947,1101.8850102211466,1064.6354417614998,1074.619873046875,454176,,
2024-02-14,1072.3638382799443,1116.4775947772118,1014.7134346539584,1085.6124267578125,809686,,
2024-02-15,1088.6844315873877,1187.5204184246913,1088.6844315873877,1160.1593017578125,2399731,,
2024-02-16,1174.2680713993263,1182.0254162145159,1127.045282183935,1137.905517578125,1637423,,
2024-02-19,1141.396167157598,1164.8136727855733,1134.6084912287747,1144.64453125,379899,,
2024-02-20,1167.5288159787362,1196.570325560795,1096.6945204288972,1115.506103515625,1537362,,
2024-02-21,1121.1299883330234,1124.8147737319698,1086.0280573963846,1090.58544921875,697562,,
2024-02-22,1093.2521335316312,1111.530469930116,1077.4950286140925,1085.3009033203125,519833,,
2024-02-23,1093.7855467842403,1118.0272477324727,1081.034388411934,1091.749267578125,1239321,,
2024-02-26,1095.0460254085338,1116.0877718487106,1068.9619347821506,1082.246337890625,920294,,
2024-02-27,1085.4463191739255,1131.6024895917074,1080.694922579227,1116.2332763671875,1206377,,
2024-02-28,1123.699712527015,1160.692569557801,1052.0897560319252,1083.7978515625,1672445,,
2024-02-29,1090.488594607374,1093.5430724402408,1032.211572256827,1045.1566162109375,6486191,,
2024-03-01,1054.6109542887395,1104.4519160528066,1054.5625419065373,1082.3919677734375,980882,,
2024-03-04,1125.3966856380098,1134.3661148652473,1103.4822119563491,1110.9486083984375,1273651,,
2024-03-05,1110.9486719863175,1126.3180057495367,1094.9976794162806,1109.97900390625,930614,,
2024-03-06,1107.3124863503183,1138.3903976187594,1105.0337898923372,1126.511962890625,1017060,,
2024-03-07,1126.512035513439,1137.8086937587302,1105.4217520854922,1109.8822021484375,523306,,
2024-03-11,1134.5115971270116,1248.447590855579,1102.6094952094768,1123.99072265625,9547108,,
2024-03-12,1126.754293744749,1174.9467493229026,1109.3002685404415,1162.341064453125,3778555,,
2024-03-13,1168.93484564625,1169.274205793515,1090.876566861909,1101.494384765625,1519388,,
2024-03-14,1098.052234960884,1116.815289959555,1070.6105790131073,1109.2518310546875,853841,,
2024-03-15,1093.058270611187,1149.0565985134233,1081.6161406797628,1120.8876953125,787157,,
2024-03-18,1153.8564938569252,1211.600275838815,1140.329671377708,1154.244384765625,5326912,,
2024-03-19,1156.038303031032,1242.2903546472965,1129.663377109962,1225.6605224609375,3474052,,
2024-03-20,1210.145824795082,1221.7818423411884,1151.9172063110304,1182.9951171875,2356398,,
2024-03-21,1197.539932183266,1217.902959370188,1180.1344396253228,1206.7032470703125,944303,,
2024-03-22,1206.7032987383539,1257.3684518846944,1188.8129714337501,1244.71435546875,1177615,,
2024-03-26,1240.8842079197598,1400.1037793817363,1236.0358674678303,1362.3836669921875,4289126,,
2024-03-27,1349.7294057327297,1468.7561598298926,1323.645429671571,1376.9771728515625,8682246,,
2024-03-28,1376.9286948260956,1405.049069579586,1290.725177511685,1316.7607421875,2886474,,
2024-04-01,1356.5655843241982,1418.6243387178713,1344.0084305869254,1379.352783203125,3177319,,
2024-04-02,1380.807425193874,1439.9571814697351,1365.6320951971022,1421.0001220703125,2261177,,
2024-04-03,1415.7639090867865,1452.5627648957845,1406.0186976628088,1435.884521484375,1586556,,
2024-04-04,1439.9571395101768,1467.883628350783,1412.8549632550237,1430.7938232421875,1127131,,
2024-04-05,1436.563217509656,1465.168425013223,1422.9878647960986,1445.24169921875,1295625,,
2024-04-08,1459.2535885601271,1543.1298815780617,1444.8055097887018,1520.8275146484375,1647829,,
2024-04-09,1525.2879260533232,1583.4680122346324,1504.8763651376387,1548.1236572265625,2122571,,
2024-04-10,1550.984055005279,1551.4203582832465,1516.512308280002,1523.0091552734375,797678,,
2024-04-12,1523.1061899183976,1566.0140039587534,1512.5367838032803,1533.0452880859375,703440,,
2024-04-15,1291.9372139183092,1508.803498850086,1291.9372139183092,1478.9862060546875,1124183,,
2024-04-16,1479.5194785593555,1528.2937078336631,1452.271713123922,1461.2896728515625,766057,,
2024-04-18,1475.931744242393,1543.2267319086802,1435.108742208512,1465.5078125,1381297,,
2024-04-19,1466.1380619562426,1485.3859486860345,1432.1996808924407,1455.6171875,603619,,
2024-04-22,1472.9257150963513,1484.7556175347809,1425.460513099139,1431.811767578125,455740,,
2024-04-23,1445.7750135209976,1508.754903885656,1443.1084264739268,1458.9140625,793375,,
2024-04-24,1470.5014797329518,1487.8585601075874,1450.6232863043165,1469.1439208984375,371208,,
2024-04-25,1476.2226766822569,1486.16177428692,1455.4717565463013,1464.0048828125,306326,,
2024-04-26,1471.9075100119628,1473.8468460340441,1440.4418304007672,1444.6114501953125,227797,,
2024-04-29,1459.0595795499382,1509.7732698070392,1448.9265949962546,1488.3436279296875,694049,,
2024-04-30,1488.343553910275,1527.2272200943792,1452.3203612040356,1455.5687255859375,1052082,,
2024-05-02,1461.7746237060448,1469.2895512906034,1434.6239175940918,1460.36865234375,424948,,
2024-05-03,1467.204759040073,1476.8044967767023,1431.5694568361703,1439.2298583984375,462210,,
2024-05-06,1439.229718075702,1450.9626771131093,1381.7768895117908,1396.9036865234375,654757,,
2024-05-07,1402.1400165154998,1403.6914617399057,1320.9788471389581,1331.354248046875,957140,,
2024-05-08,1328.4453732839281,1328.4453732839281,1284.8588370331136,1290.5313720703125,814820,,
2024-05-09,1295.4765543696783,1336.493561484595,1263.7684555132432,1281.1739501953125,819692,,
2024-05-10,1282.0467139024113,1305.609577928927,1259.8898212867764,1286.7010498046875,515224,,
2024-05-13,1289.2705665753751,1295.7188825361814,1256.6897450079634,1275.2589111328125,399623,,
2024-05-14,1276.0831787330865,1335.2329309387994,1276.0831787330865,1318.5546875,629983,,
2024-05-15,1326.5544337940692,1348.614382108582,1315.985028290722,1324.3726806640625,971912,,
2024-05-16,1337.2690926365806,1338.1418174954385,1290.967446415271,1298.094482421875,574950,,
2024-05-17,1306.9670623448376,1354.6262708518518,1291.1130133423342,1336.8328857421875,950802,,
2024-05-21,1349.777932640031,1394.2857200407063,1326.505899318651,1374.1165771484375,946369,,
2024-05-22,1388.6131475327124,1414.7456535531928,1328.6390852770442,1339.8873291015625,871185,,
2024-05-23,1318.7485869213053,1405.9701832459748,1318.7485869213053,1383.1829833984375,1656923,,
2024-05-24,1384.6374632804784,1419.5940443003858,1338.869178051747,1358.1170654296875,1172065,,
2024-05-27,1381.7769997793,1415.8608561140597,1342.9902769784776,1355.83837890625,1111590,,
2024-05-28,1359.2808450274858,1413.7761471094564,1358.5050631689633,1390.697998046875,1290287,,
2024-05-29,1402.0915416250177,1429.0483621478072,1380.8073741804767,1412.0306396484375,1794041,,
2024-05-30,1404.9035361068939,1431.9087677323082,1368.3955102069478,1396.75830078125,1218851,,
2024-05-31,1423.472611073983,1515.59107023749,1409.9942023228402,1456.2474365234375,23992516,,
2024-06-03,1473.8954741379312,1498.1371760151997,1453.8233923306266,1469.28955078125,785567,,
2024-06-04,1469.2894216388165,1483.6889676147364,1255.8169899971012,1356.4200439453125,889317,,
2024-06-05,1362.7231086460474,1469.0472447889658,1358.5536066286488,1395.7403564453125,568094,,
2024-06-06,1409.703379629995,1433.3147716540038,1397.3885250628268,1417.6060791015625,178746,,
2024-06-07,1420.5638177563574,1459.3505431558483,1407.2308809002823,1452.5628662109375,452171,,
2024-06-10,1467.107771785984,1502.985489932766,1459.3504273218148,1485.046630859375,201588,,
2024-06-11,1527.2272601672698,1536.9239411842048,1500.367501097435,1533.1422119140625,900866,,
2024-06-12,1546.6204488788649,1565.0441407463875,1522.4272797998988,1560.19580078125,483154,,
2024-06-13,1563.104932639773,1583.5649052929728,1527.2272139625575,1549.335693359375,402726,,
2024-06-14,1555.362708225078,1560.077377701434,1532.032267601702,1554.48779296875,410344,,
2024-06-18,1561.3409984002676,1564.1114642092678,1543.6973307422732,1559.6883544921875,249173,,
2024-06-19,1560.2231447428035,1565.0836529818778,1511.618062352062,1545.54443359375,193683,,
2024-06-20,1547.585818123109,1568.777681440193,1543.5515725652774,1551.5714111328125,154930,,
2024-06-21,1550.8423938487795,1565.0837072157121,1435.7941835761533,1461.5062255859375,928189,,
2024-06-24,1461.9436995083058,1471.7619024695045,1432.3431329790735,1449.403564453125,410511,,
2024-06-25,1453.4863034696525,1482.8923776508996,1450.1812528736425,1470.6439208984375,212220,,
2024-06-26,1470.6439083941127,1480.89962792528,1445.7094781707249,1469.0399169921875,159463,,
2024-06-27,1474.143492935662,1483.8645093912098,1451.1533839500923,1476.8167724609375,234960,,
2024-06-28,1477.5945403353007,1488.7737095549428,1448.5286766312802,1456.59716796875,249494,,
2024-07-01,1448.5287515458579,1456.694429739814,1409.5474962447317,1415.8175048828125,312165,,
2024-07-02,1424.177613613446,1440.7033421718627,1414.40794426448,1432.8292236328125,203868,,
2024-07-03,1435.1621805702962,1463.012915281867,1435.1621805702962,1455.138916015625,211602,,
2024-07-04,1463.0129446618087,1475.601613231371,1461.0687414130884,1471.6646728515625,162576,,
2024-07-05,1471.6645997692888,1479.5385988026353,1448.6257212172086,1467.3873291015625,113593,,
2024-07-08,1475.6504091298284,1481.2886465647398,1416.5952297130714,1432.197509765625,233580,,
2024-07-09,1501.5082174618744,1506.5632173504935,1459.2217947686368,1476.2822265625,355912,,
2024-07-10,1494.7521876064902,1506.7089671965962,1458.152535239039,1502.14013671875,767922,,
2024-07-11,1502.1402068230611,1505.591215450087,1472.8313157639702,1487.412841796875,146226,,
2024-07-12,1479.6359956699257,1492.1761315179144,1458.2984105059809,1467.9222412109375,140951,,
2024-07-15,1467.922153814136,1482.4550261124189,1453.9238662280584,1477.059814453125,165401,,
2024-07-16,1475.6503145923757,1505.4937879815377,1465.005848919419,1502.4317626953125,374305,,
2024-07-18,1507.8755855001205,1639.9355785715202,1477.594593615122,1499.6612548828125,3254915,,
2024-07-19,1499.661331054581,1545.1557406873108,1465.6864221587246,1483.913330078125,476631,,
2024-07-22,1477.788943800715,1504.862070838017,1461.1660286107226,1467.0958251953125,231364,,
2024-07-23,1564.306075312791,1564.306075312791,1415.4287884999103,1451.347900390625,577864,,
2024-07-24,1462.9643404343512,1506.7089149753733,1450.4243239977272,1477.059814453125,314215,,
2024-07-25,1465.7349754579755,1500.4876108709723,1460.2425771772357,1492.12744140625,159592,,
2024-07-26,1497.3284127853453,1530.0881951650952,1494.0717769044825,1513.4166259765625,270472,,
2024-07-29,1525.2274412568229,1562.847726472019,1506.806163030041,1547.7801513671875,424061,,
2024-07-30,1567.0277824491056,1594.10078833229,1541.7044882507014,1556.6263427734375,785634,,
2024-07-31,1652.5728716848012,1854.7700230438827,1622.4377193187843,1814.379150390625,15274443,,
2024-08-01,1812.9697208449165,1843.104874381749,1749.7831085902678,1776.321533203125,3746881,,
2024-08-02,1768.7877968937642,1823.5657070896725,1736.173735527001,1799.7005615234375,1829423,,
2024-08-05,1759.5039624729686,1777.9252410230147,1694.4218053601037,1713.815185546875,1097432,,
2024-08-06,1730.3410553508297,1773.0648783246272,1701.2266564078814,1718.7244873046875,868056,,
2024-08-07,1754.6434275989109,1777.9252139784376,1716.0510406738538,1721.640625,734738,,
2024-08-08,1725.4803715425144,1772.675952551168,1683.6800019783857,1698.650390625,824083,,
2024-08-09,1729.368870727982,1798.3880892899194,1706.0870832001035,1741.5201416015625,1710447,,
2024-08-12,1730.4380876719258,1740.207756518433,1695.6854544026014,1702.538818359375,538222,,
2024-08-13,1711.2393415413283,1725.38346988021,1655.6351672935484,1664.4326171875,407712,,
2024-08-14,1670.6540906205912,1674.639684174295,1627.2983750889293,1631.77001953125,307264,,
2024-08-16,1646.740184172077,1684.6521482704898,1628.2702529446453,1641.0047607421875,940549,,
2024-08-19,1647.7609759292563,1681.4442037143376,1610.772460083053,1626.1317138671875,483283,,
2024-08-20,1632.0615140754153,1762.712001982544,1624.6249125825505,1747.2069091796875,1930032,,
2024-08-21,1754.6435966217603,1767.961342659301,1671.0428490818867,1675.0284423828125,956087,,
2024-08-22,1682.853696201899,1691.4567715657067,1641.5879123864058,1651.1632080078125,479020,,
2024-08-23,1657.287520262007,1662.293867631392,1619.4242074096387,1625.35400390625,395370,,
2024-08-26,1630.2144017092319,1638.9633162085659,1574.8532624265674,1582.2412109375,675850,,
2024-08-27,1587.5878709983656,1658.308267709359,1587.442032014464,1641.73388671875,831236,,
2024-08-28,1647.6150636805141,1652.572758222231,1619.4726505107626,1626.8607177734375,380258,,
2024-08-29,1630.9921083748914,1642.8517004030266,1605.0369245128718,1613.0567626953125,325729,,
2024-08-30,1618.4520857935397,1720.6199470522206,1611.793213121232,1694.8592529296875,1450689,,
2024-09-02,1694.8591936606792,1725.4803950373994,1661.3216873909382,1716.8773193359375,751347,,
2024-09-03,1716.87739782186,1718.675762188484,1658.98869558315,1665.0643310546875,623308,,
2024-09-04,1661.3217280928452,1692.4289810471876,1633.2279665355043,1685.2840576171875,826409,,
2024-09-05,1691.7971254613476,1701.177930353103,1615.9246609664524,1626.7149658203125,525716,,
2024-09-06,1630.6518143359704,1657.433261421913,1616.6049933986167,1647.56640625,546682,,
2024-09-09,1640.9562520900822,1664.1893867963342,1613.49438023757,1623.84716796875,633571,,
2024-09-10,1629.193718499636,1666.2794203086537,1628.8535066539068,1641.247802734375,600504,,
2024-09-11,1642.8518073771734,1666.1822472452516,1638.234324486616,1652.864501953125,427830,,
2024-09-12,1661.3217705864618,1693.4011260161592,1659.5234062119903,1677.70166015625,457946,,
2024-09-13,1676.87532335131,1726.4525068243051,1670.216450872691,1713.815185546875,663591,,
2024-09-16,1720.522720708077,1746.8666514855659,1696.3660186261045,1731.11865234375,621144,,
2024-09-17,1757.5597190267292,1846.9930675612752,1710.8988415304445,1730.3895263671875,3895585,,
2024-09-18,1788.6670729151122,1914.9431035891898,1752.9423365403131,1878.975341796875,6172266,,
2024-09-19,1878.100478972016,1878.100478972016,1769.2250888866818,1790.9515380859375,1228563,,
2024-09-20,1804.5608460054093,1866.4351387926038,1788.7641944401073,1848.9859619140625,1489978,,
2024-09-23,1855.9851495269547,1867.504530807435,1798.3881244597962,1810.0533447265625,550984,,
2024-09-24,1813.941793246178,1876.156302768019,1812.969691534899,1861.866455078125,1057400,,
2024-09-25,1855.7906192374385,1876.107447880207,1814.9623517670188,1834.258544921875,564052,,
2024-09-26,1837.2723242364227,1863.5190717255143,1800.9643472761322,1836.6890869140625,748505,,
2024-09-27,1880.9680261925705,1902.6945928400576,1842.1812655782473,1854.5755615234375,925681,,
2024-09-30,1846.993170302516,1895.0635503479086,1815.6428914908022,1825.60693359375,750958,,
2024-10-01,1827.5511043635959,1835.2307311414784,1799.4573429093114,1809.7615966796875,479862,,
2024-10-03,1791.0971851782058,1812.9694710216304,1778.9459152651923,1806.0189208984375,295260,,
2024-10-04,1806.0677721576976,1846.993229994627,1741.0341446949353,1837.95263671875,545903,,
2024-10-07,1838.0497446457682,1846.9930318604574,1723.6333156311441,1749.2481689453125,499299,,
2024-10-08,1744.5336167724195,1771.1205734628622,1704.774635111981,1765.968505859375,508863,,
2024-10-09,1847.9653014123921,1929.3301649029427,1833.432428701485,1881.16259765625,4857383,,
2024-10-10,1890.737865885396,1895.404001657856,1814.8652783514424,1831.634033203125,569426,,
2024-10-11,1836.3001458126757,1847.77099355417,1795.6177126360142,1833.772705078125,302649,,
2024-10-14,1837.272131012635,1922.817076795234,1837.272131012635,1886.1202392578125,1521615,,
2024-10-15,1891.7098996326015,1906.7288233636787,1874.2120691118478,1898.708984375,393681,,
2024-10-16,1898.7089320560958,1919.5119315016059,1882.0374833677877,1893.9942626953125,433097,,
2024-10-17,1895.5983735789457,1899.6811533792109,1868.3795251378122,1885.6829833984375,1086885,,
2024-10-18,1878.1005618394843,1937.3987679845197,1851.902467410165,1918.588623046875,739060,,
2024-10-21,1923.594801865068,1935.8432589818392,1895.5982267426598,1912.172607421875,424087,,
2024-10-22,1923.7893136667108,1980.171213713537,1864.4911084450487,1898.0772705078125,2101262,,
2024-10-23,1890.7377341479505,1966.7560367130875,1853.8950573948418,1902.4029541015625,1287350,,
2024-10-24,1897.8340432275672,1949.063751217612,1890.7376539243166,1900.1669921875,1068959,,
2024-10-25,1900.16699561912,1942.2103908272989,1854.2351939176992,1870.129150390625,355939,,
2024-10-28,1875.1354435997175,1884.2732229074713,1764.2673208298122,1778.0225830078125,549193,,
2024-10-29,1785.9451737014122,1812.1433853914807,1777.0018856378465,1791.3890380859375,296729,,
2024-10-30,1795.4717979621673,1837.2721700858128,1766.9891713515485,1777.147705078125,352735,,
2024-10-31,1778.9459859220615,1792.555408765181,1751.7271402358224,1770.9261474609375,259920,,
2024-11-01,1762.8577291578247,1791.5833810237548,1762.420330871442,1774.52294921875,53939,,
2024-11-04,1777.4392453981488,1782.7858045661615,1740.0619837713093,1747.547119140625,217523,,
2024-11-05,1744.9224829610935,1745.748745640687,1638.0884865944802,1662.1966552734375,1112364,,
2024-11-06,1662.342485757792,1744.8738214923335,1662.342485757792,1738.6524658203125,773246,,
2024-11-07,1747.3041187564531,1747.8388221468165,1701.1779414665898,1707.0592041015625,222251,,
2024-11-08,1708.468671465558,1712.8431289458395,1640.9076059367633,1646.83740234375,439856,,
2024-11-11,1642.8518930579062,1672.3066223934281,1629.2911216432433,1633.3739013671875,327203,,
2024-11-12,1644.261130670513,1661.807611235444,1594.2465530424852,1612.4248046875,262961,,
2024-11-13,1611.2585524720928,1644.796060804091,1588.4141627387025,1599.2044677734375,289890,,
2024-11-14,1555.362637307569,1592.5941779040197,1502.5774703380425,1515.5064697265625,989846,,
2024-11-18,1534.4624382217105,1552.4463185556363,1486.3434070579635,1538.93408203125,622083,,
2024-11-19,1545.641610855988,1570.333016296952,1526.199578015032,1538.253662109375,451519,,
2024-11-21,1537.864866268069,1547.5858831218493,1504.8134089652153,1538.205078125,457053,,
2024-11-22,1526.6857150465132,1531.4490370944777,1445.0778250541834,1475.067138671875,1109742,,
2024-11-25,1497.0365738348066,1627.2981977918612,1458.1525069819545,1569.3609619140625,2466643,,
2024-11-26,1567.0277968992318,1572.2771693314717,1501.896988963594,1511.8123779296875,543858,,
2024-11-27,1516.9645896940242,1523.137411295619,1479.7817024426326,1489.98876953125,475277,,
2024-11-28,1496.745002599436,1509.67400321587,1460.825890748647,1466.026611328125,370066,,
2024-11-29,1467.8735313705442,1513.5136576118255,1460.291090828688,1468.553955078125,748693,,
2024-12-02,1468.5539409157568,1574.6103277204925,1464.7628393461446,1542.044921875,3316136,,
2024-12-03,1559.6399636423557,1671.8690554575182,1554.4392433722433,1641.9769287109375,2584341,,
2024-12-04,1667.15433735162,1667.15433735162,1606.1549585359849,1621.2225341796875,574426,,
2024-12-05,1628.561961257012,1648.9760961520237,1609.0712754746824,1617.8201904296875,510452,,
2024-12-06,1626.9092840051442,1656.461197649207,1589.6778623225603,1602.6553955078125,1072709,,
2024-12-09,1608.8283296580103,1632.158770692326,1583.4078462147522,1600.03076171875,836072,,
2024-12-10,1607.5643781142264,1608.7795051215285,1570.9161950398998,1579.2762451171875,1358165,,
2024-12-11,1578.9361103762694,1638.0399383629506,1567.0765176718824,1621.562744140625,666243,,
2024-12-12,1617.9173467078977,1665.9391916321706,1580.1512215889677,1641.0047607421875,1028013,,
2024-12-13,1628.6105291551908,1641.87974084703,1606.4952158903773,1622.632080078125,507777,,
2024-12-16,1618.5492919557264,1623.409800339978,1591.3304450039184,1595.65625,435840,,
2024-12-17,1595.7048065330446,1602.7038907193157,1565.8613343153834,1578.8388671875,409424,,
2024-12-18,1579.6164375596236,1585.3033268157985,1545.1068309757866,1565.375244140625,328753,,
2024-12-19,1535.9205642401002,1590.5526279832475,1528.678454615121,1586.4698486328125,642274,,
2024-12-20,1585.5950063002092,1593.3232857565345,1404.1522063084824,1437.9327392578125,2952028,,
2024-12-23,1437.9327850068228,1514.5344463172707,1437.641225696117,1508.0699462890625,1534398,,
2024-12-24,1502.869133325147,1506.7575398796753,1449.5493821791295,1460.19384765625,460805,,
2024-12-26,1470.7898814290504,1476.087788261751,1418.3450418473021,1427.288330078125,321207,,
2024-12-27,1433.9471372081139,1443.2792894259694,1400.1180705852937,1410.9569091796875,530465,,
2024-12-30,1410.9570257128753,1418.2477887765986,1360.9424385616405,1369.9830322265625,1033835,,
2024-12-31,1370.663312659545,1456.2082569957436,1370.663312659545,1444.494384765625,2012848,,
2025-01-01,1442.5988244651373,1479.1984747082709,1431.5654946551767,1452.5628662109375,535228,,
2025-01-02,1458.1526941318655,1502.1889529605558,1441.5783110426585,1495.57861328125,482031,,
2025-01-03,1479.05263848361,1497.279544150102,1465.9292664037357,1471.2271728515625,300817,,
2025-01-06,1472.782671675257,1474.4351970360979,1419.0740548061326,1430.3017578125,348138,,
2025-01-07,1444.54313453383,1452.903185469109,1406.922845992695,1412.9498291015625,316996,,
2025-01-08,1425.635709971281,1432.975006166597,1390.0566949564982,1394.43115234375,587136,,
2025-01-09,1397.7851163150158,1417.3243375649545,1371.6355557641639,1375.32958984375,730612,,
2025-01-10,1377.9055528135648,1384.272866625253,1312.43452488415,1320.357177734375,521333,,
2025-01-13,1302.6161566943836,1327.8907985406925,1264.70419392492,1273.2100830078125,449041,,
2025-01-14,1274.4252042735682,1348.7423245168338,1274.4252042735682,1339.6531982421875,561822,,
2025-01-15,1345.777411734014,1401.4787594404438,1322.4469744962032,1381.4534912109375,688751,,
2025-01-16,1390.2997307263513,1462.1380663096775,1390.2025442944162,1451.104736328125,737681,,
2025-01-17,1448.4315113643577,1475.6503585577818,1431.2253589972743,1435.794189453125,333687,,
2025-01-20,1439.8769470763914,1480.4136579406597,1432.1974388101908,1441.578125,276280,,
2025-01-21,1441.626722138434,1443.5709254049727,1391.1260897559916,1397.83349609375,292099,,
2025-01-22,1404.6870319174348,1409.401701682613,1335.8621803963356,1351.221435546875,354441,,
2025-01-23,1352.1933678601401,1418.0046007710423,1344.9512581797007,1384.5157470703125,618512,,
2025-01-24,1386.0227046369403,1447.1678089869774,1343.5417875141281,1428.6978759765625,1031287,,
2025-01-27,1409.547483548394,1421.5043820816395,1371.781355739377,1414.89404296875,473572,,
2025-01-28,1407.0684545224522,1450.326976985046,1389.2790659220777,1425.246826171875,372243,,
2025-01-29,1420.2404841765003,1452.1254651680601,1419.2683825446204,1433.8985595703125,375289,,
2025-01-30,1424.12884035175,1443.5708723019445,1401.2844528102714,1412.8038330078125,168208,,
2025-01-31,1428.9895060149734,1447.0220401043991,1402.2080565825986,1422.6221923828125,432765,,
2025-02-01,1426.024517917407,1443.1336024880861,1350.1520526779586,1358.4149169921875,305488,,
2025-02-03,1341.5002452666088,1361.9143794337094,1267.4746826372443,1306.7962646484375,1066990,,
2025-02-04,1327.8908988500234,1337.2230512729727,1276.4666960913282,1315.0592041015625,480098,,
2025-02-05,1359.970305057243,1409.547492732668,1289.2985575426887,1296.4434814453125,2640132,,
2025-02-06,1304.7548918732082,1343.444588114032,1297.7558068974188,1336.3968505859375,1165548,,
2025-02-07,1341.5002738406617,1370.4689504083392,1326.0438339091124,1368.0386962890625,721914,,
2025-02-10,1369.6911891030627,1380.384306973988,1309.5180748055427,1312.4830322265625,417977,,
2025-02-11,1315.7396442992776,1320.2599409143804,1238.8464239509046,1246.5745849609375,534202,,
2025-02-12,1256.0588488947,1260.3341425779495,1220.2346832364735,1247.016845703125,538656,,
2025-02-13,1249.0317714973958,1257.0418746781036,1229.1294275081607,1234.141845703125,361459,,
2025-02-14,1248.540160918391,1260.4815894448873,1195.8604085435218,1216.45068359375,420303,,
2025-02-17,1216.401621871549,1222.7408380568154,1186.523515563017,1218.0723876953125,374969,,
2025-02-18,1218.121614740598,1218.7112897568566,1187.2606758276472,1213.944580078125,1412340,,
2025-02-19,1215.0258062294945,1241.7097134512107,1194.140630591576,1237.09033203125,552892,,
2025-02-20,1236.3531841050835,1252.078492514415,1213.8955020279234,1238.31884765625,749886,,
2025-02-21,1237.3850694748867,1271.784177839955,1230.6035069737165,1267.1649169921875,479150,,
2025-02-24,1243.28217816589,1286.5267756673122,1232.9624446712326,1280.9246826171875,451488,,
2025-02-25,1277.7794678233747,1320.4835771279434,1264.0690136127075,1299.794921875,952901,,
2025-02-27,1299.795007280327,1312.6700793877717,1273.307739242783,1290.1632080078125,377025,,
2025-02-28,1278.713320342295,1278.713320342295,1216.7457293511768,1241.267333984375,2361453,,
2025-03-03,1248.4910927248275,1267.7545690659024,1210.8977821201563,1245.493408203125,444579,,
2025-03-04,1227.0654425787616,1261.1696563890764,1203.9688964028696,1254.78125,395698,,
2025-03-05,1246.2305670579121,1291.6373425681438,1246.2305670579121,1288.738037109375,385085,,
2025-03-06,1288.4924529109057,1307.9525699836033,1279.0081023175223,1304.0703125,349457,,
2025-03-07,1303.2347241650832,1340.04172023256,1297.4851832004438,1309.1317138671875,620985,,
2025-03-10,1309.1318922793341,1368.052607759582,1309.1318922793341,1326.6754150390625,833274,,
2025-03-11,1299.5492880794475,1330.7050067238515,1281.4651597921045,1311.4415283203125,439957,,
2025-03-12,1317.9772786326491,1330.3118641667277,1279.646843236174,1293.3082275390625,239088,,
2025-03-13,1297.190378396575,1306.576468999457,1260.432449299231,1269.0322265625,228014,,
2025-03-17,1270.3592191037574,1314.9796843159806,1260.4817120835635,1288.2958984375,487213,,
2025-03-18,1288.2958984375,1288.2958984375,1288.2958984375,1288.2958984375,0,,
2025-03-19,1367.1188745362938,1425.0076848074034,1358.2241997926528,1415.76904296875,714540,,
2025-03-20,1415.7691699060683,1447.9077209137563,1403.5329623142761,1443.38671875,685073,,
2025-03-21,1438.8656261317703,1478.4737921086971,1430.0693303006442,1472.822509765625,1024148,,
2025-03-24,1483.093084977166,1520.4406908281483,1483.093084977166,1503.830810546875,644359,,
2025-03-25,1512.5779849816126,1516.4110526031861,1453.0184080084402,1466.483154296875,696251,,
2025-03-26,1468.3013713878133,1492.8230943069739,1463.4855920336581,1474.1492919921875,472531,,
2025-03-27,1469.7264651431146,1482.2575686101734,1446.1875752731942,1476.1639404296875,511336,,
2025-03-28,1476.1640996956683,1508.155321164752,1457.5886755906042,1461.3233642578125,461042,,
2025-04-01,1456.998838251838,1482.1102367381263,1447.7111264690054,1474.54248046875,252185,,
2025-04-02,1489.972771131215,1493.8058385347113,1466.3848116937816,1483.7808837890625,403452,,
2025-04-03,1473.8544512978015,1534.4952415577952,1473.608743363137,1525.3548583984375,571040,,
2025-04-04,1525.3547848177748,1540.8343839549398,1478.91598740628,1510.6614990234375,555099,,
2025-04-07,1359.6002017213955,1485.746625820375,1359.6002017213955,1471.004150390625,294552,,
2025-04-08,1508.2535446222244,1508.6467013080342,1456.5566197644994,1483.8302001953125,255617,,
2025-04-09,1478.7194742689378,1508.9906184813276,1458.9644612255665,1504.6170654296875,383342,,
2025-04-11,1524.961765212088,1541.620835860835,1504.2240386577214,1535.3306884765625,708281,,
2025-04-15,1572.4325217350433,1600.050069579929,1543.8321421520866,1595.7255859375,487077,,
2025-04-16,1597.1015961614012,1611.8440724336604,1559.7539896050116,1577.6414794921875,351590,,
2025-04-17,1564.1767186057562,1582.2608466674928,1553.0706719227142,1563.685302734375,243465,,
2025-04-21,1572.5307839481945,1594.3496005856448,1560.7368030685832,1565.1595458984375,328035,,
2025-04-22,1572.13763620557,1594.1530913010677,1558.869407640487,1562.2110595703125,334510,,
2025-04-23,1567.4201046369487,1587.0767394080437,1544.9132338291292,1581.9659423828125,278065,,
2025-04-24,1582.260874175356,1588.9440581575793,1568.599488718543,1573.21875,273185,,
2025-04-25,1573.1205062310535,1581.3763170895822,1495.7716939629927,1512.1849365234375,294520,,
2025-04-28,1512.0866554960962,1558.9676822330528,1511.9883963154844,1530.26904296875,231208,,
2025-04-29,1540.0972934798542,1558.7710960172617,1519.5560866937915,1527.91015625,301597,,
2025-04-30,1519.654350717308,1551.5963814752838,1498.8183663357815,1512.67626953125,575987,,
2025-05-02,1513.5608914876955,1528.3033677034846,1461.274290498861,1464.321044921875,258239,,
2025-05-05,1464.8123736547007,1466.9745553812245,1430.4132645309135,1452.5269775390625,682821,,
2025-05-06,1459.7015738765426,1483.9775885357394,1426.0887781632805,1437.19482421875,285336,,
2025-05-07,1385.1047965891185,1478.9652262288205,1385.1047965891185,1476.114990234375,511125,,
2025-05-08,1467.957487008605,1484.2724701659781,1386.8738671252424,1395.62109375,528111,,
2025-05-09,1366.1360139382818,1388.053208051004,1343.9240423108897,1348.150146484375,711136,,
2025-05-12,1405.4494140508166,1446.7283478900713,1388.839533344391,1440.0450439453125,678744,,
2025-05-13,1439.8484443393445,1443.68151197448,1398.5695128292746,1402.3043212890625,699179,,
2025-05-14,1405.449315816074,1443.779751701967,1395.8175172703031,1425.0076904296875,706479,,
2025-05-15,1444.6643158925021,1447.2196542752558,1381.369931466127,1408.1029052734375,1234033,,
2025-05-16,1418.2263035286508,1434.9344443186626,1407.9065695112906,1418.02978515625,513476,,
2025-05-19,1425.007634229724,1444.5660080719874,1396.8986730168883,1399.84716796875,568203,,
2025-05-20,1415.2776015291097,1446.4333174062772,1358.371623972713,1366.5291748046875,1043014,,
2025-05-21,1371.050337969044,1393.851987356187,1365.2516064515341,1374.686767578125,960328,,
2025-05-22,1374.7850697363954,1381.763151013428,1356.3077852518297,1370.6571044921875,496523,,
2025-05-23,1377.930046284666,1391.1982742624427,1363.4824682542496,1377.831787109375,834234,,
2025-05-26,1393.6554198372264,1414.2948865626015,1383.9253615289197,1401.6163330078125,520002,,
2025-05-27,1401.518141879888,1405.3512098813487,1389.7241603212913,1400.928466796875,293467,,
2025-05-28,1400.9283727757422,1401.4197886410363,1369.1828598879035,1372.2296142578125,324782,,
2025-05-29,1375.8661280927167,1385.5961859690287,1356.307753164488,1376.3575439453125,373352,,
2025-05-30,1382.8442129609887,1385.7927080845727,1337.6339543993643,1350.4107666015625,1370742,,
2025-06-02,1346.5777539897363,1375.6695497366975,1341.8602335839087,1372.5245361328125,392420,,
2025-06-03,1399.0609158935315,1399.0609158935315,1374.6866419014832,1379.207763671875,723802,,
2025-06-04,1390.706864195033,1428.8407823832845,1380.878547133584,1394.7364501953125,1148156,,
2025-06-05,1404.3683078343122,1409.7738824449334,1383.3356844453428,1386.2841796875,285426,,
2025-06-06,1397.5283443927765,1405.1230227947235,1382.2402584552765,1388.75,257246,,
2025-06-09,1400.5859860986268,1403.5449705763,1382.3389151529757,1387.9609375,883603,,
2025-06-10,1395.6542013556398,1435.107323655446,1391.117116371437,1431.7537841796875,870071,,
2025-06-11,1445.9570066048698,1448.6200443364276,1403.0517338986542,1412.81640625,1051804,,
2025-06-12,1412.8164056733403,1425.2441157511714,1374.251000739173,1379.7744140625,427130,,
2025-06-13,1380.859375,1400.289990901947,1370.8974850177765,1394.66796875,779438,,
2025-06-16,1400.5859375,1405.221631526947,1373.264696598053,1401.572265625,314047,,
2025-06-17,1399.5995607967925,1420.3124507028763,1383.6210938869365,1387.56640625,430219,,
2025-06-18,1390.624023046981,1394.9638908008887,1364.1903816015804,1368.431640625,283090,,
2025-06-19,1369.0235125561476,1376.4209738992104,1339.630884659156,1348.1134033203125,215247,,
2025-06-20,1347.324122458804,1374.9413079850458,1341.9979268841826,1371.0946044921875,576579,,
2025-06-23,1361.9218511237045,1399.599535345246,1358.864137776832,1397.3309326171875,242297,,
2025-06-24,1406.5038099549179,1434.120995564131,1399.9940688558781,1431.2606201171875,590558,,
2025-06-25,1435.10739790838,1461.7382568386386,1429.7812020420522,1441.9130859375,649892,,
2025-06-26,1444.378978612824,1463.6123776932561,1436.8829086925227,1440.7294921875,389029,,
2025-06-27,1448.0283442260527,1471.6016112751477,1439.1513908068325,1453.05859375,1038044,,
2025-06-30,1453.0585697616075,1460.2588133544393,1418.3398673446022,1447.53515625,769672,,
2025-07-01,1447.5351806906467,1457.7930176147627,1423.9619136327017,1436.7841796875,396855,,
2025-07-02,1436.7841076547973,1452.565357392592,1426.2304450531992,1449.310546875,189187,,
2025-07-03,1452.8613035338694,1458.6806634531474,1420.312475959791,1422.6796875,220214,,
2025-07-04,1425.2442148016905,1433.628004300524,1408.575244541379,1420.1153564453125,175116,,
2025-07-07,1416.46586990088,1428.8935808419535,1410.4492921057415,1421.1016845703125,160058,,
2025-07-08,1416.3672117814954,1435.1074464777687,1400.6845702448634,1404.6298828125,296906,,
2025-07-09,1410.44921875,1412.717821598053,1387.960889339447,1407.490234375,485973,,
2025-07-10,1407.4901604496965,1429.781150823635,1400.6844726643737,1407.1942138671875,322583,,
2025-07-11,1407.4902587784907,1418.833032412655,1379.8730707996556,1388.8486328125,290383,,
2025-07-14,1382.930518033679,1401.6707507561418,1374.4481209869439,1384.3114013671875,317645,,
2025-07-15,1383.719774918589,1391.7090087909748,1366.7548586301293,1372.57421875,251325,,
2025-07-16,1375.9277584708227,1388.7500243203715,1367.2480226582666,1375.0400390625,292996,,
2025-07-17,1375.039966533224,1385.6923580684443,1365.0780769020039,1366.853515625,281247,,
2025-07-18,1367.9385250450391,1367.9385250450391,1342.9843748768362,1349.888671875,321547,,
2025-07-21,1348.3105709447123,1356.2011960855739,1338.8418448559555,1348.90234375,268362,,
2025-07-22,1349.2968259356314,1353.9325197940111,1320.7919200793765,1324.44140625,349201,,
2025-07-23,1325.2304446697235,1341.8008053302765,1322.1728515625,1338.447265625,657001,,
2025-07-24,1342.0967298276214,1350.5792486450218,1326.6114252914672,1337.8555908203125,253564,,
2025-07-25,1336.277391910553,1336.277391910553,1303.136670589447,1307.3779296875,200310,,
2025-07-28,1306.7861330553899,1325.9209224116244,1298.007788822741,1320.1015625,216922,,
2025-07-29,1309.9423345937873,1325.6249755725783,1300.4736088485452,1306.7861328125,265829,,
2025-07-30,1307.87109375,1345.647509098053,1298.796923160553,1318.2275390625,439272,,
2025-07-31,1301.953125,1308.561475276947,1284.1006100177765,1292.08984375,356942,,
2025-08-01,1289.1307843865982,1296.7254623467647,1267.4315668988359,1270.5877685546875,228446,,
2025-08-04,1273.744068261151,1298.5994869686192,1259.5409202562946,1294.1610107421875,244606,,
2025-08-05,1295.0487301797202,1307.1806133602317,1262.5985132411722,1295.6405029296875,687764,,
2025-08-06,1272.36325771522,1319.7070068395071,1254.6093517936122,1301.8544921875,944308,,
2025-08-07,1291.9912350177765,1341.40625,1291.2021243572235,1338.9404296875,575035,,
2025-08-08,1338.9403807445833,1350.1845450388464,1311.9149670271793,1317.537109375,428142,,
2025-08-11,1316.748046875,1335.48828125,1308.9560306072235,1326.611328125,304004,,
2025-08-12,1327.8936267191066,1341.9980469193272,1326.808569440995,1339.5322265625,207267,,
2025-08-13,1341.4062740431516,1357.1875243260122,1331.5429926163636,1343.4775390625,211541,,
2025-08-14,1348.211962898591,1348.211962898591,1309.1533925116757,1311.421875,772075,,
2025-08-18,1321.8769297588433,1325.625024864699,1277.4921633013198,1283.8046875,373981,,
2025-08-19,1284.199194584346,1291.991210705495,1270.8837651474116,1279.662109375,917897,,
2025-08-20,1280.2538576135762,1284.1005612352178,1265.1629897138205,1267.7275390625,799579,,
2025-08-21,1272.5604506135485,1293.865233629365,1269.4042488934012,1274.138671875,1323556,,
2025-08-22,1274.138720035553,1276.8017578125,1252.63671875,1264.47265625,327330,,
2025-08-25,1251.946337223053,1272.36328125,1247.507860660553,1264.9658203125,362874,,
2025-08-26,1264.4727048579605,1267.3330806106935,1243.8584221727444,1252.833984375,711255,,
2025-08-28,1252.8340114208631,1254.4122328367082,1223.0469484183275,1231.2335205078125,590424,,
2025-08-29,1224.0332778597901,1234.291115066371,1208.2520268962473,1210.5206298828125,430488,,
2025-09-01,1287.0595943927765,1293.9638912677765,1220.1864993572235,1244.74609375,3371553,,
2025-09-02,1244.7459989596982,1289.032152479981,1243.9568883592378,1286.7635498046875,723218,,
2025-09-03,1287.158250948409,1298.0078607265182,1277.1963605960586,1296.232421875,350814,,
2025-09-04,1296.2323492752644,1311.91499024736,1273.3495853672493,1277.1962890625,200798,,
2025-09-05,1278.9716068021924,1281.141600876072,1240.8007572631545,1245.6337890625,309076,,
2025-09-08,1256.4833738181994,1259.2450202203324,1239.8144050714893,1242.576171875,177992,,
2025-09-09,1243.7597412136904,1248.691381741897,1222.6522956726903,1226.8935546875,558968,,
2025-09-10,1238.4335457286404,1258.8506097622724,1229.1620374525983,1245.6337890625,417026,,
2025-09-11,1249.6776862638133,1261.4150145797157,1243.9569351985026,1250.9599609375,387142,,
2025-09-12,1250.9599609185063,1259.6395758433896,1244.9432632666278,1250.466796875,195591,,
2025-09-15,1250.664014312847,1261.020459226321,1244.8446545192862,1249.9736328125,285602,,
2025-09-16,1249.9736567897303,1259.5409912565774,1241.9843028106948,1244.6474609375,374352,,
2025-09-17,1250.5654778918154,1252.1435788419813,1240.5048585819115,1248.296875,259253,,
2025-09-18,1251.650390625,1272.7578365802765,1241.1953365802765,1266.9384765625,828094,,
2025-09-19,1267.530125298263,1279.8592256540576,1244.5487544758842,1247.2117919921875,868169,,
2025-09-22,1248.5928215468032,1271.9687503986172,1243.7597895610156,1251.255859375,383051,,
2025-09-23,1250.6640147648488,1271.67285118604,1248.0995858180042,1261.8095703125,503712,,
2025-09-24,1269.5028565781606,1271.8700680670138,1243.3651622751163,1247.0146484375,485234,,
2025-09-25,1246.71875,1251.0586178302765,1225.808641910553,1237.3486328125,363109,,
2025-09-26,1235.4746603610977,1238.7295915319175,1210.3232916454222,1216.4385986328125,318155,,
2025-09-29,1218.2137685393866,1227.879831733272,1203.320238843808,1207.4627685546875,380269,,
2025-09-30,1207.4629408805558,1221.5674823782208,1198.3887695515045,1202.2354736328125,329216,,
2025-10-01,1203.3203125,1211.1123287677765,1192.273485660553,1199.375,342856,,
2025-10-03,1199.3750239797043,1210.2246335716259,1193.5556638455785,1204.4052734375,492640,,
2025-10-06,1207.1670162677765,1209.6328365802765,1171.7578125,1183.59375,2472821,,
2025-10-07,1185.56640625,1229.0634524822235,1183.6923587322235,1223.046875,776298,,
2025-10-08,1231.923828125,1235.869140625,1204.4052493572235,1208.251953125,409718,,
2025-10-09,1208.251953125,1227.978515625,1205.29296875,1223.5400390625,229835,,
2025-10-10,1223.5401130438224,1228.7677005829614,1215.649487566716,1222.3565673828125,165273,,
2025-10-13,1219.2001944214023,1269.8974850909408,1208.2519761059436,1266.05078125,1094601,,
2025-10-14,1270.3905770923773,1281.2401860582283,1257.568311950917,1277.09765625,901908,,
2025-10-15,1281.2402821420922,1301.7559560675088,1275.322313171459,1291.7939453125,821282,,
2025-10-16,1291.6953119959273,1322.5674310324625,1277.689500525844,1319.3125,959107,,
2025-10-17,1317.3398949204243,1317.3398949204243,1285.7773931174725,1293.8653564453125,314876,,
2025-10-20,1293.8652081950916,1300.7695046733975,1285.1854730332423,1286.3690185546875,142498,,
2025-10-21,1292.0898915746868,1305.8984858357903,1287.1582507671496,1301.1640625,90985,,
2025-10-23,1301.1639904259428,1315.2685305147747,1288.243116306186,1310.23828125,874732,,
2025-10-24,1305.0106700447525,1310.4354745324613,1287.1581557200223,1307.673828125,363827,,
2025-10-27,1310.7315178156882,1316.353540175332,1299.980516775733,1303.6298828125,170609,,
2025-10-28,1297.021408277805,1303.0379854070316,1246.718676854103,1259.7381591796875,966046,,
2025-10-29,1266.3466079932546,1300.9666984821408,1260.5272484155996,1295.6405029296875,452019,,
2025-10-30,1298.0078125,1304.4189453125,1282.2265625,1298.0078125,172378,,
2025-10-31,1298.0078125,1304.912109375,1283.7060546875,1298.5009765625,269394,,
2025-11-03,1298.2049828281329,1334.008740626193,1291.2020774751768,1326.4140625,848902,,
2025-11-04,1326.4141868652946,1327.5977325227384,1283.5089109628138,1286.4678955078125,381617,,
2025-11-06,1284.1992679999548,1285.7773689801995,1242.7734851612465,1255.79296875,675598,,
2025-11-07,1249.677661284406,1270.7851060051596,1241.1952639857973,1263.6834716796875,213066,,
2025-11-10,1264.47270330215,1298.0078608000229,1256.5820780085328,1294.259765625,540136,,
2025-11-11,1300.4735853112381,1326.6112796690295,1287.6513201545858,1318.5234375,529496,,
2025-11-12,1328.78115165234,1333.0224105902037,1263.2890629470348,1275.125,2480358,,
2025-11-13,1281.2402585557975,1289.919994380163,1270.489257710118,1275.9140625,468762,,
2025-11-14,1275.9140384197235,1292.08984375,1263.190381526947,1283.212890625,429192,,
2025-11-17,1300.966796875,1304.122998714447,1281.240234375,1292.08984375,410728,,
2025-11-18,1292.8788565921488,1300.9666984446749,1286.9608882898985,1295.1473388671875,288832,,
2025-11-19,1295.1475114658488,1299.684597021937,1278.379932374931,1283.0157470703125,238155,,
2025-11-20,1283.015649320364,1297.7118417886827,1283.015649320364,1295.9365234375,273000,,
2025-11-21,1295.0488036419565,1295.3447502344145,1268.0233894475984,1273.744140625,314519,,
2025-11-24,1273.744237996424,1289.2295422893944,1267.4317135529254,1284.4952392578125,1062464,,
2025-11-25,1285.0869381427765,1287.158203125,1272.36328125,1275.322265625,225930,,
2025-11-26,1274.730396604817,1300.7694812194834,1272.363185203234,1298.1063232421875,279558,,
2025-11-27,1301.9531007895007,1304.912085109477,1292.1884284533035,1294.9501953125,137206,,
2025-11-28,1289.2294681072235,1306.884765625,1284.19921875,1296.5283203125,205067,,
2025-12-01,1297.8105708005612,1299.684497881962,1283.212866662602,1289.525390625,185774,,
2025-12-02,1281.240307479983,1301.4600351961797,1278.6758782889383,1295.3448486328125,227359,,
2025-12-03,1289.3280026458995,1306.0955798060202,1280.2538325786197,1284.3963623046875,238839,,
2025-12-04,1284.1991447094442,1292.9774885961049,1267.6287850042559,1281.9305419921875,342447,,
2025-12-05,1273.4483161884164,1283.0157719786328,1257.667064972942,1272.2647705078125,517378,,
2025-12-08,1272.2646972657249,1281.6348146354912,1226.7949938990298,1237.9404296875,316747,,
2025-12-09,1232.91015625,1246.1269772052765,1214.860303401947,1241.787109375,249340,,
2025-12-10,1242.7733161041092,1252.5379876680583,1236.2635751952666,1249.6776123046875,132615,,
2025-12-11,1249.5790526434162,1278.8729480840382,1240.7021000370003,1265.1629638671875,318739,,
2025-12-12,1266.445264593161,1278.7743656892783,1263.0917250147415,1273.15234375,143211,,
2025-12-15,1267.431567155483,1276.7030750733156,1256.6805671359123,1275.0262451171875,105189,,
2025-12-16,1272.363206832584,1285.185471707641,1255.8915762690224,1263.6834716796875,472969,,
2025-12-17,1257.568359375,1282.522509098053,1252.63671875,1257.0751953125,392396,,
2025-12-18,1256.582080229442,1258.1601812106771,1229.9512198164161,1235.5732421875,445141,,
2025-12-19,1237.6446030333602,1264.472680384872,1226.6962643157842,1261.6123046875,502531,,
2025-12-22,1263.091724884834,1281.2401857767277,1258.1600844468944,1269.7001953125,289616,,
2025-12-23,1269.700169643581,1276.9989010230743,1265.4589107921452,1271.0809326171875,186801,,
2025-12-24,1271.0809580693426,1276.3085450931035,1260.3300782378058,1263.2890625,131025,,
2025-12-26,1260.6258797728135,1290.1171130896173,1259.9354982856858,1281.4373779296875,259777,,
2025-12-29,1288.1444822757105,1288.1444822757105,1258.6532483791689,1266.7412109375,291463,,
2025-12-30,1263.4863524790462,1266.4453369110813,1245.8310546209589,1249.283203125,164890,,
2025-12-31,1254.1161390187256,1294.161034517027,1251.157154813412,1288.8348388671875,245781,,
2026-01-01,1283.7060546875,1311.81640625,1280.1552975177765,1308.857421875,214183,,
2026-01-02,1305.898414717175,1387.7636476639464,1305.898414717175,1380.267578125,1781418,,
2026-01-05,1381.845655060509,1390.7226078767437,1368.2342792483983,1384.607421875,479089,,
2026-01-06,1384.8046875,1392.1035397052765,1373.4619140625,1389.736328125,268919,,
2026-01-07,1382.634765452604,1392.5966550865885,1362.11909300922,1377.703125,203268,,
2026-01-08,1383.818283111562,1389.4403049536747,1332.5292234381473,1341.1102294921875,774422,,
2026-01-09,1331.542919543352,1348.5077145058715,1300.473584754007,1303.2353515625,331050,,
2026-01-12,1304.9121329544585,1336.2774160567749,1286.6650623122382,1332.6279296875,292407,,
2026-01-13,1333.515625,1342.392578125,1315.1699459552765,1328.0908203125,167219,,
2026-01-14,1306.8847893454422,1334.5019773467045,1306.8847893454422,1326.7099609375,176445,,
2026-01-15,1326.7099609375,1326.7099609375,1326.7099609375,1326.7099609375,0,,
2026-01-16,1328.5839110477189,1357.7791978560942,1323.8494881484685,1339.1375732421875,330638,,
2026-01-19,1338.0526858687463,1349.4940678296089,1313.5918210561056,1319.115234375,342109,,
2026-01-20,1314.775390625,1332.825243473053,1295.5419921875,1303.4326171875,309412,,
2026-01-21,1300.9667218965533,1305.5038069297916,1277.2948482608313,1282.4237060546875,342832,,
2026-01-22,1286.6650152901977,1308.2656249088834,1285.2841318604344,1303.333984375,158032,,
2026-01-23,1303.334058537403,1303.9258313548662,1249.8749998673472,1253.3271484375,165716,,
2026-01-27,1259.5410625831037,1301.7559560675088,1253.327147003384,1291.7939453125,377884,,
2026-01-28,1299.9804449389085,1323.8495369661573,1291.7938734908048,1314.6767578125,496367,,
2026-01-29,1316.5507574628034,1360.0478013179713,1316.2548108809235,1352.4530029296875,366305,,
2026-01-30,1352.551709134091,1370.995995590478,1332.0360374424033,1368.6287841796875,559322,,
2026-02-02,1289.1308830459702,1319.5098380143404,1279.4648190829294,1311.421875,385115,,
2026-02-03,1358.173902396134,1359.5547859269236,1320.6934315965314,1351.5655517578125,337681,,
2026-02-04,1351.565477848053,1391.708984375,1343.9706790447235,1388.2568359375,705624,,
2026-02-05,1375.9277580713785,1407.884813952023,1366.5576407225053,1398.21875,673283,,
2026-02-06,1397.2323977947235,1417.9452884197235,1378.3935546875,1409.462890625,519206,,
2026-02-09,1420.3124254273703,1425.2440657934374,1389.9334726118454,1407.6873779296875,1044253,,
2026-02-10,1425.244140625,1485.41015625,1406.4052975177765,1462.724609375,1320083,,
2026-02-11,1459.4697033435573,1459.4697033435573,1366.1630852042701,1409.068359375,3152601,,
2026-02-12,1409.0683826237234,1438.4610098965413,1392.2021951999839,1433.8251953125,809304,,
2026-02-13,1431.1621332642942,1448.2256582721755,1408.4765860106218,1442.603515625,621000,,
2026-02-16,1440.0125077683558,1471.9020581133989,1434.8305044968783,1466.3214111328125,471535,,
2026-02-17,1474.1940621062115,1488.3450003937885,1457.6512617361223,1481.26953125,550908,,
2026-02-18,1476.9843768517758,1529.7018121676751,1468.513715351173,1522.6263427734375,1031052,,
2026-02-19,1515.750119056586,1539.5676501881248,1480.771294485075,1487.4481201171875,521702,,
2026-02-20,1487.44811031266,1534.186254376296,1476.8847216535696,1523.3238525390625,1254354,,
2026-02-23,1534.6845959487816,1547.4404646266491,1519.736369364865,1531.0970458984375,618797,,
2026-02-24,1530.100459374504,1563.584461759247,1519.9355925610619,1536.4783935546875,902713,,
2026-02-25,1541.5607394948468,1563.6840652464434,1536.8768890400308,1560.2957763671875,499561,,
2026-02-26,1558.6016970667324,1573.549923061618,1542.1586484723584,1559.6978759765625,725480,,
2026-02-27,1560.5947645209626,1599.4601513768484,1555.6120226163616,1560.993408203125,881717,,
2026-03-02,1485.8537330912914,1563.6841423996107,1485.8537330912914,1549.533203125,854154,,
2026-03-04,1515.7500939781762,1516.846272872166,1461.1391938064214,1470.8057861328125,1676050,,
2026-03-05,1474.7920658715263,1506.5819855491034,1470.9055026120643,1498.709228515625,486221,,
2026-03-06,1489.839920855786,1500.7023232038614,1472.201062091199,1476.187255859375,275269,,
2026-03-09,1445.9917126484202,1449.1806188340927,1328.5982637476288,1423.968017578125,566845,,
2026-03-10,1435.0296837323458,1459.1461061465918,1435.0296837323458,1446.489990234375,250242,,
2026-03-11,1446.490058607323,1473.4964969632028,1429.050460932071,1434.033203125,282136,,
2026-03-12,1430.0469439786427,1512.1625558929952,1427.7548340151154,1500.8018798828125,916861,,
2026-03-13,1499.8053420065376,1518.3411179168234,1449.7786609859093,1456.2562255859375,357821,,
2026-03-16,1456.9537274334991,1472.001583599085,1420.8787248392625,1440.8096923828125,499903,,
2026-03-17,1455.159908692762,1477.3829864229974,1428.053841176496,1438.41796875,602552,,
2026-03-18,1425.0642205823817,1461.3386068906375,1425.0642205823817,1449.2803955078125,312155,,
2026-03-19,1440.0124175261885,1457.9502884711515,1428.153467405002,1441.9058837890625,411853,,
2026-03-20,1449.8783253906888,1491.8329896818732,1439.115553759445,1445.6927490234375,564876,,
2026-03-23,1433.5348556949452,1435.4283219613546,1353.0136973098422,1358.09619140625,336557,,
2026-03-24,1375.535783828757,1410.1159641124195,1353.9106108950346,1361.5841064453125,479377,,
2026-03-25,1366.2678178232827,1412.906330286029,1366.2678178232827,1387.095703125,378329,,
2026-03-27,1389.1884657956705,1389.1884657956705,1339.0620327533532,1347.6324462890625,1300657,800268.0,61.53
2026-03-30,1347.6324700397872,1347.6324700397872,1295.5129392843714,1301.29296875,885843,382694.0,43.2
2026-04-01,1340.357620100857,1352.3162010980395,1316.4404581064923,1332.48486328125,874785,452519.0,51.73
2026-04-02,1332.2856573810357,1333.8801105835018,1280.5647680984684,1327.601806640625,797163,413953.0,51.93
2026-04-06,1328.299357346659,1381.2160518878943,1327.701452649662,1374.33984375,546934,231336.0,42.3
2026-04-07,1362.2817310416387,1398.4564884333536,1357.5980019866035,1394.6695556640625,258766,109285.0,42.23
2026-04-08,1425.064241565716,1469.9089204961058,1419.9818689500673,1443.4007568359375,375842,138192.0,36.77
2026-04-09,1438.4180316087657,1454.4624370400836,1426.8580941231007,1441.009033203125,637993,339445.0,53.21
2026-04-10,1459.9433929839515,1477.2833593191529,1445.0947976265384,1466.719970703125,315205,143784.0,45.62
2026-04-13,1444.9951543817535,1491.1353931433255,1427.356296674062,1468.513671875,700745,312546.0,44.6
2026-04-15,1479.8743385461066,1506.7811447014903,1476.8846934177307,1501.4993896484375,429654,209492.0,48.76
2026-04-16,1506.5819211216228,1528.30660327159,1502.7949885386597,1516.3480224609375,413944,195285.0,47.18
2026-04-17,1524.6194416293035,1565.1789133854854,1515.3514927272884,1559.5982666015625,961504,607965.0,63.23
2026-04-20,1558.6016914903398,1631.9476291130316,1546.4438497175881,1600.7557373046875,1442253,521556.0,36.16
2026-04-21,1594.4774080712302,1625.3704078526105,1587.9002130927308,1615.9031982421875,595204,333368.0,56.01
2026-04-22,1615.4049356648807,1657.9575031390918,1610.4221937288385,1651.6793212890625,840616,383584.0,45.63
2026-04-23,1642.4114581083832,1734.9908324281716,1639.4218127911606,1731.004638671875,1220697,664883.0,54.47
2026-04-24,1731.0045988077836,1738.379081416898,1669.2185970080814,1693.634033203125,2640800,1863966.0,70.58
2026-04-27,1704.0978036296722,1817.8039543841724,1698.2181436031426,1766.382080078125,1964732,737112.0,37.52
2026-04-28,1767.8769465324526,1810.3298860821844,1734.2933124986155,1748.8428955078125,988176,483042.0,48.88
2026-04-29,1758.7087193176521,1761.498981934477,1691.1426870505038,1695.826416015625,549933,321910.0,58.54
2026-04-30,1672.706522506503,1763.7910723990594,1660.3492977721316,1730.008056640625,779793,297113.0,38.1
2026-05-01,1730.008056640625,1730.008056640625,1730.008056640625,1730.008056640625,0,0.0,0.0
2026-05-04,1742.2656132121272,1773.856148775105,1699.2146494210097,1718.0494384765625,404364,178226.0,44.08
2026-05-05,1722.8329859569533,1737.7812125068494,1704.8951140970778,1728.7125244140625,338438,203126.0,60.02
2026-05-06,1750.9355053401184,1750.9355053401184,1707.5856507685219,1728.014892578125,529878,351334.0,66.3
2026-05-07,1733.5955482637273,1755.8186259350637,1701.0084646953283,1706.589111328125,272455,133891.0,49.14
2026-05-08,1709.1801711497662,1728.911878529254,1704.0977985365578,1718.4481201171875,210301,95139.0,45.24
2026-05-11,1718.4481229516261,1719.942945584387,1662.0435066052469,1675.0982666015625,253701,118520.0,46.72
2026-05-12,1664.2358215704267,1682.0740621913058,1580.0274820957554,1592.085693359375,410568,213857.0,52.09
2026-05-13,1532.890731257543,1556.110358107271,1444.9952092574722,1452.0706787109375,1542289,565478.0,36.66
2026-05-14,1459.1461438134013,1478.8778511336702,1438.0193660282252,1452.6685791015625,904080,587175.0,64.95
2026-05-15,1461.2389545831804,1472.6992610812513,1437.9196979007893,1460.93994140625,336572,147409.0,43.8
2026-05-18,1448.981342752605,1524.719019540224,1429.1500056849998,1518.241455078125,761491,381870.0,50.15
2026-05-19,1528.207001078124,1538.5711289691926,1469.9089185459623,1475.190673828125,623085,380662.0,61.09
2026-05-20,1474.891695482099,1514.654002683338,1461.4382915030394,1507.379150390625,218519,90210.0,41.28
2026-05-21,1518.7397730919681,1522.8255972330896,1479.974015708841,1486.2523193359375,191467,80252.0,41.91
2026-05-22,1491.832936207692,1497.9118570421372,1471.0050505774693,1493.3277587890625,203223,108997.0,53.63
2026-05-25,1495.8191561320382,1503.7915433732483,1462.9330587620468,1469.51025390625,598235,429209.0,71.75
2026-05-26,1470.8058793323764,1483.8606396767002,1458.7476674364584,1463.431396484375,380704,233532.0,61.34
2026-05-27,1469.5102298306801,1480.7712752839852,1433.0365831295014,1435.5279541015625,523751,318847.0,60.88
2026-05-28,1435.5279541015625,1435.5279541015625,1435.5279541015625,1435.5279541015625,0,0.0,0.0
2026-05-29,1442.2047590351983,1468.5136604539523,1402.1435630365984,1415.397705078125,1496208,939327.0,62.78
2026-06-01,1420.7789645382165,1436.0262032812211,1391.6798007510238,1407.3255615234375,1008317,724151.0,71.82
2026-06-02,1399.0543827131046,1426.7583564243762,1390.3843382742298,1418.9853515625,389190,240599.0,61.82
2026-06-03,1419.0849723937727,1447.685863837904,1411.2122154221856,1431.7410888671875,394473,189603.0,48.06
2026-06-04,1439.0158565945096,1461.5378255881471,1426.2599887074903,1435.0296630859375,426148,252947.0,59.36
2026-06-05,1449.9779301954438,1468.9123499024633,1442.2048039719193,1455.060302734375,233670,113750.0,48.68
2026-06-08,1445.991716022022,1464.9261354599396,1424.8649387824614,1449.3800048828125,159963,88275.0,55.18
2026-06-09,1450.4761676489231,1458.9468288821872,1418.2876063029307,1422.871826171875,189796,95486.0,50.31
2026-06-10,1429.548712520701,1449.878324675817,1386.1988561284734,1394.2708740234375,231415,106192.0,45.89
2026-06-11,1399.9513134882122,1404.2363988407678,1363.2782818091914,1371.5496826171875,268267,145150.0,54.11
2026-06-12,1386.697160348125,1394.7691784177682,1366.7661914606203,1387.1954345703125,239721,102026.0,42.56
2026-06-15,1401.5457522727693,1411.9098803928148,1380.2195912976522,1384.9033203125,397197,204323.0,51.44
2026-06-16,1386.6971257399603,1415.9956736031763,1380.2195610131835,1403.538818359375,437976,245186.0,55.98
2026-06-17,1409.119452644822,1421.4766772665519,1390.3842938652015,1402.442626953125,419914,267708.0,63.75
2026-06-18,1409.119425570099,1453.964103187252,1404.1366836126376,1443.5999755859375,477084,236439.0,49.56
2026-06-19,1455.0,1455.0,1419.300048828125,1438.4000244140625,389436,217367.0,55.82
2026-06-22,1438.4000244140625,1478.800048828125,1435.0,1475.199951171875,286458,174895.0,61.05
2026-06-23,1476.0,1490.0,1446.5999755859375,1454.800048828125,278237,173490.0,62.35
2026-06-24,1450.0999755859375,1472.9000244140625,1420.0999755859375,1444.199951171875,276432,95291.0,34.47
2026-06-25,1454.0,1465.699951171875,1405.0,1413.699951171875,274922,150177.0,54.63
2026-06-25,1454.0,1465.699951171875,1405.0,1413.699951171875,274922,0.0,0.0
2026-06-26,1413.699951171875,1413.699951171875,1413.699951171875,1413.699951171875,0,,
2026-06-29,1420.0999755859375,1435.0,1393.300048828125,1418.0,349977,182054.0,52.02
2026-06-30,1415.0999755859375,1430.0,1400.0,1414.9000244140625,403378,249400.0,61.83
2026-07-01,1409.0,1430.5,1396.199951171875,1404.5,243713,0.0,0.0
2026-07-02,1409.800048828125,1416.5,1383.4000244140625,1394.300048828125,316300,175372.0,55.44
2026-07-03,1402.0999755859375,1419.0,1355.0,1366.5,441175,250857.0,56.86
2026-07-06,1371.800048828125,1385.0,1352.0999755859375,1357.300048828125,316138,177291.0,56.08
2026-07-07,1357.300048828125,1407.9000244140625,1357.300048828125,1399.699951171875,623776,359288.0,57.6
2026-07-08,1397.9000244140625,1410.4000244140625,1380.800048828125,1401.0,260710,,
2026-07-09,1401.0,1419.5,1400.0,1414.9000244140625,218756,,
2026-07-10,1422.0,1452.9000244140625,1413.0,1419.4000244140625,299247,,
2026-07-13,1414.800048828125,1453.5999755859375,1403.199951171875,1441.9000244140625,311359,204364.0,65.64
2026-07-14,1450.0,1474.0,1435.0,1465.300048828125,384797,,
2026-07-15,1456.0,1467.5,1431.0,1441.0999755859375,198999,115486.0,58.03
2026-07-16,1451.4000244140625,1451.4000244140625,1408.0,1420.699951171875,98371,,
2026-07-17,1430.0,1430.0,1381.5,1390.5,703210,,
2026-07-20,1391.5,1447.0,1391.5,1433.300048828125,552651,362803.0,65.65
2026-07-21,1433.300048828125,1442.5999755859375,1426.4000244140625,1435.9000244140625,293628,220823.0,75.21
2026-07-22,1444.5,1448.0,1421.199951171875,1433.0999755859375,303353,,
2026-07-23,1433.0,1438.4000244140625,1421.0,1430.0,317778,247826.0,77.99
2026-07-24,1418.0999755859375,1442.300048828125,1410.5,1434.0999755859375,509230,,
2026-07-27,1434.300048828125,1446.5,1427.800048828125,1440.0,342490,209881.0,61.28
2026-07-28,1441.0,1446.5,1429.0999755859375,1431.800048828125,291670,214702.0,73.61
2026-07-29,1438.0,1440.0,1428.0,1431.0999755859375,118024,72025.0,61.03
2026-07-30,1430.0,1430.0,1413.199951171875,1423.5,496219,346740.0,69.88
2026-07-31,1431.0,1437.0,1397.0999755859375,1413.300048828125,394456,255918.0,64.88
2026-08-03,1422.0,1423.800048828125,1387.199951171875,1391.699951171875,337462,224101.0,66.41
2026-08-04,1390.0,1390.0,1338.300048828125,1341.0,668171,377990.0,56.57
2026-08-05,1346.699951171875,1355.199951171875,1315.0,1323.5,278738,,
2026-08-06,1326.0,1345.5,1318.800048828125,1325.199951171875,404065,237056.0,58.67
2026-08-07,1325.199951171875,1355.4000244140625,1321.0,1350.800048828125,379616,206546.0,54.41
2026-08-11,1349.0,1349.0,1323.5,1330.4000244140625,195939,117828,60.13
2026-08-12,1335.0,1338.9000244140625,1311.4000244140625,1319.0,168467,89353,53.04
2026-08-13,1320.0,1335.9000244140625,1312.5,1318.0,140424,71987,51.26
2026-08-14,1317.9000244140625,1330.4000244140625,1307.0,1309.0999755859375,111882,56336,50.34
