date,open,high,low,close,volume,delivery_qty,delivery_pct
2022-01-03,31.98371664557777,32.48631720996144,31.800951853270487,32.25786209106445,3437614,,
2022-01-04,32.39493442751122,32.62338953139219,32.02940486692237,32.2121696472168,3303241,,
2022-01-05,32.12079239022673,32.2578633754535,31.75526279105813,31.846643447875977,2637704,,
2022-01-06,31.526804335573885,32.577699207805644,31.389729878866007,32.2121696472168,3920852,,
2022-01-07,32.212171981525955,32.66908222239866,32.02940718798717,32.577701568603516,3841011,,
2022-01-10,32.76046276526823,33.08030202436526,32.53200764560542,32.89753723144531,3876215,,
2022-01-11,32.89753723144531,33.90273836358231,32.53200764560542,32.89753723144531,9466600,,
2022-01-12,33.125990739368454,33.21737138840808,32.53200606276597,32.623390197753906,2809434,,
2022-01-13,32.806156689039874,32.851847015937444,32.257862308423526,32.577701568603516,2232567,,
2022-01-14,32.577701350114204,33.90273825099962,32.53200753757459,33.21737289428711,6360534,,
2022-01-17,33.49152376151824,35.913146070301494,33.354449287873535,35.0907096862793,19636806,,
2022-01-18,35.36485169022817,35.730377774297814,34.0855016811136,34.22257614135742,6571085,,
2022-01-19,34.26826688902644,34.67948678888443,33.628591876574944,34.31395721435547,5004726,,
2022-01-20,34.54241500003993,34.63379914371819,33.90273993808669,34.131195068359375,4074015,,
2022-01-21,33.90273529910495,35.91314086760631,33.71997400865332,33.948429107666016,13194479,,
2022-01-24,34.17689020483426,34.17689020483426,32.0294098056562,32.39493942260742,7075508,,
2022-01-25,31.98371820701506,33.21737451490618,31.526807946914843,32.53200912475586,5146115,,
2022-01-27,32.53200775575745,33.171682790168944,31.572496947114463,32.577701568603516,3692802,,
2022-01-28,32.89753563082109,33.58290095646319,32.48631573824616,32.623390197753906,6153387,,
2022-01-31,33.26306681728521,33.67428324391949,32.577701458296765,32.89753723144531,5957196,,
2022-02-01,33.58290095646319,34.13119182259756,32.53200606276597,32.623390197753906,9169677,,
2022-02-02,33.034611809476225,33.125992463271366,32.48631742885988,32.577701568603516,3724078,,
2022-02-03,32.714777354052224,32.8518518408253,32.12079604524991,32.44063186645508,2793237,,
2022-02-04,32.440627419217385,32.577701887199126,31.9837171738763,32.0294075012207,2687122,,
2022-02-07,32.0750985758692,32.30355370386243,31.61818831988275,31.846643447875977,2815265,,
2022-02-08,31.892335242724492,32.07509654478724,31.115585765164244,31.481115341186523,2432754,,
2022-02-09,31.709567115584925,31.800947756993597,31.161272809288814,31.252656936645508,2436984,,
2022-02-10,31.98372155847684,32.806161507217276,31.800956738095742,32.44063186645508,9664613,,
2022-02-11,32.02940354675723,32.39493309227994,31.526803036124573,31.663877487182617,4159845,,
2022-02-14,31.115588108734872,31.115588108734872,30.24745791475723,30.612987518310547,4169496,,
2022-02-15,30.56729665327153,31.252662033452737,30.15607672797309,30.841442108154297,2612228,,
2022-02-16,31.069896278498543,31.709571310833798,30.887131485552974,30.978515625,3212095,,
2022-02-17,31.02420757966277,31.344043369638698,30.01900290869091,30.29315185546875,2463938,,
2022-02-18,30.018998378123968,30.47590857253041,29.88192741137092,30.201763153076172,1388142,,
2022-02-21,30.20176492697384,30.20176492697384,29.333634809422435,29.562089920043945,2368474,,
2022-02-22,28.374125483456012,28.922418125396675,28.191362431458632,28.511199951171875,3244132,,
2022-02-23,28.968111038208008,29.425021295952778,28.64827350919181,28.968111038208008,2383222,,
2022-02-24,27.871523383636386,28.374123927790983,26.50079272542476,26.683557510375977,5444317,,
2022-02-25,27.23184875172193,28.465506709579543,27.003393638895492,28.328433990478516,2581166,,
2022-02-28,28.237051385970773,28.46550649709185,27.231848548443182,28.282743453979492,2198584,,
2022-03-02,27.91721617455941,28.693963964757767,27.91721617455941,28.374126434326172,2122495,,
2022-03-03,28.8310370715632,28.968111545667327,28.32843647642919,28.419818878173828,1364215,,
2022-03-04,27.59737863340372,28.328434305385272,27.551686564545996,28.054288864135742,2074110,,
2022-03-07,27.68875895052336,27.780141344160157,27.14046807465097,27.36892318725586,2703521,,
2022-03-08,27.41461384392123,28.328434305385272,27.41461384392123,28.054288864135742,1741319,,
2022-03-09,28.556888923048973,29.47070936858654,28.23705141851599,29.24225425720215,4099448,,
2022-03-10,29.790544509887695,30.156074074871512,29.60778321334407,29.790544509887695,2328661,,
2022-03-11,29.927621841430664,30.156076969991204,29.74485704139251,29.927621841430664,1870063,,
2022-03-14,30.156074074871512,30.33883885736342,29.60778321334407,29.790544509887695,2120790,,
2022-03-15,29.927620144649136,30.156075260257147,29.607784377177293,29.973310470581055,1788635,,
2022-03-16,30.3388421846155,30.658677974591427,30.064696723786327,30.29315185546875,5233389,,
2022-03-17,31.069890223940952,32.212165599821134,30.887125466610563,31.572490692138672,7026479,,
2022-03-21,32.21217823480741,32.89754372916501,32.02941340578888,32.714778900146484,5821642,,
2022-03-22,33.0346182224162,33.12599889395088,32.53201407112795,32.714778900146484,4360589,,
2022-03-23,32.851845960623265,33.53721129991604,32.53200671071761,33.034610748291016,7772116,,
2022-03-24,33.49328840990193,33.49328840990193,33.111056198902574,33.349952697753906,3157087,,
2022-03-25,33.34995141956995,33.4455085573396,32.44214402967364,32.585479736328125,3343917,,
2022-03-28,32.44214912733035,32.44214912733035,31.629898747574256,31.67768096923828,2763487,,
2022-03-29,31.773237228393555,32.25103026942203,31.677680078296508,31.773237228393555,2584059,,
2022-03-30,32.39436819141934,32.63326470125202,31.05654627824778,31.152103424072266,4257709,,
2022-03-31,31.24766731262207,32.15547486902779,31.152106512053578,31.24766731262207,4069922,,
2022-04-01,31.343222552932886,32.05991210968564,31.295443978203686,31.916576385498047,1810660,,
2022-04-04,32.20325570421543,32.53770941647178,31.916580572956835,32.29881286621094,4103730,,
2022-04-05,32.633263090589196,33.49328829637614,32.34658437672228,33.01549530029297,4099889,,
2022-04-06,32.9677211455185,33.49329278255213,32.63326746157122,32.728824615478516,3726088,,
2022-04-07,33.11105492987466,33.15883349875949,32.48992259855847,32.585479736328125,2514855,,
2022-04-08,32.776599310503926,34.01886039052913,32.72882073920898,33.06327438354492,4160873,,
2022-04-11,33.34995430207527,33.732186531462155,33.06327557344578,33.158836364746094,3017130,,
2022-04-12,33.11105779173167,33.25439351077495,32.58548255275858,33.158836364746094,2740833,,
2022-04-13,33.25439884851574,33.97108849458406,33.15884168714878,33.30217742919922,3903706,,
2022-04-18,33.302168116353485,33.34995032894686,32.58547867070509,32.82437515258789,1791913,,
2022-04-19,34.018861090593504,34.78333282812977,32.68104284044784,33.11105728149414,16715371,,
2022-04-20,33.39773289701562,34.162201001562735,32.96771844906054,33.8277473449707,4619143,,
2022-04-21,34.401095831453844,35.738917683007784,33.971081404506414,34.35331726074219,16853131,,
2022-04-22,34.25776240466656,35.117791407447505,33.97108728549688,34.209983825683594,6978519,,
2022-04-25,33.7321875665992,33.875526935312585,33.063276588056006,33.25439453125,3915100,,
2022-04-26,33.636626038181916,33.73218317470168,33.111054496781016,33.20661163330078,1844335,,
2022-04-27,32.967715577949036,33.20661206764432,32.298804677748016,32.585479736328125,3408714,,
2022-04-28,32.91993931411512,32.9677178863454,32.25102836707702,32.44214630126953,2194269,,
2022-04-29,32.824383009623666,32.824383009623666,32.012136234906436,32.15547561645508,2170621,,
2022-05-02,31.91657410660344,32.39436711032342,31.67767760474345,32.05990982055664,1178524,,
2022-05-04,32.05991538575274,32.34659050869364,31.3432257557645,31.534343719482422,1778735,,
2022-05-05,31.964350688933127,31.964350688933127,31.343218364638698,31.3909969329834,1257240,,
2022-05-06,30.769871062319883,31.152103289234855,30.674310271637562,30.960988998413086,1556714,,
2022-05-09,30.960988177267332,31.056545320143854,30.33985581275592,30.722091674804688,1495276,,
2022-05-10,30.769873389462372,31.29544501951438,30.483196463641033,30.674312591552734,1347627,,
2022-05-11,30.817651253513823,31.008769199644203,29.145375604098344,29.76650619506836,2288393,,
2022-05-12,29.623168741782585,29.957624237265357,28.85870060008123,29.097597122192383,1747986,,
2022-05-13,29.479827599349054,29.95762058532672,29.384268637626402,29.623165130615234,1511968,,
2022-05-16,30.148741376048186,30.53097728239908,29.670948315745452,29.8620662689209,1104592,,
2022-05-17,29.90984137926889,30.86542738911947,29.90984137926889,30.722091674804688,995922,,
2022-05-18,31.152102463020377,31.24766325116824,30.578752315218566,30.722091674804688,990999,,
2022-05-19,30.19651955041972,30.578753605967158,29.623167555780686,30.005401611328125,941342,,
2022-05-20,30.48319575049416,30.67431187393475,30.19652065401537,30.43541717529297,777161,,
2022-05-23,30.769871852043824,30.960989793042167,30.053182307253696,30.19651985168457,1194793,,
2022-05-24,30.19651955041972,30.387635666875564,29.862064068327303,30.005401611328125,762885,,
2022-05-25,30.1009628160219,30.196521792663432,29.432051802167063,29.527610778808594,995183,,
2022-05-26,29.670944810500618,29.957621706396555,29.14537323531156,29.718725204467773,1062196,,
2022-05-27,29.766504809254386,30.196519256710015,29.718726236264082,30.148738861083984,795360,,
2022-05-30,30.578756227036642,31.05654929308409,30.530977649486257,30.913209915161133,1191312,,
2022-05-31,31.534339161421265,31.534339161421265,30.674310271637562,30.960988998413086,2049103,,
2022-06-01,31.964354960227244,32.48992657279162,31.67767986658046,31.916576385498047,5485713,,
2022-06-02,31.868794378490605,32.203251694373506,31.629897857976367,31.773237228393555,1612656,,
2022-06-03,32.01213231757848,32.05991089049073,31.05654627824778,31.152103424072266,1305279,,
2022-06-06,31.056544945933457,31.247662874654996,30.578751946765248,30.865427017211914,864498,,
2022-06-07,30.913206987359107,31.295442862104075,30.674310476961367,30.817649841308594,744480,,
2022-06-08,30.817649830159272,30.91320697617521,30.435415778188318,30.48319435119629,1061046,,
2022-06-09,30.865426759738348,30.865426759738348,30.19651766006416,30.339855194091797,1557589,,
2022-06-10,30.10096138715744,30.7698723692597,30.05318281242262,30.578754425048828,876353,,
2022-06-13,30.100960866699243,30.100960866699243,28.954256866532585,29.193153381347656,2299088,,
2022-06-14,29.240933277481258,29.67094590320797,29.240933277481258,29.479829788208008,869010,,
2022-06-15,29.670947528777138,29.718727927121652,29.193154481147,29.288713455200195,945011,,
2022-06-16,29.7187277207031,29.814286694092566,28.667582658690613,28.763141632080078,1341027,,
2022-06-17,28.619805174667068,29.14537681439692,28.572024774832425,28.858701705932617,1243757,,
2022-06-20,28.667581020257412,28.858698956113415,27.759773558894974,27.950891494750977,1486357,,
2022-06-21,27.75977457257654,28.858700009923563,27.75977457257654,28.715360641479492,933469,,
2022-06-22,28.810920207456903,28.906479180846368,28.237568189755926,28.763141632080078,1065904,,
2022-06-23,29.0975971276253,29.336493649781055,28.572023685301147,28.763141632080078,921762,,
2022-06-24,29.193155391595674,29.193155391595674,28.76314272889922,28.858701705932617,730577,,
2022-06-27,29.193154272928187,29.28871324629981,29.00203814882076,29.097597122192383,894930,,
2022-06-28,29.145377016636914,29.145377016636914,28.90648048371366,29.04981803894043,471283,,
2022-06-29,28.858700605469544,29.002038154235834,28.667582658690613,28.763141632080078,698214,,
2022-06-30,28.76314052794878,28.954256644755514,28.572022588506297,28.66758155822754,565456,,
2022-07-01,28.76314052794878,28.906478071212767,28.476463618785054,28.66758155822754,763473,,
2022-07-04,28.858698402757298,29.002035940582992,28.619801898835917,28.906476974487305,725497,,
2022-07-05,29.002035940582992,29.240932444504377,28.66758047056592,28.906476974487305,712911,,
2022-07-06,28.95425906124395,29.145377016636914,28.667583950790405,29.04981803894043,737910,,
2022-07-07,29.097594926675413,29.38427000252381,29.04981453227689,29.24093246459961,1009691,,
2022-07-08,29.336494648161413,29.71872873209166,29.240935671519882,29.527610778808594,1339884,,
2022-07-11,29.623165130615234,29.766502661881415,29.43204720716993,29.623165130615234,998263,,
2022-07-12,29.62316726764775,30.913206964743182,29.479829726041118,30.148738861083984,2837135,,
2022-07-13,30.435416968283164,30.53097594067141,29.4798308896723,29.575389862060547,1319761,,
2022-07-14,29.718724662694292,29.86206219671138,29.24093166754691,29.336490631103516,639863,,
2022-07-15,29.432051307918957,29.52761028295578,28.906479679170204,29.145376205444336,788658,,
2022-07-18,29.145375397631337,29.814286381713263,29.145375397631337,29.575389862060547,963681,,
2022-07-19,29.527610778808594,29.81428770873319,29.38427322516424,29.527610778808594,661213,,
2022-07-20,29.814286901174846,30.435417498566856,29.09759732972964,29.288713455200195,2787359,,
2022-07-21,29.336494648161413,29.67094833245295,29.193155271881174,29.527610778808594,869370,,
2022-07-22,29.718727409325016,30.005402503853954,29.527609464548522,29.575389862060547,1544044,,
2022-07-25,29.718726298934758,29.718726298934758,29.38427081939016,29.479829788208008,606923,,
2022-07-26,29.527609678035198,29.62316865111434,29.288713156655245,29.432050704956055,576358,,
2022-07-27,29.336490068082874,29.766502661881415,29.28870967590375,29.623165130615234,1054046,,
2022-07-28,29.76650598420124,29.814286381713263,29.527609464548522,29.575389862060547,956274,,
2022-07-29,29.67094701181299,30.005402503853954,29.527609464548522,29.575389862060547,1388156,,
2022-08-01,29.718725204467773,30.53097367555277,29.623166239169127,29.718725204467773,4079919,,
2022-08-02,29.81428305406054,30.1009581165929,29.479827599349054,29.623165130615234,3214085,,
2022-08-03,29.623165130615234,30.05317954704937,29.527606168892582,29.623165130615234,2400261,,
2022-08-04,29.814286381713263,30.1009614762422,29.527609464548522,29.575389862060547,2218873,,
2022-08-05,29.62316843693677,29.862064956589485,29.4798308896723,29.575389862060547,1769505,,
2022-08-08,29.766503775799265,29.9098413124294,29.52760727387048,29.718725204467773,2191796,,
2022-08-10,29.90984433799813,30.005403312963168,29.718728210703905,29.814287185668945,1332591,,
2022-08-11,30.148736686136427,30.33985460958173,29.479827599349054,29.623165130615234,3477682,,
2022-08-12,29.575389862060547,29.718727409325016,29.527609464548522,29.575389862060547,1771097,,
2022-08-16,29.670943700158762,29.766502661881415,29.575386561071706,29.623165130615234,1458420,,
2022-08-17,29.7665067868685,29.862065761833538,29.670947811903464,29.814287185668945,1508868,,
2022-08-18,29.862065761833538,30.053183711763612,29.623169235738867,29.814287185668945,1710594,,
2022-08-19,29.909843743348237,30.196520662543808,29.71872761985367,29.76650619506836,2359422,,
2022-08-22,29.81428770873319,29.81428770873319,29.432051802167063,29.527610778808594,1451765,,
2022-08-23,29.336490631103516,29.4798281651206,29.193151274450795,29.336490631103516,1363705,,
2022-08-24,29.3842716217041,29.527609167526723,29.33649304730849,29.3842716217041,1099617,,
2022-08-25,29.52760829903142,30.674310454520217,29.432049330415087,30.148738861083984,5246018,,
2022-08-26,30.244296482820374,31.15210208765858,30.196517911957812,30.865427017211914,4678312,,
2022-08-29,30.339853848315553,31.916572120588427,30.100957361320944,31.3909969329834,7743208,,
2022-08-30,31.773237317175713,31.916576687993427,31.29544427481217,31.438783645629883,3235596,,
2022-09-01,31.343225254416808,32.01213629409405,31.295446675569558,31.48656463623047,3952351,,
2022-09-02,31.629896749948955,32.25102913963572,31.104325152283263,31.34322166442871,5567164,,
2022-09-05,31.343225254416808,31.916579136399548,31.343225254416808,31.48656463623047,3000913,,
2022-09-06,31.629897946358003,31.821015892357746,31.3432228499942,31.438783645629883,1834375,,
2022-09-07,31.24766649116408,32.489927703722664,31.152105693107746,31.67768096923828,6048592,,
2022-09-08,31.82101382606004,32.48992477098759,31.725456681900983,32.107688903808594,6298511,,
2022-09-09,32.39437035614232,33.15883850963745,32.05991303286391,32.346588134765625,6694021,,
2022-09-12,32.72881805195528,32.96771453408634,32.394364435080206,32.48992156982422,3412159,,
2022-09-13,32.63326635909017,33.158837978367906,32.44214841246055,32.96772003173828,3905232,,
2022-09-14,32.394366139576256,33.01549483863636,32.10768742971797,32.633262634277344,3798975,,
2022-09-15,32.776599952152885,32.87216074188484,32.346585511537576,32.44214630126953,2059941,,
2022-09-16,32.48993083547402,32.72882738573486,32.0599163159501,32.29881286621094,4177796,,
2022-09-19,32.48991999732302,33.158830843969135,32.20324496169493,32.68103790283203,3933196,,
2022-09-20,32.9677167297389,33.25439179833455,32.776598802251385,33.01549530029297,5931476,,
2022-09-21,33.015502299826295,34.16220646259002,33.015502299826295,33.30217742919922,6643770,,
2022-09-22,33.205928420616885,34.89028710861919,33.157804620996075,34.69778823852539,9844917,,
2022-09-23,34.89028749378622,35.32340903837603,33.63905033177945,33.87967300415039,5371546,,
2022-09-26,33.63904282137051,33.63904282137051,32.14718332007229,32.3878059387207,4700031,,
2022-09-27,32.48405859511505,32.965303907635274,32.099060876454736,32.339683532714844,2082800,,
2022-09-28,32.0990584986254,32.82092641393131,31.762188273460012,31.954687118530273,1625666,,
2022-09-29,32.243432700695614,32.532179124887314,31.61781238860529,31.71406364440918,1735107,,
2022-09-30,31.76218430692442,32.724674740467584,31.71406051956919,32.43592834472656,5753854,,
2022-10-03,32.77280360996978,35.08278247733046,32.62843222551611,34.55341339111328,15187837,,
2022-10-04,35.32340639829117,35.612152849233155,34.36091578074433,34.505287170410156,7630575,,
2022-10-06,34.649661453492165,35.70839964037144,34.45716259998405,34.93840789794922,8076196,,
2022-10-07,34.89028467072381,35.22715491614185,34.40903936492072,34.649662017822266,3984607,,
2022-10-10,34.6015387657639,37.82588089671169,34.16841724940709,37.05588912963867,33430971,,
2022-10-11,37.24838707072806,37.537133517308376,35.32340586471224,35.467777252197266,13514062,,
2022-10-12,35.61214828491211,36.28589236516485,35.419649451752775,35.61214828491211,5951285,,
2022-10-13,35.70840130410177,36.045275231339204,35.27528345304143,35.419654846191406,5302937,,
2022-10-14,35.900900166578815,36.81526700963698,35.27528345304143,35.419654846191406,8736716,,
2022-10-17,35.46777438014383,36.863386375815686,35.227151748876615,36.38214111328125,9253995,,
2022-10-18,36.81526889333461,37.152139166198005,36.09340087581825,36.43027114868164,9051597,,
2022-10-19,36.57464127173052,36.76714011800902,35.51590312461394,35.660274505615234,4189566,,
2022-10-20,35.660275574604626,35.804650631543964,34.21653969165213,34.40903854370117,12843853,,
2022-10-21,34.60153545261241,35.32340335355032,34.457160403780826,34.745906829833984,4419964,,
2022-10-24,35.130902845876996,35.949018292821975,34.9384040137694,35.75652313232422,2595886,,
2022-10-25,35.94902062962122,38.6439971110898,35.51590281873741,37.970252990722656,32375078,,
2022-10-27,38.40337510367601,40.47272762039211,37.44088453638198,39.702735900878906,27430574,,
2022-10-28,39.462110532561745,40.32835345192047,38.93274149144692,39.125240325927734,13324447,,
2022-10-31,39.46211681365967,39.943362140655516,38.307127294547534,38.49962615966797,10055200,,
2022-11-01,38.59587214872979,39.750861619731374,38.11462684177999,38.69212341308594,11478229,,
2022-11-02,38.83649397334181,39.221491679329006,37.77775578929236,38.451499938964844,9229976,,
2022-11-03,38.49962282349839,41.38709453526077,38.30712397505887,41.05022430419922,31445960,,
2022-11-04,41.77209130397916,44.75581053785907,41.67584004609299,44.322689056396484,69164175,,
2022-11-07,45.092681352414736,52.11886539095638,44.90018617733971,48.8945198059082,105238512,,
2022-11-09,49.95326336492424,51.39699925788032,47.498909409610725,50.04951095581055,61408329,,
2022-11-10,49.66451194766995,50.53075492938925,46.87329149739359,47.25828552246094,27966327,,
2022-11-11,50.290130017408146,50.290130017408146,47.49890602148217,49.23139190673828,39360410,,
2022-11-14,49.52014473827175,53.947600265121615,47.980157493394515,52.50386428833008,57183441,,
2022-11-15,53.8513505993516,59.43379542744547,53.562604149410774,58.375057220458984,149513441,,
2022-11-16,59.289419822333215,62.08064404655905,58.375056684517084,61.3587760925293,106255171,,
2022-11-17,61.35877315710285,61.35877315710285,56.45007277317867,58.760047912597656,76883204,,
2022-11-18,59.14504447688765,61.50314703658452,58.904421841645316,60.829402923583984,46353447,,
2022-11-21,61.02190549764963,61.02190549764963,59.09692429799646,59.48191833496094,21905425,,
2022-11-22,59.48191883712696,59.674417693039466,54.91008844935378,55.82445526123047,23580025,,
2022-11-23,55.77633005319468,61.406898498535156,54.47696556238597,61.406898498535156,50605727,,
2022-11-24,62.46563714262402,67.18184222918023,62.0325119962715,64.63124084472656,92474825,,
2022-11-25,65.30498917519967,71.07993307885572,65.01624638594942,70.55056762695312,74360905,,
2022-11-28,73.43802991677062,77.57673476394187,71.36867382157502,77.09548950195312,127136239,,
2022-11-29,78.25048764610172,80.94545688327743,73.24553218868324,75.02613830566406,117037131,,
2022-11-30,73.91927792857503,74.30426827791182,71.32054901123047,71.32054901123047,29921056,,
2022-12-01,70.83931598673874,74.88178144311469,69.87682526044277,72.23493194580078,64056280,,
2022-12-02,72.3311767578125,73.91928786354427,71.41680619719303,72.3311767578125,17394032,,
2022-12-05,73.05303198910651,74.06364262990033,68.7218246459961,68.7218246459961,18116172,,
2022-12-06,67.85558811823526,70.4543098322837,65.88247942715437,69.29932403564453,33248967,,
2022-12-07,69.68431796691533,69.97306072879371,67.51871420833645,67.80745697021484,13041752,,
2022-12-08,67.75933920481651,69.53994533293263,67.47058908967531,67.99996185302734,9807645,,
2022-12-09,68.33683817266538,68.57746084228744,64.63125052912986,64.82374572753906,12421135,,
2022-12-12,64.00561580655221,68.0480728149414,63.524370574924006,68.0480728149414,18964486,,
2022-12-13,69.68431452976725,71.41679304524449,69.01056676550957,69.82868957519531,29250879,,
2022-12-14,69.82868829054122,71.60929423614289,68.43307266803852,71.22429656982422,12567429,,
2022-12-15,70.74306118124402,71.12805890121466,69.44370030166124,70.06932067871094,8970104,,
2022-12-16,69.10682581276824,70.45430673520694,66.89309456609845,67.51871490478516,7915636,,
2022-12-19,68.04807541381322,68.38495296339448,66.07497429471316,67.4224624633789,6550101,,
2022-12-20,67.8555843327615,70.79118347167969,67.56683422809996,70.79118347167969,14079409,,
2022-12-21,72.23491926990042,72.81241213569432,67.27809143066406,67.27809143066406,15449962,,
2022-12-22,67.85559455661907,68.19246483400057,63.95750427246094,63.95750427246094,8020230,,
2022-12-23,63.95749898334983,63.95749898334983,60.78128433227539,60.78128433227539,7499743,,
2022-12-26,59.193173572376516,63.235631269299304,57.94193649134754,61.31065368652344,19245865,,
2022-12-27,62.03251433494699,63.42813006818314,60.49253089070391,61.16627502441406,8866063,,
2022-12-28,63.043134333855456,64.1981201171875,62.80251168372624,64.1981201171875,13819215,,
2022-12-29,65.4012366138918,67.37434538017088,63.62063038320289,65.9787368774414,18565280,,
2022-12-30,67.08558790314595,67.18184283201245,65.11248669612407,65.68997955322266,6622596,,
2023-01-02,65.6899867456666,66.79685245984216,65.25686889122528,65.9787368774414,5203364,,
2023-01-03,66.60435592314806,69.25120544433594,66.17123802969685,69.25120544433594,21672205,,
2023-01-04,70.79118749951016,72.18679595060019,69.63619435836819,70.64681243896484,17255566,,
2023-01-05,71.36867903572612,71.84992433287434,68.43307978583374,69.34745025634766,6983515,,
2023-01-06,70.88742243938088,71.5130426945961,68.72181894740318,69.73242950439453,8186267,,
2023-01-09,71.22430112791317,71.65741894072727,69.1068248424795,69.44369506835938,4675388,,
2023-01-10,69.49181046734714,69.78056055174568,67.3262068640171,67.7112045288086,4668639,,
2023-01-11,68.24058037064094,69.97305892695991,67.7112076393318,69.49181365966797,6309231,,
2023-01-12,69.97306051008289,72.956787109375,69.58807016211505,72.956787109375,30422685,,
2023-01-13,74.88177301045948,76.56613159179688,74.3042727651387,76.56613159179688,23634703,,
2023-01-16,78.25048870518972,78.68360653783455,73.43803570593379,73.91928100585938,21961954,,
2023-01-17,73.9192837963715,74.59302430441338,70.74306175966946,71.65742492675781,10587375,,
2023-01-18,73.63053220175536,75.21864318847656,73.34178207936218,75.21864318847656,16306972,,
2023-01-19,75.17051085114856,76.85486932182253,74.1599001746763,74.30426788330078,12203134,,
2023-01-20,74.78551793315657,76.03675867136604,73.72677972409814,73.87115478515625,8218975,,
2023-01-23,74.64114360739028,74.64114360739028,73.14928034723113,73.29365539550781,3657558,,
2023-01-24,73.24553153837294,74.30426970583557,72.42741601548003,72.61991119384766,3555260,,
2023-01-25,73.1492924416583,74.59302847669105,72.28304935199444,72.86054229736328,6912585,,
2023-01-27,73.63053014662566,73.91928026095943,69.25119502414601,70.16556549072266,7990713,,
2023-01-30,70.26180861900593,72.09054209280212,68.72182524120596,69.78056335449219,5743643,,
2023-01-31,70.4543124578777,73.24553680419922,69.68432434583028,73.24553680419922,11721363,,
2023-02-01,74.97801755516697,76.46987354633502,69.5880717826746,69.92494201660156,23016937,,
2023-02-02,70.2618190998266,72.76429337994333,70.2618190998266,71.03181457519531,7695165,,
2023-02-03,71.80179771768047,72.37929061246524,68.43308059767864,69.58807373046875,5977975,,
2023-02-06,70.02119442638232,70.06932189592249,67.66309528333203,68.6737060546875,4082199,,
2023-02-07,70.3580585753824,71.07992649649074,68.86620261102395,69.15494537353516,6924317,,
2023-02-08,69.78056544858453,72.90865976179693,68.33682961171725,70.79118347167969,10476774,,
2023-02-09,70.79118134725903,71.46492178029027,69.15494304198033,69.78056335449219,4784724,,
2023-02-10,69.73243739812827,69.78056486290798,68.81807431307477,68.91432189941406,3393279,,
2023-02-13,68.33682416234205,68.43307174181412,66.41184320002256,66.6524658203125,5530564,,
2023-02-14,66.60434486742864,68.57745348390274,64.91998636080646,67.22996520996094,7080814,,
2023-02-15,67.37433874986196,68.57745194182378,66.74871842139778,68.09620666503906,4186961,,
2023-02-16,68.3368263586779,68.962446660183,67.51871089204192,67.6630859375,3320801,,
2023-02-17,67.5668353099551,67.5668353099551,65.4493589859336,65.88247680664062,4849471,,
2023-02-20,66.12309149346106,66.1712189536242,63.62061777258607,63.86124038696289,4067913,,
2023-02-21,63.86125567414914,64.10187834612651,61.84002669818349,62.51376724243164,7580165,,
2023-02-22,61.503148575557404,62.22501649934747,59.48191618597915,59.96316146850586,7458180,,
2023-02-23,59.96316307281719,63.81312910764663,59.24129512971359,62.610015869140625,13077206,,
2023-02-24,64.48686903787288,64.87186673957888,60.492531651211294,60.733154296875,11041811,,
2023-02-27,60.54065993210272,60.73315511393522,58.80817392272827,58.95254898071289,5107341,,
2023-02-28,59.14504832109281,59.28941970865578,55.0063394602462,55.29508590698242,12672298,,
2023-03-01,55.34320407443577,57.171937503800216,53.94759210693236,56.305694580078125,13757147,,
2023-03-02,59.67441196428491,64.96810979982631,59.48191312685233,63.187503814697266,89921655,,
2023-03-03,64.39061675725421,65.83435252605713,62.225013104049836,63.331878662109375,30085137,,
2023-03-06,63.52438087289837,64.29437630561571,62.70626531514912,62.9468879699707,12489978,,
2023-03-08,62.80250895023346,62.80250895023346,61.40689690590625,61.599395751953125,8326899,,
2023-03-09,61.74377189485065,64.39062097781353,61.455021784875655,63.71687316894531,17999131,,
2023-03-10,63.42813479288944,64.77562316068297,62.32126908565829,64.10187530517578,14685079,,
2023-03-13,64.00562359144766,64.10187118083584,61.214399439868274,61.551273345947266,8235118,,
2023-03-14,60.68503271056957,61.84002218611082,59.72254209288691,60.925655364990234,8885622,,
2023-03-15,61.59939822162654,62.22501857845903,59.86691588096534,60.3000373840332,5484970,,
2023-03-16,60.05940944731711,60.10753323861906,58.03817716814581,59.67441177368164,6603537,,
2023-03-17,61.59939376916628,62.17688661710822,60.30003302549192,60.58877944946289,10572194,,
2023-03-20,61.35877202057669,62.417510147581844,61.26252443507078,62.17688751220703,14611658,,
2023-03-21,63.13938286836983,63.42813299012613,61.11815404573759,61.7437744140625,7922128,,
2023-03-22,61.69564551972794,63.38000405685198,61.31065148563716,63.139381408691406,8352816,,
2023-03-23,62.85063634804739,62.94688393516255,62.080640964685685,62.273136138916016,4343060,,
2023-03-24,63.23563317511623,63.71687850321672,61.84002466091318,62.32126998901367,12029374,,
2023-03-27,62.89875724033848,64.63124320251059,61.31065000382758,64.00562286376953,15200230,,
2023-03-28,64.19811845675675,64.43874110066247,62.176889716592804,63.71687316894531,8572136,,
2023-03-29,63.47625802918337,64.87187393475801,62.75439001212721,64.53500366210938,8258998,,
2023-03-31,65.3531149679016,67.08559368860634,64.77562206100004,66.02685546875,16282805,,
2023-04-03,67.37434305950372,73.34178193605722,67.37434305950372,72.52366638183594,53179154,,
2023-04-05,73.77489567166332,74.68925867687868,71.32054204660383,72.37928009033203,29291754,,
2023-04-06,73.18755779472717,73.6311157429686,72.05401162450109,72.84256744384766,14057553,,
2023-04-10,73.0396965957943,73.77896479518539,71.80758293014249,73.2368392944336,12834318,,
2023-04-11,73.33541908416323,73.53255429537413,72.20187281913498,72.44829559326172,5899954,,
2023-04-12,72.64541826452869,73.13826372770791,71.4625921609885,71.70901489257812,7311924,,
2023-04-13,72.15257599685431,73.82825515801143,72.05400840389808,72.49757385253906,10190008,,
2023-04-17,72.39899881972916,72.59614152608576,71.51188296191297,72.05400848388672,4423677,,
2023-04-18,72.20186719258626,76.09534371228733,72.20186719258626,73.92682647705078,20665863,,
2023-04-19,74.32110798662262,74.7153859176311,73.03970659090156,73.38469696044922,7903694,,
2023-04-20,73.82826303811166,76.6867686602983,73.33541750050107,75.99678039550781,27529013,,
2023-04-21,77.82030118325305,78.60885698872228,75.60249644062452,76.39105224609375,26606072,,
2023-04-24,76.39105207220442,87.48007576010505,75.70107138415857,86.494384765625,124186965,,
2023-04-25,87.43079040300114,103.79326733940847,87.0858000502945,103.10327911376953,265783162,,
2023-04-26,106.50391236083196,113.05875129787461,98.81551978354807,103.25112915039062,395800528,,
2023-04-27,103.4482639401446,104.48324246320037,99.30836488837204,101.72330474853516,95231203,,
2023-04-28,102.75829433273977,109.41170907370854,102.31473635809895,106.01107788085938,109682443,,
2023-05-02,110.89024293977913,116.60725402832031,110.89024293977913,116.60725402832031,92737237,,
2023-05-03,120.74716017646243,128.23841857910156,119.8107566362457,128.23841857910156,141043167,,
2023-05-04,133.8075640754065,137.45461806237316,122.52140422041478,127.44985961914062,108787376,,
2023-05-05,126.66129262469926,140.16525622328908,124.83776579134596,139.6231231689453,89930074,,
2023-05-08,139.9681199815538,142.3337723312589,132.67401270292078,133.0682830810547,54717503,,
2023-05-09,133.06828549033716,135.48322544114566,126.41487121582031,126.41487121582031,28750628,,
2023-05-10,121.43712664146547,122.9156631225883,120.1064453125,120.1064453125,4063117,,
2023-05-11,118.77576561608235,126.06988052725617,117.29722911463735,124.88704681396484,51443098,,
2023-05-12,125.57703745769314,126.80914371252288,118.67720031738281,118.67720031738281,21812742,,
2023-05-15,121.732838191726,123.16208713001639,115.42441430365623,118.972900390625,22629191,,
2023-05-16,120.106444679009,120.59929017011714,115.03013461655006,117.0508041381836,19515392,,
2023-05-17,117.7900729961193,122.61996033849898,117.44508265456906,120.1064453125,27047616,,
2023-05-18,121.92998376404809,122.42282930476006,117.44509385570495,119.12076568603516,11139331,,
2023-05-19,119.95859304145905,120.64858126135682,113.55160146937959,114.53729248046875,15519596,,
2023-05-22,114.83300552390537,117.79007862752526,112.22092277832932,114.24159240722656,22110096,,
2023-05-23,114.58658302779746,115.12871610612683,111.0380967993689,111.38308715820312,13243599,,
2023-05-24,110.59453138654708,116.95224308981813,109.41170514977496,113.3544692993164,25125303,,
2023-05-25,114.04444749248373,114.68514815664444,112.07306546135885,113.20661163330078,8586978,,
2023-05-26,113.99516370062847,116.50867119542178,113.10804031178508,114.19229888916016,11470740,,
2023-05-29,115.27655886733547,119.86002349853516,114.93156852310011,119.86002349853516,21255724,,
2023-05-30,115.8186932706167,117.69150768712285,113.89659881591797,113.89659881591797,21325891,,
2023-05-31,111.03808627806235,119.56431444251794,109.01741683600218,118.28291320800781,37688329,,
2023-06-01,121.19069803505982,121.68354350493843,116.3608184464295,116.75508880615234,15717749,,
2023-06-02,117.59294170087449,118.03649965180982,115.4737045037071,116.26225280761719,7803213,,
2023-06-05,114.43872208745253,117.39579504847315,114.43872208745253,115.27655792236328,11124037,,
2023-06-06,115.57227557564372,119.26861701196495,115.22728521229891,118.13507080078125,17258863,,
2023-06-07,119.66289052588651,130.30834895803355,119.26861261649758,125.28132629394531,77730167,,
2023-06-08,126.90771688768174,127.74556025807213,121.33856120565292,123.55636596679688,20246282,,
2023-06-09,124.14777486146374,124.9856182034806,120.45143371806694,123.45779418945312,13927005,,
2023-06-12,123.99993120057577,124.83776704918259,121.73283888530975,122.02854919433594,8927831,,
2023-06-13,122.57066926645813,122.66923685832825,119.90930668483885,120.20500946044922,9442611,,
2023-06-14,120.64857604076441,123.95063928098413,119.86002025792449,121.92996978759766,13905348,,
2023-06-15,122.47211515307613,123.50709378217846,120.89501094891271,121.14143371582031,8875001,,
2023-06-16,121.53569801116264,123.01423444672314,120.35286435057913,121.09213256835938,10555409,,
2023-06-19,121.43713665243983,125.9713215845171,121.24000144679563,122.66925048828125,15461555,,
2023-06-20,116.31153784596383,122.61996174165444,116.31153784596383,120.94428253173828,26873495,,
2023-06-21,125.18275739622946,125.92202564856939,121.23999338374979,122.02854919433594,18687198,,
2023-06-22,122.47210376248746,122.61995891292587,120.0571638794863,121.68354797363281,8259055,,
2023-06-23,121.88070103796257,121.88070103796257,118.62791753280847,119.41647338867188,6318403,,
2023-06-26,121.23998764198996,122.91565925984608,120.55000698057277,121.53569793701172,9499004,,
2023-06-27,122.0285533720383,125.77417479999168,121.43713273373835,122.12712097167969,18696042,,
2023-06-28,122.7185344230838,123.06352478287863,120.94428754381636,121.23999786376953,6120935,,
2023-06-30,121.78213054452756,121.83141058420772,119.76146091199615,120.1557388305664,6977844,,
2023-07-03,121.14142385737615,121.23999145207259,119.76145497094976,120.1064453125,6882222,,
2023-07-04,120.05716183275663,121.92996863896454,119.51502879713317,120.20500946044922,6978884,,
2023-07-05,120.25430721131487,124.19707138217765,119.26861616859917,122.32425689697266,17210344,,
2023-07-06,122.22567867300079,123.4085048133591,120.84570982909929,121.09213256835938,8323469,,
2023-07-07,121.73284298462161,122.66924646102838,119.86002851158227,120.1557388305664,9294602,,
2023-07-10,122.12710871473088,123.408502421917,120.10643928386519,120.50071716308594,9605491,,
2023-07-11,121.23999174170851,121.8314048315254,118.92361941979412,119.21932220458984,8036326,,
2023-07-12,119.7121686387529,120.64857959851686,117.88864179741587,118.972900390625,10302856,,
2023-07-13,119.36717995973507,119.56432267412275,115.37513587626094,116.95223999023438,7946038,,
2023-07-14,119.26861374348277,120.10644960871004,117.19866409991376,117.79007720947266,8863951,,
2023-07-17,118.38148517894737,119.7614540548175,117.05080386016114,117.93792724609375,8493109,,
2023-07-18,118.72647551785856,120.05716435687016,117.44508175615623,117.93792724609375,10815497,,
2023-07-19,118.77576213927966,119.5150303683623,117.83935872386509,118.1843490600586,5903962,,
2023-07-20,118.38148784153778,127.94269507350786,117.44508439768542,126.85842895507812,71718021,,
2023-07-21,128.58339032565547,137.01105153998205,128.23840749353064,134.69467163085938,103032705,,
2023-07-24,139.13028165161555,144.5515822692059,130.8011955290443,133.80755615234375,70774038,,
2023-07-25,133.56113232579392,133.56113232579392,126.16844972473523,127.69627380371094,39446235,,
2023-07-26,129.27337695566982,133.61042665913388,128.68197134186929,132.3290252685547,34898129,,
2023-07-27,124.19707489013672,128.5341095844051,123.21138381958008,124.19707489013672,61077617,,
2023-07-28,120.993568994266,121.3878468942191,117.93792843002413,119.21932220458984,74826227,,
2023-07-31,120.94428793312551,123.9013610612726,120.50072997199379,122.32425689697266,54533231,,
2023-08-01,124.09850764906214,124.68992078907579,122.76782620397493,123.30995178222656,29234876,,
2023-08-02,123.21138405673331,124.44349789730065,120.00788807125824,121.78213500976562,23973096,,
2023-08-03,122.2256785984289,123.30993714646671,120.4021518330619,121.53569793701172,14425991,,
2023-08-04,122.17639807747958,122.42282083077842,120.50072636313764,120.89500427246094,11897709,,
2023-08-07,122.22568388849294,124.09849829082947,120.89500254375203,123.3592300415039,24525745,,
2023-08-08,124.14778308511846,124.29563824469345,121.0921423748806,122.12712097167969,14079922,,
2023-08-09,122.61996193199923,127.30198666284107,121.78212608585332,125.33061218261719,44912351,,
2023-08-10,125.67560609544034,126.80914476168921,124.19706955314105,124.78848266601562,18515076,,
2023-08-11,125.37989768151377,125.77417560282184,123.95064867702607,124.29563903808594,10302756,,
2023-08-14,125.47846368926683,125.52774372571028,121.48641224630818,123.45779418945312,11631292,,
2023-08-16,123.16208920567357,124.98562359796823,122.3242533477203,122.86638641357422,16655371,,
2023-08-17,123.45779259706121,124.88704147931634,122.47210163820243,123.06351470947266,12231236,,
2023-08-18,123.01423444672314,123.4577923693012,120.6485746457813,121.09213256835938,9816820,,
2023-08-21,121.48642255790742,123.40851710752835,121.04286459114134,122.71853637695312,12614724,,
2023-08-22,123.40851542662134,123.80279334739083,122.22568918453872,122.767822265625,8220149,,
2023-08-23,123.21137843995534,124.39420466488862,122.27497497190198,122.81710052490234,10090234,,
2023-08-24,123.40850504102818,126.90771095306691,122.6692368218841,123.06351470947266,21592871,,
2023-08-25,122.22568857132107,123.75351268655291,121.23999753445558,122.12712097167969,9332051,,
2023-08-28,122.47210185701931,126.02058781120581,121.92996882058829,125.03489685058594,20693995,,
2023-08-29,127.05556624275567,130.94905779740378,125.33061448095545,125.92202758789062,73184822,,
2023-08-30,126.95700333677757,129.125520520637,126.21773508952202,126.66129302978516,24386109,,
2023-08-31,128.63268684040378,130.89977934836344,128.13984129695396,129.17481994628906,28446824,,
2023-09-01,129.9140690626472,137.01104083143738,128.73124294125722,136.32106018066406,72952804,,
2023-09-04,140.95381735584544,161.11119592067152,140.55954695984187,152.19068908691406,243994049,,
2023-09-05,155.7391631934061,160.667617724843,150.51499838199308,154.50704956054688,93875981,,
2023-09-06,154.654920449391,154.654920449391,145.88227607969802,147.705810546875,50668451,,
2023-09-07,148.54363713035914,155.14776410851704,146.8186778055928,151.69784545898438,47181664,,
2023-09-08,152.53567277061933,163.42756065182948,152.1414024113018,160.519775390625,94642035,,
2023-09-11,166.58178582103398,189.0062569892501,165.6946699008896,186.7884521484375,229093837,,
2023-09-12,193.68829259681493,196.39894300211387,158.84410773433692,167.4196319580078,185688235,,
2023-09-13,164.314697265625,173.08735675441972,155.93632322647335,164.314697265625,123372887,,
2023-09-14,168.55316329118207,172.2002170326671,165.89180056309576,168.50387573242188,54896101,,
2023-09-15,169.9824090689077,170.0316966267448,165.84250989825978,167.71531677246094,37898734,,
2023-09-18,169.29242501507423,169.29242501507423,161.75189506988437,162.9840087890625,17676535,,
2023-09-20,161.80847340247334,166.69828680063844,158.5485927792739,161.4627227783203,19113572,,
2023-09-21,161.3145659719071,163.58660508455043,156.07900151406005,156.86927795410156,17920990,,
2023-09-22,158.0546741094071,165.90801271456462,156.77047686761452,164.82139587402344,34462689,,
2023-09-25,165.3153253590029,169.6124279916723,162.79632584425514,167.73553466796875,34727498,,
2023-09-26,168.22945412570328,168.67397990141924,163.2902453438169,164.6732177734375,15986625,,
2023-09-27,165.3647077357319,168.18006283451612,164.7720117124353,166.4513397216797,14165805,,
2023-09-28,167.29100631592658,167.73553208857118,163.24084911345614,164.0805206298828,12565456,,
2023-09-29,164.92016629532407,169.85937472030093,164.17928503157754,167.3897705078125,15240934,,
2023-10-03,168.7727619125656,174.74919218988146,168.3282210851628,170.40269470214844,27914702,,
2023-10-04,171.2917509612509,172.32898779851183,166.4019373836136,169.06910705566406,18738459,,
2023-10-05,170.00755393020586,171.19296089510544,167.24159429659528,168.13064575195312,10154669,,
2023-10-06,168.72336417991002,170.69904756592004,166.5501154699526,167.98248291015625,11080543,,
2023-10-09,163.4878017218538,164.22868299853894,158.30163278505782,159.2894744873047,21811811,,
2023-10-10,160.52427526983647,165.31531351488957,160.52427526983647,163.33963012695312,16819515,,
2023-10-11,164.3768590967572,166.30316254356822,162.74692625912954,163.1914520263672,8395665,,
2023-10-12,164.32747839738832,165.4140952602795,162.2530047277264,162.8950958251953,7194861,,
2023-10-13,161.80846553906753,168.72335709993993,161.2651496160598,165.9573974609375,27614191,,
2023-10-16,165.95740577226346,166.69828704803248,163.33963129385347,163.9323272705078,8047553,,
2023-10-17,165.16712872185295,172.0820206007737,163.98172170012015,168.27883911132812,39872845,,
2023-10-18,168.67398057583563,169.61242723349247,164.47565309444587,164.96957397460938,12134308,,
2023-10-19,163.9817291671547,166.35254331857715,162.54936165595078,164.7226104736328,7683165,,
2023-10-20,165.6610450288115,170.45208315716926,164.722598457053,166.20436096191406,17925748,,
2023-10-23,166.89585549366643,167.14281592353967,154.1033082408875,155.83203125,15748746,,
2023-10-25,158.05466028573662,160.37609413799018,145.26211423351322,149.312255859375,22285809,,
2023-10-26,146.94145529970478,151.04099239304466,140.42169394281387,149.65802001953125,28015351,,
2023-10-27,151.2385608003781,156.5728996160339,150.74463998140007,155.78262329101562,16533451,,
2023-10-30,156.47411426518414,157.363180810818,151.83126143776627,154.4490509033203,10466570,,
2023-10-31,155.28870746072582,158.00527205237526,151.63369629752373,152.27578735351562,11535283,,
2023-11-01,153.11546924067477,153.7575603404411,150.7446551010944,151.13978576660156,7934752,,
2023-11-02,153.11546381418609,153.85634509070636,151.4855310351488,152.17701721191406,6654814,,
2023-11-03,153.16486132986142,153.80695241699962,151.53491345184625,152.12762451171875,8110790,,
2023-11-06,153.1154723923569,155.38751144896182,152.17702573750915,152.62155151367188,9802051,,
2023-11-07,153.4118085003129,156.57289870880248,152.52274198734366,154.25146484375,10398420,,
2023-11-08,154.9923636629433,160.9688092310586,154.39966766028027,160.0797576904297,20438743,,
2023-11-09,161.0181936612881,162.3517859571151,158.0546686245773,158.74615478515625,12066384,,
2023-11-10,155.6838602471073,157.01743751782922,153.41182128891975,154.30087280273438,10860264,,
2023-11-13,155.83204215510517,156.02960749817564,154.69603012749775,154.99237060546875,5658184,,
2023-11-15,160.03035942977465,160.91941095285486,156.67170359450654,158.59799194335938,10489711,,
2023-11-16,158.20284166332212,158.7461576110444,156.22715827034517,156.5235137939453,5767081,,
2023-11-17,156.81987196792736,166.94524952806125,156.17778088366524,164.82139587402344,49242214,,
2023-11-20,165.61163949354494,167.53794268707966,162.0554187499579,162.697509765625,15508870,,
2023-11-21,163.58659116704501,169.0197205043491,163.2902356430839,164.8707733154297,18276062,,
2023-11-22,165.56228258537496,165.8586230504283,161.70969073372476,163.78416442871094,10600693,,
2023-11-23,164.1792921079769,166.1549755631229,163.58659611539423,164.77200317382812,8264019,,
2023-11-24,164.9201788719392,166.45133661509988,163.29024599670728,164.96957397460938,9140137,,
2023-11-28,165.21653261255997,166.6489001347565,163.53720465297548,164.0805206298828,9900235,,
2023-11-29,164.72260246920143,165.4634837396776,163.04327460410906,163.33963012695312,7582017,,
2023-11-30,163.43841547595085,163.73477101733286,160.12915463811396,162.20361328125,10151856,,
2023-12-01,162.8457109992336,167.2909986690223,162.25299994728783,162.99388122558594,10803510,,
2023-12-04,166.94525342778442,173.4650149164018,164.87077975233288,170.3039093017578,42370540,,
2023-12-05,171.19297085810206,172.13141746520995,166.45132764928482,167.93309020996094,13059659,,
2023-12-06,168.32822527481392,171.34114557513414,165.71045071165705,168.77276611328125,15836447,,
2023-12-07,166.0562073319292,169.6618237580324,165.71045668360952,168.03189086914062,10201395,,
2023-12-08,168.9209368245991,173.61318506972682,167.48856932231908,169.06910705566406,24620500,,
2023-12-11,169.90877853889677,178.6017888276336,169.71121320641225,176.18157958984375,51111463,,
2023-12-12,181.0219866120523,183.34342057335567,174.45284551464644,175.7864227294922,32976209,,
2023-12-13,176.5767020405559,177.26818820871844,173.0698610273346,174.798583984375,10438818,,
2023-12-14,176.32975175062595,184.92397193054052,175.88522597935378,179.5402374267578,53402614,,
2023-12-15,181.02197744748403,184.72638353440388,178.99689910531444,180.92318725585938,33011787,,
2023-12-18,181.76288577952772,181.96045111898206,177.16942757582015,180.37991333007812,14940222,,
2023-12-19,180.97260938124236,185.61546268897234,180.7256489385624,181.61471557617188,23085130,,
2023-12-20,185.1215182075187,185.2203084013063,167.9330796171844,170.00755310058594,27386563,,
2023-12-21,168.72337185950832,176.0827897927127,163.5865978367309,175.2431182861328,19234072,,
2023-12-22,176.2309538391273,176.52730936477045,172.87229807722,174.7491912841797,8887707,,
2023-12-26,175.58886899699232,178.3054337775365,173.26743488249252,176.47792053222656,9823977,,
2023-12-27,177.16941756012858,178.60178503178489,174.40345774432467,175.6382598876953,6991847,,
2023-12-28,176.42854043030883,176.77427599463624,173.86014588228576,175.2431182861328,6859414,,
2023-12-29,175.24312936897257,182.40498242217174,174.99616891886225,179.34268188476562,20186770,,
2024-01-01,179.6884107220928,183.34343730506313,178.89814937003672,179.78720092773438,13833701,,
2024-01-02,180.18231374376236,181.1701554091849,175.341895612499,178.60177612304688,7909774,,
2024-01-03,180.67624419704234,186.70208470628808,180.52807396864628,183.0470733642578,45596593,,
2024-01-04,184.38064079199518,186.1093637062051,182.2567872409872,183.24462890625,15879759,,
2024-01-05,184.08431125071397,184.62761214016342,180.77503544683339,182.40496826171875,10233509,,
2024-01-08,183.1952471029504,183.24464220445168,179.09570992391028,179.885986328125,8211288,,
2024-01-09,180.82442949870676,184.92396659919356,179.6390224517332,183.0470733642578,11569461,,
2024-01-10,183.73856437207144,196.77807237737113,180.626868907981,194.9999542236328,72587866,,
2024-01-11,198.30923524065395,202.90269343983465,196.13598636225953,197.37078857421875,51040633,,
2024-01-12,198.3586147223527,204.48323019668186,196.13597091586703,200.77882385253906,29429746,,
2024-01-15,201.76667168838628,227.84568711598658,201.07518549774318,217.96726989746094,136773825,,
2024-01-16,222.26438344766447,229.12988027728315,216.33733322239343,220.83201599121094,68897751,,
2024-01-17,220.68383317351865,242.9102717682527,213.42320560986656,237.47714233398438,114133165,,
2024-01-18,244.58961143678144,248.34339784564835,224.28946144666904,240.63824462890625,105611386,,
2024-01-19,242.76212158203123,288.7461451679468,242.021240234375,287.70892333984375,178930889,,
2024-01-23,327.96344147389067,341.2993043049073,284.84415768291075,285.2392883300781,80917623,,
2024-01-24,285.2392847153655,301.8350128583725,261.9262150694952,295.21649169921875,53922343,,
2024-01-25,296.3525355714978,306.0333730082179,294.4756422088528,298.2788391113281,27527924,,
2024-01-29,302.0326142661647,304.94675947959644,289.73397245247605,295.4140625,17198256,,
2024-01-30,297.1427694550987,300.5014553314586,285.09111887790294,292.6481018066406,16994531,,
2024-01-31,294.0310989169061,305.7864100347845,291.80845491848856,304.5022277832031,21529178,,
2024-02-01,308.20660590979514,315.0227075111854,291.01816660951755,293.9322814941406,34481062,,
2024-02-02,296.5994906501514,298.3282137430332,283.6093774386614,290.9687805175781,17179265,,
2024-02-05,291.3639130131033,291.3639130131033,274.61998462569244,277.92926025390625,15716341,,
2024-02-06,278.07742620620934,284.794737409415,263.95130258187913,281.7324523925781,17061913,,
2024-02-07,285.5356166887811,287.7582603998402,276.6944520149334,277.4353332519531,9794286,,
2024-02-08,278.91711550236624,286.37530842523404,275.8548001429137,278.2750244140625,9231980,,
2024-02-09,254.86315929740235,269.5326146118508,247.45434652712902,256.09796142578125,35310986,,
2024-02-12,255.5546554223106,255.5546554223106,223.40039055631294,226.80845642089844,32239387,,
2024-02-13,225.72181876446038,253.28259498254263,220.7826104763978,242.7126922607422,52120543,,
2024-02-14,238.06986838995837,250.07213995790372,233.13065950219988,245.82443237304688,22348631,,
2024-02-15,247.10858878089275,259.6047799306743,245.1823005307856,256.2461242675781,18846018,,
2024-02-16,255.85100274252034,256.5918840245933,247.70130863971806,248.63975524902344,10975697,,
2024-02-19,251.2081428120971,277.8798531597139,250.911787292767,263.0128479003906,51506679,,
2024-02-20,264.3464525385304,265.9763853610175,257.97486133199146,264.0007019042969,15398431,,
2024-02-21,265.3342951151035,270.27350377269465,255.9003884911821,257.1846008300781,13483046,,
2024-02-22,258.715725171731,260.09869746881367,250.41786124270004,258.17242431640625,12248384,,
2024-02-23,260.79022348762396,268.59416732783234,259.802381731989,261.3829345703125,14200106,,
2024-02-26,263.30918491813947,269.53260552323775,260.39507008135075,263.704345703125,14614169,,
2024-02-27,265.1366695715749,273.58273302606466,262.2719350671907,263.6549072265625,18452082,,
2024-02-28,265.087339573004,267.11240310136327,253.87532968410653,255.85101318359375,10945242,,
2024-02-29,257.13519791106836,257.13519791106836,237.92169377882084,241.2803497314453,31125179,,
2024-03-01,242.41634290189276,246.26893450832975,241.57668651557017,243.2066192626953,10474862,,
2024-03-04,247.70129653152094,247.70129653152094,238.1192354330907,239.6009979248047,12608680,,
2024-03-05,239.60101550567236,245.18231527135256,235.2545028337562,238.3168182373047,8990938,,
2024-03-06,238.86013151992765,239.50222261025812,229.22867472536015,234.66180419921875,9329415,,
2024-03-07,235.55085139418097,239.0082973595025,233.32820755933142,235.0569305419922,6393948,,
2024-03-11,249.232465742209,254.86316045861784,241.08277165777645,242.4657440185547,25948260,,
2024-03-12,246.96043288454922,249.38064211216408,236.3411342705136,240.4900665283203,19693167,,
2024-03-13,242.02121814762145,242.61392920096372,216.8806497261242,219.89356994628906,26257106,,
2024-03-14,219.89357327475946,245.42927273616647,210.4596818180839,240.53945922851562,38958684,,
2024-03-15,239.50221415789997,245.77501490383207,229.47562705748382,242.5645294189453,28212318,,
2024-03-18,246.51590652228978,249.92395747317943,240.14433038397115,241.4285125732422,13484133,,
2024-03-19,239.9961397505448,244.78717805979124,237.47714038252113,242.4657440185547,9884197,,
2024-03-20,244.98475862566536,245.28111417091475,234.61242005482066,236.291748046875,11717711,,
2024-03-21,243.99688683258245,246.36770075630466,240.93457169727955,241.52728271484375,14067406,,
2024-03-22,241.7248620380483,249.9239511987478,240.04553415531902,246.812255859375,14803746,,
2024-03-26,250.91179512248394,264.5934088779582,249.47942765317066,257.28338623046875,43345234,,
2024-03-27,259.40724310606674,263.0622394019374,251.30692889958664,252.88748168945312,16973630,,
2024-03-28,255.50525468119835,255.70283508368357,248.29402218854034,249.82516479492188,11074200,,
2024-04-01,257.82671507040203,262.46958368392563,256.5919127951607,258.5675964355469,13309346,,
2024-04-02,257.8266775809717,263.5561472463791,255.40645341479666,261.1853332519531,13027421,,
2024-04-03,260.19749036626797,267.30996246303,258.66634783333643,261.8274230957031,13266979,,
2024-04-04,263.2104491276607,265.43309308864906,258.2712403254643,260.7408447265625,7680571,,
2024-04-05,259.20966456458586,264.3464536319212,255.90038873158352,260.8890075683594,12817238,,
2024-04-08,263.1116158592006,267.40873284311596,259.4072098638482,260.9877624511719,8897347,,
2024-04-09,262.0744056069753,262.3707762214705,257.5303576500944,258.913330078125,5674854,,
2024-04-10,259.0120929844526,259.90114444116114,256.09794805501025,256.98699951171875,4863470,,
2024-04-12,255.85101581776902,258.61696068691344,253.3814114179836,257.03643798828125,6856810,,
2024-04-15,243.99690580937965,252.98627152640105,242.02122236153042,247.94827270507812,14211279,,
2024-04-16,246.81225998502578,257.826689143256,245.23170720234978,254.76437377929688,9732040,,
2024-04-18,256.14734022145024,258.8145248645467,254.072896772971,256.74005126953125,8129109,,
2024-04-19,250.5660503192813,259.2096655097018,248.7385521515536,255.30770874023438,9991595,,
2024-04-22,258.5676011450071,261.7780871191094,257.48096909369514,260.93841552734375,8530666,,
2024-04-23,262.7165157686432,276.59567978495204,260.9383825963894,273.9779052734375,33985045,,
2024-04-24,277.58352078695304,282.7203097426928,275.5584573380472,280.79400634765625,30147590,,
2024-04-25,284.4983933501755,289.28943135083085,282.37453984579184,283.6587219238281,21646420,,
2024-04-26,284.49841195952223,291.41330391687177,278.81832213741376,286.37530517578125,24631495,,
2024-04-29,288.2521908181959,292.6974783882633,283.21422235601483,285.2886657714844,14426490,,
2024-04-30,288.3509758343644,289.9315285268502,281.9794151863462,282.9178466796875,9939575,,
2024-05-02,284.49843270554567,288.30162958872967,281.33732695020194,285.3381042480469,9181814,,
2024-05-03,286.47410372474496,286.96802459323595,278.17623916340466,280.6458435058594,9283077,,
2024-05-06,282.3251392425303,282.3251392425303,267.7050944807914,272.9406433105469,10882535,,
2024-05-07,272.54554706733137,273.3852186281077,261.1853663474642,263.6055908203125,8819227,,
2024-05-08,261.975629153522,269.0386912321657,257.8266819825448,266.6678771972656,6891941,,
2024-05-09,267.705073575365,271.2613093643444,255.85097437645587,257.87603759765625,7979566,,
2024-05-10,257.87603759765625,260.14809136536707,248.83729298779465,257.87603759765625,10034497,,
2024-05-13,258.76514886984216,258.76514886984216,246.81225810903703,252.64051818847656,8125328,,
2024-05-14,256.83885806001564,272.6443262483243,256.83885806001564,270.6192626953125,20789907,,
2024-05-15,272.4961669933621,274.6200208374373,268.10025891774427,272.24920654296875,8877920,,
2024-05-16,273.8297460781847,280.6952281758176,272.5455337109494,276.8426513671875,13251603,,
2024-05-17,278.5713782884843,289.93155860875936,277.08961563801364,287.2643737792969,29599889,,
2024-05-21,299.6123832663155,341.6944467992234,297.340359356426,337.59490966796875,110366536,,
2024-05-22,338.8296982344231,354.58578518178103,327.32134862398965,337.2491455078125,67735859,,
2024-05-23,338.92850966042795,370.0455247125419,337.3479568348226,367.7240905761719,89059520,,
2024-05-24,369.4528073865553,376.36769950341596,361.401903308375,365.995361328125,46086621,,
2024-05-27,371.1815186761103,395.03788969544723,369.6503761001327,372.41632080078125,78610946,,
2024-05-28,374.3920198103245,384.66556788663013,361.55007717830813,369.0082702636719,38874332,,
2024-05-29,367.77348287047164,373.79932376163123,358.5865663692147,371.1815490722656,27912678,,
2024-05-30,371.1815406514403,380.07211647542687,369.5021976038498,378.14581298828125,32178655,,
2024-05-31,380.8129906538021,382.68988392992196,362.4391282661011,377.0592041015625,30897722,,
2024-06-03,419.8327224788467,419.8327224788467,379.3312127808873,399.63134765625,63511113,,
2024-06-04,395.13667013024536,395.13667013024536,319.71495218982767,347.2263488769531,88280882,,
2024-06-05,351.6222908977277,370.44066460083474,308.4535933909617,349.0044860839844,59070407,,
2024-06-06,365.30385863658745,379.0842627887612,360.6116104326875,364.1678466796875,43194252,,
2024-06-07,369.4527928779116,377.35552641540704,365.89655675673146,369.99609375,27249200,,
2024-06-10,378.9854581659322,382.0971534587024,364.61237364161747,369.4034118652344,22561822,,
2024-06-11,376.8616143407227,387.67849318054556,374.3920100527757,384.6655578613281,43435702,,
2024-06-12,385.2582899275727,392.07439210467595,384.27044815852764,387.332763671875,18984502,,
2024-06-13,389.60476032915915,390.9383526530504,381.109315682502,385.40643310546875,15383097,,
2024-06-14,386.4930933842554,388.7157373717687,381.8502249961678,385.45587158203125,12323860,,
2024-06-18,392.17317018769353,400.0759040957579,390.1974867106774,391.28411865234375,28638590,,
2024-06-19,392.4201400873182,392.4695201168197,378.1458145629717,386.1473388671875,13915164,,
2024-06-20,383.28259624935566,387.5303036852567,378.4421777384007,382.5910949707031,11437105,,
2024-06-21,380.9117569540325,412.32511024657566,379.33120424039043,404.76812744140625,75448395,,
2024-06-24,405.01508993858323,426.55002656450824,400.3228419453923,411.53485107421875,41934345,,
2024-06-25,414.8935092786856,419.2894168522765,400.4710145935003,402.1997375488281,20335982,,
2024-06-26,403.0394057195953,408.96645580370705,396.47026457234534,404.12603759765625,13277791,,
2024-06-27,408.96649428787924,415.7332164666361,401.7058512223012,408.9171142578125,20947231,,
2024-06-28,412.9178234007995,419.24000414126533,405.60780097755656,411.53485107421875,23134009,,
2024-07-01,411.9299986322242,416.17770598396567,408.47255260053885,409.9543151855469,10190705,,
2024-07-02,410.7939678554552,411.97935978122,399.38437838580484,406.0029296875,11365895,,
2024-07-03,410.5470228894728,416.0789425242107,409.9543118310122,411.880615234375,12879072,,
2024-07-04,413.90568235482743,425.7104030152088,412.17695933783233,413.6587219238281,20654664,,
2024-07-05,419.78336555366565,492.43911452472685,419.38820473471037,485.0796813964844,152345942,,
2024-07-08,501.8235936299102,571.9109757043559,501.8235936299102,559.0196533203125,178360632,,
2024-07-09,579.863055552057,611.4739887337704,527.6556478363613,536.1510620117188,156242236,,
2024-07-10,553.1914086277361,610.8813939304315,550.968764575214,602.5341186523438,211547060,,
2024-07-11,627.2301609843969,635.9725367695092,598.6321289062499,622.34033203125,95328327,,
2024-07-12,620.3646239747457,637.1579338594124,602.7316727130761,619.1298217773438,56153729,,
2024-07-15,629.2551749232478,639.1335921119958,614.6845095698445,618.388916015625,29639356,,
2024-07-16,617.4011159645287,624.1184280476072,597.6442802536637,612.610107421875,29931644,,
2024-07-18,604.5591213686869,618.3889051908463,575.5659915444601,579.0234375,35159677,,
2024-07-19,575.2695883803843,630.1442429070074,563.3661079849827,606.287841796875,73240329,,
2024-07-22,607.5226879449646,623.0318157771343,591.1739187263618,616.5120239257812,34133877,,
2024-07-23,627.0819446853145,631.2308921855249,554.8707352833561,583.1229858398438,57366312,,
2024-07-24,583.9626415719986,599.6199083059211,575.9117076480263,586.531005859375,18166209,,
2024-07-25,582.8265627284378,588.6054121569077,566.6259358506235,568.700439453125,17201205,,
2024-07-26,569.4907395293237,576.4056314230015,543.362314529598,545.6343383789062,21601968,,
2024-07-29,550.7217993764407,600.1632690376293,548.7954958222483,598.928466796875,48942004,,
2024-07-30,607.2263305525601,619.1791915073599,603.5713040504318,606.9793701171875,26215668,,
2024-07-31,606.5348508205398,608.2141938993424,590.7293823952489,594.1868286132812,11846077,,
2024-08-01,597.8912227448048,599.6199458175903,583.8144777235517,588.259765625,9507451,,
2024-08-02,572.9481316028931,586.5309536883066,571.9602899966812,582.6289672851562,11185800,,
2024-08-05,552.9937859803925,568.0089922694341,537.7316192599294,544.1032104492188,21657722,,
2024-08-06,556.7475595310045,568.0089790591453,535.7559233483839,539.4109497070312,13085001,,
2024-08-07,558.4269165385571,562.0325629614292,539.1640028508782,558.9208374023438,13370669,,
2024-08-08,558.1799467430809,575.911717514182,524.9391093437066,531.9033813476562,30489387,,
2024-08-09,531.4588223861134,531.4588223861134,507.75062213097084,511.8501892089844,23773689,,
2024-08-12,517.6290635255332,575.91172525837,516.0485408839062,568.8486328125,61951226,,
2024-08-13,574.627550537451,594.5819656857557,558.1305814690431,562.5264892578125,42007554,,
2024-08-14,565.0454268572764,568.0089518233111,543.4611108052185,547.363037109375,19122889,,
2024-08-16,554.2779171803566,574.8250714190705,554.2779171803566,563.7118530273438,21355519,,
2024-08-19,574.7262958284684,582.8266099233053,564.0576174003514,566.5272216796875,16785488,,
2024-08-20,568.0089483817751,568.799209642649,553.191323641381,554.8706665039062,9499106,,
2024-08-21,553.1913386581878,565.7863200294232,546.2764469249604,557.0439453125,10316563,,
2024-08-22,564.0576293784904,569.7377193415839,560.1062624476428,563.8106689453125,10606181,,
2024-08-23,563.810635154608,587.2718749004196,561.7361917574699,565.7369384765625,26306003,,
2024-08-26,570.478591432978,578.5295255418589,568.5029079994438,570.1822509765625,11254234,,
2024-08-27,572.7506074148748,579.8630797360095,565.0454541890927,569.0955810546875,13076800,,
2024-08-28,572.7506276440672,589.2475967275783,570.3304033273088,571.1701049804688,22101243,,
2024-08-29,576.4056367304904,577.6404388657314,565.6381379939598,572.7506103515625,13756438,,
2024-08-30,576.8995556713154,607.522648523731,573.5903100770738,600.0150756835938,121690785,,
2024-09-02,603.0774196220714,611.9679958327162,586.3828690648513,593.8905029296875,22525336,,
2024-09-03,596.6564207561407,599.0272650882962,589.7415284626093,593.198974609375,9558037,,
2024-09-04,590.7293848280424,593.3965696944099,583.468771857504,585.4938354492188,7537912,,
2024-09-05,588.259759751097,589.5439419622996,573.145793095704,574.7756958007812,7030270,,
2024-09-06,575.1214661174287,577.6898304930759,558.5751171729335,562.625244140625,9015277,,
2024-09-09,562.625263889891,565.2924487078092,546.6222152754583,556.05615234375,8885002,,
2024-09-10,562.9709832478559,571.7627378006727,556.3524321013753,558.5256958007812,7591740,,
2024-09-11,560.8964756954887,560.8964756954887,548.5484550950549,549.9314575195312,4565818,,
2024-09-12,552.9937886934443,555.0682925034072,538.4725031960027,545.2886352539062,6327534,,
2024-09-13,545.7825780511946,556.0561565788007,541.2385300253746,548.5485229492188,6911510,,
2024-09-16,543.3129733568609,547.6100609379981,536.0029201435561,538.6701049804688,4885521,,
2024-09-17,534.4223223362677,536.2004252133386,523.556064395974,524.099365234375,6414408,,
2024-09-18,521.6297948296524,531.8045522264856,520.592573108828,522.173095703125,5345676,,
2024-09-19,524.0500632423257,529.137472516386,495.1063112048052,503.99688720703125,13094055,,
2024-09-20,506.2688404340836,542.3250602893891,499.65028938833154,537.6328125,25018038,,
2024-09-23,539.7253829626138,539.8741601501813,524.6021636880528,529.6101684570312,4782927,,
2024-09-24,525.5938242280284,525.5938242280284,517.7099047590605,521.875,4043522,,
2024-09-25,516.6686087557923,527.8746528478281,511.7101768099594,521.7758178710938,4430623,,
2024-09-26,521.7262029423878,525.0979609917672,513.1977239154666,517.5115356445312,4399204,,
2024-09-27,519.3461884067666,526.5854871413931,518.255297032017,521.97412109375,4343344,,
2024-09-30,517.164446703602,530.5522128215284,512.0572376401146,527.03173828125,4486451,,
2024-10-01,526.0896599096046,529.0647192493385,518.65201156027,520.337890625,2945750,,
2024-10-03,506.70217857806705,514.1398265838286,502.7850051894857,505.26422119140625,3394155,,
2024-10-04,502.78500631906854,506.55340254490716,479.629122756334,489.2980651855469,6487238,,
2024-10-07,486.3230090649466,493.85983182835355,438.6228867251373,447.94476318359375,13067372,,
2024-10-08,439.4658270912283,490.7360266582328,422.9046821817279,483.0008544921875,19576332,,
2024-10-09,489.89308724980873,496.5869705270075,471.0510454325084,476.8524169921875,7833917,,
2024-10-10,478.1912079412107,481.81085735256016,471.2494029415225,476.5549011230469,3384210,,
2024-10-11,471.05102437702317,483.29835706359904,468.0759652756946,471.44769287109375,4345765,,
2024-10-14,472.04274588411596,474.91863051004805,463.36548952595206,466.5884704589844,2873914,,
2024-10-15,467.034709715741,473.0344001700026,462.77044015127643,470.2576904296875,2779345,,
2024-10-16,469.0180846074465,483.19918770811023,466.786790256819,475.61279296875,4889153,,
2024-10-17,484.98424789586244,510.37145741777255,480.9679298654204,485.5296936035156,19634045,,
2024-10-18,479.77787081462156,482.4554362146796,466.1917852193117,473.3319091796875,4706252,,
2024-10-21,473.3318876017562,478.9349397477877,459.15078475692667,461.77874755859375,2924934,,
2024-10-22,456.22533168009994,459.89458359003135,436.34203079162,438.8708190917969,4776339,,
2024-10-23,436.29245961051527,449.1843832781243,417.59916423970856,438.4741516113281,7676464,,
2024-10-24,440.70543139989996,446.1597066158984,432.0281753744479,438.27581787109375,3737733,,
2024-10-25,438.4245735792495,441.8954760591017,410.6573537404318,416.2603759765625,5291153,,
2024-10-28,415.36786007539706,432.87111920944295,404.7568033523448,428.7060241699219,6738378,,
2024-10-29,428.70602330360515,438.32539359436794,423.99551285208196,435.25115966796875,3962720,,
2024-10-30,436.34200646368004,475.067347431785,432.42483316374353,461.48126220703125,14783053,,
2024-10-31,463.1175721745916,475.7120021958078,457.7128689162571,467.8776550292969,6608995,,
2024-11-01,467.0843012190831,472.9848474907736,464.1092419756494,467.03472900390625,1408627,,
2024-11-04,465.39844196919194,465.39844196919194,439.8129434948795,442.4905090332031,5262254,,
2024-11-05,448.29183102760186,453.20069087899356,437.6808045635915,447.1513977050781,7278500,,
2024-11-06,462.125864591623,468.57182622219284,456.6715893657562,465.7455139160156,6251705,,
2024-11-07,471.0510375752905,482.65378050111286,469.3651585984216,473.8773498535156,8328110,,
2024-11-08,440.3087786115487,453.5973708321866,439.6145859991813,444.2259521484375,8178730,,
2024-11-11,441.30044698064364,442.29213337835296,425.63181400238335,432.9206848144531,4899446,,
2024-11-12,440.30873859704485,447.10179613493005,428.4085024187463,434.0611267089844,3668960,,
2024-11-13,428.65643249625936,448.09349135857957,414.5249017546244,416.3595275878906,5236303,,
2024-11-14,416.0620233870874,424.8880566933655,412.64072341300516,416.012451171875,3814197,,
2024-11-18,415.1695122439145,424.29303938189804,406.09558758508,412.7398986816406,4451811,,
2024-11-19,417.0041407230763,431.43316606704343,416.0124543004293,428.5572814941406,5166306,,
2024-11-21,424.1442667456324,428.2101565958546,416.50826969566555,418.3428955078125,3599338,,
2024-11-22,418.3429110174647,420.62377761624117,413.2357321453402,416.7066345214844,2708144,,
2024-11-25,447.7959888379135,459.05163570722624,430.39190435048585,434.45782470703125,12098123,,
2024-11-26,436.6395190853866,440.2095962539616,428.60688328592767,430.39190673828125,3718972,,
2024-11-27,431.3835950582636,443.0854827726877,427.9126925692891,435.74700927734375,5527098,,
2024-11-28,438.0774802303435,447.052230311745,436.39160119465123,439.6641845703125,4500271,,
2024-11-29,440.65586654798807,440.85418567356305,430.39190605361335,432.2265319824219,3572568,,
2024-12-02,433.86280541494483,443.38300102653767,431.4331615990741,433.4165344238281,4210283,,
2024-12-03,433.912368389639,440.8046009144328,432.5240134946504,434.1107177734375,3199416,,
2024-12-04,438.77167033564524,447.84559506105086,435.35034006783377,437.5816345214844,5016587,,
2024-12-05,439.01958701995324,441.30045366367915,434.85449198095125,439.56500244140625,2835893,,
2024-12-06,439.3170926015069,464.10925358353325,437.3337197229448,460.8367004394531,11669884,,
2024-12-09,461.82837609870825,470.70395136477845,459.20038288486154,466.6380310058594,5838413,,
2024-12-10,466.09263409084934,466.3901279219555,451.76275270314693,454.78741455078125,3950300,,
2024-12-11,451.86190815451204,478.4886944036328,451.86190815451204,470.3072814941406,11348824,,
2024-12-12,470.05935516842857,475.01778718497314,462.6217071436116,467.58013916015625,4205765,,
2024-12-13,464.75382908877845,467.4809667109683,452.45692368149594,462.0762939453125,3244183,,
2024-12-16,464.0100355099737,472.04270097000955,462.91917447596734,465.993408203125,2797117,,
2024-12-17,468.5718333499074,477.992854337895,461.38210680644323,464.40673828125,4245937,,
2024-12-18,462.96881911014725,463.0183913264439,449.9777207342471,453.64697265625,2378913,,
2024-12-19,434.8545094492545,446.25890365373897,434.3586662229726,444.7218017578125,2481062,,
2024-12-20,447.7959813185754,449.82895659464447,426.47472374218603,429.64813232421875,2977111,,
2024-12-23,434.0611385934472,438.3253779018782,422.06172739901615,426.0284729003906,2428886,,
2024-12-24,426.4251705829766,431.28442810196236,423.1030149454285,424.9872131347656,1588615,,
2024-12-26,426.1772321320905,429.30103825201303,421.71464331395345,424.144287109375,1428368,,
2024-12-27,424.14429602064956,428.9043787544582,420.5742188383591,422.01214599609375,1604621,,
2024-12-30,421.4667232072772,425.9293120412366,401.0379771590451,404.9055480957031,3813743,,
2024-12-31,410.5581682927065,436.0445207971001,409.9135781875325,419.18585205078125,12688227,,
2025-01-01,422.11131080030754,429.05311561170555,417.8966435933873,424.54095458984375,2926296,,
2025-01-02,426.5738997298584,429.1027182130554,420.7229560113485,425.9788818359375,2481062,,
2025-01-03,426.82184187731025,435.8461946219143,426.42517335022336,428.5077209472656,2543156,,
2025-01-06,430.9869416894971,431.1852608232312,405.0047443246716,407.0377197265625,4405141,,
2025-01-07,407.5831284833691,415.4670478187043,407.5831284833691,412.6903076171875,2593957,,
2025-01-08,416.5082918395893,420.1775436589612,409.12021598593526,413.9299011230469,2899992,,
2025-01-09,412.541540576182,415.4174250706945,405.59973580687125,406.888916015625,1712306,,
2025-01-10,401.63301714959135,404.11223330483574,387.74940668022276,390.0302734375,4129451,,
2025-01-13,378.7746247168981,380.65882278498236,352.54450787625456,354.9741516113281,8523323,,
2025-01-14,357.9491963121588,375.7995504213679,357.60210004059553,373.6178283691406,6050286,,
2025-01-15,376.9400070981995,383.7826372127858,367.46938380969283,368.80816650390625,3567908,,
2025-01-16,388.59233642821897,411.8473652197619,382.6422178056525,407.73187255859375,23382354,,
2025-01-17,406.5914505690734,434.1603221850385,403.6163911746655,422.8551025390625,24210278,,
2025-01-20,425.6317995991235,433.81321210336864,412.64070217597316,428.0118408203125,9464708,,
2025-01-21,429.40022652312337,432.077792004219,413.2853219480639,415.7149658203125,7758398,,
2025-01-22,417.0041430978214,419.48335916855757,395.3357885868138,404.6080627441406,5563380,,
2025-01-23,404.60805629032575,423.3509234333541,402.1784124742118,414.97119140625,6083832,,
2025-01-24,416.4587302244084,419.4833617437272,405.20308314139527,406.69061279296875,3895985,,
2025-01-27,396.7737217964402,401.8809005376682,386.9560328083179,397.5174865722656,5467340,,
2025-01-28,403.61636570187994,410.55817051739143,381.9976142391198,404.2609558105469,8736571,,
2025-01-29,406.59140733742066,427.3672486715499,404.65760683112313,424.09466552734375,7673095,,
2025-01-30,429.4001905095989,440.8045835600847,425.6813666887882,433.26776123046875,10326411,,
2025-01-31,437.18494600240484,477.49699123454144,432.62318260865777,472.3402099609375,23858116,,
2025-02-01,480.96789400056286,497.62821306864396,424.6401197571776,429.94561767578125,46000882,,
2025-02-03,411.69859729298463,416.4091076287484,394.69118181768437,403.7651062011719,22386317,,
2025-02-04,412.5415507002529,417.79747662045423,391.4186420608111,396.77374267578125,15907300,,
2025-02-05,408.17813635795386,412.8390443717283,400.64131351626054,402.92218017578125,10360639,,
2025-02-06,403.02137446997665,408.27733090775337,398.36046622953603,399.69921875,4336358,,
2025-02-07,397.66623200714287,399.649604735358,390.47650586736285,391.76568603515625,4897511,,
2025-02-10,391.8152909786982,395.78203646010473,375.5020380808676,378.2787780761719,6239370,,
2025-02-11,379.81589773381995,382.54303538073384,363.9489150608666,366.4281311035156,5917977,,
2025-02-12,364.8910504192531,374.0145478268672,339.1567742989189,368.5602722167969,14383719,,
2025-02-13,371.88239757622995,384.1793028033106,363.0067922485305,376.1466369628906,9279991,,
2025-02-14,376.8408311126333,378.77463169362653,354.0320439663423,356.9079284667969,6918593,,
2025-02-17,337.173383504129,351.85033044523215,329.7853075541531,339.60302734375,13437460,,
2025-02-18,339.60302679545566,340.3963638262844,322.4468335630061,330.57867431640625,8430180,,
2025-02-19,329.2398712374442,381.05548350297573,326.56230596219575,373.7170104980469,55921698,,
2025-02-20,368.3123188900587,381.05549504384277,358.6929790732967,378.3779296875,27929863,,
2025-02-21,374.014505276826,389.7327401631512,364.0480694469025,368.6098327636719,20755098,,
2025-02-24,361.91595637340004,366.32894260470044,356.1145849994404,361.1225891113281,10785069,,
2025-02-25,360.1309310308103,367.8165010773414,357.7013173679702,360.47802734375,7546931,,
2025-02-27,360.03172380985626,361.6680305282083,344.51183820286894,347.1398010253906,5933298,,
2025-02-28,341.09056268710276,347.23900044855395,325.27315188472215,329.6365661621094,12212186,,
2025-03-03,330.67784621572997,339.156752933521,307.72028156483765,320.90972900390625,16542018,,
2025-03-04,316.79425637698705,336.47920868424507,315.4058711016247,323.43853759765625,15287648,,
2025-03-05,330.6282469713029,348.47860256348457,327.55401301098686,333.4545593261719,28399265,,
2025-03-06,338.1650433719398,343.6193182650356,330.72739579044554,334.74371337890625,12571655,,
2025-03-07,337.17335914622987,347.73481272553715,332.21492739407944,338.660888671875,18401980,,
2025-03-10,340.1484168768292,346.0985349563072,331.17366754582935,332.90911865234375,6498796,,
2025-03-11,323.3393291697717,330.6778325265091,319.3725836856396,327.9010925292969,8033534,,
2025-03-12,337.1733634730671,339.1567361993793,326.2648134783503,330.529052734375,8658207,,
2025-03-13,333.2066473186368,333.5537436290341,324.8268847076057,326.6119384765625,5491120,,
2025-03-17,327.7523664710829,331.42161838281174,322.6451873882254,325.71942138671875,5347960,,
2025-03-18,325.71942138671875,325.71942138671875,325.71942138671875,325.71942138671875,0,,
2025-03-19,331.81828551716575,358.94091542932705,331.2232676064165,350.70989990234375,22821539,,
2025-03-20,354.5278920351337,363.70099133953926,348.57777356741116,354.924560546875,13396119,,
2025-03-21,357.2054529247135,370.89071312151117,349.619027763407,358.34588623046875,17632927,,
2025-03-24,361.9655559160407,376.59293112086704,361.61845960416935,368.4610900878906,15714495,,
2025-03-25,375.8491382688116,380.7579979586079,362.41179991646277,367.27105712890625,12419010,,
2025-03-26,368.6098640085147,368.7090084419996,357.25504209858474,359.1888427734375,6826431,,
2025-03-27,351.0569785093086,359.48631273905187,350.3627859377831,351.7015686035156,7997212,,
2025-03-28,353.9825033728891,364.1472898569632,347.5861134310214,348.9248962402344,7134693,,
2025-04-01,348.5282053307146,353.0403664480285,343.718520128298,347.1894226074219,5049493,,
2025-04-02,347.6852639724918,356.9575380274027,339.1567547305865,355.56915283203125,7026372,,
2025-04-03,348.0819297085378,361.9655394405023,348.0819297085378,356.7591857910156,6036464,,
2025-04-04,354.9741820108412,357.7013197877362,341.2888906448286,347.38775634765625,5639050,,
2025-04-07,302.4643663344661,337.1733919794048,302.4643663344661,333.1570739746094,8638161,,
2025-04-08,344.9581154864049,346.0489765639791,335.98333553313194,341.4872131347656,4587642,,
2025-04-09,340.99136308404053,344.11516908492007,333.25619126905696,334.8428955078125,3740535,,
2025-04-11,342.1318097691151,345.4539652790669,337.3717271300482,343.4209899902344,5038895,,
2025-04-15,348.08193081881336,358.9904813572947,347.1398166213066,357.8004455566406,6028677,,
2025-04-16,358.9904700014816,366.62646724241887,356.16415776223255,363.99847412109375,6672237,,
2025-04-17,361.9655352574096,371.13863443859054,359.3871445699259,367.76690673828125,6203259,,
2025-04-21,368.90734487053237,374.361620130715,365.2380930444989,371.9319763183594,5196338,,
2025-04-22,373.86576077842847,379.27046359018834,368.90732893786577,370.6923522949219,5066546,,
2025-04-23,372.8740818914206,374.1632620902857,362.46137481732507,370.7915344238281,5191977,,
2025-04-24,370.79156036524364,380.8075996376536,366.9239892341975,368.0644226074219,7078638,,
2025-04-25,369.40315641474905,369.8989995777219,351.9494710253329,358.1971130371094,6857970,,
2025-04-28,353.5361751996189,362.41177992237834,351.2057062808737,358.1971130371094,4768768,,
2025-04-29,359.63506102663064,363.8497281577142,356.0649839922335,357.453369140625,3130264,,
2025-04-30,357.0071205939918,357.0071205939918,342.2309985999586,346.89190673828125,3009130,,
2025-05-02,346.89188624040054,362.61012153497853,346.7927418127444,349.0736083984375,8305588,,
2025-05-05,352.1478395800487,355.9658381957057,349.71819584357604,351.7015686035156,3179424,,
2025-05-06,352.04867399755716,353.48663139126313,336.47918532366754,338.7104797363281,3591336,,
2025-05-07,326.46318082380526,339.7021702894691,326.31440365005085,337.1238098144531,6171128,,
2025-05-08,340.39634501720565,343.32183190148703,326.26481430636755,328.6944580078125,3395213,,
2025-05-09,317.3396757505024,324.5789749980128,314.8604595337016,320.4139099121094,5304658,,
2025-05-12,335.1900143465299,359.88300047490594,334.198327913552,356.4617004394531,13898275,,
2025-05-13,357.0070908819576,357.9987772455186,350.5611295188112,354.08160400390625,5621942,,
2025-05-14,356.01542316536387,373.66742925575966,354.52789354211023,369.70068359375,15252942,,
2025-05-15,369.7006790800843,378.8242060968646,368.262751953482,373.12200927734375,8996131,,
2025-05-16,377.3366823444265,414.0290798391539,375.2045625968307,406.19476318359375,45361621,,
2025-05-19,413.53320666121994,435.25113160576274,412.54152031431056,427.91265869140625,26550311,,
2025-05-20,436.3420139381625,444.07715571606496,407.8806022871037,411.59942626953125,18449682,,
2025-05-21,412.54153242165967,416.40910323533944,401.63298228551,408.6243591308594,13428123,,
2025-05-22,401.63298816838983,417.4007957251903,398.1620858015025,401.5338134765625,10405435,,
2025-05-23,403.56680034876575,403.7651194742604,391.7657077506601,395.3357849121094,7734773,,
2025-05-26,394.8895270341641,415.0207483616937,391.9640401193774,408.6243591308594,15111176,,
2025-05-27,410.50859467739144,417.499971645722,404.112205334042,411.9961242675781,10198617,,
2025-05-28,415.5166200353568,420.9708954773484,410.5581878153645,412.6903076171875,11712050,,
2025-05-29,414.5249097811793,416.8057763658161,407.78145445487905,414.62408447265625,7435876,,
2025-05-30,417.49997268430235,423.8467595654471,398.9554249749635,402.17840576171875,12948296,,
2025-06-02,403.6163866121955,407.9798009552293,397.6662678906398,403.5172119140625,7238002,,
2025-06-03,405.55018371826634,409.9135980227391,399.25296874083006,400.3934020996094,6074713,,
2025-06-04,401.73216673841137,431.185234663437,399.153776045345,426.3755798339844,41141370,,
2025-06-05,430.39188689912925,433.26777133485245,421.4667095210367,426.0284729003906,14651361,,
2025-06-06,426.72267187081206,429.40023741985533,415.1199584406524,425.0863952636719,12394179,,
2025-06-09,428.4085356199334,439.11873690488454,425.433476344795,428.1606140136719,14101653,,
2025-06-10,430.4414895716677,434.1107415256329,420.5246251164848,423.1526184082031,8608022,,
2025-06-11,424.88805910532955,432.0777856562653,419.13625970626026,424.2434387207031,10010848,,
2025-06-12,425.63181057114707,429.40020674651663,406.8889135944435,409.51690673828125,9928984,,
2025-06-13,397.86459452910145,408.57479550973204,397.1704019457468,403.6163635253906,7028426,,
2025-06-16,403.6163650531326,409.1202124710375,393.7986757397488,406.0955810546875,7942903,,
2025-06-17,406.5914267883937,410.012756997404,395.58370162012955,397.31915283203125,7031078,,
2025-06-18,397.66625186785984,400.9388049273101,392.1128018987272,394.6911926269531,6046355,,
2025-06-19,394.2449111143226,397.0216511567217,376.98957403031886,378.7746276855469,8538943,,
2025-06-20,379.36962831910193,389.48484192074477,376.94001474551726,387.35272216796875,7771739,,
2025-06-23,383.23722752854184,391.9640558828792,381.2538546967499,388.14605712890625,5548703,,
2025-06-24,393.9970000318612,400.04629320781163,392.707819799682,394.6911926269531,8104800,,
2025-06-25,396.6745466813891,401.5338038254628,394.2449029774191,396.07952880859375,4643329,,
2025-06-26,398.1621026508858,402.1288483809071,394.9391217452435,396.2283020019531,4519908,,
2025-06-27,398.2116474018556,402.128820645627,390.72442745838975,391.76568603515625,7343095,,
2025-06-30,395.68285691791345,400.64128870886475,392.7077978433427,394.3936767578125,5938964,,
2025-07-01,396.27787536229727,398.50916967147253,389.83191402467986,392.5590515136719,3812592,,
2025-07-02,393.50114305455895,395.4845158124224,386.261844593904,389.3856506347656,4124336,,
2025-07-03,390.62529425808907,391.9640770446016,385.3693680756257,387.4023132324219,3403586,,
2025-07-04,388.0468824345431,391.021941682231,385.41891948519236,388.14605712890625,2929965,,
2025-07-07,390.1294233919516,392.2119708830421,385.5676599028647,386.2122802734375,4375527,,
2025-07-08,386.7576759012674,389.1873195605524,381.0059071857179,383.2867736816406,3385531,,
2025-07-09,384.575972613317,388.93941697078253,380.9067511030973,381.8984375,4088303,,
2025-07-10,383.08844404774703,387.7493822312656,380.36130644893376,381.50177001953125,3357263,,
2025-07-11,381.7000926445861,382.295110542562,376.44416678417826,378.47711181640625,3193808,,
2025-07-14,380.4109145985418,382.1463658236594,377.4854275706537,379.1217041015625,3360937,,
2025-07-15,382.79094236036644,388.1956452324001,378.8241968436787,379.9646301269531,9228521,,
2025-07-16,380.9067706368405,382.44387252531885,377.93171129356483,380.1134033203125,3200132,,
2025-07-17,380.807566215022,381.5513309927857,377.83250710396715,378.2787780761719,1895697,,
2025-07-18,378.3283596444637,379.4192207315986,371.78322338552135,372.87408447265625,2713502,,
2025-07-21,373.2211907181671,376.8408401032272,369.9982098488632,375.0558166503906,3246863,,
2025-07-22,376.8408432672935,376.9400179630322,368.46108083119725,369.1552734375,2494508,,
2025-07-23,369.99818282149005,372.3286517941412,363.948890040523,370.59320068359375,4443972,,
2025-07-24,370.98989172237765,375.8491490745255,369.1056935977327,373.7666015625,3184740,,
2025-07-25,372.7749044917426,372.7749044917426,360.52757163603025,362.560546875,3472092,,
2025-07-28,360.8251117213371,365.188525937745,350.26365734984194,351.5032653808594,3438508,,
2025-07-29,351.05698578347744,358.9904769876238,349.07361298244086,356.5112609863281,4192933,,
2025-07-30,357.1558614072706,359.18883674535846,353.5362119936298,355.42041015625,2041969,,
2025-07-31,350.0653003428505,352.34616696474995,342.1318091169502,345.255615234375,3934940,,
2025-08-01,346.44566556460205,347.48692422615756,340.4459444148781,342.5780944824219,3149891,,
2025-08-04,343.5697736465517,351.0569940410322,341.48722610370424,350.0653076171875,3431280,,
2025-08-05,350.0652766287689,354.32951576827577,347.0902176205924,348.6273193359375,2551146,,
2025-08-06,349.0736232162211,351.50326707426757,341.63597499428454,343.1235046386719,2282901,,
2025-08-07,338.3633981281609,345.1068532704275,334.39665268827093,343.61932373046875,2924832,,
2025-08-08,343.91684992589865,343.91684992589865,332.21496188158727,333.8016662597656,2140972,,
2025-08-11,334.8925354236506,343.8177137175888,331.61995189088486,339.6526184082031,3610633,,
2025-08-12,339.9005068400316,343.6193307660713,317.63713549726043,326.7110900878906,5392512,,
2025-08-13,320.46344374959665,331.0744999921859,313.86873545551623,323.5872497558594,9107823,,
2025-08-14,326.760679292463,331.07452132375624,319.3230310536361,321.40557861328125,5292079,,
2025-08-18,327.2565308844877,328.000295727407,319.8684546726085,321.1080627441406,4633408,,
2025-08-19,322.298100265631,325.7690028838762,318.82719764738573,325.0252380371094,3483785,,
2025-08-20,326.1160953024859,329.2399015688139,321.80225319000033,328.04986572265625,4059829,,
2025-08-21,328.96696533624635,333.3531854563205,326.0760496040642,327.6211853027344,5454040,,
2025-08-22,326.77385156866325,326.77385156866325,322.0885825748926,322.7365417480469,3877289,,
2025-08-25,324.4312196117867,325.92652399391744,319.99513777598054,320.6430969238281,2419995,,
2025-08-26,320.64309487421565,321.4406087928149,310.52487470421767,311.72113037109375,5319362,,
2025-08-28,315.01080528934455,317.154068924467,306.03897855642015,307.6838073730469,7594499,,
2025-08-29,307.4345718638476,308.03269969523774,300.8053952525501,301.6527404785156,4853561,,
2025-09-01,302.0016734047683,316.5061146803562,300.65589328943446,314.7117614746094,5644181,,
2025-09-02,317.0045374952375,338.4372342126828,315.0107982657077,330.8111877441406,20277592,,
2025-09-03,330.96071468408974,336.39366629576466,327.57136405185474,333.5525817871094,9498144,,
2025-09-04,332.9046317384497,333.9513327019803,324.1321605664827,325.9265441894531,6377015,,
2025-09-05,325.67730582102286,330.01366418123496,324.0324466669612,328.36883544921875,4541584,,
2025-09-08,329.81431516260756,336.1444432438327,328.0199316189439,331.16009521484375,4123272,,
2025-09-09,332.1569805283146,334.7986790241952,328.46855064361887,331.3594665527344,3863086,,
2025-09-10,332.30649591783254,338.4870693459221,331.6585367453295,332.40618896484375,5814933,,
2025-09-11,336.74255911133025,336.84225216177896,330.56198547013344,334.1008605957031,6896258,,
2025-09-12,334.3500658228021,338.83597913103836,333.3531961987496,337.0416259765625,5594449,,
2025-09-15,338.9356593660007,354.38713795474484,338.2378384867231,346.1629638671875,18797234,,
2025-09-16,347.55859668256926,355.58341560200785,343.2720693650896,353.7890319824219,10201112,,
2025-09-17,354.88560052387385,368.69225146012514,354.48685874252624,359.6705627441406,17573057,,
2025-09-18,361.7141448236334,363.55835969037025,355.2344923451851,361.365234375,7379618,,
2025-09-19,360.76712016658445,366.5489823884666,360.01946792925855,362.3122863769531,6433354,,
2025-09-22,361.31539455050734,366.8480085983214,356.08182921044977,357.7764892578125,5537194,,
2025-09-23,360.8668111700137,363.85742010236186,353.44012015253014,356.4805908203125,6674464,,
2025-09-24,355.732918930892,355.83261197420444,345.9137473945063,346.56170654296875,3858578,,
2025-09-25,344.5181410556793,354.78588580296065,343.92001320916717,345.46514892578125,4137205,,
2025-09-26,345.8639352948742,346.6115875281774,335.4964666554322,336.7425537109375,3434829,,
2025-09-29,338.93567655457656,347.25954410731157,337.93880691765133,340.58050537109375,3972955,,
2025-09-30,342.22534453486173,342.8234724195108,334.99803944863487,338.3874206542969,4677413,,
2025-10-01,337.98864073262394,344.667679518283,337.4902059104717,343.3218994140625,3430563,,
2025-10-03,343.1723697372894,346.6115821256975,341.42784788677307,345.9635925292969,3140339,,
2025-10-06,346.21280512571985,348.7049791632561,342.47454406941546,345.5150146484375,2559353,,
2025-10-07,346.01345709051765,355.0351151366377,345.91376404240725,353.73919677734375,7443017,,
2025-10-08,356.0818345407445,356.2811902082179,343.32188536265505,345.46514892578125,8765182,,
2025-10-09,343.42159246290237,346.2128152981361,340.13193480551644,343.3218994140625,4026015,,
2025-10-10,343.82032867914546,346.9106306109512,340.2814536678812,340.9294128417969,3046643,,
2025-10-13,337.6895761165461,339.4340979119822,334.99801603476936,338.08831787109375,2891506,,
2025-10-14,337.4403673856555,340.0820658021974,330.7114974304024,332.0074157714844,3285293,,
2025-10-15,332.05728650498605,339.3842845170186,332.05728650498605,337.5400695800781,3209510,,
2025-10-16,337.6397451306918,340.77987828109184,334.44975024714654,334.9980163574219,3202695,,
2025-10-17,333.95133584915106,334.44977067877664,327.7707317929746,330.61181640625,3682969,,
2025-10-20,332.1569571904272,335.0478728964223,327.3719649392896,327.9700927734375,4963362,,
2025-10-21,329.5651124510381,332.2566422534355,329.5651124510381,330.9607238769531,861044,,
2025-10-23,332.9544545858313,334.05101725719993,327.9701064632889,328.9171447753906,2981997,,
2025-10-24,329.9140055686107,332.40617956317027,327.023059397285,328.418701171875,2336043,,
2025-10-27,328.96697998046875,331.8080645283458,327.7707242480846,328.96697998046875,2248942,,
2025-10-28,331.6086796209197,333.15384581595845,326.2754209631644,327.8205871582031,4632729,,
2025-10-29,327.42184672328335,332.95446107837154,326.2255909817278,331.7083740234375,3978096,,
2025-10-30,331.9077573058418,336.244115882594,329.4654145300679,330.5121154785156,3002069,,
2025-10-31,330.46228159929194,331.70836863398006,327.371979668856,327.7707214355469,2081372,,
2025-11-03,327.37197189094314,330.5121050593426,326.6741814213244,327.6710510253906,2313547,,
2025-11-04,328.6180750989082,329.31589602497985,323.28481636978233,324.7801208496094,1993561,,
2025-11-06,324.8797950711873,326.42496119735483,316.30671046594927,316.8051452636719,3610101,,
2025-11-07,316.7054983944509,318.7989003113735,313.0170685390257,317.0045471191406,3577541,,
2025-11-10,317.303583263727,319.84561901099477,314.5621918485856,314.9111022949219,2271236,,
2025-11-11,316.5060926627963,319.2973153269098,314.06375001516284,316.75531005859375,2711458,,
2025-11-12,313.01706099955845,319.49671353617356,307.03584327345226,315.3597106933594,7164298,,
2025-11-13,315.0606228628771,319.89544647585365,313.01705236498134,313.31610107421875,3602435,,
2025-11-14,313.3659746347155,324.2318475297823,313.31611289993015,320.04498291015625,7162206,,
2025-11-17,321.63999028147884,334.59929588431953,320.39390320428265,325.97637939453125,13111023,,
2025-11-18,325.97638146667174,326.37512324949967,319.2973425216241,320.1945495605469,3136355,,
2025-11-19,319.89544883150427,321.19139756584957,315.50922867213023,319.1477966308594,2950970,,
2025-11-20,319.44688482004835,323.1352841945611,317.104235107209,318.1011047363281,2390778,,
2025-11-21,318.05123871658,318.05123871658,312.61831756430576,313.0170593261719,2555681,,
2025-11-24,315.9079737853567,328.9171404680589,311.6214466249231,323.8330993652344,9809535,,
2025-11-25,322.5371498352933,324.9794925462539,314.2133129374664,321.8891906738281,10977583,,
2025-11-26,318.74905160686455,323.882923914247,316.90483677977306,322.5870056152344,5359842,,
2025-11-27,325.7769837730155,328.6679300452654,320.5932799365939,323.5340270996094,4946518,,
2025-11-28,321.9888865547425,323.7832396979937,320.4935821280177,323.08544921875,3243378,,
2025-12-01,322.7863604538064,326.47479009854715,319.5465342925231,320.6430969238281,3356315,,
2025-12-02,318.9982784783296,319.3970202420182,315.5590661196665,316.90484619140625,2598203,,
2025-12-03,316.45626995182926,317.8020195880687,310.07628010840784,310.6744079589844,3009610,,
2025-12-04,312.2694033530066,315.40953652019186,309.727398032439,311.42205810546875,4042661,,
2025-12-05,311.3223652805522,311.42205832539986,306.8863137942675,309.8769226074219,3104280,,
2025-12-08,309.47819518010067,310.57472745806075,300.70572400208795,306.1885070800781,3969397,,
2025-12-09,303.04835284135527,312.7179999528087,300.25713018137145,311.72113037109375,4741731,,
2025-12-10,311.0731470773213,314.01392457149177,306.58723386915716,307.9330139160156,2160269,,
2025-12-11,307.7834814236592,315.0107858457532,306.2881770604674,310.9236145019531,3663101,,
2025-12-12,312.36909229243713,314.16344538666164,310.0762739808773,312.9173583984375,1953253,,
2025-12-15,311.02331429968075,313.4656569814293,310.7242655893648,312.1697082519531,1474329,,
2025-12-16,311.5715907704561,311.62145250519745,307.0358461215698,308.43145751953125,1438292,,
2025-12-17,308.5311340381694,309.92674536136434,305.0420905191594,306.2881774902344,1877813,,
2025-12-18,305.9891486944533,306.1885043695688,302.25088753800725,304.9922790527344,2042006,,
2025-12-19,307.7336704428884,319.69610613867343,305.69006942496355,318.15093994140625,5025216,,
2025-12-22,319.04809846268,334.449745717443,318.101090610299,331.4591369628906,13224486,,
2025-12-23,333.1538304011806,348.4059230167882,331.95757471985826,340.7798767089844,20825008,,
2025-12-24,342.8733065920201,348.3062275875396,336.94192038099214,344.6178283691406,12510973,,
2025-12-26,345.6147223411193,391.5703892032015,344.76737704803816,386.735595703125,102998642,,
2025-12-29,393.7136700798905,399.44567041661327,364.7545892559152,366.44927978515625,38027612,,
2025-12-30,368.74207786259944,371.8822111791985,356.9790281482751,359.22198486328125,23158835,,
2025-12-31,359.37150972017963,365.10351022195783,354.9852893336632,356.1316833496094,13232939,,
2026-01-01,358.07558966438864,364.2561632276205,354.3871597986498,360.3683776855469,7782539,,
2026-01-02,362.36212315254375,367.29664016209216,359.5210385234719,364.70477294921875,7088047,,
2026-01-05,364.9041135118671,371.7326765172235,357.3279287109353,359.86993408203125,6255317,,
2026-01-06,360.7671119863414,366.5988053896617,353.2905897826093,357.1783752441406,5660162,,
2026-01-07,357.6768003204708,364.7545805650638,355.1347950092231,356.28118896484375,7777810,,
2026-01-08,356.28121226323475,359.62073172611275,339.93255583812737,341.4776916503906,8367219,,
2026-01-09,342.92314439443925,349.2532724756644,329.2660186261911,331.16009521484375,10019235,,
2026-01-12,332.4062000461308,332.8547731395652,322.08859298847136,330.61181640625,9252024,,
2026-01-13,332.9544435976582,336.5930115226247,324.03244858393265,329.1663513183594,7141388,,
2026-01-14,328.46852666034846,340.82970336983414,326.9732222901192,337.240966796875,10947879,,
2026-01-15,337.240966796875,337.240966796875,337.240966796875,337.240966796875,0,,
2026-01-16,339.93255419340124,343.8702015207656,332.4560317404672,334.1008605957031,6964569,,
2026-01-19,331.9077682258632,336.64289915023915,328.76760443311235,330.2629089355469,5086365,,
2026-01-20,330.2628987775882,330.5121161869954,317.95158309051067,319.2973327636719,7883696,,
2026-01-21,317.00453740847735,323.1352794531943,312.81767285879215,316.10736083984375,8128372,,
2026-01-22,321.5901335272995,329.4653971477845,318.350307382881,327.9700927734375,7930048,,
2026-01-23,329.9638342993557,333.7519265726449,322.3876193307318,324.13214111328125,6752882,,
2026-01-27,326.873556534336,327.2722983152741,320.0449932558477,322.8860778808594,6925291,,
2026-01-28,327.37198824154854,343.12254702568487,325.4779419836337,341.4278564453125,12410845,,
2026-01-29,347.45888379202916,351.6955795539962,330.1632207249298,340.3811340332031,27044493,,
2026-01-30,336.8422294446465,343.82031659677256,330.7613188419561,342.32501220703125,14048559,,
2026-02-02,318.9982670779796,324.4810497933824,311.0731417114429,321.78948974609375,15366228,,
2026-02-03,333.3532071820938,337.9388136882315,321.9888991778725,323.63372802734375,9101195,,
2026-02-04,322.68670784524784,322.88606351582376,317.75219106228553,319.9951477050781,7624858,,
2026-02-05,319.9951373334365,323.185132179722,315.0107893998939,315.6089172363281,5886319,,
2026-02-06,314.26315425639564,315.26002389717723,309.5280234626831,313.11676025390625,6474773,,
2026-02-09,314.0139402565381,321.49046264359856,313.5155054307341,316.25689697265625,6233149,,
2026-02-10,318.0014087093124,323.7832403352086,315.55906597203665,318.45001220703125,9489579,,
2026-02-11,316.5,319.29998779296875,313.20001220703125,316.54998779296875,5142291,,
2026-02-12,315.8999938964844,315.8999938964844,309.1000061035156,313.70001220703125,9189505,,
2026-02-13,309.95001220703125,311.45001220703125,306.0,308.95001220703125,8168629,,
2026-02-16,306.5,311.8999938964844,304.1000061035156,309.6499938964844,5843907,,
2026-02-17,308.95001220703125,311.70001220703125,307.20001220703125,308.75,4740580,,
2026-02-18,308.79998779296875,311.5,306.79998779296875,309.6499938964844,5539696,,
2026-02-19,310.8999938964844,314.45001220703125,305.0,306.8500061035156,8070615,,
2026-02-20,305.5,313.8999938964844,303.0,312.1000061035156,9829650,,
2026-02-23,313.0,320.8999938964844,310.0,319.20001220703125,8267917,,
2026-02-24,318.29998779296875,322.5,313.8500061035156,321.6499938964844,6655071,,
2026-02-25,324.0,324.0,315.0,317.6000061035156,6473531,,
2026-02-26,319.0,321.0,316.29998779296875,318.29998779296875,6016159,,
2026-02-27,318.29998779296875,320.8999938964844,314.0,316.3500061035156,5445951,,
2026-03-02,295.79998779296875,307.95001220703125,295.20001220703125,299.45001220703125,9578303,,
2026-03-04,293.8999938964844,294.6499938964844,271.25,282.04998779296875,9465512,,
2026-03-05,283.29998779296875,287.3999938964844,275.1000061035156,279.25,8717645,,
2026-03-06,279.25,298.3999938964844,278.75,286.0,19912627,,
2026-03-09,280.8999938964844,281.70001220703125,272.79998779296875,276.20001220703125,6579815,,
2026-03-10,281.8999938964844,285.0,278.0,283.6000061035156,5919804,,
2026-03-11,285.0,288.8999938964844,275.5,277.20001220703125,6071568,,
2026-03-12,275.70001220703125,284.3500061035156,270.95001220703125,279.6000061035156,6945305,,
2026-03-13,278.0,280.3500061035156,270.3500061035156,271.25,4564446,,
2026-03-16,271.25,271.8999938964844,260.70001220703125,266.70001220703125,6663574,,
2026-03-17,270.0,271.79998779296875,263.54998779296875,267.79998779296875,5878865,,
2026-03-18,268.0,277.45001220703125,268.0,275.1000061035156,5660387,,
2026-03-19,268.70001220703125,270.0,261.25,262.3500061035156,5522133,,
2026-03-20,265.45001220703125,270.54998779296875,262.8999938964844,264.54998779296875,4440790,,
2026-03-23,260.70001220703125,260.75,249.10000610351562,250.25,6637313,,
2026-03-24,259.0,261.5,254.60000610351562,258.45001220703125,7204605,,
2026-03-25,262.95001220703125,273.3999938964844,261.29998779296875,268.8500061035156,9706528,,
2026-03-27,266.29998779296875,268.20001220703125,261.6000061035156,264.04998779296875,8339136,2735765.0,32.81
2026-03-30,260.0,261.1000061035156,248.0,249.64999389648438,9646699,3474182.0,36.01
2026-04-01,259.8999938964844,265.25,257.0,262.6099853515625,6682134,1320808.0,19.77
2026-04-02,256.0199890136719,262.2300109863281,251.0,260.6600036621094,6288152,1118090.0,17.78
2026-04-06,261.8999938964844,266.3699951171875,253.67999267578125,261.54998779296875,8409559,1263021.0,15.02
2026-04-07,259.54998779296875,263.8999938964844,256.8399963378906,261.260009765625,6242256,992971.0,15.91
2026-04-08,275.0,276.4800109863281,271.1499938964844,274.94000244140625,7152702,2157615.0,30.17
2026-04-09,275.5400085449219,277.05999755859375,268.6300048828125,272.8299865722656,7863358,1461146.0,18.58
2026-04-10,274.010009765625,282.5,273.45001220703125,275.0,7566878,1811021.0,23.93
2026-04-13,268.8999938964844,272.989990234375,264.20001220703125,271.7900085449219,4822162,906250.0,18.79
2026-04-15,278.0,288.8500061035156,276.75,287.05999755859375,14149575,2979774.0,21.06
2026-04-16,291.3999938964844,298.6700134277344,287.1199951171875,293.8900146484375,16534179,2785939.0,16.85
2026-04-17,300.0,311.8500061035156,298.8500061035156,303.05999755859375,38682777,5486816.0,14.18
2026-04-20,304.5,304.5,295.0,296.3299865722656,7409927,1970981.0,26.6
2026-04-21,296.0,300.9800109863281,294.260009765625,298.8599853515625,5053668,1360912.0,26.93
2026-04-22,297.1099853515625,308.3299865722656,297.0,307.4100036621094,10257184,3055930.0,29.79
2026-04-23,306.5,311.29998779296875,304.7900085449219,307.2099914550781,12434990,2341398.0,18.83
2026-04-24,308.6499938964844,309.8800048828125,301.0,303.44000244140625,7153014,2056169.0,28.75
2026-04-27,305.25,310.20001220703125,305.010009765625,305.95001220703125,6622709,1625870.0,24.55
2026-04-28,306.0,311.0,305.20001220703125,308.6300048828125,5498448,1678821.0,30.53
2026-04-29,310.010009765625,311.45001220703125,301.1000061035156,302.29998779296875,6890706,2457022.0,35.66
2026-04-30,300.20001220703125,301.0,294.0,297.6499938964844,5939952,1774167.0,29.87
2026-05-01,297.6499938964844,297.6499938964844,297.6499938964844,297.6499938964844,0,0.0,0.0
2026-05-04,299.3999938964844,303.3999938964844,292.6000061035156,296.6499938964844,5166839,1083952.0,20.98
2026-05-05,296.0,304.6000061035156,295.45001220703125,300.45001220703125,7031295,1174743.0,16.71
2026-05-06,303.0,306.20001220703125,299.29998779296875,305.1000061035156,5508025,1490725.0,27.06
2026-05-07,306.5,310.0,303.3999938964844,308.70001220703125,7369135,2157829.0,29.28
2026-05-08,308.3999938964844,309.3500061035156,303.5,305.0,5172774,1754713.0,33.92
2026-05-11,303.45001220703125,303.45001220703125,294.25,295.3999938964844,4174262,1589775.0,38.09
2026-05-12,294.0,296.54998779296875,282.29998779296875,283.29998779296875,4640229,1447251.0,31.19
2026-05-13,283.70001220703125,291.3500061035156,283.70001220703125,285.0,6906724,2189747.0,31.7
2026-05-14,287.1499938964844,291.3500061035156,281.1000061035156,287.20001220703125,5258586,975404.0,18.55
2026-05-15,287.8999938964844,288.5,281.5,283.0,3490324,842765.0,24.15
2026-05-18,280.0,280.45001220703125,271.1000061035156,276.79998779296875,5295517,1254318.0,23.69
2026-05-19,276.8500061035156,278.29998779296875,270.3500061035156,271.54998779296875,5336823,2044460.0,38.31
2026-05-20,270.1000061035156,270.6499938964844,264.54998779296875,269.6000061035156,6452689,2068797.0,32.06
2026-05-21,273.5,275.0,269.3500061035156,270.75,5924922,2105010.0,35.53
2026-05-22,271.5,273.95001220703125,267.70001220703125,271.1000061035156,7245031,3000726.0,41.42
2026-05-25,274.1499938964844,275.8500061035156,272.0,272.45001220703125,7242974,3092206.0,42.69
2026-05-26,263.95001220703125,266.8999938964844,259.0,259.75,21022452,6814489.0,32.42
2026-05-27,259.75,259.75,251.3000030517578,252.3000030517578,14271574,5835547.0,40.89
2026-05-28,252.3000030517578,252.3000030517578,252.3000030517578,252.3000030517578,0,0.0,0.0
2026-05-29,251.8000030517578,255.1999969482422,243.0,245.4499969482422,62620879,39771417.0,63.51
2026-06-01,248.10000610351562,249.80999755859375,240.8000030517578,241.55999755859375,9432010,3147068.0,33.37
2026-06-02,240.0,241.75,232.72999572753906,240.75,15130810,5148586.0,34.03
2026-06-03,241.39999389648438,241.52000427246094,233.0500030517578,239.02000427246094,13120281,4450161.0,33.92
2026-06-04,237.0,240.6699981689453,235.85000610351562,236.4600067138672,12057009,4444712.0,36.86
2026-06-05,237.02000427246094,238.61000061035156,233.8000030517578,235.61000061035156,11139995,4649490.0,41.74
2026-06-08,231.99000549316406,233.88999938964844,227.00999450683594,228.22999572753906,8058747,3564966.0,44.24
2026-06-09,232.0,236.39999389648438,231.25,233.88999938964844,11229522,2018721.0,17.98
2026-06-10,234.5,235.60000610351562,227.55999755859375,228.1699981689453,5304890,1651439.0,31.13
2026-06-11,226.99000549316406,226.99000549316406,221.5500030517578,222.19000244140625,5624143,1656716.0,29.46
2026-06-12,228.5,234.0,225.10000610351562,233.25999450683594,7558813,2217785.0,29.34
2026-06-15,242.0,243.39999389648438,239.0,239.6999969482422,9213758,3379729.0,36.68
2026-06-16,241.8000030517578,243.58999633789062,239.64999389648438,241.13999938964844,3985588,1238793.0,31.08
2026-06-17,242.1999969482422,246.47999572753906,240.05999755859375,245.13999938964844,7044376,1957900.0,27.79
2026-06-18,251.02000427246094,251.3800048828125,245.2899932861328,247.5800018310547,17276217,4349349.0,25.18
2026-06-19,246.5,246.5,242.2899932861328,243.99000549316406,5474304,1609843.0,29.41
2026-06-22,249.0,250.89999389648438,245.0,246.19000244140625,12856293,3065351.0,23.84
2026-06-23,246.19000244140625,246.2899932861328,239.00999450683594,240.1300048828125,5117559,1834874.0,35.85
2026-06-24,239.0,241.25,235.44000244140625,239.94000244140625,6070613,1340464.0,22.08
2026-06-25,240.9600067138672,245.3800048828125,240.0500030517578,240.85000610351562,8000208,1829891.0,22.87
2026-06-25,240.9600067138672,245.3800048828125,240.0500030517578,240.85000610351562,8000208,0.0,0.0
2026-06-26,240.85000610351562,240.85000610351562,240.85000610351562,240.85000610351562,0,,
2026-06-29,240.25,240.77999877929688,236.77999877929688,237.50999450683594,3979891,1304478.0,32.78
2026-06-30,238.0,238.8800048828125,235.3000030517578,235.8300018310547,4559478,1797038.0,39.41
2026-07-01,236.1999969482422,241.19000244140625,235.11000061035156,237.61000061035156,5837009,0.0,0.0
2026-07-02,238.39999389648438,239.3000030517578,236.38999938964844,236.85000610351562,2322672,866608.0,37.31
2026-07-03,237.35000610351562,238.47999572753906,235.17999267578125,235.77000427246094,2468195,933640.0,37.83
2026-07-06,235.16000366210938,235.5,232.9199981689453,233.83999633789062,2637860,893645.0,33.88
2026-07-07,233.5,234.3000030517578,231.4499969482422,232.66000366210938,2061214,683289.0,33.15
2026-07-08,230.41000366210938,230.97999572753906,223.55999755859375,224.72999572753906,4116538,,
2026-07-09,225.0,228.35000610351562,223.99000549316406,226.22999572753906,2296275,,
2026-07-10,226.99000549316406,236.88999938964844,226.99000549316406,232.6699981689453,6855244,,
2026-07-13,230.41000366210938,231.8699951171875,228.64999389648438,231.5399932861328,4443741,1682858.0,37.87
2026-07-14,229.39999389648438,230.2100067138672,226.11000061035156,227.30999755859375,3628384,,
2026-07-15,227.3000030517578,232.1999969482422,226.5,226.97000122070312,4735208,1650988.0,34.87
2026-07-16,227.89999389648438,230.3000030517578,226.0399932861328,226.39999389648438,3847258,,
2026-07-17,227.39999389648438,227.88999938964844,224.5,225.44000244140625,3890424,,
2026-07-20,225.44000244140625,227.5,223.5,226.8699951171875,3555757,1099221.0,30.91
2026-07-21,226.0,228.3699951171875,223.63999938964844,225.25999450683594,3466548,1304726.0,37.64
2026-07-22,225.0,225.50999450683594,222.10000610351562,223.11000061035156,3034876,,
2026-07-23,221.61000061035156,226.1999969482422,221.2100067138672,224.1300048828125,3963760,967864.0,24.42
2026-07-24,221.89999389648438,225.97999572753906,220.83999633789062,224.52999877929688,5204038,,
2026-07-27,226.02999877929688,227.60000610351562,223.55999755859375,223.9499969482422,3968892,1079420.0,27.2
2026-07-28,224.49000549316406,224.49000549316406,220.16000366210938,221.33999633789062,3463190,1221421.0,35.27
2026-07-29,224.1999969482422,228.39999389648438,224.00999450683594,224.8300018310547,10091069,4190896.0,41.53
2026-07-30,224.0,224.4499969482422,222.00999450683594,222.8800048828125,3000955,1189504.0,39.64
2026-07-31,223.9499969482422,226.52000427246094,222.10000610351562,225.47999572753906,4389129,1847594.0,42.09
2026-08-03,225.6999969482422,234.6999969482422,225.6999969482422,232.89999389648438,8366055,2847301.0,34.03
2026-08-04,232.89999389648438,235.1999969482422,229.8000030517578,231.39999389648438,4277319,1345548.0,31.46
2026-08-05,232.6999969482422,234.42999267578125,228.16000366210938,229.0,2739599,,
2026-08-06,229.49000549316406,236.25,227.58999633789062,235.0,6727373,2215914.0,32.94
2026-08-07,235.0,236.75999450683594,233.00999450683594,233.3800048828125,4691820,1225334.0,26.12
2026-08-11,230.67999267578125,231.60000610351562,227.1300048828125,230.0,6397262,1327423,20.74
2026-08-12,231.16000366210938,233.6699981689453,227.64999389648438,230.0,5604910,1038438,18.5
2026-08-13,230.0,230.89999389648438,227.88999938964844,228.14999389648438,2122818,757673,35.62
2026-08-14,228.0,228.9199981689453,225.5500030517578,227.35000610351562,2579059,925625,35.87
2026-08-19,226.07000732421875,226.5399932861328,221.25,223.5,4104923,969782,23.62
2026-08-26,220.0,223.2899932861328,219.77999877929688,221.38999938964844,3613567,1133808,31.35
