date,open,high,low,close,volume,delivery_qty,delivery_pct
2022-01-03,23303.759356143768,23708.7920097623,23221.84710102175,23623.53515625,4475,,
2022-01-04,23535.441080212,23781.775217038467,23358.565486337262,23454.3515625,5996,,
2022-01-05,23479.580223704503,23479.580223704503,23296.43217203754,23402.337890625,1128,,
2022-01-06,23387.089911491214,23471.291510856798,23255.543468742173,23434.6171875,4247,,
2022-01-07,23219.51254703202,23479.582809035375,23219.51254703202,23397.486328125,3393,,
2022-01-10,23172.809115634824,23651.65009324573,23172.809115634824,23410.490234375,1480,,
2022-01-11,23370.607763059004,23572.895149290085,22742.089777516434,23152.294921875,1787,,
2022-01-12,23273.081418147678,23280.040686586188,22873.589719760264,23066.857421875,2633,,
2022-01-13,23185.628001553065,23185.628001553065,22665.5787421444,23138.55859375,3078,,
2022-01-14,22893.506400308717,23049.54889764426,22785.677985163264,22979.310546875,2642,,
2022-01-17,23007.88348292803,23021.710803543694,22801.93313477478,22904.771484375,1740,,
2022-01-18,22919.28675746302,23259.804442345903,22806.51297781987,23091.26171875,3365,,
2022-01-19,23166.39736371679,23166.4885800328,22756.099220086417,22970.017578125,1806,,
2022-01-20,22970.018920305116,22985.08213321332,22805.6435321413,22891.21875,1665,,
2022-01-21,22934.487033311976,22934.487033311976,22391.04166402895,22621.76171875,1778,,
2022-01-24,22536.368539734023,22893.507252878935,21794.618904740746,22292.828125,3270,,
2022-01-25,22253.406051235,22902.66595372155,21905.24228862416,22889.25,3356,,
2022-01-27,22864.203222763957,22864.203222763957,21886.192607499943,22033.306640625,3198,,
2022-01-28,22163.664108101817,22787.236795745885,21915.498468582107,22350.841796875,2971,,
2022-01-31,22527.21225113677,22893.508385301593,22118.24297505281,22884.259765625,5778,,
2022-02-01,22884.260211277637,22989.661568225103,22630.004544487983,22911.732421875,3379,,
2022-02-02,23053.622322950352,23065.024361824002,22802.938437690616,22877.708984375,2637,,
2022-02-03,23096.34320573664,23096.34320573664,22454.68471436057,22773.224609375,3570,,
2022-02-04,22545.528223749756,22715.947151271805,22482.433353665947,22659.35546875,1695,,
2022-02-07,22864.206015064126,22864.206015064126,22520.025347832816,22704.8671875,1664,,
2022-02-08,22820.248954377206,24672.791636347716,20262.266069042143,22591.22265625,3503,,
2022-02-09,22845.887753634808,22845.887753634808,21968.60859426403,22053.91015625,3089,,
2022-02-10,21978.68352930639,22295.52968159754,21663.302203823434,21765.26953125,2447,,
2022-02-11,21673.695664879706,21826.624300249918,20696.647233545867,21118.62109375,4972,,
2022-02-14,21112.39316002432,21112.39316002432,20564.780446526398,20682.728515625,1830,,
2022-02-15,20656.353273754165,20918.759363587487,20489.642042151427,20548.158203125,2142,,
2022-02-16,20585.84347347026,20694.67885850037,20055.62980037688,20115.244140625,4627,,
2022-02-17,20115.24341654711,20320.278035281135,19880.769176884744,20150.408203125,3378,,
2022-02-18,20182.91599841515,20182.91599841515,19715.888450357448,19817.03125,1548,,
2022-02-21,19871.56494528486,20366.842739677817,19688.463383711143,20289.41796875,3559,,
2022-02-22,19689.33176362922,19980.537172718752,19416.80781396591,19523.994140625,3253,,
2022-02-23,19679.2582426663,19688.36914285681,19258.200154513743,19425.96484375,2423,,
2022-02-24,19230.546282859672,19332.69782865573,18589.528073431014,18835.12890625,4518,,
2022-02-25,19221.344486374404,19688.41859264204,19044.377654140542,19610.671875,2490,,
2022-02-28,19688.41424954974,19916.800212555532,19206.963840633423,19421.384765625,2052,,
2022-03-02,19670.101117120947,19670.101117120947,18983.29591051756,19160.125,1823,,
2022-03-03,19143.55036852305,19445.698155568996,18984.898366545218,19304.99609375,1066,,
2022-03-04,19084.027525948975,19272.074435630137,18511.781064544764,18662.19140625,5957,,
2022-03-07,18497.35788847018,18497.35788847018,17948.50931466369,18246.994140625,15772,,
2022-03-08,18406.197013581528,18406.197013581528,17996.127804825388,18225.109375,8537,,
2022-03-09,18479.639630450743,18479.639630450743,18155.971930244385,18271.904296875,19116,,
2022-03-10,18837.41832642651,19047.35179078814,18287.33384210148,18322.58984375,6149,,
2022-03-11,18322.58995300992,18404.68642933493,18204.96382586692,18220.8515625,5390,,
2022-03-14,18314.758609780172,18314.758609780172,17796.26719247544,18044.615234375,4640,,
2022-03-15,18140.815649960063,18477.579150983427,17812.064876697284,17914.169921875,6314,,
2022-03-16,17994.297998407063,18140.76995295159,17838.622137861046,18020.9921875,20653,,
2022-03-17,18223.230706274106,18543.557356422534,18075.567593139098,18339.30078125,12906,,
2022-03-21,18507.109988721862,18534.535693100017,18090.494687846585,18134.3125,4324,,
2022-03-22,18268.104820210934,18497.77322268052,17948.511427947982,18352.26171875,6677,,
2022-03-23,18496.12384971363,19046.483807812347,18433.8535050369,18544.0625,5094,,
2022-03-24,18507.112433739057,18612.10242235207,18223.09520708567,18293.5625,2642,,
2022-03-25,18313.88918543177,18543.693484814645,18104.184669032755,18173.140625,3398,,
2022-03-28,18469.56626876934,18469.56626876934,17856.936002826227,17876.533203125,4060,,
2022-03-29,17948.96639091837,18864.24875145626,17741.642444987454,18022.087890625,7450,,
2022-03-30,18233.306806635963,18313.891960519944,17767.194950647932,17883.173828125,3066,,
2022-03-31,18019.02108543584,18313.79823266773,17866.09246210567,18037.611328125,5993,,
2022-04-01,18049.24137835943,18704.682500457897,18021.76916925995,18289.943359375,4284,,
2022-04-04,18313.888417836984,18823.03997343063,18313.84191540455,18697.8125,4761,,
2022-04-05,18697.813789504333,19814.787985125793,18697.813789504333,19491.302734375,6074,,
2022-04-06,19505.268155840535,19871.564271443174,19322.211314357064,19708.5625,3534,,
2022-04-07,19738.782621607814,19738.782621607814,19157.287517700555,19326.150390625,2781,,
2022-04-08,19433.841583408015,19679.259995638407,19285.49164765681,19634.11328125,1338,,
2022-04-11,19508.017045403947,19734.204916136463,19504.674235352082,19682.876953125,2125,,
2022-04-12,19596.84213247874,19636.218964801013,19276.33303218119,19577.0625,1948,,
2022-04-13,19442.99811221874,19596.842483114215,19413.69442252436,19541.8515625,1099,,
2022-04-18,19505.2663637942,19963.136466230684,18983.156728274862,19778.84375,3299,,
2022-04-19,19871.47402435798,19963.13927404747,19239.70441044667,19466.716796875,4248,,
2022-04-20,19578.527215575978,19595.650843415402,18956.006256882203,19059.8515625,1922,,
2022-04-21,19017.180003619014,19595.012169183785,19017.180003619014,19422.486328125,1384,,
2022-04-22,19231.46447420581,19527.386347313302,18508.533918299894,18755.599609375,4562,,
2022-04-25,18992.452993274237,18992.452993274237,18314.805200843046,18465.90234375,2509,,
2022-04-26,18670.113880135326,18726.84327825422,18269.019614905817,18322.681640625,1700,,
2022-04-27,18406.379410330068,18406.379410330068,18259.49431344405,18286.05078125,1072,,
2022-04-28,18397.225633393886,18629.823707604046,18223.234947961093,18330.330078125,1111,,
2022-04-29,18488.796685531484,18543.741103616274,18160.045917324165,18282.34375,1191,,
2022-05-02,18137.703032589994,18407.29735787273,17948.511428003854,18160.138671875,5191,,
2022-05-04,18269.01589747387,18269.01589747387,17225.301066940243,17536.69921875,4062,,
2022-05-05,17737.889744838107,17805.608025111957,16945.77437936134,16983.228515625,3516,,
2022-05-06,16986.981856742066,17032.722367397848,16574.898738923526,16895.361328125,5955,,
2022-05-09,16977.823927434853,17379.83388990216,16442.06938845585,17157.080078125,4659,,
2022-05-10,17348.700842062593,17348.700842062593,16574.85374782889,16580.71484375,5618,,
2022-05-11,16584.973505222602,16792.846565003154,16162.817203201312,16280.5810546875,5971,,
2022-05-12,16263.548424660392,16803.606289719144,16190.289197522283,16465.240234375,5251,,
2022-05-13,16587.443091272,16941.19425759729,16357.592293506763,16473.11328125,2254,,
2022-05-16,16619.771036560884,16619.771036560884,16391.934129949364,16460.5234375,845,,
2022-05-17,16620.686700567094,17673.788061760053,16289.92201454322,17070.7265625,3629,,
2022-05-18,17289.17616305691,17289.17616305691,16794.858853735564,16960.37890625,4142,,
2022-05-19,16712.26398972248,16712.26398972248,16428.384437020344,16483.740234375,1974,,
2022-05-20,16831.307991837573,16831.307991837573,16437.53963294257,16479.6171875,1854,,
2022-05-23,16698.524324648883,16698.524324648883,16437.538339865503,16472.703125,1332,,
2022-05-24,16472.701956033965,16581.261887463887,16437.537173394896,16468.16796875,1615,,
2022-05-25,16592.300136984377,16592.300136984377,16373.438183634893,16416.111328125,1844,,
2022-05-26,16478.746729538878,16486.163868271797,15943.038653029835,15986.71875,11420,,
2022-05-27,16199.448213764246,16299.263920677775,15817.584454287724,16083.560546875,5984,,
2022-05-30,18131.658955478495,19138.05760154268,17446.685172715974,17834.08984375,59624,,
2022-05-31,17582.212053397423,18767.957908047945,17481.985002712983,18492.275390625,15248,,
2022-06-01,18497.951952342344,19642.627196917983,18497.951952342344,19426.330078125,12117,,
2022-06-02,19551.054564724967,19788.231292231467,19153.669794041078,19558.333984375,5538,,
2022-06-03,19779.991367514976,19950.319070957466,19021.162776160792,19496.478515625,6906,,
2022-06-06,19230.547486335505,19404.538154069018,18882.566150868483,19058.341796875,3660,,
2022-06-07,19019.01170288543,19528.163347490576,18774.64674339708,19402.111328125,4068,,
2022-06-08,19361.495985810954,19558.746792150076,18979.127931370047,19048.953125,2208,,
2022-06-09,19146.84654381877,19193.915951142822,18874.322598712057,18930.640625,1177,,
2022-06-10,18874.323149309243,18954.908294966375,18641.31374754432,18758.7109375,1037,,
2022-06-13,18703.079139725134,18703.079139725134,18131.657215362204,18623.638671875,5259,,
2022-06-14,18371.580483090725,18623.591478811457,18125.063928746655,18222.361328125,1136,,
2022-06-15,18314.806535307376,18722.173261957883,18106.979983570105,18569.88671875,2216,,
2022-06-16,18612.42317474958,18760.773115921016,17861.791502651835,18200.66015625,1454,,
2022-06-17,18200.659224365485,18460.08917547918,17775.435559509035,17989.443359375,8318,,
2022-06-20,18012.611093445823,18314.805382253,17787.018835860967,17943.197265625,5330,,
2022-06-21,18286.417599309876,18352.35089928235,18108.488547989848,18303.267578125,33745,,
2022-06-22,18223.229438941427,18223.229438941427,17980.420574409553,18099.466796875,54194,,
2022-06-23,18222.17964799235,18662.788478542017,17971.40450890025,18589.8046875,3103,,
2022-06-24,18635.317025441433,18888.70167714159,18386.555789599573,18732.796875,22800,,
2022-06-27,18955.823848299442,19207.65242599424,18406.379678783516,19082.8828125,20933,,
2022-06-28,18801.062795223927,20895.498434806097,18801.062795223927,20158.236328125,5840,,
2022-06-29,20164.604058358953,20931.90331436701,20160.071858699917,20547.794921875,12570,,
2022-06-30,20598.662047778973,20878.8785760363,19749.45064902128,20012.634765625,5861,,
2022-07-01,20100.498861322427,20145.370134406927,19345.97538372462,20059.794921875,4159,,
2022-07-04,20060.207095239733,20558.369820511823,20060.207095239733,20349.71875,3830,,
2022-07-05,20603.241986178466,20605.07346686527,20350.54415383911,20510.203125,2123,,
2022-07-06,20512.583065616334,20924.66620755952,20512.583065616334,20808.3671875,2960,,
2022-07-07,20808.5966785146,20924.666766596267,20484.286879429786,20797.654296875,5170,,
2022-07-08,20810.198770228264,21072.329436805947,20623.84561512413,20943.943359375,3240,,
2022-07-11,20788.22077582355,21062.02712849397,20695.777506957776,20942.751953125,1564,,
2022-07-12,20833.091201318224,21176.493803537756,20773.888234984533,21005.296875,1876,,
2022-07-13,21017.15478554189,21256.345426922715,20953.052967103133,20958.9140625,2040,,
2022-07-14,21062.028329809145,21062.028329809145,20663.590055941964,20787.53515625,1945,,
2022-07-15,20810.19870957571,21026.359926885416,19697.62072655123,20080.673828125,7380,,
2022-07-18,20494.269037778417,21016.24103740012,20193.906202908383,20859.51171875,2785,,
2022-07-19,20745.547870364597,21103.23568177046,20695.731239228135,20987.39453125,1822,,
2022-07-20,21103.23462286059,21318.38708490177,20613.54251114114,20716.380859375,2186,,
2022-07-21,21016.239004107574,21281.757177541313,20764.548150913215,21091.283203125,1753,,
2022-07-22,21062.027238536153,21234.186417703317,20924.666191328306,21053.556640625,1329,,
2022-07-25,21053.555866364615,21153.50927575139,20741.51736559958,20944.994140625,1227,,
2022-07-26,20944.996448356527,21104.657214791892,20826.134419914142,20977.689453125,812,,
2022-07-27,21135.285161724914,21611.47009604454,20192.57706823288,21262.390625,4112,,
2022-07-28,21055.84357152162,21473.421107042428,20879.9302349924,21172.142578125,1851,,
2022-07-29,21176.49524050966,21428.323832558963,20787.305598251645,20826.5,2889,,
2022-08-01,20834.922392631634,21135.285197869995,20604.155847143626,20990.689453125,3445,,
2022-08-02,21043.71076479919,21138.352161115225,20609.23852232922,20852.732421875,2684,,
2022-08-03,20961.297274695506,21076.269194697754,20608.232856160233,20869.814453125,2103,,
2022-08-04,20961.296016823035,21564.768890352367,20625.44825298862,21487.708984375,5146,,
2022-08-05,21519.89699356074,22069.341172119737,21162.75827749739,21705.10546875,3603,,
2022-08-08,21705.105056533983,22069.340752986278,21185.65138258662,21726.900390625,2383,,
2022-08-10,21793.70332123013,22068.28769148541,20625.265205074287,20833.3671875,11537,,
2022-08-11,21016.240178643708,21414.587214709503,20614.50561884269,20811.84765625,4099,,
2022-08-12,20877.962516599786,21062.026311759073,20367.437313608236,20576.73046875,6132,,
2022-08-16,20604.155654000042,20787.257201823184,20349.579864141728,20514.275390625,5387,,
2022-08-17,20604.154351069014,20604.154351069014,20192.071264047634,20495.134765625,5170,,
2022-08-18,20466.795195984745,21336.74845934875,20329.434154400955,21297.73828125,8464,,
2022-08-19,21474.11265556716,21474.11265556716,20796.51125331401,20930.57421875,2660,,
2022-08-22,20930.571105840005,21050.94623819515,20421.008144928226,20477.326171875,1356,,
2022-08-23,20512.58089118687,20604.154913022525,20421.00686935121,20489.091796875,37109,,
2022-08-24,20605.072775421093,20834.007853588962,20337.08101520672,20484.744140625,3526,,
2022-08-25,20787.307026814917,21062.02914611203,20589.736036020407,20929.93359375,2575,,
2022-08-26,21062.026745879626,21290.961819204407,21062.026745879626,21141.23828125,5702,,
2022-08-29,20147.203350180116,21427.408353750492,20146.334112273657,21265.046875,4317,,
2022-08-30,21295.541793056465,21518.982437971787,20998.70420153678,21349.890625,6298,,
2022-09-01,21509.824688886274,21529.14645220784,20888.9527429088,20977.23046875,2172,,
2022-09-02,21061.109790055198,21464.951236092606,20891.422408078186,21132.30859375,3087,,
2022-09-05,21271.73196733853,21415.96106824067,20970.453401009614,21286.24609375,1739,,
2022-09-06,21291.05458847457,21371.228372422822,20988.769053319127,21048.474609375,2045,,
2022-09-07,21125.21314351653,21153.60109303532,20695.822155826067,20861.11328125,16167,,
2022-09-08,20901.772358190043,21052.86950776732,20696.646530885133,20823.4765625,1659,,
2022-09-09,21061.979378410226,21061.979378410226,20747.515605450804,20915.4609375,1150,,
2022-09-12,20915.462668821205,20993.347099436665,20810.245535577127,20884.51171875,6215,,
2022-09-13,21016.194962758374,21016.194962758374,20741.519354542783,20880.849609375,2061,,
2022-09-14,20875.21602039984,20910.92989234209,20656.30758477784,20889.08984375,1179,,
2022-09-15,20947.55683146552,21040.73339573226,20650.078988664987,20946.13671875,2483,,
2022-09-16,20721.37104855484,22304.685992118182,20721.37104855484,21921.08203125,13621,,
2022-09-19,22160.91573807018,22160.91573807018,21007.08293517892,21466.693359375,7648,,
2022-09-20,21565.68509677214,22281.565110547155,21473.37775469375,21904.09765625,4895,,
2022-09-21,21886.19380389348,22083.031471657414,20970.45347737074,21049.802734375,3352,,
2022-09-22,21062.028281163115,21950.29643041217,20970.45424515806,21820.490234375,7067,,
2022-09-23,21611.472511122593,21885.232376514,21153.602330802198,21714.951171875,8135,,
2022-09-26,21281.80331976435,21922.683773298457,20714.044367171668,21742.83203125,11820,,
2022-09-27,21771.726095311533,21893.33712515878,21096.87198230296,21691.78125,3691,,
2022-09-28,21533.632716406628,21950.294544429806,21245.174527775198,21864.810546875,3850,,
2022-09-29,21974.150892903,22183.80892061295,21318.892201293285,22057.025390625,4076,,
2022-09-30,21886.192402130233,22756.145656608216,21814.673444920507,22532.98046875,5968,,
2022-10-03,22801.93297893738,22801.93297893738,21680.19763803219,22248.185546875,4824,,
2022-10-04,22344.06218488454,22857.610034457568,22293.329817130776,22703.490234375,3383,,
2022-10-06,22612.376476480225,23084.89849737132,22612.376476480225,23013.1953125,3704,,
2022-10-07,22893.506606310333,22899.916788160102,22312.058040945347,22403.5390625,7540,,
2022-10-10,22257.068246512776,22523.502174428362,22119.660697501306,22451.80078125,2048,,
2022-10-11,22336.737332025004,22342.1852713719,21500.9865919725,21747.091796875,7825,,
2022-10-12,21790.957450837064,21794.620412250886,21366.053926833516,21688.39453125,3038,,
2022-10-13,21567.516835149152,21600.574704244667,21364.222476393923,21413.763671875,3090,,
2022-10-14,21520.85735688529,21637.52122976688,20902.457272499727,21065.18359375,1856,,
2022-10-17,21058.36371730809,22160.91502691145,20826.727926281543,21441.234375,5166,,
2022-10-18,21533.63194244633,21831.247523194575,21437.47921635843,21688.025390625,3461,,
2022-10-19,21785.46273760898,21814.126125737603,21428.324004205555,21492.150390625,1088,,
2022-10-20,21609.639033018084,21609.639033018084,21122.51170862265,21270.037109375,2095,,
2022-10-21,21376.401077122962,21510.739462558984,20938.49299628458,21020.54296875,2805,,
2022-10-24,21335.55683806879,21335.55683806879,21065.68889940228,21216.052734375,268,,
2022-10-25,21241.51106801527,21357.810081019143,20888.951067964143,20990.689453125,1041,,
2022-10-27,21218.618944248483,21289.130948853683,20610.200718229677,20705.1640625,1547,,
2022-10-28,20705.164091219278,21153.601410901854,20677.69188159473,21099.068359375,2830,,
2022-10-31,21164.591367211775,21355.981103960967,21048.29234057471,21326.037109375,4536,,
2022-11-01,21326.492671269905,21417.333390443855,20933.82252888432,21170.587890625,2044,,
2022-11-02,21276.44997597199,21931.982377549793,21236.019679974102,21436.337890625,2781,,
2022-11-03,21436.335363769795,21519.896664648484,21062.026522847453,21127.501953125,1897,,
2022-11-04,21225.030638307468,21390.73314551027,20879.796513247413,20944.767578125,1318,,
2022-11-07,21049.52831526125,21219.62708914247,20412.76860611738,20513.224609375,2778,,
2022-11-09,20915.508953838318,22127.766707486855,20421.92492029546,21505.19921875,27624,,
2022-11-10,21702.998081595804,21776.303806256365,21318.43366735274,21578.50390625,5789,,
2022-11-11,21931.97966612493,22069.34070787519,21590.499758622736,21685.5078125,5242,,
2022-11-14,21793.704245187368,22571.167790049087,21639.12656112841,22420.7109375,7862,,
2022-11-15,22572.999105837403,22801.934188046707,21835.050119554995,22100.84375,6457,,
2022-11-16,22115.13224173934,22195.899835373886,21845.995761218812,21991.140625,3514,,
2022-11-17,21977.767421031254,22134.312511468524,21831.020036480408,21982.1171875,2679,,
2022-11-18,22092.052168704395,22297.36042727693,21938.619166962922,22267.1875,3550,,
2022-11-21,22745.390272843702,22745.390272843702,22120.058099718797,22525.765625,4007,,
2022-11-22,22394.294565048513,22525.67052212429,21825.89700384241,21984.5078125,2662,,
2022-11-23,22060.276440930727,22060.276440930727,21730.055510035858,21800.701171875,2450,,
2022-11-24,21823.95096957614,22014.73022434391,21730.056988684293,21757.669921875,1485,,
2022-11-25,21730.05458324414,22003.292672355055,21682.609049219587,21730.814453125,7329,,
2022-11-28,21734.800778155437,22100.605873111952,21602.001459727595,22051.78515625,12997,,
2022-11-29,22051.78463687197,22266.901957982845,21887.860308297706,22204.462890625,1970,,
2022-11-30,22195.021960372644,22356.194077090848,21983.41486771924,22160.38671875,1930,,
2022-12-01,22345.90064420611,22345.90064420611,22109.621852732704,22192.12890625,2182,,
2022-12-02,22024.45700743145,22189.187552478856,21824.94851071933,21966.66796875,2258,,
2022-12-05,21981.51592637435,22050.16924347962,21745.806142534897,21927.759765625,1739,,
2022-12-06,21937.86784299028,21991.149552790164,21800.370303307383,21906.791015625,1258,,
2022-12-07,21966.33649390695,22156.735819929785,21683.56107055457,21821.67578125,1918,,
2022-12-08,21919.839128880194,21961.022227608788,21684.50925424979,21739.0234375,771,,
2022-12-09,21918.889022549683,22204.51115319549,21730.007599801054,21939.1015625,2013,,
2022-12-12,21972.03014213124,22204.513294142558,21753.780652487956,22134.673828125,1469,,
2022-12-13,22193.123882142743,22193.123882142743,21948.35310366572,22090.404296875,824,,
2022-12-14,22155.169289417267,22157.067111011354,21977.722970369767,22079.919921875,899,,
2022-12-15,22014.72903279329,22204.462992754496,22014.72903279329,22139.130859375,1020,,
2022-12-16,22204.511478928904,22293.471861456663,21777.501642795654,21908.92578125,2759,,
2022-12-19,21731.002792756768,22003.15110847698,21645.60083426814,21924.154296875,1514,,
2022-12-20,22052.68478302091,22052.68478302091,21692.14690201193,21747.041015625,695,,
2022-12-21,21956.845182376688,22042.247147302307,21587.718911753735,21705.00390625,6291,,
2022-12-22,21818.305823157254,21818.305823157254,21350.492803072164,21466.734375,4890,,
2022-12-23,21466.734849775494,21824.948681394028,21018.374490994684,21278.61328125,2355,,
2022-12-26,21118.00899220226,21556.405763911873,21018.37336226826,21243.076171875,1406,,
2022-12-27,21266.037158352574,21460.326619250023,21116.06108468477,21192.0703125,1141,,
2022-12-28,21330.565224618655,21330.565224618655,20901.563035651263,20971.876953125,1212,,
2022-12-29,21056.327299607605,21056.327299607605,20830.106630236074,20892.451171875,1490,,
2022-12-30,20947.252853381993,21055.332304412932,20781.145286366096,20822.04296875,760,,
2023-01-02,20999.39397786815,20999.39397786815,20306.689160703947,20406.98828125,4561,,
2023-01-03,20307.640023023043,20567.641582123473,20212.22630078302,20498.37109375,10545,,
2023-01-04,20686.253712973783,21018.3724652463,20498.417577132157,20923.861328125,3162,,
2023-01-05,20961.439427302015,21255.601773271395,20882.728018321926,21244.21484375,3679,,
2023-01-06,21244.21416111967,21434.94522447437,21031.658150216917,21155.396484375,1598,,
2023-01-09,21231.87765623807,21676.110586672487,21231.87765623807,21599.154296875,2102,,
2023-01-10,21658.88626134948,21658.88626134948,21210.051509909466,21411.36328125,2110,,
2023-01-11,21625.487642607084,21700.640635071653,20905.453401165927,21038.158203125,1563,,
2023-01-12,21228.083588316436,21381.618097682578,20956.695098474298,21194.302734375,3091,,
2023-01-13,21194.304348854872,21329.52414867451,20877.7943848527,21252.376953125,2505,,
2023-01-16,21165.597569656406,21675.305363741983,21165.597569656406,21363.919921875,2560,,
2023-01-17,21363.92013941876,21540.274838296624,21265.09071040649,21456.248046875,1914,,
2023-01-18,21398.933695831733,21563.995973176607,21367.619642273326,21473.375,2187,,
2023-01-19,21473.849513437643,21635.16433523545,21350.491120298142,21591.419921875,1138,,
2023-01-20,21591.465886139096,21634.1668676494,21463.553835752955,21547.626953125,634,,
2023-01-23,21547.62834784252,21630.420811796426,21378.91127308474,21593.5078125,2928,,
2023-01-24,21593.506913947578,21700.591118275435,21483.813205133774,21586.34375,849,,
2023-01-25,21450.128144961298,21635.071226333086,21274.86506553366,21546.537109375,845,,
2023-01-27,21521.245679693013,21582.26137674464,21127.733168539897,21445.85546875,1854,,
2023-01-30,21260.34575832257,21673.073755552534,21137.176399292206,21614.478515625,1080,,
2023-01-31,21488.273388440964,22475.75775011629,21255.601209396078,22137.1875,5519,,
2023-02-01,22137.18863590183,22241.663346181616,21397.93892260707,21488.51171875,2366,,
2023-02-02,21536.476781103476,22014.727763553077,21362.826126761658,21958.267578125,2473,,
2023-02-03,21966.334878131547,21966.334878131547,21675.779148791848,21856.6875,971,,
2023-02-06,21919.8389140914,22004.434680395658,21350.492448790326,21457.150390625,1316,,
2023-02-07,21519.350897766653,22012.832699777377,21484.47842592784,21730.10546875,1490,,
2023-02-08,21730.105145486355,22299.403429141876,21588.100275959736,21936.73046875,19538,,
2023-02-09,22062.177671301615,22769.068080770856,22062.177671301615,22326.306640625,18960,,
2023-02-10,22422.76178176714,22744.442536909715,22131.446171652773,22223.822265625,2825,,
2023-02-13,22119.109381707847,22223.77497781924,21647.54893011259,21784.095703125,1279,,
2023-02-14,21823.99984620341,21823.99984620341,21114.21455619253,21233.16015625,3087,,
2023-02-15,21162.605484335854,21426.354460261136,20401.579136993136,20452.8203125,48590,,
2023-02-16,20591.364921494263,21255.60249960698,20456.619584219967,21126.076171875,7205,,
2023-02-17,21065.817775096544,21214.60771585354,20830.061650386968,21044.041015625,12667,,
2023-02-20,21046.84052224948,21243.6913168165,20745.65587828266,20956.7421875,4923,,
2023-02-21,20970.87722826679,21208.62753352913,20935.81572100191,21077.53515625,1198,,
2023-02-22,21206.25982679169,21206.25982679169,20591.365591613554,20694.796875,2414,,
2023-02-23,20828.541992011105,21293.50824201807,20496.471428878343,20962.529296875,88819,,
2023-02-24,21151.22090318685,21397.937701519222,20591.411739999603,20737.1640625,4986,,
2023-02-27,20876.037596265578,21127.498958220596,20543.91881632499,20823.373046875,4044,,
2023-02-28,20970.928649670866,22013.781617362645,20848.18740853666,21719.4765625,11895,,
2023-03-01,21587.719866539323,21719.333048081426,21258.97047390827,21498.427734375,2988,,
2023-03-02,21586.72351297136,22166.6507166592,21530.40602789275,22124.140625,4282,,
2023-03-03,21976.77454752314,22157.01941608734,21976.77454752314,22017.388671875,2485,,
2023-03-06,21976.820964235732,22265.621577798483,21920.075360546613,22210.490234375,3650,,
2023-03-08,22298.358710423196,22667.579504575366,22060.988320788536,22420.19921875,3726,,
2023-03-09,22488.23536110516,22585.024255439635,22204.51105320312,22333.751953125,2385,,
2023-03-10,22382.85806382589,22488.70979686434,22138.419030976253,22377.97265625,8042,,
2023-03-13,22377.974681880678,22495.971370912965,22110.90262132153,22337.455078125,5496,,
2023-03-14,22530.69798349589,22530.69798349589,21715.67822886242,21922.826171875,2087,,
2023-03-15,22179.79191562252,22221.54398905924,21985.930559374552,22177.087890625,1333,,
2023-03-16,22299.402465230345,22299.402465230345,21684.22288907643,21808.29296875,2827,,
2023-03-17,21979.71434185436,22157.066132659413,21711.078077740785,21764.548828125,1281,,
2023-03-20,22012.83204279277,22012.83204279277,20994.650786567378,21745.619140625,7292,,
2023-03-21,21821.151415686996,22013.68577584225,21447.280583464842,21571.587890625,2017,,
2023-03-22,21720.565315027183,21729.911714492326,21065.816950354016,21208.865234375,1807,,
2023-03-23,21242.31652508389,21415.018285450424,20630.458118448765,20670.455078125,3256,,
2023-03-24,20781.14652892601,21377.014324705386,20619.831692856722,21182.583984375,2615,,
2023-03-27,21182.58397781598,21710.841878902746,21070.18438153766,21590.1875,3456,,
2023-03-28,21588.668269937236,21775.60368592676,21073.7896725044,21605.1796875,4724,,
2023-03-29,21492.82655116773,22062.172949874162,21434.94300063258,21915.091796875,1977,,
2023-03-31,21915.99723947834,22094.82060471314,21635.1678091865,21790.646484375,2677,,
2023-04-03,22005.192937145282,22005.192937145282,21418.90877877188,21510.953125,2155,,
2023-04-05,21540.085977687886,21619.651777076968,21293.606399006916,21509.578125,3427,,
2023-04-06,21540.274541395625,22204.512082319718,21124.225354420498,22136.427734375,5069,,
2023-04-10,22204.509674980003,22204.509674980003,21540.272206070345,21616.611328125,2474,,
2023-04-11,21678.81475056108,22213.95222066547,21643.419638647836,22092.4453125,2655,,
2023-04-12,22014.72831542325,22091.44737511285,21825.040695175132,21855.216796875,1263,,
2023-04-13,21858.158678850374,22109.620022453386,21539.27648650333,21693.6171875,2381,,
2023-04-17,21749.08162972374,21824.946299545885,21587.71862237691,21792.96875,2138,,
2023-04-18,21804.07242973231,21824.66305281933,21603.37779491255,21672.173828125,1136,,
2023-04-19,21748.08467805071,21804.971134080988,21540.273231456482,21613.765625,970,,
2023-04-20,21709.180950534632,21709.180950534632,21388.449105037616,21471.810546875,3268,,
2023-04-21,21501.27532164111,21554.22343233747,21160.71086445918,21206.1640625,1055,,
2023-04-24,21255.599066875926,21602.425917721604,20994.885859571277,21267.88671875,6232,,
2023-04-25,21239.423485440064,21635.16749894487,21028.576234747477,21157.10546875,23477,,
2023-04-26,21157.104332101255,21397.938635553273,21122.13733963339,21279.98828125,3083,,
2023-04-27,21302.996759340716,21492.827083817043,21186.423451984807,21456.53125,2202,,
2023-04-28,21445.479311571435,21521.249470795792,21157.104939220288,21396.23046875,2270,,
2023-05-02,21396.22826486394,21426.404367532938,21213.848363178317,21246.111328125,2285,,
2023-05-03,21217.5963170088,21919.83846331396,21066.767693681093,21840.3671875,3358,,
2023-05-04,21824.94774362527,22457.49129321355,21694.140764447508,22327.822265625,9294,,
2023-05-05,22299.40349541598,22578.383266805442,22014.730259304288,22192.69921875,3118,,
2023-05-08,22204.511188920118,22846.163886299324,22204.511188920118,22570.458984375,2469,,
2023-05-09,22570.459240192784,22859.165334457724,22569.89026441385,22705.013671875,13938,,
2023-05-10,22867.752200448143,22881.4650729242,22346.942900898473,22459.86328125,1289,,
2023-05-11,22584.075162700414,22773.668266117063,22309.839964296196,22395.52734375,1238,,
2023-05-12,22396.570969734054,22725.131309781103,22063.17155563543,22295.2265625,9516,,
2023-05-15,22332.09285156972,22411.043341483524,22009.985824502422,22046.470703125,4389,,
2023-05-16,22019.473367319362,22189.708322003862,22015.677724420446,22108.908203125,7150,,
2023-05-17,22021.371439716466,22270.840442758636,21825.895828194873,22121.71875,1948,,
2023-05-18,22121.769995815474,22299.405368735337,22121.72180893552,22169.736328125,620,,
2023-05-19,22202.662338121707,22777.65407669576,22147.577326698844,22690.259765625,2607,,
2023-05-22,22690.259685260557,23191.23638215097,22636.1235847975,23062.564453125,3854,,
2023-05-23,23058.482817849967,23058.482817849967,22682.856871719054,22833.212890625,1770,,
2023-05-24,22833.21362325143,23153.422821717704,22816.036855616338,23042.54296875,0,,
2023-05-25,23042.54450774784,23153.424368121145,22610.88459834765,22737.849609375,1093,,
2023-05-26,22737.799726813904,23343.2047942418,22606.707334099923,22979.345703125,3086,,
2023-05-29,22988.785157625025,23097.86170165246,22716.874054209104,22913.583984375,1365,,
2023-05-30,22925.682374123426,23796.734204613374,22588.819077649343,23549.54296875,12792,,
2023-05-31,23722.769289686446,24025.471825822846,23360.19085453115,23868.37890625,7874,,
2023-06-01,23868.37858336079,25098.689568955517,23736.14823979715,24947.52734375,9503,,
2023-06-02,24994.308807112502,25147.93782606745,24724.295515621703,24912.654296875,5070,,
2023-06-05,25003.79844430276,25522.852628326807,24861.461830767832,25434.79296875,6486,,
2023-06-06,25430.808447018608,26092.199248793684,25218.252436118153,26022.548828125,4225,,
2023-06-07,26014.389667778636,26301.386998848408,25430.80952385437,25584.67578125,7947,,
2023-06-08,25620.305584826037,26106.33879719717,25204.019167961287,25329.275390625,3838,,
2023-06-09,25430.80743342408,25784.276678534174,25083.837856112863,25173.984375,6060,,
2023-06-12,25298.246072398957,25298.246072398957,24984.297467308603,25162.7890625,1935,,
2023-06-13,25191.63523944503,25705.898549464557,25191.63523944503,25570.298828125,1649,,
2023-06-14,25563.655553398767,27043.95632041072,25514.31219449837,26705.337890625,5785,,
2023-06-15,26806.49145558192,27028.584757920893,26142.49115837421,26332.416015625,4592,,
2023-06-16,26558.068745453118,26578.94478420227,26337.02070376175,26503.697265625,4793,,
2023-06-19,26503.693220170764,26711.836413169614,26355.994897896486,26391.958984375,988,,
2023-06-20,26446.143142818233,26494.774819749324,26154.970243900076,26265.423828125,1341,,
2023-06-21,26321.59875895634,26537.14421215706,25620.590923953718,25857.533203125,3946,,
2023-06-22,26045.702600432956,26102.589059289367,25157.522127028507,25281.78125,2448,,
2023-06-23,25377.667481210847,25999.203982863295,25223.469494159664,25598.763671875,3532,,
2023-06-26,25668.035598450904,26184.243042648955,25615.940027991335,26102.63671875,1682,,
2023-06-27,26172.856791293336,26332.22561337126,26019.133246945956,26266.65625,1761,,
2023-06-28,26359.458999359536,26379.717872453046,25715.528558939775,25840.451171875,1373,,
2023-06-30,26091.247942844013,26284.82572071498,25335.915044876896,25632.638671875,4638,,
2023-07-03,25904.26709250226,26026.724769506913,25632.641382816124,25835.1875,2637,,
2023-07-04,26047.601444034884,26085.509689135088,25620.591584296606,25694.083984375,1357,,
2023-07-05,25744.328715570646,26047.60022217035,25715.52964482751,25930.220703125,1396,,
2023-07-06,25939.425180643786,26804.83181529213,25768.62123959477,25963.57421875,14453,,
2023-07-07,25963.57437355794,26000.155625820604,25527.787093588668,25618.55078125,2083,,
2023-07-10,25620.59134185549,26664.39321133849,25387.25380781824,26399.078125,10453,,
2023-07-11,26399.078060207263,26860.391410515276,26319.512261292504,26543.3125,3003,,
2023-07-12,26759.2824418081,27117.685281261343,26479.59100564771,27001.16015625,2617,,
2023-07-13,27224.249606740166,27470.966403455135,26960.68964409562,27369.384765625,2963,,
2023-07-14,27517.4635978788,27698.70555612546,26047.600805606162,27136.427734375,2935,,
2023-07-17,26911.158997225008,27233.740488609787,26720.3797358454,26866.84375,1946,,
2023-07-18,26866.842546287673,26981.851644332117,26437.60312747554,26502.603515625,1769,,
2023-07-19,26701.398983080497,26918.699539856698,26303.282745693974,26486.470703125,1378,,
2023-07-20,26737.459041965623,27380.772363783442,26436.93973934467,26720.6640625,2207,,
2023-07-21,26761.181253423896,26989.346104328546,26332.32177677997,26584.3984375,1569,,
2023-07-24,26584.397899535128,27135.05154375459,26553.654674206424,26836.001953125,8629,,
2023-07-25,26806.72664273655,27086.038130025467,26550.52075977942,26795.482421875,2072,,
2023-07-26,26889.61671954506,26997.12984882201,26544.890252410616,26621.787109375,1568,,
2023-07-27,26663.92565112736,26794.816213611484,26216.352613412007,26407.5234375,1205,,
2023-07-28,26591.55075612592,26759.152565790657,26387.762192101745,26465.611328125,2161,,
2023-07-31,26567.74689502798,27643.826825899396,26451.09221225652,27542.45703125,5342,,
2023-08-01,27603.82779282581,27709.4363513165,27141.018246915115,27226.19921875,14027,,
2023-08-02,27280.718322861983,27511.457249301293,26451.66107348231,26918.328125,3309,,
2023-08-03,26992.464196012865,27297.719284596194,26801.15015117567,27149.06640625,1750,,
2023-08-04,27282.908465975663,27403.705194824626,26240.158561255124,26821.52734375,1338,,
2023-08-07,26711.539596253486,27177.73050811574,25740.21088366245,26099.74609375,5426,,
2023-08-08,26283.01274380408,26668.68738732729,26056.845514577504,26181.689453125,2420,,
2023-08-09,26192.02208316579,26374.48101249232,25357.39430677592,25547.994140625,5135,,
2023-08-10,25702.120397650702,26982.703072891192,25378.582220359047,26777.67578125,17315,,
2023-08-11,26532.8428927579,28330.420338776807,26405.09375141278,28063.115234375,10075,,
2023-08-14,28045.736202635628,28058.924950769804,27110.545898116354,27311.810546875,3895,,
2023-08-16,27282.909841629098,27898.417629369073,27063.933094567692,27374.853515625,3761,,
2023-08-17,27367.662902920125,27885.89460098834,27323.33338243863,27782.525390625,2543,,
2023-08-18,27734.912216861856,28139.917101239043,27272.245847106915,27736.86328125,2629,,
2023-08-21,27736.863530836756,28038.071420489443,27298.147448960717,27648.77734375,2220,,
2023-08-22,27878.08581566409,28187.577801662068,27616.207981358108,28169.056640625,2279,,
2023-08-23,28169.0562832786,28997.018012576274,27784.76172587645,28799.5625,5384,,
2023-08-24,28901.789753454326,29194.235497886755,28836.1770811718,29091.19921875,2085,,
2023-08-25,29091.201267558332,29256.279169266647,28599.29869332133,28906.6015625,1787,,
2023-08-28,29139.862355418383,29256.230604252196,28936.88284418256,29016.828125,2553,,
2023-08-29,29106.43762766909,30462.583596611137,28937.07445303998,30074.1953125,6072,,
2023-08-30,30074.192615820837,30234.985228269725,29931.73145110877,30172.75390625,2573,,
2023-08-31,29931.77923020916,30139.37693294394,29564.579261944582,29666.998046875,2911,,
2023-09-01,29901.687897124742,29901.687897124742,29521.726958559364,29664.90234375,2486,,
2023-09-04,30177.85135878511,31663.41299083638,29663.66684427802,31254.7421875,7304,,
2023-09-05,31254.883203001973,31456.90857199627,30695.560103756234,30892.158203125,4944,,
2023-09-06,31139.606890037685,31151.98656949414,30462.963295395573,30947.19921875,13051,,
2023-09-07,31033.952758607462,31033.952758607462,30473.058034166093,30596.998046875,3672,,
2023-09-08,30792.07303391255,31609.2286233053,30487.48566630026,31344.255859375,3707,,
2023-09-11,31153.941514885548,31663.271617201615,30839.73645103656,31134.181640625,1664,,
2023-09-12,31234.885958193438,31234.885958193438,30139.855239764962,30202.80078125,4737,,
2023-09-13,30282.552965644994,30730.126004078058,29521.727158432946,29649.666015625,5980,,
2023-09-14,29662.665223099764,29987.53696305415,29431.35529438072,29626.90625,1580,,
2023-09-15,29806.460855367208,29886.833920521898,28682.861660274666,28917.791015625,4559,,
2023-09-18,29381.217783786444,29381.217783786444,28663.720837880493,28729.28515625,1781,,
2023-09-20,28663.719449371434,28942.928092196184,28197.100760660738,28621.67578125,1884,,
2023-09-21,28621.67631066144,29304.035478265607,28378.273133584695,28485.69140625,2308,,
2023-09-22,28383.749930499936,29949.30333873123,28383.749930499936,29792.271484375,6861,,
2023-09-25,29628.38223158309,30450.05928088514,29628.38223158309,30180.849609375,3369,,
2023-09-26,30017.865084282414,30424.48993013574,29363.503441036642,29475.634765625,5232,,
2023-09-27,29663.61758359971,29859.739537584977,29551.437894159924,29690.091796875,1499,,
2023-09-28,29735.942412217733,29901.355095355902,29139.86157600904,29391.978515625,1288,,
2023-09-29,29520.77303733989,31315.826494610395,29367.693544896265,30288.169921875,7504,,
2023-10-03,30377.830100446037,30534.718737093324,29818.125722968383,29879.453125,1746,,
2023-10-04,29947.3976085958,30032.532085968305,29275.656767483306,29469.779296875,1864,,
2023-10-05,29833.122575092617,29833.122575092617,29010.8261838901,29429.6875,3267,,
2023-10-06,29473.159477130986,29901.44876549414,29377.931175104713,29663.7109375,1739,,
2023-10-09,29520.775222906115,29596.957868642647,29140.81427729516,29353.5546875,1138,,
2023-10-10,29477.258179841316,29805.46106981324,29376.31616893484,29406.59765625,1133,,
2023-10-11,29551.24760641505,29901.687768801,29397.026110444865,29614.8125,1692,,
2023-10-12,29880.49956493103,29880.49956493103,29188.42785619431,29524.345703125,5129,,
2023-10-13,29778.843264883824,29778.843264883824,29313.176853303503,29345.31640625,1868,,
2023-10-16,29163.66940805924,29630.33647671348,29092.437889501212,29158.669921875,4457,,
2023-10-17,29420.735449614236,29462.25647709415,29044.726872369018,29217.7578125,897,,
2023-10-18,29316.034560204807,29318.843051314132,28664.672934764494,28926.55078125,1840,,
2023-10-19,28947.498245563605,29209.1863544232,28758.94621409372,28989.208984375,962,,
2023-10-20,29033.20581416978,29209.80596295113,28569.443965852388,28656.767578125,1124,,
2023-10-23,28598.96582455824,28736.046231707387,27854.280446468052,27987.6484375,1379,,
2023-10-25,28201.862620945292,28472.83550770859,27540.83496757093,27908.654296875,2330,,
2023-10-26,27908.65465622077,28092.207217091232,27492.412100286863,27778.240234375,3270,,
2023-10-27,27712.865449371777,28567.4911369433,27712.817091247674,28354.609375,2905,,
2023-10-30,28458.0272114814,28458.0272114814,28092.350513274705,28185.29296875,805,,
2023-10-31,28235.24047543226,28444.64602784739,28092.349661403725,28342.513671875,1045,,
2023-11-01,28405.74652083105,29044.681961917773,28178.532152558753,28874.080078125,2663,,
2023-11-02,28874.078819596212,29949.301213926865,28874.078819596212,29830.50390625,3070,,
2023-11-03,29834.0745892998,29949.300834162557,29577.815601842645,29796.078125,1210,,
2023-11-06,29815.981787993926,30151.13705776552,29815.981787993926,29950.015625,1258,,
2023-11-07,29950.01575542243,29996.91569504087,29599.862026343824,29826.45703125,1484,,
2023-11-08,29801.41098755382,30164.041109258695,29748.51278120716,29977.7265625,1295,,
2023-11-09,29865.500723528952,30271.173298882037,29769.891134253605,30212.65625,1981,,
2023-11-10,30212.131989610403,30862.87423866437,29854.1219215821,30052.1484375,6310,,
2023-11-13,30327.357170132633,30360.162576019004,29520.773456655625,29765.12890625,3790,,
2023-11-15,29854.12285636683,29996.916959955845,29558.866744032683,29661.33203125,948,,
2023-11-16,29619.81073595229,29985.344197267772,29141.76466504668,29240.9453125,2816,,
2023-11-17,29414.116918695625,29507.48900959361,28840.842560205117,28908.8359375,2063,,
2023-11-20,29057.632559542675,29499.824829417128,28425.64953057335,29263.27734375,2292,,
2023-11-21,29272.22821074914,29740.751463935274,29185.475598252473,29480.015625,2328,,
2023-11-22,29509.347714440297,29517.49047864374,29159.954684766966,29261.9921875,1248,,
2023-11-23,29425.545490066583,29616.954378205854,29114.148940705687,29255.611328125,1250,,
2023-11-24,29139.861959892834,29301.322298481624,28787.517223776482,28878.173828125,1311,,
2023-11-28,28878.175402276425,29423.64391881204,28859.892310295738,28972.26171875,4700,,
2023-11-29,29125.528382256325,29125.528382256325,28754.091498945887,28804.5625,1522,,
2023-11-30,28975.830467891534,29730.276711474682,28882.839656416043,29556.771484375,12835,,
2023-12-01,29616.95580276688,29984.48871019208,29139.861984009083,29605.00390625,3005,,
2023-12-04,29605.002624541343,30139.757904090406,29425.78370223916,29858.453125,7884,,
2023-12-05,29858.453644179157,29992.67905556869,29616.28918135919,29896.974609375,4177,,
2023-12-06,29949.302934115396,29949.302934115396,29263.659114955997,29372.076171875,3367,,
2023-12-07,29616.002235643886,30138.757261037936,29425.832058507025,29993.201171875,2320,,
2023-12-08,29996.91607426066,30026.864632211287,29710.278876217722,29977.583984375,865,,
2023-12-11,30098.81264725716,30410.54215536394,29758.942428914554,30289.458984375,3611,,
2023-12-12,30289.456857439425,30289.456857439425,29606.480194039537,29725.943359375,1592,,
2023-12-13,29987.29854896055,30092.144541342128,29687.424242922178,29995.439453125,1108,,
2023-12-14,29987.916931231735,30134.044017321867,29551.341662837283,29658.568359375,2505,,
2023-12-15,29888.35555019579,29924.68552022634,29516.965163890545,29704.61328125,1945,,
2023-12-18,29360.838517552053,29897.02035759133,29308.41459317498,29536.05859375,1436,,
2023-12-19,29681.71150951338,30073.09985788548,29520.775667968646,29967.82421875,2661,,
2023-12-20,29967.82390445941,30025.485388686982,29044.633820328352,29251.70703125,1791,,
2023-12-21,29251.659932707942,30187.27803575083,29015.636949132004,29861.978515625,3384,,
2023-12-22,29967.346718939418,30057.43418274014,29514.108348641643,29694.08984375,1812,,
2023-12-26,29641.715988917826,29987.251539012068,29595.14897344401,29947.017578125,1511,,
2023-12-27,30063.575384128537,35651.95165305104,30063.575384128537,34653.53125,88939,,
2023-12-28,33713.34510837997,34466.362998878045,33171.59271974398,33416.90234375,24253,,
2023-12-29,33417.469774470504,37973.337142998025,33189.159904064436,35528.87109375,54528,,
2024-01-01,35234.47303431761,35710.6145618084,34667.86461660359,34910.6484375,10350,,
2024-01-02,35109.675022439966,35171.81149076245,33472.797193914455,33933.60546875,9804,,
2024-01-03,34186.96502456242,34712.52860617588,31932.624383581555,32603.080078125,18794,,
2024-01-04,33033.69955902048,33075.361943966,32568.081488840515,32684.0703125,6087,,
2024-01-05,32687.115472147845,33115.64284177542,32234.78102642985,33041.31640625,4835,,
2024-01-08,33044.22091580512,33428.70518654738,32199.497515829255,32444.85546875,5414,,
2024-01-09,32700.44860190446,33128.02370374945,32378.387209029344,32525.228515625,3829,,
2024-01-10,32473.80690400418,32689.926815640265,32027.94868804884,32422.048828125,5599,,
2024-01-11,32748.065260043986,32804.249965919196,32377.62711452777,32471.568359375,1428,,
2024-01-12,32728.063129927155,32728.063129927155,32321.486634800203,32464.66015625,1700,,
2024-01-15,32465.23369074003,33088.83773301707,32377.62365027458,32867.4765625,3579,,
2024-01-16,32917.51972109916,33043.9836536872,32472.851896360455,32696.828125,1705,,
2024-01-17,32696.828472415425,33015.08072607111,32245.82944856564,32706.541015625,3171,,
2024-01-18,32700.446961723443,32776.15346259583,32092.890388684635,32465.947265625,3290,,
2024-01-19,32614.741104574077,32839.33854245684,32192.117156941258,32297.630859375,2994,,
2024-01-23,33187.063984291904,33187.063984291904,31715.78668570565,31927.859375,4424,,
2024-01-24,32556.65381005269,32996.511875019685,32001.710847381335,32826.1015625,4769,,
2024-01-25,32535.70359790426,33097.64732939639,32330.01045334103,32423.572265625,2771,,
2024-01-29,32625.16955879375,32625.16955879375,31859.582330076442,32114.935546875,2703,,
2024-01-30,32244.304858469088,32434.713114983788,31967.1904841686,32049.611328125,1639,,
2024-01-31,32049.6108046106,33005.22685295483,32049.6108046106,32766.490234375,4845,,
2024-02-01,32806.963091326084,32853.766316846755,32091.93985152857,32190.8359375,2999,,
2024-02-02,32376.575203349188,32414.763242189325,31234.8845249217,31300.40234375,5414,,
2024-02-05,31401.532597231468,31401.532597231468,30664.46553945263,30835.828125,6870,,
2024-02-06,31026.285151418753,32157.64575316007,30864.683464630558,31542.708984375,6875,,
2024-02-07,31901.484943425305,32377.626509745085,31730.360408461172,32351.580078125,7492,,
2024-02-08,32429.71354043535,32936.75591740587,31330.113022783164,31532.09375,6665,,
2024-02-09,32269.063738206285,32269.063738206285,30496.816607231995,31085.04296875,7037,,
2024-02-12,31139.56235366042,31328.01955016759,30188.326397972898,30275.603515625,3434,,
2024-02-13,30306.408347761953,30466.05897456299,29712.183719042285,29969.443359375,4281,,
2024-02-14,29977.488514925837,30092.095405660893,29363.647245451433,29470.541015625,3942,,
2024-02-15,29470.54080067827,29686.852261464093,29051.964053704047,29319.22265625,4826,,
2024-02-16,29509.158558592066,29711.23228548565,29330.413907379374,29423.0234375,1961,,
2024-02-19,29735.134796702205,30155.186502144974,29330.319620932645,29443.0703125,8782,,
2024-02-20,29626.477220459503,30012.295060410383,29520.77380457859,29887.021484375,3214,,
2024-02-21,29996.916904079022,30015.962565605423,29434.117605973923,29529.583984375,2801,,
2024-02-22,29784.557449548975,29784.557449548975,28960.070027193728,29059.537109375,9309,,
2024-02-23,29330.319168599508,29696.948158207004,28806.658325483637,28930.02734375,4440,,
2024-02-26,29109.199857717344,29471.257145500058,28968.50003080615,29275.611328125,2454,,
2024-02-27,29346.50704058606,29913.020604590474,29346.50704058606,29755.1796875,3400,,
2024-02-28,29945.637443298154,29945.637443298154,28949.406110697244,29205.998046875,3537,,
2024-02-29,29328.60399649791,30835.59196987922,29111.2937417167,30451.775390625,5454,,
2024-03-01,30734.93496511554,30734.93496511554,29996.915612738638,30201.037109375,7287,,
2024-03-04,30316.88346260724,30316.93182073132,29092.247448883372,29193.189453125,4602,,
2024-03-05,29345.45924427042,29412.024200615764,28573.30091485209,28678.623046875,15807,,
2024-03-06,28758.949419074164,29086.916088408394,28679.05249555678,28876.74609375,2769,,
2024-03-07,28878.84038517404,29309.367172150378,28821.798259545885,29026.111328125,2582,,
2024-03-11,28868.70000570005,29185.239277476816,28569.493402155,28665.482421875,1471,,
2024-03-12,28995.115498389725,29646.904914786166,28573.77858956719,29371.45703125,3630,,
2024-03-13,29371.4575235973,29425.547947938794,28478.121114677986,28803.279296875,6237,,
2024-03-14,28803.27833499894,28993.353664446062,27997.12235531712,28695.2890625,4529,,
2024-03-15,28805.61059644974,28920.170993789692,27997.122269682382,28182.29296875,21361,,
2024-03-18,28182.817146005396,28207.43329110799,27845.85215738566,28107.681640625,1842,,
2024-03-19,28328.517232985316,28667.816440386378,27809.904236506336,28262.71484375,6670,,
2024-03-20,28262.71363684703,28758.947959621695,27863.801897302343,28605.58203125,7617,,
2024-03-21,28889.41203665909,28889.41203665909,28451.932814106836,28615.392578125,8054,,
2024-03-22,28758.948031394768,29425.546164572792,28706.096322264224,29262.134765625,2103,,
2024-03-26,29520.776459293396,29520.776459293396,28872.985872634225,29032.3984375,2225,,
2024-03-27,29318.88982926794,30146.85156295231,28739.75853453101,29973.203125,9289,,
2024-03-28,29973.204189834156,29973.204189834156,29551.29629577615,29704.8984375,6634,,
2024-04-01,29330.317908311637,29949.253532019306,28977.973180192308,29076.248046875,3789,,
2024-04-02,29330.317245529124,29350.31518910562,28426.74386691662,28832.892578125,5529,,
2024-04-03,28832.275361585682,29103.581188223834,28758.99792115701,28824.751953125,2567,,
2024-04-04,29041.776370488165,29139.861525295535,28569.443974522594,28879.412109375,5277,,
2024-04-05,28758.948775054534,29044.633696661036,28758.948775054534,28900.314453125,1553,,
2024-04-08,28900.31476787105,29098.38964900874,28527.544299239562,28559.494140625,5893,,
2024-04-09,28758.899567209457,28986.924858024457,28527.018646023414,28616.10546875,16194,,
2024-04-10,28899.885381388664,28900.789306295635,28349.465790297236,28426.505859375,2535,,
2024-04-12,28711.334148545306,28711.334148545306,28093.397301302986,28198.1484375,1897,,
2024-04-15,28197.102700820284,28197.102700820284,27617.162290661567,27793.62109375,3467,,
2024-04-16,27793.61973920738,28529.49647173493,27527.694695456725,28339.5625,4399,,
2024-04-18,28513.54620167979,28568.443832897905,27854.756027783656,27983.076171875,2183,,
2024-04-19,27978.076010708686,28330.37238110657,27616.208451686587,28245.19140625,1820,,
2024-04-22,28368.179632927124,29036.966914785058,28257.14379932365,28408.365234375,3303,,
2024-04-23,28408.364381595653,28555.159183922093,28263.903788669522,28335.84765625,1215,,
2024-04-24,28568.491749908626,29235.08989073983,28478.928784301526,28838.369140625,6752,,
2024-04-25,28760.90147531142,28854.22521564267,28439.933724415307,28545.255859375,4976,,
2024-04-26,28550.78002638197,28967.880011326826,28092.35058418532,28537.970703125,4523,,
2024-04-29,28537.9699644271,28877.412372130762,28187.578161622252,28591.39453125,7846,,
2024-04-30,28609.438766481362,29139.81205043662,28507.687697791935,29014.25390625,6040,,
2024-05-02,29139.86205731378,29139.86205731378,28187.6273416702,28314.470703125,11917,,
2024-05-03,28459.93097307278,28757.043281966533,27950.60276040506,28279.759765625,13550,,
2024-05-06,28313.612792698776,28435.743094823258,28103.682736643863,28183.103515625,1531,,
2024-05-07,28211.386459228714,28455.979998198505,27730.531858302405,28211.576171875,2882,,
2024-05-08,28272.332655001916,28328.70706995076,27617.494816270668,27734.482421875,4658,,
2024-05-09,27806.664277415257,27951.316440624763,27259.101539075742,27458.748046875,5379,,
2024-05-10,27487.64967244285,27487.64967244285,27249.05441520547,27325.095703125,1520,,
2024-05-13,27344.806931091152,27778.95313208191,27140.06608170287,27547.5,4917,,
2024-05-14,27547.50065070761,27949.4124529367,27355.282690482843,27501.36328125,4462,,
2024-05-15,27561.595929031613,27805.71332169609,27139.06681551208,27253.4375,2795,,
2024-05-16,27317.430787057394,28855.129906440405,27317.430787057394,28574.349609375,31105,,
2024-05-17,28677.813572315423,29443.638836704136,28473.214076544165,28866.412109375,11068,,
2024-05-21,29651.236810151768,30177.754471289554,29044.632517892824,30030.388671875,6497,,
2024-05-22,30003.01155693594,30144.806877422106,29631.288234178686,29701.04296875,6537,,
2024-05-23,29720.991782319925,29806.36432893674,29330.317664724047,29371.50390625,2398,,
2024-05-24,29396.977554881436,29602.051336327804,29139.861133118626,29227.51953125,2085,,
2024-05-27,29222.70968691208,30092.144103575512,29092.246910260503,29465.63671875,5199,,
2024-05-28,29757.844759574946,32948.04134465929,28850.03444127448,32296.251953125,113543,,
2024-05-29,32853.667366374124,33849.13790601966,31380.48553924919,31895.529296875,77574,,
2024-05-30,31568.182098610123,32838.38629220034,31258.6901172512,32378.43359375,20394,,
2024-05-31,32378.435727311724,32758.538031675904,31601.6554411818,31791.970703125,16302,,
2024-06-03,32472.85342441796,32818.24575777924,31806.255260280348,32202.263671875,12641,,
2024-06-04,32215.737020470155,32377.57678807537,29000.639587423546,30808.787109375,17091,,
2024-06-05,31234.884680859035,31806.25452258207,30382.542975497556,31568.849609375,4946,,
2024-06-06,31711.02248367116,32773.72190608607,31663.456693916713,32364.240234375,9949,,
2024-06-07,32267.159546985265,32663.30930414339,31942.051594798275,32141.79296875,6699,,
2024-06-10,32568.07785776231,32882.33124060037,32143.787432810943,32530.224609375,4893,,
2024-06-11,32773.7247409043,34708.908952222264,32738.300555793485,33926.51171875,26727,,
2024-06-12,33926.51200494577,34663.10294247333,33807.00048243807,34504.64453125,10280,,
2024-06-13,34853.56138019006,35329.70292909977,34095.64075057794,35134.10546875,9335,,
2024-06-14,35186.86211414149,35612.53267882407,34569.83099595145,34748.09765625,9355,,
2024-06-18,34796.42393753381,35470.64036193922,34796.42393753381,35299.75390625,6367,,
2024-06-19,35612.531557597395,35710.61671818334,34913.414398508976,35168.33984375,10351,,
2024-06-20,35234.47455886325,35422.550470359885,34777.47538894617,35269.28125,3562,,
2024-06-21,35520.15942743993,36432.87441545884,35323.03682686406,36153.85546875,19263,,
2024-06-24,36422.493026699885,36520.05367775579,35424.928208931306,36345.64453125,4404,,
2024-06-25,36472.43970897467,36663.8485962202,35710.613292077025,36056.1953125,3597,,
2024-06-26,36376.260626438874,36499.62964089236,35291.65857870126,35408.40625,8346,,
2024-06-27,35901.024801741856,36070.4828367839,35291.611970947575,35678.953125,5831,,
2024-06-28,36059.817348354365,36069.48525363356,34782.85408249885,35048.11328125,7102,,
2024-07-01,35568.34827521337,36184.85489450563,35282.09047427322,36050.6796875,6475,,
2024-07-02,36313.93688035598,38906.955469821325,36144.85826765725,37052.09765625,34347,,
2024-07-03,37298.07028808553,37813.68320248711,36281.98427186302,37531.23828125,18456,,
2024-07-04,37601.08446075045,38053.08782454155,37331.97151333443,37639.17578125,11808,,
2024-07-05,37794.03623347722,38230.072055955745,37406.40509262105,37569.30859375,8303,,
2024-07-08,37434.50675221282,38180.16291661733,37183.51559922354,38079.62109375,7139,,
2024-07-09,38079.62224953519,38938.51669638118,37906.25573811063,38783.078125,7073,,
2024-07-10,38763.11401204955,38879.4033540857,37601.23888052295,38130.59765625,6583,,
2024-07-11,38569.29682497163,38617.70150447274,38123.377185034835,38211.46484375,7095,,
2024-07-12,38423.889371757745,38554.423407278395,37055.50217139289,37450.984375,2374,,
2024-07-15,38763.116931711134,38860.073935028704,37365.415085853834,37796.36328125,4253,,
2024-07-16,37783.37975647294,38362.83915289546,37367.743742699306,37573.08984375,3361,,
2024-07-18,37788.70718217549,37890.895686962904,36817.206612861075,36936.0625,2711,,
2024-07-19,37094.79463606215,37194.851916969375,36159.8768466651,36355.4375,2875,,
2024-07-22,35952.83629178606,37309.49602724847,35874.19335550703,37210.45703125,2927,,
2024-07-23,37309.49521963069,38036.401990028906,36975.21259033281,37300.53125,4949,,
2024-07-24,37218.500765715005,37677.745225355415,37067.41926396994,37218.40234375,2484,,
2024-07-25,37075.999299250514,37381.83800259086,36388.87388103073,36572.22265625,4205,,
2024-07-26,36766.814508333846,37649.402181329766,36590.20006594735,36754.0234375,4874,,
2024-07-29,37793.068835254824,38205.70296012691,37309.49896554555,37675.1328125,9911,,
2024-07-30,37949.037544423314,39386.179925890785,37756.77402254322,38376.109375,16694,,
2024-07-31,38569.2990817989,38569.44292929469,37901.797490346435,38071.0,5319,,
2024-08-01,38196.63903304514,38679.145168960975,37958.77963031437,38104.28515625,18527,,
2024-08-02,38074.09988887779,38713.69127391328,37696.93554437015,38194.5078125,3363,,
2024-08-05,37842.48947454279,37882.513146239166,36824.957747314365,37012.28125,3842,,
2024-08-06,37745.53226109614,38278.574278489024,36490.62568244314,36897.4453125,8850,,
2024-08-07,37074.836970625285,37987.85216347736,36248.357402420166,36535.98046875,5447,,
2024-08-08,36723.20489613958,36745.68674502694,35858.78745934431,35974.30078125,2296,,
2024-08-09,36339.450683487834,36380.20116460564,35774.42907994631,36282.08203125,3578,,
2024-08-12,36340.372014256485,37018.63190728076,36184.399683449854,36552.30859375,2545,,
2024-08-13,36558.462364721854,36746.07735309581,35663.1328416955,35856.80078125,2605,,
2024-08-14,36340.4183327206,36524.4446969734,34652.57624687666,34905.3125,5400,,
2024-08-16,35080.56814204768,35468.24848400383,34357.92756322384,34576.74609375,6896,,
2024-08-19,34852.88593025757,35235.67169259462,34121.28134234625,34330.98828125,5834,,
2024-08-20,34616.43273734152,34944.95015560973,33952.61435529513,34185.0,5140,,
2024-08-21,34295.66909079402,34982.69615517455,34118.57009315789,34929.34765625,4264,,
2024-08-22,34840.28415968125,35032.16155909205,34082.900667692746,34233.30078125,5687,,
2024-08-23,34450.71771708057,34595.98097324215,33731.66194925853,33899.5546875,7138,,
2024-08-26,34384.09264837364,34384.09264837364,33702.588666553136,33786.8984375,3486,,
2024-08-27,34266.59508373352,34809.180294305566,33927.75850484572,34761.2109375,8506,,
2024-08-28,34838.34837774685,35032.16394591234,34198.75700280073,34275.12109375,3858,,
2024-08-29,34477.85013190091,34477.85013190091,33872.517195444365,34073.2109375,2822,,
2024-08-30,34450.66816864793,34707.57221946611,34258.16236897934,34560.8515625,4792,,
2024-09-02,34644.535385102645,34789.84786104538,34285.97655734074,34565.21484375,1298,,
2024-09-03,34442.961926536875,35037.97567429709,34442.961926536875,34613.27734375,2612,,
2024-09-04,34547.627286056726,35123.25956117363,33787.87020913475,33882.83984375,13516,,
2024-09-05,34226.86137427151,34838.349511737615,33675.45606489241,33819.0234375,11006,,
2024-09-06,34305.30737222609,34489.38295646115,33399.802525072606,34013.421875,8995,,
2024-09-09,34064.92739876263,34400.27755803001,33433.18703958152,33845.48046875,5307,,
2024-09-10,33917.72790904755,34284.95923741637,33628.022815899414,34239.12109375,3284,,
2024-09-11,34401.92331652225,34450.71790092614,33971.02436053349,34046.953125,7738,,
2024-09-12,34255.93486240277,34402.26562605161,33821.886382955774,34028.15234375,1922,,
2024-09-13,34538.52143733972,34538.52143733972,34063.09027622746,34421.79296875,1735,,
2024-09-16,34691.049318787445,34823.2300250369,34456.53247608264,34700.0625,2536,,
2024-09-17,35010.845722670325,35010.845722670325,34493.84267259712,34621.859375,3326,,
2024-09-18,34789.84681376899,34789.84681376899,33919.32339375105,34277.49609375,1595,,
2024-09-19,34277.39827252361,34582.94929170076,33615.033527407475,34155.5859375,4572,,
2024-09-20,34594.91631463792,34594.91631463792,33704.52684940237,33761.55859375,3976,,
2024-09-23,34149.13905742804,34506.777971600866,33820.81474629463,34391.6015625,10245,,
2024-09-24,34499.174411960936,34768.57807731276,33967.24904876528,34133.83203125,2832,,
2024-09-25,34402.26568422202,34402.26568422202,33854.73666699426,34127.19140625,4275,,
2024-09-26,34111.53854255162,34644.338273811125,34111.53854255162,34505.7109375,3301,,
2024-09-27,34614.49192866086,34789.895020547185,33360.505183352,33458.48046875,14052,,
2024-09-30,33627.0027006857,33689.99276338151,32409.89008481163,32787.78125,20064,,
2024-10-01,33246.05423310608,33474.612750341985,32971.7105744947,33365.3984375,3731,,
2024-10-03,32900.1938841019,33907.065797079274,32900.1938841019,33497.921875,5684,,
2024-10-04,33523.31211891709,33796.59208936009,32858.47546210009,33268.30078125,3177,,
2024-10-07,33268.298690845964,33478.83085342837,32517.407205766627,32773.29296875,3761,,
2024-10-08,32893.40928238166,33094.106818201515,32560.966370667993,32870.734375,3648,,
2024-10-09,32958.33628186155,33934.14842447609,32958.33628186155,33846.49609375,4483,,
2024-10-10,33979.74514653131,34163.86993485669,33259.72031639577,33363.703125,4619,,
2024-10-11,33457.46283610796,33638.438129214155,32854.647187038834,32943.8515625,2307,,
2024-10-14,33083.10810278649,33413.465244154686,32842.049975568356,32971.421875,4482,,
2024-10-15,33239.36852673319,33552.38065600826,32900.240507850576,32946.70703125,5622,,
2024-10-16,33141.4941263241,33346.16261568599,32735.45049817913,33161.01953125,13528,,
2024-10-17,33161.020468643765,33324.6015750637,32304.162547562493,32675.90234375,3676,,
2024-10-18,32696.685284949075,33165.28361671619,32295.294013439277,32959.44921875,4513,,
2024-10-21,32959.450645788114,33239.370297300986,32706.377479122693,32826.05859375,1237,,
2024-10-22,32851.6878953002,33229.67744467261,32173.38265275972,32797.46875,4069,,
2024-10-23,33307.15862825566,33307.15862825566,32107.10326706978,32824.65625,3709,,
2024-10-24,33011.63454536491,33142.36162358275,32832.54821469347,32941.91015625,2061,,
2024-10-25,32774.215536872194,33063.96983744951,32282.843816209068,32705.0703125,3457,,
2024-10-28,32754.832748198914,32890.35980557352,32212.24755067553,32275.767578125,2734,,
2024-10-29,32512.56419716372,32635.1033429846,32183.07770455461,32484.4609375,2362,,
2024-10-30,32699.109677363635,33821.44568626872,32699.109677363635,33531.69140625,6014,,
2024-10-31,33539.785707613606,35029.93601907387,33457.898626068,34932.93359375,11265,,
2024-11-01,35012.92633825435,35194.58300841318,34959.82390079107,35048.4453125,1255,,
2024-11-04,35225.98065164099,35241.58431956633,34211.356119529075,34969.2734375,4381,,
2024-11-05,34571.90137070074,35985.49446771878,34209.41704527393,34366.94140625,6786,,
2024-11-06,34208.44561617887,34634.790628175746,34159.99172720411,34336.75,2669,,
2024-11-07,34712.37102295714,35247.44588119963,34392.67373199137,34948.1484375,3783,,
2024-11-08,35175.58923663955,35175.58923663955,34413.16720699808,34814.80078125,2551,,
2024-11-11,34852.83611057427,34934.33707298707,33748.18576939779,33891.8515625,5050,,
2024-11-12,34208.447179829745,34748.36737517092,33655.10374244496,33819.703125,4665,,
2024-11-13,33045.605767838315,33181.22746353598,32231.674964242353,32332.216796875,6140,,
2024-11-14,32644.358198392398,32716.06996312199,31250.339636723234,31462.1796875,5692,,
2024-11-18,31398.122914166594,31815.261725235097,30584.290563762253,30685.02734375,5292,,
2024-11-19,30913.582201736244,31222.572283535792,30356.36245985542,30915.423828125,3644,,
2024-11-21,31155.3692365889,31155.3692365889,29848.80998766649,30336.44921875,11612,,
2024-11-22,30333.106094681832,30492.712461125557,29681.885772787125,29736.638671875,5261,,
2024-11-25,30138.3210780711,31107.253186017333,29740.99916032161,30903.892578125,8712,,
2024-11-26,30903.89233845804,31452.390396268238,30236.197706247392,30766.041015625,5711,,
2024-11-27,30958.211007920116,31005.64661281262,30433.697608039358,30761.73046875,5797,,
2024-11-28,30882.42686601483,31784.977133785436,30624.797900787544,31051.337890625,5640,,
2024-11-29,31325.150299039284,31417.50417605666,30692.44087933857,31248.20703125,6933,,
2024-12-02,31248.20824130736,31302.718872964902,30622.86151783987,30706.541015625,4815,,
2024-12-03,30730.42716950291,30744.28573961013,29992.958938416166,30138.513671875,12004,,
2024-12-04,30186.77535873492,30487.189495531322,29944.505893576537,30041.462890625,6184,,
2024-12-05,30360.19046604983,30477.448884796715,30058.0331309005,30311.009765625,12596,,
2024-12-06,30448.426520212575,30757.611570152327,30170.83492285797,30422.068359375,5140,,
2024-12-09,30702.810556297492,30702.810556297492,30041.41488977266,30163.615234375,4044,,
2024-12-10,30138.322847199284,30598.684063087603,29916.40400694177,30308.6875,6932,,
2024-12-11,30553.960301525265,30719.76915015878,30246.95566850981,30637.736328125,4334,,
2024-12-12,30768.221204356618,30787.602761020782,30349.871060852747,30500.078125,3708,,
2024-12-13,30244.920600487283,30700.241463342678,30235.229821698278,30624.9921875,2590,,
2024-12-16,30624.991229925447,30682.797102140452,30298.945744856144,30520.4765625,3936,,
2024-12-17,30520.478067109616,30646.31245340768,30012.391661679067,30167.345703125,6071,,
2024-12-18,29994.898298022064,30326.419459530083,29653.78288703396,29946.783203125,5442,,
2024-12-19,29556.876068528458,30235.181390261478,29556.876068528458,30148.255859375,2250,,
2024-12-20,29847.647392378276,30477.353052138504,29773.075715179824,29861.01953125,4409,,
2024-12-23,30138.321701794524,30183.48035190776,29578.19469396053,29727.771484375,2004,,
2024-12-24,29566.564809217438,30303.06396539591,29566.564809217438,30035.501953125,2945,,
2024-12-26,30281.744301612332,30378.602874491666,29691.768956360338,30020.384765625,5472,,
2024-12-27,30060.503500978397,30259.406730183353,29413.354446784255,29494.853515625,3152,,
2024-12-30,29556.874617157613,29734.21586486056,29148.942050640097,29570.634765625,3068,,
2024-12-31,29556.875672220813,29556.875672220813,29267.170593830604,29453.330078125,1893,,
2025-01-01,29459.9673124246,29799.04803842516,29179.903807382143,29242.505859375,2341,,
2025-01-02,29217.794123048294,30706.055452391265,29217.794123048294,30000.76171875,8531,,
2025-01-03,30235.228275051784,30380.493420214167,29581.10074025499,29676.990234375,3518,,
2025-01-06,29676.991661138214,29682.806128393724,29072.336277551036,29339.220703125,6116,,
2025-01-07,29127.57190747874,30288.527130726558,28975.4266904087,30000.46875,7413,,
2025-01-08,29849.537767568163,30253.30445709589,29159.55429602383,29823.421875,8050,,
2025-01-09,29702.236481535554,30149.46591501773,29275.84222209426,29648.744140625,7877,,
2025-01-10,29648.74534186718,29787.225059825818,28684.705888234017,28775.75,5342,,
2025-01-13,28587.796251798143,29041.37389145475,27739.853142634638,28144.0078125,13631,,
2025-01-14,28636.251049283943,28821.295711408806,27988.810503091354,28126.224609375,10089,,
2025-01-15,28200.167208529216,28469.521656784545,27812.632573395844,27924.271484375,4643,,
2025-01-16,28393.98169654452,29799.144613267716,28064.495219519773,29535.701171875,14020,,
2025-01-17,29702.235727829768,29702.28493881372,28622.198477628586,28717.845703125,4865,,
2025-01-20,28781.51597914929,29005.420283580646,28533.52857565723,28697.302734375,2927,,
2025-01-21,28592.788856953903,28713.72864187048,27909.539734179827,27949.224609375,8185,,
2025-01-22,28064.495705658883,28226.623193813026,27677.01028973298,28123.3671875,10265,,
2025-01-23,28123.365606797386,29102.376490536335,27876.05770016247,29057.556640625,8885,,
2025-01-24,28713.776861746006,29021.40986991756,28103.3070236961,28209.517578125,8761,,
2025-01-27,28209.516925942167,28360.062788784748,27533.439397059705,28307.248046875,5419,,
2025-01-28,28307.732538846965,28555.04044437905,27766.356829677992,28487.447265625,3295,,
2025-01-29,28248.61982622875,28568.657791841513,28103.112405936285,28498.25390625,3320,,
2025-01-30,28490.88891517119,29322.308503139357,28399.892126110368,28998.201171875,5351,,
2025-01-31,28612.02412087895,29266.151683337655,28502.51832153401,28967.91796875,12115,,
2025-02-01,28747.694101282992,29217.696853318128,28054.41543653916,28971.744140625,7488,,
2025-02-03,28769.98251743686,29290.377310345226,28442.046202354162,28553.732421875,4451,,
2025-02-04,28587.846631225402,28587.846631225402,27492.59367713457,27866.94921875,15347,,
2025-02-05,28244.743873381187,28293.48924780777,27563.531335139676,27613.970703125,7570,,
2025-02-06,28093.567286470163,28093.567286470163,27373.93044297644,27604.958984375,17114,,
2025-02-07,27604.958315792774,27895.681668045832,27038.290048359515,27296.2578125,14235,,
2025-02-10,27376.449281404628,27376.449281404628,26601.187000869275,27238.791015625,15377,,
2025-02-11,27347.085844837526,27347.085844837526,26602.156447785397,26698.62890625,9827,,
2025-02-12,26698.094808681326,27022.73588893208,25635.25867505442,26809.345703125,11042,,
2025-02-13,26649.64248903811,26789.674246844148,26155.50928484985,26355.52734375,12432,,
2025-02-14,26359.887871421317,26447.055671148235,25745.49248483696,25913.09375,14138,,
2025-02-17,25736.47793032098,26407.371279591436,25411.208465789703,26097.412109375,9473,,
2025-02-18,26068.193874048844,26077.933863424703,25705.758762194037,25853.05859375,2475,,
2025-02-19,25825.92518970938,26342.152213051,25730.955558617767,26165.92578125,2986,,
2025-02-20,26129.244699237348,26746.547257313756,25852.81525702181,26594.208984375,2401,,
2025-02-21,26615.724396095222,26939.39641314586,26065.869219721226,26498.5625,5081,,
2025-02-24,26498.56187317991,26498.61108416562,25518.824144145314,25952.001953125,7783,,
2025-02-25,25971.28818500585,26292.87631333271,25554.584680544936,25667.966796875,3078,,
2025-02-27,25911.20325256408,25963.67919607856,25438.293267252866,25648.6796875,5482,,
2025-02-28,25564.27479709553,25842.350941179568,25205.715976969474,25484.1328125,6684,,
2025-03-03,25484.13122227072,25614.714460100568,24922.889417460086,25463.392578125,4180,,
2025-03-04,25352.046810503463,25564.27486950351,24934.37423776821,25179.06640625,4679,,
2025-03-05,25168.066583743443,27613.581856586516,24972.651656735823,26922.58203125,11567,,
2025-03-06,26922.58263667107,27256.719551242393,26727.36076375134,27042.021484375,5253,,
2025-03-07,27042.02127096576,27446.223269573133,26703.133606220596,26866.037109375,4144,,
2025-03-10,26892.006125812397,27037.32048105431,26257.163622314565,26618.775390625,3931,,
2025-03-11,26435.475063130896,27181.131268806,26030.25477558349,27084.126953125,6337,,
2025-03-12,26855.085567756494,27327.802503397634,26212.102409766943,27086.017578125,6238,,
2025-03-13,27086.019047406022,27242.57244802686,26611.36393030361,27018.18359375,2796,,
2025-03-17,26727.168007400232,27155.354691365777,26379.269047477945,26444.197265625,3112,,
2025-03-18,26444.197265625,26444.197265625,26444.197265625,26444.197265625,0,,
2025-03-19,26756.240269587033,27656.755889670832,26610.587107115767,27467.251953125,5635,,
2025-03-20,27801.729817237756,27812.584625232685,26994.682886918272,27107.53125,6489,,
2025-03-21,27305.22166599129,28353.279346390544,27048.900578182132,27646.43359375,7877,,
2025-03-24,27763.110648237205,28200.16474793894,27508.920777283147,27648.56640625,4252,,
2025-03-25,28103.25840805517,28297.07398328314,27402.906584061006,27585.3828125,3700,,
2025-03-26,27585.384384261048,27827.992665829956,27034.367051038098,27084.37109375,2591,,
2025-03-27,26901.602076599716,27512.121143900073,26804.74349912567,27029.423828125,4804,,
2025-03-28,26862.83818299271,28506.68570811547,26862.83818299271,27995.8359375,9904,,
2025-04-01,27813.50468339479,27870.729490225738,27140.044756896597,27358.619140625,3199,,
2025-04-02,27358.617255101253,27933.668417301284,27203.66133171823,27784.576171875,1840,,
2025-04-03,27715.626739407144,28103.257882615635,27214.662697795146,28074.185546875,1915,,
2025-04-04,28099.38093339961,28277.64204424447,27106.076151473324,27450.1953125,2896,,
2025-04-07,26649.591390137866,27093.235982400605,25990.76419913216,26581.513671875,3942,,
2025-04-08,26988.818489761445,27521.714785274085,26653.56676008394,27377.564453125,2662,,
2025-04-09,27039.20981949825,27286.13160956315,26968.61287758874,27161.41015625,1022,,
2025-04-11,27510.183607737166,28296.590328805178,27328.23923080492,28109.365234375,4190,,
2025-04-15,28747.695560939297,29590.793323892853,28282.538174482164,29445.431640625,10539,,
2025-04-16,29358.21386003378,30196.466211541592,29086.87205838963,29765.2265625,7543,,
2025-04-17,29770.071534531067,29886.36087646283,29217.697160355197,29396.9765625,2590,,
2025-04-21,29396.976809480413,29522.95693096492,29077.181116481286,29159.552734375,6437,,
2025-04-22,29164.39942172373,29363.0603913683,28844.603714491008,29028.728515625,7706,,
2025-04-23,29077.181012916215,29421.203651129355,28863.983885009482,29067.490234375,3335,,
2025-04-24,29077.181294129183,29363.059263859832,28863.984164160564,28951.201171875,4187,,
2025-04-25,29072.3352400483,29363.058592448782,28205.010572053525,29091.716796875,7089,,
2025-04-28,29072.337472452957,29120.79136824038,28500.58150216138,28582.953125,3526,,
2025-04-29,28684.705031629765,29208.00708288247,28684.705031629765,29106.25390625,3487,,
2025-04-30,28956.047630044006,29527.80359061047,28704.087376235053,29178.935546875,4939,,
2025-05-02,29459.967504152824,29459.967504152824,28791.30376803883,29169.244140625,1965,,
2025-05-05,28699.2408536033,29329.14146325524,28694.395464298286,29251.615234375,1170,,
2025-05-06,29154.70841240722,29329.14243315621,28660.478686951756,28723.46875,1773,,
2025-05-07,28689.549350480076,28946.354977160612,28398.82599952098,28607.177734375,4658,,
2025-05-08,28781.614143980063,28917.285052402865,28258.312068634972,28432.74609375,1696,,
2025-05-09,28117.793213478915,28345.526503334768,27308.61322611876,28151.7109375,3153,,
2025-05-12,28398.827396591398,28834.912444483092,28200.166430329624,28297.07421875,3290,,
2025-05-13,28389.136444903572,28926.974667362065,28142.02158593616,28234.083984375,4889,,
2025-05-14,28486.04293238331,28854.29250932856,28190.47419299304,28364.908203125,5802,,
2025-05-15,28456.97153616766,28757.385674639037,28243.774405639586,28650.787109375,15486,,
2025-05-16,28684.70618893194,28941.511835555822,28679.860799373,28762.232421875,3231,,
2025-05-19,28762.231865722,28926.975107540486,28549.034729251012,28723.46875,1804,,
2025-05-20,28839.758819018407,28863.98576695105,28345.529081192486,28432.74609375,2537,,
2025-05-21,28665.32285436603,29634.400706102544,28476.35267327741,29367.904296875,4874,,
2025-05-22,29367.905136605666,29522.957597317,28936.665480252275,29290.37890625,3066,,
2025-05-23,29556.874974040536,29556.874974040536,29072.336040039874,29164.3984375,1097,,
2025-05-26,29174.090157378672,29464.813527158232,29096.56392543746,29178.935546875,1544,,
2025-05-27,29304.913466334165,29401.82124896093,28878.51922277639,29145.015625,2490,,
2025-05-28,29140.172315254968,29246.77088375108,26969.437829515988,28030.578125,17684,,
2025-05-29,28045.112932792435,28369.75401200755,27725.317242819336,27919.1328125,5490,,
2025-05-30,28006.351642559777,28539.34449388877,27919.134630524124,28369.755859375,4000,,
2025-06-02,28384.291329311745,28529.653012459465,27938.515500992064,28389.13671875,2833,,
2025-06-03,28418.207490558478,29033.57191533272,28355.217431329616,28907.591796875,5250,,
2025-06-04,28907.5930916137,29363.059694129905,28723.468294851828,28776.767578125,5912,,
2025-06-05,28776.76740542208,28931.81986492259,28641.09650335914,28713.77734375,1374,,
2025-06-06,28713.77601328338,28781.611461171662,28364.907995572208,28452.125,2253,,
2025-06-09,28563.569126022197,28849.447086740656,28364.908170268693,28515.115234375,2622,,
2025-06-10,28684.703855140186,28762.230081775702,28408.516672751168,28515.115234375,2705,,
2025-06-11,28728.311933210785,28728.311933210785,28345.52619485294,28418.20703125,2791,,
2025-06-12,28582.95212304621,28636.251406544005,28229.238696197186,28326.146484375,3134,,
2025-06-13,28292.229285616635,28442.43636009071,28040.269031660126,28243.775390625,2947,,
2025-06-16,28490.890255082344,28490.890255082344,28006.35130516598,28243.775390625,1475,,
2025-06-17,28335.83656854073,28408.517407892323,28006.350096813512,28074.185546875,1917,,
2025-06-18,28074.186687285775,28393.982393423306,27962.74272908633,28272.84765625,1676,,
2025-06-19,28190.474785579005,28253.464846117426,27836.761368709416,27982.123046875,1639,,
2025-06-20,27914.286859835687,28030.576199296902,27575.10961974048,27609.02734375,4717,,
2025-06-23,27609.0269220291,27730.161648784233,27429.74752643151,27512.119140625,1614,,
2025-06-24,27623.564664487287,27754.39017684322,27400.676754547556,27536.34765625,2042,,
2025-06-25,27667.17264254386,27749.54425986842,27560.574078947368,27618.71875,4266,,
2025-06-26,27807.68966513175,27851.298169572627,27657.482594279845,27720.47265625,1983,,
2025-06-27,27972.431813440773,27972.431813440773,27618.7184023233,27764.080078125,2909,,
2025-06-30,27817.379709429824,28103.257675438595,27541.192521929825,27618.71875,4282,,
2025-07-01,27720.474079396674,27865.835768329012,27681.71096234805,27802.845703125,1832,,
2025-07-02,27802.84375343739,27909.44231784583,27502.429617377245,27531.501953125,3740,,
2025-07-03,27618.718887371608,27928.823801194725,27570.264994586745,27831.916015625,4459,,
2025-07-04,27909.442693038523,28534.49792001803,27831.916463335638,28049.958984375,8344,,
2025-07-07,28156.55747314829,28582.95173534706,28054.804296941762,28350.373046875,6007,,
2025-07-08,28364.90990081844,28820.37651009021,28330.992174596075,28602.333984375,6575,,
2025-07-09,28762.23253941346,28805.84104562214,28510.272281318867,28582.953125,4536,,
2025-07-10,28636.250210154674,28926.973562542033,28515.115479993277,28820.375,4017,,
2025-07-11,28931.818390611847,29043.262340198864,28645.94043297559,28781.611328125,2991,,
2025-07-14,28699.241034965475,28926.974333740316,28403.672285491746,28771.921875,2818,,
2025-07-15,28805.840086578042,29261.30669181578,28786.45852890835,28839.7578125,3238,,
2025-07-16,28926.97411816991,29266.151369136725,28030.577097757607,29130.48046875,7832,,
2025-07-17,29246.769953125,29324.296182291666,28946.355815104165,29072.3359375,3549,,
2025-07-18,29169.24527069398,29203.162997752926,28796.15027304557,28975.4296875,3384,,
2025-07-21,28970.58420742304,29396.97848911784,28742.850897881493,29275.84375,6562,,
2025-07-22,29280.686778913503,30962.03682231628,29280.686778913503,30264.30078125,22307,,
2025-07-23,30283.683274682793,30714.922924514274,29949.351411330295,30550.1796875,13387,,
2025-07-24,30690.695940114034,31097.708642824735,30341.827909219148,30700.38671875,14336,,
2025-07-25,30769.38600954611,31050.317453170028,30173.022769572526,30784.171875,8420,,
2025-07-28,30784.172751539783,31346.035654785945,30266.667445918316,30508.169921875,6406,,
2025-07-29,30606.742716293666,30695.45791257278,30064.594294587983,30473.669921875,4674,,
2025-07-30,30557.455252584397,31045.38881226276,30384.953489061743,30513.09765625,13836,,
2025-07-31,30409.596940538122,30705.314252763776,29941.3778628475,30315.953125,5096,,
2025-08-01,30542.670451787737,31444.608275359977,30084.308607021518,30463.8125,20155,,
2025-08-04,30360.312142097515,30458.88458411731,29916.736153008427,30123.73828125,11132,,
2025-08-05,30153.310017026106,30552.528407248257,29818.163714123562,30394.8125,5770,,
2025-08-06,30660.95702113182,30660.95702113182,30099.09412121074,30444.09765625,4292,,
2025-08-07,30118.807979736328,31735.395938720703,29586.516822509766,31543.1796875,23886,,
2025-08-08,31543.179661553062,31636.823476173297,30774.314657302704,31163.67578125,11161,,
2025-08-11,31400.249968804907,31400.249968804907,30705.314284359527,30858.1015625,3440,,
2025-08-12,31001.032480736303,31001.032480736303,30074.451541725426,30582.099609375,6426,,
2025-08-13,30631.386175948413,30858.10279124908,29847.735266539596,30059.666015625,6160,,
2025-08-14,30163.165465403625,30246.952036140854,29719.5895026771,29916.734375,4228,,
2025-08-18,30059.664411306734,30458.88277781204,29798.44745544524,29970.94921875,10234,,
2025-08-19,30015.307560775032,31005.960568938543,29744.233354561136,30715.171875,8806,,
2025-08-20,30725.02946529688,31109.461980262095,30389.883170199,30463.8125,7302,,
2025-08-21,30759.52927979504,30759.52927979504,30311.024686867408,30434.240234375,3316,,
2025-08-22,30606.74306656608,30606.74306656608,29990.66530757723,30113.880859375,3867,,
2025-08-25,30113.880325657356,30458.883864576506,29783.662652691884,30084.30859375,3636,,
2025-08-26,29877.305582026755,30360.3105221519,29798.44763261857,29980.806640625,4152,,
2025-08-28,30163.16672221083,30424.383688922786,29670.304520867514,30039.951171875,4436,,
2025-08-29,29966.022025357608,30508.170450158486,29813.23474200463,30320.8828125,4061,,
2025-09-01,30074.45051063968,30951.745199412846,30074.45051063968,30848.244140625,3358,,
2025-09-02,30867.95986701914,31139.034079486973,30488.45596956417,30646.171875,3206,,
2025-09-03,30951.74643923499,31089.747856479986,30409.59801434393,30537.7421875,3207,,
2025-09-04,30759.529621380418,30961.603121536897,29828.02007187859,30020.236328125,7942,,
2025-09-05,30064.59463576806,30242.025030339806,29581.589672767197,29951.236328125,3107,,
2025-09-08,29872.37855724015,30518.028052537702,29872.37855724015,30394.8125,9815,,
2025-09-09,30399.740056357445,31139.033345665746,30266.66726428195,30389.8828125,10275,,
2025-09-10,30646.171320980902,30670.814430759754,29966.021491084575,30128.666015625,4067,,
2025-09-11,30429.312325309773,30690.52929214512,30128.66638234834,30527.884765625,5513,,
2025-09-12,30434.24129694113,30626.45755776392,30192.738815394554,30276.525390625,2204,,
2025-09-15,30522.955952320117,30591.956660108342,30064.5941077269,30138.5234375,2503,,
2025-09-16,30424.383692156593,30424.383692156593,29975.879088886508,30148.380859375,3191,,
2025-09-17,30163.166715728803,30320.882620124772,29724.51935662752,29823.091796875,4368,,
2025-09-18,30138.523787937243,30138.523787937243,29768.877134773662,29941.37890625,3958,,
2025-09-19,30064.594084280463,30084.30857220458,29320.372165144996,29487.9453125,5608,,
2025-09-22,29404.15785745934,29704.803789290552,29300.65679896007,29547.087890625,2008,,
2025-09-23,29571.73241892911,29655.518994116075,29354.873047856963,29409.087890625,3373,,
2025-09-24,29522.445827792555,29556.946181848405,28862.010478723405,28955.654296875,6646,,
2025-09-25,29098.583052385893,29123.22616133947,28379.00427094139,28507.1484375,5293,,
2025-09-26,28581.07795782858,28847.223536328795,28393.790328513613,28733.865234375,2975,,
2025-09-29,28733.866469514047,28748.652335621857,28354.36257274688,28423.36328125,4581,,
2025-09-30,28724.00836172313,29251.37090371084,28448.005536009932,29024.654296875,6987,,
2025-10-01,28837.367004823987,28881.724602336108,28561.364175859682,28719.080078125,2660,,
2025-10-03,28980.29704125193,28980.29704125193,28443.077249160695,28719.080078125,3059,,
2025-10-06,28773.29439737852,29059.15446504689,28600.792632406225,28906.3671875,1555,,
2025-10-07,28931.011357780833,28945.797223892136,28600.793681295087,28694.4375,2405,,
2025-10-08,28886.65340526006,28886.65340526006,28497.292269103167,28783.15234375,1592,,
2025-10-09,28788.081145286073,28950.725671530625,28581.07902097482,28847.224609375,1835,,
2025-10-10,28852.152187315183,29246.441933639955,28812.723212682704,29167.583984375,2220,,
2025-10-13,29073.940125207937,29211.94153621079,28433.219288408985,28517.005859375,4194,,
2025-10-14,28625.436614046394,28931.011178452536,28546.57866194158,28684.580078125,2303,,
2025-10-15,28684.578850132228,28970.43891427444,28576.14917063001,28886.65234375,5824,,
2025-10-16,29000.012250967426,29078.87020406319,28694.43768272134,28975.369140625,1748,,
2025-10-17,28783.15200617284,29241.513844627305,28783.15200617284,29142.94140625,2867,,
2025-10-20,29142.941411515378,29473.15908013901,28960.582400484414,29251.37109375,2021,,
2025-10-21,29512.58913173464,29512.58913173464,29285.87251515819,29364.73046875,453,,
2025-10-23,29571.732596267026,29660.447794055824,29133.085229422395,29310.515625,2559,,
2025-10-24,29473.160154279467,29473.160154279467,29088.727630527996,29310.515625,1728,,
2025-10-27,29389.372700043208,29739.30485863839,29374.586834187074,29586.517578125,4273,,
2025-10-28,29502.730445612626,29818.162244563377,29049.297234620917,29123.2265625,1555,,
2025-10-29,29167.584172371073,29409.08664355157,28980.296541659667,29340.0859375,1532,,
2025-10-30,29443.5868249571,29591.445479920058,29044.36845655711,29438.658203125,1760,,
2025-10-31,29280.94371187574,29537.232059463277,28960.583277391324,29138.013671875,5604,,
2025-11-03,29172.512847999795,30641.242165233103,29069.011788731677,30261.73828125,26118,,
2025-11-04,32588.047425804652,35959.22474571548,32144.471462658494,35372.71875,222196,,
2025-11-06,35190.3590279233,36471.80067319782,34973.49967256915,35279.07421875,53590,,
2025-11-07,34993.21626659991,35486.07846753794,34411.63886949304,35072.07421875,31552,,
2025-11-10,34559.498579545456,35905.01242897727,34559.498579545456,35510.72265625,30571,,
2025-11-11,35486.07777161093,36077.512401137785,35057.28766520397,35520.578125,10630,,
2025-11-12,35584.65163258575,35796.58238330614,35333.291904987156,35491.0078125,7814,,
2025-11-13,35683.223362785866,35914.868597323286,35392.43466411123,35560.0078125,7754,,
2025-11-14,35658.58024782007,35693.080601895366,35057.28836250783,35397.36328125,5710,,
2025-11-17,35328.36257957376,36047.94139327602,35308.648091527124,35614.22265625,6424,,
2025-11-18,35880.36752736215,35880.36752736215,35436.79155518322,35574.79296875,5299,,
2025-11-19,35584.65198863636,35702.938920454544,35239.6484375,35456.5078125,3435,,
2025-11-20,35722.651245271125,35722.651245271125,34988.28658804907,35175.57421875,3044,,
2025-11-21,35244.57670154069,35249.5053236497,34658.070670568326,34948.859375,8367,,
2025-11-24,34948.85652459777,35234.71658360591,34490.49470584335,34845.35546875,6396,,
2025-11-25,34598.92720361646,34934.073507013316,34367.281964503934,34786.21484375,6685,,
2025-11-26,34796.07032569679,35239.646293021535,34751.71272896432,35012.9296875,4581,,
2025-11-27,35303.71943635366,35303.71943635366,34455.99645114456,34529.92578125,2707,,
2025-11-28,34460.92364200631,34736.926462937714,34239.13566090072,34342.63671875,2167,,
2025-12-01,34672.856889204544,34672.856889204544,34204.63778409091,34317.99609375,1715,,
2025-12-02,34317.993959082734,34520.06745503597,34071.562866456836,34253.921875,2126,,
2025-12-03,34253.924005681816,34372.2109375,34140.56569602273,34263.78125,1329,,
2025-12-04,34263.77911870503,34623.568513938844,33859.63212679856,34253.921875,4288,,
2025-12-05,34273.63596153846,34470.78083333333,33011.90878205128,33637.84375,1840,,
2025-12-08,33642.77277517722,34672.85474265627,33406.19892618681,34416.56640625,12250,,
2025-12-09,34155.349778953474,34248.99359508624,33667.416210682706,34002.5625,3747,,
2025-12-10,34002.562150431004,34500.35295738759,33726.5593267719,34091.27734375,2616,,
2025-12-11,33948.348367713166,34253.922931998626,33465.343411261965,33987.77734375,3725,,
2025-12-12,34239.13605237999,35032.644171630476,33982.84771572765,34958.71484375,5706,,
2025-12-15,34958.71662031667,35298.79154584915,34692.57102642169,35057.2890625,2096,,
2025-12-16,34796.06960789511,35037.57207401223,34653.13957692784,34865.0703125,1870,,
2025-12-17,34702.42541931309,35353.00348426826,34510.20917284906,34628.49609375,2460,,
2025-12-18,34791.1434630694,34791.1434630694,34283.49538590604,34515.140625,1746,,
2025-12-19,34524.99537130377,35081.92962925627,34209.56357918907,34377.13671875,3857,,
2025-12-22,34796.07173566036,35180.50425625265,34574.28374301097,34929.14453125,2391,,
2025-12-23,34796.071010961154,35333.29080418988,34382.066766638105,34510.2109375,2339,,
2025-12-24,34510.2119983731,34865.07279013015,33908.92010122921,34081.421875,1768,,
2025-12-26,34283.49538141721,34411.63955621837,33997.635299168476,34081.421875,1658,,
2025-12-29,34106.06426672009,34204.63670679732,33613.202066333964,33825.1328125,1335,,
2025-12-30,34002.563928454416,35436.7929621086,33687.13211349267,34786.21484375,16030,,
2025-12-31,34515.138501397196,34727.06923901823,34337.70811641215,34613.7109375,2603,,
2026-01-01,34682.7127452257,35550.150210503474,34253.92263454861,35486.078125,4965,,
2026-01-02,35555.07990154997,36772.449562720314,35022.78871366982,35653.65234375,8030,,
2026-01-05,35840.938921430534,36200.72832479473,35683.22301858596,35865.58203125,3130,,
2026-01-06,35836.00840089146,35836.00840089146,34421.49397219446,34520.06640625,4644,,
2026-01-07,34401.77982750896,34510.20950604839,33859.63143481183,34377.13671875,2869,,
2026-01-08,34377.13884851421,34751.714124856444,34184.92258828596,34332.78125,2631,,
2026-01-09,33761.061433462724,34712.285500128164,33514.63032810898,33647.703125,6219,,
2026-01-12,33647.70278405828,35116.43215708441,33194.2695548019,34332.78125,3455,,
2026-01-13,34332.781253348694,34712.28515178508,33667.41727557062,34495.42578125,5361,,
2026-01-14,34485.56854595122,35072.07457095739,33997.63496212255,34929.14453125,3033,,
2026-01-16,34929.144170545216,35111.503184840425,34283.4946875,34746.78515625,3650,,
2026-01-19,34352.4957302856,34692.57065214926,33765.98970562219,33953.27734375,1965,,
2026-01-20,33953.27585498596,33953.27585498596,32528.904143258427,32898.55078125,4275,,
2026-01-21,32957.69428133277,33662.48720524941,32775.33527304664,33494.9140625,4292,,
2026-01-22,33672.346948746315,33830.06285951327,33218.9137052913,33416.05859375,1820,,
2026-01-23,33416.05498649257,33613.19985366952,32750.691059770375,32839.40625,1691,,
2026-01-27,32824.62197066327,33169.62550488946,32282.473559736398,32602.833984375,4610,,
2026-01-28,32602.83384387489,33416.056456760656,32602.83384387489,33297.76953125,1685,,
2026-01-29,33608.272753440615,34993.2155080552,32824.62187093628,34110.9921875,2908,,
2026-01-30,33805.41868093923,34470.7826584763,33416.05753852864,33899.0625,4490,,
2026-02-02,33997.6328125,34352.493578301684,33356.91198535808,33997.6328125,2593,,
2026-02-03,35091.787607066384,35141.07382561563,34209.5642950348,34524.99609375,3587,,
2026-02-04,34317.99540238798,35633.937492354606,34189.851228833184,35254.43359375,5086,,
2026-02-05,35254.43287090092,35343.14806615833,34598.92615038787,34943.9296875,3135,,
2026-02-06,34869.999633684994,34869.999633684994,34426.42366661339,34687.640625,4542,,
2026-02-09,34850.287631047,37201.24042414691,34697.50034260655,35964.15625,7114,,
2026-02-10,35978.94107255546,37487.09942436396,35855.72552093712,37097.73828125,11004,,
2026-02-11,37260.382808342205,37260.382808342205,36383.0880808442,37043.5234375,4096,,
2026-02-12,37339.23860872318,37339.23860872318,35288.93194805411,36979.44921875,21762,,
2026-02-13,36466.87273623273,36466.87273623273,34209.5639494785,34613.7109375,9115,,
2026-02-16,34406.71060580153,35702.93820776769,33499.84414663129,35579.72265625,6516,,
2026-02-17,35486.076706910906,35816.29436515577,35096.71558748786,35515.6484375,3357,,
2026-02-18,35535.364033082755,36471.80219761614,35362.86226593187,36388.015625,4495,,
2026-02-19,36289.44283132454,37161.808902374985,35865.581350475164,36368.30078125,3550,,
2026-02-20,36284.514526991974,36343.65798995366,35353.004985345484,35629.0078125,2214,,
2026-02-23,35978.94140246435,36043.0134898934,35491.007813581615,35599.4375,2540,,
2026-02-24,35515.65056511324,35801.5106445993,35190.36150914634,35362.86328125,1902,,
2026-02-25,35486.078142151484,36171.156595173576,35229.78980001372,35919.796875,3213,,
2026-02-26,36023.29722485341,36373.22937740022,35707.865425374606,35934.58203125,1681,,
2026-02-27,35821.224820024,37260.3824490068,35658.58029346087,36969.59375,7761,,
2026-03-02,35244.576703749124,36447.16049842326,34505.28338735108,35165.71875,5084,,
2026-03-04,35017.859704319206,35017.859704319206,33667.417261112525,33790.6328125,5374,,
2026-03-05,34194.77839921807,34313.06532363162,33317.48370981755,34037.0625,3452,,
2026-03-06,33958.20667613636,34194.78053977273,33613.203125,33830.0625,2187,,
2026-03-09,33519.55641550026,33519.55641550026,32538.760690359173,32967.55078125,2281,,
2026-03-10,33080.90877483444,33785.701676324505,33002.05082781457,33489.984375,2489,,
2026-03-11,33588.557143386715,34130.70553454923,33144.98118698102,33238.625,1880,,
2026-03-12,33238.624699387845,34672.85361212833,32573.260770796896,33815.2734375,8868,,
2026-03-13,33761.06049920892,33815.27534088648,32282.47390800269,32514.119140625,7692,,
2026-03-16,32514.11985060993,32627.478158411057,31548.109923261203,32499.333984375,7966,,
2026-03-17,32726.049177929628,33292.840692306425,32351.47391625453,32637.333984375,3501,,
2026-03-18,32676.763486779757,33164.69705920679,32420.475145706976,32504.26171875,3580,,
2026-03-19,32326.83044618661,32721.120190918267,31804.396534417167,32509.189453125,2441,,
2026-03-20,32528.904978985902,32957.695090072535,31666.396134846123,31809.326171875,4927,,
2026-03-23,31503.752293508842,31577.68162461063,30557.456855405948,30656.029296875,4038,,
2026-03-24,31277.034079432036,31331.24891946887,30237.09487508912,31109.4609375,2974,,
2026-03-25,31114.389751039536,31760.039213638327,31094.67526363194,31336.177734375,2491,,
2026-03-27,31331.24923684797,31331.24923684797,30271.595534484855,30424.3828125,3530,1583.0,44.84
2026-03-30,30414.526979970742,30458.884578872014,29552.01811244605,29690.01953125,3374,1619.0,47.98
2026-04-01,30123.738082582073,30858.10277078638,28709.223548926795,28975.369140625,11036,5661.0,51.3
2026-04-02,28881.725502354126,29665.376416155203,28319.862583025053,29310.515625,8060,3150.0,39.08
2026-04-06,29325.30112754169,29532.303253147868,28797.93856944976,28965.51171875,6077,3536.0,58.19
2026-04-07,28980.29633298445,29177.441205997948,28714.150754416223,28842.294921875,3492,1887.0,54.04
2026-04-08,29423.8737865218,31272.10706456965,29418.945164447003,31143.962890625,16254,9001.0,55.38
2026-04-09,31050.318161231884,31602.323817431563,30483.526639241143,30606.7421875,9034,6726.0,74.45
2026-04-10,31001.032671018664,31252.392395378276,30764.458812797853,31025.67578125,3579,1684.0,47.05
2026-04-13,30803.887784204526,31434.751406025036,30237.096248975162,30808.81640625,3313,1614.0,48.72
2026-04-15,31543.181456743005,31543.181456743005,30941.88956022384,30991.17578125,2554,1412.0,55.29
2026-04-16,31444.608831510872,31444.608831510872,30606.743078947104,30818.673828125,2982,1250.0,41.92
2026-04-17,31247.463592655604,31247.463592655604,30813.74485509193,30961.603515625,3143,1539.0,48.97
2026-04-20,30872.88761465613,31296.74909850997,30468.740618423402,31030.603515625,2882,1171.0,40.63
2026-04-21,31030.604405770144,31277.035508103134,30946.81783097693,31134.10546875,4818,3056.0,63.43
2026-04-22,31247.462413594472,32583.118930011522,31227.747926267282,32085.328125,22561,13436.0,59.55
2026-04-23,32331.76083635129,32785.194067592805,32021.25764539243,32661.978515625,4350,1900.0,43.68
2026-04-24,32661.977425801,32760.5498640862,31769.89685931994,32169.115234375,3764,1588.0,42.19
2026-04-27,32193.757529084894,33411.12711109408,32193.757529084894,33149.91015625,4834,2093.0,43.3
2026-04-28,33120.33768039687,33396.34049440018,32528.903078961215,32785.19140625,4763,2572.0,54.0
2026-04-29,33105.553245101735,33317.48398643557,32252.901657874903,32701.40625,6423,2828.0,44.03
2026-04-30,32652.119331245307,33011.908721612235,32302.187184450075,32824.62109375,1816,772.0,42.51
2026-05-04,32824.62304333245,33159.769344675784,32376.118434181815,32607.763671875,2157,814.0,37.74
2026-05-05,32420.47512167502,32642.263108977448,31907.898439909404,31962.11328125,2636,1205.0,45.71
2026-05-06,32040.971059221272,32326.831130200328,31538.25162405121,32060.685546875,2929,1405.0,47.97
2026-05-07,32036.041736456737,32489.474942572742,31981.82689659504,32183.900390625,1677,793.0,47.29
2026-05-08,32233.186565035496,32233.186565035496,31543.179513184583,31587.537109375,2139,1097.0,51.29
2026-05-11,31582.60882013494,31740.324719361583,30892.601761018388,31227.748046875,2752,1382.0,50.22
2026-05-12,31222.82101499496,31247.46412550403,30488.456321824597,30557.45703125,2770,1379.0,49.78
2026-05-13,30350.454199941665,31474.180013125602,30350.454199941665,30626.45703125,1265,559.0,44.19
2026-05-14,30779.243606246993,30912.31639685847,30409.59696565956,30749.671875,1100,485.0,44.09
2026-05-15,30902.460046732478,31143.96252556659,30675.743433949432,30798.958984375,953,508.0,53.31
2026-05-18,30557.45686553777,31341.10777547656,29847.73528672528,31252.392578125,3861,1606.0,41.6
2026-05-19,31247.462896150973,31814.254415560652,31148.89045799277,31355.892578125,3651,2672.0,73.19
2026-05-20,31247.462681137604,31247.462681137604,30557.455618778098,30695.45703125,2801,1406.0,50.2
2026-05-21,30976.389750036396,32183.90215874903,30360.311990489132,31740.326171875,9817,2726.0,27.77
2026-05-22,32036.04091625394,34051.84718313823,31888.18226587123,32839.40625,49022,6123.0,12.49
2026-05-25,33465.34266696415,33810.34619961327,32711.263517031086,33135.125,13508,4320.0,31.98
2026-05-26,33692.0588793429,33692.0588793429,32528.904125755285,32627.4765625,5962,2116.0,35.49
2026-05-27,32775.33646950244,33130.19725533766,32637.33505278875,32750.693359375,2695,938.0,34.81
2026-05-28,32750.693359375,32750.693359375,32750.693359375,32750.693359375,0,0.0,0.0
2026-05-29,32770.4072965083,32997.12390586902,32045.89987094255,32341.6171875,4786,2280.0,47.64
2026-06-01,32617.61946394637,32726.049144847973,31888.18342879012,32095.185546875,3108,1138.0,36.62
2026-06-02,31937.470532428706,32381.04651204577,31927.613288437213,32144.47265625,1573,530.0,33.69
2026-06-03,32055.757454923718,32233.18784674064,31750.18289123902,31981.828125,1512,484.0,32.01
2026-06-04,31981.828298295233,32341.61770587353,31602.324402630456,31829.041015625,2629,572.0,21.76
2026-06-05,32114.90072301336,32114.90072301336,31346.035696495546,31538.251953125,2208,942.0,42.66
2026-06-08,31346.03639475666,31513.609545294665,31050.31907027782,31089.748046875,2108,966.0,45.83
2026-06-09,31469.25141576215,31636.824563473336,31168.60547428032,31331.25,1671,620.0,37.1
2026-06-10,31395.321362660306,31533.32277524343,31079.88956247031,31129.17578125,1234,641.0,51.94
2026-06-11,31148.891685384242,31528.395587247313,30567.31427733435,30720.1015625,1740,895.0,51.44
2026-06-12,31099.603515625,31242.53354763025,30808.814829821215,31099.603515625,1149,560.0,48.74
2026-06-15,31296.749463993172,31735.39681868536,31124.247695293998,31212.962890625,2529,1367.0,54.05
2026-06-16,31237.606547503867,32149.401626596362,30986.24682299729,31838.8984375,4732,1747.0,36.92
2026-06-17,31838.898280352012,32726.050244820024,31715.682729731456,32588.048828125,3525,1456.0,41.3
2026-06-18,32528.904840225565,32928.12321781015,32282.47374295113,32775.3359375,3182,1416.0,44.5
2026-06-19,32775.336645047166,32923.195306603775,32336.689282429244,32652.12109375,2784,1359.0,48.81
2026-06-22,32873.90873499625,32977.40979698049,32686.621099024756,32849.265625,1870,906.0,48.45
2026-06-23,32844.33630819574,33805.41757771828,32637.334188606277,33135.125,6739,2798.0,41.52
2026-06-24,33120.33770687342,33209.05289715969,32834.47764928433,33056.265625,1711,814.0,47.57
2026-06-25,33061.19637273442,33297.77022871105,32839.40838275633,32903.48046875,1511,723.0,47.85
2026-06-25,33061.19637273442,33297.77022871105,32839.40838275633,32903.48046875,1511,0.0,0.0
2026-06-26,32903.48046875,32903.48046875,32903.48046875,32903.48046875,0,,
2026-06-29,32903.48026573486,33785.70359820439,31868.469652223135,32243.044921875,10449,4760.0,45.55
2026-06-30,32578.190687927432,33761.05994134688,32139.543339784384,32430.33203125,7444,2032.0,27.3
2026-07-01,32627.47763851503,33228.769522487666,32568.33417451772,32957.6953125,4012,0.0,0.0
2026-07-02,33021.7660137846,33662.486846887885,32844.33562923292,33475.19921875,2869,1413.0,49.25
2026-07-03,33618.13140343408,34855.21555271747,33317.485454803464,34732.0,13634,5572.0,40.87
2026-07-06,34731.99857828475,34820.71377260987,34377.137800984274,34707.35546875,2986,1443.0,48.33
2026-07-07,34697.49716392513,34993.21446929949,34475.70918489435,34756.640625,2587,1215.0,46.97
2026-07-08,34702.426432386696,34988.28649957579,33420.98475188385,33765.98828125,3946,,
2026-07-09,33810.344856274285,34963.642333878975,33810.344856274285,34248.9921875,6446,,
2026-07-10,34697.497172745265,34943.928260619876,34352.49364972081,34865.0703125,2908,,
2026-07-13,34796.0727872804,36062.728694692734,34638.35687662984,35909.94140625,6108,2739.0,44.84
2026-07-14,35486.079895320196,36166.2297599805,35486.079895320196,36018.37109375,6617,,
2026-07-15,36176.08592227943,36353.51631644865,35288.93395143334,35417.078125,9149,4338.0,47.42
2026-07-16,35387.504584567636,35875.43814360276,34825.64169840598,34939.0,5146,,
2026-07-17,34900.0,35240.0,34710.0,34870.0,3002,898.0,29.91
2026-07-20,34940.0,35570.0,34710.0,35240.0,3974,1882.0,47.36
2026-07-21,35240.0,35490.0,34865.0,35170.0,2543,1026.0,40.35
2026-07-22,35300.0,35975.0,35030.0,35725.0,5695,,
2026-07-23,35600.0,36030.0,35120.0,35245.0,4267,1177.0,27.58
2026-07-24,35110.0,35790.0,34915.0,35500.0,2736,,
2026-07-27,35790.0,35830.0,35150.0,35195.0,1279,602.0,47.07
2026-07-28,35195.0,35455.0,34700.0,35090.0,2192,1079.0,49.22
2026-07-29,35400.0,35700.0,35100.0,35425.0,1650,725.0,43.94
2026-07-30,35425.0,35635.0,34810.0,34940.0,1703,793.0,46.56
2026-07-31,35050.0,35895.0,34485.0,34615.0,6328,2900.0,45.83
2026-08-03,35170.0,36660.0,35020.0,35955.0,6489,2420.0,37.29
2026-08-04,36100.0,36100.0,35650.0,35725.0,1536,636.0,41.41
2026-08-05,35885.0,36280.0,35605.0,35805.0,3173,,
2026-08-06,35805.0,36595.0,35710.0,36000.0,4631,2505.0,54.09
2026-08-07,35940.0,36270.0,35870.0,36035.0,3976,3000.0,75.45
2026-08-11,36200.0,36470.0,35740.0,36115.0,3128,938,29.99
2026-08-12,36300.0,36390.0,35760.0,35935.0,2637,1381,52.37
2026-08-13,35800.0,36695.0,35800.0,36165.0,4039,1852,45.85
2026-08-14,36565.0,37300.0,35000.0,35340.0,20811,3110,14.93
2026-08-19,35100.0,35100.0,33355.0,33505.0,7442,2723,36.56
