date,open,high,low,close,volume,delivery_qty,delivery_pct
2022-01-03,2175.9982196139913,2192.5736216995206,2112.35515975505,2131.539794921875,113948,,
2022-01-04,2149.3714243839663,2162.6606273081325,2116.6075930126563,2145.360595703125,353471,,
2022-01-05,2154.832065508347,2174.499942848403,2126.2723151741266,2151.59423828125,222632,,
2022-01-06,2140.5762795410105,2211.0814861644317,2126.320590798392,2150.676025390625,423469,,
2022-01-07,2161.9838703261753,2188.0790292581964,2142.219250845355,2152.464111328125,111305,,
2022-01-10,2167.782789172462,2219.731485066074,2148.50141342325,2204.4609375,289826,,
2022-01-11,2205.5241759699334,2269.312342321386,2194.216320944851,2261.048828125,255404,,
2022-01-12,2275.1109792511293,2281.4415179102193,2218.523103752167,2238.8193359375,231632,,
2022-01-13,2242.2507045306743,2248.919373018375,2219.0550075872534,2229.203125,128523,,
2022-01-14,2213.256140737936,2275.1113341908745,2213.256140737936,2263.07861328125,190526,,
2022-01-17,2270.9553342658764,2305.942129993958,2236.4517822245334,2242.63720703125,135524,,
2022-01-18,2255.6846568441338,2323.0490116682463,2225.8202931048045,2289.173583984375,320744,,
2022-01-19,2289.174029359436,2289.174029359436,2226.7872136599594,2265.54345703125,242338,,
2022-01-20,2270.085805013263,2334.067228005323,2264.1901370931446,2309.18017578125,209114,,
2022-01-21,2309.1796340723868,2309.1796340723868,2247.7593228876167,2277.768798828125,415539,,
2022-01-24,2269.988980032892,2352.4304050175947,2208.423777923256,2327.688232421875,276068,,
2022-01-25,2349.3861983195156,2385.3878571514533,2281.0072087259705,2319.71484375,390068,,
2022-01-27,2324.402441812391,2324.402441812391,2064.320560696324,2149.903076171875,794479,,
2022-01-28,2165.898289327447,2238.239966466967,2116.607431337398,2194.40966796875,265768,,
2022-01-31,2199.724993928447,2255.346382684611,2121.5362693274287,2223.935546875,415951,,
2022-02-01,2234.373684882715,2294.392402649517,2157.7311973394667,2210.453125,725023,,
2022-02-02,2210.4533083455212,2297.533676838861,2188.0306131012985,2219.7314453125,324514,,
2022-02-03,2220.9884493258924,2254.767142910417,2196.4878948942933,2228.527099609375,161075,,
2022-02-04,2227.7536406267413,2285.742889406613,2203.591453635128,2257.134765625,203322,,
2022-02-07,2265.4467855610606,2265.9300293293118,2149.2750308652753,2182.328857421875,191104,,
2022-02-08,2194.506054854997,2208.3750053843423,2122.4060112725097,2146.809814453125,122629,,
2022-02-09,2165.898193359375,2174.5965796780874,2137.5800662633565,2165.898193359375,123789,,
2022-02-10,2136.903378565893,2242.153749096809,2136.903378565893,2162.99853515625,369714,,
2022-02-11,2149.4678376304923,2174.4997652769225,2097.32589298765,2106.217529296875,242245,,
2022-02-14,2024.7908759242548,2064.80335541341,1939.3051221730575,2020.9249267578125,289217,,
2022-02-15,2039.2882719238635,2064.3685710147647,1957.66846387204,1977.2880859375,378170,,
2022-02-16,1989.9976152673798,2014.1598009797083,1943.896212120026,1965.158935546875,565198,,
2022-02-17,1965.1588692022112,1998.6959346469278,1955.4939952435705,1987.0013427734375,350822,,
2022-02-18,1961.969619787583,2009.37587872841,1961.969619787583,1996.4248046875,177031,,
2022-02-21,1977.4333364009228,2047.8901776105529,1957.1370998102975,2030.6868896484375,375444,,
2022-02-22,1961.969382690214,2052.094330934481,1961.969382690214,1998.0194091796875,306750,,
2022-02-23,2006.4279932401498,2048.953442037147,2006.4279932401498,2026.91748046875,192678,,
2022-02-24,1971.6341171700717,2028.6084970406496,1932.974624676541,1976.9981689453125,360203,,
2022-02-25,1999.2756465829405,2077.899243851041,1996.134562978257,2060.4541015625,313838,,
2022-02-28,2025.7579536347046,2098.824508559661,2019.1857909444952,2087.08154296875,180990,,
2022-03-02,2080.8472680325112,2138.3532654537535,2080.8472680325112,2106.169189453125,157039,,
2022-03-03,2126.272661257801,2163.9656766164617,2074.0823322996544,2087.08154296875,217987,,
2022-03-04,2073.115373950645,2125.305691057095,2053.882369993095,2083.166748046875,88675,,
2022-03-07,2066.350065794508,2076.7881769294845,2010.4870467585295,2038.2735595703125,139363,,
2022-03-08,2033.4895417067603,2085.679862644101,2033.4895417067603,2063.4990234375,132359,,
2022-03-09,2077.9477067928915,2091.236907243311,2030.5898288241235,2070.940673828125,310556,,
2022-03-10,2087.6131826776514,2104.865080445832,2070.2164061553376,2085.6318359375,145468,,
2022-03-11,2082.780213547476,2102.061588750269,2039.2882833341876,2048.90478515625,78426,,
2022-03-14,2054.3173968247534,2054.3173968247534,1994.2984332486733,2008.8441162109375,237058,,
2022-03-15,2008.8438552474945,2024.8876388285705,1972.6489530146632,2021.6014404296875,178988,,
2022-03-16,2031.5566231426753,2128.785355151407,2031.5566231426753,2117.525634765625,231640,,
2022-03-17,2131.104667002822,2134.004129134799,2019.9586186103847,2030.9283447265625,603010,,
2022-03-21,2049.2432406707508,2053.64080544509,2009.7137652213335,2021.3599853515625,208149,,
2022-03-22,2029.6237626066554,2030.7351288550135,1989.0312873545222,2007.5394287109375,96849,,
2022-03-23,2019.910274651116,2026.04756396453,1961.341162380745,1982.0723876953125,512732,,
2022-03-24,1924.5180628313162,1985.1651480504827,1915.578054253192,1970.32958984375,251286,,
2022-03-25,1980.7191737395156,1985.9867188114893,1916.544505068805,1922.6334228515625,100470,,
2022-03-28,1918.4775612534972,1951.3381340910887,1879.4314452270628,1935.7777099609375,184576,,
2022-03-29,1942.5429788553301,1986.1315354287099,1932.9747303442432,1970.4744873046875,149014,,
2022-03-30,1983.1837887712768,2025.2259910005673,1967.4301148155394,2013.676513671875,149949,,
2022-03-31,1995.7968621432174,2105.976446784538,1963.902771852309,2085.6318359375,1052222,,
2022-04-01,2082.780449940203,2082.780449940203,2030.590127760727,2043.4444580078125,180591,,
2022-04-04,2025.7577134535914,2072.0523683422007,2025.7577134535914,2059.14990234375,105731,,
2022-04-05,2068.283063992148,2189.045619064781,2056.6368434727606,2133.5693359375,350006,,
2022-04-06,2144.635274152541,2168.7490845948964,2100.9984678474716,2135.4052734375,202906,,
2022-04-07,2135.936951431143,2162.853717351935,2108.5369418561813,2118.68505859375,98294,,
2022-04-08,2134.7293597331686,2171.3591432144244,2114.626371655169,2163.917236328125,161106,,
2022-04-11,2164.931605242211,2182.2316339541453,2128.7850737167837,2140.576171875,178038,,
2022-04-12,2139.6098485554585,2156.958250155126,2077.9479053807645,2132.554443359375,103405,,
2022-04-13,2127.238472888132,2157.151206585007,2126.27198562194,2152.0771484375,65098,,
2022-04-18,2149.467934222578,2149.467934222578,2069.8294684532607,2110.3251953125,127137,,
2022-04-19,2126.3688590730017,2174.5964822286787,2053.785566549308,2080.073974609375,76918,,
2022-04-20,2092.445133321036,2104.8645902741628,2056.395107619859,2065.818359375,55650,,
2022-04-21,2073.2122457299943,2096.9876945342166,2052.0460297924283,2071.665771484375,122239,,
2022-04-22,2068.4762970502256,2129.993361955593,2063.4989812978647,2088.676025390625,163274,,
2022-04-25,2077.9479050409227,2086.5979200585116,2024.8394697294348,2029.62353515625,171418,,
2022-04-26,2040.351568517618,2057.6032263896673,1993.3801882438318,2017.8807373046875,132818,,
2022-04-27,2017.2508676352888,2029.7495896311295,1974.6192450723913,2019.818359375,111258,,
2022-04-28,2034.691440292878,2044.3804471514156,1989.3468408853187,2032.6083984375,115355,,
2022-04-29,2026.93996589682,2062.450076703112,1995.9351480628343,2031.3485107421875,101104,,
2022-05-02,2025.0019857587122,2031.299838824469,1977.961820550274,1987.5540771484375,48561,,
2022-05-04,2002.4265634677408,2008.4336991004318,1937.8009491240473,1951.801513671875,70125,,
2022-05-05,2033.6738001589613,2222.657903281581,2023.1128785855815,2152.025146484375,2654230,,
2022-05-06,2118.9853927179984,2204.2486366865323,2110.2652882212165,2184.095458984375,1542537,,
2022-05-09,2183.8048019056077,2286.314524911696,2157.0632893048764,2233.993896484375,1109904,,
2022-05-10,2223.626996192017,2234.284903363308,2012.7941197116438,2161.181396484375,495998,,
2022-05-11,2165.49277687913,2218.7823083012117,2117.0477483136015,2199.404296875,425040,,
2022-05-12,2184.8705752414326,2202.359276157726,2151.007550885976,2163.99072265625,185292,,
2022-05-13,2179.0569312550083,2235.786095205317,2175.3750625408984,2219.36328125,234536,,
2022-05-16,2236.222676454698,2275.9476026828797,2155.416457721942,2181.7705078125,154711,,
2022-05-17,2204.9271752920286,2247.122846165502,2189.715482304208,2222.997314453125,139859,,
2022-05-18,2240.727675198515,2272.0717013912695,2186.2755137157055,2208.124267578125,270494,,
2022-05-19,2179.0574552736166,2226.533584801588,2158.8075272982323,2204.29736328125,147689,,
2022-05-20,2221.0104301362694,2250.755625051859,2204.248405937572,2217.958251953125,142509,,
2022-05-23,2229.6338797391177,2265.2894669910893,2197.4664290572246,2225.613037109375,131873,,
2022-05-24,2218.8304904070023,2242.3748183075277,2167.4787673074356,2212.0966796875,113498,,
2022-05-25,2212.871726084466,2227.502218047069,2130.6606617490925,2145.630126953125,144343,,
2022-05-26,2137.346215384471,2141.8517450698037,2104.6458203773655,2123.054931640625,105221,,
2022-05-27,2129.643329038707,2234.5753019783715,2115.9817371768204,2213.114013671875,171237,,
2022-05-30,2235.205034156572,2317.6100716821234,2222.657819581434,2311.554443359375,411157,,
2022-05-31,2317.6099302193843,2391.2463661293646,2272.0716080118964,2351.763671875,474302,,
2022-06-01,2351.7641247176034,2410.4795992761997,2325.361581758059,2379.959228515625,351443,,
2022-06-02,2383.495073475388,2388.3395756572486,2317.7068284649054,2343.188720703125,164924,,
2022-06-03,2351.5216313390642,2373.7578516187673,2236.0772255981224,2243.7314453125,195149,,
2022-06-06,2243.7314883049153,2303.028155702976,2219.7996916066836,2289.947998046875,193033,,
2022-06-07,2273.040858773645,2299.152683221909,2239.1778293508764,2278.466796875,54080,,
2022-06-08,2295.567336155041,2295.567336155041,2199.888419010244,2233.606201171875,113410,,
2022-06-09,2235.01124161039,2282.6326068482067,2218.588425347731,2279.241455078125,101910,,
2022-06-10,2247.8490200579613,2289.4147543010563,2225.758042723662,2260.783935546875,175206,,
2022-06-13,2223.6265701711736,2281.082415132684,2181.963850120036,2264.75634765625,157963,,
2022-06-14,2257.538366155707,2290.4809860910264,2231.6687678102167,2249.157470703125,151551,,
2022-06-15,2266.9849116810915,2266.9849116810915,2223.6266149409576,2233.02490234375,283896,,
2022-06-16,2249.9322811135585,2284.6674598875297,2117.5806100564964,2174.164306640625,359448,,
2022-06-17,2160.7449878259827,2208.1726175364665,2065.695759076675,2105.56591796875,188864,,
2022-06-20,2081.198234782734,2135.5536464276715,2054.0690212939458,2119.90576171875,184960,,
2022-06-21,2121.892205099814,2193.9783114209968,2110.313890833638,2158.565185546875,160680,,
2022-06-22,2161.6654035729052,2175.6659678130336,2119.95419175013,2147.034912109375,95802,,
2022-06-23,2163.55502396271,2238.1603696165967,2144.806702870749,2219.509033203125,292754,,
2022-06-24,2221.640092824896,2238.1598917162,2180.0743608836306,2219.12109375,190440,,
2022-06-27,2232.34679330819,2286.6052223122088,2202.3593695878867,2221.2529296875,289818,,
2022-06-28,2220.6711954941766,2230.650916793547,2202.213595805429,2213.74365234375,72430,,
2022-06-29,2209.0447622608167,2252.6937793597285,2160.6482270848146,2238.35400390625,248063,,
2022-06-30,2242.035954003221,2256.520970441396,2205.944407206929,2229.34326171875,122566,,
2022-07-01,2190.0547998988895,2239.613976266499,2190.0547998988895,2204.68505859375,97053,,
2022-07-04,2207.5428653638696,2298.910232339197,2195.625578124115,2288.05859375,192539,,
2022-07-05,2306.952153083373,2330.205765714201,2271.345058742418,2291.20751953125,376434,,
2022-07-06,2300.9448165894264,2451.3181178532855,2296.2940471590064,2438.722412109375,1037060,,
2022-07-07,2461.0075063394434,2508.9195933560195,2447.9758406725605,2482.75927734375,667857,,
2022-07-08,2490.0262208524277,2531.059258702693,2474.5723025295533,2508.580810546875,534204,,
2022-07-11,2519.141144199733,2548.2081574020376,2495.9845183010802,2529.65380859375,187883,,
2022-07-12,2525.923887854821,2527.861689072968,2450.4466250271894,2461.78271484375,204632,,
2022-07-13,2462.945051136942,2492.25429102557,2436.7847378479187,2465.56103515625,187311,,
2022-07-14,2464.882844502829,2491.0431577109957,2424.8672069896315,2469.09765625,204252,,
2022-07-15,2451.415207662943,2495.06398520162,2442.598118644839,2479.852294921875,389496,,
2022-07-18,2498.7943731040295,2516.7190322364163,2474.66884543152,2506.109619140625,205877,,
2022-07-19,2490.074292855308,2556.6377101056974,2476.5096858125166,2510.32421875,210716,,
2022-07-20,2505.6735647531927,2545.1077660165297,2495.0639155179283,2517.736328125,258551,,
2022-07-21,2519.141470279957,2746.8331031706452,2513.328066887003,2686.51904296875,1136196,,
2022-07-22,2713.3091184211203,2713.3091184211203,2603.2906456324035,2612.54345703125,355041,,
2022-07-25,2628.626968990683,2628.626968990683,2554.5060832082327,2580.0849609375,292148,,
2022-07-26,2593.3105644002467,2677.023469230589,2553.4401686827186,2629.014404296875,544688,,
2022-07-27,2629.0146252672052,2664.47647957824,2606.729912892551,2643.305908203125,250057,,
2022-07-28,2659.5835954299564,2662.538789503742,2602.4184613030566,2637.589599609375,335265,,
2022-07-29,2672.760889160471,2723.579680064815,2617.3398202481912,2651.057373046875,248397,,
2022-08-01,2658.6628834568032,2720.866246175609,2639.2848741021617,2660.261474609375,363460,,
2022-08-02,2659.5352004060564,2736.51454341682,2644.468985098703,2673.729736328125,366158,,
2022-08-03,2674.0681204128127,2681.916308275139,2583.8151427358116,2588.514404296875,461656,,
2022-08-04,2605.373915258452,2631.5342334852944,2559.8355835302455,2585.3662109375,303228,,
2022-08-05,2600.1413443863466,2656.725036093888,2592.147915667246,2604.59814453125,272399,,
2022-08-08,2611.1382090700854,2710.014546872468,2592.8745775957345,2636.47509765625,382934,,
2022-08-10,2761.3667715996694,2761.3667715996694,2659.6322063302077,2684.2421875,1043450,,
2022-08-11,2708.028502651461,2748.722325116394,2693.5434869646115,2711.2744140625,326247,,
2022-08-12,2724.3546304765196,2749.4490602559385,2699.453933498689,2710.257080078125,386571,,
2022-08-16,2732.250806887739,2814.6558383812653,2719.7035932310537,2807.87353515625,833499,,
2022-08-17,2818.629125305577,2833.162635827833,2780.7450132583535,2801.818603515625,481683,,
2022-08-18,2789.415842190867,2843.7227585348287,2784.6198323778867,2800.606689453125,459776,,
2022-08-19,2813.638632041265,2833.7918102692643,2726.001626871553,2798.52392578125,335377,,
2022-08-22,2785.589298991286,2826.3801099539774,2763.401569281131,2780.308837890625,232574,,
2022-08-23,2756.5221108948804,2820.372563589559,2756.5221108948804,2778.90380859375,574029,,
2022-08-24,2780.744431679912,2993.8055567563365,2778.9036153512993,2965.271484375,843342,,
2022-08-25,2955.1467211906834,3075.29039116696,2946.42661611176,3046.61083984375,810380,,
2022-08-26,3053.005147154281,3109.8795530779366,3009.4046293434453,3072.0439453125,519283,,
2022-08-29,3042.347605631522,3121.7489552268644,2989.59102009824,3097.0419921875,501630,,
2022-08-30,3101.4021720635587,3171.453729225131,3057.7531549222676,3161.2802734375,574816,,
2022-09-01,3153.674233818346,3322.6991201583087,3143.8884804147983,3297.8466796875,1034069,,
2022-09-02,3284.5725564159875,3339.121699574023,3255.5055426423946,3264.128662109375,560330,,
2022-09-05,3245.8164196374514,3282.6346357408015,3152.462769187801,3186.9072265625,587410,,
2022-09-06,3214.7148447492227,3271.008057900406,3203.7179661041996,3257.491943359375,407055,,
2022-09-07,3246.785767876941,3274.883884041797,3163.460319939783,3207.3515625,382798,,
2022-09-08,3232.8818744377627,3273.9149067008684,3208.998570876968,3215.05419921875,363161,,
2022-09-09,3229.345336598313,3252.550456048854,3202.216122849513,3211.56591796875,215708,,
2022-09-12,3226.438979290429,3245.816991178059,3207.303192551394,3226.051513671875,179592,,
2022-09-13,3255.505498315507,3326.8649215388637,3237.338614954371,3254.391357421875,435755,,
2022-09-14,3206.9636471952163,3251.5815622079294,3169.273512636309,3186.37451171875,299457,,
2022-09-15,3213.552289067236,3242.861529630265,3165.4464731424796,3194.41650390625,288585,,
2022-09-16,3201.247706145927,3212.6807809774787,3003.59197610544,3081.249267578125,482246,,
2022-09-19,3088.8549879085526,3123.0572250152554,3009.453634258581,3059.59423828125,342412,,
2022-09-20,3085.172987951407,3118.6970405569155,3033.7245122769154,3052.569580078125,252096,,
2022-09-21,3064.293545664168,3100.482079555686,3027.8145308160997,3032.31982421875,199589,,
2022-09-22,3038.762840903812,3119.8112772555564,3003.5917036450805,3046.3203125,334012,,
2022-09-23,3073.7398524030004,3073.7398524030004,3013.7165137215393,3027.474853515625,162047,,
2022-09-26,3026.8448809226893,3028.249739207637,2873.8071084685985,2908.832763671875,295539,,
2022-09-27,2907.6707549840025,2955.1468852719786,2875.697034585978,2938.433349609375,398174,,
2022-09-28,2932.8618798544517,2974.0401520360883,2898.562895997645,2916.099853515625,344491,,
2022-09-29,2955.146672196675,2955.146672196675,2880.541329980562,2903.019775390625,291653,,
2022-09-30,2921.0900886793193,3056.881414086829,2898.9506151973987,2992.3525390625,310742,,
2022-10-03,2979.1266288303596,3027.910860618942,2890.6659713208455,2901.6630859375,388862,,
2022-10-04,2964.3026488086334,3018.1251200079373,2945.457581002931,2984.98876953125,313948,,
2022-10-06,3012.069441807353,3136.621648906039,2984.988720030172,3089.678466796875,507339,,
2022-10-07,3104.357424649425,3206.9639003393345,3078.8752923622114,3193.59326171875,601549,,
2022-10-10,3179.8831818420563,3179.8831818420563,3109.2504248318382,3130.081787109375,204689,,
2022-10-11,3138.26861837126,3188.651442747705,3085.9479930572593,3097.623291015625,294944,,
2022-10-12,3116.953170933771,3158.4706554735503,3074.3215453443754,3146.504638671875,223256,,
2022-10-13,3157.6468722027385,3203.863380831795,3137.493693582366,3164.283935546875,393950,,
2022-10-14,3208.9982753551267,3231.2829856006483,3076.258914327454,3094.958740234375,307787,,
2022-10-17,3090.8408191714057,3131.243919206414,3055.233728885698,3097.138671875,303859,,
2022-10-18,3129.5491129643715,3172.0837570631656,3086.530018538493,3111.721435546875,210090,,
2022-10-19,3126.6419530737044,3147.6670468802226,3103.5335812370336,3137.590576171875,263584,,
2022-10-20,3134.3931673980314,3134.3931673980314,2975.009032610713,3035.37158203125,438628,,
2022-10-21,3047.725072536457,3076.598355290334,2926.0795651587546,2946.668701171875,364038,,
2022-10-24,2964.835411010432,2981.2097341840818,2952.045972233313,2957.859375,16594,,
2022-10-25,2979.32020048845,2990.2688221814014,2926.6606063344125,2960.23291015625,263091,,
2022-10-27,2978.4000272463327,2982.275629103517,2912.6600361246533,2944.8759765625,250705,,
2022-10-28,2940.613225578809,2940.613225578809,2853.4121744084323,2869.98046875,336034,,
2022-10-31,2869.8832780863186,2966.628087532287,2869.4958125059015,2954.904296875,319759,,
2022-11-01,2976.8983060510436,3094.8619424069348,2964.835542086463,3054.11962890625,504156,,
2022-11-02,3062.6947599755526,3085.94837409748,3039.392653514605,3072.238525390625,199216,,
2022-11-03,3060.901633251509,3185.938278374344,3037.5997676474944,3124.946044921875,362379,,
2022-11-04,3134.393187809877,3165.8824547662357,3101.450570070917,3119.7626953125,226208,,
2022-11-07,3139.2378002281894,3180.9005241201066,3108.2329824481576,3160.892822265625,289197,,
2022-11-09,3189.6203928179443,3189.6203928179443,2993.902495081242,3007.3701171875,251189,,
2022-11-10,3007.3703966578387,3139.2378593825815,2959.5068029271897,3068.4111328125,507653,,
2022-11-11,3100.48169778937,3121.7975094616722,3008.533132058497,3057.704833984375,692497,,
2022-11-14,3057.8504148784714,3113.610693929599,2917.456806989471,2931.1181640625,560133,,
2022-11-15,2932.861886810222,2984.213614593817,2920.653645585874,2933.685546875,383627,,
2022-11-16,2949.2843523440374,2993.9022634832077,2918.3280315894567,2941.242431640625,468068,,
2022-11-17,2935.7684960063043,3037.503047848107,2920.169103438039,3025.10107421875,632485,,
2022-11-18,3027.814489195732,3060.030435360775,2967.500424570953,2996.470458984375,485570,,
2022-11-21,3001.653777315903,3022.9695885169845,2959.9910554228804,2987.07177734375,374330,,
2022-11-22,2992.9337928790205,3018.609657401939,2948.412860006426,2964.302734375,318799,,
2022-11-23,2975.4938827779993,3012.1668668348934,2961.347838732368,3002.913818359375,331230,,
2022-11-24,3017.156211642452,3071.4146406251034,3004.6089972498094,3027.765625,549566,,
2022-11-25,3042.444421759161,3060.756545790001,2984.213409633809,2994.72607421875,340177,,
2022-11-28,3003.591491113198,3034.4993218380464,2991.141025313106,3006.83740234375,321071,,
2022-11-29,3008.435770861162,3016.67142434017,2916.390231978131,2921.428466796875,383945,,
2022-11-30,2927.920773379775,2978.4005917564646,2886.3550302025074,2907.380126953125,6409415,,
2022-12-01,2916.3418309303875,2935.768332054399,2872.2568609275904,2900.74267578125,499243,,
2022-12-02,2902.1961995962934,2915.4215967670243,2831.3209862805015,2885.482666015625,440688,,
2022-12-05,2882.479111930711,2908.5909342233103,2855.349896759599,2883.060546875,216805,,
2022-12-06,2882.4307240730845,2901.76024327354,2845.3702770049363,2852.540283203125,238124,,
2022-12-07,2834.034237000224,2901.8572785694605,2830.158634624839,2876.71435546875,428075,,
2022-12-08,2896.9159133861685,2901.3244585841358,2868.236596524726,2895.414306640625,224644,,
2022-12-09,2916.390316786958,2941.387995383295,2848.5672861640055,2884.077392578125,329565,,
2022-12-12,2886.306375546156,2906.2658223904095,2853.4122477081514,2898.369140625,197711,,
2022-12-13,2889.3100426790716,2921.816704681464,2886.3548485792185,2900.064697265625,120072,,
2022-12-14,2911.5457876748733,2934.7993979591315,2905.1509502275194,2913.19287109375,307596,,
2022-12-15,2911.4973293617722,2920.2174333202547,2825.313682548361,2839.072021484375,258936,,
2022-12-16,2829.1897644827814,2836.892476977167,2737.1442070766634,2750.224365234375,425206,,
2022-12-19,2747.8018170517303,2813.20260077916,2743.248032012896,2807.14697265625,397439,,
2022-12-20,2803.1258400541838,2844.691572568239,2790.7238676325796,2833.888427734375,380570,,
2022-12-21,2838.878382219894,2859.419024911346,2743.150968301657,2752.646240234375,195307,,
2022-12-22,2763.6918470591754,2763.6918470591754,2691.7994732242855,2715.634521484375,234442,,
2022-12-23,2693.543252529609,2697.37036199969,2583.3308262795217,2597.3798828125,209507,,
2022-12-26,2601.4982232343136,2659.2930518985095,2557.8976943532916,2639.9150390625,171579,,
2022-12-27,2664.6219793517644,2671.7919859597255,2624.3643473173315,2657.355224609375,117811,,
2022-12-28,2649.9914559947238,2676.8299535090164,2623.7826492090912,2639.624267578125,127712,,
2022-12-29,2640.2540915293607,2651.8808985379305,2595.636172324376,2600.722900390625,225208,,
2022-12-30,2610.70265960409,2643.1123372764005,2593.553166340302,2599.560302734375,155615,,
2023-01-02,2601.497975553597,2628.6271909411207,2579.697713188623,2596.60498046875,135840,,
2023-01-03,2609.588332653496,2610.3150080497594,2592.777813867413,2605.760986328125,155374,,
2023-01-04,2606.3425825858567,2650.912009648663,2606.3425825858567,2621.06982421875,313367,,
2023-01-05,2640.7868636375397,2726.583052124454,2635.5546588927446,2718.73486328125,361324,,
2023-01-06,2733.2685238559106,2769.1178451542687,2722.901335006254,2755.165771484375,630345,,
2023-01-09,2772.0724510518553,2792.7100762435884,2742.617737873456,2773.08984375,179843,,
2023-01-10,2771.055051128933,2775.899552966571,2714.422871956533,2753.275634765625,140490,,
2023-01-11,2759.4285691677205,2818.5314984932934,2737.1438581105376,2810.005126953125,457133,,
2023-01-12,2817.562596899322,2843.722909869158,2792.2741997426274,2823.521240234375,212709,,
2023-01-13,2830.7397770709417,2832.193127811521,2794.260531553608,2809.762939453125,103382,,
2023-01-16,2810.731735455051,2826.0404099963025,2772.217942261478,2783.069580078125,97665,,
2023-01-17,2789.174148785016,2806.7598368489184,2746.8332392844814,2785.540771484375,88725,,
2023-01-18,2798.1842983896845,2834.0336124618516,2787.526394206067,2829.5283203125,152461,,
2023-01-19,2829.867640989405,2886.3545874080596,2819.9849032061625,2827.88134765625,258856,,
2023-01-20,2843.6261038938687,2854.2357540589373,2820.566460250518,2842.511962890625,131815,,
2023-01-23,2848.5678328218532,2860.24313264353,2826.912809269465,2856.0283203125,260669,,
2023-01-24,2865.474720733811,2865.474720733811,2829.1894445169805,2853.46044921875,147969,,
2023-01-25,2851.4745569850634,2855.350159508998,2773.3810715085738,2783.99072265625,191195,,
2023-01-27,2798.136294214507,2807.7285515819617,2674.165516233497,2716.02197265625,149121,,
2023-01-30,2725.5170098318886,2778.806535441826,2699.5019377103968,2727.3095703125,176771,,
2023-01-31,2727.455051729095,2775.900079290891,2715.3437948386463,2751.193115234375,236077,,
2023-02-01,2771.0557998430345,2870.416606688965,2668.20709266037,2702.36083984375,623110,,
2023-02-02,2689.1349120083487,2764.22470261785,2666.462734366091,2743.538818359375,236358,,
2023-02-03,2756.5219600823543,2760.397562135194,2689.6678246708666,2718.589599609375,194330,,
2023-02-06,2716.797136127217,2848.567610632674,2695.578308748841,2840.81640625,197958,,
2023-02-07,2858.2080230339116,2940.6130590323714,2810.780390198652,2929.470703125,370039,,
2023-02-08,2937.657648909683,2993.902366898385,2915.4699233987785,2983.680419921875,408409,,
2023-02-09,2987.120271831563,3042.3476008923476,2973.361931901454,3030.769287109375,262690,,
2023-02-10,3037.4547073681333,3072.38361922298,3000.733471439061,3067.829833984375,300374,,
2023-02-13,3095.6372858116133,3110.1707941957056,2912.079122230128,2983.87451171875,1255147,,
2023-02-14,2997.778247834663,3072.383588844123,2928.647100215146,2981.59765625,613928,,
2023-02-15,2984.1163757567524,3090.792409006538,2978.8359156591073,3051.64892578125,619722,,
2023-02-16,3066.9092207344706,3105.326030043908,3037.5029966264124,3089.2421875,252897,,
2023-02-17,3092.730374670998,3137.299797363625,3024.1321724344907,3038.6171875,353966,,
2023-02-20,3055.96054540294,3124.6070011152624,3041.378546159705,3075.435302734375,305386,,
2023-02-21,3096.2668909218646,3107.5062317139095,3047.1921735880414,3070.833251953125,314522,,
2023-02-22,3071.366468305573,3089.7270877165543,3031.980752782735,3074.1279296875,218407,,
2023-02-23,3079.166081432431,3081.1038826164663,3025.0046329578367,3040.749267578125,155736,,
2023-02-24,3055.912451575927,3075.290463317055,3034.6936233385895,3044.28564453125,141718,,
2023-02-27,3051.7459701163275,3080.1348031231587,2958.15032029246,3011.391357421875,220001,,
2023-02-28,3026.4578110137477,3146.0200426216925,3008.2424336144413,3117.292236328125,923123,,
2023-03-01,3131.486715533867,3216.4592502020896,3106.9734832295258,3208.4658203125,556560,,
2023-03-02,3214.811977039585,3235.982548361103,3183.8071599011682,3220.0439453125,351509,,
2023-03-03,3232.2035753522296,3259.381281684191,3208.0780475237566,3225.2275390625,446442,,
2023-03-06,3236.0306710581162,3260.1079429961114,3198.6797461862334,3215.247802734375,294806,,
2023-03-08,3215.247891383974,3293.195891104738,3197.371724054538,3274.738525390625,448991,,
2023-03-09,3288.157450949428,3327.20418688201,3274.8835619281285,3282.634765625,333450,,
2023-03-10,3274.7387417689747,3281.327076518513,3223.53225115532,3272.36474609375,194714,,
2023-03-13,3287.4791601225365,3295.2788558963152,3163.50839737092,3172.615966796875,276376,,
2023-03-14,3184.7759521680046,3219.5593855934853,3133.085015733128,3208.1748046875,330853,,
2023-03-15,3240.0033547202665,3243.8304644833815,3183.807124285525,3199.5517578125,228737,,
2023-03-16,3179.979953958881,3240.632983723472,3150.864446435453,3224.452392578125,257895,,
2023-03-17,3242.958562385835,3259.38137904019,3184.38857272665,3209.531494140625,256724,,
2023-03-20,3197.3714651101345,3225.469577985345,3164.8648079052564,3196.25732421875,175472,,
2023-03-21,3196.4030507006305,3326.1872375957446,3196.4030507006305,3306.22802734375,278420,,
2023-03-22,3306.905598328042,3320.6154445380052,3198.388752189231,3206.96337890625,288396,,
2023-03-23,3207.060667287931,3278.7593045626463,3198.679772550009,3255.941650390625,369001,,
2023-03-24,3272.3160818217734,3286.5103790223625,3226.4385501605148,3242.619140625,180779,,
2023-03-27,3249.69236798775,3264.128891222767,3210.742614106795,3221.206787109375,171779,,
2023-03-28,3252.5987535018,3279.7279656251394,3200.278130121074,3234.8193359375,184543,,
2023-03-29,3236.0306711960698,3309.4248837504892,3229.34535239446,3285.9775390625,1031003,,
2023-03-31,3285.5415333989085,3313.639647367817,3245.9135983171186,3260.495361328125,329944,,
2023-04-03,3282.6349573916264,3311.7019729529457,3234.1899314560947,3268.828125,323147,,
2023-04-05,3283.555596306653,3284.572989232386,3242.9587563391738,3269.2158203125,221406,,
2023-04-06,3274.9323467734234,3360.0986103805485,3261.3192467552963,3291.4521484375,733361,,
2023-04-10,3313.542654806793,3313.542654806793,3264.9038980515943,3291.984619140625,193423,,
2023-04-11,3277.790194000716,3277.790194000716,3165.494727436133,3175.522705078125,493329,,
2023-04-12,3191.4616600138156,3198.631666536043,3097.139326514243,3103.921630859375,498526,,
2023-04-13,3116.759387963623,3155.36993358925,3074.3214958639705,3129.548828125,402975,,
2023-04-17,3148.9264995330404,3168.304508760936,3113.0771824614335,3128.57958984375,286059,,
2023-04-18,3139.2376726564094,3158.4704425232026,3103.29136888427,3107.942138671875,277893,,
2023-04-19,3113.0773372171498,3142.144352503958,3086.9655157940956,3101.4990234375,266982,,
2023-04-20,3112.108270764776,3131.244054808239,3079.165655196282,3085.269775390625,276392,,
2023-04-21,3098.5441854418855,3112.6417367846875,3043.462090528009,3055.234375,267054,,
2023-04-24,3066.2795638212847,3131.4866190081243,3062.3554692322987,3117.340576171875,314556,,
2023-04-25,3127.6108802073904,3250.661246312204,3110.2191631738256,3232.34912109375,690245,,
2023-04-26,3240.9722137853814,3301.044045550611,3226.438706100245,3294.406982421875,361730,,
2023-04-27,3304.4514904700286,3320.8523443580175,3276.3564216597683,3310.856689453125,327674,,
2023-04-28,3308.3331373322553,3337.6898628835315,3286.0123212106237,3317.018798828125,251132,,
2023-05-02,3319.008328648619,3361.951638164029,3290.2823138387052,3340.504150390625,331768,,
2023-05-03,3341.3291313285094,3377.236531229513,3306.5376774627525,3351.6162109375,359375,,
2023-05-04,3381.1186195170244,3554.590190481051,3352.974980031952,3537.7041015625,1282221,,
2023-05-05,3545.1281252277217,3642.805869438029,3542.1681433268445,3609.03369140625,978769,,
2023-05-08,3618.3500302294888,3705.6437884411544,3610.1496033822455,3690.310546875,321297,,
2023-05-09,3702.295526646744,3704.1395623271897,3653.8691547173753,3694.62890625,395444,,
2023-05-10,3696.9093691713624,3726.120619208383,3679.0528108917774,3702.78076171875,253030,,
2023-05-11,3702.3440779367943,3755.865418524258,3692.736517041765,3746.451904296875,221052,,
2023-05-12,3737.4265589674283,3839.18046354858,3736.310612907491,3826.127685546875,404269,,
2023-05-15,3818.8003186818983,3822.6821995649293,3731.4579988136975,3741.599365234375,227276,,
2023-05-16,3737.2811861319883,3817.587604764142,3732.0407411991796,3795.024169921875,268910,,
2023-05-17,3789.2011043736243,3829.5241907883533,3762.513172405312,3803.17578125,187846,,
2023-05-18,3804.728775676265,3818.800594895065,3775.663237848505,3782.407958984375,141795,,
2023-05-19,3775.226665622073,3809.095984829338,3732.040736622097,3779.7392578125,154467,,
2023-05-22,3755.7202427585107,3811.86204710299,3697.0067867670664,3778.235107421875,275112,,
2023-05-23,3779.933101472805,3850.7774306340807,3757.9520448000467,3797.20751953125,279818,,
2023-05-24,3796.4798786062756,3837.870342837505,3768.384810326455,3776.730712890625,205631,,
2023-05-25,3770.2771731129505,3840.151035780681,3767.3171912664748,3825.54541015625,339853,,
2023-05-26,3838.210068963516,3893.8180650100926,3833.3577174224747,3886.490966796875,327697,,
2023-05-29,3907.0649298570115,3938.265692743372,3893.818104787138,3912.111328125,277673,,
2023-05-30,3909.054574540622,3940.0610548744767,3889.790643297265,3910.607421875,179306,,
2023-05-31,3894.254377596128,4172.051478234566,3871.739515865123,4004.06298828125,1169176,,
2023-06-01,4009.546329424854,4017.746992904625,3820.5474777405752,3828.16552734375,421490,,
2023-06-02,3859.560663621994,3909.2486992071927,3822.197554356355,3902.795166015625,397566,,
2023-06-05,3915.847434628669,3948.843422925416,3860.530630719416,3913.906494140625,316713,,
2023-06-06,3925.552259085276,3971.1157910720985,3913.858044895082,3937.82861328125,240261,,
2023-06-07,3948.4552494619224,4039.097073641412,3939.0414987410027,4028.51904296875,241488,,
2023-06-08,4046.8615659719376,4048.7541727959892,3964.371582013277,3990.865234375,171143,,
2023-06-09,4015.709645986296,4041.136161737327,3985.7222033631556,4028.6171875,140674,,
2023-06-12,4034.6821971736335,4050.452340560557,3976.1625500111295,4028.859375,197995,,
2023-06-13,4032.935173534658,4201.99130468665,4018.5235934988764,4192.23779296875,484212,,
2023-06-14,4199.225534891255,4240.3250522204125,4161.910757452428,4221.40087890625,282696,,
2023-06-15,4211.841520971254,4219.847901742685,4153.613297179025,4186.26953125,144416,,
2023-06-16,4173.02274461378,4221.546264899986,4161.37709974509,4208.8330078125,153331,,
2023-06-19,4239.984015280558,4281.034712402208,4184.424600111226,4199.85498046875,177825,,
2023-06-20,4184.4739332894305,4254.542083238117,4184.4739332894305,4246.7783203125,231190,,
2023-06-21,4264.198678657096,4312.673391672549,4195.877182204923,4237.5107421875,304147,,
2023-06-22,4222.613558254704,4243.8667637626595,4135.174086529314,4144.3935546875,188292,,
2023-06-23,4153.516042532226,4176.710189606871,4092.03664980925,4114.50341796875,204714,,
2023-06-26,4111.882357190542,4173.021981571709,4091.793433920335,4158.8046875,138748,,
2023-06-27,4187.822319035203,4218.634753686583,4143.908534217095,4167.68505859375,217841,,
2023-06-28,4197.042067253543,4312.770668102144,4173.99339412856,4280.84228515625,339541,,
2023-06-30,4290.449196118832,4312.770013017889,4246.098513865724,4292.39013671875,209317,,
2023-07-03,4318.593030515019,4356.15042237033,4259.442673507133,4280.9873046875,247575,,
2023-07-04,4280.987261628801,4310.92636621059,4221.545953660592,4231.93017578125,103281,,
2023-07-05,4240.954995407558,4298.164406229252,4231.929811621341,4260.94677734375,89263,,
2023-07-06,4289.478774193928,4313.983149544244,4254.541843001398,4270.21484375,159465,,
2023-07-07,4270.069277728849,4299.183386440636,4224.457174080381,4269.82666015625,121844,,
2023-07-10,4284.480185900654,4295.883210028485,4221.545102643936,4240.61474609375,117305,,
2023-07-11,4252.55269067799,4389.1947248369515,4250.854367585078,4366.388671875,300170,,
2023-07-12,4383.614487658646,4420.492360257944,4345.280909562008,4394.7265625,204362,,
2023-07-13,4410.5451485129315,4423.40388072434,4265.217212765132,4277.15380859375,226427,,
2023-07-14,4295.302679810765,4331.501041995725,4226.739029818565,4254.3486328125,273514,,
2023-07-17,4264.148909869504,4325.094722644924,4247.893534046714,4288.45947265625,194300,,
2023-07-18,4290.449368458719,4410.787690487418,4290.449368458719,4358.23681640625,350377,,
2023-07-19,4362.749534483837,4478.090032364644,4352.559595631189,4360.80859375,422756,,
2023-07-20,4367.116911767439,4372.066405706611,4018.8151710658667,4079.857666015625,1566115,,
2023-07-21,4079.857606467341,4190.151473867773,4075.199538041115,4101.013671875,413021,,
2023-07-24,4124.499184211412,4221.546223839916,4124.499184211412,4194.42138671875,291808,,
2023-07-25,4206.9888183585,4240.421710277751,4145.024193931524,4205.14501953125,230780,,
2023-07-26,4207.328181362726,4289.915292216686,4203.543442260735,4268.61328125,214947,,
2023-07-27,4272.009814229857,4358.915230969376,4239.013827477514,4270.166015625,334733,,
2023-07-28,4294.282959576013,4407.827990388481,4280.016855903303,4382.83837890625,415070,,
2023-07-31,4372.50269574172,4471.927577188401,4372.50269574172,4418.357421875,254120,,
2023-08-01,4443.541419828758,4453.779693178473,4365.175933691456,4386.1865234375,119691,,
2023-08-02,4374.880535478817,4422.4335847775,4250.660325065931,4277.83349609375,217964,,
2023-08-03,4277.833154417661,4306.947263907799,4197.284118161611,4243.818359375,195937,,
2023-08-04,4183.698015408742,4317.62293448237,4183.698015408742,4306.99609375,199490,,
2023-08-07,4328.540204000455,4407.051157376304,4287.14974001489,4392.30029296875,235866,,
2023-08-08,4413.650379811763,4413.650379811763,4313.7402776494655,4344.45556640625,151125,,
2023-08-09,4355.373427185722,4422.433017572486,4285.159808423468,4387.44775390625,392322,,
2023-08-10,4386.379865258296,4415.639447262733,4346.833204274571,4372.0654296875,169628,,
2023-08-11,4383.177159739256,4424.373810848276,4354.499953778507,4392.97900390625,212151,,
2023-08-14,4367.116574157817,4367.116574157817,4128.575151718809,4226.107421875,753925,,
2023-08-16,4226.107345624306,4270.069462132639,4129.448405754447,4172.876953125,295770,,
2023-08-17,4182.581953557725,4213.6853403724745,4149.2945344776845,4186.318359375,183884,,
2023-08-18,4187.38534404903,4215.189699114142,4143.908461214073,4153.1279296875,230500,,
2023-08-21,4171.857809967766,4203.301428841927,4125.469516127463,4189.71484375,294745,,
2023-08-22,4211.598447736865,4211.598447736865,4159.435669566266,4196.6044921875,216566,,
2023-08-23,4215.722290924876,4218.730843133323,4167.004500319975,4175.544921875,144208,,
2023-08-24,4206.017782783616,4260.364113156455,4188.791936995796,4208.880859375,233683,,
2023-08-25,4217.141301887787,4222.048210712945,4100.7799041356875,4124.39208984375,220479,,
2023-08-28,4139.355183350538,4188.037571123468,4124.876911698172,4143.4365234375,197684,,
2023-08-29,4153.930694711033,4207.423199082972,4124.002449136823,4196.63720703125,187724,,
2023-08-30,4212.330370880038,4241.481446111041,4201.155792041486,4222.970703125,187244,,
2023-08-31,4236.623474632955,4265.774553586852,4223.019637787803,4257.5634765625,432110,,
2023-09-01,4257.369149739346,4274.519605206118,4150.141676252632,4170.01318359375,164901,,
2023-09-04,4178.320778349332,4205.5284485339325,4125.120066113373,4187.357421875,298303,,
2023-09-05,4216.655516892795,4324.0770617535945,4192.994460999121,4315.13720703125,306152,,
2023-09-06,4343.412975167395,4411.529416334459,4317.322667757264,4372.95263671875,504897,,
2023-09-07,4379.415250555199,4379.463645899841,4316.837223148069,4322.71630859375,193416,,
2023-09-08,4338.554683518559,4387.237076872363,4309.500871745056,4332.38427734375,231272,,
2023-09-11,4358.0375603813745,4545.6245486899015,4333.841787209727,4488.1484375,684497,,
2023-09-12,4510.54601665502,4510.54601665502,4259.944021419196,4277.33740234375,433279,,
2023-09-13,4293.95383930822,4298.035180061321,4139.453124112473,4218.25830078125,362583,,
2023-09-14,4236.671598844329,4263.345024165795,4194.159611423873,4242.64794921875,138301,,
2023-09-15,4265.773773719309,4272.478425760128,4217.7717673771085,4255.4736328125,223156,,
2023-09-18,4253.141617052672,4261.692408813774,4183.859422260775,4198.0458984375,105351,,
2023-09-20,4180.263978116589,4302.601222797197,4163.842301454278,4206.54833984375,275335,,
2023-09-21,4222.047772931986,4232.93103177561,4139.453052402822,4155.19482421875,146287,,
2023-09-22,4194.839885499388,4194.839885499388,4047.14109870395,4068.5185546875,250138,,
2023-09-25,4099.904192915387,4100.244383685238,4006.3294313929696,4058.7041015625,274277,,
2023-09-26,4042.37997640463,4103.499973468025,4033.828709067718,4086.203857421875,179832,,
2023-09-27,4105.443317634192,4120.26178168009,4050.833443954798,4113.55712890625,217834,,
2023-09-28,4129.735867795866,4129.735867795866,3972.0284953275072,3985.632568359375,259081,,
2023-09-29,4003.4145600446836,4030.573836469479,3973.8748970187357,3982.280029296875,270878,,
2023-10-03,3987.8188709602905,4032.517188272644,3943.3146094795093,3976.158203125,303772,,
2023-10-04,3940.4482955120743,3974.1179325947396,3865.7730938100012,3884.381103515625,438394,,
2023-10-05,3917.9046519177596,3990.928003104204,3884.380914196737,3952.691650390625,310894,,
2023-10-06,3964.5951734649375,4027.70720882018,3952.886109886729,4016.14404296875,207353,,
2023-10-09,4005.455497095692,4005.455497095692,3945.1126690142405,3983.689453125,122211,,
2023-10-10,4003.3176242351124,4086.83565619148,3972.3690373930212,4074.057861328125,244817,,
2023-10-11,4094.074274168336,4106.706407657858,4051.9997424081266,4066.9638671875,158952,,
2023-10-12,4083.1427455479457,4117.055546066943,4071.531184085337,4096.74658203125,246829,,
2023-10-13,4081.150996108944,4115.160587743186,4071.4339699277325,4109.52490234375,149733,,
2023-10-16,4119.97024429952,4177.737673801843,4106.317539364699,4160.2958984375,264960,,
2023-10-17,4166.61274378632,4185.949532444969,4133.866173312938,4162.3857421875,130579,,
2023-10-18,4176.37781411356,4216.606207239411,3967.5103857238414,3982.32861328125,621225,,
2023-10-19,3982.328613513487,4004.9695689864297,3918.1478459612545,3978.296142578125,388946,,
2023-10-20,3974.2149943015515,3978.150437270915,3887.7820956328605,3901.677490234375,204827,,
2023-10-23,3907.896093153869,3926.844292855912,3818.79101687324,3831.131591796875,162161,,
2023-10-25,3837.2535978520345,3906.487408651467,3785.0732152643527,3819.277099609375,261645,,
2023-10-26,3818.7911016054286,3882.291959472791,3741.054895974784,3846.24169921875,302100,,
2023-10-27,3877.0442077422717,3969.8904258382577,3856.7357210905993,3895.0693359375,262816,,
2023-10-30,3922.3746182166788,3984.9521677032935,3877.627668228754,3955.023681640625,114014,,
2023-10-31,3983.008986915873,4008.2732547030923,3914.8441439135727,3993.017333984375,205697,,
2023-11-01,4003.4148211120532,4029.650792027108,3930.439858970307,3940.254150390625,187184,,
2023-11-02,3973.9717265926474,3996.3211216609534,3952.448610786651,3961.58251953125,170196,,
2023-11-03,3989.324755361428,4061.716594181164,3962.651568236005,4049.5703125,183990,,
2023-11-06,4076.292091997633,4104.034009298166,4024.1114766243145,4084.74609375,231433,,
2023-11-07,4094.7547033965066,4113.3627130528075,4054.9148973122024,4089.70166015625,122172,,
2023-11-08,4119.046962847204,4166.660386102573,4098.6896053635965,4154.5625,216669,,
2023-11-09,4163.647274346822,4249.205950320617,4096.697077811449,4188.52294921875,522498,,
2023-11-10,4205.529082296582,4258.924332866036,4103.500303728851,4119.3388671875,640836,,
2023-11-13,4116.034691923196,4185.948879421592,4083.6283173400293,4142.125,157036,,
2023-11-15,4171.227717037936,4183.131073249374,4131.679233553871,4138.28662109375,95758,,
2023-11-16,4163.745086906045,4165.591226707536,4090.9157969422013,4112.9736328125,130755,,
2023-11-17,4121.962339082716,4176.3776834930495,4096.455146390373,4163.7939453125,121481,,
2023-11-20,4193.868915074333,4241.82253891966,4173.463158073277,4223.99169921875,243547,,
2023-11-21,4269.612575440771,4304.54499715729,4212.378916129121,4222.3388671875,345900,,
2023-11-22,4236.7203477372805,4251.830132477839,4100.876047704187,4114.5771484375,176385,,
2023-11-23,4129.736032087628,4158.838714617062,4100.584954214069,4139.9873046875,82762,,
2023-11-24,4144.310756323564,4155.436938643752,4104.470957728192,4141.73583984375,116246,,
2023-11-28,4167.632364409223,4167.632364409223,4076.826568548943,4134.83740234375,184551,,
2023-11-29,4142.611471178514,4153.25180536328,4111.905571444474,4123.95458984375,78223,,
2023-11-30,4135.56631455399,4338.652160357981,4114.286122254922,4294.6826171875,558962,,
2023-12-01,4323.105178936477,4323.105178936477,4251.9763537050485,4263.1025390625,150704,,
2023-12-04,4294.6826609464415,4550.483376030813,4294.051149135364,4499.7119140625,798523,,
2023-12-05,4530.757611522478,4727.3812404201835,4461.71786155256,4709.45361328125,860640,,
2023-12-06,4717.6160458883805,4747.204579360407,4588.136676554781,4604.3154296875,248801,,
2023-12-07,4615.63512937545,4654.697758468101,4566.564154624103,4610.53369140625,177991,,
2023-12-08,4654.358014446049,4706.295706255582,4551.892263793989,4612.4775390625,231897,,
2023-12-11,4642.794868632725,4696.724361141959,4625.3526177562435,4651.39453125,148181,,
2023-12-12,4662.325765634479,4683.363029440217,4557.333027959283,4587.69873046875,201663,,
2023-12-13,4597.0768953644865,4642.114934145385,4542.758337025264,4632.44677734375,166968,,
2023-12-14,4665.532921342283,4698.133829317053,4600.720640480969,4656.78759765625,150017,,
2023-12-15,4670.051051902493,4790.056321999244,4628.802561555829,4698.279296875,371899,,
2023-12-18,4697.210275281995,4816.729692712629,4646.536080589397,4750.07080078125,356079,,
2023-12-19,4782.720219330244,4786.218443599262,4664.220896926268,4702.0205078125,223298,,
2023-12-20,4716.643279197908,4756.483076158583,4433.051849110639,4483.77490234375,347680,,
2023-12-21,4469.05439497697,4572.297787154213,4400.937953810031,4551.9404296875,191984,,
2023-12-22,4589.350742507617,4630.162246040397,4553.495016439494,4624.33203125,155535,,
2023-12-26,4636.3330078125,4687.4930516362265,4612.914881712288,4636.3330078125,121004,,
2023-12-27,4664.124422542215,4686.424714149235,4590.323414940131,4599.65185546875,165313,,
2023-12-28,4612.380542727493,4630.551095177976,4491.2090486648,4511.56640625,478064,,
2023-12-29,4536.879409778033,4555.34175905749,4487.905693950622,4542.56396484375,147991,,
2024-01-01,4542.563458246555,4581.577218138091,4522.108836252756,4549.70556640625,84544,,
2024-01-02,4566.95391447755,4579.634443871284,4469.832047911714,4568.55712890625,178550,,
2024-01-03,4580.605958533489,4693.226192574479,4566.127684995655,4640.4140625,291954,,
2024-01-04,4682.537612806967,4728.3049006344245,4635.069845411876,4688.22216796875,266936,,
2024-01-05,4718.540190101963,4761.3435067390965,4666.116636604314,4695.60791015625,118877,,
2024-01-08,4718.58786555472,4718.58786555472,4605.870363000283,4618.4541015625,60882,,
2024-01-09,4648.624908715201,4832.908198842827,4644.738098590858,4781.1650390625,571239,,
2024-01-10,4790.444937178731,4817.312416453075,4735.5437458425695,4796.0322265625,241276,,
2024-01-11,4807.93591823961,4848.844216841661,4722.4744874718235,4733.9892578125,87455,,
2024-01-12,4770.96231313246,4770.96231313246,4636.624433968017,4648.57666015625,145377,,
2024-01-15,4672.917885143928,4672.917885143928,4591.2948653160865,4618.4052734375,104057,,
2024-01-16,4635.020778833652,4705.274677582536,4615.635124784339,4673.20849609375,192280,,
2024-01-17,4662.229032718083,4726.070082747509,4597.513545249381,4637.98486328125,163852,,
2024-01-18,4630.162530112327,4661.645597019216,4532.992277644072,4577.05908203125,151382,,
2024-01-19,4604.364332837898,4707.024616700454,4604.364332837898,4684.0439453125,132723,,
2024-01-23,4616.510186335317,4758.4271468030065,4601.885779018625,4635.55517578125,348426,,
2024-01-24,4630.114733162078,4678.650995864264,4483.241498003295,4597.3681640625,293735,,
2024-01-25,4633.077995805931,4659.265570655976,4532.992628027405,4605.18994140625,114581,,
2024-01-29,4616.559074946189,4671.1200813074565,4581.966367325913,4655.96142578125,87854,,
2024-01-30,4688.465322662568,4722.4749156767,4582.501337642781,4595.91064453125,152802,,
2024-01-31,4614.6149483921345,4627.975857118265,4499.954058960618,4539.4052734375,292837,,
2024-02-01,4559.228380580238,4565.058595900673,4217.4804027617465,4417.408203125,825760,,
2024-02-02,4417.408844531373,4464.9254858636305,4336.709125539099,4353.66552734375,315504,,
2024-02-05,4372.662019115872,4410.072571946085,4220.833476785459,4244.591796875,290961,,
2024-02-06,4254.113201182077,4298.422926493783,4238.614357774051,4278.40576171875,177927,,
2024-02-07,4309.063631841357,4498.302715685685,4309.015236496383,4445.63671875,281178,,
2024-02-08,4479.548662399655,4479.548662399655,4314.456497478662,4324.46484375,132187,,
2024-02-09,4337.6801368312035,4374.070586725353,4287.831986334723,4362.41015625,203496,,
2024-02-12,4357.9885954595175,4423.4812512924045,4275.491145298738,4303.08740234375,149594,,
2024-02-13,4322.133550772511,4358.426741016375,4251.976427001719,4338.5068359375,290402,,
2024-02-14,4316.157427793559,4490.335124456538,4302.553590955167,4429.4091796875,371445,,
2024-02-15,4445.539453738232,4458.074322551021,4334.425165067264,4342.150390625,286311,,
2024-02-16,4382.378433707386,4411.238188788184,4342.976085691079,4396.1279296875,185797,,
2024-02-19,4411.52914583824,4426.93072464329,4323.249882905906,4361.82666015625,155541,,
2024-02-20,4386.99416169626,4418.331569462959,4335.348265184436,4396.46826171875,169172,,
2024-02-21,4508.699930039831,4988.721000177692,4508.699930039831,4843.64599609375,4404765,,
2024-02-22,5052.853254608295,5295.778891849079,4937.803767703887,5271.486328125,4222692,,
2024-02-23,5266.628027121093,5361.952145899639,5170.089280107509,5239.46875,1578299,,
2024-02-26,5207.402672318449,5278.57988836404,4990.712990705249,5146.33154296875,1164768,,
2024-02-27,5120.872813596517,5319.828925282263,5097.066099377709,5296.26513671875,656105,,
2024-02-28,5286.06168879325,5394.892370621346,5228.002463442994,5274.984375,785448,,
2024-02-29,5290.87255859375,5329.789060122185,5199.046657740232,5290.87255859375,527441,,
2024-03-01,5342.420745920228,5368.268129252759,5300.63753528462,5334.50146484375,345570,,
2024-03-04,5334.647097554983,5504.695046930597,5333.529734494772,5472.19140625,484602,,
2024-03-05,5460.967999930551,5533.845686762364,5413.792033773732,5520.09619140625,340244,,
2024-03-06,5499.836283132024,5558.138434543317,5430.311157359705,5539.384765625,401305,,
2024-03-07,5535.837967129569,5628.101316445003,5514.412115128694,5607.45263671875,289128,,
2024-03-11,5636.894790731498,5765.985567166752,5607.452393759636,5676.0546875,693540,,
2024-03-12,5684.459552584765,5689.318065022871,5528.987154565353,5556.19482421875,310813,,
2024-03-13,5587.1926096893585,5644.96051826794,5415.007195964058,5438.8623046875,454668,,
2024-03-14,5456.012942808739,5498.1847415981165,5363.798459119964,5466.2158203125,354416,,
2024-03-15,5490.119362472826,5625.9631880630495,5427.444548511853,5457.61572265625,810054,,
2024-03-18,5485.261127486642,5621.299490258676,5457.61599898052,5603.56591796875,306134,,
2024-03-19,5623.7286392138085,5623.7286392138085,5452.70898642735,5469.3251953125,245880,,
2024-03-20,5519.270070779787,5606.577633253516,5402.6657735097915,5571.45068359375,272707,,
2024-03-21,5597.0064892978,5710.695683611661,5587.289464142768,5698.93798828125,381358,,
2024-03-22,5708.752378544394,5863.301476555762,5669.932672584641,5798.53759765625,514271,,
2024-03-26,5714.5825712293,5817.19445315185,5709.043677030114,5762.00146484375,383434,,
2024-03-27,5937.102718958292,6162.440450665532,5913.781857214429,6101.66064453125,1232034,,
2024-03-28,6102.292243176702,6288.810744439715,6046.710665443635,6180.8544921875,722060,,
2024-04-01,6240.711777308359,6382.434227037391,6216.030150810521,6320.58544921875,396061,,
2024-04-02,6359.792814322056,6359.792814322056,6192.319794822908,6247.9013671875,280233,,
2024-04-03,6275.255239261235,6335.500799006389,6249.845311777683,6320.001953125,217760,,
2024-04-04,6406.435386881307,6435.052218885033,6306.398412160187,6317.81591796875,325004,,
2024-04-05,6336.56959717078,6494.568526780203,6330.642116719704,6481.1103515625,382254,,
2024-04-08,6481.2568842937235,6556.95242827442,6442.874628382239,6510.1650390625,179056,,
2024-04-09,6528.869758910285,6531.396280559057,6311.839888656147,6345.0234375,317551,,
2024-04-10,6392.491328389836,6477.369646903586,6374.369169470076,6453.611328125,234204,,
2024-04-12,6461.821919991276,6581.438598094769,6454.0482996364,6561.85888671875,418148,,
2024-04-15,6471.539322305599,6538.63519711531,6361.785323742995,6375.38916015625,333967,,
2024-04-16,6383.794518372035,6477.369285409805,6340.359224017248,6456.81787109375,268622,,
2024-04-18,6455.457885042972,6455.992131692048,6131.443460411924,6189.259765625,1041299,,
2024-04-19,6189.259476753953,6189.259476753953,6068.282507626726,6114.53564453125,286043,,
2024-04-22,6194.604165771838,6358.919172732439,6129.500090617843,6340.65087890625,384870,,
2024-04-23,6383.891112012245,6383.891112012245,6117.256031829216,6128.96533203125,550348,,
2024-04-24,6186.635738542135,6200.919956119842,6121.774591935381,6164.33544921875,239797,,
2024-04-25,6193.632278079416,6278.364933294718,6165.9387544011515,6249.69970703125,260935,,
2024-04-26,6286.9159709464875,6306.3016280614265,6197.324799318274,6229.05126953125,163903,,
2024-04-29,6277.781638755839,6281.036937216747,6169.534068728019,6269.32763671875,158748,,
2024-04-30,6316.067179795895,6454.534806429882,6271.368858215801,6355.6640625,393914,,
2024-05-02,6398.66134434624,6557.000465955924,6359.793242026749,6493.40234375,317802,,
2024-05-03,6543.282955018295,6621.443194400606,6473.314096520763,6532.26318359375,337954,,
2024-05-06,6543.429208453706,6853.535093444508,6543.429208453706,6768.06103515625,689802,,
2024-05-07,6803.800341675299,6865.236406104931,6657.084978299593,6717.44873046875,384249,,
2024-05-08,6734.173674648989,7038.818480107707,6633.925323040658,7008.34423828125,545654,,
2024-05-09,7026.140742868906,7026.140742868906,6788.2464463365,6811.69970703125,412297,,
2024-05-10,6865.237173872364,7031.017048809623,6855.485416523114,7000.15283203125,509593,,
2024-05-13,7362.576811378652,7985.66553874735,7216.300450887686,7786.046875,3294820,,
2024-05-14,7835.537120244917,7918.329445860302,7719.393593647488,7880.2490234375,856307,,
2024-05-15,7879.419239862953,7923.302144045358,7767.469265879388,7883.6123046875,460611,,
2024-05-16,7883.612829335925,8169.681196252394,7828.320652082433,8098.98095703125,1059012,,
2024-05-17,8093.958700748997,8181.821654632716,8030.572277188915,8163.537109375,319044,,
2024-05-21,8142.717965184237,8386.31669061279,8142.717965184237,8337.0703125,375839,,
2024-05-22,8342.628360705954,8376.759511217317,8176.4094672516085,8204.3486328125,326374,,
2024-05-23,8249.985771614296,8279.241040307963,8149.103662938309,8214.4404296875,203242,,
2024-05-24,8267.34438818341,8297.52626666897,8167.876466432244,8213.125,163314,,
2024-05-27,8249.93711176607,8259.737436205729,8056.022869867675,8189.86572265625,229846,,
2024-05-28,8157.442440576182,8166.804699346321,7974.158440573086,8029.25634765625,328008,,
2024-05-29,7931.104674506945,8043.6889095635925,7923.254699886768,7994.83203125,226167,,
2024-05-30,7940.173489437038,8085.816562222214,7907.846507861668,8059.48681640625,319976,,
2024-05-31,8121.264193671889,8143.6932374344315,7964.1632745205025,8111.4638671875,516112,,
2024-06-03,8289.481500249736,8547.41548728768,8186.844252099476,8511.333984375,537121,,
2024-06-04,8532.787289039317,8532.787289039317,6809.066643852357,7476.42822265625,1346607,,
2024-06-05,7655.129234188374,7703.839450798582,7058.467887754059,7618.75537109375,1097810,,
2024-06-06,7607.394599414581,7942.514127065393,7607.394599414581,7789.21630859375,483840,,
2024-06-07,7850.115998471572,7900.093754253955,7723.391722857895,7872.83740234375,323673,,
2024-06-10,7975.03588347126,7996.441181732717,7795.847338697676,7861.818359375,271789,,
2024-06-11,7942.80649755306,8127.505165852058,7871.716280486526,7894.29150390625,434290,,
2024-06-12,7918.573065240174,8118.337907665608,7918.426884113483,8075.43017578125,436181,,
2024-06-13,8142.717350662792,8279.144816304311,8098.883011107489,8236.9189453125,386195,,
2024-06-14,8295.479808891956,8917.982915569568,8243.209813303642,8796.0859375,1242412,,
2024-06-18,8922.808963468893,8922.808963468893,8582.618353829384,8646.8828125,517839,,
2024-06-19,8682.964627040907,8692.472590328603,8309.472325585755,8331.9013671875,601292,,
2024-06-20,8386.511719768081,8450.482870097807,8177.43365131466,8327.318359375,409555,,
2024-06-21,8376.75921981503,8426.00559241115,8147.592931496458,8190.89111328125,318529,,
2024-06-24,8180.7971530455325,8352.720430871836,8045.930550176866,8255.154296875,435447,,
2024-06-25,8284.069311106705,8384.414322974624,8176.897116764992,8191.13525390625,244800,,
2024-06-26,8216.83054154742,8225.607122947127,8031.254794193189,8182.552734375,336425,,
2024-06-27,8172.459996590016,8475.105395739773,8120.82425254097,8428.4921875,654170,,
2024-06-28,8503.532499520972,8503.679156810802,8227.557763584684,8280.1201171875,400414,,
2024-07-01,8280.12014957982,8431.2228700581,8251.302944335708,8374.224609375,251582,,
2024-07-02,8376.712347285922,8454.774987007573,8205.178526886717,8302.8427734375,240074,,
2024-07-03,8324.100214421422,8428.151657565702,8318.24915991269,8403.91796875,235527,,
2024-07-04,8464.52444986145,8590.029743631565,8367.153544347188,8499.435546875,329126,,
2024-07-05,8499.582911387717,8499.582911387717,8390.850819833384,8463.9404296875,222477,,
2024-07-08,8484.029054718785,8484.029054718785,8281.192498008268,8347.0654296875,161299,,
2024-07-09,8401.139570912692,8498.608583212204,8354.477789511297,8377.7353515625,195613,,
2024-07-10,8410.841792747437,8410.841792747437,8173.532216211553,8330.779296875,178905,,
2024-07-11,8371.931752260238,8376.759062323597,8217.805427031542,8247.9873046875,134239,,
2024-07-12,8191.475698145385,8288.993265980449,7987.6639813701,8005.4609375,406193,,
2024-07-15,8006.485276530528,8059.827580564643,7913.307424003258,8046.32177734375,279190,,
2024-07-16,8083.231127507822,8093.909491556837,7981.764289522406,8027.9384765625,212920,,
2024-07-18,8030.27955499408,8045.102416149289,7521.871606810816,7697.2080078125,715249,,
2024-07-19,7703.8882770467,7713.347672104046,7411.33555766518,7431.32666015625,355166,,
2024-07-22,7338.3438150193315,7567.217757599385,7240.680057356491,7525.3828125,363722,,
2024-07-23,7574.141245507641,7618.121289531822,6878.109575671039,7316.7919921875,714300,,
2024-07-24,7362.5275945915955,7448.343051854654,7250.430963077731,7335.8564453125,388681,,
2024-07-25,7265.059084607451,7573.214610880734,7226.100624287059,7434.54443359375,304924,,
2024-07-26,7507.829077244944,7674.632688738856,7459.460267735758,7656.34814453125,237187,,
2024-07-29,7702.9127232222945,7796.042000987547,7618.121007086161,7776.34326171875,207473,,
2024-07-30,7791.653998727293,7849.189366177218,7635.625883608848,7648.7421875,136915,,
2024-07-31,7604.615417621739,7750.696548620151,7596.6187863300165,7700.81640625,274082,,
2024-08-01,7700.816279577062,7750.69642112672,7542.98399816497,7576.919921875,143518,,
2024-08-02,7504.025799538041,7586.8185998202125,7360.187379576468,7390.66162109375,195829,,
2024-08-05,7218.348357323075,7409.287574556534,7057.151523657748,7280.36962890625,335130,,
2024-08-06,7261.889858381633,7460.094325258601,7243.605313466783,7280.36962890625,271285,,
2024-08-07,7368.427326999483,7718.515390841835,7284.90362649862,7675.0224609375,470318,,
2024-08-08,7685.359615955656,7951.582579431852,7582.966168464812,7745.1376953125,630662,,
2024-08-09,7947.681902847094,8058.6081379941925,7724.366669012495,7774.1982421875,1288936,,
2024-08-12,7791.605292470737,7791.605292470737,7441.419602569104,7484.18115234375,499233,,
2024-08-13,7595.399671639135,7595.399671639135,7338.197082854693,7357.50537109375,485092,,
2024-08-14,7411.336103950124,7620.99890162766,7266.034909280575,7564.39013671875,505429,,
2024-08-16,7646.3525351407325,7728.267292563488,7532.5983868803005,7714.81005859375,383686,,
2024-08-19,7757.474269496833,7786.1929087001,7615.098614648116,7628.40966796875,140445,,
2024-08-20,7673.609718362731,7685.360396160826,7543.52088713043,7607.1025390625,180753,,
2024-08-21,7630.750291524541,7733.143745915605,7573.0196962990885,7724.9033203125,139006,,
2024-08-22,7752.646726048216,7752.646726048216,7636.210844036172,7664.44189453125,112842,,
2024-08-23,7675.095422973085,7728.607915427561,7586.331657767369,7612.55078125,141683,,
2024-08-26,7636.231159908038,7648.535157138285,7519.051142108937,7607.32666015625,186052,,
2024-08-27,7644.726562102583,7835.68096689683,7644.726562102583,7721.1376953125,465311,,
2024-08-28,7743.597980457164,7768.986985751409,7660.692731724027,7751.84912109375,153307,,
2024-08-29,7766.593830775784,7826.111704780768,7606.252317740486,7691.4033203125,261097,,
2024-08-30,7745.257205701906,7772.941079909408,7658.983323354385,7749.5537109375,328066,,
2024-09-02,7758.29376168184,7760.5886324163685,7457.189842353901,7518.31884765625,278992,,
2024-09-03,7566.557840741254,7644.824232907237,7500.204941204799,7585.35546875,199718,,
2024-09-04,7572.66083969595,7582.523586470473,7396.988559885876,7459.533203125,301420,,
2024-09-05,7475.108485738385,7497.567988700107,7432.532984762649,7470.32373046875,165098,,
2024-09-06,7470.225643314972,7470.225643314972,7323.7992649824855,7339.76513671875,170226,,
2024-09-09,7323.751016837734,7450.6960344629215,7256.909391834713,7422.27978515625,197525,,
2024-09-10,7422.279335303144,7461.290704077762,7333.5155737202485,7358.61181640625,175153,,
2024-09-11,7382.242954484449,7475.010463278923,7355.535581591229,7391.08056640625,137928,,
2024-09-12,7442.981610688988,7573.734880529152,7436.096998804594,7538.7763671875,267442,,
2024-09-13,7591.5565074323995,7684.9586540797245,7472.472120024319,7503.81787109375,282303,,
2024-09-16,7548.346241903323,7711.421768733576,7518.172482300267,7582.71923828125,355094,,
2024-09-17,7635.742730757102,7698.385118441745,7580.130857891494,7688.6201171875,157996,,
2024-09-18,7688.620370128535,7731.4399973984255,7577.641222584374,7602.2978515625,164835,,
2024-09-19,7645.996505815289,7648.77962672473,7177.325047791695,7326.38818359375,438617,,
2024-09-20,7382.340986197739,7587.210522843349,7339.960975897575,7514.90087890625,474901,,
2024-09-23,7567.876177484653,7771.964709238756,7567.876177484653,7753.0693359375,267031,,
2024-09-24,7685.0562458497425,7909.651282259582,7685.0562458497425,7888.36376953125,333336,,
2024-09-25,7908.674773412391,8002.027806998283,7804.628872382134,7986.16015625,302067,,
2024-09-26,8020.972593532536,8020.972593532536,7775.431429028035,7880.7470703125,231382,,
2024-09-27,7899.886306945433,7994.850947656242,7875.473802906665,7942.3154296875,339640,,
2024-09-30,7787.588969632604,8003.395510358473,7787.588969632604,7865.708984375,266470,,
2024-10-01,7909.650525232639,8108.124163412088,7895.051658540559,8073.7998046875,368953,,
2024-10-03,8008.277738798332,8065.891247710551,7856.724724631981,7919.708984375,320792,,
2024-10-04,7899.934773208204,7913.752631645632,7694.821109359695,7744.03662109375,305714,,
2024-10-07,7717.280222705044,7870.590737062212,7491.855081233185,7575.98046875,193223,,
2024-10-08,7587.357291795489,7984.841474587657,7563.042057382388,7963.0166015625,190857,,
2024-10-09,7961.160855540147,8378.1750149887,7890.901485576595,8259.2861328125,567692,,
2024-10-10,8299.2753086305,8417.139075038773,8245.56779692622,8310.3095703125,321074,,
2024-10-11,8305.474128061425,8405.71223733698,8223.448125745404,8352.6884765625,226675,,
2024-10-14,8390.674998924602,8484.809996978189,8338.579096178615,8369.0947265625,181469,,
2024-10-15,8417.431641583273,8474.06865262873,8344.194127300356,8445.06640625,192358,,
2024-10-16,8476.02060799923,8730.496144807876,8414.989353621355,8563.2705078125,660651,,
2024-10-17,8568.788495402492,8607.848499939939,8222.17958941564,8486.4697265625,407941,,
2024-10-18,8465.329170018573,8642.02707823352,8358.89064442225,8576.6015625,197602,,
2024-10-21,8622.593524059117,8662.825520639808,8065.891174445029,8085.12841796875,337458,,
2024-10-22,8076.877164411759,8181.118559279639,7963.40765206239,7985.37890625,267921,,
2024-10-23,7958.524397244454,8007.203499079187,7441.174838369889,7522.76123046875,553732,,
2024-10-24,7592.2888707616,7719.233893681087,7403.0919616027495,7468.37109375,482630,,
2024-10-25,7535.359226770915,7555.523860386254,7240.846673328763,7344.892578125,287311,,
2024-10-28,7343.281498479392,7409.390752692387,7145.051958028419,7166.486328125,497757,,
2024-10-29,7167.022725753097,7331.514363870439,7030.849591491173,7316.42724609375,352099,,
2024-10-30,7327.1200226805295,7354.315169601458,7216.335893244908,7252.36865234375,262509,,
2024-10-31,7284.69077416642,7304.074396587705,7146.076393712789,7254.85888671875,520624,,
2024-11-01,7298.362123006213,7323.7511269128445,7210.477109483259,7255.78662109375,39200,,
2024-11-04,7269.066984384301,7276.878985442209,7090.367460184632,7187.87109375,331535,,
2024-11-05,7227.028782477091,7263.696171405722,6772.028359037264,6965.22900390625,2177411,,
2024-11-06,6981.976164216213,7028.799537746477,6871.729391194339,6995.69580078125,658234,,
2024-11-07,7021.036488607852,7070.398383350959,6811.186689476596,6835.25732421875,418991,,
2024-11-08,6864.844816745561,6951.60695205165,6785.69966883548,6879.88330078125,565723,,
2024-11-11,6874.560868660044,7097.349276449953,6830.960233512056,7067.71240234375,408263,,
2024-11-12,7124.5943858059745,7136.996129577507,6772.273289913105,6800.591796875,547081,,
2024-11-13,6776.910824998621,6834.524332012298,6622.623806216232,6642.15380859375,509564,,
2024-11-14,6648.013121898653,6673.548505846598,6474.04971290244,6523.16748046875,599381,,
2024-11-18,6542.892517443892,6586.932767160737,6449.783137874181,6470.19189453125,327357,,
2024-11-19,6515.452907446821,6628.873300706254,6470.58253633564,6544.11328125,415057,,
2024-11-21,6544.112869497738,6669.49538130471,6460.03611932962,6601.92138671875,337186,,
2024-11-22,6615.739819389478,6775.934476759074,6602.21519707856,6742.3916015625,254886,,
2024-11-25,6923.38550809168,7128.401888860027,6885.302005296818,7089.244140625,745341,,
2024-11-26,7128.45136699694,7216.3363838503265,7080.065973440906,7157.45361328125,456499,,
2024-11-27,7157.453254319097,7362.908788053173,7144.563261771035,7320.04052734375,475285,,
2024-11-28,7343.28116464603,7343.28116464603,7168.194877599963,7221.072265625,358113,,
2024-11-29,7260.278439236989,7296.360309627431,7201.688431657402,7246.8515625,191937,,
2024-12-02,7204.617873371951,7332.490754595858,7167.559503156934,7314.71826171875,353136,,
2024-12-03,7355.975084119858,7455.578092029087,7304.269214291366,7360.41796875,339612,,
2024-12-04,7396.988285187537,7541.022050476668,7396.988285187537,7484.09228515625,395551,,
2024-12-05,7470.2258532288515,7501.473856797913,7245.630827576219,7312.42333984375,424954,,
2024-12-06,7362.810927429874,7396.011931611918,7313.985921279808,7374.91943359375,228818,,
2024-12-09,7397.916307899989,7460.460950142839,7355.535821057219,7391.86181640625,209644,,
2024-12-10,7456.555325996003,7528.816338846148,7392.301805292484,7512.4599609375,265407,,
2024-12-11,7521.980609572113,7604.006621671821,7470.226101937773,7547.12548828125,173332,,
2024-12-12,7562.017231108128,7572.758732856861,7454.84633866054,7477.1103515625,118184,,
2024-12-13,7436.0484730978,7537.213981697871,7383.659336603369,7522.224609375,132883,,
2024-12-16,7522.224468525729,7757.072744861099,7508.602101275491,7704.927734375,340801,,
2024-12-17,7704.9279757893555,7772.94111518589,7598.147590108218,7633.7412109375,213086,,
2024-12-18,7628.467287114594,7631.1040280629,7441.41888682982,7477.20751953125,201768,,
2024-12-19,7440.931132876407,7440.931132876407,7162.726335881255,7179.13134765625,233391,,
2024-12-20,7186.845506179972,7233.376119079645,6724.179932725303,6758.6015625,557249,,
2024-12-23,6802.299677907828,6890.184686666327,6731.015170803712,6795.65966796875,167980,,
2024-12-24,6843.215259068137,6851.076371305956,6681.0676009911795,6716.5634765625,159850,,
2024-12-26,6718.320671845997,6791.997794936518,6682.238802515079,6782.0859375,119925,,
2024-12-27,6805.034300665439,6842.2881641804,6661.732898471201,6685.9990234375,155724,,
2024-12-30,6651.918724100392,6723.545102258672,6511.400454165482,6544.455078125,901044,,
2024-12-31,6544.455676164923,6785.113863269616,6544.455676164923,6749.8134765625,362642,,
2025-01-01,6749.569193935839,6784.4304408251255,6685.364307578594,6765.6328125,74460,,
2025-01-02,6748.104594967537,6774.860604938961,6635.318822488158,6729.74658203125,323524,,
2025-01-03,6737.850799905535,6769.001058242309,6607.976284487066,6640.34716796875,149381,,
2025-01-06,6640.2495315301485,6666.517766524913,6419.316376676919,6464.7236328125,208851,,
2025-01-07,6471.9010962102975,6583.466237872434,6471.9010962102975,6548.60546875,207775,,
2025-01-08,6542.501904331672,6560.078905778692,6413.115643679997,6500.56103515625,162710,,
2025-01-09,6482.008181494839,6534.739191106276,6305.749899367719,6330.11376953125,193962,,
2025-01-10,6327.720689710547,6392.121062452732,6213.47017725744,6264.8828125,259956,,
2025-01-13,6202.729007243115,6233.879266940186,5937.120964111798,5965.68359375,389091,,
2025-01-14,5990.78011798336,6108.3992814854655,5918.616371453564,6002.15625,254776,,
2025-01-15,6044.975494160657,6083.547249765791,5963.193607276355,6048.19775390625,252993,,
2025-01-16,6091.505448392959,6203.753850263765,6074.026191736974,6160.0068359375,170841,,
2025-01-17,6151.95118758378,6399.689476130284,6104.7373081082,6374.10498046875,385172,,
2025-01-20,6393.683477845595,6425.029228568264,6303.357212396295,6371.90771484375,131130,,
2025-01-21,6371.907945379387,6388.459814531902,6116.21127203289,6133.59326171875,337700,,
2025-01-22,6175.0451083725375,6191.010981264428,5970.321946285601,6132.0791015625,303115,,
2025-01-23,6132.0787457677825,6336.460502387307,6113.086104943455,6181.48974609375,243034,,
2025-01-24,6210.540550087491,6229.97280644734,6007.721291400483,6033.6962890625,145838,,
2025-01-27,5956.651005193361,6032.622527291008,5867.789490197853,5940.34326171875,241956,,
2025-01-28,5956.650732346561,6039.409117521376,5770.529714102393,5857.9755859375,270318,,
2025-01-29,5873.6479774984,5994.9294780806395,5873.6479774984,5967.24560546875,119869,,
2025-01-30,5981.064006773879,5989.803874698318,5544.568396810137,5584.94677734375,854672,,
2025-01-31,5605.1105488915855,5808.076189128727,5575.913291393714,5736.59619140625,511763,,
2025-02-01,5780.881017592508,5803.731026253404,5277.983429068836,5370.2626953125,510445,,
2025-02-03,5351.318808773841,5369.774567080035,4985.521740721426,5075.21337890625,1444875,,
2025-02-04,5147.4742724418975,5517.225966878526,5141.273400993883,5497.25634765625,1337087,,
2025-02-05,5542.61494699234,5669.120352883967,5507.5095752717,5609.94482421875,699315,,
2025-02-06,5658.769570200514,5736.303584491638,5509.65781091447,5547.8876953125,384010,,
2025-02-07,5578.549880590465,5623.517998698016,5469.425988546416,5552.1357421875,284417,,
2025-02-10,5541.590009763328,5589.779913266642,5427.8763705649135,5449.359375,376402,,
2025-02-11,5464.494865181893,5464.494865181893,5281.547465854891,5309.0849609375,350160,,
2025-02-12,5295.5604392493005,5380.515954317471,5103.482664458689,5321.486328125,348968,,
2025-02-13,5322.023562870085,5438.129335343605,5276.909065217452,5314.84619140625,297830,,
2025-02-14,5326.808390599026,5366.79626300733,5100.260352722037,5140.052734375,296054,,
2025-02-17,5139.320067950822,5151.9659350709835,5021.163554893241,5118.7158203125,252290,,
2025-02-18,5312.1608125711355,5385.398323773863,4973.315260739852,5021.21240234375,3924895,,
2025-02-19,4970.337169694246,5071.893186121331,4901.786667883276,5003.4404296875,938108,,
2025-02-20,4980.151076531976,5230.13513056966,4952.809070621605,5219.0517578125,757479,,
2025-02-21,5201.815743079568,5239.850610579584,5063.201370879497,5167.05224609375,597090,,
2025-02-24,5124.8686902576965,5281.8897362876405,5072.820941991333,5263.28759765625,557026,,
2025-02-25,5262.359006734704,5265.190761646058,5118.27660858306,5177.2080078125,415818,,
2025-02-27,5177.208078386936,5192.73481153904,4985.228538728713,5023.80029296875,541660,,
2025-02-28,4989.915973952133,4998.704475667509,4802.4279373574545,4819.4189453125,784607,,
2025-03-03,4838.362814248697,5024.093335871837,4775.085794443787,4968.7255859375,558162,,
2025-03-04,4882.5003266087515,5089.5183404569625,4882.5003266087515,5069.40234375,506485,,
2025-03-05,4980.150171100197,5230.134179688756,4980.150171100197,5187.4609375,445752,,
2025-03-06,5216.463660599977,5304.348671729515,5159.436148739483,5243.8056640625,532908,,
2025-03-07,5243.805585302253,5243.854219585025,5155.920575492718,5201.37646484375,482112,,
2025-03-10,5202.792962421371,5283.598352368887,5018.8690580374905,5039.03369140625,342786,,
2025-03-11,4980.150456848037,5060.2234641934365,4960.620455056476,5008.76171875,549888,,
2025-03-12,5033.224090136817,5056.904220875573,4916.678691531322,5018.91845703125,222937,,
2025-03-13,5030.928769154013,5180.040532673635,4990.892263033028,4998.2646484375,367022,,
2025-03-17,5038.741075535561,5095.817703441408,4981.127563237771,5065.7412109375,276511,,
2025-03-18,5065.7412109375,5065.7412109375,5065.7412109375,5065.7412109375,0,,
2025-03-19,5304.934809958568,5383.249835900217,5221.102176724351,5346.92431640625,580679,,
2025-03-20,5370.750776544832,5376.219272696838,5215.145383684869,5332.37451171875,442929,,
2025-03-21,5341.407129179115,5441.69340742922,5305.715762993703,5329.24951171875,685475,,
2025-03-24,5342.579198419043,5466.448349356652,5342.579198419043,5402.19482421875,310148,,
2025-03-25,5461.5656129829795,5463.469979093717,5270.659824079319,5286.91845703125,265207,,
2025-03-26,5326.027282874773,5490.713937007664,5280.473169654094,5393.89404296875,729146,,
2025-03-27,5356.102968659348,5447.357092366746,5317.091599523194,5410.15234375,403518,,
2025-03-28,5429.291816051054,5492.81295559711,5374.412320776461,5415.91357421875,420034,,
2025-04-01,5409.322895477161,5417.623147234821,5246.735611047709,5272.27099609375,380081,,
2025-04-02,5297.708628155563,5304.2508928587595,5088.639857638583,5188.29150390625,682715,,
2025-04-03,5126.625618337151,5228.328010242442,5119.497358200047,5202.10888671875,224578,,
2025-04-04,5199.86325029802,5205.770885427787,4956.421955894075,4976.14697265625,457097,,
2025-04-07,4574.366410646253,4904.325722624548,4574.366410646253,4846.9072265625,765239,,
2025-04-08,4922.585347401483,4999.631582182525,4853.205210120315,4945.38671875,304029,,
2025-04-09,4954.761611489007,4971.264368164357,4853.205598955531,4917.85009765625,353532,,
2025-04-11,5028.487597211481,5052.363216956758,4933.327465456021,5022.43310546875,416323,,
2025-04-15,5097.330753984799,5164.221013879044,5037.275995101645,5123.2080078125,334196,,
2025-04-16,5155.92075529789,5329.24953068906,5129.0670013640465,5253.08251953125,566818,,
2025-04-17,5295.071797456923,5512.343069920578,5170.079784534012,5440.5703125,1143784,,
2025-04-21,5545.05648734858,5565.074741815542,5389.304702593434,5496.7197265625,684672,,
2025-04-22,5516.249160147658,5569.956666575011,5460.100403428151,5548.9619140625,325345,,
2025-04-23,5580.697628951377,5655.88813068878,5477.188626559628,5578.74462890625,376059,,
2025-04-24,5585.581044816296,5598.275547190879,5489.395776824267,5554.8212890625,374809,,
2025-04-25,5564.097441189591,5574.350692002594,5258.452916954361,5369.77392578125,638225,,
2025-04-28,5369.773794890828,5427.875548081591,5330.713792745778,5405.904296875,205197,,
2025-04-29,5450.823335847251,5492.812838434394,5429.3403345235965,5452.2880859375,224766,,
2025-04-30,5458.63592918883,5472.306931515957,5340.479409075798,5392.72216796875,316444,,
2025-05-02,5408.4413943144355,5433.985350036902,5324.932308298681,5345.56396484375,203903,,
2025-05-05,5402.546334353645,5407.949863147779,5320.510942660877,5391.248046875,241475,,
2025-05-06,5403.528752021231,5403.528752021231,5216.861395133225,5240.4404296875,400370,,
2025-05-07,5178.054744944853,5349.49399226349,5177.563515009842,5302.8271484375,270305,,
2025-05-08,5307.247998116134,5344.0902417165335,5118.615710882092,5194.75634765625,345691,,
2025-05-09,5098.966564244727,5372.090399477874,5098.966564244727,5345.07275390625,321841,,
2025-05-12,5418.265823738421,5614.757784708083,5376.511282032368,5489.0029296875,669665,,
2025-05-13,5491.950384075889,5599.038504266277,5431.037875343742,5537.634765625,638165,,
2025-05-14,5521.4242353870895,5644.231713932176,5493.42413027881,5536.1611328125,400038,,
2025-05-15,5541.07354103095,5646.6879746587565,5509.6348259045335,5634.4072265625,356216,,
2025-05-16,5644.2320128765305,5763.109658404478,5601.003778139095,5717.91650390625,418266,,
2025-05-19,5766.547580197561,5809.284579897466,5721.845660971223,5735.60009765625,181786,,
2025-05-20,5794.056815226922,5794.548045139191,5609.845598125599,5637.845703125,444180,,
2025-05-21,5649.1442283190345,5796.0219782553295,5621.635352076785,5783.25,266662,,
2025-05-22,5790.126773275289,5854.477889530406,5724.301967334941,5820.091796875,286074,,
2025-05-23,5845.635813287672,5884.442975409497,5771.95132824623,5856.44287109375,208138,,
2025-05-26,5860.372828160176,5941.91699324606,5860.372828160176,5891.3203125,219984,,
2025-05-27,5894.759214710283,5943.882208166203,5853.495900207311,5909.0048828125,244514,,
2025-05-28,5909.004375576358,5955.671215353544,5876.091972786134,5909.49560546875,160963,,
2025-05-29,5909.495988070861,5963.531279732357,5881.495882391722,5937.49609375,160875,,
2025-05-30,5973.355698375482,6010.689171490329,5841.2148527453,5866.267578125,296253,,
2025-06-02,5855.460874733241,5885.425901021725,5787.671143129785,5869.70654296875,159034,,
2025-06-03,5869.706253176475,5973.3557652210175,5861.3553446231235,5889.8466796875,197089,,
2025-06-04,5903.601304518746,5943.8821588181745,5865.28536994124,5935.53125,171316,,
2025-06-05,5935.039911477114,5973.355845353561,5904.5836563445555,5925.70654296875,135626,,
2025-06-06,5963.039745117429,6067.180483725626,5920.7939737952365,5945.35546875,336263,,
2025-06-09,5986.618445875025,6131.04002814197,5964.513101650493,6105.9873046875,270782,,
2025-06-10,6150.198808365759,6150.198808365759,6051.952821011673,6059.8125,207893,,
2025-06-11,6081.426160497573,6086.338459496359,5928.162431735437,5970.408203125,294907,,
2025-06-12,5972.373295029895,5992.022491591928,5870.1974729073245,5915.390625,369396,,
2025-06-13,5786.688727906474,5911.95236335776,5781.776428477012,5893.77685546875,220342,,
2025-06-16,5895.741206309626,5938.969437117429,5836.793618844441,5908.51318359375,133245,,
2025-06-17,5934.0573376263565,5977.285569887211,5908.513382199489,5928.65380859375,101944,,
2025-06-18,5895.741531341775,5982.689227646349,5894.759071496525,5937.9873046875,165662,,
2025-06-19,5937.987107844182,5962.057373254867,5747.3899041840605,5766.056640625,130952,,
2025-06-20,5793.565645256084,5885.916869718365,5750.828642446411,5863.8115234375,241725,,
2025-06-23,5796.512780793661,5854.477908601598,5776.863584926564,5819.6005859375,88496,,
2025-06-24,5870.197162007059,5960.5834614053265,5836.302299732708,5898.197265625,228616,,
2025-06-25,5944.864536795284,5958.618974659296,5836.793953578051,5861.8466796875,138938,,
2025-06-26,5880.021906266242,5919.320298288071,5848.583192648778,5907.03955078125,110098,,
2025-06-27,5953.706670519607,6066.689552880952,5924.232875120994,5963.0400390625,241168,,
2025-06-30,5983.18004757781,6025.917047917652,5953.706254239988,5973.8466796875,157658,,
2025-07-01,6007.250396895222,6036.724190648899,5817.635657079902,5845.14453125,365605,,
2025-07-02,5874.127281925294,5884.443110067159,5739.530286169521,5802.40771484375,284183,,
2025-07-03,5825.986593409371,5834.337501679857,5759.670557143751,5768.5126953125,193225,,
2025-07-04,5788.652992459378,5797.986360318911,5738.54754395031,5759.17919921875,153889,,
2025-07-07,5759.179393729145,5759.179393729145,5700.231805256994,5741.4951171875,89857,,
2025-07-08,5745.424619408176,5781.775630167086,5719.880665901916,5737.56494140625,242940,,
2025-07-09,5738.056897059583,5835.8116545730545,5718.898929506692,5794.54833984375,204872,,
2025-07-10,5794.548022318019,5825.004276758823,5724.302145140037,5790.126953125,189571,,
2025-07-11,5776.864068064362,5793.565885948222,5617.705568229936,5655.5302734375,280804,,
2025-07-14,5655.530016090153,5681.0739716913595,5479.178476458748,5548.44189453125,456678,,
2025-07-15,5579.880149460383,5624.582068080059,5492.441231720798,5509.63427734375,454138,,
2025-07-16,5509.634978494866,5519.459577243965,5405.985461691868,5453.634765625,590118,,
2025-07-17,5470.33671286031,5564.652863082039,5372.090723046009,5538.61767578125,1071876,,
2025-07-18,5584.301716563911,5627.038719496798,5531.740115255648,5547.45947265625,425486,,
2025-07-21,5566.6175660100025,5742.969110856243,5536.65254028404,5733.6357421875,428913,,
2025-07-22,5747.881063299237,5769.00394901173,5630.477117129806,5654.05615234375,346363,,
2025-07-23,5670.2674385488945,5686.478027258251,5575.460056097198,5610.82861328125,186980,,
2025-07-24,5610.828092185169,5633.915898202741,5555.810341675211,5599.03857421875,116292,,
2025-07-25,5599.038255187566,5609.845312707668,5512.0905651394705,5544.0205078125,340538,,
2025-07-28,5541.073907053015,5545.003746703408,5428.09101710424,5448.2314453125,265335,,
2025-07-29,5447.739919473415,5493.915532857591,5381.915108904485,5481.1435546875,209954,,
2025-07-30,5511.5992898910135,5511.5992898910135,5374.054922585356,5456.58154296875,331867,,
2025-07-31,5413.353515625,5476.722172931318,5393.213089659426,5413.353515625,255793,,
2025-08-01,5441.844606656033,5441.844606656033,5266.47553962442,5293.001953125,382061,,
2025-08-04,5216.861773978277,5269.914605578057,4926.544889946153,5003.1767578125,1957165,,
2025-08-05,4981.071246227441,5009.562580771938,4931.457025727543,4994.82568359375,614211,,
2025-08-06,5034.124071144791,5034.124071144791,4936.369319958431,5007.59765625,385429,,
2025-08-07,5003.176747223612,5049.843589735762,4929.001029125354,5028.720703125,355953,,
2025-08-08,5062.945777154738,5062.945777154738,4927.1070453092325,4943.3486328125,348746,,
2025-08-11,4977.800906730638,5042.275092886632,4924.1544464939725,4967.95751953125,429040,,
2025-08-12,4999.948440089917,5009.791827116376,4938.427271174547,4992.07373046875,273262,,
2025-08-13,5017.666611218701,5022.096135446359,4959.5906269005245,5007.3310546875,231709,,
2025-08-14,5020.127836496645,5025.541699849729,4944.8259189491955,4951.22412109375,237754,,
2025-08-18,5010.284229606079,5010.284229606079,4925.13892786523,4958.6064453125,307068,,
2025-08-19,4959.098743032261,5002.409649084945,4929.07641042756,4988.62890625,204663,,
2025-08-20,5004.377827006858,5059.992962181108,4990.597085547752,5041.29052734375,312054,,
2025-08-21,5069.343929110851,5113.639167326382,5031.939061284402,5060.97705078125,377717,,
2025-08-22,5089.03077763153,5089.03077763153,4971.894479268251,4983.70654296875,219900,,
2025-08-25,5020.126971314086,5033.415542708742,4965.988347113641,5020.619140625,246352,,
2025-08-26,5020.619215782588,5029.478263511643,4932.520907810322,4943.3486328125,482397,,
2025-08-28,4943.349318779059,4960.575247309253,4875.429943431438,4922.18603515625,335387,,
2025-08-29,4924.646339033432,4981.245812248388,4862.140833830829,4920.708984375,251338,,
2025-09-01,4963.035715840001,5059.993077603238,4939.017947733091,5047.09814453125,242505,,
2025-09-02,5047.0982202978485,5093.460669801359,5017.174419553102,5067.57275390625,306762,,
2025-09-03,5069.344069924617,5128.305859193618,5067.572452600422,5107.142578125,213167,,
2025-09-04,5138.248215760775,5140.019833236688,5064.422810361913,5081.94384765625,350954,,
2025-09-05,5081.943272077757,5103.992841833546,4990.596839730412,5037.25439453125,259197,,
2025-09-08,5059.500602095357,5106.059627444656,5017.764739948083,5028.296875,101582,,
2025-09-09,5030.954762409717,5069.343969166512,5011.267989713924,5051.52734375,150868,,
2025-09-10,5049.460250172558,5113.639322859393,5040.7982622450345,5081.0576171875,184147,,
2025-09-11,5100.548096694225,5154.981835219188,5076.333268249965,5136.3779296875,178386,,
2025-09-12,5142.185561570408,5182.543449783346,5119.545770621687,5166.400390625,196396,,
2025-09-15,5166.400433573928,5298.990574156232,5159.116422987138,5255.1875,435154,,
2025-09-16,5285.898651105931,5292.690491793378,5233.335062322315,5265.2275390625,154462,,
2025-09-17,5291.411205527469,5330.981332839733,5248.198832775903,5301.451171875,196332,,
2025-09-18,5325.370957880357,5385.612198628601,5311.491685924853,5350.865234375,293576,,
2025-09-19,5373.307897944162,5379.11588077567,5333.147071277891,5351.7509765625,272034,,
2025-09-22,5344.95927802696,5369.862855521753,5257.353131481031,5278.8115234375,155891,,
2025-09-23,5276.252652200627,5291.214312514441,5202.230187459373,5215.7158203125,167342,,
2025-09-24,5215.026406513524,5266.014958664819,5141.791703726683,5155.27685546875,137979,,
2025-09-25,5154.982282659129,5182.54376898994,5102.812326390095,5119.2509765625,308529,,
2025-09-26,5119.446754098514,5128.404331879866,5040.798192621265,5092.37744140625,348241,,
2025-09-29,5092.377615171227,5163.840699244129,5086.176473760133,5126.23876953125,228230,,
2025-09-30,5119.545545725182,5150.65074457166,5094.051269686215,5102.12255859375,215173,,
2025-10-01,5103.7964059720025,5126.436197165321,5062.454178575507,5117.5771484375,94280,,
2025-10-03,5108.7180259853985,5126.928292552013,5067.867968552182,5102.31982421875,291382,,
2025-10-06,5109.209982834359,5162.3642722232535,5094.937071794749,5136.279296875,156474,,
2025-10-07,5151.044431863085,5259.321689173412,5127.9124723467885,5137.755859375,382453,,
2025-10-08,5154.489734668626,5154.489734668626,5021.111837399916,5048.18115234375,399870,,
2025-10-09,5039.814436996017,5081.1566647995,4995.519192920857,5065.8994140625,212517,,
2025-10-10,5070.328420454409,5128.404401197335,5066.8832351560995,5104.7802734375,180079,,
2025-10-13,5079.1875341488585,5094.444783524694,5021.111552653746,5066.88330078125,284296,,
2025-10-14,5088.53920346683,5088.53920346683,5001.917392865209,5039.322265625,299352,,
2025-10-15,5039.321786404347,5146.122531364767,5017.666335813295,5092.47607421875,218559,,
2025-10-16,5108.71759656202,5177.621302103319,4997.979498370647,5130.373046875,542569,,
2025-10-17,5126.928475432375,5145.138742648561,5094.937465457997,5120.5302734375,145812,,
2025-10-20,5146.123173623721,5190.910588390339,5122.006873364773,5149.568359375,141485,,
2025-10-21,5165.80976860687,5179.590511129831,5138.248283560949,5157.93505859375,26961,,
2025-10-23,5161.872244177,5196.816268713286,5084.109485349772,5100.35107421875,333500,,
2025-10-24,5116.592644887872,5128.40470947784,5070.820894601745,5099.85888671875,245669,,
2025-10-27,5116.592274529281,5157.934497601661,5090.999469770189,5155.9658203125,72330,,
2025-10-28,5177.621938701574,5192.387020275819,5060.977794265047,5094.4453125,236636,,
2025-10-29,5094.445035955004,5216.995206368761,5094.445035955004,5206.16748046875,193168,,
2025-10-30,5214.533995483653,5222.9008740040135,5154.981507191674,5196.32373046875,121312,,
2025-10-31,5201.245724078065,5212.565619200491,5122.990796927383,5138.248046875,146857,,
2025-11-03,5133.326196307642,5196.323871583518,5123.482809545787,5173.68408203125,79178,,
2025-11-04,5180.574505349864,5187.957045496192,5143.661804618225,5161.8720703125,101847,,
2025-11-06,5175.65320973006,5197.800831871354,5091.000076212223,5146.123046875,302941,,
2025-11-07,5019.143000851098,5070.328612940577,4884.780769116213,4937.93505859375,1147124,,
2025-11-10,4886.2573637351015,4930.552605751233,4844.4229684976435,4913.81884765625,207748,,
2025-11-11,4942.8568380167535,4947.7785315724805,4863.617571769547,4900.5302734375,202095,,
2025-11-12,4915.787498492715,4921.69353072959,4834.0873858826035,4846.8837890625,322415,,
2025-11-13,4855.742926829172,4881.335733660219,4819.322394031142,4836.05615234375,308690,,
2025-11-14,4836.056120646138,4885.273056537102,4822.275378596668,4874.9375,120184,,
2025-11-17,4877.398641083692,4980.754212690915,4848.852816544555,4962.5439453125,201519,,
2025-11-18,4962.5434090248555,5015.205527914636,4920.216846178864,5000.9326171875,185933,,
2025-11-19,5001.917046654443,5019.14297370678,4958.113975007071,5003.3935546875,241340,,
2025-11-20,5003.393920874721,5091.0000705811635,5003.393920874721,5066.3916015625,315841,,
2025-11-21,5049.657310371968,5051.625987685953,4989.120482966924,5012.25244140625,195539,,
2025-11-24,5012.252635579394,5020.1273451403995,4945.809773658419,4977.80078125,453211,,
2025-11-25,4963.527871995103,5012.252637421729,4956.145331778948,4991.08935546875,179842,,
2025-11-26,4991.089089979031,5124.959145444399,4978.784856939935,5116.10009765625,157689,,
2025-11-27,5153.013382940708,5182.051376216114,5107.241630828627,5158.42724609375,123457,,
2025-11-28,5177.621423988527,5178.113593325407,5089.03094334994,5093.95263671875,82669,,
2025-12-01,5136.279238350877,5137.755746372633,5067.867700009485,5108.2255859375,68252,,
2025-12-02,5090.015571960767,5139.7246778172785,5080.172184662449,5101.82763671875,149427,,
2025-12-03,5101.827316902658,5101.827316902658,5008.807312764649,5027.017578125,81229,,
2025-12-04,5020.127628081198,5100.84340563074,5015.205934328177,5091.4921875,90233,,
2025-12-05,5091.491735555521,5112.655016814959,5059.992898332171,5092.47607421875,99564,,
2025-12-08,5090.507580403485,5112.655201124568,4969.926089810925,4978.29296875,130551,,
2025-12-09,4971.894971342461,5047.689054255423,4902.9912596034055,5036.861328125,113585,,
2025-12-10,5029.478593482734,5110.686536326912,5018.1586984196065,5071.31298828125,118196,,
2025-12-11,5073.282015043813,5175.1610776276375,5066.391643661332,5160.39599609375,197330,,
2025-12-12,5187.465133869363,5216.0109571866715,5148.09158446618,5195.33984375,200377,,
2025-12-15,5205.182996540918,5215.026383448143,5119.053361102693,5202.22998046875,191017,,
2025-12-16,5197.308189860741,5197.308189860741,5145.138240227669,5159.9033203125,71299,,
2025-12-17,5155.965825978111,5180.082122796833,5071.31270245117,5090.01513671875,85858,,
2025-12-18,5103.79613982421,5103.79613982421,4996.011052589734,5017.66650390625,362593,,
2025-12-19,5026.03333988525,5110.194297691789,5020.127307758475,5095.92138671875,351488,,
2025-12-22,5099.366717360835,5151.044499941945,5089.031160844613,5099.85888671875,67499,,
2025-12-23,5103.7961000740115,5133.326260730178,5070.32858466369,5122.49853515625,64953,,
2025-12-24,5130.865325196249,5183.527444121524,5120.529769145493,5133.326171875,103441,,
2025-12-26,5133.326476073371,5162.364468603412,5083.61737021686,5101.82763671875,54254,,
2025-12-29,5136.77149534124,5136.77149534124,5074.265988020329,5084.109375,53679,,
2025-12-30,5074.266002625705,5088.04674443691,5020.127374081687,5058.0244140625,107504,,
2025-12-31,5069.344475338491,5125.943952490329,5060.97759610735,5089.03125,106827,,
2026-01-01,5101.827400666624,5114.131634220229,5065.406869347955,5095.42919921875,37884,,
2026-01-02,5075.742985090139,5138.248498433148,5075.742985090139,5123.9755859375,63490,,
2026-01-05,5148.091518936829,5167.286124026555,5050.6419854043725,5087.5546875,101498,,
2026-01-06,5087.554765071717,5172.207896501758,5079.680055171249,5142.677734375,122892,,
2026-01-07,5133.326772389985,5224.378110155291,5100.351423037145,5216.01123046875,123203,,
2026-01-08,5228.807315524796,5283.930284212557,4905.452043847481,4942.36474609375,681840,,
2026-01-09,4970.910253848726,5057.532056292031,4905.451732684183,5013.23681640625,329338,,
2026-01-12,4995.518549270751,4996.01071858595,4873.460559101377,4968.94140625,172796,,
2026-01-13,4970.910030000881,5001.916696524649,4845.899025286008,4888.2255859375,113004,,
2026-01-14,4882.81206232784,4913.81873100304,4847.868038900235,4857.71142578125,107017,,
2026-01-15,4857.71142578125,4857.71142578125,4857.71142578125,4857.71142578125,0,,
2026-01-16,4857.711105354509,4882.319570933812,4776.010999631221,4796.18994140625,186282,,
2026-01-19,4801.11235822733,4864.602208992203,4763.215315522717,4789.30029296875,238177,,
2026-01-20,4778.964276005308,4778.964276005308,4599.814636822412,4618.02490234375,413609,,
2026-01-21,4619.00933361408,4677.085316711199,4564.870705303207,4633.7744140625,349292,,
2026-01-22,4651.000132042832,4731.715901530136,4645.094100129127,4681.0224609375,145026,,
2026-01-23,4685.452212196453,4700.2172926970725,4595.3852211426765,4620.97802734375,114255,,
2026-01-27,4620.978011007202,4702.185953473513,4576.682769661942,4633.7744140625,178884,,
2026-01-28,4684.4678483715115,4995.518875916247,4675.608800118655,4964.51220703125,419235,,
2026-01-29,4970.910412611036,5460.618913655391,4905.451889355862,5388.27001953125,2492153,,
2026-01-30,5354.802394236802,5517.710445017352,5315.428847220354,5491.13330078125,634906,,
2026-02-02,5404.019710203113,5450.283631219424,5284.422552682225,5382.3642578125,156864,,
2026-02-03,5553.146975240433,5678.650163992211,5520.171627607612,5579.72412109375,646658,,
2026-02-04,5572.341784402829,5775.115571293305,5495.07119085476,5664.86962890625,509746,,
2026-02-05,5659.947503418814,5749.030155429145,5574.310036845348,5679.63427734375,205411,,
2026-02-06,5678.650142118724,5753.459885713979,5636.815746029272,5724.9140625,304093,,
2026-02-09,5753.459867487749,5758.38156112974,5657.979010833119,5724.421875,137449,,
2026-02-10,5758.381584726363,5791.849101629045,5715.070680499361,5778.068359375,155125,,
2026-02-11,5759.365773743268,5769.209160811706,5690.462064264199,5734.26513671875,91365,,
2026-02-12,5727.867057764047,5772.654469884388,5669.791072816792,5697.8447265625,169801,,
2026-02-13,5697.844924941276,5763.303452626962,5636.815921685448,5689.97021484375,152957,,
2026-02-16,5690.461894325588,5821.378938426142,5652.564855243849,5795.7861328125,188248,,
2026-02-17,5829.745882490549,5846.971809538853,5715.070425283264,5744.6005859375,116120,,
2026-02-18,5744.600771818945,5816.457498402699,5681.110924357958,5789.38818359375,178419,,
2026-02-19,5792.833350663711,5815.473141159083,5605.808994397593,5629.92529296875,136031,,
2026-02-20,5635.339098564467,6148.179565001514,5629.925235675017,5893.23583984375,4034978,,
2026-02-23,5994.622643377694,5994.622643377694,5684.555954927123,5824.82421875,831004,,
2026-02-24,5789.38816722633,5979.857709070808,5789.38816722633,5961.1552734375,782563,,
2026-02-25,6005.450170453106,6083.212924668119,5951.803713431356,6070.90869140625,363747,,
2026-02-26,6073.369750478966,6108.313774164866,6014.801598104007,6036.94921875,283878,,
2026-02-27,6032.027790785032,6032.027790785032,5944.421643040276,5977.88916015625,602254,,
2026-03-02,5748.538384798596,5977.889316931828,5743.616690975995,5889.298828125,275442,,
2026-03-04,5807.598554007482,5818.918449494106,5702.766478413957,5739.18701171875,275613,,
2026-03-05,5752.475255036157,5906.524258700284,5742.139698879778,5836.14404296875,268401,,
2026-03-06,5807.59864537797,6022.184493630918,5777.084144020899,5967.0615234375,377080,,
2026-03-09,5888.314471244254,5906.032568951107,5761.334771011805,5888.806640625,249926,,
2026-03-10,5938.023086732933,6152.116749619698,5937.530917392963,6127.01611328125,474110,,
2026-03-11,6132.430038160579,6225.942213702353,6084.197442354822,6181.64697265625,599883,,
2026-03-12,6144.242384366711,6328.805897194131,6049.745865799072,6308.626953125,596298,,
2026-03-13,6338.649173645568,6451.355956840292,6240.215301859785,6292.38525390625,1070957,,
2026-03-16,6299.76781119331,6316.501569441792,6065.987365074808,6120.6181640625,371084,,
2026-03-17,6139.812707715872,6238.246578781458,6079.768046365865,6211.66943359375,297126,,
2026-03-18,6221.5128239413825,6315.025001502404,6182.139275494637,6238.24658203125,280678,,
2026-03-19,6162.945074802738,6222.989740121851,6081.737125805577,6116.68115234375,212355,,
2026-03-20,6152.116939986303,6280.080972338018,6152.116939986303,6198.380859375,274862,,
2026-03-23,6165.89768747931,6165.89768747931,5881.423799918403,5946.88232421875,274731,,
2026-03-24,6102.8999880821975,6146.703060577303,5950.327488380142,6065.4951171875,280421,,
2026-03-25,6102.899867957746,6191.490349911972,6088.626956976233,6115.2041015625,231844,,
2026-03-27,6093.056483863124,6093.056483863124,5893.235730030457,6009.3876953125,425645,154312.0,36.25
2026-03-30,5901.110854020055,6004.466423606728,5818.426398350716,5848.44873046875,342351,120782.0,35.28
2026-04-01,6083.213035587271,6091.5799143579015,5917.844137532472,5968.04541015625,339497,155995.0,45.95
2026-04-02,5927.195295845015,6061.557524173977,5823.839735591967,6045.80810546875,275527,102405.0,37.17
2026-04-06,6053.683218167232,6149.656244796712,5992.654216618229,6096.501953125,259645,96101.0,37.01
2026-04-07,6078.291497753081,6181.647061682485,5986.255828920706,6170.8193359375,253657,101069.0,39.84
2026-04-08,6298.783844770444,6481.378688215501,6270.238020188738,6462.18408203125,626418,302859.0,48.35
2026-04-09,6472.027292588992,6537.977988954538,6381.9602968061945,6510.41650390625,591302,288630.0,48.81
2026-04-10,6537.977622560409,6797.350869104322,6508.93963101185,6752.0712890625,798909,389451.0,48.75
2026-04-13,6619.677587786941,6770.773574363193,6583.257056820678,6721.556640625,320237,131947.0,41.2
2026-04-15,6782.093621127283,6883.480506900303,6736.814041073312,6765.35986328125,499662,253345.0,50.7
2026-04-16,6765.852413259232,6798.827761457993,6627.060649198775,6775.69580078125,548523,274106.0,49.97
2026-04-17,6772.250537911657,6972.07130232969,6726.478786456296,6919.4091796875,558816,236513.0,42.32
2026-04-20,6944.017427916099,7204.867185999275,6883.972766621481,7045.896484375,559841,198352.0,35.43
2026-04-21,7087.238327015851,7185.672192668849,7071.488908511372,7141.376953125,260767,114426.0,43.88
2026-04-22,7139.4086078057035,7699.989498767422,7048.849447193802,7468.177734375,1729200,453344.0,26.22
2026-04-23,7468.177805340303,7530.191144174683,7415.515684266663,7456.85791015625,376857,150559.0,39.95
2026-04-24,7456.857730128149,7475.067995854157,7189.609776365389,7213.72607421875,343502,130130.0,37.88
2026-04-27,7215.69455190363,7357.931488367728,7168.446296192372,7314.12841796875,267337,90966.0,34.03
2026-04-28,7332.338880185107,7372.696766356082,7137.931989483462,7173.8603515625,296110,130187.0,43.97
2026-04-29,7225.046087781334,7257.529265015228,7099.050733661987,7150.728515625,361430,173064.0,47.88
2026-04-30,7165.643268337223,7220.003320717712,7019.3653092042705,7145.8759765625,327820,172840.0,52.72
2026-05-01,7145.8759765625,7145.8759765625,7145.8759765625,7145.8759765625,0,0.0,0.0
2026-05-04,7184.422141862758,7277.328412510041,7101.399517029015,7152.30029296875,364239,161400.0,44.31
2026-05-05,7163.666671286504,7263.491496590027,7131.05063925664,7242.73583984375,324323,171299.0,52.82
2026-05-06,7303.026000016316,7303.026000016316,7051.981392626392,7098.9287109375,282411,96347.0,34.12
2026-05-07,7099.42292309285,7194.800107010219,6918.552201259912,7104.36474609375,367185,106961.0,29.13
2026-05-08,7126.108746239974,7126.108746239974,6910.151081738803,6930.90673828125,443952,168621.0,37.98
2026-05-11,6584.4847862646775,6609.1939005932,6249.9233782564825,6313.1787109375,2419336,845568.0,34.95
2026-05-12,6285.998718594454,6328.4983954654535,6099.691995566929,6254.865234375,976463,364365.0,37.31
2026-05-13,6270.184890463917,6320.591484003271,6140.2149482987215,6231.638671875,367052,115794.0,31.55
2026-05-14,6276.114999993923,6364.079446450532,6147.627606293261,6354.19580078125,327209,102640.0,31.37
2026-05-15,6350.242436117111,6358.643535059833,6233.615415500484,6306.75439453125,249403,85813.0,34.41
2026-05-18,6236.58024668424,6370.009459568927,6152.569260793882,6338.8759765625,370285,178562.0,48.22
2026-05-19,6355.678379038948,6388.294409908754,6236.580448135566,6255.359375,344676,148061.0,42.96
2026-05-20,6187.162174429883,6546.926875946253,6186.66799214758,6528.14794921875,546490,245204.0,44.87
2026-05-21,6595.35683561188,6639.833241666509,6489.6018256597645,6521.2294921875,498808,197216.0,39.54
2026-05-22,6523.700589032369,6662.565816327126,6517.276219086348,6611.6650390625,371775,171991.0,46.26
2026-05-25,6655.647175558614,6746.576718200638,6634.397336789011,6676.40283203125,263153,101916.0,38.73
2026-05-26,6676.402655707466,6742.623081752232,6643.786624968998,6724.83251953125,200573,86421.0,43.09
2026-05-27,6761.896277131094,7159.713020761185,6728.786063686106,7135.00390625,636096,203188.0,31.94
2026-05-28,7135.00390625,7135.00390625,7135.00390625,7135.00390625,0,0.0,0.0
2026-05-29,7195.2942424686335,7254.596118093375,7038.1442720630685,7168.6083984375,1105117,612181.0,55.4
2026-06-01,7168.6081414949085,7169.596506053229,6922.50536647323,6945.73193359375,452205,191674.0,42.39
2026-06-02,6888.900867700243,7085.585411842618,6876.052128635666,7062.85302734375,511846,241776.0,47.24
2026-06-03,7062.853255606413,7162.678077718958,7000.586287357994,7112.271484375,309040,113057.0,36.58
2026-06-04,7108.317940692252,7241.747156764756,7039.626603528999,7072.73681640625,298566,98266.0,32.91
2026-06-05,7091.515761589313,7133.02707336447,7025.789517945315,7084.10302734375,249982,120725.0,48.29
2026-06-08,7022.824298223773,7046.545047383913,6812.796831701706,6877.04052734375,240753,105539.0,43.84
2026-06-09,6918.552137250217,6981.313288780987,6827.622594874928,6850.35498046875,254364,99446.0,39.1
2026-06-10,6825.1517769603615,6870.616548771262,6690.240008434536,6721.86767578125,463997,213144.0,45.94
2026-06-11,6703.088747424515,6736.19896167381,6575.589713449616,6640.82177734375,262862,127738.0,48.6
2026-06-12,6704.076724810875,6774.744789947832,6643.786487421304,6691.72216796875,188800,65332.0,34.6
2026-06-15,6799.948119808595,6896.313663657626,6741.634611223027,6841.95361328125,227935,72096.0,31.63
2026-06-16,6874.075555838066,6997.12694429268,6858.261722783657,6939.3076171875,366666,183908.0,50.16
2026-06-17,6939.307904199273,7103.87061122807,6898.784955321312,7080.64404296875,298071,119474.0,40.08
2026-06-18,7091.516006898214,7169.596810319114,7007.010833575594,7144.8876953125,239735,76589.0,31.95
2026-06-19,7203.201087261141,7219.014920603097,7099.422805954552,7163.66650390625,241827,93275.0,38.57
2026-06-22,7165.643376139906,7205.672142585929,7116.225145959631,7173.55029296875,150159,70889.0,47.21
2026-06-23,7169.102645060832,7200.236130043174,7026.283959983106,7075.2080078125,186185,78933.0,42.39
2026-06-24,7091.021642790467,7115.236574876099,6854.308327096228,6886.43017578125,280561,110584.0,39.42
2026-06-25,6958.086434648934,7015.411578570758,6881.982364269962,6911.63330078125,231515,105955.0,45.77
2026-06-25,6958.086434648934,7015.411578570758,6881.982364269962,6911.63330078125,231515,0.0,0.0
2026-06-26,6911.63330078125,6911.63330078125,6911.63330078125,6911.63330078125,0,,
2026-06-29,6918.551837822671,7183.433536756454,6806.372461595118,7045.0625,915384,550641.0,60.15
2026-06-30,6987.73762511556,7017.388562704452,6911.633551970737,6949.19140625,367996,187108.0,50.85
2026-07-01,6964.016896488035,6991.196922694879,6834.541135284525,6856.28515625,146578,0.0,0.0
2026-07-02,6869.133881865117,6880.005892325622,6751.024313680529,6781.16943359375,264804,95206.0,35.95
2026-07-03,6800.936592213465,6893.842861602808,6673.437562945112,6869.6279296875,345071,148886.0,43.15
2026-07-06,6904.220736434162,7002.563011614922,6810.820284126808,6990.70263671875,238108,85042.0,35.72
2026-07-07,7024.307137513099,7024.307137513099,6788.088000624731,6896.80810546875,229515,87893.0,38.3
2026-07-08,6828.116888683268,6862.709649934468,6646.751983266263,6692.7109375,331230,,
2026-07-09,6701.11190088893,6781.6636147417985,6701.11190088893,6740.646484375,119092,,
2026-07-10,6755.472084612369,6830.587794697305,6732.739698665612,6756.46044921875,110261,,
2026-07-13,6720.879299342589,6792.041550747393,6637.362490402229,6727.7978515625,297882,153848.0,51.65
2026-07-14,6699.6292154286675,6839.482801617818,6665.530637877249,6811.80859375,187662,,
2026-07-15,6859.24994117175,7185.410240968102,6845.9070198164445,7120.67236328125,763817,309219.0,40.48
2026-07-16,7126.602558740218,7832.294844565128,7107.329450093739,7578.28515625,2577801,,
2026-07-17,7578.285430737441,7616.831649426552,7397.908894564036,7418.66455078125,366304,104546.0,28.54
2026-07-20,7408.286782414288,7485.873402709068,7330.205979824636,7429.53662109375,272955,99587.0,36.48
2026-07-21,7437.937446808979,7544.186636302297,7405.321416545914,7444.36181640625,254098,102543.0,40.36
2026-07-22,7444.362029907324,7550.117040156937,7398.403076854922,7418.66455078125,212131,,
2026-07-23,7431.513410027045,7595.087750944651,7398.897378303293,7440.40869140625,304111,78719.0,25.88
2026-07-24,7410.757768938335,7494.76875991723,7247.677609979302,7289.68310546875,258917,,
2026-07-27,7332.67656689803,7347.5020350882805,7140.933844970787,7242.2412109375,370848,171781.0,46.32
2026-07-28,7242.241373731622,7264.479576516877,7106.341245599503,7159.21875,293933,119279.0,40.58
2026-07-29,7162.678300635644,7371.223232529409,7002.563234442326,7225.439453125,570622,178642.0,31.31
2026-07-30,7246.688920746759,7246.688920746759,7111.282976646608,7206.66015625,335960,120010.0,35.72
2026-07-31,7264.973760739574,7397.908795202464,7117.707440033472,7199.74169921875,348950,103232.0,29.58
2026-08-03,7159.218748940055,7567.907497844137,7158.724566656011,7512.55908203125,1207164,511367.0,42.36
2026-08-04,7512.559133649554,7802.64413637632,7512.064951362115,7610.4072265625,718380,177216.0,24.67
2026-08-05,7657.848539797477,7741.859526617662,7585.697927587202,7601.017578125,267379,,
2026-08-06,7646.9767291532,7693.924046541694,7581.744667097609,7645.0,159592,59244.0,37.12
2026-08-07,7657.5,7670.0,7580.0,7600.0,179322,62722.0,34.98
2026-08-11,7649.5,7714.0,7561.5,7611.5,147983,60408,40.82
2026-08-12,7611.5,7741.0,7585.5,7710.0,224225,95919,42.72
2026-08-13,7750.0,7772.0,7659.0,7710.0,131075,42580,32.48
2026-08-14,7710.0,7825.0,7639.0,7649.0,163045,60161,36.89
2026-08-19,7525.0,7543.0,7391.5,7430.0,186915,89352,47.78
2026-08-26,7630.0,7699.0,7581.0,7609.0,200052,121098,60.53
2026-08-27,7600.0,7693.0,7490.0,7490.0,189453,97181,51.29
2026-09-02,7348.5,7447.5,7258.0,7447.5,163167,81884,50.06
