date,open,high,low,close,volume,delivery_qty,delivery_pct
2022-01-03,376.1917105367321,381.70982873975817,374.75220144029055,378.830810546875,3274712,,
2022-01-04,380.31827877791955,384.34891582719155,374.94413509473895,378.54290771484375,4091503,,
2022-01-05,378.5429361527592,387.85174445728615,375.5199434952606,385.83642578125,4327617,,
2022-01-06,383.6771485923682,384.6848225384941,375.2320402203232,382.8614501953125,5282381,,
2022-01-07,383.77310265653176,390.05897634460774,380.12635815134917,384.44488525390625,5075140,,
2022-01-10,388.81143371198414,395.0973081992837,388.81143371198414,391.49853515625,6298597,,
2022-01-11,392.0263218119432,399.223867500045,391.114620976695,392.3622131347656,4585662,,
2022-01-12,404.0222476111069,409.588338119972,395.38519243652263,400.71136474609375,12818775,,
2022-01-13,402.8705745243731,402.8705745243731,392.985957753508,394.2335205078125,4584953,,
2022-01-14,391.54646353301194,402.1028632851275,388.76341854664975,400.5194091796875,5761279,,
2022-01-17,400.4234449104412,407.8609085366986,396.5367820850229,406.70928955078125,4584613,,
2022-01-18,409.68432182842764,412.563340294245,374.99215517270693,387.6118469238281,9435830,,
2022-01-19,387.61182507322115,395.2412352923051,382.5255711184243,391.7864074707031,6237382,,
2022-01-20,391.9303351396079,393.8017086686237,387.08399959178996,391.40252685546875,4572029,,
2022-01-21,386.60415038541186,389.33922341892145,374.65621363807935,379.16668701171875,6994687,,
2022-01-24,378.1110285277008,378.68683798182053,350.80832960073064,356.99822998046875,7007990,,
2022-01-25,354.9829391864233,367.266767779266,348.50514821847077,364.9155578613281,7324240,,
2022-01-27,357.9579057249477,362.1324876946667,347.401506360405,359.0615234375,7134303,,
2022-01-28,361.31676277666963,373.7925075737393,361.0288726884147,363.0921630859375,5280455,,
2022-01-31,366.21110309197246,376.3836394280885,366.21110309197246,375.13604736328125,4205414,,
2022-02-01,378.8787674554296,391.5464587169077,369.52195869932706,388.4754943847656,11931399,,
2022-02-02,391.5464715782083,392.5061443026647,381.18201786883424,383.4372253417969,5265147,,
2022-02-03,384.2529336078565,393.225878985713,382.66947954985494,386.9880065917969,8273002,,
2022-02-04,388.6674516699341,390.8267152903226,380.60620667786105,383.3892517089844,4128681,,
2022-02-07,383.67714668759794,385.35657396924904,369.85786519881765,371.53729248046875,4851736,,
2022-02-08,373.1207231133148,376.0957142535289,361.22078783934404,369.0421142578125,5011220,,
2022-02-09,371.87317953980266,375.8558154762063,369.6659439953536,370.7695617675781,3351979,,
2022-02-10,373.1207398251873,378.6868591435429,366.59497707885254,375.3759765625,4747069,,
2022-02-11,370.9135008038472,373.0727643919679,361.8925832264091,363.33209228515625,4872433,,
2022-02-14,354.93495456240225,356.80629875848655,338.18865420386584,340.7317810058594,7374254,,
2022-02-15,343.5628519213631,358.1978616749966,333.72620602138,356.56640625,10050051,,
2022-02-16,359.49338494924,360.93289394186627,351.7200305316811,353.0155944824219,6547019,,
2022-02-17,355.9426384423083,355.9426384423083,347.7854195786056,350.85638427734375,4698952,,
2022-02-18,348.84101639786337,352.19987075107525,343.22692540726064,345.1462707519531,3470414,,
2022-02-21,341.6435339020788,343.37093331379356,330.51132300744183,332.5266418457031,7926195,,
2022-02-22,317.6516849682748,324.70528564292385,310.2142210453016,311.2698669433594,19176808,,
2022-02-23,316.8359469825925,331.51895737147964,315.68435727497956,330.3193664550781,16434369,,
2022-02-24,312.37349830663146,325.7609456631002,305.2239241882368,307.57513427734375,15926498,,
2022-02-25,321.49035415265683,337.3249536855489,316.83593570530826,334.73382568359375,16385276,,
2022-02-28,327.82422460737774,338.1886788249993,326.38471545010316,336.605224609375,8850697,,
2022-03-02,332.4306233555066,336.3652873531058,326.3846969523597,332.86248779296875,6854294,,
2022-03-03,338.7644281407994,339.91604697671136,322.9298302248697,325.3769836425781,7492305,,
2022-03-04,321.3943931983289,322.7859303792851,313.4770931320118,314.3887939453125,7924031,,
2022-03-07,305.6077876635756,307.57510501365067,293.6598506526587,300.953369140625,11047929,,
2022-03-08,301.33720654724254,317.9875325753031,299.513834403219,316.30810546875,14780062,,
2022-03-09,317.987559436328,328.4000142338944,315.7323227025042,325.52099609375,6387930,,
2022-03-10,335.0217589233982,346.15396854922557,332.718550207993,340.3479309082031,11010864,,
2022-03-11,337.8527974552695,342.50721639168347,335.0697521932239,339.4842529296875,3891664,,
2022-03-14,339.4842551422431,341.64351895586873,327.24842686503155,329.5516357421875,10079369,,
2022-03-15,333.0064251065163,339.1963257029338,321.8742159890941,327.392333984375,8151180,,
2022-03-16,333.7741439569998,342.0273348022352,332.5265811968453,341.16363525390625,6167428,,
2022-03-17,344.04268039583667,350.232581339471,342.93906259225133,348.4091796875,8990234,,
2022-03-21,350.2325750835715,351.2402197369141,338.5725279660737,339.628173828125,4873329,,
2022-03-22,339.2443063422021,346.29790668788274,331.27903448513155,344.1866149902344,5561409,,
2022-03-23,346.96964669186127,352.4397926976341,341.3075837216931,342.55517578125,7304162,,
2022-03-24,339.820117505841,346.6817716266802,337.8047989275887,342.21929931640625,4111307,,
2022-03-25,342.60314092826763,351.2401949012492,341.73944138834656,350.3764953613281,9141134,,
2022-03-28,353.97530175542244,353.97530175542244,341.8354472546321,349.1289367675781,5946994,,
2022-03-29,350.9043443150246,358.53375459089216,349.848698405166,357.90997314453125,9088475,,
2022-03-30,360.7889696763831,371.8252059220507,359.445404443053,367.41070556640625,10688708,,
2022-03-31,367.26677713874557,370.241739266628,363.18816790683553,365.1075134277344,5537751,,
2022-04-01,364.6756170133022,372.06510833595763,363.57199929287594,370.38568115234375,3250273,,
2022-04-04,371.345381863914,374.65623527515004,368.32238927567533,371.6812438964844,3264802,,
2022-04-05,373.31266891308655,380.6061870679944,370.0017864843216,378.302978515625,10310506,,
2022-04-06,375.2320003017641,387.1319351189188,374.51224582548195,381.9976806640625,8671174,,
2022-04-07,387.6118220257634,391.066649820203,381.373949083846,385.0686950683594,8931310,,
2022-04-08,387.37189067023684,388.6674547099809,379.0707274331913,380.1263732910156,6519357,,
2022-04-11,377.24736287019124,388.5714895750524,377.24736287019124,386.9400634765625,7340278,,
2022-04-12,386.74811842511144,387.6118180431249,373.0727817314195,377.67919921875,4854926,,
2022-04-13,379.0707287984715,383.2932829580896,373.93647382951974,375.5199279785156,2465488,,
2022-04-18,370.28974389907455,374.8481895533393,363.95589776419206,373.16876220703125,4551203,,
2022-04-19,374.3683227296889,375.95177681294047,356.9982411599588,362.5643310546875,3938936,,
2022-04-20,363.7160078064237,367.3147809707353,358.53378030719324,362.46844482421875,3247779,,
2022-04-21,364.6756357632976,375.0880906944429,363.9079092974982,374.12841796875,3935746,,
2022-04-22,371.7772189800883,373.31270124360935,363.1881654053567,364.38775634765625,2971828,,
2022-04-25,359.8772300468696,360.549012591044,346.5377865771758,349.3208312988281,4987646,,
2022-04-26,354.119206594504,367.2187323631839,352.3438063409215,363.52398681640625,5510832,,
2022-04-27,359.87726085914113,362.6603058190745,353.4954432906163,360.5970153808594,3787448,,
2022-04-28,365.63531626187034,365.63531626187034,356.03858880092884,364.3397521972656,3951298,,
2022-04-29,366.59498139523396,370.81753553298483,353.39948141045784,356.85430908203125,4463995,,
2022-05-02,352.67971972980797,356.71035681290334,349.512811512295,352.7276916503906,3606478,,
2022-05-04,355.1748532672939,357.7659518475724,332.62254601484034,334.3499450683594,6741897,,
2022-05-05,334.9257813397576,338.1406908289064,324.22543630332905,326.2887268066406,8172183,,
2022-05-06,314.8206358494431,323.3617468062251,313.141208526665,315.87628173828125,10554131,,
2022-05-09,315.8762267887827,319.23508085003607,311.26981007667416,314.0048828125,5588545,,
2022-05-10,315.68437175867325,324.8492350657125,303.73643396838406,305.3678894042969,7809598,,
2022-05-11,309.11056506101085,315.06051789267536,300.9533475719364,313.09320068359375,9584712,,
2022-05-12,310.9339420431243,312.56539728094424,303.1605876346691,309.20654296875,7826298,,
2022-05-13,314.86864358577515,319.3790880597359,304.4561881113504,306.0396423339844,5040759,,
2022-05-16,308.0549372331693,318.1315006006094,304.7440546976843,314.14886474609375,4588718,,
2022-05-17,315.1085600366737,322.7379409896673,310.5501143770067,320.6266784667969,5294509,,
2022-05-18,323.6016638243327,330.9911264456866,310.59808045716784,311.8456726074219,15907792,,
2022-05-19,304.2162538750232,312.6613621416569,296.58684399526373,307.67108154296875,10108593,,
2022-05-20,312.8533304021729,322.92989472494224,309.97431202423877,318.13153076171875,8095291,,
2022-05-23,321.0584941219051,326.2407501968128,315.73232228444505,317.5556945800781,6456879,,
2022-05-24,318.08352475069773,320.29076022249524,310.0702519334468,311.4137878417969,3843952,,
2022-05-25,313.62105316092044,315.5403987231951,295.33929839501013,299.41790771484375,7080643,,
2022-05-26,297.9783786994274,315.9242702263539,290.1090507033994,306.9513244628906,8037300,,
2022-05-27,310.933953207068,316.500043123798,306.27953477853555,311.4617614746094,5042715,,
2022-05-30,316.11618716434316,333.822160510096,314.0049247587954,332.86248779296875,9568306,,
2022-05-31,331.56695727326957,336.1733750662174,328.5439937662169,331.61492919921875,10568070,,
2022-06-01,332.430615969519,334.7818257889962,320.146817177968,323.4096984863281,5551017,,
2022-06-02,322.83387985682657,327.6802444053454,321.0584795625551,326.52862548828125,4326789,,
2022-06-03,328.44797431207155,329.6475651605451,316.3081207828959,317.3157653808594,5573119,,
2022-06-06,316.50011542547634,317.12392624929396,310.02232325386757,313.6690979003906,4693011,,
2022-06-07,312.66137213175205,312.66137213175205,302.3928912165995,305.89569091796875,5097864,,
2022-06-08,306.61543853533595,318.2274844749594,303.4485302276603,313.0452575683594,9732471,,
2022-06-09,311.3658011063611,313.81295463416717,308.15089189111114,311.7496643066406,3304352,,
2022-06-10,308.96665064936667,312.7573404038118,306.5194675879243,309.110595703125,3525590,,
2022-06-13,302.29692025381263,302.9687029024654,292.70019262670746,295.29132080078125,7361749,,
2022-06-14,294.6195042957489,306.4234662058734,291.78845825632885,301.1932678222656,6307163,,
2022-06-15,303.06463493806376,306.71140886637323,300.0896729191134,304.3601989746094,4024438,,
2022-06-16,308.2468934615188,309.6384013518172,290.4449466975978,291.7884826660156,6574807,,
2022-06-17,289.8211669921875,297.4985488992653,285.9824760386486,289.8211669921875,7782354,,
2022-06-20,292.7001523731941,293.9477150783916,282.8155359914105,286.4622802734375,7708600,,
2022-06-21,290.3489729583703,304.40820189262763,288.86149194054116,302.39288330078125,5336496,,
2022-06-22,301.7691138992044,301.7691138992044,291.020767172632,292.0284118652344,4354021,,
2022-06-23,294.33165402302586,302.68078965624596,291.26068940515165,300.7614440917969,6769260,,
2022-06-24,304.6001184548898,307.28721966934853,301.76910147528577,303.06463623046875,3572017,,
2022-06-27,309.01462656097345,309.44649101471146,302.2969172879088,305.2239074707031,3334788,,
2022-06-28,303.16061559288767,307.09527972169957,297.9783886049616,306.51947021484375,5140316,,
2022-06-29,302.2969390642834,306.37554855959513,300.5695396986722,305.7037658691406,3164135,,
2022-06-30,303.9283513887561,308.4867966475231,295.67516043129547,300.08966064453125,5228785,,
2022-07-01,297.88239825353844,311.3178159647266,296.97072676669677,310.11822509765625,5557896,,
2022-07-04,310.0702629041893,313.6690356182888,308.1029162483492,311.6537170410156,4171008,,
2022-07-05,311.89364079437416,316.50005823596666,308.1509229622192,309.110595703125,4164243,,
2022-07-06,308.53475128961304,317.1718049804575,308.53475128961304,316.30810546875,4031342,,
2022-07-07,318.6113604924988,324.0815070108906,316.8359600058707,323.3137512207031,5330866,,
2022-07-08,326.192771033392,327.8242264689899,321.2504620893945,326.672607421875,3635774,,
2022-07-11,322.97787009815136,333.77418913067316,322.64200804665137,332.19073486328125,4251298,,
2022-07-12,329.16773906449015,336.461257507553,328.49595645368544,332.8144836425781,4041343,,
2022-07-13,333.0064595025736,339.6761971353204,330.94316885294705,333.4383239746094,5397952,,
2022-07-14,334.92579145640866,337.9967559868102,330.36734587068395,334.4939270019531,4920704,,
2022-07-15,335.981418257343,340.6838086317847,335.0697174772357,339.38824462890625,4400222,,
2022-07-18,342.6991386985242,343.08300193421996,336.0774027003881,338.9564208984375,2406259,,
2022-07-19,338.71652049030837,346.8257379349008,337.6128733602959,345.3382568359375,5148307,,
2022-07-20,349.3208621130341,349.99264471646757,337.9487347830209,342.02734375,5343868,,
2022-07-21,342.41120954606134,346.8257098479447,342.0753475287062,346.0579833984375,3358877,,
2022-07-22,345.9619899172937,348.7450347416369,343.56280829512104,345.6260986328125,3247918,,
2022-07-25,344.4265374152836,346.20193782561296,339.24431052350434,342.9390563964844,2303596,,
2022-07-26,342.93905510875794,347.73741874736686,340.012035717074,346.2499084472656,3466646,,
2022-07-27,344.234599667012,354.5990528250884,344.234599667012,353.7833251953125,5478661,,
2022-07-28,356.9502718012136,368.51431609947645,356.5184073722799,366.594970703125,8480197,,
2022-07-29,370.38568115234375,380.8461074671903,368.2743895496177,370.38568115234375,8223276,,
2022-08-01,369.47402705910457,372.2570723146394,361.5087545541447,368.7542724609375,7429671,,
2022-08-02,371.6559337062422,373.34857621498895,362.9025656822321,364.3050231933594,4448690,,
2022-08-03,365.70750229785193,366.5296488306122,356.42214340473504,360.0008850097656,3183672,,
2022-08-04,362.12874875272456,363.6279640318182,348.9744932143092,355.5516357421875,4037919,,
2022-08-05,357.5828364586361,360.6295871081911,354.2942502161011,355.7450866699219,4186137,,
2022-08-08,354.48767623016005,360.3877498689733,353.0368399017965,358.1631164550781,3666894,,
2022-08-10,357.9696837703481,362.95088251701367,355.8417787148113,356.422119140625,3769700,,
2022-08-11,359.7106656569335,363.28940692010343,358.2598293908926,360.33935546875,3888072,,
2022-08-12,360.58118915185054,364.6435428150825,359.85577096322635,360.67791748046875,3215823,,
2022-08-16,363.57960455491326,369.8182130297317,362.0320397880943,366.72308349609375,3839161,,
2022-08-17,368.6091767504723,373.8321819269666,366.5779998714627,367.8837585449219,6384327,,
2022-08-18,368.077189950292,377.1691218456481,366.7714607790597,376.39532470703125,5188764,,
2022-08-19,378.18468924090854,378.18468924090854,358.84020385774187,361.45172119140625,6322982,,
2022-08-22,359.80740998276195,360.0492160378579,351.344198054404,352.8433837890625,3796813,,
2022-08-23,349.2646603660876,357.4860659682262,348.2974361776007,356.1319580078125,2553978,,
2022-08-24,358.64674360145415,361.11318317348656,355.9385274818982,359.85577392578125,3120328,,
2022-08-25,361.6935268177448,370.64035129655207,360.8230013626898,364.3533935546875,4424052,,
2022-08-26,366.72308050785705,371.22066751435204,366.23946836700077,367.54522705078125,1981093,,
2022-08-29,354.3909602332397,362.61236637997007,353.08520158882004,357.7762451171875,2663606,,
2022-08-30,360.6295486288599,379.1518861428285,359.9041304793519,377.2174377441406,10834269,,
2022-09-01,375.28302399709946,386.8897154609273,373.3485754197948,385.24542236328125,9880155,,
2022-09-02,387.7118567829928,392.69305589893196,380.8445585226711,382.0535888671875,8022555,,
2022-09-05,382.92406675825697,387.76018790831665,378.76501437614206,381.1830749511719,4044126,,
2022-09-06,383.11755672672143,385.87415192543443,379.4420866226562,382.29541015625,2831682,,
2022-09-07,378.23302835821596,388.4372618306522,377.02399805465774,386.3093566894531,4860013,,
2022-09-08,388.82415268008407,390.1782607411732,381.8601261982801,384.1814880371094,4602945,,
2022-09-09,386.7929998658068,390.22666391399986,380.1191579578027,383.8913269042969,5536333,,
2022-09-12,383.8913269042969,383.8913269042969,383.8913269042969,383.8913269042969,0,,
2022-09-13,397.4324314711017,400.2857547656385,393.8537195190924,395.3529052734375,6632103,,
2022-09-14,386.8897327688481,396.8037821710498,384.22986585606225,393.853759765625,6503658,,
2022-09-15,395.59475663456607,400.18907226785257,388.8241862276175,397.5292053222656,4834801,,
2022-09-16,394.86929247376617,399.7054136308239,371.84936757310766,376.3469543457031,9517876,,
2022-09-19,378.23304561230503,380.9896407336353,371.02724238479135,372.52642822265625,5089286,,
2022-09-20,376.2502228768074,387.27657311934337,376.2502228768074,379.1035461425781,4794091,,
2022-09-21,378.2330278852823,379.87732090300204,365.90091880440826,367.30340576171875,4035315,,
2022-09-22,366.0943848459668,371.365768904979,362.7090999134413,368.2222900390625,3941049,,
2022-09-23,368.6091911703628,369.67314381692677,356.0836245242591,357.82464599609375,4060146,,
2022-09-26,354.00408183999025,354.48769397365146,338.7702996296628,340.51129150390625,5947442,,
2022-09-27,340.55966489313334,345.20232949389447,332.8218708803037,339.25390625,5931471,,
2022-09-28,337.46453574219703,342.78426913013385,333.8858237188991,337.3194580078125,3987512,,
2022-09-29,340.75308918718264,343.8482185734016,333.740713421621,339.10882568359375,5905469,,
2022-09-30,337.2710870899571,349.40973887579986,335.53006583636585,345.0088806152344,7344112,,
2022-10-03,345.5891950773241,346.16953550116875,334.65957341716773,336.4489440917969,4315023,,
2022-10-04,342.3973510980592,349.1679201875688,342.3973510980592,347.3302001953125,4660309,,
2022-10-06,352.06963773097425,360.677927914884,351.3925689284008,355.3098449707031,9169254,,
2022-10-07,354.97133117942707,358.3082669443185,349.9417528271678,356.8090515136719,4146172,,
2022-10-10,347.2335043428701,355.89017315222645,347.2335043428701,354.2458801269531,3136911,,
2022-10-11,355.40654638228807,356.76065436752725,344.8154295172485,346.7498779296875,3727411,,
2022-10-12,348.58762449917634,355.6967288584147,345.9277577300108,354.82623291015625,3919948,,
2022-10-13,353.2786928375145,354.48772327159224,345.92778189485296,350.66717529296875,3680850,,
2022-10-14,356.0836110666525,359.2270899615402,346.266290575318,346.943359375,3591285,,
2022-10-17,345.2990595338181,349.94172415758817,339.9793261236332,347.6203918457031,4311369,,
2022-10-18,350.23192341812165,357.1959206375847,350.1351950850716,353.6655578613281,2859419,,
2022-10-19,355.4065510450599,364.9820649087912,354.0524135247147,358.1631164550781,6360698,,
2022-10-20,356.422136612995,362.2254821209407,353.5204638590222,361.1615295410156,4314503,,
2022-10-21,362.1287726027809,362.709113087189,352.64998625437295,357.6795349121094,3605264,,
2022-10-24,357.6795349121094,357.6795349121094,357.6795349121094,357.6795349121094,0,,
2022-10-25,356.90580727846094,363.19276594325765,355.0680868029896,357.6312255859375,2997168,,
2022-10-27,361.7418510506641,373.1550848116367,357.58279879471814,370.93048095703125,6417885,,
2022-10-28,373.2035067084234,373.25185611708855,367.932122400807,371.9944763183594,3984403,,
2022-10-31,373.34857185650736,376.8305851658915,369.76983021571266,372.8649597167969,3315136,,
2022-11-01,374.31576800562596,379.1518890392904,372.3813195921602,376.87890625,4655525,,
2022-11-02,375.28302334398654,378.18469620489367,367.54522904823426,372.52642822265625,4448264,,
2022-11-03,370.44691432583556,375.7666480824729,368.1255818627717,372.1395568847656,3805252,,
2022-11-04,372.57477927685164,376.83055991769197,371.4624478161713,374.6059265136719,2031089,,
2022-11-07,375.76660641912497,386.64787880577916,374.36411950457557,384.76177978515625,4991409,,
2022-11-09,384.9552212076768,388.96919562584674,382.1018980877696,384.0363464355469,4968369,,
2022-11-10,383.2625917877715,387.22821693749785,373.9288840994364,378.3297424316406,4250236,,
2022-11-11,382.53719072332643,391.7258210946832,382.53719072332643,387.4216613769531,6567026,,
2022-11-14,389.114282311347,394.82092868260867,387.1798339190115,393.1766357421875,3134766,,
2022-11-15,393.6602881455414,396.07834888353614,388.24382618896465,392.1611022949219,2773854,,
2022-11-16,392.20942736474154,393.27337992690576,383.5527586529606,388.0987243652344,2711725,,
2022-11-17,388.24380475059786,392.16108064024775,387.03477444836176,389.69464111328125,2978886,,
2022-11-18,390.7585939871681,391.1454777807169,384.56836473836444,387.2765808105469,2907982,,
2022-11-21,385.92248025094466,387.1798599836726,378.9584537627878,381.763427734375,3236030,,
2022-11-22,382.1019331789401,383.35934243087587,375.0895572742506,377.89453125,4093062,,
2022-11-23,379.82899780898583,381.8117958347559,377.31420870305897,378.7650451660156,1919758,,
2022-11-24,380.69948408906134,381.7634367049388,376.25024647915546,379.2969970703125,1823725,,
2022-11-25,380.6027645185683,387.7602184815225,379.5871908039186,383.6011657714844,3584507,,
2022-11-28,383.0208379762213,388.82418400616405,381.2798459741762,382.2470703125,3330551,,
2022-11-29,381.7150452413665,384.81017465545756,378.1846826241744,379.6838684082031,3448261,,
2022-11-30,380.16746156265856,391.04873385729775,376.58874971838134,389.45281982421875,8733967,,
2022-12-01,392.4996209468896,401.2046399089015,389.1627147218581,399.1734924316406,7882120,,
2022-12-02,401.2046306689547,402.6071177208054,396.4168880605187,397.2873840332031,6745441,,
2022-12-05,398.7865687088562,404.7833712002415,396.5619646167241,403.5743408203125,6361119,,
2022-12-06,402.60711990425847,404.2997624504025,398.68987324726254,400.8177490234375,2654909,,
2022-12-07,399.9472358544862,402.26856820023363,391.72582955518,395.1111145019531,3417623,,
2022-12-08,393.75701656604406,397.23902993299896,389.4528566445196,391.677490234375,2154953,,
2022-12-09,392.7413887719909,396.5135869019525,381.0863485484482,389.0659484863281,5996845,,
2022-12-12,388.8241519152413,390.7586004322326,383.16588409957353,389.501220703125,2914566,,
2022-12-13,389.9364571058506,393.03158656534805,386.406094436867,387.2282409667969,2024616,,
2022-12-14,388.92090976935333,396.9488599173693,388.3405692667313,393.853759765625,4437819,,
2022-12-15,392.8380960933452,396.3684584584686,385.197030949725,386.5995178222656,2719988,,
2022-12-16,385.9224581392084,389.1626651323164,379.1518886981696,380.747802734375,3463368,,
2022-12-19,381.3281827482733,384.2782050754697,376.78221670185115,383.6011657714844,2827030,,
2022-12-20,383.0208111303292,383.0208111303292,369.18951586867087,376.5887756347656,4641199,,
2022-12-21,378.57158771486434,383.2142820971355,365.32063242432207,367.9804992675781,3330407,,
2022-12-22,370.0116037274762,372.38131481047884,362.2254607701931,365.4656677246094,2624616,,
2022-12-23,364.54679755546437,364.64352587959013,343.6547487899296,345.2990417480469,4966765,,
2022-12-26,346.9917272669354,360.1943334253305,344.6220158591505,358.5984191894531,3309456,,
2022-12-27,359.42053512142917,361.6451390766059,355.45490981593275,359.0820007324219,3108513,,
2022-12-28,358.84021261522815,364.78863611225455,356.7123073642114,359.9525146484375,3891662,,
2022-12-29,358.550033274248,364.1599219920227,352.8917656346488,361.20989990234375,4181247,,
2022-12-30,361.74188216145836,369.3829481004377,361.74188216145836,362.7091064453125,2831958,,
2023-01-02,363.72465193976194,370.1083376217919,362.2738156264524,367.6902770996094,2924202,,
2023-01-03,368.27066625484065,370.15676551863174,366.0944114969328,367.5935974121094,2004850,,
2023-01-04,367.932140501132,368.99609320019783,356.5189048643941,359.6623840332031,3815316,,
2023-01-05,360.484487508804,362.32220766874747,356.5672116106005,360.5328369140625,2499525,,
2023-01-06,361.64520098383844,362.0320848443566,355.50332007706766,357.6312255859375,2603968,,
2023-01-09,360.77466757916085,363.67634050875193,357.9697229840248,361.69354248046875,1561902,,
2023-01-10,361.64514457057055,362.4189416882483,356.13198400415826,360.822998046875,2252881,,
2023-01-11,360.7746401964476,363.19270078757654,358.88854112843046,359.9041442871094,1681043,,
2023-01-12,360.6779172210498,364.15993042740973,358.64674039089476,362.61236572265625,2859266,,
2023-01-13,363.6763208676786,366.8681491109103,360.38776429521585,364.69189453125,2743616,,
2023-01-16,366.0944070975517,367.44851524939753,359.5172934929613,361.5000915527344,1661685,,
2023-01-17,361.69352033019396,363.57958990851836,356.95409788823144,363.0959777832031,1977186,,
2023-01-18,363.6763181076507,364.7886200920116,360.9197230908664,364.0632019042969,1819111,,
2023-01-19,362.70909398641925,364.15993036236495,360.4361110939694,363.0959777832031,1980513,,
2023-01-20,361.7418888770076,363.5312597388251,356.47050462520485,357.1959228515625,3988074,,
2023-01-23,358.9852783431516,359.51726939677553,355.45491569616826,357.4377136230469,2338790,,
2023-01-24,358.3565862395912,359.0820044303596,351.6827447879902,352.94012451171875,3010618,,
2023-01-25,352.2630899657468,352.2630899657468,336.980928831648,340.51129150390625,7032545,,
2023-01-27,343.31628398137167,348.1524055784196,335.86864491498034,344.28350830078125,5422141,,
2023-01-30,345.25069555970225,351.92453674376486,335.1431906999116,341.5752258300781,5105818,,
2023-01-31,344.3318385819341,349.16795991033206,340.0276787927231,344.38018798828125,4784073,,
2023-02-01,346.7982281638859,353.61717654447364,330.35541661876255,337.5612487792969,5504489,,
2023-02-02,337.464550017131,344.18677066226866,330.35544555815534,342.8810119628906,4485546,,
2023-02-03,343.46135261527075,347.23352145744013,337.31947244646864,341.9137878417969,4697067,,
2023-02-06,341.9138058628416,343.5097201281809,339.25393891482804,342.3006896972656,1913975,,
2023-02-07,343.17113950684916,347.3302213397148,341.47849713142887,345.4441223144531,2846953,,
2023-02-08,346.89496118192943,350.08681882369257,344.04166743854347,348.4908752441406,2429159,,
2023-02-09,349.5064671983338,350.4736913889934,342.2039068484495,345.0088806152344,2229848,,
2023-02-10,344.8154593608851,350.42534843555563,343.89658447851224,349.6515808105469,2809140,,
2023-02-13,350.32863767941416,353.665543655536,343.12280515809323,346.1695556640625,3030923,,
2023-02-14,345.87942292506017,345.87942292506017,335.7719169685823,342.34906005859375,3140968,,
2023-02-15,338.7219286185542,350.2318907620829,338.7219286185542,349.1679382324219,2548073,,
2023-02-16,351.00568166320926,360.9197304302482,350.37699179120693,359.51727294921875,5171809,,
2023-02-17,357.7762487243963,360.58119318162215,351.19913554763616,352.6015930175781,2666456,,
2023-02-20,353.9073430824417,358.4533088118537,351.19912702066944,352.64996337890625,2726465,,
2023-02-21,354.9713150984757,354.9713150984757,344.33184788843965,345.7826843261719,2119153,,
2023-02-22,344.23510261733526,344.5252876010086,335.67516215244774,337.17437744140625,3326607,,
2023-02-23,337.56126775486297,338.0932292925255,330.1136291235352,331.66119384765625,4026752,,
2023-02-24,335.6268216406455,339.78587419409706,333.69237310093,334.70794677734375,2887310,,
2023-02-27,336.0136632502427,339.88255984383756,331.1775425082492,338.4801025390625,3701975,,
2023-02-28,339.0120877035203,342.2522947305456,337.41617365060955,340.1243896484375,2520202,,
2023-03-01,340.1243892731327,345.6859285089224,339.4473500330931,343.9932861328125,1507846,,
2023-03-02,342.397344549739,346.0727844639591,341.5268487297751,343.65472412109375,1675015,,
2023-03-03,345.39581517288354,350.42536399342345,343.36463817037867,348.44256591796875,3121845,,
2023-03-06,349.409772154926,352.45652274222016,346.2179438286831,348.0556640625,2053122,,
2023-03-08,346.26628611527065,352.50489441785965,342.0588546682228,351.1507568359375,2908986,,
2023-03-09,351.1024306126769,351.8761982671447,344.8638218981587,345.39581298828125,1782741,,
2023-03-10,343.46137448416306,344.67040492833615,336.3039201581273,338.5768737792969,3238856,,
2023-03-13,339.59245150746807,341.4301717408483,330.11363582805313,331.4677734375,2045069,,
2023-03-14,332.676790792239,336.5940371765816,325.4709583618382,335.7235412597656,4016343,,
2023-03-15,338.5285139030996,340.4629625539745,330.7423698902659,334.1276550292969,2833314,,
2023-03-16,337.56126816158303,349.65157146249936,333.49891444553833,348.24908447265625,5412088,,
2023-03-17,351.68274068835126,365.127151763733,351.344206299804,362.9508972167969,10695531,,
2023-03-20,362.66074530300295,362.66074530300295,350.08683001976823,357.7762451171875,5404518,,
2023-03-21,358.8885387904507,360.1942974046222,354.2942236972352,355.40655517578125,2980424,,
2023-03-22,356.0835999790794,359.3238071040784,355.0680263285213,356.6639404296875,4140942,,
2023-03-23,356.61560932352927,359.75908828183935,353.6172081059803,355.6000061035156,2508345,,
2023-03-24,354.0040756150207,355.9385241156493,341.4785097665144,342.6391906738281,3134205,,
2023-03-27,343.55805650504067,345.734311011152,336.0620687617684,337.3677978515625,2815174,,
2023-03-28,339.0604680775012,341.62363609786206,335.86863968013483,337.2227478027344,3165715,,
2023-03-29,337.75472588349163,342.3973905587067,335.1432085553443,340.9949035644531,2624280,,
2023-03-31,342.7358978637162,348.92612678047004,342.59082013858523,345.0088806152344,4167504,,
2023-04-03,346.2662863258793,351.24748537933345,345.68594586432283,349.6999206542969,2782342,,
2023-04-05,350.13515250974143,358.3565580244729,349.50646269737695,355.0196228027344,3015748,,
2023-04-06,352.98850114853883,371.2206546112218,352.7466950865155,370.35015869140625,8930230,,
2023-04-10,371.3657708923699,394.3373473431552,371.1723142311106,392.2094421386719,20647930,,
2023-04-11,394.143896446543,397.5291814466974,388.14709406790394,392.0159912109375,8091142,,
2023-04-12,392.6930445742064,399.850498103864,391.1454798743865,393.2250061035156,6586341,,
2023-04-13,394.3373490209727,402.1718420404902,391.8225600006131,399.60870361328125,7161482,,
2023-04-17,402.07516772137797,405.8473367230482,397.7710076252431,401.73663330078125,6635668,,
2023-04-18,403.0423602686413,413.004758322889,402.17183482223714,409.9580078125,9367931,,
2023-04-19,410.87685057217806,410.87685057217806,405.31531112142494,407.87847900390625,4044971,,
2023-04-20,407.20139568673125,411.1670208831106,399.0767181608204,400.8660888671875,4285836,,
2023-04-21,400.7209940879428,400.7209940879428,388.824147646009,392.74139404296875,5194549,,
2023-04-24,393.2733967200488,398.302945247337,390.0815388972609,397.67425537109375,3379013,,
2023-04-25,396.6103029188457,402.26857084193574,394.62750495822297,396.70703125,4335180,,
2023-04-26,396.8037379490913,404.0095702257918,396.2233975111455,402.94561767578125,4122285,,
2023-04-27,402.89725894879814,409.66782885706886,401.4948014639189,407.8301086425781,4423231,,
2023-04-28,408.41043995075944,414.8424753159058,406.2825347917999,412.2309875488281,5668793,,
2023-05-02,412.90804816195475,413.5851169795404,407.29815902351964,410.34490966796875,3519033,,
2023-05-03,408.9423974993583,419.8236702162358,406.81452187846264,413.5367126464844,7152444,,
2023-05-04,413.44002952336865,414.4556032085413,409.13586967844327,410.8768615722656,3328989,,
2023-05-05,410.8768498545711,419.2433632362694,409.57112073011336,413.1982116699219,4870886,,
2023-05-08,414.8908557468214,425.9655557496969,413.7301748345627,422.0483093261719,6530244,,
2023-05-09,422.67697178875954,424.3696141242981,412.8112732261135,417.8408508300781,5239571,,
2023-05-10,417.55071039066775,421.61303443159903,413.58508515851463,420.0171203613281,3804494,,
2023-05-11,418.8081112030117,424.5631074479577,415.8097100461267,418.6146545410156,4810556,,
2023-05-12,415.9064416973919,422.67701167851226,415.9064416973919,421.66143798828125,2713530,,
2023-05-15,428.48037497737175,460.2053209565692,425.8205080898147,452.8060607910156,28116711,,
2023-05-16,459.1413788611754,463.01027599245185,454.64376233219235,456.2880554199219,14423428,,
2023-05-17,454.4019689744906,457.49709857304265,446.47074734388406,454.4503479003906,6005061,,
2023-05-18,456.52988891323184,460.3987862769033,443.3272825631719,444.8748474121094,5852119,,
2023-05-19,445.7936688094098,457.49708860748854,438.63621497567874,456.4331359863281,8398165,,
2023-05-22,456.7716542850759,465.3799442484941,453.8216321151582,462.478271484375,6566526,,
2023-05-23,464.0741811634338,464.75124994219044,450.6297700550469,452.515869140625,3818677,,
2023-05-24,452.5158723004614,454.54704913357324,447.14775999028444,450.2428894042969,3086273,,
2023-05-25,451.6937392061452,464.07419819543657,449.42075624243165,461.6077880859375,8132396,,
2023-05-26,461.60775464033463,468.66847957278964,456.0945648314081,462.4299011230469,6159488,,
2023-05-29,462.8168052809037,470.45787097977416,458.51264554606723,466.8307800292969,4665809,,
2023-05-30,464.26765240286056,465.71848881661947,457.98069460990513,459.0446472167969,3209364,,
2023-05-31,458.89957513052696,461.3659852573556,452.4675100031068,459.3348083496094,10062142,,
2023-06-01,459.4315429730592,464.3160138861513,457.54544377917995,461.5594482421875,4270077,,
2023-06-02,462.33319508011476,474.9071104274819,461.7045052162148,473.2628173828125,10020905,,
2023-06-05,475.8743749900198,479.79162175769505,471.13498163037667,473.2145080566406,4635248,,
2023-06-06,473.6013482311746,482.2580170778438,471.5218219966066,478.4374694824219,5477093,,
2023-06-07,481.6776985523328,482.3063884401474,476.98665482159754,479.4530944824219,4885566,,
2023-06-08,479.7432109012378,481.4842026822496,465.13811934331665,468.8619384765625,4923194,,
2023-06-09,469.10378454439433,474.4235181835576,467.79802583858566,469.2972412109375,2611565,,
2023-06-12,471.0865389858273,476.1161166774208,469.7324309972722,474.52020263671875,1696800,,
2023-06-13,476.2128737255733,488.2064487320146,472.634132131002,487.0941467285156,5849124,,
2023-06-14,488.4482672232252,490.3827158062875,483.2252619524256,487.1908874511719,6893041,,
2023-06-15,486.5137925946127,492.0753319731794,472.48904111822725,474.2784118652344,6420824,,
2023-06-16,476.6481260301343,481.4358981501672,474.08498752356184,479.7432556152344,4360893,,
2023-06-19,480.7104477636341,483.03178003850127,466.9275023297673,469.4422912597656,3074442,,
2023-06-20,468.523473579449,475.58422911030453,465.7185288419179,473.1661682128906,3849887,,
2023-06-21,473.2628096049064,478.14730973535984,464.60617035304676,467.02423095703125,3758306,,
2023-06-22,467.21764583498236,468.91028821335595,462.86513686202176,465.4766540527344,3256065,,
2023-06-23,465.2348579600664,465.81519840568853,457.49706406468067,462.04302978515625,2583485,,
2023-06-26,461.46269795746866,462.33319388348804,454.30524437403784,461.51104736328125,2333475,,
2023-06-27,463.3004116041347,470.98985612976196,463.0102561386678,467.991455078125,2749294,,
2023-06-28,469.9742431640625,472.0054199319921,467.74963926230294,469.9742431640625,2383384,,
2023-06-30,473.7464141058631,477.37350495350086,470.94146975382466,474.4718322753906,3261788,,
2023-07-03,476.8415860749493,481.67770763757557,470.4578997088139,476.9866638183594,2820027,,
2023-07-04,477.8088139104333,480.9039435402724,472.4890801523212,473.7464599609375,2535317,,
2023-07-05,473.7464169402917,487.2392067811681,472.48903724585733,483.32196044921875,2846706,,
2023-07-06,488.06133859713646,500.586874311986,486.51377396931275,496.7663269042969,7921377,,
2023-07-07,497.83035772521345,499.47465083788427,485.0146357834665,486.3687438964844,3938391,,
2023-07-10,486.9490472463913,488.98019450236245,480.08174935440366,485.1112976074219,2465685,,
2023-07-11,485.54657297640784,488.20643966103955,481.77440430894393,483.2735900878906,3011396,,
2023-07-12,483.612140914113,483.9990247233758,469.6841171592551,476.26123046875,4530464,,
2023-07-13,477.80876750411545,482.5481603066597,473.3595301623498,475.92266845703125,3665726,,
2023-07-14,477.61535371803205,480.2268711687877,475.1005941193412,476.9866638183594,2539514,,
2023-07-17,477.3251850080349,482.2580347687293,476.8899222725191,481.7260437011719,2333926,,
2023-07-18,483.3703219228344,486.46545134888686,475.68087728090717,478.5825500488281,3200509,,
2023-07-19,480.2268668534513,487.6745057999084,477.9538838359734,484.5793762207031,2832711,,
2023-07-20,485.5465571378343,492.31712665967666,485.1112944330654,488.35150146484375,4178930,,
2023-07-21,488.06137143644304,488.4482552400955,479.74323682987597,484.1924743652344,3822759,,
2023-07-24,486.27199482808,491.78518489562344,472.1021653775327,477.6153259277344,5676545,,
2023-07-25,479.936652241201,483.467014611786,462.6716946413372,464.2676086425781,6582695,,
2023-07-26,466.2020895138496,473.4562714046253,463.8807572122697,471.6669006347656,3572206,,
2023-07-27,473.4563004760336,496.95983943838655,471.3283951838107,494.05816650390625,8431778,,
2023-07-28,496.20286105267894,504.78160195660774,492.25469694639304,502.63690185546875,7227144,,
2023-07-31,503.953030560706,508.6323386907003,496.0566720598146,505.707763671875,4607915,,
2023-08-01,496.69025623894214,498.6399726520489,484.4070368863074,487.13665771484375,15013979,,
2023-08-02,483.0909580376504,490.30493235255847,470.12535617494063,481.19000244140625,11155073,,
2023-08-03,481.0925662467654,484.0171411175664,472.02639604740784,476.0720520019531,3315895,,
2023-08-04,477.68056182011287,481.5799949778281,475.7308452412553,477.33935546875,2509237,,
2023-08-07,479.5815190929213,480.2639020050776,473.1961798236613,476.8518981933594,3089545,,
2023-08-08,478.0704570095671,480.800077829344,469.979145821264,475.9745178222656,2542925,,
2023-08-09,476.02325502255366,477.3880803253461,470.95401014900955,473.4886474609375,2944921,,
2023-08-10,474.65846015116813,480.702592999799,471.0515025966016,478.3141784667969,4117165,,
2023-08-11,480.2639179133918,481.726205309708,467.93196682118776,469.8816833496094,2844914,,
2023-08-14,466.95709395162936,466.95709395162936,451.4080932236788,459.1094970703125,4619798,,
2023-08-16,456.2336618119852,467.5420234821739,453.6015326321755,466.0309753417969,2644594,,
2023-08-17,465.98223438751535,471.0515090885086,461.59537234830236,465.6897888183594,2863803,,
2023-08-18,463.93502443232626,465.98223265976424,460.62051240949495,462.13153076171875,4023514,,
2023-08-21,462.13153108659253,471.19773045724486,462.13153108659253,469.7354431152344,2359743,,
2023-08-22,471.3439296386067,472.659994130576,467.49322793067995,468.27313232421875,1579326,,
2023-08-23,469.0530177057264,472.61124419116993,465.59228299049596,468.6143493652344,2883112,,
2023-08-24,470.5640640097977,478.41166060249043,469.8816513711674,471.3926696777344,2603113,,
2023-08-25,469.345524759825,470.856543174234,461.205452276626,463.3013916015625,1992979,,
2023-08-28,466.0309671745206,473.73237102850896,464.51994881093736,470.2716064453125,3252263,,
2023-08-29,471.8314038481307,485.28443610731154,470.85654557571723,481.5799865722656,5917819,,
2023-08-30,483.5296803212667,490.304956895248,483.1397429807475,487.47784423828125,4657793,,
2023-08-31,489.28132544691937,494.5455537856471,483.5296680073777,491.426025390625,4875243,,
2023-09-01,491.23103346197246,496.69024524792945,487.7215380459779,490.5973815917969,3044080,,
2023-09-04,491.81598400092736,504.0017120485222,491.32855487902356,500.97967529296875,4584709,,
2023-09-05,502.7343908220257,512.5804349432641,501.2721035069533,508.1935729980469,5519389,,
2023-09-06,507.12125777936967,509.36341978451645,500.88214137314714,505.951416015625,2130114,,
2023-09-07,504.001705189443,519.1120077628209,501.61329062449386,517.406005859375,6661946,,
2023-09-08,518.6245958116319,530.7615930836648,518.0397046542002,526.4234619140625,8016696,,
2023-09-11,528.3243938408491,530.6640177339038,523.498834029282,527.2520141601562,2695210,,
2023-09-12,526.4234119920758,528.2268758069855,508.9246959340669,511.3131103515625,2701774,,
2023-09-13,510.82572097634096,517.1622995762383,507.0237500161524,515.7000122070312,1914101,,
2023-09-14,517.7471631416914,529.7866975404887,517.7471631416914,523.8400268554688,3661252,,
2023-09-15,524.9124682704235,525.3023758935637,514.7739180587109,519.0145874023438,2341930,,
2023-09-18,517.8934297282932,521.8903246327703,514.8226025329488,516.0899658203125,1494139,,
2023-09-20,512.7266883484638,518.6245686291785,506.5363030037378,509.2171630859375,2135243,,
2023-09-21,508.33985961039207,512.7267218497174,499.66359715903104,503.9042663574219,3361352,,
2023-09-22,504.44038445622203,509.85083553355696,501.85698644151057,503.56298828125,1854379,,
2023-09-25,504.1479491484397,514.4814224161413,500.49223084609855,508.97344970703125,2789922,,
2023-09-26,509.80208689019685,512.4829468313436,506.0488472722193,507.21868896484375,1858145,,
2023-09-27,505.46402625839266,518.2346461302434,503.66056221182043,515.4075927734375,2184496,,
2023-09-28,515.8462572761041,516.4798794265455,504.3428825377134,507.02374267578125,2701673,,
2023-09-29,507.94985705076743,520.5742827363523,507.94985705076743,517.55224609375,3622321,,
2023-10-03,517.4547598425515,527.3008641084912,513.945293857057,525.2048950195312,2831594,,
2023-10-04,521.5491773285188,524.2787685994584,502.7831555274459,512.53173828125,4940218,,
2023-10-05,513.7502840750558,519.4044498744288,510.776978391824,511.8005676269531,2455475,,
2023-10-06,512.044286666783,536.659457039627,512.044286666783,534.9047241210938,7397196,,
2023-10-09,533.2961466766333,533.6861137424526,523.0601359553904,527.2520141601562,3107088,,
2023-10-10,530.7615521677902,550.5511614770214,529.3967269048273,547.6265869140625,11366176,,
2023-10-11,548.4552122075783,554.6943286321614,546.5542862741007,551.0873413085938,4106418,,
2023-10-12,551.0873330968922,554.6943203667125,548.5527255562743,552.7933349609375,1860355,,
2023-10-13,547.5291430503117,562.2494783717144,547.5291430503117,554.1094360351562,6226867,,
2023-10-16,551.7697208354509,557.5214078034185,549.4300374415542,552.842041015625,2132190,,
2023-10-17,555.6691299549966,557.1801481451015,551.0872848780512,552.8908081054688,1670432,,
2023-10-18,551.3310824446205,555.6692136442492,547.4803803797674,553.0858154296875,2695513,,
2023-10-19,550.892357516824,551.6722916950149,541.4850113737905,546.01806640625,2068643,,
2023-10-20,544.653289743269,550.7948845200942,534.3197570943769,538.3167114257812,3274784,,
2023-10-23,538.2192201448778,541.6800145593711,517.893449277032,519.5507202148438,2355807,,
2023-10-25,521.5491444947247,526.959595682349,512.0442769081386,516.8211059570312,1695789,,
2023-10-26,514.8714135496394,514.8714135496394,500.5897162478675,509.16845703125,4361390,,
2023-10-27,512.7754527917023,524.7661976773904,511.45941792033943,522.6702880859375,4062846,,
2023-10-30,523.4989037449903,543.9221968992268,517.8934685559145,540.5101928710938,8141820,,
2023-10-31,544.9457187872601,556.2053187869443,543.6784150622976,549.3325805664062,10712514,,
2023-11-01,550.7948872529794,572.0467842769519,550.7948872529794,560.397216796875,11265190,,
2023-11-02,564.4429868929146,567.367561954536,555.9129762965191,563.3706665039062,3649740,,
2023-11-03,564.44286572388,584.9636177676036,563.8091841296417,580.8692016601562,7692738,,
2023-11-06,582.6240618263901,585.1099384847299,575.5563394542834,577.1160888671875,2917487,,
2023-11-07,577.4572270154505,581.8928793955741,571.7543303847517,577.5547485351562,2662819,,
2023-11-08,579.0657753902245,586.2797499276583,576.1412007670415,580.9180297851562,4003266,,
2023-11-09,582.8678206790768,590.3741822372392,581.941693363271,585.597412109375,5403880,,
2023-11-10,583.8426650026538,592.6163897827868,580.1381558283166,590.8128662109375,3378490,,
2023-11-13,596.0283957366813,596.0283957366813,589.1555970368127,593.1038208007812,1898672,,
2023-11-15,598.6604236018852,608.7502421236446,596.6619761026056,606.4592895507812,3886884,,
2023-11-16,606.3131072797954,617.3777247409955,604.6558363361048,614.4044189453125,3206517,,
2023-11-17,610.2125851224863,616.110466133927,609.3839198394911,615.2818603515625,2412089,,
2023-11-20,616.1103784618263,618.3038093978059,607.8728148243563,610.5049438476562,3290059,,
2023-11-21,611.3335963583878,625.0791336442156,611.3335963583878,618.4988403320312,6052465,,
2023-11-22,617.9139103365852,619.5224503336116,607.8241507207031,616.6466064453125,2762713,,
2023-11-23,618.0600979671067,623.9092471592245,617.0852397684205,620.1560668945312,2516687,,
2023-11-24,621.1797118206979,624.9816234362193,612.552180288091,613.5270385742188,3963603,,
2023-11-28,609.286406744125,615.915430949376,603.6809718020791,613.3320922851562,4535901,,
2023-11-29,616.9878313570282,625.6153033647681,613.2833222796486,621.618408203125,5851523,,
2023-11-30,621.6183647752086,621.9108103396687,607.5316516642501,610.114990234375,14874927,,
2023-12-01,616.0129636413624,618.352587785295,609.8225779362529,613.4295654296875,3438389,,
2023-12-04,622.9344000627226,635.6075568715104,616.8902672230222,632.9266967773438,4588495,,
2023-12-05,636.485021994828,637.8010569287813,623.8118638135912,633.75537109375,3417071,,
2023-12-06,634.5839749516788,643.9913211446102,633.7553097581115,636.53369140625,3264809,,
2023-12-07,636.6798304004411,638.0933866101516,631.0256650622186,632.29296875,1051759,,
2023-12-08,634.6327451206156,647.2084408287867,625.3228603757306,633.5604248046875,3937417,,
2023-12-11,637.9960202181445,656.6645207837773,636.874909383642,650.3279418945312,5641806,,
2023-12-12,650.3279020784179,660.3689894578865,643.0164653461588,645.9410400390625,3998781,,
2023-12-13,650.0354534074471,658.0293027633638,647.5008458192749,656.8107299804688,3426758,,
2023-12-14,664.5608060482178,684.3016833864882,663.9271244568653,681.9132690429688,7464762,,
2023-12-15,682.4007075335973,691.174430916172,677.5264167655001,687.5674438476562,4137143,,
2023-12-18,684.7891968264112,688.1036792109516,676.015472483986,679.5736694335938,1906529,,
2023-12-19,681.4258830512,684.4479196765,674.5531446287051,680.499755859375,1475227,,
2023-12-20,686.3001955547136,686.3001955547136,654.8122865508368,658.3704833984375,3091436,,
2023-12-21,662.9036137849777,677.4290255931636,653.3500147805546,675.4793090820312,5888251,,
2023-12-22,678.5013342995067,700.6306282234805,676.9903159292807,697.9497680664062,5899551,,
2023-12-26,701.4591645056145,704.0425623833761,693.7578208805668,696.8773193359375,2419374,,
2023-12-27,700.9230525829151,706.236041724454,693.5141539914673,702.3366088867188,2233097,,
2023-12-28,703.7502120195488,711.5490782139724,697.1211281537871,710.3305053710938,5426028,,
2023-12-29,707.5520733023964,711.6464896635991,703.6526404823218,708.1370239257812,1995191,,
2024-01-01,708.9169350870917,712.6213845567554,703.311500119648,705.4074096679688,1400824,,
2024-01-02,707.5520946571638,707.5520946571638,686.7388951520979,695.9025268554688,2394602,,
2024-01-03,697.2673815223778,702.7265640646999,688.9323551673249,697.6573486328125,1829817,,
2024-01-04,699.9482090983904,745.5228313481811,699.4607799834193,742.257080078125,13312567,,
2024-01-05,740.8922700124908,750.6408525126551,729.0477184745408,734.01953125,5929704,,
2024-01-08,741.3796806381417,754.0041065609673,732.4109730616581,740.2098388671875,4448637,,
2024-01-09,752.590565553816,773.0625887100726,743.3294122212237,769.748046875,9348457,,
2024-01-10,770.5767063378329,780.6664653036405,758.0010112639458,776.035888671875,5169408,,
2024-01-11,777.4494268114285,784.6634014059156,774.3785996325508,777.4006958007812,5304485,,
2024-01-12,779.8866303690905,791.0000386521012,776.2309117892354,780.4227905273438,4158326,,
2024-01-15,781.8363369692219,795.2406382576593,778.4243330048923,785.15087890625,4959825,,
2024-01-16,784.1759474103094,786.0768732695828,757.6110618827432,767.067138671875,3800255,,
2024-01-17,760.3894016263708,770.1379836985038,751.6644087716872,755.8075561523438,6183356,,
2024-01-18,756.4899564918398,760.9742803718261,743.5730854563799,755.9537963867188,8727583,,
2024-01-19,761.0718271379902,768.1882802708312,758.1472524669084,765.7998657226562,3519988,,
2024-01-23,770.1379685158319,771.9902228732706,715.4971789788519,720.712646484375,19908675,,
2024-01-24,721.3463640615322,730.1688192025056,713.8886747514035,728.6090698242188,6963379,,
2024-01-25,756.4899372648881,756.4899372648881,730.461212317119,739.576171875,9110800,,
2024-01-29,741.8671686924755,752.2981644362405,736.2617334493983,748.0574951171875,5504653,,
2024-01-30,751.1282082238064,778.6192200874752,747.7162046822317,767.1159057617188,10661351,,
2024-01-31,767.1159767677406,786.4181581180366,762.8265766896191,782.4212036132812,7997614,,
2024-02-01,782.3724482710118,788.4165811019957,771.1615788024826,779.935302734375,5565773,,
2024-02-02,781.0564426549337,788.0754339627405,763.5089941357293,771.5515747070312,3474878,,
2024-02-05,765.1662139772972,785.7356979012627,763.5089431610039,766.8234252929688,3023829,,
2024-02-06,774.0374104528076,781.8362760493095,764.4838119972173,777.3031616210938,3996095,,
2024-02-07,785.7357626620932,817.2236727644314,785.7357626620932,806.646484375,10550511,,
2024-02-08,807.9624900263925,819.7583103229434,802.4545767211147,809.9609375,3355261,,
2024-02-09,809.9609585190124,815.9563605960436,789.6351876735906,813.4217529296875,4351187,,
2024-02-12,812.0568936701945,816.5412176621215,783.1523237747216,787.2954711914062,2814982,,
2024-02-13,789.635174090213,811.0333243499432,778.9604644662759,808.4986572265625,3526880,,
2024-02-14,798.4089152270275,826.1436446341233,795.6793239981715,822.5853881835938,2710385,,
2024-02-15,826.6797819366052,836.3796332592174,821.3180616528183,829.9943237304688,3505476,,
2024-02-16,835.4534978631332,847.4442421167033,827.4596485272118,841.5950927734375,3451534,,
2024-02-19,842.5699963107792,844.9096799741634,824.0964200746631,827.2647094726562,2390450,,
2024-02-20,830.5792770990363,847.639297461986,824.9251108217273,842.1801147460938,4100739,,
2024-02-21,843.2523504574971,874.2040985812259,842.1800302282627,864.552978515625,8801547,,
2024-02-22,871.5232626545426,872.498120890174,856.7541365844758,869.8172607421875,3784762,,
2024-02-23,875.4226626029504,882.2466699951782,869.9146899789746,876.6412353515625,3438995,,
2024-02-26,875.4227554793399,887.3647696827051,865.3817268656157,880.1995849609375,4080998,,
2024-02-27,882.2467600549822,895.1149014940314,880.1995814285867,893.3601684570312,3614155,,
2024-02-28,891.2154405828197,896.8208756243046,871.1333245599064,876.3975830078125,3541248,,
2024-02-29,875.4227389546314,889.022023915355,859.4838298128911,878.5422973632812,19571487,,
2024-03-01,879.322094967454,893.9449679436311,878.542220308849,887.0234985351562,2562306,,
2024-03-04,901.9388840178468,918.219029039855,900.4278655982765,908.3729248046875,3951444,,
2024-03-05,906.6181906312524,915.7818821647652,902.7187575532685,908.6166381835938,2846188,,
2024-03-06,907.544289455758,910.4201331608017,885.2687429952496,899.501708984375,3258284,,
2024-03-07,902.3287852382318,905.6433271356419,894.0912805090277,897.1620483398438,2108204,,
2024-03-11,904.6684756515775,909.8352125886863,884.3914355112365,888.339599609375,4511073,,
2024-03-12,887.9983883066552,892.2877288318026,839.3529386760512,842.66748046875,8341087,,
2024-03-13,838.3780581358467,851.2949293803816,800.0174114853453,809.278564453125,8639565,,
2024-03-14,805.23289066238,822.7803386429161,796.459166672112,819.5145874023438,5915623,,
2024-03-15,815.5663579146643,827.4109090133074,788.9527405764228,802.99072265625,6129505,,
2024-03-18,805.2816535768577,818.5397616100062,795.7280545313084,815.2252197265625,2709444,,
2024-03-19,809.1323322741943,820.635647507606,798.8963208418098,802.3570556640625,4696393,,
2024-03-20,806.2077933901428,813.4217684250817,785.053356923432,805.1842041015625,3281967,,
2024-03-21,818.0035263081039,837.7444056904113,813.1292351025959,836.1359252929688,3484101,,
2024-03-22,839.4016626510422,848.0291936417922,834.088673425206,844.1297607421875,2786894,,
2024-03-26,843.154927982605,854.4145289201562,836.5746347657813,851.4412231445312,2686188,,
2024-03-27,856.8516525431477,866.3565202788203,853.5371107632787,858.3626708984375,3049873,,
2024-03-28,864.504249292784,884.1963970477765,860.5073544294215,874.4478149414062,4055477,,
2024-04-01,881.2718257728052,943.2727844052442,878.3472511297538,924.4093017578125,8494956,,
2024-04-02,924.4093154726035,924.6530300298068,906.8618673539567,911.34619140625,3144624,,
2024-04-03,910.5175696300448,910.5175696300448,878.7859467427412,881.8079833984375,6683506,,
2024-04-04,889.1194242475991,891.7028223209602,861.82339419208,865.8690795898438,5670088,,
2024-04-05,867.5263759764464,886.9260193504688,861.3847214327952,883.0753173828125,4129880,,
2024-04-08,885.1712773107813,905.0096185912302,881.3205753827075,895.16357421875,4636924,,
2024-04-09,898.770586162747,907.2518649386083,881.2231374543277,887.7546997070312,2977374,,
2024-04-10,888.3883805485161,898.7219145040852,886.3412018642492,888.2421875,1853706,,
2024-04-12,888.242100639389,897.6007158531937,883.0265734051402,885.7561645507812,2340026,,
2024-04-15,870.0609482587394,876.2025430522059,844.8608874511584,862.74951171875,3602490,,
2024-04-16,853.0009243104093,861.2384879938744,846.4693624755652,853.5858154296875,3398331,,
2024-04-18,858.8501303659051,863.7244216846674,829.7993660062075,834.5274047851562,3948733,,
2024-04-19,819.8558145855224,837.6957092334528,813.0318066163206,834.1375122070312,4474855,,
2024-04-22,838.3780769259532,846.9568174408846,832.8213731206214,843.3986206054688,2662369,,
2024-04-23,851.0512120985642,875.9100963007559,849.5889247925529,862.9932250976562,5126456,,
2024-04-24,867.4288402891895,875.6176732132764,863.236961804493,871.0358276367188,4102872,,
2024-04-25,871.0358625251715,874.4478664634346,860.5561361433633,871.3283081054688,2376516,,
2024-04-26,873.4729659966961,888.6807304437104,871.2795349994946,885.1712646484375,4053816,,
2024-04-29,890.0456109859701,891.9953275489187,854.8044603104258,863.8218994140625,3109393,,
2024-04-30,866.4540013642514,884.6838625533549,859.7275151344692,869.4273071289062,4508015,,
2024-05-02,865.8690411664285,878.3472138808153,859.8249085936505,873.91162109375,3099475,,
2024-05-03,881.1743510461214,881.1743510461214,841.1076433136587,856.1204833984375,5271160,,
2024-05-06,860.31242865987,879.3221650438558,854.1708334205538,864.7967529296875,5317254,,
2024-05-07,863.5293892878894,872.4980967072393,819.6120388900687,834.3811645507812,5793580,,
2024-05-08,834.478654233871,842.9599328300645,825.2175009450605,831.066650390625,5424719,,
2024-05-09,840.3278047983594,849.0527979664024,813.1292360400186,815.85888671875,3748279,,
2024-05-10,821.8055128749189,823.1703382386627,796.849165228434,805.086669921875,4811461,,
2024-05-13,810.8870768084256,820.8793738260532,790.2200701011097,817.662353515625,3983559,,
2024-05-14,822.7803944061957,830.4817986754148,809.4248239712776,817.954833984375,5869025,,
2024-05-15,817.906119261206,826.6798440208613,792.1698361659652,804.8917846679688,5237735,,
2024-05-16,811.0820474970291,825.0712392996428,805.5740746963488,820.3432006835938,3843468,,
2024-05-17,825.21751861797,837.8906760214355,819.7583361521122,827.4109497070312,4170491,,
2024-05-21,830.5792485916493,835.4535399566238,824.5351153989556,830.530517578125,3184740,,
2024-05-22,836.818350480507,838.9142600298547,817.223663840857,826.0949096679688,4576451,,
2024-05-23,829.6043640659755,829.6043640659755,813.226757498053,825.753662109375,2828079,,
2024-05-24,829.5556175629724,832.772637801854,815.7613498939535,819.0271606445312,3335343,,
2024-05-27,819.0758921828353,827.0209510126966,813.8116339699142,821.3180541992188,3490864,,
2024-05-28,823.7552460461128,824.0964226436324,797.434072503811,799.3837890625,3216721,,
2024-05-29,798.1651995815329,805.1354599338541,791.7798898850059,797.7265014648438,4517186,,
2024-05-30,795.4842935967229,800.3098536013864,779.4965952683044,781.885009765625,4203818,,
2024-05-31,788.2703899277759,802.9420548008566,785.1021004835313,795.1431884765625,12210410,,
2024-06-03,834.3812235260403,851.05127627131,814.0066617257089,847.298095703125,9999975,,
2024-06-04,857.87531741481,857.87531741481,669.7763935883346,743.81689453125,12437434,,
2024-06-05,757.4648511330242,778.9117323748859,728.219103985031,776.035888671875,7296308,,
2024-06-06,779.0092328656947,814.9327964200822,778.9117708373053,808.3037719726562,5439648,,
2024-06-07,808.3036806053119,827.4108770587923,801.6258663978963,822.244140625,4266992,,
2024-06-10,824.6813145758927,835.2097713428267,816.9311799069609,826.289794921875,3204208,,
2024-06-11,832.4801902411435,847.7366857089137,827.8983446994674,834.4786376953125,3639409,,
2024-06-12,835.453539165864,844.1298015875573,828.8732458293767,838.1343994140625,3293555,,
2024-06-13,842.0825321846044,858.3139456109376,836.6233498643697,852.0748291015625,4081481,,
2024-06-14,855.3406547089934,861.4335187882954,849.9789343192075,856.5104370117188,3033968,,
2024-06-18,858.8500832635391,865.5766287147741,850.8562340390546,856.7053833007812,2186628,,
2024-06-19,859.1912887062143,860.3611304979917,829.214397732624,838.18310546875,4384765,,
2024-06-20,840.0841069687701,854.6095188674652,835.4535302259774,852.5135498046875,1952972,,
2024-06-21,853.0010176566349,857.5828635944592,832.5289932328757,834.576171875,2496508,,
2024-06-24,828.1420965156476,828.1420965156476,812.5443642681486,819.3196411132812,4054032,,
2024-06-25,819.8557785151816,822.2929241112433,793.8270516491168,803.9168701171875,6394175,,
2024-06-26,804.6967761535566,814.981519069439,801.4309652272441,804.9404907226562,4869959,,
2024-06-27,805.7203217813792,810.0584527763946,791.3898939947616,796.2154541015625,6534966,,
2024-06-28,796.4591313478043,809.034825643018,792.5596986361871,804.0142822265625,3751351,,
2024-07-01,805.2329013941364,810.8383362404031,798.9450538838514,804.6480102539062,1970264,,
2024-07-02,806.2077361323263,819.8557510124382,797.3852812706642,809.5222778320312,3484392,,
2024-07-03,812.0569563241824,821.3181100877835,807.3776484279622,820.0020751953125,1939722,,
2024-07-04,820.830655166496,825.7049464679596,812.690612493302,817.51611328125,1817264,,
2024-07-05,818.8321987623955,820.1482335992832,809.1810782897999,811.8619384765625,2792876,,
2024-07-08,811.8619740656594,818.6372510984246,807.2313971764454,814.6890869140625,1202880,,
2024-07-09,815.0302615014218,819.6608383791892,810.4972061530369,817.4674072265625,1237622,,
2024-07-10,823.7551906690254,831.5540563795014,802.2108479440849,815.6638793945312,4948598,,
2024-07-11,815.9562860047441,821.7079729918837,809.424724383913,811.0332641601562,1293318,,
2024-07-12,816.8337307749033,816.8337307749033,798.9450466403662,801.041015625,2543048,,
2024-07-15,806.2077701790851,814.6890488271642,798.067727617793,812.349365234375,1494904,,
2024-07-16,812.3494010990064,830.2868174339798,810.2047009610335,822.5366821289062,3157792,,
2024-07-18,820.8306022708343,825.6561622484418,805.9152837496479,823.65771484375,4433926,,
2024-07-19,826.6798266553767,826.6798266553767,787.6854952093684,795.8743286132812,4601334,,
2024-07-22,794.558221580067,812.9343356818929,785.1996059822319,810.984619140625,3125767,,
2024-07-23,815.9075870166936,817.954765448053,758.6346674419299,789.00146484375,11426098,,
2024-07-24,779.8866149474303,808.5474718469991,776.9620401413774,798.7988891601562,6572592,,
2024-07-25,797.9701743589874,801.820876181198,782.3724430290188,791.2924194335938,3694096,,
2024-07-26,796.8979513144402,822.4392513822279,793.875854800331,808.8399658203125,5503367,,
2024-07-29,812.9830211613328,853.9757972454203,809.6197484158922,848.1266479492188,8358895,,
2024-07-30,852.6597653445673,863.1882222132971,848.1266508243942,857.7777709960938,4629527,,
2024-07-31,865.2780308555286,874.1018962290632,853.365848505657,871.7489013671875,4091190,,
2024-08-01,872.5822542819943,883.3669787731201,850.2774831753478,856.79736328125,6040354,,
2024-08-02,841.208513856668,849.297057259136,824.9824175446992,827.9237060546875,3305561,,
2024-08-05,816.452665661305,818.7076415418907,784.7357952905853,794.2949829101562,5834107,,
2024-08-06,812.3348362758027,827.776600635035,801.7952193321996,804.6384887695312,5035943,,
2024-08-07,836.3063525206909,836.3063525206909,817.2369870279064,829.1002197265625,2323809,,
2024-08-08,826.9923088443508,833.855315556752,814.2467249498912,816.3056030273438,2365759,,
2024-08-09,831.0120412057028,831.0120412057028,812.7760759824133,814.638916015625,1309164,,
2024-08-12,810.8152121129634,824.3451275053603,806.3542697701976,819.099853515625,1697136,,
2024-08-13,820.619451095303,821.1096658211665,794.1968654031338,797.9224853515625,1433125,,
2024-08-14,801.7951959495524,807.8248610312008,793.3635265768282,805.5698852539062,2076958,,
2024-08-16,819.1488758942471,856.8954129641794,814.1487092056668,849.9343872070312,8826463,,
2024-08-19,851.9932506738468,855.5718423488479,838.5613543164935,840.4241943359375,1552098,,
2024-08-20,848.0715029320942,854.9345093142036,843.1693555163017,850.37548828125,1686482,,
2024-08-21,851.7480906432547,854.1011452759741,836.6004435667036,843.7085571289062,1781137,,
2024-08-22,845.6204167694278,849.5421346443005,837.335775790626,842.4340209960938,1597012,,
2024-08-23,842.4340657576033,853.5619168825505,831.1591262682667,832.8748779296875,2524444,,
2024-08-26,840.963393484986,840.963393484986,824.5411995579984,832.1885375976562,1382673,,
2024-08-27,832.1885633118304,843.6105911383095,826.894279816477,829.7864990234375,3312432,,
2024-08-28,831.4041731978151,832.8748173721036,817.6781609044549,820.7174682617188,2135655,,
2024-08-29,820.717509250085,821.894036616407,802.4815445144297,815.6193237304688,4348398,,
2024-08-30,817.7272397532511,832.9238975095984,817.7272397532511,828.5609741210938,4433064,,
2024-09-02,833.3651047135186,837.237813344733,826.8452243697861,831.6493530273438,1639881,,
2024-09-03,833.3650786724177,842.4340515873822,829.590449017051,831.0120239257812,2402444,,
2024-09-04,824.247082266194,835.1788351494986,818.9037295901691,833.7081909179688,1426084,,
2024-09-05,836.306378926022,837.2868084441064,823.7078835549046,825.1785278320312,942254,,
2024-09-06,823.5608191251536,824.5412486717311,793.7067274637326,798.3147583007812,3788122,,
2024-09-09,797.6284473834485,816.0115014217278,796.1578030603861,810.5701293945312,2517054,,
2024-09-10,814.0506395773874,819.6390999543008,804.8346377550308,813.5604248046875,2172160,,
2024-09-11,813.7564783188903,819.0508215116897,804.1972907723732,807.8739013671875,1543757,,
2024-09-12,813.7564578318567,820.6684736079579,811.1092863021019,819.541015625,1310892,,
2024-09-13,823.5608007281248,849.4931736239479,819.6880921375194,846.6989135742188,4679178,,
2024-09-16,851.993259158495,863.5623156116156,841.6987491226329,845.228271484375,3120053,,
2024-09-17,845.1302644906476,849.0029731464128,837.2868281612681,844.0027465820312,1262957,,
2024-09-18,840.3261306596041,846.7479919875162,832.3846753609793,843.855712890625,1326773,,
2024-09-19,851.0128158019612,857.7778033661474,816.9918997919749,832.6787719726562,3526011,,
2024-09-20,837.2868139160717,863.7584110773525,836.4534727565213,860.4249267578125,4012769,,
2024-09-23,866.4055598298532,901.0147091602585,863.0720755985428,891.8477172851562,6822019,,
2024-09-24,893.1223072554213,907.7797409421404,892.3869850956262,899.0538940429688,5638566,,
2024-09-25,897.0929859042216,904.9364218465536,884.9847056045135,902.3873291015625,2956612,,
2024-09-26,902.877562562802,910.6229198120002,887.975021995338,905.9168701171875,4276089,,
2024-09-27,905.9169071157825,910.8190548815605,887.288745605826,896.16162109375,4444599,,
2024-09-30,892.1418140089978,899.9362403144296,875.5725319217443,877.6314697265625,4693690,,
2024-10-01,879.2491400924002,898.1714169676751,877.7784958817728,895.867431640625,1899090,,
2024-10-03,871.1116203431801,890.2299958037225,841.992851904374,847.9244384765625,5533806,,
2024-10-04,847.0910437795865,849.1009121815325,816.0114182838923,828.3157958984375,6178623,,
2024-10-07,831.8454187484209,837.0416831147038,799.7363527197164,809.4916381835938,4635422,,
2024-10-08,807.1385966709682,826.649167918201,806.8934892926898,823.560791015625,2801195,,
2024-10-09,827.9727653320605,841.9928961043032,823.7079206724801,835.2769775390625,3340138,,
2024-10-10,843.1694036883584,861.5034480390184,837.7770412229097,843.9537353515625,4443507,,
2024-10-11,845.1302549101003,845.1302549101003,825.2765569264234,830.0316162109375,2156169,,
2024-10-14,833.3650698689481,847.8754144114739,827.2863950382412,846.0126342773438,2214137,,
2024-10-15,848.0715163720556,860.0817777310818,840.2770898892887,858.3170166015625,2052716,,
2024-10-16,861.7975279502729,870.5233744107235,848.6107392461539,867.4349975585938,3343590,,
2024-10-17,870.6213761705139,870.7193951820144,836.1102465884144,844.1497802734375,4342357,,
2024-10-18,844.0517680150233,863.1210736357316,830.1786668587375,858.0228881835938,2492488,,
2024-10-21,857.9248545345242,867.0919066114876,840.3261323741467,843.9047241210938,1786182,,
2024-10-22,841.2085243606751,842.1889538762471,796.1087666443686,799.1971435546875,4910152,,
2024-10-23,799.5893217789462,802.6776988527336,781.2552768991934,789.5889282226562,6343961,,
2024-10-24,793.6576411458889,801.9912914852837,782.3827024514137,785.7161865234375,2654323,,
2024-10-25,789.2457264393299,791.9419074923836,751.5972107076967,761.793701171875,3787373,,
2024-10-28,778.4610342940579,823.1685962064165,772.0882424516002,806.7954711914062,12404776,,
2024-10-29,804.001159174384,821.501860775867,799.0500024158908,816.1585083007812,3086644,,
2024-10-30,813.7564508264487,825.9628095569785,806.8934446146594,810.2269287109375,2654524,,
2024-10-31,812.6779880294129,813.3642407659601,798.363682278519,803.8050537109375,2475258,,
2024-11-01,807.8738915496965,812.1878051981217,802.9717441495163,807.6287841796875,276864,,
2024-11-04,808.1190134898586,808.8543356131433,772.6274537045181,774.4412841796875,3511025,,
2024-11-05,774.9314912434442,784.7847956296088,758.411218466415,783.4121704101562,3602796,,
2024-11-06,791.2065824815838,814.7368897672816,788.1182057140697,811.99169921875,2936349,,
2024-11-07,809.785798397058,812.7760965549705,785.8632934524167,787.6771240234375,3183930,,
2024-11-08,788.4614442566944,792.5792602730901,767.6763261401926,770.6176147460938,2045558,,
2024-11-11,769.6371567900924,776.0099485342142,756.6954754338961,762.283935546875,2034527,,
2024-11-12,765.715429889089,773.0686510467947,747.1852886354038,749.8814697265625,2258658,,
2024-11-13,747.0873018416221,754.4405233164412,729.3905607936913,733.9005126953125,4136515,,
2024-11-14,737.3320220894346,755.9111738027863,736.3025830426621,747.7736206054688,1985408,,
2024-11-18,764.6859672567459,764.6859672567459,741.3026887936784,744.7341918945312,2762739,,
2024-11-19,748.1167038622974,761.9898049612672,743.9498785660792,748.2147827148438,1919376,,
2024-11-21,751.9403994220908,766.1566268398916,730.0768340511233,758.8034057617188,4250528,,
2024-11-22,765.2742729124234,793.0694865458167,760.7153114115416,787.6771240234375,5603939,,
2024-11-25,805.9130756463051,822.5313681888974,799.393195319468,807.1876220703125,7824936,,
2024-11-26,809.834769302816,817.4330979494223,803.9521922860886,811.1583251953125,1954044,,
2024-11-27,809.3935435471454,812.7760372141797,802.040322462578,807.5797729492188,2279120,,
2024-11-28,807.57975135547,810.2269228432652,793.1184169425002,797.9224853515625,3511735,,
2024-11-29,798.2657241540942,812.4329426330203,791.4027175398695,806.844482421875,2517628,,
2024-12-02,811.7956274645703,836.1102671403031,806.1581578293997,832.482666015625,4392800,,
2024-12-03,843.169348540608,845.1302074907024,825.9138137160434,830.374755859375,3983809,,
2024-12-04,836.3063203254806,836.3063203254806,824.4921574285231,831.3551635742188,1677057,,
2024-12-05,837.2867790206465,837.2867790206465,827.8746799140581,833.6101684570312,1991220,,
2024-12-06,836.2083449975103,841.6007072508071,826.502069005309,840.0809936523438,2604765,,
2024-12-09,840.0810405523575,856.3071975656854,838.4633676904577,845.8165893554688,3507045,,
2024-12-10,848.0715449527006,853.954122143124,843.8557099343644,851.405029296875,2333620,,
2024-12-11,846.1106687431978,865.3761325876967,846.1106687431978,858.6111450195312,3124962,,
2024-12-12,860.6209784105409,862.2387109753387,844.6889994931868,850.13037109375,1752393,,
2024-12-13,845.6204444405196,855.8659446920194,829.5413766911227,853.8070068359375,2141188,,
2024-12-16,853.8069735501075,879.0530322115005,853.8069735501075,875.817626953125,5928710,,
2024-12-17,867.6801107244669,877.2883078920393,853.9050881664098,855.375732421875,3979629,,
2024-12-18,862.777985208824,864.1015411362288,849.9343823198241,854.3953247070312,3550474,,
2024-12-19,843.169362668431,854.5913901803807,836.3063562281066,847.4832763671875,2850728,,
2024-12-20,846.2086904394109,852.6795611426529,808.3641350976096,814.4428100585938,2873364,,
2024-12-23,821.4038178948413,837.2867876617097,816.2565630526586,827.7276000976562,3024905,,
2024-12-24,828.855140255119,835.2279321359712,817.9723366772621,825.2275390625,2883051,,
2024-12-26,823.5608012976393,828.2178415430724,815.6193460785369,822.2862548828125,1616769,,
2024-12-27,824.1490052110278,830.276689522437,802.0893416899546,818.5115356445312,1052649,,
2024-12-30,815.7173299607202,823.4136774669915,801.0598972198552,804.6384887695312,4581041,,
2024-12-31,794.1479236430906,812.2368605386506,794.0499046258224,808.75634765625,1292892,,
2025-01-01,805.4718567025686,810.0798873947634,798.6578595999192,808.3641357421875,929268,,
2025-01-02,803.9522037899076,821.8450424718171,799.295163585027,819.0508422851562,2509773,,
2025-01-03,818.2664670216762,823.4137220870119,808.0210262403534,811.8446655273438,2125279,,
2025-01-06,812.7760687950341,817.6782163752213,785.8142571040046,790.0791015625,3125197,,
2025-01-07,793.1674288909932,801.5010792563497,788.7554963446279,794.9321899414062,2290843,,
2025-01-08,792.1870434815804,795.569537256659,779.1963524838936,786.8927001953125,2432853,,
2025-01-09,787.8731236450394,788.2653193819941,763.5584839705443,765.372314453125,2395731,,
2025-01-10,765.7154835105678,769.1469869577983,735.4692556333906,737.4301147460938,4994931,,
2025-01-13,728.4591243481419,733.3122623802369,693.2126715720464,696.8892822265625,6770170,,
2025-01-14,705.8112271723247,711.7918232384743,697.2324689721365,709.0956420898438,4474786,,
2025-01-15,715.7135668578763,727.4787213815674,705.7621830536527,720.4196166992188,5333750,,
2025-01-16,729.4395732572664,745.6166605674074,725.3217572465511,726.3511962890625,2401114,,
2025-01-17,720.9097790650934,738.8026169358351,720.9097790650934,734.3416748046875,2084685,,
2025-01-20,739.0967614584671,748.5579301570335,734.3907117831774,745.7146606445312,1627004,,
2025-01-21,747.087312446556,749.3912979384367,722.1843780954026,723.458984375,2287256,,
2025-01-22,727.1355639353727,730.3219598161751,687.0849828830404,699.83056640625,5828129,,
2025-01-23,699.8305544522957,710.2231428981031,693.1636459221678,701.0560913085938,2810434,,
2025-01-24,703.9483870390035,705.9092460558253,677.5748093264839,681.6436157226562,3432119,,
2025-01-27,682.8691265911931,717.3802559405324,682.8691265911931,690.1243286132812,17509736,,
2025-01-28,708.850489188274,727.2825507979275,696.3500137565306,712.527099609375,9561702,,
2025-01-29,715.7135561419428,733.9985907933439,710.8114084971351,730.8121948242188,3831233,,
2025-01-30,730.8121327320744,754.6855657976572,730.5179560258445,735.37109375,5414885,,
2025-01-31,737.233981692959,739.2438502194537,722.576548556681,730.468994140625,3386278,,
2025-02-01,734.3416450484614,752.38157054533,722.6255013602631,745.763671875,2992277,,
2025-02-03,741.9400514981312,742.5773546329109,720.370601702348,733.9985961914062,3009915,,
2025-02-04,739.9301648883439,751.4502116576728,737.8712270081479,747.2833862304688,2249829,,
2025-02-05,753.7541832672869,758.8524286058991,746.106845179702,748.4598999023438,1747014,,
2025-02-06,775.519755683627,777.9708295005789,746.0088508637921,749.09716796875,5368289,,
2025-02-07,751.4992178523538,756.254277029699,735.322130970992,742.6263427734375,4167198,,
2025-02-10,743.1655646325929,746.0578436398639,713.5075721126246,716.6449584960938,2070161,,
2025-02-11,714.7821146634229,716.1547398990305,689.0458403007889,695.2225341796875,3036850,,
2025-02-12,695.1244720510497,695.1244720510497,661.0055395517967,666.7410278320312,7283534,,
2025-02-13,668.6529015573312,682.3789141992705,658.0152656960947,667.329345703125,6643970,,
2025-02-14,671.5942060384829,680.9572957749734,647.1814876053425,660.1231689453125,3262328,,
2025-02-17,656.8877597171406,665.7116251461767,637.6222962608113,661.5447998046875,2808264,,
2025-02-18,661.5448174330435,661.9860226843856,647.7207851621143,658.9466552734375,2872673,,
2025-02-19,654.9268956007463,682.8691359070656,650.8580893040858,676.6434326171875,3466893,,
2025-02-20,676.4473987342656,684.7810501401822,669.8785085991145,681.300537109375,1903490,,
2025-02-21,680.4180920210041,693.6538906410092,667.182293400999,672.8197631835938,3053379,,
2025-02-24,666.6430653711313,667.6234948930124,655.1230184890294,660.515380859375,2459765,,
2025-02-25,659.3878086186132,661.7898727173497,642.2302934000152,643.946044921875,4142697,,
2025-02-27,647.0834146470308,653.3581868465398,627.4748263243935,629.827880859375,3207791,,
2025-02-28,618.7980847075191,628.5043005683663,612.8664385340023,623.1119384765625,5887750,,
2025-03-03,627.4258859764068,638.2596202506222,609.8271640489817,634.6320190429688,3527932,,
2025-03-04,623.5531429500693,637.0340481632194,617.4254587622738,630.7102661132812,2270848,,
2025-03-05,627.4748970011511,650.858117273442,626.8375938726166,648.4070434570312,2310187,,
2025-03-06,654.9268956975857,657.4759884212197,649.4365145202199,652.2797241210938,2348012,,
2025-03-07,658.8486213722146,666.0057447255351,648.750209530625,653.9954833984375,5371744,,
2025-03-10,653.7993959420471,657.8682023518768,630.4161760242276,634.4359130859375,2379990,,
2025-03-11,628.4552797268203,661.7408716430431,623.602141963605,660.907470703125,3958044,,
2025-03-12,665.6626226143185,669.6333501308554,646.250130435174,655.6132202148438,4082620,,
2025-03-13,657.819197305042,661.8389343940094,643.8480766685551,645.2206420898438,2911477,,
2025-03-17,648.848204139618,649.3384188692249,639.1909979026274,642.7205200195312,1805199,,
2025-03-18,642.7205200195312,642.7205200195312,642.7205200195312,642.7205200195312,0,,
2025-03-19,663.7507460849081,685.0260773884067,662.5742187618239,683.8985595703125,3398422,,
2025-03-20,684.3398205128589,692.6734716222561,675.5649641413006,680.7122192382812,4635864,,
2025-03-21,681.3005152784681,703.4581990761669,680.7122216466153,682.2809448242188,7145524,,
2025-03-24,696.1539550490213,700.0266635451709,677.8689807641819,692.1832275390625,6247058,,
2025-03-25,696.1539587190132,699.7325503519329,678.0650223664308,681.5946044921875,2989679,,
2025-03-26,681.937763083615,690.0263068894908,664.9763437982156,667.13330078125,5591317,,
2025-03-27,666.6920452353395,678.9964232197115,658.8486094090414,675.0256958007812,2634496,,
2025-03-28,679.5357004653807,681.3985405556863,664.8783264943097,667.1823120117188,2797361,,
2025-04-01,665.0743531894004,665.5645679584176,640.5636147385392,650.122802734375,3528179,,
2025-04-02,649.5345036465634,671.59416603456,645.1715806728047,669.7803955078125,3607433,,
2025-04-03,663.7997395158774,678.1630547293614,662.3290953578004,666.7410278320312,1979635,,
2025-04-04,664.731171944978,666.3979139902591,636.0536103234579,641.15185546875,2860941,,
2025-04-07,602.9641434886814,615.1705027518298,589.43422833463,596.150146484375,4377794,,
2025-04-08,608.8957105578219,620.5138356852028,599.287513717076,609.3859252929688,3688073,,
2025-04-09,607.8662961035299,612.1311405350856,595.1697219829111,600.856201171875,2405075,,
2025-04-11,612.768438226175,620.121659484889,605.9054317180419,611.3958129882812,2743770,,
2025-04-15,622.5727456105657,650.8091038370528,618.0627937518591,649.8286743164062,5255187,,
2025-04-16,649.8286616181759,652.6229216018178,639.2400349702381,643.4068603515625,2166202,,
2025-04-17,647.0834387209424,660.0251194634942,643.6519356368162,656.2994995117188,3423114,,
2025-04-21,676.4963338271651,676.4963338271651,653.9954655382588,662.6723022460938,3481313,,
2025-04-22,664.7311710552577,679.4376128927635,655.1229743562204,671.5941772460938,3717001,,
2025-04-23,676.4963699747508,682.2809280890634,666.0057621243999,674.2413940429688,3113518,,
2025-04-24,675.515963227148,676.0551875141298,664.9763455135169,667.1823120117188,1968312,,
2025-04-25,667.6725070399858,672.476635652459,636.2497527076329,640.7597045898438,4496994,,
2025-04-28,642.1813190874458,651.9856140353457,640.2204600978658,650.9071655273438,2545802,,
2025-04-29,654.1425545991789,657.770155607682,642.5244294708916,645.9559326171875,3145915,,
2025-04-30,645.9559294490941,671.4961648995102,642.867612536974,661.1035766601562,7339914,,
2025-05-02,662.7213742331238,678.9474715119538,658.8486654960765,671.8883666992188,3039236,,
2025-05-05,679.1434736710464,685.3201670713682,670.1235110061233,680.1729125976562,2634868,,
2025-05-06,680.1729321102326,684.9279910146653,658.8485915359659,663.8978271484375,3346141,,
2025-05-07,655.6132070006398,668.0646733981329,652.524830194099,665.9567260742188,2855850,,
2025-05-08,665.9567530898903,673.8001892690867,634.8281157537048,642.2303466796875,2824149,,
2025-05-09,632.3279701658631,638.2595562240833,605.8073661649306,619.3372802734375,9789600,,
2025-05-12,645.1226470297001,669.0451521020243,642.1813583654309,667.1823120117188,4980754,,
2025-05-13,663.7997748207555,671.4961822284314,661.7899063326195,664.5841064453125,2028681,,
2025-05-14,667.8195710761535,685.5163114032193,664.044881635104,675.2218017578125,4041177,,
2025-05-15,676.496352997635,698.01679242707,673.1138592645133,695.1735229492188,3545961,,
2025-05-16,697.085337103491,709.0465883299398,691.2517699233107,701.8894653320312,4044539,,
2025-05-19,704.9288325054374,724.5374231175497,699.2913627044551,723.2138671875,5036812,,
2025-05-20,754.9306872291286,767.5782512501426,728.3120033470561,738.7536010742188,22921338,,
2025-05-21,749.6363407638006,763.3623531961848,733.8024408979852,759.9799194335938,8436181,,
2025-05-22,757.4798011592216,764.146769573626,750.6658640661668,760.6171875,3524173,,
2025-05-23,760.8133130684563,763.7546016499065,755.077824270896,761.3035278320312,2652923,,
2025-05-26,764.7350208636184,775.0295307598594,759.8328732939799,762.5780639648438,3757056,,
2025-05-27,762.7741366428968,767.6762840506275,755.1758081609142,758.9014282226562,4213811,,
2025-05-28,758.901408945326,765.4212887682589,752.6757058319178,756.8915405273438,2474259,,
2025-05-29,764.7350362942914,783.804402693097,761.9898455680355,778.2159423828125,5339086,,
2025-05-30,779.3434375706578,787.0397852497258,774.5393090592132,782.2356567382812,6655557,,
2025-06-02,781.4023320443449,798.6578677617541,774.196198966151,794.834228515625,3575806,,
2025-06-03,798.0206269366961,800.7658176492084,785.3240525705735,788.8045654296875,3447783,,
2025-06-04,793.1675055645007,793.9518372359854,780.1278045239725,787.6771240234375,2205496,,
2025-06-05,791.2066654647391,814.0506625490563,789.4419042013536,809.5407104492188,5496684,,
2025-06-06,809.8347739068062,867.1408906386841,806.0601442358807,863.12109375,13717251,,
2025-06-09,869.1017419494561,869.4448683380731,857.4346069671315,861.4053344726562,3012214,,
2025-06-10,861.7975420270648,865.4251431937197,847.973509828427,851.0128173828125,2393636,,
2025-06-11,851.0128387106885,862.4838762697384,846.1106910222628,851.5520629882812,2499361,,
2025-06-12,852.8755971887497,852.8755971887497,829.05111382934,831.257080078125,2751252,,
2025-06-13,810.3250063455052,840.0320091290578,809.834791580626,834.5906372070312,3951233,,
2025-06-16,835.5710655274574,846.1106829571086,827.4825219186555,842.18896484375,2204028,,
2025-06-17,843.4144494753715,865.1799956235143,833.021921055417,834.7866821289062,5285974,,
2025-06-18,847.1891234521495,850.2775003733419,825.227538130419,828.266845703125,4708094,,
2025-06-19,828.4629351143768,833.3650826594323,817.5311221526358,823.4627685546875,4347684,,
2025-06-20,824.3941418208555,841.2085321039563,820.913628976671,837.5319213867188,4388235,,
2025-06-23,831.1101106890696,844.5910165017544,828.1198126405715,835.7671508789062,2520182,,
2025-06-24,846.1106764606478,851.6991366974092,830.9140188880638,832.8748779296875,3345722,,
2025-06-25,835.816173155961,838.8554807584421,828.6100400568079,837.6299438476562,2739707,,
2025-06-26,836.9927215415106,838.2672679925464,818.1194526422632,830.5218505859375,5014664,,
2025-06-27,833.561167124511,843.1203546836438,825.0314185651514,829.2472534179688,3690392,,
2025-06-30,832.3846307675327,834.6886161154871,819.7370665051162,821.40380859375,2198839,,
2025-07-01,828.462952141911,834.7377250648158,820.178310652358,826.9432983398438,3414388,,
2025-07-02,833.3650737168788,834.0023768271645,808.3641215053724,815.6193237304688,3762205,,
2025-07-03,815.6193593026353,822.3842872328622,811.7956601554899,813.46240234375,1521725,,
2025-07-04,813.7564612575695,823.5607559715162,809.8347433719908,819.6390380859375,1218416,,
2025-07-07,819.2468881613768,822.7764703601196,810.8152181722738,816.2075805664062,989754,,
2025-07-08,814.540819833347,827.8746969901553,806.697383802519,826.404052734375,2418815,,
2025-07-09,827.9727458337704,827.9727458337704,810.0799067438162,813.4133911132812,2367307,,
2025-07-10,817.6782484587072,820.9626635300367,809.3936067549902,815.2761840820312,2347785,,
2025-07-11,811.795635930037,815.9624613560063,795.3734416041576,799.1480712890625,1997098,,
2025-07-14,801.0109475764932,815.7173909224509,799.197176833427,810.7172241210938,3604322,,
2025-07-15,810.7171775172696,826.0118537815874,808.0700058990349,817.18798828125,2678446,,
2025-07-16,818.4135216114554,831.6003102979764,816.1585457392698,827.776611328125,2082060,,
2025-07-17,832.8749037239841,839.2476958066278,822.629402946061,830.4728393554688,3537631,,
2025-07-18,833.3651074322,835.8651907863626,822.0901677434115,828.6590576171875,1809369,,
2025-07-21,828.6590420288439,837.090711962101,824.2961186979911,835.9141845703125,1581419,,
2025-07-22,838.5613219319258,839.68883976973,822.6293428884604,828.953125,2580530,,
2025-07-23,829.5413415664857,832.3846109346842,812.0897091593097,825.4725952148438,3083239,,
2025-07-24,825.9628491092277,827.8256292658015,808.8543422653007,812.72705078125,1695817,,
2025-07-25,812.3838821941276,819.3939772489476,806.3052669988277,810.12890625,2916944,,
2025-07-28,808.8450231963828,810.2770563553954,775.2665973249824,777.4393310546875,3684452,,
2025-07-29,776.7479626985082,795.0185759342646,776.3528983009842,790.4262084960938,1706638,,
2025-07-30,789.9324465961496,792.6977769567202,776.3529360976461,779.0194702148438,1601532,,
2025-07-31,770.3285757690469,780.0070509473951,769.3903430121167,774.52587890625,2252239,,
2025-08-01,772.9457683107697,785.9326822954421,765.3905982936851,767.7608642578125,2572230,,
2025-08-04,770.3285806202191,786.1301925303775,764.4029761539098,783.0192260742188,1554859,,
2025-08-05,785.1425625542932,788.8954331875593,760.5512808233228,771.2667846679688,4368329,,
2025-08-06,771.2174279049302,772.0568644072667,745.7372810551744,755.020751953125,4917073,,
2025-08-07,750.3790609813068,753.7369277464126,736.9970824609721,750.23095703125,3898418,,
2025-08-08,749.7865118994505,759.0699229117396,733.9355316968355,737.935302734375,1923910,,
2025-08-11,737.9846645332489,758.9711805872222,732.9479247916419,755.4652099609375,2614700,,
2025-08-12,755.1195274454685,755.1195274454685,742.6757818084295,748.0088500976562,2771092,,
2025-08-13,749.0951738364008,757.6873124739814,744.2065380358492,748.2557373046875,1366582,,
2025-08-14,749.5889608024431,753.2430955919358,739.7129534137417,742.2313232421875,1437774,,
2025-08-18,756.5021447637331,768.2546173381182,749.6383077653607,759.3662109375,3501272,,
2025-08-19,760.4525881628126,768.3533942735951,755.5639523260926,766.4769287109375,1883917,,
2025-08-20,766.2299898059375,770.0322887216593,759.5143170067574,760.9463500976562,1715213,,
2025-08-21,761.9339817016099,774.1802551624055,760.9463809476221,763.6129150390625,1946556,,
2025-08-22,762.4277484370222,763.6128813451877,749.6876751613793,753.0949096679688,1302086,,
2025-08-25,754.9714216428418,766.2300342681475,754.5269892401028,762.4277954101562,1718841,,
2025-08-26,758.4773428207172,760.0574798402484,743.6633322187502,745.2434692382812,2452380,,
2025-08-28,745.1447815044056,747.8606836238716,734.1330087995874,740.1574096679688,2806487,,
2025-08-29,737.7377291915371,744.7496701099908,728.4048904412726,729.8862915039062,3054170,,
2025-09-01,730.3801001485283,740.7005397243605,727.8617303691383,739.0216064453125,1427328,,
2025-09-02,739.9104999059331,756.0083802047168,736.3057330280976,745.4410400390625,1726671,,
2025-09-03,748.5520210376784,756.3540310095295,745.5398507232812,754.9220581054688,1432401,,
2025-09-04,762.4277472060776,767.6620189071306,746.5273999054828,748.7000732421875,1949211,,
2025-09-05,756.6996732945955,761.341408670319,736.3550625758653,746.1817016601562,2128432,,
2025-09-08,748.1075439453125,755.2182811711587,745.6385421501135,748.1075439453125,1292430,,
2025-09-09,748.1075338561885,749.5889349133295,737.0957618867619,741.786865234375,1667910,,
2025-09-10,744.650936432082,752.9961744994936,740.7005335862884,744.9472045898438,2342062,,
2025-09-11,744.6509641109881,749.5395998700424,739.712960370199,746.9718017578125,1490945,,
2025-09-12,749.934571373019,754.9220031569081,744.8484639083198,748.9963989257812,1594096,,
2025-09-15,753.4406317121076,772.0075136437123,749.9840291080931,766.0819091796875,3676193,,
2025-09-16,768.3533666736178,781.5378122860415,763.1190948689177,776.994873046875,2886766,,
2025-09-17,779.9083107801706,784.9450504063134,772.6000412458015,776.6986083984375,2071167,,
2025-09-18,779.2170053568465,782.9698762167067,771.4149351842586,773.39013671875,2060110,,
2025-09-19,775.0690702438411,780.4515064821501,763.3660252608337,768.05712890625,4131716,,
2025-09-22,768.0571018442054,777.7355769685859,761.4401648797203,764.1560668945312,1647107,,
2025-09-23,764.4523231297193,766.0818884245232,746.7248781994546,749.9840087890625,3258299,,
2025-09-24,747.6137361168214,751.7616711469864,721.9361177032978,724.5532836914062,3640021,,
2025-09-25,723.8619699142004,726.8741400966998,709.8873954192017,712.1094970703125,4485383,,
2025-09-26,712.0601445835549,716.8994123959548,705.1963072784284,707.1715087890625,2092671,,
2025-09-29,710.9738211106977,714.0847273808879,704.6531520475576,713.1959228515625,1927913,,
2025-09-30,712.1588433466611,713.1958723082658,699.8632628079425,704.1593017578125,3248618,,
2025-10-01,704.6531197854888,716.5536965082533,703.2704546542415,713.343994140625,3535085,,
2025-10-03,715.4179759298993,721.4423161284561,710.2824402002116,720.158447265625,3313673,,
2025-10-06,721.7879556112856,727.2691877806969,713.2946136069922,726.1334228515625,1893389,,
2025-10-07,726.1334222344323,729.9850891158754,720.2078179727437,728.0098876953125,1940228,,
2025-10-08,724.4051464953158,728.0099133261003,713.4921703181692,715.9118041992188,2211742,,
2025-10-09,717.9857360253772,724.5533050398441,713.0477323388203,719.9609375,2025840,,
2025-10-10,721.7879914520407,734.1824292147498,719.0227213792643,731.0220947265625,2131129,,
2025-10-13,729.244434482679,734.330542293736,720.9485638828174,732.0097045898438,1376145,,
2025-10-14,733.8861134285597,737.194612199212,727.2692364439905,731.7134399414062,1964076,,
2025-10-15,733.7873465879345,755.5145627722341,733.0466460361971,746.9224243164062,3280013,,
2025-10-16,749.5889709307882,761.8846123515316,748.1569377844039,760.1563110351562,2587449,,
2025-10-17,759.464947207114,764.2547865469447,752.551742226035,758.427978515625,3164486,,
2025-10-20,762.427804113704,765.538770690023,755.613334602895,764.3536376953125,1256775,,
2025-10-21,765.390549472207,767.1682186927278,760.4525459272251,762.1808471679688,165784,,
2025-10-23,766.8225843907684,772.9457208568701,762.8228135654351,764.69921875,3194015,,
2025-10-24,764.6992296134373,767.3657636276619,756.1565195058366,762.8721923828125,1843887,,
2025-10-27,765.0943063295341,776.0566504464566,764.6005059588913,769.8347778320312,1711268,,
2025-10-28,767.5632979478819,770.180403710372,757.6872906667161,764.4523315429688,1775002,,
2025-10-29,764.5017390184811,776.7480127911251,762.4771694769241,769.0447387695312,2757524,,
2025-10-30,772.1062294542861,774.9209276682519,761.5883179721859,766.9213256835938,1835761,,
2025-10-31,747.6137474173554,771.2667967922431,744.7496812089022,746.873046875,3438729,,
2025-11-03,745.6385453654472,774.7727666744282,743.0213793399048,767.5632934570312,3774129,,
2025-11-04,767.5632814032111,774.278954153976,761.6376771622369,764.9954833984375,3229495,,
2025-11-06,760.452594591819,763.909197294509,747.1199841671572,748.947021484375,2753925,,
2025-11-07,744.2558857946731,752.2061198914937,735.7625436305523,750.0333862304688,1968749,,
2025-11-10,750.0333697522059,758.724243927002,747.1199356079102,750.5765380859375,1418071,,
2025-11-11,753.0455725444606,756.7984433421236,743.1201970538101,755.761474609375,1497577,,
2025-11-12,757.8848555843188,761.5883584746284,750.5765857694274,751.76171875,2364484,,
2025-11-13,753.5393473659395,764.3042192967986,753.3418151667894,755.3170166015625,2212671,,
2025-11-14,756.5021589935347,757.8848241265399,748.0088168289742,755.3663940429688,1171600,,
2025-11-17,758.4773910214705,763.2178626596811,755.4652207299883,758.97119140625,1312234,,
2025-11-18,760.3044183672364,760.3044183672364,739.0216341178977,741.0462036132812,1247505,,
2025-11-19,741.0461980863263,741.5399984609498,729.4418892826711,734.4293212890625,2600689,,
2025-11-20,734.4293187966014,736.6514204748665,729.441886807136,731.910888671875,1529401,,
2025-11-21,730.6270444887915,730.6764124720842,712.257694104698,716.356201171875,3588983,,
2025-11-24,716.3561961678193,718.2820297297234,706.4308204606119,708.8010864257812,4800336,,
2025-11-25,709.2948461695955,717.0474876775681,706.3814120022045,712.3563842773438,2298762,,
2025-11-26,715.3192329325528,724.8002365880272,711.319461829035,721.6892700195312,1965769,,
2025-11-27,722.9237191830948,724.8989206016279,714.5291131543294,716.4055786132812,1086614,,
2025-11-28,715.0229330581972,721.1460696787332,712.7514634204532,714.6278686523438,1444662,,
2025-12-01,718.0844740383249,719.8622035932541,700.9002573270546,703.66552734375,2400147,,
2025-12-02,703.6655308631607,707.8134660481325,700.5545644048404,703.3692626953125,2424169,,
2025-12-03,705.5913502100939,706.7764831360661,697.1967440454741,699.2213134765625,1396559,,
2025-12-04,697.8386633767689,704.9987687890089,696.4066905170135,700.5545654296875,2869711,,
2025-12-05,699.2213140277657,716.2574265517474,698.3818775219878,710.8256225585938,2301587,,
2025-12-08,710.825639621702,711.1219077909492,676.5558815502274,678.9261474609375,3505750,,
2025-12-09,676.0127242890561,690.3329353952523,671.0747204593332,681.493896484375,3060901,,
2025-12-10,681.4938637329691,689.3453015005754,674.6794549424603,676.3089599609375,2350392,,
2025-12-11,676.5064851336086,687.0738247672808,671.7166458100664,685.0492553710938,1705673,,
2025-12-12,688.3577004739518,696.2585062182727,683.1234287240121,690.7279663085938,2447290,,
2025-12-15,686.3825157677792,690.1353865321313,681.7407802241801,689.24658203125,1519781,,
2025-12-16,688.3577331351959,688.3577331351959,680.456927015997,683.370361328125,1299419,,
2025-12-17,681.4445353831472,683.3210009687378,671.6178956070936,674.6300659179688,1751896,,
2025-12-18,672.6548184201058,677.98788635713,663.667676084474,670.6302490234375,1597174,,
2025-12-19,670.7784298764549,686.0368732562314,670.7784298764549,682.629638671875,1311420,,
2025-12-22,686.3824893083744,687.3700900124152,681.6913859641804,683.4690551757812,1007869,,
2025-12-23,683.5184799018076,690.3329494367798,679.8149769541855,685.641845703125,1843580,,
2025-12-24,684.506022953794,695.221526745479,683.7653224267433,686.2837524414062,2407071,,
2025-12-26,684.2591416434526,687.9132763999883,680.5062709252666,686.3825073242188,1226524,,
2025-12-29,686.4812626736891,688.8515286038878,677.7903880602381,680.2100219726562,1236240,,
2025-12-30,677.0496565440203,678.1854214749847,667.8156139915089,672.21044921875,1717351,,
2025-12-31,672.2104650517101,683.9628776427757,671.6672364242326,678.8767700195312,1781196,,
2026-01-01,681.6420155412266,685.2467219310362,673.4943097620961,682.8271484375,1564403,,
2026-01-02,684.0616746446082,698.678153497608,684.0616746446082,689.5428466796875,4064871,,
2026-01-05,693.2957420480117,704.9494191036865,687.8145698182628,702.52978515625,4016984,,
2026-01-06,706.1345582823534,706.1345582823534,694.036448717376,697.5424194335938,2417169,,
2026-01-07,696.2585136774295,697.24611440605,684.4073049339839,694.5302124023438,2701653,,
2026-01-08,694.431465973422,704.900009427657,681.444492476474,683.8147583007812,3614003,,
2026-01-09,684.0122476754927,685.1480126366149,658.3346284631656,662.5813598632812,3796350,,
2026-01-12,659.7172669204732,659.7172669204732,640.7059534650555,651.4708251953125,4901801,,
2026-01-13,651.81647129617,657.0013750451168,633.1014257085844,644.3107299804688,8029667,,
2026-01-14,643.9157108273209,646.3353448025144,634.3359711719157,642.9774780273438,7138253,,
2026-01-15,642.9774780273438,642.9774780273438,642.9774780273438,642.9774780273438,0,,
2026-01-16,646.3846647767073,657.9396051408406,638.0394267204796,641.7922973632812,5189752,,
2026-01-19,640.9529102602017,643.7675483895965,628.756064661667,633.8915405273438,2279973,,
2026-01-20,632.0644939121194,632.9039304567494,601.3007057611434,605.300537109375,7084565,,
2026-01-21,607.3744720382609,615.1765422131887,599.9674662816967,609.9916381835938,5619055,,
2026-01-22,617.5467039732067,617.7936041475346,599.5723592264649,605.6954956054688,7416397,,
2026-01-23,612.3124788342487,614.2876803788754,579.376017188947,581.1536865234375,10792256,,
2026-01-27,588.6100267481283,603.7203056475669,581.943721914991,601.9920043945312,9013655,,
2026-01-28,602.4364604545746,619.6207377001991,598.5354254172693,617.7936401367188,6678297,,
2026-01-29,619.2256696925053,633.7927807418904,617.151732230719,630.6324462890625,4990065,,
2026-01-30,625.2500213566044,630.978154026801,619.225680790405,627.8671875,3937443,,
2026-02-02,606.3868851302354,620.756464570726,602.4858499536099,618.5343627929688,2411331,,
2026-02-03,661.7418904449847,666.0379900041073,637.8419395183075,642.3355712890625,5722963,,
2026-02-04,644.113225341941,654.3348690587343,629.2498460146668,651.6683349609375,2438362,,
2026-02-05,651.8164729210367,655.0261752498145,639.6196281830265,653.100341796875,2184966,,
2026-02-06,652.6559531500111,657.3964851297677,641.2491761652539,655.52001953125,2687146,,
2026-02-09,659.8160166528437,665.4453528102317,658.1865116325237,662.8282470703125,1727533,,
2026-02-10,664.6552867321398,668.2106252244131,658.7296823927744,663.4701538085938,2932204,,
2026-02-11,666.0379388368615,666.0379388368615,653.8410339763973,663.717041015625,2011690,,
2026-02-12,661.791220836375,661.939385056275,642.0392063624839,643.7181396484375,3109096,,
2026-02-13,633.6446004591232,633.6446004591232,615.8184194451313,618.6331176757812,4838136,,
2026-02-16,617.596076715739,637.2987228347366,614.2876384655735,635.8173217773438,2231253,,
2026-02-17,635.0272555573224,635.323523714196,627.817782441038,631.126220703125,1136224,,
2026-02-18,631.1262641082386,637.3481369439393,624.5093268506275,634.484130859375,908272,,
2026-02-19,634.48412325199,636.4593247811248,609.7447361552504,612.8062744140625,2131815,,
2026-02-20,612.3124565550042,622.781000249276,608.362053609488,621.4971313476562,3422127,,
2026-02-23,624.6574997473516,626.1389009325233,615.1271280114004,618.5343627929688,1932609,,
2026-02-24,615.4234489872662,616.5591537150658,600.7081732821596,604.0660400390625,2835264,,
2026-02-25,609.3496542456331,616.1146951773707,599.9180792704378,603.62158203125,3522834,,
2026-02-26,606.3868357917438,608.806469586325,597.5971653635473,603.2265014648438,2671861,,
2026-02-27,602.4364394402049,605.4486095817332,593.4492969959673,596.3626708984375,4023729,,
2026-03-02,572.8084185907167,586.7829929142325,570.0925166060193,582.8819580078125,4242819,,
2026-03-04,571.080140727842,571.5739411089296,555.7723289141255,561.9942016601562,14902221,,
2026-03-05,564.3644502047354,582.0424671357446,564.3644502047354,577.8945922851562,7827655,,
2026-03-06,577.3513670897207,577.5982672741208,567.7222598981189,570.3887939453125,5424431,,
2026-03-09,558.9820064392911,570.2406787368699,546.6863654433901,567.821044921875,4442106,,
2026-03-10,573.0059628347419,579.721635827841,568.1173271038596,577.302001953125,4701725,,
2026-03-11,578.0427186435294,587.6224581685045,564.5620042996253,566.0927734375,3717062,,
2026-03-12,561.3522671671061,564.6607054312652,548.6615618880778,551.179931640625,3176429,,
2026-03-13,550.340536053419,551.970101455907,533.748854962933,536.0203247070312,5007908,,
2026-03-16,536.2672217891202,538.9337559420877,518.0953433851031,523.7740478515625,6921559,,
2026-03-17,524.6629097213363,543.7235925505979,523.1321405815875,541.0076904296875,5442204,,
2026-03-18,542.1928339238854,563.673151114859,539.2300315527167,556.1179809570312,4832205,,
2026-03-19,545.1555962569156,545.1555962569156,532.3661549049981,535.5264892578125,3598745,,
2026-03-20,542.1928111590889,551.0812178994018,532.1686394461674,534.0451049804688,4266475,,
2026-03-23,527.3788073605967,527.3788073605967,505.70095856041945,508.36749267578125,4277345,,
2026-03-24,517.5027802040847,524.662885464542,509.60197439944216,514.5399780273438,5334313,,
2026-03-25,520.3668490494656,535.1314317488175,519.2310840979624,527.7244262695312,5993288,,
2026-03-27,520.4656007960011,524.1691036479651,513.5523954723351,516.5151977539062,7748625,4341708.0,56.03
2026-03-30,511.57719285383786,515.922660302167,495.8743468230336,497.84954833984375,6410832,3113078.0,48.56
2026-04-01,513.5030134138325,518.0459526763638,500.71357185996123,503.4294738769531,6453918,3360351.0,52.07
2026-04-02,494.7879598351858,517.9472087334437,483.3317854758361,515.7744750976562,7852289,3891729.0,49.56
2026-04-06,515.231300369159,524.8604072525336,507.23169848364523,522.6383056640625,5046388,2418248.0,47.92
2026-04-07,518.4903963045674,531.6748422706798,511.87345919129297,527.4775390625,6261020,3418128.0,54.59
2026-04-08,548.1184208872041,567.7222718292106,548.1184208872041,565.7470703125,14722143,8305872.0,56.42
2026-04-09,562.932421794066,565.3026876813873,553.1057823754966,555.9698486328125,4323997,1806618.0,41.78
2026-04-10,562.8830499392617,568.8580223194089,557.2043457233996,562.537353515625,6281265,2762449.0,43.98
2026-04-13,546.1432191383219,563.9694007633841,539.2300138327736,561.352294921875,4218013,1713243.0,40.62
2026-04-15,571.0307696594048,583.1288789306702,568.5617677673098,580.1660766601562,6111306,3708517.0,60.68
2026-04-16,584.6596532992053,590.4370936672509,574.438009485473,582.38818359375,4368390,2368443.0,54.22
2026-04-17,583.4745169466506,597.3502955688423,578.9809455443677,594.2887573242188,4107527,1768140.0,43.05
2026-04-20,594.5356671877101,597.1528333556145,583.030094035272,589.005126953125,3259425,1573750.0,48.28
2026-04-21,588.2644325123488,602.2389474724564,588.2644325123488,600.016845703125,4113329,2016738.0,49.03
2026-04-22,599.6711954869755,607.1769371761523,597.9428941513286,603.0784301757812,3636503,1776895.0,48.86
2026-04-23,596.5108473827624,597.7453483086373,583.6720377536632,585.44970703125,3196418,1677026.0,52.47
2026-04-24,583.7707669918376,588.1162343122074,575.8205931764555,579.77099609375,2012903,899506.0,44.69
2026-04-27,585.5484973258809,592.3629062004884,582.9806992591188,585.1040649414062,1919223,793579.0,41.35
2026-04-28,586.634813770627,588.3137470104916,579.1784405670937,580.6104736328125,2274236,1017425.0,44.74
2026-04-29,582.4869170161272,598.3873254416349,582.0424846178253,587.0792846679688,2775100,1011623.0,36.45
2026-04-30,582.6844207919639,584.5608862584022,572.6108814615826,579.7216186523438,3576402,1783421.0,49.87
2026-05-01,579.7216186523438,579.7216186523438,579.7216186523438,579.7216186523438,0,0.0,0.0
2026-05-04,585.4497283187497,601.1526047781963,584.7090277362922,599.6712036132812,4087011,1691036.0,41.38
2026-05-05,600.1649928964788,604.3129281371635,587.7211871744249,589.8939208984375,3543975,1364163.0,38.49
2026-05-06,592.6098069053957,604.2141155010003,587.0792669201131,602.0413818359375,2570866,953283.0,37.08
2026-05-07,607.3744580214016,612.3124617451529,600.2143526219623,611.1766967773438,3487352,1612510.0,46.24
2026-05-08,609.4483720262356,612.2630702075011,598.4860282926171,600.7081298828125,3094759,1324695.0,42.8
2026-05-11,592.5604426421537,592.5604426421537,581.3017701206066,582.9313354492188,2077435,683132.0,32.88
2026-05-12,579.6228785385333,583.2769529285204,559.2782678252552,562.142333984375,5767697,3544014.0,61.45
2026-05-13,561.6979375932962,573.9935792279349,560.1178004736113,567.031005859375,3004699,1032806.0,34.37
2026-05-14,565.0063551586558,581.1536633079585,546.9332738029653,576.0181274414062,6135572,1945503.0,31.71
2026-05-15,579.2771998077736,580.5610687092611,557.1055512226753,559.7227172851562,3229504,1376706.0,42.63
2026-05-18,553.7971225409963,567.8704332787746,547.1308174546803,566.0433959960938,3510805,1298822.0,36.99
2026-05-19,567.32728825782,578.1415290094874,564.41385385939,570.24072265625,4100328,1860856.0,45.38
2026-05-20,563.0805911994274,577.4501700428713,558.1919554358071,576.0675048828125,2939738,1242511.0,42.27
2026-05-21,582.4868882813261,584.5608859449663,575.6230512725468,580.6598510742188,2819385,1159061.0,41.11
2026-05-22,581.5980876417951,586.6348271983137,576.8575559669962,579.4253540039062,1895533,717048.0,37.83
2026-05-25,584.6596644375043,589.0051320007519,581.8450263129615,584.9559326171875,2007544,923835.0,46.02
2026-05-26,584.8077752400246,589.3507143224513,579.8203435111286,582.4868774414062,2572405,1369649.0,53.24
2026-05-27,582.7338336070895,593.2024381395463,582.7338336070895,586.5361328125,1918632,757915.0,39.5
2026-05-28,586.5361328125,586.5361328125,586.5361328125,586.5361328125,0,0.0,0.0
2026-05-29,587.6224449407268,600.3625186986874,579.2772065661476,583.2769775390625,16165925,10759312.0,66.56
2026-06-01,587.622430970189,594.4369000793405,570.5863184756752,572.8577880859375,2942650,1195614.0,40.63
2026-06-02,569.1542951382977,588.4125095930651,564.9076240065093,584.511474609375,4592067,1900540.0,41.39
2026-06-03,582.7831462534123,583.8201752062889,566.4383667999563,574.3391723632812,3682605,1465037.0,39.78
2026-06-04,569.8456126359043,574.437980072652,566.0433739939601,570.6356811523438,5027572,2993739.0,59.55
2026-06-05,574.1911222760983,580.7092633657957,566.981588300733,570.5369873046875,3387619,1515335.0,44.73
2026-06-08,563.9200100170295,567.1297123507517,550.5874003231069,554.3402709960938,3320761,1315238.0,39.61
2026-06-09,557.0068428562605,569.9443890311136,556.0192420710544,568.0186157226562,2432848,966563.0,39.73
2026-06-10,565.895210810245,570.487578255391,553.6489378087648,556.2167358398438,1260168,472706.0,37.51
2026-06-11,553.945288596301,558.7844961375647,548.6122203982744,556.0192260742188,1602495,528349.0,32.97
2026-06-12,563.9200164437791,581.8943617731417,558.5375804132925,579.77099609375,4184509,1937349.0,46.3
2026-06-15,593.5480565550386,612.6087391607832,590.881522448286,606.831298828125,9305171,4714085.0,50.66
2026-06-16,610.3372550822462,624.1636653915527,604.1153824987313,621.4971313476562,5391666,2258751.0,41.89
2026-06-17,625.2006273036297,625.8919598672428,610.534780639388,615.8184204101562,4073230,1987274.0,48.79
2026-06-18,615.8184217471907,636.0148686858217,615.2752534025884,632.7557983398438,9821046,5622960.0,57.25
2026-06-19,631.0768633461457,631.0768633461457,611.9668134265871,616.7566528320312,4202998,2315851.0,55.1
2026-06-22,619.6207043518837,623.9661112723035,617.3491745153053,619.8181762695312,2667900,1740498.0,65.24
2026-06-23,619.1762695384226,628.5091081882605,602.4857936343371,604.7572631835938,3687207,1259519.0,34.16
2026-06-24,604.2141118235226,614.9296158625408,601.8439062492696,610.4854125976562,3632508,1402318.0,38.6
2026-06-25,614.2876555053251,623.916762645481,612.3124540406778,613.6456909179688,3891469,1599379.0,41.1
2026-06-25,614.2876555053251,623.916762645481,612.3124540406778,613.6456909179688,3891469,0.0,0.0
2026-06-26,613.6456909179688,613.6456909179688,613.6456909179688,613.6456909179688,0,,
2026-06-29,614.2876689425325,620.8058098071035,603.8191250622539,607.1275634765625,3087847,1314293.0,42.56
2026-06-30,606.6831122474626,617.74425240373,601.1032043280209,612.36181640625,3349530,1479119.0,44.16
2026-07-01,612.7568951266363,642.5824497219872,610.3372612424131,640.6566162109375,4916575,0.0,0.0
2026-07-02,641.0022474876538,652.1621237808592,639.4221104168579,650.038818359375,5464836,2624504.0,48.03
2026-07-03,653.0016055617275,669.5932855370615,648.4586061005048,667.5193481445312,6688508,3587796.0,53.64
2026-07-06,668.8526342929835,675.7164718316195,661.7912645408907,664.9515991210938,6412614,3736509.0,58.27
2026-07-07,664.9515421238812,664.9515421238812,641.8417218111701,643.0267944335938,5693740,3546250.0,62.28
2026-07-08,638.9776643097213,656.6063130081569,622.9291526481557,626.1388549804688,4900333,,
2026-07-09,629.2498585548676,657.7421168318052,627.1264927750696,651.4214477539062,6397185,,
2026-07-10,661.6924810739838,683.419696870443,646.4340379248885,677.2471923828125,11338298,,
2026-07-13,671.1240732354038,681.6914132472457,665.0009365696142,673.8893432617188,6977830,3798328.0,54.43
2026-07-14,669.5932843421942,673.1486228025772,657.1495394524902,663.12451171875,2589578,,
2026-07-15,663.1738699750273,672.9511410152672,647.3228907974919,649.5943603515625,5657410,3395914.0,60.03
2026-07-16,652.8040997431833,653.2485321390751,638.6814209874685,640.0640258789062,6440702,,
2026-07-17,640.9528931605984,668.6057144371728,639.0764276054842,659.519775390625,9526166,4361749.0,45.79
2026-07-20,656.7544759876951,661.494947367723,646.0390323329257,660.309814453125,2754612,1058036.0,38.41
2026-07-21,660.7048738063195,666.9267462125,657.0507391301933,665.2972412109375,2830486,1415793.0,50.02
2026-07-22,661.6924884881043,662.9269893994627,640.5578087743025,643.421875,3637181,,
2026-07-23,641.9404560339219,649.4956255124357,630.4843120068157,634.2371826171875,2439150,818625.0,33.56
2026-07-24,631.2250397603552,640.6072468301597,622.7810051748385,637.2000122070312,2002254,,
2026-07-27,647.0999755859375,651.9500122070312,641.9000244140625,650.9000244140625,2658172,1216729.0,45.77
2026-07-28,650.4000244140625,666.5999755859375,648.0,663.0499877929688,6018410,3289372.0,54.66
2026-07-29,668.0,672.0,662.4500122070312,670.25,4053062,2127695.0,52.5
2026-07-30,669.75,669.75,652.0499877929688,654.8499755859375,2324048,967703.0,41.64
2026-07-31,658.0,661.9500122070312,656.25,659.2999877929688,1436219,647979.0,45.12
2026-08-03,668.25,670.9000244140625,660.5999755859375,668.5499877929688,1660676,498136.0,30.0
2026-08-04,654.7999877929688,659.7999877929688,643.4000244140625,643.4000244140625,7016514,3504060.0,49.94
2026-08-05,651.1500244140625,665.7999877929688,649.0,649.0999755859375,4904292,,
2026-08-06,652.6500244140625,656.0999755859375,636.2999877929688,642.0,4883685,2478215.0,50.74
2026-08-07,635.0499877929688,649.9000244140625,635.0499877929688,642.0,2466390,994022.0,40.3
2026-08-11,658.0,662.0,648.2000122070312,650.0999755859375,2776668,1425164,51.33
2026-08-12,653.0,661.75,644.5499877929688,661.75,2681157,1173682,43.76
2026-08-13,661.2000122070312,667.7999877929688,656.6500244140625,664.0,2637023,1207192,45.77
2026-08-14,664.0,669.8499755859375,659.5999755859375,665.0,1527246,568571,37.22
