date,open,high,low,close,volume,delivery_qty,delivery_pct
2022-01-03,70.07323016785462,72.220081622456,70.07323016785462,71.96246337890625,21177306,,
2022-01-04,72.22008534831023,72.69239531335741,71.36134472216702,72.04833984375,24456776,,
2022-01-05,71.96246821088658,73.72288259086179,71.66190374572417,72.9070816040039,33925654,,
2022-01-06,71.66190884223255,74.96806578077977,71.49016332278639,74.366943359375,34206729,,
2022-01-07,74.79629959159799,76.0414773034016,74.28105657884183,75.22566986083984,39877581,,
2022-01-10,75.65505497456041,79.39057573958695,75.31155738143428,79.1329574584961,42535778,,
2022-01-11,79.1758804321289,79.81993587995535,78.40301913607384,79.1758804321289,27427262,,
2022-01-12,79.51938095465906,80.2922488312837,79.09001064005325,79.648193359375,23947845,,
2022-01-13,79.51937680708394,81.27979762581602,79.17587926298125,80.6357421875,25289041,,
2022-01-14,79.94875011396212,81.2368610391656,79.81993771110758,80.37812042236328,17230925,,
2022-01-17,79.99169204519751,81.32273610817269,79.99169204519751,80.5069351196289,14506863,,
2022-01-18,80.59281004670387,82.35323102946008,78.74651630783863,79.21882629394531,36750278,,
2022-01-19,79.21882988328419,82.73966545665138,78.57477435577782,82.31029510498047,35333475,,
2022-01-20,82.39616664995967,83.72721734118038,82.05267561502538,83.04022216796875,37096905,,
2022-01-21,82.09560430641469,82.18147706053311,78.61770862708441,79.60525512695312,39203300,,
2022-01-24,79.26176041177568,80.3781192665634,77.88777020331254,79.51937866210938,56181631,,
2022-01-25,79.00414574327807,85.61644662503593,78.61771504237637,84.5859603881836,65620823,,
2022-01-27,83.29783991569482,89.30902423950785,82.52497204944181,88.87965393066406,94518500,,
2022-01-28,89.69544738730096,91.45586812684263,88.23559108012282,88.70790100097656,56977661,,
2022-01-31,89.26608763361203,93.08748744370612,88.49322629266085,92.35755920410156,61044762,,
2022-02-01,93.25923894285377,93.8603613653598,87.93504921020966,91.15532684326172,86624214,,
2022-02-02,91.75643675833547,94.63321661346724,91.19825402783619,93.94622802734375,47769665,,
2022-02-03,93.68860549331653,96.0930819824564,93.17336240326408,94.07504272460938,54520992,,
2022-02-04,94.28972451259784,95.62076856822988,91.15531987889803,91.49881744384766,45581685,,
2022-02-07,93.43098262402142,100.64439863294348,92.95867265958607,96.9947509765625,177298544,,
2022-02-08,97.89643673954275,101.58902425477301,95.74958505665805,101.28845977783203,115380004,,
2022-02-09,101.76076257808838,102.01838738249874,98.32580012819508,98.62635803222656,61784484,,
2022-02-10,99.09866568068826,99.95740627315233,97.55292999358461,98.49754333496094,40178477,,
2022-02-11,97.6388079906869,99.14160410827593,96.6083218450086,97.51000213623047,33757340,,
2022-02-14,93.60272232045197,94.80496043123227,90.38244517639973,91.11237335205078,50506830,,
2022-02-15,91.5417468675635,94.89083652586953,89.35196226335364,94.59027862548828,61851795,,
2022-02-16,95.36314840613382,95.5348939093474,91.58468837039622,91.88524627685547,45599684,,
2022-02-17,92.8298615915353,93.001613650016,90.5112644912505,90.76888275146484,29911159,,
2022-02-18,90.42538965402879,92.48636189493385,90.16776484808018,90.46832275390625,31422298,,
2022-02-21,90.4683211163354,91.11237656787789,88.27853651209341,89.0943374633789,40170256,,
2022-02-22,86.90455101099249,90.85476323558677,85.05826385798093,90.03895568847656,51955994,,
2022-02-23,90.16776773050047,93.55979065778892,90.03895532340837,92.52930450439453,62092144,,
2022-02-24,88.27854241680502,90.68301233238962,85.95993870516442,86.30343627929688,70341673,,
2022-02-25,89.30902461622647,93.30216981565155,88.49322364665049,91.7135009765625,61465709,,
2022-02-28,89.73839651827524,92.74398874616006,89.39489895332561,91.49881744384766,41283452,,
2022-03-02,90.98357297246133,91.37001021178804,87.37686471544097,88.53616333007812,47475131,,
2022-03-03,89.73840493748247,90.42540013183523,87.72036556261983,88.10679626464844,41511333,,
2022-03-04,86.34636688232422,88.57909105264953,85.91699659758201,86.34636688232422,47496069,,
2022-03-07,84.24245291453333,86.30343169825878,78.14539586608505,79.69113159179688,84678404,,
2022-03-08,80.46399536539055,84.6288927116622,79.17588440510144,83.68427276611328,72203819,,
2022-03-09,84.15658450718085,85.18707067639619,83.04021903080483,84.88651275634766,51266334,,
2022-03-10,87.76329596851886,90.55420321328265,86.90455527782231,87.46273803710938,71291981,,
2022-03-11,87.4197949944455,89.91013747299054,86.68986024900562,89.65251922607422,40767554,,
2022-03-14,90.12483672134205,92.31462819691431,88.92260494430107,91.79938507080078,45750608,,
2022-03-15,92.22873891211792,93.51684977247804,90.38244536860097,90.94062805175781,46827034,,
2022-03-16,92.31462076099281,93.34510693021444,91.8423107782913,92.48636627197266,27985666,,
2022-03-17,94.24679333959139,94.2897329959501,92.27168707718185,92.70105743408203,32425892,,
2022-03-21,92.65811743158157,93.04454810335574,90.81182372402137,91.45587921142578,24879006,,
2022-03-22,91.19825136243978,92.27167713907711,88.87965430557153,91.7135009765625,32477182,,
2022-03-23,92.09992864272174,93.73153708052602,90.9406301519587,91.2411880493164,27104882,,
2022-03-24,90.5542044207557,92.74399583189975,90.2107133812341,91.15532684326172,26545928,,
2022-03-25,91.6705590524981,93.60272540255076,91.2841284031559,93.17335510253906,40572355,,
2022-03-28,93.55978737163748,96.47950677259892,92.14287059840512,96.1360092163086,46409385,,
2022-03-29,96.60832727701,97.12357037881976,95.06259141990925,95.79252624511719,32359109,,
2022-03-30,96.8230127368057,98.71223963295282,96.22189687485113,97.89643859863281,100828273,,
2022-03-31,96.95182233266631,97.38119266491756,95.36315341367096,95.83545684814453,28030563,,
2022-04-01,95.83545435393873,99.95741205694151,95.62076919340048,99.6139144897461,30941452,,
2022-04-04,99.78566371166721,100.47265887162897,98.92692303755074,99.69979095458984,29356607,,
2022-04-05,99.95741205694151,101.20258336739488,98.32580352651661,99.6139144897461,28093579,,
2022-04-06,99.31334995081613,103.86467111963692,98.88397965837999,102.96299743652344,36964790,,
2022-04-07,102.92006014469636,105.28159680720229,101.28845168572174,102.36187744140625,44284867,,
2022-04-08,102.87713296890247,103.77880672459125,101.28845751768038,103.30650329589844,27463874,,
2022-04-11,103.69293396952631,105.36747562414209,102.70538090710133,103.30650329589844,17762107,,
2022-04-12,102.96300343989728,103.82174407483942,100.55852704139083,103.17768859863281,23810157,,
2022-04-13,103.77880683066743,104.294049913255,102.27601068464548,102.57656860351562,18304816,,
2022-04-18,101.93251335601354,101.93251335601354,97.25237939645528,97.81056213378906,41375448,,
2022-04-19,98.75516899057816,100.21502538977055,95.83544964052255,97.08062744140625,29839721,,
2022-04-20,97.68174398678691,98.32579944164485,95.66370487189955,96.6941909790039,21822195,,
2022-04-21,97.51000421420049,98.3258052176082,97.0376942322247,97.81056213378906,19921166,,
2022-04-22,96.99475311684859,97.85349376082837,95.49195698988396,95.7066421508789,17387240,,
2022-04-25,94.76203284958427,96.60832662429395,93.64567389515085,95.44902801513672,24586074,,
2022-04-26,96.95182299176564,99.52804500278684,96.65126506748078,99.1845474243164,28059744,,
2022-04-27,97.89643684927951,100.08622818894511,96.86595066100828,99.69979095458984,21756038,,
2022-04-28,100.25797304720136,100.30091270129483,98.54049171020434,99.35629272460938,20065882,,
2022-04-29,100.12916602674818,100.77322156279288,96.43658488442827,96.95182800292969,18089520,,
2022-05-02,95.66370714036903,97.2523759896898,95.19139717493832,96.82300567626953,14526547,,
2022-05-04,97.72468872382002,98.9698600473481,92.35755965400722,92.872802734375,31618133,,
2022-05-05,94.20384767568859,94.8908428235867,90.51126677283234,90.89769744873047,26515557,,
2022-05-06,89.48076906553183,90.85475928477567,87.59154234157792,90.12482452392578,25132051,,
2022-05-09,89.2660862206567,90.03895410104569,87.2480470425146,88.66497039794922,19017700,,
2022-05-10,88.45028459907758,90.25363860581194,86.04580822231773,86.73280334472656,16040305,,
2022-05-11,87.5915500217014,87.84917484831617,83.46959210589391,86.94749450683594,26776508,,
2022-05-12,85.87406328433629,86.13168809485774,81.92385768359104,82.48204040527344,24799413,,
2022-05-13,84.15659019068669,85.27295574245632,80.72162732576069,81.58036804199219,31856215,,
2022-05-16,82.43910425023375,86.26049760783125,81.15099324632385,85.74525451660156,38507596,,
2022-05-17,86.51812156691255,88.32147564407721,85.44469574102034,87.7203598022461,27647316,,
2022-05-18,87.72036000696207,88.19266344045408,85.10119836500411,85.4017562866211,20090443,,
2022-05-19,83.72721005647654,84.07070761319626,81.79504367055785,82.69672393798828,18567831,,
2022-05-20,84.32833045822379,85.83112661798002,84.15658494634874,85.4017562866211,17897990,,
2022-05-23,85.83113646008927,86.73281688000569,83.16904141074035,83.42666625976562,18586212,,
2022-05-24,83.5125204492455,84.45713376610078,81.79503930890111,82.26734924316406,20019543,,
2022-05-25,82.65378125055605,83.81307972919075,79.86287435118663,80.6357421875,30311221,,
2022-05-26,81.49448556441948,85.01532077085821,79.4764464322131,84.45713806152344,36341295,,
2022-05-27,85.2729501956309,85.74525362783285,84.28539712586857,84.71476745605469,22370919,,
2022-05-30,85.70232012337806,87.59154694665705,85.57350771459284,87.20511627197266,25342786,,
2022-05-31,87.03336617960177,87.9779796126215,85.61644275423646,86.08875274658203,17234246,,
2022-06-01,86.73280976035161,88.02092079639644,85.87406906965505,87.46273803710938,20994336,,
2022-06-02,87.59154526188844,90.89769541487058,87.59154526188844,89.00846862792969,44232880,,
2022-06-03,89.91014455606343,90.2536421306832,87.59154739280477,87.7203598022461,16672450,,
2022-06-06,87.59154368551555,87.97797434581264,85.18706731661729,87.63448333740234,18544374,,
2022-06-07,87.07629833920541,88.66496714231711,86.64692803827408,87.50566864013672,17522351,,
2022-06-08,87.93504670283586,90.46832908126768,87.07630602517472,88.92259979248047,31448826,,
2022-06-09,88.6220331617355,90.46832688420318,87.97797766913082,90.21070861816406,25588925,,
2022-06-10,88.4502926791131,90.55420478721946,88.36441991888519,90.25364685058594,15753322,,
2022-06-13,87.76329757078754,88.40735310056829,84.5859595778712,85.83113098144531,22147285,,
2022-06-14,85.10118912556948,87.72035048316513,85.10118912556948,86.34636688232422,18606407,,
2022-06-15,86.73279824930925,87.67741157337355,85.35881463688206,85.95993041992188,15884977,,
2022-06-16,87.24803830304732,87.7203482247722,83.3407727434897,83.72720336914062,24322328,,
2022-06-17,84.83296174580856,85.7175598729829,83.24068241731551,84.0810546875,21919900,,
2022-06-20,84.56758565146322,84.9214262774088,79.48114605672258,80.6311264038086,21703028,,
2022-06-21,81.47148582845925,86.1156259770565,81.16187783500905,84.96565246582031,28648481,,
2022-06-22,84.56758181940577,85.45217996971117,83.32914305918857,84.43489074707031,19542639,,
2022-06-23,84.21374084232984,86.55792728020835,83.5060663745399,85.31948852539062,27634072,,
2022-06-24,86.07139366762748,88.76941369279693,85.67332049250741,88.41557312011719,38285373,,
2022-06-27,89.43287260498327,90.00786275863648,88.10597536529822,88.4598159790039,14457696,,
2022-06-28,87.97327882724932,90.05208977279327,87.97327882724932,89.83094024658203,16394684,,
2022-06-29,88.72518954431574,90.05208665565279,88.19442530062275,89.47709655761719,16413604,,
2022-06-30,89.3001779972226,90.49439086483757,85.850250709729,86.15985870361328,24612161,,
2022-07-01,86.33677755829798,86.51370123657695,84.56758126919783,85.76178741455078,32287305,,
2022-07-04,85.80601948010383,88.41558129048646,85.76178687357603,87.08868408203125,23659060,,
2022-07-05,87.22137713367852,89.12326452545051,87.08868606002962,87.26560974121094,19396972,,
2022-07-06,87.61945560408127,89.07903725482058,87.3098408307014,87.9732894897461,24812084,,
2022-07-07,89.07903016203947,93.5904860834846,88.9021132332938,92.88280487060547,65399001,,
2022-07-08,93.6347084872094,94.03278168562541,91.95397073033149,93.41355895996094,19420027,,
2022-07-11,92.79434735225864,97.2615639636377,92.35204827693705,96.90773010253906,34213586,,
2022-07-12,96.24427517169012,97.74808922948772,95.62505245751923,96.64234161376953,29735635,,
2022-07-13,96.86349257581452,97.74809068152972,95.66928648288858,95.93466186523438,15508962,,
2022-07-14,95.53660042582466,95.53660042582466,91.73282567225417,93.05972290039062,33537636,,
2022-07-15,93.7673982819528,94.12123887054219,91.37898611963314,92.04243469238281,15017788,,
2022-07-18,92.97126227433101,95.80198034460557,92.21935521231757,95.5365982055664,22589938,,
2022-07-19,95.18275713877516,99.95958837553736,94.6962322181746,99.69420623779297,41577121,,
2022-07-20,100.57880608403583,101.19802883304004,98.41154333489168,99.11922454833984,25996979,,
2022-07-21,98.58845442121384,101.10956437662387,98.32307904360866,100.7999496459961,21547010,,
2022-07-22,101.55186972284514,103.0114512626098,100.53458050653323,102.70184326171875,32483787,,
2022-07-25,102.34799974341655,103.23259786306215,101.06533516950965,101.90570068359375,20171737,,
2022-07-26,102.61338786505834,103.40952756897349,101.37494907551795,103.0556869506836,28833389,,
2022-07-27,103.27683958089881,105.04603597628893,102.61339093262751,104.6037368774414,18506988,,
2022-07-28,105.17871531327464,106.01908080768463,103.05567852603876,103.63066864013672,26055143,,
2022-07-29,104.78064689824498,105.93062717888945,102.25954355108402,102.83453369140625,25401430,,
2022-08-01,103.94027630740463,104.82487440363786,100.26919285824715,102.8787612915039,41880847,,
2022-08-02,102.87875711366159,109.29209305091094,102.56914239339493,107.69981384277344,70155980,,
2022-08-03,107.47867866327213,108.27481837353051,105.39987429406027,107.08061218261719,23838755,,
2022-08-04,107.43444886113028,108.18636273148398,102.70184983340008,104.91334533691406,32572271,,
2022-08-05,105.35562813704989,106.59406677719689,103.98450518637983,104.29411315917969,33906201,,
2022-08-08,104.29412885803787,105.88640156451979,103.05569003147504,104.6037368774414,14890797,,
2022-08-10,104.60372471987455,105.88638925787527,104.16142567243323,104.95756530761719,14205845,,
2022-08-11,105.93062958917072,109.99977977266025,105.79793851546977,108.98249053955078,35838299,,
2022-08-12,108.80557186787338,109.77862847787773,108.1863558657656,108.93826293945312,19478756,,
2022-08-16,109.69015833864869,110.79590590254637,107.0805967874292,107.52289581298828,23764633,,
2022-08-17,108.14211948620306,112.34396052963426,107.34597983344754,111.99011993408203,35845276,,
2022-08-18,111.14975415494675,112.34396025670479,108.8498004128668,109.6017074584961,26352284,,
2022-08-19,109.86708134072255,110.13246347035076,105.75370557412079,106.46138000488281,28211583,,
2022-08-22,106.15178372340777,106.15178372340777,104.0729793086141,104.6037368774414,20822630,,
2022-08-23,103.49798094511546,109.64593523330161,103.49798094511546,109.2036361694336,28448397,,
2022-08-24,108.80557493522579,110.22093065776426,107.08061120290526,109.29210662841797,29911175,,
2022-08-25,109.77862372304264,113.22855768994783,109.73439786706379,111.37090301513672,39474725,,
2022-08-26,111.90167045678487,114.59969762192314,111.72475351927847,113.49394989013672,28327799,,
2022-08-29,109.73440090829654,112.25550423319328,108.053663108716,111.72474670410156,25846031,,
2022-08-30,112.65356427396196,116.1477307435412,112.65356427396196,115.74966430664062,27509622,,
2022-09-01,114.59969416216947,118.40346894425856,114.59969416216947,118.04962158203125,30532175,,
2022-09-02,119.11113094321834,119.15536354860609,115.66120368931126,116.0150375366211,18175077,,
2022-09-05,116.10351221170465,119.24383847967687,116.10351221170465,118.40347290039062,17447942,,
2022-09-06,119.02268495578545,119.86305050699315,116.85542216649297,118.04962158203125,21626208,,
2022-09-07,118.00537731504392,119.06690579894524,117.34192876155328,118.71305847167969,13349849,,
2022-09-08,119.7303609140386,123.71105245313694,119.42074617295029,122.3841552734375,36381561,,
2022-09-09,123.40143900159663,125.34755218591351,121.76492706370726,122.1187744140625,27775278,,
2022-09-12,122.95913848122471,123.75527138877924,122.42837421092429,122.82645416259766,12457738,,
2022-09-13,123.40144233255995,123.62259187079034,122.38415985585878,122.64952850341797,9812372,,
2022-09-14,120.30533962023704,125.48024381923635,119.86304057751558,124.2417984008789,20471796,,
2022-09-15,125.43600896303674,125.43600896303674,122.91489906563562,123.8879623413086,15780850,,
2022-09-16,123.40144047971631,124.7725702957369,119.15536670986722,121.41109466552734,23988729,,
2022-09-19,121.01303313180284,126.89560560087713,120.61496665232886,124.77257537841797,30261992,,
2022-09-20,126.40907634936896,126.76292372522003,124.99372733965632,125.25910949707031,13983845,,
2022-09-21,125.25909813653647,126.71867962308903,123.8437357572947,125.03794860839844,20073329,,
2022-09-22,124.55142151350682,125.34755444483497,120.08419818175184,122.47261047363281,34947454,,
2022-09-23,122.42838290420202,122.95914721219044,116.50157778851758,117.20925903320312,41820198,,
2022-09-26,114.99775613036614,115.3958225866228,110.13246644792758,113.36124420166016,37331411,,
2022-09-27,114.51122995496978,116.28042628798714,111.90166806334852,113.00741577148438,26721004,,
2022-09-28,111.85742950439453,113.44970881897693,109.69016681133053,111.85742950439453,24312345,,
2022-09-29,113.93624013951234,115.17467210383144,110.57476459620838,112.74202728271484,26109674,,
2022-09-30,112.87472154298186,118.22653625145985,111.76897386574076,117.12078857421875,32119561,,
2022-10-03,116.67849143438946,118.31500342294967,112.25550740117144,113.27279663085938,20511123,,
2022-10-04,116.10349467316598,118.71305623481241,115.44004613217648,118.35922241210938,20696678,,
2022-10-06,119.42074823268376,120.21688115507645,118.62461531029108,119.33228302001953,16669962,,
2022-10-07,118.75730356621463,120.1284334205622,115.44006044983992,119.6861343383789,23951985,,
2022-10-10,117.16502007779972,118.93421634472882,116.41311976309267,116.9438705444336,21143008,,
2022-10-11,117.34193434605278,117.78423340276296,114.20162184172732,114.6439208984375,14200008,,
2022-10-12,115.17467775244809,117.91693744808363,114.55546173991976,117.6073226928711,17414129,,
2022-10-13,116.76695321890024,117.47463442283647,114.29007575407158,114.99775695800781,14625936,,
2022-10-14,117.65154849516988,118.71306352637417,114.99775416821116,115.39582061767578,15403899,,
2022-10-17,115.48428514588538,120.96879068963901,114.64391964688936,120.43802642822266,29422436,,
2022-10-18,121.6322527528202,125.39179511063463,120.96880410144118,124.41873168945312,34071231,,
2022-10-19,124.46295025141853,124.72833238159684,121.36685689442854,121.89762115478516,20570748,,
2022-10-20,121.18994877406418,125.48025527945802,120.03996845838056,124.46295928955078,29793676,,
2022-10-21,124.72834179431663,128.17826925329857,124.37450792597376,126.98406982421875,33334153,,
2022-10-24,128.00133903339474,128.62055498767248,127.42635568254302,127.78018951416016,3680722,,
2022-10-25,127.64752290731704,134.1050924642526,126.0552434483895,131.2301483154297,42782169,,
2022-10-27,131.23013233964667,132.9993285235427,130.25706903934557,132.42433166503906,25452543,,
2022-10-28,132.68972902881856,133.75124416146966,129.28402058458667,130.0359344482422,22803412,,
2022-10-31,130.92051823683605,131.45128249371123,128.26672394825152,130.65513610839844,21373095,,
2022-11-01,131.27435207615568,134.28199370195557,129.68208630132156,130.65513610839844,24827995,,
2022-11-02,130.16860613096557,131.45128418527062,129.19555631136717,130.0801544189453,15335247,,
2022-11-03,128.97439487653187,132.60123868400566,128.70901276918144,131.05319213867188,18083411,,
2022-11-04,131.71666152613147,132.38011015067121,127.02830204436808,127.86866760253906,23545798,,
2022-11-07,140.65109419052104,142.95105458902108,134.45890765383143,140.07611083984375,144518304,,
2022-11-09,141.18186826879997,147.72788909292052,139.10305724468117,147.10867309570312,69954072,,
2022-11-10,146.8432974442058,148.7451781264027,144.49911767332156,146.3567657470703,46061789,,
2022-11-11,148.56826150491457,149.32017535643314,142.7741407312689,143.08375549316406,31378106,,
2022-11-14,143.52604472435962,145.9586895501962,141.44723374675897,144.98562622070312,23748826,,
2022-11-15,145.07409441496472,146.40099161997964,143.12798121385543,144.145263671875,22971749,,
2022-11-16,145.29524529881203,146.0471591211304,143.43758379537638,144.4548797607422,24432791,,
2022-11-17,144.10103459406295,145.87023091073848,143.8798850544785,144.8087158203125,15703511,,
2022-11-18,145.16255219293225,146.57790104038642,143.03950867490747,144.2779541015625,22895310,,
2022-11-21,143.9241118617923,145.3394742572519,142.59721467775998,143.2164306640625,20237825,,
2022-11-22,143.92410421973958,148.03749337056556,143.26065566295108,147.50672912597656,26399821,,
2022-11-23,148.4798122067203,150.69130769089608,147.1086823069519,149.36441040039062,35103723,,
2022-11-24,149.62977172132508,152.0624166346052,149.4970873979412,150.7355194091797,25279589,,
2022-11-25,151.22204339078013,152.77009007494584,147.55096665320264,148.47979736328125,26429948,,
2022-11-28,149.01054812768626,149.3643954685188,147.06443499574283,148.47979736328125,18058295,,
2022-11-29,148.74516336641028,149.93937618652313,147.81634617065097,148.43556213378906,18315044,,
2022-11-30,149.01055103613945,149.23170056676534,145.47215854612537,147.06443786621094,17302122,,
2022-12-01,148.17017623257254,152.68163177373737,147.28557816551242,151.92971801757812,32085764,,
2022-12-02,151.97397109802066,154.14123395476358,150.91245597409525,151.44320678710938,24459293,,
2022-12-05,152.41627370703674,152.50472542896424,150.64707729371744,152.10665893554688,17705726,,
2022-12-06,152.90279420106188,155.82195727052763,152.46049513018568,154.27391052246094,39901296,,
2022-12-07,154.6719798449659,156.48539511249967,153.3450827236121,156.13156127929688,25334920,,
2022-12-08,156.5738749105142,167.54288673672485,156.22004104433842,166.52560424804688,93033779,,
2022-12-09,167.18903891476518,174.44274054905418,163.51796224251459,166.835205078125,99220254,,
2022-12-12,166.74674437020545,168.69285752003978,164.22563434794313,168.1178741455078,35305416,,
2022-12-13,169.04671637903553,172.23126170535,168.07365298888845,170.72744750976562,32717387,,
2022-12-14,171.96586312891353,172.36394306734132,168.9582350250088,169.53321838378906,26004525,,
2022-12-15,169.44476530945295,170.90434674561862,162.58913017384072,163.25257873535156,41881637,,
2022-12-16,163.03143505049246,163.60641842522494,160.1122585757748,160.99685668945312,25933520,,
2022-12-19,161.57182963145945,162.8987267162989,159.97956392796823,161.39491271972656,21588072,,
2022-12-20,160.9526220822571,163.42949946932814,158.4757446951861,162.45643615722656,17522529,,
2022-12-21,163.34103265568518,165.15446144793927,155.2469654948553,157.06039428710938,28163349,,
2022-12-22,157.8565301442287,159.36034423273847,153.61045651357483,156.22003173828125,24089989,,
2022-12-23,153.92006326282097,155.37964467046547,148.70094008007882,149.5413055419922,29192377,,
2022-12-26,149.5413204273622,157.63538812615806,147.81635672901677,156.66233825683594,31320528,,
2022-12-27,157.8123125328216,157.9007777514491,154.71621885142065,157.10464477539062,20811376,,
2022-12-28,157.41423801410897,163.5621924539516,156.13157339683048,160.8199462890625,30796600,,
2022-12-29,160.59880552063186,166.3044611972341,158.5199943565075,163.9602813720703,28566813,,
2022-12-30,165.33138197976038,166.65827914973565,162.85451806079,164.26986694335938,27013708,,
2023-01-02,165.0660234491797,166.0833059426122,163.73912619797375,164.75640869140625,14679657,,
2023-01-03,164.97755395507812,167.98518224732578,164.80063702575117,165.86215209960938,19758561,,
2023-01-04,165.5083134299336,166.7467453971198,160.37764164121222,161.61607360839844,24902705,,
2023-01-05,162.4122210192336,164.09295205623062,160.5545595590612,162.81028747558594,21073286,,
2023-01-06,163.60641415205265,163.91602888291177,160.28917131240075,162.10260009765625,16229775,,
2023-01-09,163.03142494403448,166.0390529449369,161.35068053349886,163.7833251953125,15758981,,
2023-01-10,164.3583338761062,164.3583338761062,157.72384795670925,159.8468780517578,18392517,,
2023-01-11,160.1122550175108,161.26223523931515,156.70654695637782,160.33340454101562,17867902,,
2023-01-12,160.90839275463722,162.01414040550168,158.962279588695,160.73147583007812,14044249,,
2023-01-13,160.81993361662657,163.871794292536,160.333401973129,163.5621795654297,15651311,,
2023-01-16,164.09297049444635,166.3044660536707,163.29683749228465,164.3583526611328,18924642,,
2023-01-17,164.18142195695884,165.1987044297909,158.60845091516973,160.8199462890625,18380191,,
2023-01-18,161.08533487600624,161.30648442224023,156.88349349756018,157.67962646484375,21152950,,
2023-01-19,157.4142582475083,157.72387303880853,155.68929433373125,157.37002563476562,10865755,,
2023-01-20,157.8565330304885,160.81994215447594,157.28154964721747,158.65267944335938,20620881,,
2023-01-23,159.6257224140378,161.08531735920062,159.09497165952956,159.7141876220703,12719955,,
2023-01-24,160.11225727099102,161.08532058726593,157.06039650325022,157.4142303466797,15302459,,
2023-01-25,157.81229037127633,157.98922078368503,147.1528944205246,150.1605224609375,42652626,,
2023-01-27,150.9124484588888,150.9124484588888,138.08577539695395,139.10305786132812,46482837,,
2023-01-30,139.8549696240667,144.89717626086937,135.34351376604022,140.56263732910156,52599629,,
2023-01-31,141.97799589062691,149.40861457546396,141.00493257570724,148.47979736328125,40527508,,
2023-02-01,149.93937103984598,150.29320486438075,133.66277214913288,136.7588653564453,70595394,,
2023-02-02,133.5743119851273,138.3511362860994,129.593620568352,136.2723388671875,58831062,,
2023-02-03,138.88190751644564,145.38370922290275,134.23776729694666,144.7202606201172,72557245,,
2023-02-06,146.4009872682259,149.32016373206577,144.7202562576584,148.52401733398438,39343917,,
2023-02-07,148.52401741144078,150.8239778987919,147.32981806053985,149.09901428222656,26650769,,
2023-02-08,149.05478686378115,149.89515239874544,146.88752411637964,148.61248779296875,21655466,,
2023-02-09,148.61249221639656,151.22205411228367,145.3394816945434,149.89515686035156,24268013,,
2023-02-10,150.2047654966153,153.78739063039947,149.1432504379116,149.76246643066406,34741224,,
2023-02-13,149.93939508136805,150.9566776134396,145.1625701947489,146.1356201171875,22382470,,
2023-02-14,146.84328256682477,149.85091066602317,144.80870426541614,149.32015991210938,20137499,,
2023-02-15,148.61248229220035,150.38167850996464,148.25864844780588,149.98361206054688,15662905,,
2023-02-16,150.73552246073382,151.57590151883358,149.54132303241292,150.47015380859375,16113489,,
2023-02-17,149.49709291715018,149.6297772454326,145.56063370263894,147.5509796142578,19597310,,
2023-02-20,147.72788715798018,148.96631913619396,144.4548767887898,145.2952423095703,17285378,,
2023-02-21,145.51639189075965,145.51639189075965,141.09340125578217,141.44723510742188,34585035,,
2023-02-22,140.38571629822437,140.96071316412366,137.64347027665193,138.97036743164062,22746525,,
2023-02-23,139.4126693894368,140.12033708853247,135.4761969492624,137.5550079345703,28791025,,
2023-02-24,138.4395962698283,139.5011112413278,135.91848640185864,136.7588653564453,22601120,,
2023-02-27,136.67041605823445,141.00494165380292,135.87428311142284,140.65110778808594,29046654,,
2023-02-28,141.75685549082246,142.64145365301167,139.05882839656599,140.65110778808594,179242251,,
2023-03-01,139.67804467417443,145.69331488799486,139.41267602333417,145.4279327392578,25974322,,
2023-03-02,145.4721614406989,147.15290600563637,144.0125799086841,145.64907836914062,16266106,,
2023-03-03,148.61249575727987,153.69893534421058,148.61249575727987,152.947021484375,34946790,,
2023-03-06,153.52201361662108,156.04311027797274,152.5489502398839,153.1239471435547,23752197,,
2023-03-08,151.2662800755994,154.49505784764523,151.04513054332514,153.92007446289062,14441376,,
2023-03-09,154.45085006717952,154.80468394561058,151.2220585604327,151.75282287597656,11038443,,
2023-03-10,151.00089119445923,151.00089119445923,146.88751547699604,148.43556213378906,18452431,,
2023-03-13,147.72788578716828,150.3816801426264,144.58755976696364,144.98562622070312,18595906,,
2023-03-14,145.07409965154713,145.87023260413469,142.42030514572613,143.6587371826172,22898154,,
2023-03-15,145.42792571890922,145.9144573851243,140.12033699197244,140.82801818847656,19255062,,
2023-03-16,140.38572914346452,142.81837415019655,137.6434828709776,141.31455993652344,24291234,,
2023-03-17,143.3491371482423,143.8798879552073,139.89919616243355,141.57994079589844,26762767,,
2023-03-20,141.27031238600463,141.27031238600463,137.73192002318476,140.42994689941406,26144673,,
2023-03-21,141.09339300528887,144.54332009967695,140.91647608981432,144.2337188720703,25702421,,
2023-03-22,144.9414134153647,148.83363990678467,144.3664165146094,148.08172607421875,27468538,,
2023-03-23,147.0202116043493,147.81635804769346,143.52605156926847,143.9241180419922,20129946,,
2023-03-24,143.74719209163143,145.0298566445622,140.7837830401225,141.35877990722656,18610261,,
2023-03-27,141.0934173347414,143.65874679621396,140.20881910693737,142.64146423339844,50783785,,
2023-03-28,142.86259102116847,143.1279731467931,140.42994628241792,142.1991424560547,31049605,,
2023-03-29,141.80109092173328,145.95869966722015,141.53570876821345,145.47216796875,38390279,,
2023-03-31,147.06444969768893,150.20477598479798,146.75483493074543,149.36441040039062,28240603,,
2023-04-03,149.58555951009947,150.60284203067792,148.70096131902355,149.67401123046875,16659059,,
2023-04-05,149.9393698869351,150.11628679784215,146.04714385539984,147.72787475585938,34861706,,
2023-04-06,147.8163652535303,149.71824599253353,146.3125375087586,147.63943481445312,27208238,,
2023-04-10,148.17018287502952,148.74516624523693,146.2683023447472,147.02020263671875,15331631,,
2023-04-11,153.03547121300267,153.83160410339178,150.55859383483156,151.1335906982422,25897114,,
2023-04-12,151.26628369850852,152.28356617217614,149.6740043284186,150.7355194091797,14553551,,
2023-04-13,150.3816851792997,152.06241626155676,149.0547879571294,151.6201171875,20601286,,
2023-04-17,151.2662806990645,156.39695256855356,151.00089855966232,155.99888610839844,26681555,,
2023-04-18,156.79504216280606,158.16617217043847,155.4681447679163,157.37002563476562,22020172,,
2023-04-19,157.8122958448914,158.4757444207492,156.0873322472402,156.79501342773438,15390111,,
2023-04-20,156.66233655239512,158.166150696184,156.04310705386752,157.23731994628906,22349098,,
2023-04-21,156.8834877445794,157.59115546826007,154.45084282521145,156.08734130859375,9950240,,
2023-04-24,156.1315613323311,159.71418626078238,155.91041181203036,159.40457153320312,15791156,,
2023-04-25,159.66996400716178,163.60642302410255,159.40458186601933,162.85452270507812,27156717,,
2023-04-26,162.63337836543982,163.03144484092073,160.81994942391935,162.3679962158203,14202887,,
2023-04-27,162.3679739139864,164.53523642538696,162.10259180081806,164.3140869140625,18033465,,
2023-04-28,164.40258179794495,166.74676164202938,164.09296702703685,166.08331298828125,16456548,,
2023-05-02,167.18903140519896,167.49864612177402,165.5967522160466,166.3928985595703,12929639,,
2023-05-03,161.83721640497018,163.78332948582295,159.71418640729365,163.25257873535156,25426587,,
2023-05-04,163.29682488908173,164.66794123166028,162.76606059667304,163.82757568359375,19411660,,
2023-05-05,163.82758525852321,166.65829682171872,161.8814719024449,162.2353057861328,17390789,,
2023-05-08,162.85453314047123,163.8718156658235,158.16616000618805,161.8814697265625,22633379,,
2023-05-09,162.76606376792296,163.56219672415077,156.61810916757264,157.32579040527344,18841858,,
2023-05-10,155.6892590521731,158.3872858432813,152.85854795080354,157.8565216064453,26166068,,
2023-05-11,158.69690504226395,160.02380228675747,157.45847301322874,157.90077209472656,15838880,,
2023-05-12,157.9007681893302,159.7141970781987,157.19308697685756,158.12191772460938,16182905,,
2023-05-15,158.25462023391245,163.2083757926312,156.83927114420567,162.63339233398438,20342506,,
2023-05-16,164.00447579219576,166.74673519185657,162.67757869517834,164.9775390625,47421816,,
2023-05-17,166.92365466237237,168.0736348636501,162.54489687471425,164.44677734375,40572322,,
2023-05-18,165.81793166910091,165.95062949926273,159.0507607656704,159.53729248046875,31727394,,
2023-05-19,160.1122533532847,161.30646616695637,157.45845909881035,160.90838623046875,18643969,,
2023-05-22,160.99687500342387,161.21802455699998,158.60846252438114,160.15650939941406,13737270,,
2023-05-23,160.33340651253098,163.3410346700215,160.15648959113082,162.14683532714844,14267334,,
2023-05-24,161.39492145759513,163.7391145331291,160.99685501017115,161.57183837890625,12655399,,
2023-05-25,160.95263061233743,161.83722876189455,159.09498259700544,160.8199462890625,13210338,,
2023-05-26,160.9968663577001,163.38527870848222,160.51033466638043,162.3679962158203,15666509,,
2023-05-29,163.6506542802668,163.96026902536093,161.9256906239189,162.54490661621094,11239265,,
2023-05-30,161.88145278964572,163.29681515308513,161.61607065926387,162.45643615722656,8962430,,
2023-05-31,162.36798546704514,164.13718168352528,161.08532090967623,163.65065002441406,15821118,,
2023-06-01,163.6506591780148,165.55253981795195,162.85452623522636,163.51797485351562,11592705,,
2023-06-02,164.35833443145467,165.5083146942817,163.73911844313125,165.19869995117188,9643005,,
2023-06-05,165.68522667625396,166.12752572584466,164.04871479361006,164.2256317138672,6213398,,
2023-06-06,164.1814130137798,164.66793117121767,163.11988449381687,163.91603088378906,8102412,,
2023-06-07,163.91603369462655,166.56982804424953,163.91603369462655,165.773681640625,12778032,,
2023-06-08,165.8179168701172,167.32173099245568,164.62371749262616,165.8179168701172,13367812,,
2023-06-09,165.95061978724286,166.08330411174202,162.85452623522636,163.51797485351562,10197155,,
2023-06-12,163.5621992494353,165.77369471520862,163.38528231175286,165.41986083984375,7693347,,
2023-06-13,165.95060593946195,166.9236557330185,165.24292477276,165.6409912109375,7274187,,
2023-06-14,166.5698306802346,166.6582823945508,164.8890861334711,165.8179168701172,12464768,,
2023-06-15,165.41986473091364,166.21599771816014,161.5718571307949,162.2353057861328,14951075,,
2023-06-16,162.54489164394343,166.74673238031747,162.32374213150268,166.3928985595703,15225297,,
2023-06-19,166.9236760901131,172.40818217959617,166.56984221255829,171.39089965820312,33267447,,
2023-06-20,172.49664044429963,174.08891982490326,171.1697432101127,172.45240783691406,28783695,,
2023-06-21,172.85046589791258,175.59272544763863,172.49663205183646,175.2388916015625,19593213,,
2023-06-22,175.50427092179808,175.63696874557724,170.06399759427393,170.99282836914062,19689242,,
2023-06-23,170.99282348684548,171.7447238085379,168.56017859721806,170.01976013183594,14090074,,
2023-06-26,169.7986061068259,170.28513777146645,167.10057914645202,168.73709106445312,13686846,,
2023-06-27,169.04671454697672,169.93131271101552,168.560182857176,168.9140167236328,11963762,,
2023-06-28,169.22361914502017,169.7986025105745,167.36595773679008,168.07363891601562,19223838,,
2023-06-30,169.9866707817262,173.99492528043385,168.84796053774429,173.40280151367188,17037322,,
2023-07-03,174.5415176041289,181.96590308347086,173.08396288290095,181.373779296875,27140339,,
2023-07-04,182.83132096038858,186.47519387997886,179.77958573039493,184.3344268798828,31824698,,
2023-07-05,184.5621853123652,187.5683696175288,183.833407883733,186.93069458007812,20060420,,
2023-07-06,186.70294786279385,187.56836495641923,184.7443716035221,187.15843200683594,16656768,,
2023-07-07,186.29299244127773,191.75880151045948,184.37995370695563,190.39234924316406,27442860,,
2023-07-10,191.07559336736279,192.03211282458406,184.8354551990705,185.2909393310547,19991207,,
2023-07-11,185.837533565983,188.3426963959166,185.10875614449313,186.6118621826172,12758317,,
2023-07-12,186.6118580501803,188.20605254301714,185.56423618615239,186.47520446777344,14552433,,
2023-07-13,186.74850076588277,188.06940201563563,177.86655987579812,179.46075439453125,31426517,,
2023-07-14,179.68847612222476,182.23918984343103,177.6843488770882,180.736083984375,16740705,,
2023-07-17,180.82719959041322,184.01558850006785,179.14190274948675,183.5601043701172,20040400,,
2023-07-18,184.42551361183203,184.51661599406572,179.00525547545408,180.32615661621094,18873958,,
2023-07-19,180.28061041431732,182.8313242844597,179.0052604293823,182.1936492919922,15994698,,
2023-07-20,182.19364886357096,184.60770915090436,180.91829888163485,181.32823181152344,26224512,,
2023-07-21,181.32822863232295,183.87894245174613,178.73196362142806,179.0963592529297,25136493,,
2023-07-24,180.28060493913787,183.69673575961374,179.5062902933265,180.6905517578125,20374723,,
2023-07-25,182.55803168736256,182.55803168736256,178.18539520883863,178.68641662597656,14054071,,
2023-07-26,179.779600172472,180.82720816090196,178.23094293702155,180.14398193359375,15919450,,
2023-07-27,179.4607583001686,184.78992851030836,179.4607583001686,181.51043701171875,23760784,,
2023-07-28,181.0093772244831,183.8333841837566,179.9162181726026,183.19570922851562,14094619,,
2023-07-31,184.01559354690556,185.6097880454555,182.92243438509735,184.19778442382812,14250110,,
2023-08-01,184.74435237703563,184.83544085620062,182.05699898691688,183.19570922851562,11501548,,
2023-08-02,182.92243262801668,183.01352111546655,175.49803283735056,177.41107177734375,24788813,,
2023-08-03,177.63882281088678,178.00320457962022,174.08605191477844,176.09017944335938,21237820,,
2023-08-04,177.36551706259058,178.6864182567109,172.71958728669097,174.31378173828125,32781495,,
2023-08-07,172.1730022868849,176.68229242386784,170.98874076094174,172.53738403320312,36759947,,
2023-08-08,173.53944935233352,178.95970758879554,172.67403230622148,177.50216674804688,27985916,,
2023-08-09,177.6388087812305,178.13984409887306,175.22474847841502,176.7733917236328,18258446,,
2023-08-10,176.27235885778697,177.45662037952172,173.76719613500188,174.81480407714844,19638255,,
2023-08-11,175.81687607074883,177.22887966898813,174.4504236660539,175.49803161621094,16329445,,
2023-08-14,175.45248467072548,175.45248467072548,170.7609899992037,171.94525146484375,23911976,,
2023-08-16,171.2620318513638,171.71751597862806,169.21235327867458,170.12332153320312,18788329,,
2023-08-17,170.35105661693913,173.67608504962092,169.44008839973625,172.99285888671875,18843899,,
2023-08-18,172.8106776003661,175.4980312099913,172.173002593039,174.6326141357422,15291405,,
2023-08-21,175.22475423769404,175.22475423769404,172.9928708312263,173.90383911132812,11518119,,
2023-08-22,174.31377716061908,174.72371008592253,172.94732480942616,173.31170654296875,10826294,,
2023-08-23,173.53944667142176,177.3655104321546,173.3117046154225,176.13571166992188,18722788,,
2023-08-24,177.36550764928987,177.59324970171582,173.7671860010139,174.76925659179688,15902958,,
2023-08-25,173.5394579016644,174.81480793768296,171.99081460070673,172.85623168945312,9756340,,
2023-08-28,173.311713959686,173.9493889708103,172.62848775485148,173.22061157226562,8300624,,
2023-08-29,173.7671947958707,174.54152337341867,172.35519121930977,174.13157653808594,7538838,,
2023-08-30,174.49596291102276,175.27027754716528,174.22266966874295,174.58705139160156,8630672,,
2023-08-31,174.45041884011673,175.7257688224421,169.85002642485293,170.48770141601562,24500769,,
2023-09-01,170.4877026130778,174.72371332035488,169.7133879398979,173.63055419921875,15838571,,
2023-09-04,174.1315704296378,178.45866949294566,173.26615339703062,178.04873657226562,16612736,,
2023-09-05,178.2764818443779,180.73609331310203,177.18332273608632,178.36758422851562,14710293,,
2023-09-06,179.00526158259464,179.9617810275943,176.72784095177283,177.63880920410156,15607001,,
2023-09-07,177.638816493332,179.23301100032344,177.1833323484773,178.77752685546875,10535198,,
2023-09-08,178.95970152035528,182.19364143589678,178.7319594685604,180.18951416015625,15379639,,
2023-09-11,181.0093940079704,186.4752036744432,180.59946106303948,184.74436950683594,22766508,,
2023-09-12,186.20190780583488,186.20190780583488,180.23507679030476,182.14810180664062,21077042,,
2023-09-13,182.10254478219554,190.8022942144211,180.4628130779203,190.07351684570312,38949196,,
2023-09-14,191.48553633767767,194.21844127275472,190.84786129954767,193.0341796875,29826455,,
2023-09-15,193.26190325501946,193.7173873672399,190.62010096424976,192.0321044921875,16238012,,
2023-09-18,191.21222281976384,200.09416291840014,191.0755831475859,197.9989471435547,36322604,,
2023-09-20,197.63455581487594,198.7277149168861,194.0362340664677,194.4461669921875,29729690,,
2023-09-21,193.89960743571388,198.13560445357768,188.069401998985,188.7070770263672,22066890,,
2023-09-22,191.03003828511171,198.5910775021756,190.1190700396889,196.17701721191406,37302904,,
2023-09-25,197.0424378807169,199.9119823463457,194.9927592909042,198.04449462890625,22756990,,
2023-09-26,198.13560571573615,198.5910898668068,193.8996086708883,194.6283721923828,11773544,,
2023-09-27,194.9472137530086,196.9968924022809,192.85198390925348,195.72154235839844,14556599,,
2023-09-28,195.72152435764798,197.22461633543057,191.0755809531481,191.89544677734375,26793595,,
2023-09-29,193.35301383732198,196.13146981975027,193.12527177155363,194.9016571044922,9613748,,
2023-10-03,194.49173479363827,198.7732830839822,193.12528232436213,198.45445251464844,12939332,,
2023-10-04,197.63456293999727,197.95340739386992,192.12320213917153,193.48965454101562,21610557,,
2023-10-05,194.85609574791152,195.35713104652322,191.30332526734108,193.6262969970703,11700848,,
2023-10-06,194.9472082050753,196.76914473035637,193.48965342474142,196.1314697265625,14552427,,
2023-10-09,193.48964575980708,196.1314619569748,191.5766208242084,192.89752197265625,12102991,,
2023-10-10,193.26191462282546,195.44824683024837,193.03417255331928,195.2205047607422,12358739,,
2023-10-11,191.30333847139187,192.16875555585074,187.9327586212362,188.75262451171875,43037191,,
2023-10-12,189.48138890455778,190.80229003753996,188.98035360576537,189.25364685058594,14176014,,
2023-10-13,188.47930520151442,188.52485638919586,183.28678951206038,185.38201904296875,27835260,,
2023-10-16,183.514547046008,188.11493938486913,183.514547046008,187.47726440429688,15730299,,
2023-10-17,187.84164516911585,189.61803042737805,187.47726343931353,188.88926696777344,12501262,,
2023-10-18,188.57042592590096,190.07351796375212,184.92655296114924,185.5186767578125,20282190,,
2023-10-19,184.4710865834964,187.65947573432226,183.2868249759921,186.88514709472656,12922522,,
2023-10-20,186.01969810393726,187.29506188600786,183.28679358556323,184.2888641357422,17030658,,
2023-10-23,184.28887926336006,185.60978044228133,176.7278400284789,177.8209991455078,15784543,,
2023-10-25,178.45867600533933,180.59945696962802,176.4545486197788,177.4566192626953,14959554,,
2023-10-26,176.3178998114998,176.54564186398164,171.12538379496806,172.30963134765625,29658835,,
2023-10-27,173.53945778551684,179.91623576188755,173.53945778551684,179.32411193847656,14885363,,
2023-10-30,179.59738614520558,182.0570115571017,177.27442821217196,180.59945678710938,11946838,,
2023-10-31,181.7381620531642,181.96590411087493,178.2309288043101,178.73196411132812,9074535,,
2023-11-01,178.9141652109506,180.55391090031227,177.68436636913404,178.09429931640625,7915346,,
2023-11-02,179.4607368216804,182.740227927769,179.2785459602914,182.1025390625,14242502,,
2023-11-03,183.42344993669457,186.06525211779336,183.1046055112679,185.6553192138672,19177688,,
2023-11-06,182.19363340307962,183.74227650695158,177.41105052624877,178.1853790283203,37345564,,
2023-11-07,179.0963570300587,179.0963570300587,173.67608501845666,174.22267150878906,51310933,,
2023-11-08,176.0446306699282,176.77340811769804,174.49598728108836,175.3614044189453,22372624,,
2023-11-09,176.09017253843126,177.0922293132919,175.4069463236419,175.81687927246094,13121704,,
2023-11-10,175.36138582847352,177.86654848316599,174.678159649921,177.50216674804688,10091704,,
2023-11-13,177.82100183163723,179.73404074054005,176.18125618118802,179.1874542236328,14626408,,
2023-11-15,181.1005051623785,181.60154051944667,179.6885014834677,180.0984344482422,18154099,,
2023-11-16,180.55389818483033,182.1936437587131,179.41518791133836,180.6905517578125,13256095,,
2023-11-17,177.63878849248516,180.37169293083107,176.50007830984103,179.27853393554688,16351676,,
2023-11-20,179.91623202469816,181.00939116074306,178.54977962957386,180.05287170410156,10307666,,
2023-11-21,180.3717153264188,180.96383913480562,177.3199660979083,178.32203674316406,8970682,,
2023-11-22,178.95970715243374,179.27855159508968,175.63467865169466,177.31996154785156,15231149,,
2023-11-23,177.72990279116655,179.09635510201528,176.68228101268616,177.0466766357422,5846991,,
2023-11-24,177.1833242302135,178.09429247818372,175.58912979626552,175.90797424316406,5469063,,
2023-11-28,175.86242290237166,180.9182994543964,175.58912964815661,179.05081176757812,12382178,,
2023-11-29,179.68849459441535,180.69056527013342,179.00526837922743,179.82513427734375,7617440,,
2023-11-30,180.23506024246637,183.83338177878974,178.86860797042425,179.5518341064453,21558187,,
2023-12-01,180.8271877368476,185.70087316794937,180.69054806692841,183.87893676757812,21923402,,
2023-12-04,186.88512753660194,191.30332902904834,186.88512753660194,190.4379119873047,35929143,,
2023-12-05,190.89340569327103,195.58488677121042,190.48347274767087,192.07766723632812,24365491,,
2023-12-06,192.21430329957565,192.76088981693462,189.48139851332576,190.89340209960938,22088409,,
2023-12-07,189.9368916989439,194.2639911501189,189.52695874151883,192.3509521484375,14842658,,
2023-12-08,192.2143063815135,196.49585450190023,189.9368856897894,193.12527465820312,29505509,,
2023-12-11,194.03623217949612,197.9078471408241,193.94512979676782,196.0403594970703,16170438,,
2023-12-12,196.90578204334332,197.81675029503637,194.99275705495134,196.86024475097656,18271153,,
2023-12-13,197.31573136246902,202.82707823442215,195.53933212907182,201.36953735351562,34720253,,
2023-12-14,204.05689053202215,204.42127227643462,200.04863574239502,200.50411987304688,18247186,,
2023-12-15,202.1438509165476,206.2432080780841,199.1832040776601,204.69456481933594,23378701,,
2023-12-18,204.46682461637636,207.29083180236617,203.05482102338146,204.33018493652344,12657351,,
2023-12-19,205.15002997133953,208.15622772510426,201.82500169688944,205.96990966796875,17582770,,
2023-12-20,207.19973070602902,209.06721844386098,197.81675472348311,199.7753448486328,24608319,,
2023-12-21,197.68010127736792,205.78771277425727,195.94926724103885,204.83120727539062,16908481,,
2023-12-22,204.96785486408007,206.5620492908007,201.6883636261459,203.6925048828125,11469899,,
2023-12-26,203.05481409096288,206.47094497338335,203.05481409096288,205.2866973876953,9215256,,
2023-12-27,205.87882548365099,212.93882945488238,205.10449690734245,211.34463500976562,27861855,,
2023-12-28,213.16657193924704,214.94295725868628,210.93470249173248,212.21005249023438,35086844,,
2023-12-29,212.34670148764314,212.84772289749895,208.93057060077805,210.52476501464844,11051281,,
2024-01-01,211.75458118865356,215.67174770742815,210.52478230852176,212.9388427734375,13199707,,
2024-01-02,212.89327458895195,214.8063134501944,208.47508697173538,210.16036987304688,12803886,,
2024-01-03,209.88708933821948,214.48748200211332,207.0175447727656,212.1189727783203,21410875,,
2024-01-04,212.30115461806628,218.72348359618118,212.1645010396462,216.58270263671875,14698523,,
2024-01-05,217.72141501683376,218.08579676219222,210.34256652100777,213.75869750976562,14545656,,
2024-01-08,210.88914416185884,210.88914416185884,202.87262099897785,203.55584716796875,27673291,,
2024-01-09,206.78979185630487,207.10863630253584,202.87262561817943,203.32810974121094,13420799,,
2024-01-10,203.41922222808793,204.967865543249,199.91198874646093,203.92025756835938,13503894,,
2024-01-11,204.96785799072833,207.15417624918712,204.05688973299178,205.92437744140625,11247115,,
2024-01-12,206.69869010210726,211.5723757935201,205.19559805162714,209.4315948486328,17600195,,
2024-01-15,210.1603693798862,212.4833411630089,208.2928817150122,210.52476501464844,12678381,,
2024-01-16,210.52476779353375,213.39431221626901,208.97611065082856,210.66140747070312,13977706,,
2024-01-17,208.61172871050445,212.4377925705553,204.55792278854256,205.42333984375,34099113,,
2024-01-18,204.92231220075936,209.70489567997373,202.23495854963633,207.42747497558594,16224153,,
2024-01-19,209.11276564768283,210.8891509643039,208.15624620018767,210.1148223876953,9445978,,
2024-01-23,213.1665559992771,214.76075032833154,201.73390245943256,202.5993194580078,36926359,,
2024-01-24,203.14591233279899,208.61172163323303,200.09416324661456,208.29287719726562,36236660,,
2024-01-25,207.7007747808813,210.75252418097287,203.4192265018564,206.83535766601562,20473287,,
2024-01-29,207.38192147415293,214.76077003438292,207.38192147415293,213.39431762695312,20641625,,
2024-01-30,214.07753309235864,220.81869240409432,212.9843740013031,216.3094024658203,22612702,,
2024-01-31,217.63032032102726,227.74207396519097,211.39019583454487,225.55575561523438,63750711,,
2024-02-01,227.74206463967707,234.52878928615743,221.3652868297661,233.16232299804688,43749140,,
2024-02-02,236.2140531911096,237.762710317225,231.84141676526343,232.52464294433594,29946219,,
2024-02-05,234.7109703094907,239.12917199988337,232.98013614845777,234.52879333496094,21283536,,
2024-02-06,235.02981864841024,235.30309801499234,224.28039005420356,228.01536560058594,17506394,,
2024-02-07,230.38386577782833,230.38386577782833,221.04644117832711,222.86837768554688,55656306,,
2024-02-08,225.92014185428465,233.48116773967308,225.05472473610718,230.5660858154297,33645402,,
2024-02-09,230.79380856340916,242.7730353281213,225.4646388131708,240.04013061523438,46201039,,
2024-02-12,242.40865150641406,243.59289908491945,230.52051332764006,232.0236053466797,26620786,,
2024-02-13,232.0236129110117,237.3072315960846,227.01328748383906,236.48736572265625,18922366,,
2024-02-14,232.38801034514702,246.8724002224433,229.88284761226245,243.95729064941406,30063655,,
2024-02-15,245.87034351469998,252.33822413383547,245.09601488414384,251.1539764404297,32254489,,
2024-02-16,251.51834527982564,255.75434218149374,250.106327778906,251.1083984375,20666587,,
2024-02-19,251.10839733683986,252.33821005788081,245.73369011954279,246.59912109375,14006706,,
2024-02-20,246.05254403068554,250.33407837150438,245.7336995647462,248.92208862304688,14006722,,
2024-02-21,249.14982130965558,254.61563091791126,248.69433717563425,250.6073760986328,19624058,,
2024-02-22,250.7440065100105,252.29266362865516,246.0980629546208,251.06285095214844,11871556,,
2024-02-23,251.42723575450043,255.20774841316387,241.67986440756826,244.913818359375,23264484,,
2024-02-26,244.9138220531653,248.1477482532015,242.95524585593725,245.55148315429688,12448638,,
2024-02-27,245.55146693912894,248.78542072615372,243.59289087123688,246.28025817871094,15572873,,
2024-02-28,246.28028633698477,247.28235703064155,237.44388267548385,238.44595336914062,13653858,,
2024-02-29,238.1271053261295,243.77511984150735,235.34866316324525,241.81654357910156,16296464,,
2024-03-01,242.77303643887825,247.96556653733847,241.77096581279275,247.009033203125,9702235,,
2024-03-04,249.1953577900341,251.65498322594468,247.87447048600785,248.8765411376953,11707996,,
2024-03-05,248.64880513545916,253.79577039852677,248.01111621413924,253.3402862548828,14431461,,
2024-03-06,253.11253929901855,258.94273066505315,247.1456804520912,257.3940734863281,32754392,,
2024-03-07,257.39407722684354,259.1704764988111,254.34235571940306,256.6653137207031,10994198,,
2024-03-11,258.57831613984007,260.1725104097521,251.88269464610116,252.7025604248047,18217736,,
2024-03-12,252.3381986921263,254.6156192579397,246.7357496603341,247.41897583007812,12003823,,
2024-03-13,247.78335302920013,249.1042680534335,235.39417981763143,237.67160034179688,20711328,,
2024-03-14,236.76063164618614,240.35896718719945,232.8434794728788,236.1229705810547,13623004,,
2024-03-15,235.48529776625747,238.2182025759239,227.87870715257682,231.3859405517578,17126874,,
2024-03-18,230.8848959801285,234.93870183879105,229.74618568835407,231.84141540527344,10806790,,
2024-03-19,231.20375895355474,233.02569556642706,226.3756241493884,226.92221069335938,11016984,,
2024-03-20,227.65096026594512,230.4749674029279,222.09406227742136,227.6054229736328,17342930,,
2024-03-21,230.9304430151057,234.39211111957226,230.47495890659465,232.9345703125,10121220,,
2024-03-22,232.75240305382536,237.67162636452096,231.06710612131064,236.6695556640625,11402546,,
2024-03-26,235.94077501000527,240.26787416559418,235.94077501000527,238.26373291015625,8259347,,
2024-03-27,237.76270645805027,240.31340636496887,234.75652243914308,235.71302795410156,19196992,,
2024-03-28,235.7130323962512,242.68193388090106,235.7130323962512,240.54115295410156,11966752,,
2024-04-01,242.31755201774104,244.3672305592445,241.49768616124854,243.0007781982422,7378701,,
2024-04-02,243.22852329561061,247.9200042335256,242.68193678427556,247.1456756591797,10897757,,
2024-04-03,246.78128918416888,251.1539533904184,243.91174480539078,249.83303833007812,18329459,,
2024-04-04,251.65497635553197,252.06492318384022,244.4583328180528,245.4604034423828,14291037,,
2024-04-05,245.4604150809211,246.69020002306735,242.4542030653911,244.95936584472656,11296905,,
2024-04-08,247.78333979760095,248.19328659027704,243.228498992498,243.77508544921875,15992006,,
2024-04-09,245.05044929231403,245.8703151238896,240.04012412090984,241.862060546875,10451503,,
2024-04-10,241.86206504842357,248.1022029836047,241.72542537404175,246.690185546875,15233408,,
2024-04-12,245.7792173494298,248.01110063328957,242.68193092734145,244.0939483642578,11496987,,
2024-04-15,241.5432213265319,242.77303400071565,236.85174048850308,238.12709045410156,11835728,,
2024-04-16,235.75856674864292,236.39625562971142,231.38593036588324,232.0236053466797,11074547,,
2024-04-18,232.52464964583112,239.94903544561836,232.52464964583112,235.94078063964844,13204672,,
2024-04-19,233.66334115740892,234.66541172832902,228.74411848262469,234.0732879638672,9169415,,
2024-04-22,235.8496772170678,238.67368438632803,234.84760656984062,238.03599548339844,9419094,,
2024-04-23,239.58465317120638,240.08567459564296,236.57846902349675,236.98838806152344,14502060,,
2024-04-24,237.99046714389988,238.53705368118167,235.4397670373129,236.03189086914062,8677169,,
2024-04-25,235.94076045512486,245.5059264195218,235.48527636158215,244.73159790039062,23475720,,
2024-04-26,245.96142728231763,248.42105267535868,243.54736698206307,244.18502807617188,14775940,,
2024-04-29,245.14155204562235,249.51418835435496,241.40657680661874,248.32994079589844,22257247,,
2024-04-30,249.0131753965564,259.44374512423155,248.32994921262613,256.43756103515625,39453521,,
2024-05-02,256.392007076911,258.6238624523462,254.16012390093297,254.52450561523438,12366464,,
2024-05-03,257.1207869971544,257.34852905826796,249.83304104152205,251.19949340820312,19568548,,
2024-05-06,251.42724308783207,251.42724308783207,236.5784713735152,242.04428100585938,34253148,,
2024-05-07,242.864155503268,244.45835003590315,234.84761774454634,235.986328125,17373412,,
2024-05-08,235.98631406637531,242.4997592949761,235.1209109091138,239.12916564941406,31407247,,
2024-05-09,245.9614303815191,247.51008754488004,236.80621048198057,239.26580810546875,33562988,,
2024-05-10,242.04427409108635,242.955242337119,226.2389694623114,232.16026306152344,39476449,,
2024-05-13,237.12503850545366,238.49149096199807,229.15407974255118,235.986328125,31581807,,
2024-05-14,236.57847540342146,239.76686440993365,234.665436439405,237.62608337402344,12196792,,
2024-05-15,237.99045024703742,243.8662064546939,237.5349661317321,240.40451049804688,19280956,,
2024-05-16,240.99663757311558,243.31962327316634,235.98631223645583,239.49354553222656,15531360,,
2024-05-17,239.17469836153802,241.08773721020785,236.76063810512943,238.12709045410156,13847808,,
2024-05-21,238.21818769494467,243.0463081035349,237.07947742871644,241.862060546875,17185189,,
2024-05-22,243.22851662787895,244.09394756381374,239.12915960606077,239.9034881591797,16912682,,
2024-05-23,241.8620673474495,247.78336089832868,241.04220149282128,245.2781982421875,24738523,,
2024-05-24,245.00491333007812,247.96556003832148,243.9117403483554,245.00491333007812,16509527,,
2024-05-27,245.50594258092883,249.05871318432872,241.99870926966378,246.4624481201172,13764764,,
2024-05-28,246.87238859928812,247.60115205796143,239.2202610810426,240.76889038085938,12897363,,
2024-05-29,239.49355151164468,242.49976346902312,238.4914808591852,239.94903564453125,15041927,,
2024-05-30,238.44592746209275,243.59289225598917,237.8993409794349,239.447998046875,9840965,,
2024-05-31,239.94902313643811,242.63639050059948,238.21818908180336,241.3154754638672,17253924,,
2024-06-03,252.33819682485654,273.01718652963814,252.33819682485654,270.51202392578125,74818392,,
2024-06-04,266.00271677130536,266.00271677130536,216.44605180963663,226.14785766601562,84878240,,
2024-06-05,234.11884084848256,239.44801068471457,215.39844048307276,236.85174560546875,70386788,,
2024-06-06,239.22027677955822,249.60530965014868,238.17266881376347,244.95936584472656,31690680,,
2024-06-07,244.45833006385445,247.78335854301773,243.00077533584553,246.690185546875,19749116,,
2024-06-10,249.05870605484418,254.6156177629091,248.10220054303647,251.79161071777344,21735106,,
2024-06-11,251.8827485000521,254.4334487570487,249.60532762753803,250.33409118652344,13094039,,
2024-06-12,250.42513628363804,259.5348176893764,249.37752848208643,258.1683654785156,29504096,,
2024-06-13,259.6259470218321,259.8081517890827,256.2098161399659,257.5307312011719,14322702,,
2024-06-14,257.8040319451078,261.90338934352826,256.528681870153,260.7646789550781,13911039,,
2024-06-18,260.76468577515396,262.7688272314614,259.71707775048986,261.72119140625,10174646,,
2024-06-19,261.4478755059125,264.6362642315944,257.485158243885,258.66943359375,33193685,,
2024-06-20,258.71499343957703,262.085587220804,258.3961489791022,259.80816650390625,13675594,,
2024-06-21,259.80815852137346,261.2656854949692,253.7957624533836,254.47898864746094,15165917,,
2024-06-24,254.61562042637382,256.9841433857978,249.14981104333899,255.61769104003906,17778427,,
2024-06-25,255.98208297888976,258.2139663528384,254.1601464452322,255.66323852539062,13386910,,
2024-06-26,256.8930442301196,258.3505989773497,254.34234427287518,255.93653869628906,16075754,,
2024-06-27,255.0711184416788,257.71292089400134,252.33821360123224,254.93447875976562,14743494,,
2024-06-28,255.6367742143524,262.9406706184032,255.54312865499534,257.8841247558594,15270017,,
2024-07-01,257.74366108454194,258.72686797956044,254.46626666566493,254.8408203125,12001891,,
2024-07-02,255.63677155116818,256.10497076646334,247.39647679261793,248.1455841064453,13960959,,
2024-07-03,250.29929476017895,252.59348239796037,246.3196013396365,250.8143310546875,18643235,,
2024-07-04,251.0016055378737,254.18538328703292,248.61380080261853,252.96804809570312,12965149,,
2024-07-05,252.82756185494273,256.94770899947895,251.84435498948443,256.3858642578125,15355368,,
2024-07-08,250.95478431511683,250.95478431511683,244.915002888828,245.6641387939453,22806599,,
2024-07-09,247.4900940176696,247.86467625156376,244.4936361828023,245.05548095703125,13578992,,
2024-07-10,246.74098211768566,246.74098211768566,238.3602191690725,240.23300170898438,18117284,,
2024-07-11,242.24628624742655,242.5740028379568,239.29662260806145,240.3734893798828,9469388,,
2024-07-12,240.74804306732716,242.62083993509847,234.14643125077197,234.6614532470703,19538619,,
2024-07-15,236.53425088946096,242.80810327107355,234.70826250675907,242.10580444335938,29164529,,
2024-07-16,243.27630609067518,244.3063501018925,240.6075933671473,241.77809143066406,18989023,,
2024-07-18,241.77808234336644,242.38673559819614,238.59431915727964,239.20297241210938,18903883,,
2024-07-19,239.71799907473044,240.88849711708752,232.92911042905936,234.6614532470703,13018805,,
2024-07-22,233.81868060075,239.90528456658757,231.0563081432237,236.90879821777344,14680632,,
2024-07-23,238.87524768957036,238.87524768957036,228.34076524264643,235.12965393066406,9028466,,
2024-07-24,235.97241220710495,236.81516510680768,230.4008442209874,233.11639404296875,21869220,,
2024-07-25,232.46089563025856,233.2568399610317,229.27714688377648,229.74534606933594,16680821,,
2024-07-26,230.35400855482158,234.75507821832977,228.52803451540183,233.8186798095703,16144925,,
2024-07-29,237.84519263461394,244.165881808959,235.31691982253705,239.6243438720703,32691314,,
2024-07-30,240.23301076531047,241.54399145577375,238.68795903910768,239.9521026611328,11358547,,
2024-07-31,241.02895016719503,241.02895016719503,235.5042051455056,237.5174560546875,17796739,,
2024-08-01,241.68443052122436,242.012175673517,234.33369743385126,235.2700958251953,33759802,,
2024-08-02,234.09959963366384,234.09959963366384,227.1234344222418,228.20028686523438,26445597,,
2024-08-05,223.19056810488374,226.32749422460012,216.54213363786894,224.6887969970703,33533629,,
2024-08-06,226.1870451895559,230.68176054232413,223.51830393026364,224.26742553710938,22617452,,
2024-08-07,227.5448036675259,228.902578444918,223.79921019151726,227.9193572998047,15128074,,
2024-08-08,228.0130220658459,229.18352012573217,225.20382672211883,225.99977111816406,10738946,,
2024-08-09,227.73209757464937,234.28688664959253,226.7020678644278,230.21356201171875,18588035,,
2024-08-12,228.48121626598714,231.2435887689188,227.0766186250077,229.27716064453125,11628884,,
2024-08-13,229.46443093426223,230.8690285352208,225.6720145540129,226.3743133544922,10527254,,
2024-08-14,226.51476955925781,227.91936717361034,223.5651202844399,224.22059631347656,13196198,,
2024-08-16,226.14022764646919,228.2471241773369,225.20382918830575,227.96620178222656,8039046,,
2024-08-19,228.38757795509,233.58459224928592,228.38757795509,231.6181640625,10533731,,
2024-08-20,231.61815419524464,238.82841914957214,231.24358625540455,238.17294311523438,25268902,,
2024-08-21,238.64114486283663,239.1561525670991,235.0828279821793,237.28335571289062,14318532,,
2024-08-22,238.17294237699724,240.4671013459156,237.3769980095718,237.9388427734375,11102262,,
2024-08-23,237.93884069922353,238.87523910529947,235.78512150758766,236.4405975341797,6941785,,
2024-08-26,237.14289574070983,237.56427216472025,235.0359993323521,235.41055297851562,12148085,,
2024-08-27,235.5978498039053,236.44060267236554,234.19325216426748,235.22328186035156,7571973,,
2024-08-28,235.2232815225547,235.6446579561797,232.2736321988736,233.9591522216797,16568081,,
2024-08-29,233.95914577567206,234.7550758420775,231.8990578666094,233.91232299804688,9988780,,
2024-08-30,234.5209834403004,237.70474666855685,233.77186184022204,234.19325256347656,12909590,,
2024-09-02,235.03600665641403,239.6711760415785,232.32045691634366,237.75155639648438,17493446,,
2024-09-03,237.56427643843813,238.45385208030902,234.42735030254536,234.7550811767578,9389384,,
2024-09-04,232.17998586712764,233.58458350006646,226.9361632771396,228.0130157470703,17943213,,
2024-09-05,229.41761173957448,229.51125729642322,225.53156403155305,228.34075927734375,14160225,,
2024-09-06,228.0130212427441,228.66849729625292,220.10045724413763,220.84957885742188,21276104,,
2024-09-09,220.84957167387452,222.11370095988633,216.77623285734506,220.5686492919922,15982999,,
2024-09-10,222.20734964423593,222.3478036930011,220.05363040389827,220.7091064453125,10135668,,
2024-09-11,220.99001748796158,222.11369268532405,217.0103243764199,217.99354553222656,11565080,,
2024-09-12,220.05362296157452,222.76917259343764,218.3681029918673,222.0200653076172,8287067,,
2024-09-13,223.61194306257948,225.81247075208157,221.64550068716366,224.22059631347656,15452772,,
2024-09-16,225.15700284082507,226.56160050581875,223.37785151382226,223.93968200683594,6992312,,
2024-09-17,224.7356247553497,225.3442780237396,223.0501047120233,224.26742553710938,6653415,,
2024-09-18,223.79920895459398,225.57836013054276,222.0200577786452,222.7691650390625,10071196,,
2024-09-19,223.61195141112034,226.23386991346203,216.30804068613503,220.84957885742188,15897092,,
2024-09-20,222.76917048112236,224.267413615168,220.05362087500828,220.52182006835938,17417523,,
2024-09-23,222.20735124708202,229.79216998953999,220.9900304252141,228.9494171142578,16696706,,
2024-09-24,228.76213496644957,231.3840533783662,226.51477020410422,228.10665893554688,10357559,,
2024-09-25,228.1066541115965,229.55806018922064,225.25063615701978,227.73208618164062,9323772,,
2024-09-26,228.48120725873963,230.30718126236764,226.3274881031478,229.5580596923828,7377443,,
2024-09-27,229.60489024951113,234.0996055334139,229.04305976921455,233.7250518798828,21539028,,
2024-09-30,231.7586131337285,235.5978524403572,230.49446952858568,232.03953552246094,12929732,,
2024-10-01,234.09960456251946,235.4105566327472,232.3204532831667,233.0789337158203,8742175,,
2024-10-03,230.15736752334445,233.88424362224603,228.0130213710221,229.4738006591797,13127876,,
2024-10-04,231.9739691251969,239.4370654356355,228.7995791550229,234.65206909179688,41064802,,
2024-10-07,235.97239270226572,237.17098149038742,223.83666336215197,227.2357940673828,18620251,,
2024-10-08,227.5448175076888,232.87292683751633,225.53156660720245,231.51515197753906,14466416,,
2024-10-09,232.77928544200054,234.56780989675414,228.71531962986904,230.65367126464844,19792122,,
2024-10-10,231.3746811957334,236.05667327604678,229.3146075380567,230.4008331298828,17374776,,
2024-10-11,231.11249758027319,232.41409084535331,226.73015972258403,227.001708984375,9419288,,
2024-10-14,228.29393228063057,230.11990629899404,227.17025706073812,228.99623107910156,6326914,,
2024-10-15,229.47379698778772,232.35790586701216,226.77696493691687,228.3032989501953,10652623,,
2024-10-16,228.2845543375067,229.9700742759498,227.26388353444864,228.6216583251953,5229639,,
2024-10-17,228.6216691713261,229.5955315323192,224.48278985787044,226.5709686279297,10781332,,
2024-10-18,225.34427198036116,232.9291048277634,222.72236785917573,232.19871520996094,10982434,,
2024-10-21,232.22680581218486,235.2232778682293,229.26778340570715,230.13864135742188,7677386,,
2024-10-22,229.4176177532505,229.8858169731551,218.27448203484371,218.78948974609375,10255996,,
2024-10-23,218.7894891511878,224.58579776397505,214.67870058313528,222.82537841796875,16390552,,
2024-10-24,221.67358886521558,230.0730836424096,221.2709444122672,229.20223999023438,11899296,,
2024-10-25,228.4812088895186,230.2603601286639,219.35132451790872,224.28614807128906,13124438,,
2024-10-28,224.73561821571684,237.4519103276862,224.64197265947132,234.02468872070312,34626442,,
2024-10-29,234.00596299720638,238.78160072707027,231.76797131094375,238.3695831298828,15007577,,
2024-10-30,238.50067772633028,240.0832076505375,234.670811569389,235.4854736328125,13781718,,
2024-10-31,235.45739177835398,238.01375559372008,232.4140967591969,234.99856567382812,7738588,,
2024-11-01,236.06605632265791,238.03248450602229,235.97241076179492,237.5642852783203,1782431,,
2024-11-04,237.37701436856756,239.34345688931037,231.8054462775387,236.58106994628906,15810287,,
2024-11-05,237.5642761033022,243.4635890021698,235.4573796600142,241.4971466064453,16900651,,
2024-11-06,243.51039859462708,247.20918379800722,242.62083723829085,245.8513946533203,21915311,,
2024-11-07,246.2727806316343,249.45652949481982,244.39998382074734,246.03868103027344,11833629,,
2024-11-08,245.99188240908308,245.99188240908308,237.9856585753894,240.27984619140625,13569792,,
2024-11-11,239.71800648104278,243.0422095933963,236.72153425769108,241.91854858398438,9319722,,
2024-11-12,242.527196965246,243.9317946310679,235.9724078580772,236.6278839111328,6461353,,
2024-11-13,234.24006540706517,236.76835264035046,226.5147782323312,227.82574462890625,15240064,,
2024-11-14,227.96620241228848,231.1967742442198,225.53157498731855,226.14022827148438,6939685,,
2024-11-18,226.14021538027822,228.34075735292416,221.13047818551703,226.04656982421875,15402466,,
2024-11-19,227.07662311671834,230.3540176771658,221.22413283020498,222.11370849609375,12811548,,
2024-11-21,222.1137044898497,222.30098131797897,205.8672003205091,213.967041015625,32722184,,
2024-11-22,214.43524680703374,222.86283292608746,214.43524680703374,220.9900360107422,16249864,,
2024-11-25,226.60841094567067,232.50772367505792,225.48473573252681,231.38404846191406,18985964,,
2024-11-26,231.38405230919068,234.09960197679925,229.79216358510382,231.75860595703125,5822108,,
2024-11-27,231.75861183590447,233.95915386562845,229.0898705903504,230.775390625,9255064,,
2024-11-28,231.7117875902633,235.97240328501505,229.9794590756387,233.1632080078125,12657927,,
2024-11-29,233.58459484348808,234.52099331092103,228.7153256704981,230.72857666015625,9029433,,
2024-12-02,230.35401876284234,231.75861643822552,228.76214425506936,230.73794555664062,7689533,,
2024-12-03,231.94587951425063,238.78159065336092,231.45894834827115,238.36021423339844,15697277,,
2024-12-04,238.7815839415494,245.05546444046172,238.0511943572632,243.99732971191406,16236326,,
2024-12-05,244.3531775998953,245.69222047372548,242.10579854467525,243.4448699951172,12264971,,
2024-12-06,244.68087962379596,249.97155321014174,241.59077647166288,247.77101135253906,18607200,,
2024-12-09,246.2727843620186,247.95829008670324,244.69964187543135,246.2072296142578,9706145,,
2024-12-10,246.83462912911747,247.63057350112317,244.39998752276372,246.2072296142578,10964378,,
2024-12-11,246.20722480616777,248.1455763553301,243.4542112200967,244.18460083007812,9109708,,
2024-12-12,242.76128602857773,244.5872743454546,241.59078802458265,242.7144775390625,8971686,,
2024-12-13,241.590794027218,242.43354689571146,235.13900944042646,241.5814208984375,12263775,,
2024-12-16,240.31731064229402,243.08904203805076,240.2236650824712,242.6020965576172,5025258,,
2024-12-17,241.13197835203144,242.80811103259367,237.4706569173181,239.70864868164062,8889901,,
2024-12-18,238.0792977974251,239.53071820311385,233.84677294696743,234.72698974609375,9707392,,
2024-12-19,230.3540117754026,235.03600388465875,229.2771593055961,232.51708984375,6211727,,
2024-12-20,232.2268014586639,234.09023940448108,222.64744989921957,225.2880859375,10949542,,
2024-12-23,225.72820924003491,231.57134074208986,223.84605348957655,230.58811950683594,11064641,,
2024-12-24,230.0730873844817,231.92715224285024,227.81636377831,229.37078857421875,7643411,,
2024-12-26,229.40826701562108,232.8822973485686,229.40826701562108,230.9907684326172,5185131,,
2024-12-27,230.49447551606826,232.42346834837647,229.0430693318094,229.40826416015625,4851649,,
2024-12-30,228.48120750332274,231.57132505262715,224.47342353116497,225.67201232910156,24354060,,
2024-12-31,224.7356188848683,226.5147701523845,222.91900367942003,225.25064086914062,11001016,,
2025-01-01,224.73562924065226,226.40241734778925,223.58386314151974,225.87803649902344,4349210,,
2025-01-02,225.39109243762985,226.5334996307992,220.1004471832039,225.7843780517578,14134494,,
2025-01-03,227.07661975134184,229.51126138977148,225.48474527466377,226.2713165283203,11308123,,
2025-01-06,223.9865046140647,226.03721948950425,212.79654608256573,213.46139526367188,29034063,,
2025-01-07,215.74619338187134,218.85504303974912,214.669340898575,217.67518615722656,10569432,,
2025-01-08,217.72198510669847,219.54797340280442,215.28735785906647,218.13400268554688,9535741,,
2025-01-09,216.86988463104234,218.32129078381425,215.09071902032164,216.34548950195312,5382497,,
2025-01-10,215.47465205577112,216.44850017569382,210.6896553124755,211.064208984375,8065484,,
2025-01-13,209.75324570820715,210.1558901697066,202.58980352322692,203.84457397460938,14375458,,
2025-01-14,203.99440412604034,212.0474220682376,203.99440412604034,209.49105834960938,10793343,,
2025-01-15,210.57728528455655,211.52304256303339,207.1781543827644,207.89918518066406,8409931,,
2025-01-16,210.68964490661835,216.26121265870995,210.68964490661835,214.29478454589844,13044666,,
2025-01-17,213.48948149159634,214.34159319696687,211.47621631021858,213.49884033203125,6060015,,
2025-01-20,214.43523777206423,220.54991829996737,212.3845229500365,217.35679626464844,8569679,,
2025-01-21,218.55538289136436,218.55538289136436,213.8640320072217,215.00643920898438,5923042,,
2025-01-22,215.3716361579976,216.40168013320607,209.3037784095762,213.85467529296875,9955733,,
2025-01-23,213.03064292529814,216.5421370394514,211.17657803375093,214.58506774902344,7731880,,
2025-01-24,213.83595624251888,215.38100801036805,210.31510312162678,210.8863067626953,7498269,,
2025-01-27,208.8168563142013,210.56791685991428,204.5562404689632,205.65182495117188,7821158,,
2025-01-28,210.22143740191038,210.96118583909833,206.10129022383208,207.65570068359375,12792946,,
2025-01-29,208.5359267617472,210.59600044275996,207.0096070423232,208.43292236328125,8514453,,
2025-01-30,209.6596077643654,211.47622304804062,207.5901751861381,208.2456512451172,10812716,,
2025-01-31,204.60305059941464,204.60305059941464,197.6268853702765,199.81805419921875,50873400,,
2025-02-01,202.26205602850277,202.6553416450726,194.40567396077972,197.43023681640625,16153674,,
2025-02-03,197.66433154578584,197.66433154578584,193.4130891672065,194.76150512695312,13272380,,
2025-02-04,197.11186192562636,200.85745550141024,196.74666712351967,199.349853515625,12129201,,
2025-02-05,201.3256584210351,207.04705328536974,200.50162324686787,206.02638244628906,15759413,,
2025-02-06,207.50590704191572,208.42357354344642,204.14422566943404,205.73611450195312,10170330,,
2025-02-07,206.00764575909793,206.77549929713211,201.37247658717934,202.56170654296875,9557681,,
2025-02-10,202.7302455464831,203.34827189512518,200.05214565733917,201.541015625,4292326,,
2025-02-11,202.26207039139032,203.18911002447464,196.17548031016793,197.3740692138672,5669659,,
2025-02-12,199.35921398145325,200.5765347611708,192.62652147625653,199.02210998535156,8728432,,
2025-02-13,199.4341180488832,200.58589831543273,197.111854124531,197.3927764892578,5986171,,
2025-02-14,198.23553511876887,199.3217606738604,189.3865732438968,192.1114959716797,10600160,,
2025-02-17,191.94294838759242,194.2558536793502,187.44823301425194,193.79702758789062,7113238,,
2025-02-18,192.45796475569963,194.10602081943068,190.36980029462288,192.9823455810547,6382336,,
2025-02-19,191.21255247635906,196.54066171572293,190.5758084159058,195.60426330566406,5908141,,
2025-02-20,195.24843001982617,200.34243972665473,193.93747794305676,199.9866180419922,5212633,,
2025-02-21,198.54455570802426,201.27883737787872,195.82900600728215,196.89649963378906,7935366,,
2025-02-24,194.7708737420989,196.10055780016455,193.3662760949203,195.36080932617188,4609750,,
2025-02-25,195.36080582521183,196.24102262113215,191.35302175348147,191.74630737304688,5449460,,
2025-02-27,193.83447998303342,195.2484365048198,188.946478909962,190.25743103027344,9246629,,
2025-02-28,189.15247855624156,189.15247855624156,183.54344694437282,184.53604125976562,14293523,,
2025-03-03,185.50052862344444,186.52119944952545,180.7623407206362,183.44981384277344,11080593,,
2025-03-04,181.6706431592656,185.06977382471484,178.57116683149252,183.45916748046875,15521855,,
2025-03-05,183.44045354136122,192.654625294225,183.4310947005035,192.16769409179688,9984238,,
2025-03-06,193.83447153075056,196.9995027395975,193.1228138805147,193.9842987060547,7708374,,
2025-03-07,193.69401802625308,194.8645160460194,191.51220800281195,192.80442810058594,6253445,,
2025-03-10,192.89806593370432,193.68463714229895,190.1169616070326,191.05335998535156,9737436,,
2025-03-11,190.08888222137116,191.77440226129087,188.59063901070783,189.67686462402344,12900521,,
2025-03-12,190.6132641940045,191.77440340360025,188.31909087325974,189.52703857421875,13928062,,
2025-03-13,190.74435640573844,194.72404971388497,189.43340432543613,192.4486083984375,8576303,,
2025-03-17,193.74082862462075,193.82511534207362,191.30620128999757,192.6546173095703,6086364,,
2025-03-18,192.6546173095703,192.6546173095703,192.6546173095703,192.6546173095703,0,,
2025-03-19,196.64366736324394,200.37990218693568,196.10055456735824,200.16452026367188,8786037,,
2025-03-20,200.9979125053493,203.90075328465522,200.9979125053493,201.93431091308594,8936273,,
2025-03-21,201.8874965993046,203.37636659546163,200.72635746341754,202.9175262451172,9614502,,
2025-03-24,204.79033636506023,210.8207446164125,203.29210743115624,210.193359375,13453091,,
2025-03-25,211.53239544354392,211.53239544354392,206.6631265613817,208.8824005126953,9683595,,
2025-03-26,208.81684245137293,210.68963924465876,205.5675388719575,206.32601928710938,8824925,,
2025-03-27,205.53945660133556,217.24443704560295,205.07125738356484,216.289306640625,38539990,,
2025-03-28,216.28930574621728,218.88313340266657,212.4313487799983,213.99513244628906,12275939,,
2025-04-01,213.42392004248845,216.8136776532802,212.36578528601908,214.0419464111328,5686405,,
2025-04-02,215.37163804270708,217.87182012625829,211.91632556363206,216.7949676513672,11817603,,
2025-04-03,213.7329359558757,223.33101960778248,213.7329359558757,221.7204132080078,10557954,,
2025-04-04,223.7055775803936,226.92679044223314,218.02164658166058,219.41688537597656,13578143,,
2025-04-07,206.00766385584993,215.69002062788127,205.0712653837779,214.77235412597656,13391046,,
2025-04-08,217.2444282838844,221.5518666289733,216.42976625007762,220.84019470214844,9329948,,
2025-04-09,220.05362515371635,220.87766032229447,214.48205750216638,215.5682830810547,9003748,,
2025-04-11,217.73136319458905,219.64160967203637,215.89601601654243,217.71263122558594,7672071,,
2025-04-15,220.99002661634222,221.0742990447567,217.05715611896682,220.00680541992188,11313564,,
2025-04-16,220.0067940081751,225.9529293685198,218.53665599830083,225.47535705566406,10650464,,
2025-04-17,225.7188415111574,229.10859921197834,225.7188415111574,227.3668975830078,10250305,,
2025-04-21,227.54482686853638,234.70826940648246,227.54482686853638,233.55650329589844,13025589,,
2025-04-22,235.04536752818663,240.91658975389663,233.90296028711882,236.39378356933594,15802728,,
2025-04-23,237.6579147038866,237.6579147038866,231.81478359508304,235.47610473632812,12117005,,
2025-04-24,234.567809246302,239.5213507076027,234.567809246302,235.9817657470703,10518406,,
2025-04-25,235.55103098808272,237.62046354384935,229.42697717477287,231.09376525878906,12840481,,
2025-04-28,231.09376264729033,237.3301796309285,230.91585894746382,236.4874267578125,5675324,,
2025-04-29,237.84519674750734,242.93920639704749,235.71956835065242,237.11480712890625,13432236,,
2025-04-30,235.97239388080598,236.61851105494182,233.21002149264018,234.03404235839844,8286634,,
2025-05-02,233.63140465170284,236.05667311849305,230.65366454899782,231.84288024902344,4318300,,
2025-05-05,232.78865260809815,234.839353142909,231.7679674725853,233.28494262695312,5921479,,
2025-05-06,234.09960743254507,235.5978506354358,207.5058977435304,209.66897583007812,53589794,,
2025-05-07,209.6689639338738,212.97444906021013,207.18749966289857,210.221435546875,29513047,,
2025-05-08,210.68964991730113,212.22534279405497,202.26206392060908,203.4512939453125,18639419,,
2025-05-09,199.44349892608815,206.475845715746,199.03148134692103,206.0919189453125,14465684,,
2025-05-12,212.56243585557715,214.43523264725624,210.22143986597828,212.42198181152344,13866067,,
2025-05-13,212.0942414608473,219.2857744453713,212.00059590382034,217.9467315673828,13441966,,
2025-05-14,219.06104719140387,220.32517647694013,215.69938031534832,218.71458435058594,7853997,,
2025-05-15,219.58543147646327,220.84957507022165,218.08718827558712,219.4730682373047,6356741,,
2025-05-16,219.95998787382203,222.86282875358194,219.88508857232026,221.8515167236328,5559444,,
2025-05-19,221.9264251418661,227.35753882578393,221.17730354954884,224.71688842773438,10070720,,
2025-05-20,226.58968372168948,227.26389172135424,220.7278348067048,221.39266967773438,11889209,,
2025-05-21,221.92642582568672,226.32749554769103,220.17536535029046,225.95294189453125,13019580,,
2025-05-22,224.63261966488759,226.87997019020625,222.90964997625616,225.88739013671875,9266003,,
2025-05-23,225.8873964644588,228.38757863761245,225.46602001519588,227.582275390625,5933979,,
2025-05-26,228.71531449613366,229.6142632678042,225.48474279898764,226.15895080566406,5619161,,
2025-05-27,226.87997154869691,227.08598034838704,222.49763371159347,226.1495819091797,7621172,,
2025-05-28,226.60841726619608,228.01301489387913,225.52219167159444,227.57290649414062,4536627,,
2025-05-29,229.4176178787536,229.4176178787536,225.85930094787085,227.76956176757812,9793256,,
2025-05-30,227.2732758952546,235.53230286007002,226.7582538859942,233.67823791503906,18896253,,
2025-06-02,235.50421145445898,239.9521041161237,234.28689060518417,238.5662384033203,15650468,,
2025-06-03,240.46710110914898,241.49714507912,234.7550793608991,237.52682495117188,17004787,,
2025-06-04,238.73476912139859,239.849099791362,235.794478718174,238.41639709472656,8495549,,
2025-06-05,238.78159597899494,239.71799439459883,232.7886518344523,234.6988983154297,20759942,,
2025-06-06,235.87098376734542,241.0533706371505,233.4977468457484,238.46701049804688,27877160,,
2025-06-09,240.22999686420263,242.34168893544017,238.89322844214362,240.24937438964844,11809052,,
2025-06-10,241.57644503216252,241.57644503216252,238.31203410077657,239.19351196289062,6397250,,
2025-06-11,238.29266809482073,239.0676065569645,234.54392231437953,234.989501953125,16318275,,
2025-06-12,235.58037819528886,236.54904752568126,231.67664197626513,233.11996459960938,9393665,,
2025-06-13,227.6372965702105,232.71312927011232,227.45324702934474,231.72508239746094,7993912,,
2025-06-16,231.02764816917357,237.27556274213265,228.89657847973226,233.0812225341797,7304944,,
2025-06-17,233.3524414522915,235.1735445675329,230.05897156117788,230.58204650878906,7272466,,
2025-06-18,230.58205382079765,232.12224937575462,228.20881678452656,229.09999084472656,6655986,,
2025-06-19,229.09998453934801,229.56495647330706,223.29766454459408,224.40194702148438,12080316,,
2025-06-20,224.05322032875986,229.52619616379215,224.05322032875986,226.8139190673828,8178646,,
2025-06-23,224.72160512789253,228.40253678909505,224.6247322817678,226.52333068847656,5706955,,
2025-06-24,228.60597216486934,233.0618571956258,228.60597216486934,230.36895751953125,6407993,,
2025-06-25,231.41510822927583,233.42994230691576,230.54331170235392,231.57009887695312,4912539,,
2025-06-26,232.0447509240936,232.48064918517147,227.74385654925246,231.84132385253906,8947066,,
2025-06-27,231.511980517208,237.41117346083814,231.511980517208,233.76898193359375,16042284,,
2025-06-30,234.85388628705337,241.8573617080649,234.7182731662012,240.98556518554688,19051358,,
2025-07-01,240.9952452779126,241.576452810318,235.8903683566729,239.78440856933594,12791194,,
2025-07-02,240.01689101063613,240.01689101063613,234.417983334929,235.43508911132812,16461168,,
2025-07-03,236.25845088969805,237.03338933350773,233.67210547330137,234.72796630859375,6572424,,
2025-07-04,235.61913917089439,235.90972815274284,231.7541431243749,233.2362060546875,11400183,,
2025-07-07,233.3524342281819,237.3239843686808,232.58719196577556,233.53648376464844,8397404,,
2025-07-08,234.41797831095715,234.67952316916217,230.93076280396028,232.24815368652344,5872650,,
2025-07-09,232.48064001231182,234.51485152470795,231.88975112771834,233.5752410888672,5927854,,
2025-07-10,233.44930867155895,234.3211051567992,230.83390443511723,231.3569793701172,4169988,,
2025-07-11,230.5433069671949,232.935921461455,228.6156496256952,230.0008544921875,6155645,,
2025-07-14,230.0008608548464,234.22425995945167,229.03219147104446,233.371826171875,5818162,,
2025-07-15,233.5461820281373,237.6048941163773,233.19746047713366,236.66529846191406,7854584,,
2025-07-16,235.48353012036222,242.6516775570647,235.48353012036222,241.2761688232422,13157847,,
2025-07-17,242.2157730709658,242.71948526979455,237.8083245878372,238.79637145996094,6291020,,
2025-07-18,237.3433759636239,239.7456718908371,236.35532905601718,237.0430908203125,5337640,,
2025-07-21,236.5587507839792,237.78895022840902,233.2265258224265,235.76443481445312,4973875,,
2025-07-22,235.7838068917291,236.56842668986755,231.3569809264201,231.9769287109375,7142245,,
2025-07-23,231.9769335473855,235.87098850232985,230.96952391931185,235.4544677734375,4865685,,
2025-07-24,235.45446681734734,239.50349761966973,231.80257921655667,239.12571716308594,11426887,,
2025-07-25,238.5348327384108,241.19867351010882,234.8151458991221,235.8225555419922,8703652,,
2025-07-28,231.65726343676943,239.50349089088246,230.330191189773,232.8099822998047,11840807,,
2025-07-29,231.7057044899195,235.7547500401276,231.53135110247382,234.66983032226562,5783053,,
2025-07-30,234.4567218432409,236.25844741680726,231.4829146390137,232.16098022460938,3131598,,
2025-07-31,230.05897072739785,233.40087703024108,229.09030137696672,230.41737365722656,5770571,,
2025-08-01,230.29145696900625,231.13419457506217,227.20139937250613,227.7632293701172,4770791,,
2025-08-04,227.7922857369679,234.3211076345009,227.7922857369679,233.61398315429688,5286235,,
2025-08-05,232.4806460976621,234.67952968060447,231.99631141829195,233.1102752685547,2784149,,
2025-08-06,233.11026958664715,235.82254668115422,231.85101127555555,234.17581176757812,5567926,,
2025-08-07,233.44930964775932,234.90231364971635,229.86523606574292,234.46641540527344,5526019,,
2025-08-08,233.4493126528542,234.9507530970147,231.03732065749742,231.72508239746094,4393052,,
2025-08-11,231.72508399720988,237.26587388337288,231.72508399720988,236.32626342773438,8071890,,
2025-08-12,235.9678540344837,237.64364783205343,235.03792497679038,235.46414184570312,5778309,,
2025-08-13,235.4641467047346,237.20775448594006,233.6914800255691,234.2339324951172,4734249,,
2025-08-14,234.40830321910295,236.1615923918356,233.83677706464286,235.1638641357422,5398813,,
2025-08-18,236.35532330725462,238.0311171576754,233.99176770926667,235.1638641357422,6339208,,
2025-08-19,235.09605104261266,239.55193601709442,234.05958251194724,239.3097686767578,5767582,,
2025-08-20,239.35821088851822,240.714342114905,236.88810100121486,237.207763671875,7335347,,
2025-08-21,237.4111759772079,239.59068209304414,235.53195500574915,235.73538208007812,4378842,,
2025-08-22,235.58037928278506,236.9074663224391,232.48064036736443,232.70343017578125,5946024,,
2025-08-25,233.93364904747446,235.32853528248663,232.95529832075795,233.5268096923828,6139415,,
2025-08-26,232.49033387843448,233.52681721560194,227.0754755611972,227.77291870117188,9059590,,
2025-08-28,228.14101432353604,229.19686039021508,224.45038638612218,225.9324493408203,7496201,,
2025-08-29,225.21563090992987,227.12391077149542,223.57857729237878,225.53529357910156,5698267,,
2025-09-01,225.6999612509291,227.92790373873493,225.6999612509291,227.07546997070312,5022461,,
2025-09-02,226.6686289622998,231.02764105772866,226.11648033546592,229.25497436523438,3798598,,
2025-09-03,230.22364750827288,231.57979349537771,229.57464080373794,230.9501495361328,5983296,,
2025-09-04,232.23847056111694,233.23619878294684,226.2521012301374,226.61050415039062,4012532,,
2025-09-05,227.63729181434925,228.17974427248086,224.46005760467474,226.92047119140625,3555014,,
2025-09-08,227.44356486111795,229.38090354855385,226.86235734259873,227.28857421875,4845778,,
2025-09-09,227.28857451875786,228.32505781265033,226.14555178640813,227.14328002929688,8815989,,
2025-09-10,228.3153698719015,232.7228185063132,227.97634445739092,230.55299377441406,12351617,,
2025-09-11,231.51197984945884,234.0305261283106,230.20427028530085,230.8048553466797,8641633,,
2025-09-12,231.0276434480726,231.76382684408009,228.13131672697202,230.0395965576172,7047846,,
2025-09-15,229.57463443535556,232.48064246618284,229.57463443535556,231.56040954589844,7165608,,
2025-09-16,231.56041750454781,233.3040253391156,230.3495807834204,233.04248046875,7020684,,
2025-09-17,233.13933751516038,239.261335045068,232.27722236472886,238.1861114501953,13825961,,
2025-09-18,238.88355524616478,244.346849931907,238.30234770866642,241.15023803710938,19663095,,
2025-09-19,241.683005953579,246.42947991773343,241.1986712723093,244.1821746826172,16173486,,
2025-09-22,244.10467794227628,246.7104008772898,242.17702060095812,243.27162170410156,8447174,,
2025-09-23,243.27162712444004,246.47792040234873,241.33428836744656,245.296142578125,10937835,,
2025-09-24,246.52635288960212,250.40103034169803,245.66423774773963,246.40042114257812,19015206,,
2025-09-25,246.40041245155803,248.30869221186427,244.10467087199734,244.89898681640625,10254514,,
2025-09-26,244.89898860357476,245.05396446397492,239.42599798715983,240.6658935546875,7652782,,
2025-09-29,240.71433332478247,247.3884645508886,240.5302837834819,246.03233337402344,11711402,,
2025-09-30,246.042021572884,251.95091068042697,245.80953560151912,250.43978881835938,16041674,,
2025-10-01,251.6602841253902,252.8711208072126,247.30128685155077,251.46656799316406,10553753,,
2025-10-03,251.95089974372596,257.0364137483974,249.7229425381475,255.68028259277344,12224432,,
2025-10-06,258.39254790750266,263.5264836139839,257.0848383788126,258.24725341796875,13935656,,
2025-10-07,257.7144658755644,258.92530254959246,253.40390505288968,253.6460723876953,8742344,,
2025-10-08,254.275711322348,254.9537917104516,250.40103381648365,253.6945037841797,6051759,,
2025-10-09,253.7913749454548,257.4723067269567,252.43524373971428,255.87400817871094,5413923,,
2025-10-10,256.2130518971427,260.4751912716117,255.77713885005593,258.5863037109375,9459957,,
2025-10-13,258.0535066426611,260.7657985355095,256.3583352951718,259.70025634765625,5443095,,
2025-10-14,259.6033815718003,260.28146193033336,255.29279120993053,255.68028259277344,4141172,,
2025-10-15,255.05062518440022,261.9281834049444,255.05062518440022,259.9908447265625,8534350,,
2025-10-16,259.99084635889477,260.86264285735166,257.1817111698925,257.81134033203125,6996551,,
2025-10-17,257.8113417289623,259.1190512644546,254.37257735918863,256.2130432128906,6919725,,
2025-10-20,257.47230690641317,264.5436110493597,256.7458048783912,262.9453125,17154442,,
2025-10-21,262.99372486563567,264.1561398940386,260.66892437027207,261.7344665527344,1137999,,
2025-10-23,261.54072267318895,263.1874723812638,257.90821263606136,258.537841796875,7342137,,
2025-10-24,258.5378530790813,260.1846028590178,256.01930676447876,257.85980224609375,6541279,,
2025-10-27,258.63470987891884,271.1305382641513,257.9566295265697,265.07635498046875,11187429,,
2025-10-28,265.8028552358778,268.8057360372307,264.7857642754487,268.2729797363281,10922577,,
2025-10-29,267.8855000666647,269.1932096168241,265.46382666320017,265.9966125488281,6127929,,
2025-10-30,265.99660349603465,267.93394215287185,262.8484281786742,264.2045593261719,13926080,,
2025-10-31,265.22166617966934,271.8570573889964,263.52649475341866,269.67755126953125,23120256,,
2025-11-03,275.5864413508136,284.06229851010926,274.1334372663629,282.0765380859375,38572616,,
2025-11-04,281.83435240921557,283.1420323510202,277.0394274177924,279.0736389160156,11837387,,
2025-11-06,280.4297815960304,281.39845096251065,275.8286021052492,277.37847900390625,7681719,,
2025-11-07,275.1020975358942,281.5921940558604,274.23030102641405,279.9938659667969,6951797,,
2025-11-10,279.9938677359018,282.70615969096286,276.70039781181043,278.6861877441406,7071136,,
2025-11-11,278.44401136529183,279.8485641601157,272.14766070599575,276.8941345214844,9114319,,
2025-11-12,277.91123615314103,280.8656954665129,274.90835519587915,276.0707702636719,11257140,,
2025-11-13,275.8770054277404,278.20183540205323,273.4069105318344,274.3755798339844,6205108,,
2025-11-14,272.48667050653836,278.4440105308656,272.48667050653836,277.76593017578125,5767810,,
2025-11-17,279.9454356960371,283.23890549781976,278.637726191397,278.9283447265625,9325390,,
2025-11-18,278.73460883121226,280.7688204030857,276.0707680865178,279.4126892089844,6702634,,
2025-11-19,278.8314873810531,284.5950524641944,278.0081124944776,284.1107177734375,11205111,,
2025-11-20,285.70902941159494,285.70902941159494,278.68617680096304,279.21893310546875,7321372,,
2025-11-21,278.0081197272868,278.928367488244,274.4240310978625,275.2474060058594,7072694,,
2025-11-24,275.24737702941366,276.89412667204715,272.1960746317728,273.06787109375,8839228,,
2025-11-25,272.92259315909047,278.8799038321733,271.90550215201887,278.2502746582031,7981354,,
2025-11-26,278.0080961528063,283.8201121002517,277.9596745111543,279.3642272949219,5874557,,
2025-11-27,280.1876229275951,280.81725212300876,277.1363202410181,278.8799133300781,5143734,,
2025-11-28,278.0081050605055,283.28736487316536,278.0081050605055,280.7203674316406,7906532,,
2025-12-01,280.91411895732824,288.4213066191189,280.91411895732824,286.29022216796875,13719693,,
2025-12-02,287.694803757784,294.427067724168,286.5323886857005,287.5979309082031,20755587,,
2025-12-03,286.72614227188586,288.3244408688829,276.26452458113795,278.00811767578125,13931844,,
2025-12-04,277.0394477271606,280.76883082039194,276.5551130283369,279.1705322265625,8269764,,
2025-12-05,278.1049664683716,284.7887788348606,277.572180607836,283.4326477050781,7376690,,
2025-12-08,281.97966994929345,284.1107249052521,274.0850202040708,276.2645263671875,6379707,,
2025-12-09,273.9881435977856,281.253164041983,272.5351395089461,280.7688293457031,7821588,,
2025-12-10,279.8970357314356,281.737501684255,276.0707797662381,277.1363220214844,5900048,,
2025-12-11,278.87990552248726,279.6064075494969,274.61776620965253,276.0707702636719,8448904,,
2025-12-12,276.3613702499051,277.47536371814806,273.6975293781742,275.53802490234375,7963115,,
2025-12-15,274.81150190122617,277.7659315455735,273.5522140300654,276.1676330566406,6089175,,
2025-12-16,275.8770161377671,275.9254673416202,271.7117498013957,273.9881286621094,5839387,,
2025-12-17,273.35851611099207,279.3642486454785,273.26164325884275,278.5893249511719,13792834,,
2025-12-18,278.97676607106365,281.3984393876528,276.8456817278885,279.0736389160156,5853204,,
2025-12-19,280.81723863608374,283.48107934842596,279.31581296824965,282.8998718261719,7073187,,
2025-12-22,283.3357838221959,286.48395919799805,283.0936164855957,284.7887878417969,5388164,,
2025-12-23,285.7574582874265,285.7574582874265,281.93120252984835,283.3357849121094,3676651,,
2025-12-24,284.401328162172,284.5950442960488,280.81723972886005,281.4468688964844,3727361,,
2025-12-26,280.13920162420993,282.6092967636332,278.4924518236317,279.1705322265625,3481149,,
2025-12-29,278.9767867983252,281.0594200930378,278.1534118972219,278.5893249511719,7261978,,
2025-12-30,277.2816110552374,284.59505307683304,276.55510901753814,283.82012939453125,11505161,,
2025-12-31,283.5295178987504,289.34153373901364,282.9483104024358,286.6292419433594,7666538,,
2026-01-01,287.2104563724965,293.4099341728016,286.38708152962926,291.3273010253906,8464712,,
2026-01-02,291.5694850417342,296.3644103246392,291.5694850417342,295.4925842285156,10317519,,
2026-01-05,299.12509361447337,302.0311017631688,295.1051215877334,297.2362060546875,16328380,,
2026-01-06,297.86583604761887,298.7376325822988,292.9256162691745,295.4925842285156,9161270,,
2026-01-07,294.95980575078886,299.8031523148412,294.7176384225862,298.5923156738281,6706773,,
2026-01-08,297.381484820064,299.6094124583085,289.34154119185075,290.1648864746094,8064971,,
2026-01-09,290.1648960202524,295.92849055782153,287.9853899523143,291.2304382324219,10210825,,
2026-01-12,291.61790962245243,294.4754961630863,286.43555200689536,292.7319030761719,5639635,,
2026-01-13,293.6036894855011,294.1848970148927,289.29309900074315,292.3928527832031,5669755,,
2026-01-14,293.07089951933295,298.7376211194809,289.97117534147196,298.0595703125,11134333,,
2026-01-15,298.0595703125,298.0595703125,298.0595703125,298.0595703125,0,,
2026-01-16,298.05955937635895,303.5325350814498,296.5096825635739,298.5923156738281,16690141,,
2026-01-19,298.1080019744272,299.5125844013212,294.57236464640187,297.52679443359375,9436591,,
2026-01-20,297.3330820446133,300.43280636575025,290.7945636410126,292.5865783691406,8244610,,
2026-01-21,291.95695151413173,295.9769236155112,288.0338522651294,289.6805725097656,7777440,,
2026-01-22,292.489722532319,298.3501602847641,291.7147693141943,295.7347412109375,7472657,,
2026-01-23,296.84874174096547,296.84874174096547,285.37000373695156,286.8714294433594,7810191,,
2026-01-27,287.6948001684732,294.0880238622834,286.7261308076366,292.53814697265625,11451625,,
2026-01-28,293.99114830804854,296.9455780068308,291.0367186092663,296.6065673828125,10161294,,
2026-01-29,297.3814938265601,299.56099988880686,291.6663505089571,292.97406005859375,16319863,,
2026-01-30,292.92560028312664,294.4754771276659,288.17912646539673,290.01959228515625,11708481,,
2026-02-02,270.25874959063464,270.50091692897746,262.0250600869773,268.9026184082031,16234606,,
2026-02-03,280.91410627495526,285.75745293486824,273.06787877360773,276.4582214355469,15500999,,
2026-02-04,277.03943550928153,283.432659164092,273.4069254283032,281.73748779296875,9434395,,
2026-02-05,282.27025480626804,283.9170045966024,279.9938758236683,281.35003662109375,4970798,,
2026-02-06,280.9625359804894,282.17337268021816,275.7801785548045,280.1391906738281,4988298,,
2026-02-09,282.85146204504946,285.75747021674516,280.8172504125737,281.4953308105469,8780025,,
2026-02-10,281.4953106408364,283.3357764387485,279.1220589794223,281.2531433105469,7522576,,
2026-02-11,280.9141229937994,283.5295421703882,276.84569973276,282.0765380859375,7047693,,
2026-02-12,282.0765389379474,282.8514626274176,278.7830393540895,280.7688293457031,6441099,,
2026-02-13,278.2987067026119,278.97678710696346,275.6833170603506,278.44403076171875,6295039,,
2026-02-16,276.9425708208292,284.2075911968291,275.295850605802,283.38421630859375,6149012,,
2026-02-17,283.38421860814515,295.4441643547442,282.0765385790087,293.7489929199219,17496015,,
2026-02-18,293.74898116390835,297.3814912360094,293.74898116390835,295.5894470214844,7867687,,
2026-02-19,294.08803257730347,296.36441155501643,293.5068250312894,294.9114074707031,7342206,,
2026-02-20,293.99114550777875,300.91712539575593,293.07089780764204,299.36724853515625,14797240,,
2026-02-23,301.2077616092697,305.3730282026827,299.99692485985383,303.5325622558594,10075556,,
2026-02-24,303.14508026787144,304.3559169368413,297.38148589899805,303.2903747558594,12952576,,
2026-02-25,303.19351004123473,306.53543116179355,301.7889276429841,305.9542236328125,9318353,,
2026-02-26,306.0995220088683,315.30188105660324,306.0995220088683,314.2847900390625,20502406,,
2026-02-27,314.8175277340744,314.8175277340744,309.4898464954978,311.86309814453125,14686416,,
2026-03-02,302.2248312771083,310.16793161601936,301.449907636872,305.3245849609375,9823313,,
2026-03-04,300.43279802822116,300.6749653697821,287.4042127891081,289.9227294921875,17339156,,
2026-03-05,291.6178995568667,294.08802416642027,289.09938286524124,292.3928527832031,10288116,,
2026-03-06,289.632133774346,290.2133412928706,284.74036541310204,286.09649658203125,9115653,,
2026-03-09,276.21607218516874,279.80016077271523,268.36984417016413,279.02520751953125,11662512,,
2026-03-10,281.88276927124457,286.87141030654016,281.39843461613935,285.1762390136719,8965568,,
2026-03-11,285.75744990760336,287.88853423996557,279.4610993164189,280.23602294921875,6444909,,
2026-03-12,278.0081062577283,284.1591626046391,274.0850071751842,280.1391906738281,8115474,,
2026-03-13,277.1847263940848,278.49243591851234,271.2274158510729,272.2445068359375,6237801,,
2026-03-16,271.22740723670455,273.6490805156037,263.9623874000071,271.1789855957031,9554841,,
2026-03-17,271.760160893603,275.05366017006577,268.6119856616155,274.3755798339844,5072811,,
2026-03-18,274.4240115293735,277.91122705717277,273.6975095261421,274.2787170410156,5349893,,
2026-03-19,271.2274122628045,271.9054926180383,262.6546827843525,264.05926513671875,6659439,,
2026-03-20,267.20743550602026,274.9083387960547,266.62622800679617,271.1789855957031,9423497,,
2026-03-23,266.5778263596446,266.8199937056975,256.69738681610755,257.5691833496094,9657083,,
2026-03-24,261.9281820859209,265.17323026815757,257.6660429272326,262.0250549316406,9976659,,
2026-03-25,265.31854399586746,268.75733811891126,262.4125357821965,264.1561584472656,13583867,,
2026-03-27,261.05639274706283,261.05639274706283,250.25573528595717,252.14462280273438,19957366,10098687.0,50.6
2026-03-30,246.62323022005674,247.97936144064658,238.87387517503655,239.84254455566406,15950618,7835292.0,49.12
2026-04-01,245.07335376960447,248.22152926269226,242.5548074628455,244.1337432861328,11199966,5316398.0,47.47
2026-04-02,241.1502304930587,243.11662808104438,233.44931215608722,241.74111938476562,14887386,7173361.0,48.18
2026-04-06,244.6955718600392,252.52242219812146,244.0175062524364,251.62156677246094,22152306,7525604.0,33.97
2026-04-07,249.90699606306214,250.88536156589578,246.83633077899935,250.01356506347656,9211553,4099810.0,44.51
2026-04-08,259.61307823213457,268.5926323358116,259.61307823213457,267.3333740234375,15760765,6686317.0,42.42
2026-04-09,267.34305964244624,271.83769987141113,263.7783633265774,265.64788818359375,14149060,6896820.0,48.74
2026-04-10,268.7379447966714,269.919722648226,265.07637564373084,267.53680419921875,10543042,4437128.0,42.09
2026-04-13,261.5116637285725,267.70144545878077,258.344125618883,267.0815124511719,12303610,5700349.0,46.33
2026-04-15,271.0143155800874,274.1334321388243,268.2826608576679,270.3265686035156,13447615,6224908.0,46.29
2026-04-16,271.6148715564579,273.1163267401009,268.3601568290633,270.63653564453125,7908505,3748768.0,47.4
2026-04-17,270.25873930758485,273.54254248006146,267.76925206939626,271.65362548828125,6831951,3128492.0,45.79
2026-04-20,271.71174920744005,277.28159789885814,268.9316729382499,272.2057800292969,12006723,4985670.0,41.52
2026-04-21,273.26162522952404,276.26450607936454,272.5351232285034,275.1505126953125,7814738,3930413.0,50.29
2026-04-22,274.3755859311553,276.16763009224377,272.5447867199161,273.9106140136719,7482697,3823402.0,51.1
2026-04-23,272.1961013390341,272.6707398852657,265.46383718596434,267.6820983886719,8177124,3288597.0,40.22
2026-04-24,267.5464733530359,268.12765128576956,261.10479883797325,265.54132080078125,7797230,2804112.0,35.96
2026-04-27,266.56811570599496,268.5151505220122,264.1561385301708,265.40570068359375,6045069,2944559.0,48.71
2026-04-28,261.54071561063705,263.53617203889917,257.2882431191795,259.4386901855469,12427177,4645722.0,37.38
2026-04-29,260.76579823497707,263.2940110236837,259.02217568556074,259.8455505371094,5919525,2206478.0,37.27
2026-04-30,257.5691831015218,257.87916439891745,251.8540396524661,255.20562744140625,12323040,6151430.0,49.92
2026-05-01,255.20562744140625,255.20562744140625,255.20562744140625,255.20562744140625,0,0.0,0.0
2026-05-04,256.64895599813144,263.0906012606085,255.92245398593982,256.79425048828125,6230309,2333803.0,37.46
2026-05-05,257.08484545818123,257.47230729475535,253.3554624630881,255.1475067138672,6130906,2902385.0,47.34
2026-05-06,260.2814819409465,262.8968716075566,254.56630878049,261.8313293457031,17657931,9253227.0,52.4
2026-05-07,262.7515572317741,263.3811863875065,258.7315854020833,261.8797607421875,10221403,5456430.0,53.38
2026-05-08,261.2985575558183,261.2985575558183,251.1759510085043,255.6318359375,16922683,7891985.0,46.64
2026-05-11,257.56917329564953,261.2501345488376,254.13040894050417,257.6660461425781,26039714,9427992.0,36.21
2026-05-12,255.6802803299445,259.07062296972015,251.0306498299585,251.80560302734375,9935242,3873877.0,38.99
2026-05-13,252.53211338997204,256.0192994287174,250.0135671475338,253.45233154296875,14028629,6006433.0,42.82
2026-05-14,255.53496009081715,261.6375946702412,254.4209962620036,259.4096374511719,11352510,4760106.0,41.93
2026-05-15,259.6033828514323,261.7828888641775,252.58053014369764,253.2101593017578,10676841,4980707.0,46.65
2026-05-18,251.85402891900054,252.67740377198575,247.30128596776285,251.90245056152344,7299311,2831632.0,38.79
2026-05-19,252.047779866631,254.17883472658505,251.56344518553558,252.43524169921875,7957982,3850149.0,48.38
2026-05-20,250.35261076035846,256.0193029315727,248.60898815568675,255.2928009033203,13610643,6878240.0,50.54
2026-05-21,257.61763196448493,259.02218482059834,254.27571079799117,254.85691833496094,8207070,4410988.0,53.75
2026-05-22,255.1959513767735,258.58629409240336,254.51787100907055,257.0848388671875,18828819,10691907.0,56.78
2026-05-25,259.6034003924185,264.44674741466514,258.9253199847263,263.7202453613281,11731542,7048625.0,60.08
2026-05-26,264.3498652607753,265.60915317911787,261.34698430035,262.073486328125,10164821,4786770.0,47.09
2026-05-27,262.07347663460934,265.65756499697585,261.34697463370605,262.4609680175781,10007296,5234118.0,52.3
2026-05-28,262.4609680175781,262.4609680175781,262.4609680175781,262.4609680175781,0,0.0,0.0
2026-05-29,264.01080636703716,265.4153886791492,258.7799980498823,260.08770751953125,17624514,11374524.0,64.54
2026-06-01,261.9281867763995,263.23589631342816,254.95378518131778,256.0677490234375,12975542,5994153.0,46.2
2026-06-02,255.2443624569935,258.0050758949077,252.8226891889006,257.4722900390625,12303559,5953459.0,48.39
2026-06-03,255.6318327578467,261.44384879430294,252.62895189338917,260.4267578125,17903043,7000329.0,39.1
2026-06-04,259.11905601803744,263.6718138735858,258.00509215679057,262.79998779296875,16143314,8897086.0,55.11
2026-06-05,264.95001220703125,269.3999938964844,262.79998779296875,263.70001220703125,23279313,8696917.0,37.36
2026-06-08,260.8500061035156,266.5,258.0,259.25,11172071,4789178.0,42.87
2026-06-09,260.3999938964844,274.20001220703125,260.3999938964844,273.75,32633870,17653842.0,54.1
2026-06-10,273.3999938964844,275.0,268.5,269.29998779296875,11888452,5487483.0,46.16
2026-06-11,266.20001220703125,268.6000061035156,262.1000061035156,267.6000061035156,21062711,11756285.0,55.82
2026-06-12,270.04998779296875,276.1000061035156,268.6499938964844,274.75,27384601,13790251.0,50.36
2026-06-15,278.54998779296875,282.5,275.3999938964844,276.04998779296875,9344475,4601411.0,49.24
2026-06-16,278.1000061035156,278.1000061035156,273.1000061035156,275.3500061035156,9933682,5115525.0,51.5
2026-06-17,277.0,282.3999938964844,274.0,281.8500061035156,11929170,6214441.0,52.09
2026-06-18,283.79998779296875,287.1000061035156,281.75,283.0,12399938,5002743.0,40.34
2026-06-19,281.95001220703125,282.5,278.1000061035156,281.04998779296875,4914684,2011963.0,40.94
2026-06-22,282.0,286.5,280.3999938964844,286.04998779296875,10870558,6661074.0,61.28
2026-06-23,287.0,287.20001220703125,276.8999938964844,277.79998779296875,9673161,4690593.0,48.49
2026-06-24,274.0,282.20001220703125,274.0,279.8999938964844,9376653,4792598.0,51.11
2026-06-25,282.3999938964844,282.3999938964844,278.0,279.1499938964844,10406847,5539953.0,53.23
2026-06-25,282.3999938964844,282.3999938964844,278.0,279.1499938964844,10406847,0.0,0.0
2026-06-26,279.1499938964844,279.1499938964844,279.1499938964844,279.1499938964844,0,,
2026-06-29,279.5,279.8999938964844,271.45001220703125,272.79998779296875,13102878,7629892.0,58.23
2026-06-30,273.79998779296875,276.0,271.8999938964844,272.3999938964844,11512561,5537277.0,48.1
2026-07-01,273.70001220703125,274.1000061035156,270.6000061035156,271.6499938964844,8585773,0.0,0.0
2026-07-02,273.5,273.5,257.70001220703125,260.25,26105222,10593018.0,40.58
2026-07-03,258.25,258.25,250.0,252.1999969482422,39345727,21071250.0,53.55
2026-07-06,252.89999389648438,253.5,249.5,249.9499969482422,12248902,7133182.0,58.24
2026-07-07,251.14999389648438,251.85000610351562,246.35000610351562,247.85000610351562,12317114,7115853.0,57.77
2026-07-08,244.9499969482422,246.0,239.0,240.4499969482422,17045169,,
2026-07-09,240.64999389648438,246.1999969482422,240.14999389648438,244.60000610351562,10797792,,
2026-07-10,245.5,254.35000610351562,245.35000610351562,250.9499969482422,18239487,,
2026-07-13,249.0,252.6999969482422,247.0,250.64999389648438,18662940,11367644.0,60.91
2026-07-14,249.8000030517578,251.14999389648438,245.6999969482422,246.60000610351562,9026197,,
2026-07-15,248.0,250.39999389648438,246.9499969482422,248.14999389648438,8127491,3677055.0,45.24
2026-07-16,249.1999969482422,249.60000610351562,247.0500030517578,248.3000030517578,5277402,,
2026-07-17,249.0,249.0,245.60000610351562,246.8000030517578,6785854,3407678.0,50.22
2026-07-20,247.5,256.1499938964844,246.0500030517578,254.85000610351562,15040259,8817058.0,58.62
2026-07-21,254.85000610351562,257.0,247.3000030517578,247.6999969482422,13458334,6879348.0,51.12
2026-07-22,247.9499969482422,247.9499969482422,244.39999389648438,245.75,8257873,,
2026-07-23,245.0,246.0,242.25,243.14999389648438,6041550,2776037.0,45.95
2026-07-24,242.0,247.10000610351562,239.25,246.4499969482422,8475748,,
2026-07-27,243.5,247.6999969482422,241.89999389648438,244.0,14707217,4807796.0,32.69
2026-07-28,242.8000030517578,244.6999969482422,238.4499969482422,239.1999969482422,8526492,3604103.0,42.27
2026-07-29,239.89999389648438,244.89999389648438,239.35000610351562,243.35000610351562,10011406,5872597.0,58.66
2026-07-30,243.0,243.0,240.10000610351562,241.64999389648438,9423237,4456349.0,47.29
2026-07-31,243.0,244.5,242.10000610351562,242.60000610351562,7775343,4911070.0,63.16
2026-08-03,244.0500030517578,248.47999572753906,244.0,247.25,8511143,4770016.0,56.04
2026-08-04,247.19000244140625,249.14999389648438,245.0,245.0,4143561,1878899.0,45.35
2026-08-05,247.5,249.83999633789062,245.60000610351562,245.60000610351562,9244171,,
2026-08-06,246.11000061035156,251.0,245.60000610351562,251.0,9633422,5025615.0,52.17
2026-08-07,249.99000549316406,251.25,248.02000427246094,250.6999969482422,7479873,3587184.0,47.96
2026-08-11,247.0,247.47000122070312,243.60000610351562,246.1999969482422,13597216,8844804,65.04
2026-08-12,246.0,251.39999389648438,245.5,251.0,8296514,4088851,49.27
2026-08-13,250.99000549316406,250.99000549316406,247.63999938964844,248.0,3547826,2158961,60.85
2026-08-14,248.0,250.7899932861328,247.5,248.22000122070312,7811524,3585584,45.9
2026-08-19,244.07000732421875,245.5500030517578,243.14999389648438,245.0,6255486,3224349,51.54
2026-08-26,242.0,245.58999633789062,242.0,242.5,4758636,2262269,47.53
2026-08-27,244.3300018310547,244.6199951171875,240.0,241.0,4454015,2341567,52.57
2026-09-02,237.5,241.25,235.83999633789062,241.1999969482422,9636887,5816550,60.34
