date,open,high,low,close,volume,delivery_qty,delivery_pct
2022-01-03,97.49064443124833,100.11574216217406,96.90226629159905,99.66313934326172,24678644,,
2022-01-04,100.43256104611437,100.70412549531163,98.3505922582284,99.43683624267578,24952161,,
2022-01-05,99.2558009768898,102.87662357955848,98.57689673888942,102.28823852539062,40582366,,
2022-01-06,101.11147452940395,102.74084756157146,100.7041347244478,101.69985961914062,25776004,,
2022-01-07,102.15245718093553,102.69557919480367,100.07048831007913,101.3830337524414,26351285,,
2022-01-10,101.88089971440888,101.92615585367021,98.98423746101089,99.34632110595703,40065591,,
2022-01-11,98.48637762136299,98.48637762136299,94.36768914558601,94.50347137451172,83997765,,
2022-01-12,95.0918459653571,96.04230765090797,94.6392431895223,95.0013198852539,36449235,,
2022-01-13,95.95182035724348,98.21483498831054,95.36343517193153,97.8074951171875,47128730,,
2022-01-14,97.49064212587247,98.53162996598863,97.08330236095217,97.94324493408203,22683240,,
2022-01-17,96.85700966240782,98.21481820907708,96.17810538907318,97.2190933227539,38356354,,
2022-01-18,97.7622214129928,97.85274060714084,95.09186720168071,95.31816864013672,26528093,,
2022-01-19,95.4991979111571,95.72549932800818,93.77930576185463,94.72977447509766,38987705,,
2022-01-20,95.046588481885,96.76648051183896,93.96034451884601,95.49919128417969,41218605,,
2022-01-21,94.59399819245476,95.95180677894933,91.96890021066429,92.82884979248047,50322983,,
2022-01-24,91.87837777047537,92.55728203971533,87.1260478857956,88.12177276611328,51823192,,
2022-01-25,87.9859886362695,90.33952891055542,87.12604600955278,88.25755310058594,39580595,,
2022-01-27,87.80495524418376,87.89547443536613,85.22512031154258,87.26183319091797,41800442,,
2022-01-28,88.39333317668407,90.88264871623846,87.94073035131055,88.21228790283203,36999823,,
2022-01-31,89.7963969071544,90.20374358968088,88.30281312307024,89.11749267578125,29176967,,
2022-02-01,90.02269665387192,94.32242337310386,88.84593348494253,93.50774383544922,71410207,,
2022-02-02,95.22763004704825,95.95179731757378,93.82456545639006,94.27716827392578,50935597,,
2022-02-03,94.77503035911172,95.68023602407429,93.50774795310106,94.5487289428711,32947766,,
2022-02-04,94.77503942605108,96.58545092917467,94.00561591845792,95.13712310791016,39818820,,
2022-02-07,94.5487152050582,96.1780879277134,92.33096441060486,92.7383041381836,41791347,,
2022-02-08,93.23619586864174,94.23192085105302,90.06797562067818,92.24047088623047,43278258,,
2022-02-09,92.60253376259126,94.14138048888366,91.01842399474947,93.779296875,38882386,,
2022-02-10,91.42577163687771,96.63070418056135,91.42577163687771,93.5982666015625,84638735,,
2022-02-11,92.78358721908832,93.32670927523401,91.51629781730058,92.10468292236328,24260135,,
2022-02-14,90.52057068028886,90.79213515479832,86.44714499967586,87.03553009033203,32544033,,
2022-02-15,87.80495312428377,89.34380005574594,85.3609004905094,88.89119720458984,30069759,,
2022-02-16,89.43432807690756,90.83739280200402,88.80067992794038,89.29854583740234,23615723,,
2022-02-17,89.57010049259094,89.97744719783773,87.80495215503556,88.12177276611328,17584772,,
2022-02-18,88.07652091944325,89.02698279901695,87.17131518298926,87.66917419433594,24800828,,
2022-02-21,87.35235285822581,88.61964226020125,86.26610874577354,86.53766632080078,24726790,,
2022-02-22,85.04407213110447,85.40615578969297,82.46423728618991,84.41043090820312,31544269,,
2022-02-23,85.08932814941844,86.94500243003895,84.31990475483339,85.90401458740234,25758246,,
2022-02-24,81.46851034725414,83.23365864230949,76.35409692755339,76.9424819946289,71704145,,
2022-02-25,81.01590158247471,83.50521699422673,80.02017679900804,82.91683197021484,42402553,,
2022-02-28,82.3737116636776,87.57864399407481,81.64954440306705,87.21656036376953,51489421,,
2022-03-02,86.89975205811271,90.97317793583674,86.49241223280903,89.93218994140625,57349266,,
2022-03-03,91.87837455506828,92.78358021570935,90.56582910960718,91.56155395507812,42379071,,
2022-03-04,91.42578308243797,92.42150805160637,87.85022304118766,88.30282592773438,46399925,,
2022-03-07,88.34807563765919,89.75114724622702,85.85875994296701,88.71015930175781,38617536,,
2022-03-08,88.71015707423115,89.16275991644662,84.63673149429196,86.99026489257812,38596051,,
2022-03-09,86.99026489257812,88.57437484033225,86.17557839535603,86.99026489257812,31188865,,
2022-03-10,88.66488378396814,90.15847437195691,87.44285763240296,89.70587158203125,41584245,,
2022-03-11,90.06796837227463,92.19520041490813,89.66062856421537,90.20375061035156,44512874,,
2022-03-14,91.24473323279409,91.74259220177673,88.71015462392772,89.88692474365234,46969583,,
2022-03-15,89.6153562424726,89.6153562424726,84.95354592539265,85.90401458740234,44771720,,
2022-03-16,87.2165689577824,88.212293859609,86.89974833986096,87.98599243164062,30212949,,
2022-03-17,89.434322548273,90.52056658482242,87.98598795797892,88.80067443847656,50576391,,
2022-03-21,89.5248446620366,91.28999300571127,89.16276100261909,89.97744750976562,44140020,,
2022-03-22,90.430046289614,91.83311091075609,88.9364555780612,90.06796264648438,43769916,,
2022-03-23,91.24473697426514,94.77503366585587,90.33953127771954,93.32670593261719,100447377,,
2022-03-24,93.00988087287317,95.00133054758548,92.78357945955717,94.14138793945312,41016068,,
2022-03-25,94.59399528901531,95.18238037300422,93.14566755577663,93.32670593261719,29916817,,
2022-03-28,94.4399489355769,94.4399489355769,92.39900282809582,92.63092803955078,28885917,,
2022-03-29,93.60502321724843,93.74417976928194,91.37853961810093,91.65685272216797,37061803,,
2022-03-30,91.84238826039501,91.84238826039501,90.03337435305113,90.6827621459961,32496697,,
2022-03-31,91.10022577975269,92.35262766016353,90.91468843040096,91.4249267578125,30867023,,
2022-04-01,91.84238918425977,95.08934233723865,91.65685183520802,94.7646484375,31320098,,
2022-04-04,95.55319018036705,99.07845633852811,95.41403363347723,98.7073745727539,53395420,,
2022-04-05,99.21760064944401,100.19168934923538,97.59412420165548,98.10436248779297,45728043,,
2022-04-06,97.64051851643696,103.85611163838387,97.22305594772264,102.51094818115234,78734092,,
2022-04-07,103.29949283809403,104.08803718019628,99.72784582189244,101.21216583251953,52483623,,
2022-04-08,101.95431825282078,104.0880258234839,101.44407998712126,102.88201904296875,38006661,,
2022-04-11,102.92840272044435,104.22718527860992,101.76877670026,102.00070190429688,23157885,,
2022-04-12,101.1193958903655,101.58324633022957,98.15075590635391,100.23808288574219,33624428,,
2022-04-13,101.02662383317029,101.53685505324843,98.61460304224838,98.80014038085938,18850426,,
2022-04-18,98.3362861687667,99.49591218490782,96.89834707763352,97.64051055908203,26261827,,
2022-04-19,98.33629492117575,100.19169671214134,95.08934178698598,96.57366180419922,26307915,,
2022-04-20,96.94473555687878,97.22304863361484,94.30078963906847,94.53271484375,26825161,,
2022-04-21,94.95018987060642,96.29536048137753,93.41948190280313,95.64596557617188,31169375,,
2022-04-22,94.43995231158598,96.2489661944844,93.83694532468785,94.0688705444336,18079494,,
2022-04-25,92.3062356559497,92.86285475690883,89.52313307335827,89.75505828857422,48541864,,
2022-04-26,90.82191542268424,91.61045973650256,90.31167711961577,91.05384063720703,20974709,,
2022-04-27,90.3580602777526,90.77552281098745,88.59542732381396,90.17251586914062,29642139,,
2022-04-28,90.77552202875827,91.10021589378694,89.4767394908482,90.72914123535156,21460845,,
2022-04-29,91.0074530351812,91.79599735135626,89.52313307335827,89.75505828857422,22228488,,
2022-05-02,89.01288437444623,90.12612952416315,87.62133324564637,89.84781646728516,22931138,,
2022-05-04,90.9610788580966,91.28577276746789,87.06473071225194,87.992431640625,31271235,,
2022-05-05,88.96652598306147,89.61591384221649,87.01835532779963,87.29666137695312,23329442,,
2022-05-06,86.27617788217347,86.27617788217347,82.61176240539298,83.40030670166016,48845546,,
2022-05-09,83.40030052427392,83.40030052427392,80.52442955677381,81.5448989868164,29833441,,
2022-05-10,80.98828495179967,82.05513523960651,77.50940685383225,78.01963806152344,32190085,,
2022-05-11,78.11239830634884,79.55033726291896,75.46845265252799,77.78770446777344,39120953,,
2022-05-12,77.41664084967205,77.46302872793314,74.03053807050858,74.86546325683594,35341235,,
2022-05-13,76.72084804990227,77.74132452192202,73.47389547331737,73.89136505126953,32364015,,
2022-05-16,74.21607529739669,76.30340241513598,73.14921779943731,75.65401458740234,26772936,,
2022-05-17,76.21062589977379,79.73588486721702,76.16423802636442,79.50395965576172,38380173,,
2022-05-18,80.0605934544843,80.19974293238047,78.01964715251786,78.4834976196289,32754918,,
2022-05-19,76.34978893218768,76.34978893218768,73.52029828079864,74.401611328125,39987370,,
2022-05-20,76.95278052367544,77.41663093569952,75.70038582676958,76.9991683959961,30011006,,
2022-05-23,71.1546549066974,71.1546549066974,66.51615049093367,68.60347747802734,113585736,,
2022-05-24,68.97455883333271,70.22695360252138,68.0468579557417,68.88179016113281,60064633,,
2022-05-25,69.57756745741077,69.62395533350085,65.8667638596822,66.00592041015625,55416336,,
2022-05-26,66.79445707147484,68.97455251866529,64.4752050898264,68.32516479492188,66187950,,
2022-05-27,69.06732101057624,69.20647754468808,67.72215769568422,68.83539581298828,35122761,,
2022-05-30,69.5775520044027,70.08779021688616,68.4643140034501,69.34562683105469,29257589,,
2022-05-31,69.02095294926357,71.15466091397698,68.74263982970255,70.4588851928711,33084493,,
2022-06-01,70.4588866313747,71.43297549192881,69.53118565096004,70.92273712158203,32105532,,
2022-06-02,71.34020085431942,71.38658165279044,69.39203037363163,70.87635040283203,35686075,,
2022-06-03,71.80405684459706,71.80405684459706,70.0414235774205,70.18058013916016,21785047,,
2022-06-06,69.99503399053796,70.50527234520744,68.32517652377679,70.22695922851562,27661489,,
2022-06-07,69.57756042480469,70.45887335906737,69.11371002197266,69.57756042480469,18218210,,
2022-06-08,69.80948675414368,70.87634411345383,69.6703302154866,70.3197250366211,21951937,,
2022-06-09,69.80948447049768,70.4124913997554,68.78901501672055,69.62394714355469,21014709,,
2022-06-10,68.69625634579207,68.8354058223423,67.3510857575035,68.00048065185547,29410059,,
2022-06-13,66.79446261746067,66.79446261746067,65.12459822090577,66.33061218261719,30530740,,
2022-06-14,65.86676100346081,68.0932444811088,65.58844791458135,66.09868621826172,29432739,,
2022-06-15,66.74807246405032,67.02638554657305,65.40290908004707,65.63483428955078,23770095,,
2022-06-16,66.79446944339568,66.79446944339568,61.69211413869184,62.38788986206055,39971288,,
2022-06-17,62.3878833116099,64.98544857057225,61.460182444522765,63.501121520996094,68542282,,
2022-06-20,63.64027284059556,63.64027284059556,59.001768886065335,60.20778274536133,44821242,,
2022-06-21,60.85718124877151,64.38244770983614,59.929480293522566,63.825828552246094,51488728,,
2022-06-22,63.08365946604793,63.08365946604793,60.43971338928012,61.692108154296875,38976592,,
2022-06-23,61.69211413869184,63.08366558542925,61.181875777102796,62.38788986206055,33483121,,
2022-06-24,63.08367156982422,64.05776050606543,62.295127090760886,63.08367156982422,29172632,,
2022-06-27,64.28966980557836,65.40290796103086,63.82581939450722,64.89266967773438,31633555,,
2022-06-28,64.75351925776295,66.2378391356513,64.19689311048378,65.95952606201172,35159121,,
2022-06-29,65.07821177859626,65.5884429659842,64.66074217677483,64.98544311523438,24035362,,
2022-06-30,64.8462974476288,65.68122971338643,63.26920159502073,63.593902587890625,25854133,,
2022-07-01,63.26919490259138,65.12459659566206,62.94450102186317,64.8462905883789,20563587,,
2022-07-04,64.1968898602316,64.84628463991363,62.61980139690896,64.0113525390625,22848966,,
2022-07-05,64.01136637307016,66.14508141662449,63.825829011803116,64.56798553466797,27353438,,
2022-07-06,64.2432916135523,64.84629865436519,62.66620280939242,64.56798553466797,24025696,,
2022-07-07,65.12459170870687,68.1860071036629,64.70712919021071,67.58300018310547,36413399,,
2022-07-08,68.18601098270547,68.46432406273273,66.00591544847741,66.42337799072266,37768322,,
2022-07-11,65.40290679931641,68.55709095413332,65.40290679931641,67.25830841064453,40747355,,
2022-07-12,66.93361474195478,66.93361474195478,65.49567565780939,65.95952606201172,34393160,,
2022-07-13,65.8667667239435,66.4697737503558,65.49568493247466,65.91315460205078,23680129,,
2022-07-14,65.6812169867035,65.95952296949925,64.52159103056675,65.03182220458984,21598574,,
2022-07-15,65.03183528393043,65.2173797209065,63.59390305579797,64.3360595703125,57717709,,
2022-07-18,64.79991135645035,66.79446985804864,64.6143739935189,66.60893249511719,33245541,,
2022-07-19,66.00591708364713,68.1396247981306,66.00591708364713,67.90769958496094,39257553,,
2022-07-20,68.92817383461319,70.64441893798363,68.78901729589764,69.53117370605469,61219545,,
2022-07-21,69.57756667318932,70.50526756216519,69.02094755536302,70.13418579101562,31038381,,
2022-07-22,70.55164870827662,70.78357390839876,69.29924696538066,69.85587310791016,21258642,,
2022-07-25,69.80949620196694,70.64442846911123,69.39203360729306,70.5052719116211,19924422,,
2022-07-26,70.73718760452881,71.06188147633475,69.11371116770357,69.53117370605469,24458733,,
2022-07-27,69.57756154898041,70.50526236963348,68.92817380564149,70.3197250366211,17084580,,
2022-07-28,71.70604781459207,71.80165441948158,70.31973380790318,70.55875396728516,33296293,,
2022-07-29,71.61043081625841,74.04843171151646,71.2279971578899,73.76161193847656,41224551,,
2022-08-01,74.43087387721799,74.7177009773571,73.33137971910628,74.28746032714844,18151290,,
2022-08-02,74.09625244140625,74.4786861709349,72.5665248176083,74.09625244140625,18742186,,
2022-08-03,74.47867767544685,75.14793115504538,72.13627590822023,72.99674987792969,23493253,,
2022-08-04,73.1879700334978,74.71769747581341,72.61431586010312,73.57039642333984,24826809,,
2022-08-05,73.95282861888492,75.00451575841251,73.71380848288703,74.19184875488281,19897620,,
2022-08-08,74.33526346109745,75.1479304773717,73.47478949914765,74.71769714355469,19680701,,
2022-08-10,75.10013131881057,76.77327230801359,74.23965735121442,76.39083862304688,35559063,,
2022-08-11,76.29524394612469,76.29524394612469,74.62210269550192,75.386962890625,31717052,,
2022-08-12,75.38695270633283,78.5898212088318,75.33915305364836,78.01617431640625,40640281,,
2022-08-16,78.30298971679576,79.30686980505212,76.67764858760016,79.02005004882812,26851934,,
2022-08-17,79.21125793457031,80.35855876586167,78.73321774511085,79.21125793457031,28056755,,
2022-08-18,79.21126559223703,79.64150618093225,78.44640559174849,79.49809265136719,20383265,,
2022-08-19,79.45029906928681,79.54590567363431,77.92057151677776,78.15959167480469,16756741,,
2022-08-22,77.63373847187,77.63373847187,74.57428360084376,74.71769714355469,18504246,,
2022-08-23,74.33526878356933,76.82107695605373,73.61820831298827,76.4864501953125,18941205,,
2022-08-24,76.00840112083445,76.72546150876684,75.43475426935161,75.9605941772461,15002345,,
2022-08-25,76.34303549648887,77.39472271202622,76.00840874077011,76.24742889404297,14283751,,
2022-08-26,77.44252478993016,79.2590792994213,77.06009110988218,78.11177825927734,29944031,,
2022-08-29,75.53036317827896,76.9166770530654,75.00451595994441,76.43863677978516,20571152,,
2022-08-30,76.9644874689311,78.25519480613072,76.72546732151206,77.72935485839844,22790003,,
2022-09-01,76.96448104375776,77.87275461039893,76.4864407888276,77.39471435546875,19557859,,
2022-09-02,77.39472155322994,78.15958894997756,75.5781742510075,75.7215805053711,23484601,,
2022-09-05,76.19961780185163,77.49033239478771,76.00840460735819,76.96448516845703,21881137,,
2022-09-06,77.63374438966915,78.82884517949975,76.4864505491583,78.44641876220703,21769068,,
2022-09-07,78.15959394739029,78.97226104944787,77.92057378241357,78.63763427734375,18135087,,
2022-09-08,79.25908199525826,79.45029519462811,77.68154757035101,78.01617431640625,13192202,,
2022-09-09,78.44641610399464,79.1634765535949,77.96837580426114,78.54202270507812,14149065,,
2022-09-12,79.06786459272827,79.83273200874214,78.87665138588295,79.59371185302734,13787059,,
2022-09-13,79.83272287528888,80.54978326039625,79.83272287528888,79.92832946777344,14722171,,
2022-09-14,78.3986058496077,81.26684752703238,78.35079890392431,80.35857391357422,22582789,,
2022-09-15,79.92834170935478,80.11956221792609,78.39861411236703,78.63763427734375,16676036,,
2022-09-16,78.39860213223835,78.78103579662455,76.10400744023659,77.10789489746094,22689826,,
2022-09-19,77.10791109470664,77.2035177073074,75.1479427119646,75.386962890625,17209181,,
2022-09-20,76.05622021289797,77.77716104223266,76.0084132616734,77.2035140991211,14219212,,
2022-09-21,77.15570103585257,77.96837537639267,76.39084093706596,76.5820541381836,10364275,,
2022-09-22,76.29523432798108,77.44252812319081,75.53036693496388,76.86888122558594,11718492,,
2022-09-23,76.4864447188141,77.53813187483463,74.38307040677303,74.71769714355469,11815823,,
2022-09-26,73.61820046781365,73.90502754320667,70.55874570376061,71.4192123413086,15856055,,
2022-09-27,72.42309478794205,72.51870137500373,70.27191375463684,71.61042785644531,14244016,,
2022-09-28,70.74995568943051,71.80164276108603,69.98508838587274,70.41532897949219,11622517,,
2022-09-29,71.228000968897,72.32749506016594,70.31972736420111,70.79776763916016,31048983,,
2022-09-30,71.13239311450236,73.71380763589207,70.36752577037142,73.37918090820312,23164910,,
2022-10-03,73.14016492743241,73.18797187452314,72.23189128723645,72.66212463378906,12532404,,
2022-10-04,74.33526394878108,76.48644522061075,73.52259692717526,76.10401153564453,17021286,,
2022-10-06,76.48644021968956,79.06785465937793,76.34302668541457,78.8288345336914,22003469,,
2022-10-07,78.39861490489002,78.49422151298388,76.82108034123318,77.49034118652344,12122823,,
2022-10-10,76.39084767607639,78.8766559814778,76.15182750643555,78.30300903320312,17325325,,
2022-10-11,78.25519948073969,78.58982624825222,75.243543984494,75.86499786376953,15270763,,
2022-10-12,76.00840759277344,76.48644789209905,74.71770024345749,76.00840759277344,12403161,,
2022-10-13,75.96059749364593,76.34303117610317,74.09624332135117,74.71769714355469,12769213,,
2022-10-14,76.48644352597897,76.48644352597897,74.2874553568808,74.47867584228516,8472934,,
2022-10-17,74.28745387991319,75.0045142737128,72.9011400362935,74.81330108642578,11143044,,
2022-10-18,75.1957408965759,75.72158085171847,74.81330719645284,75.43476104736328,9906432,,
2022-10-19,75.43475873172449,76.29523270700814,74.6698913549577,74.95671844482422,8775176,,
2022-10-20,74.86111117739911,76.39083862294815,74.23965735111848,76.10401153564453,13611208,,
2022-10-21,75.62597850674807,76.05621917897042,73.90503770080828,74.43087768554688,13898452,,
2022-10-24,75.53036265768063,75.53036265768063,74.57428211770998,75.05232238769531,1726938,,
2022-10-25,74.62209739953492,76.48645174304507,74.0962501260749,75.86499786376953,14835434,,
2022-10-27,76.67765856711367,79.25908047498832,76.58205196926258,78.92445373535156,31614891,,
2022-10-28,79.1634672872443,79.1634672872443,74.90890474103733,75.48255157470703,29330156,,
2022-10-31,75.86499173187771,76.05621222236954,74.47867782381232,75.24353790283203,11696554,,
2022-11-01,75.24354246191214,76.72547035217285,74.95672265026951,76.4864501953125,15997988,,
2022-11-02,76.48643845435005,77.87275223360906,76.19961139242015,76.91667175292969,14278917,,
2022-11-03,76.2952339738842,77.87276111139704,75.81719367904611,77.72935485839844,15209490,,
2022-11-04,77.9205641216149,80.69319915044962,77.87275717682017,80.4063720703125,33445593,,
2022-11-07,81.12343867373231,83.51364020975457,79.88053825159047,83.27462005615234,38020780,,
2022-11-09,83.60923591520799,83.7526494475409,81.74488187782578,82.2707290649414,22539789,,
2022-11-10,81.26683563692127,82.84436978755974,80.0717351128489,80.50196838378906,16683921,,
2022-11-11,80.69319361181213,83.65704162776122,80.50197314007387,81.74488067626953,33191044,,
2022-11-14,81.8404930918339,84.13508785585678,81.79269344123249,82.65316009521484,26520636,,
2022-11-15,83.035592597502,83.37021932424312,81.36245166948083,82.41413879394531,13610421,,
2022-11-16,82.31852586106643,82.70095950260041,78.68542450228108,78.97224426269531,25739336,,
2022-11-17,79.35469246493932,79.35469246493932,77.20351104269699,78.15959167480469,22502719,,
2022-11-18,78.30299553972067,78.82883544572567,76.34302756868853,77.10789489746094,17752344,,
2022-11-21,78.63762548113279,79.35468589585437,77.44252478993016,78.11177825927734,26933770,,
2022-11-22,78.11178699666833,78.82884749159851,77.29911989461075,78.63763427734375,14583252,,
2022-11-23,79.06785206267196,80.16734606358405,78.49420523872678,79.49809265136719,12436505,,
2022-11-24,79.64150495895854,80.64538506188087,78.73322414852595,78.97224426269531,12007082,,
2022-11-25,79.21126033317434,80.07173415912034,78.44640038346704,79.68930053710938,10734377,,
2022-11-28,78.87664295668874,79.54589640344354,78.20738950993395,78.49420928955078,12858389,,
2022-11-29,78.92445604918029,80.88441689269338,78.63762895290225,79.11566925048828,19526525,,
2022-11-30,79.11566076896925,81.26684187749107,79.06785382660932,81.12342834472656,23604166,,
2022-12-01,81.93609239274237,82.46193956275259,81.02781887470472,82.07950592041016,24779245,,
2022-12-02,82.17511982977744,83.60924064561522,81.7448865027524,82.93998718261719,20303404,,
2022-12-05,83.3702085481372,84.75652951446796,83.17899538451933,84.23068237304688,21457721,,
2022-12-06,84.18290022900167,84.23069988268529,81.69708481933735,82.17512512207031,16724879,,
2022-12-07,82.65315957352409,82.65315957352409,80.74099849796018,81.55367279052734,12166267,,
2022-12-08,81.74488300852765,82.36633679435613,80.40636884543137,81.93609619140625,14100639,,
2022-12-09,82.50974196807877,83.17899533465474,80.02392707664887,80.83660125732422,12784750,,
2022-12-12,80.78880658662403,81.50586700011478,79.40249270493489,81.21903991699219,10442886,,
2022-12-13,81.69707816573664,81.983905241743,80.31076431844212,80.45417785644531,11388040,,
2022-12-14,80.88441582340407,81.84049640593678,80.78880922401399,81.41026306152344,10055122,,
2022-12-15,81.21903821945621,81.93609861795989,79.68931082817817,79.88053131103516,10984645,,
2022-12-16,79.73711154576328,79.88052507312791,78.39859744755184,78.97224426269531,11710485,,
2022-12-19,79.35468408051122,79.54589726900309,78.49421014366666,79.30687713623047,8474568,,
2022-12-20,78.87664177629087,79.11566190288569,77.155693947082,78.25518798828125,14817945,,
2022-12-21,78.68544047521065,79.97614789487231,77.25131949907183,77.82496643066406,14289387,,
2022-12-22,78.25519315565657,78.49421329803445,74.76549761807627,75.24353790283203,18920980,,
2022-12-23,74.81330112475868,74.8611080687627,71.08458561622709,71.4192123413086,15647334,,
2022-12-26,71.70603510476955,73.7616095699693,70.51093451969005,73.2835693359375,14027435,,
2022-12-27,74.00063688920349,77.58593899338665,73.8094164003909,77.25131225585938,29894904,,
2022-12-28,77.20350763081292,77.8727611259852,76.43864024120231,77.15570068359375,13888353,,
2022-12-29,76.67766678193408,77.7293613539164,76.24743339835341,77.49034118652344,13574850,,
2022-12-30,78.92444346342012,80.74099046911682,78.49420288761178,79.02005004882812,29757458,,
2023-01-02,79.64152313060522,85.56922039679029,79.4025029618991,85.04337310791016,86864774,,
2023-01-03,85.09116509189685,85.76041852882607,83.84825751552502,84.46971130371094,37876426,,
2023-01-04,83.80046178654855,84.4697152547821,81.12343332498291,81.50586700439453,20223708,,
2023-01-05,81.93609076076211,83.99166516488471,80.93221067571262,83.56143188476562,24321965,,
2023-01-06,83.9916656570705,84.1828861227111,81.69707112958783,82.12731170654297,19627104,,
2023-01-09,83.17899681156517,84.27849075701778,82.98778364466678,83.89605712890625,16860710,,
2023-01-10,83.8960762136464,84.85215685425774,82.41414830297222,83.7526626586914,21375875,,
2023-01-11,84.18290633602147,85.61702734825818,83.94388616731536,85.04337310791016,24955585,,
2023-01-12,84.85214645212348,84.85214645212348,83.37021872312074,84.13508605957031,11442821,,
2023-01-13,84.42191398963945,85.66481430606807,84.08727996760521,84.94775390625,18350692,,
2023-01-16,85.33018165857132,85.7604149508885,83.75264742954984,84.03947448730469,12333401,,
2023-01-17,83.99167165463454,83.99167165463454,82.27073110687212,83.32241821289062,12532647,,
2023-01-18,83.65705197493655,87.19454725500745,83.51363842697346,86.71650695800781,39056707,,
2023-01-19,86.47748122684258,89.77596343979195,86.0472479050436,88.05501556396484,63481359,,
2023-01-20,88.29404371532375,88.86769062792246,87.19454954449174,87.48137664794922,27855347,,
2023-01-23,87.9116066403399,89.29792786151019,86.33407951471807,89.01110076904297,37644720,,
2023-01-24,88.86768828579966,89.05890878117042,86.71650694951205,87.00333404541016,15154378,,
2023-01-25,86.9077177553768,87.38575799903198,85.23457690258363,85.9516372680664,17092770,,
2023-01-27,86.04725100759504,87.19454476996997,82.50975582834246,84.27850341796875,21874770,,
2023-01-30,84.27849871056802,85.66481253719773,82.22292414800481,83.03559112548828,13314265,,
2023-01-31,83.56144057827267,87.14674259998647,83.17900690376007,86.62089538574219,26331826,,
2023-02-01,87.29015950719156,88.34184668193639,82.98779691515877,85.09117126464844,25911790,,
2023-02-02,84.94775771938416,86.28627198465755,83.80046394590178,85.09117126464844,22866118,,
2023-02-03,85.52140724120108,85.76042739256755,81.64928516565374,82.17512512207031,21487839,,
2023-02-06,82.60535871238939,82.89217849293037,80.40637058999755,80.74099731445312,15025899,,
2023-02-07,80.74099553918364,80.74099553918364,77.87275403094529,78.8288345336914,19123174,,
2023-02-08,78.82882656896706,81.07562135886059,78.68542034349694,80.83660125732422,17280945,,
2023-02-09,80.98000957892755,82.7487642115318,80.11954302657553,81.6014633178711,13368881,,
2023-02-10,81.2190275843307,81.36244110411545,80.07173401468201,80.83660125732422,8282686,,
2023-02-13,80.78879446502292,81.50585477092548,79.35467385321778,79.68930053710938,11254227,,
2023-02-14,79.97612852978605,80.78879542729233,78.44640131783636,80.50196838378906,19252645,,
2023-02-15,80.31076431844212,81.6014715718397,79.92833064853882,80.45417785644531,12266197,,
2023-02-16,81.26684802335555,82.17512164236084,80.64539419725496,82.0317153930664,10475328,,
2023-02-17,81.69707987727645,83.80046145865236,81.55367363058448,82.36634063720703,21525591,,
2023-02-20,82.22292212272535,82.79656895774177,81.17123504280936,82.2707290649414,12315939,,
2023-02-21,82.70096442023387,83.75265152625236,82.3663376993619,83.32241821289062,14079807,,
2023-02-22,83.17899533465474,83.27460191640635,80.31075411621836,80.83660125732422,19537168,,
2023-02-23,81.26684835828283,82.50975601560644,80.5019809854197,81.1712417602539,24771081,,
2023-02-24,81.60147186971078,81.93609859672934,79.1156639477386,79.30687713623047,19305545,,
2023-02-27,79.06785584949603,79.73711658808114,77.53812848094006,79.35468292236328,16861726,,
2023-02-28,79.45029599993529,79.92833629752133,78.20739560280124,79.11566925048828,14683471,,
2023-03-01,79.35468576380934,81.74488714223733,79.35468576380934,81.50586700439453,13629694,,
2023-03-02,81.36245690877882,82.65316424893227,81.21904336113599,82.50975799560547,13107291,,
2023-03-03,83.03559724264518,84.23069797237328,82.27073715220878,83.94387817382812,14681544,,
2023-03-06,83.84826544957261,84.3263057481319,82.9399918000364,83.60924530029297,15255919,,
2023-03-08,82.46193792029867,83.94386551949086,81.98389770047085,83.56143188476562,10100796,,
2023-03-09,83.70484396200786,85.09115765780804,83.65703702312588,83.89605712890625,12585135,,
2023-03-10,82.98778222090145,84.32628895485581,82.60534859935109,84.23068237304688,10662815,,
2023-03-13,84.46971695548623,85.42579752610705,82.8921825550987,83.1312026977539,14288810,,
2023-03-14,83.27462040708618,84.03948781956308,81.98391303105814,82.98780059814453,10616254,,
2023-03-15,83.70485422026364,84.70873441098054,83.37022019570904,83.80046081542969,13398597,,
2023-03-16,83.0355932475,83.46583386609126,80.35857211829989,81.55367279052734,20684933,,
2023-03-17,82.22293099042793,85.1389797165358,82.03171778957196,84.75654602050781,26577314,,
2023-03-20,84.75654557654265,84.75654557654265,81.69708331866062,82.79657745361328,14909136,,
2023-03-21,83.22681427001953,83.70485454200283,82.46194691711997,83.22681427001953,9170696,,
2023-03-22,83.32241131315186,83.41801789772468,80.6931901186677,81.31464385986328,19851740,,
2023-03-23,81.12342546171158,82.89217285144095,80.5019717046945,82.07950592041016,17338653,,
2023-03-24,82.2729855886855,82.2729855886855,79.3225699729446,79.66114044189453,20599895,,
2023-03-27,79.41929815865339,80.19317979173788,78.2584830893089,78.5486831665039,11701170,,
2023-03-28,78.59706227719667,79.17746987641782,78.01665467797551,78.16175842285156,11090113,,
2023-03-29,78.16176200669324,80.24155538424063,77.96828787789306,79.85462188720703,13616947,,
2023-03-31,80.72522138622838,81.54747343410445,75.0662346971645,79.99971008300781,20583852,,
2023-04-03,81.11216762172836,81.59584185606221,80.58013039213101,81.06380462646484,7075382,,
2023-04-05,80.48338483197784,80.72522193469446,79.41930305608125,79.80624389648438,8559285,,
2023-04-06,79.61277800642723,79.95134847774627,78.64542958535415,79.41930389404297,9141521,,
2023-04-10,79.80625154184101,80.48339254220387,79.56441441595663,79.75788116455078,7342069,,
2023-04-11,80.28992579360974,80.33829617089997,79.03236978689768,79.75788116455078,18451727,,
2023-04-12,80.2899175564091,80.67685839418326,79.70950998988917,79.99971008300781,13125615,,
2023-04-13,79.95135760439221,80.2899281143599,78.50033480714474,78.88727569580078,12468154,,
2023-04-17,79.17746649392943,79.80624444134202,78.98399976254836,79.61277770996094,6426817,,
2023-04-18,79.95134818001918,80.28991865007741,79.32257023260661,79.61277770996094,6301411,,
2023-04-19,79.66113227502744,81.40236219437703,79.61276928744003,79.95133972167969,12688176,,
2023-04-20,79.80624225712711,80.91869438282842,79.70950889408407,80.48338317871094,6865529,,
2023-04-21,80.43502382429263,80.67686093297644,78.11338610487145,78.93563079833984,16876304,,
2023-04-24,78.54868910914831,79.61277828021429,78.21011863666496,79.32257080078125,7946999,,
2023-04-25,79.1291040799974,79.90297839146476,79.03236333331655,79.27420043945312,7788276,,
2023-04-26,79.12909808145838,79.12909808145838,78.21011271963528,78.5486831665039,9901624,,
2023-04-27,78.59706004959386,79.22583800604718,78.30685256806684,79.03236389160156,8977490,,
2023-04-28,79.32257668600859,80.193191808619,79.22584331244818,80.0964584350586,11438678,,
2023-05-02,80.28992845052676,82.41809227662004,80.28992845052676,81.83768463134766,20210134,,
2023-05-03,82.36972045898438,82.65992056040808,81.25726828615309,82.36972045898438,14993568,,
2023-05-04,82.36971908607073,83.77237133694673,82.224615347636,82.9017562866211,13452219,,
2023-05-05,82.90175529589007,82.95012566821782,79.80624335426205,79.99971008300781,16749470,,
2023-05-08,80.62849226159541,81.69257408621567,80.24155140347449,81.54747772216797,14678832,,
2023-05-09,81.45073699951172,82.36972246038988,80.91869977716617,81.45073699951172,13523848,,
2023-05-10,81.49910794244083,81.69257468277256,79.90298150371326,81.20890045166016,13487783,,
2023-05-11,81.16053716660981,81.54747802617322,80.6768629372263,81.35400390625,8109668,,
2023-05-12,80.77359118021813,81.01542827956011,79.75787241086884,80.33828735351562,12358464,,
2023-05-15,80.3382921665672,81.69257409979095,79.51604007531748,81.49910736083984,7462528,,
2023-05-16,81.74094503005554,82.17624888579469,80.91870031350213,81.3056411743164,7376841,,
2023-05-17,81.06380693122944,81.06380693122944,79.61278418697317,80.0964584350586,13496921,,
2023-05-18,80.48338483197784,80.96705903741108,79.56440679376776,79.80624389648438,8234890,,
2023-05-19,79.80624472663968,80.2415485639446,78.30685172208668,79.4676742553711,13720610,,
2023-05-22,79.46768216717102,79.66114891850526,78.93563753057664,79.3709487915039,6918411,,
2023-05-23,79.56441412021765,80.43502924622199,79.12911024735716,79.90298461914062,9357512,,
2023-05-24,79.41930305608125,80.33828847457401,79.1291029609909,79.80624389648438,7904196,,
2023-05-25,79.90298548060056,80.04808923321292,78.98400734786134,79.56441497802734,9575601,,
2023-05-26,78.21011836770163,79.99971147063026,77.82317752321585,79.41930389404297,26673130,,
2023-05-29,79.70951418130586,82.0795149443366,79.37094369805618,81.54747772216797,20634118,,
2023-05-30,81.64420567607502,81.78930941078085,80.28991645262485,80.48338317871094,11048903,,
2023-05-31,79.9997106265446,80.38665146694773,79.41930305608125,79.80624389648438,12966397,,
2023-06-01,79.80624446474413,80.24154830062055,79.12910352442908,79.51603698730469,22911903,,
2023-06-02,79.95135271394872,81.16053830435847,79.85461934277258,80.87033081054688,12665361,,
2023-06-05,81.16053802577996,81.45073813831232,80.38665629846076,80.9670639038086,11749146,,
2023-06-06,81.16053148057729,81.20889447195755,80.14481271791902,80.48338317871094,9032643,,
2023-06-07,80.67686904381115,82.22462521893436,80.43503191081429,81.9827880859375,18300344,,
2023-06-08,82.17624888579469,82.99850098263117,81.16053742897567,81.3056411743164,17361553,,
2023-06-09,81.4507401407769,81.4507401407769,79.70951728192549,80.19319152832031,15482610,,
2023-06-12,80.72521970657613,81.54747173734359,80.28991588581422,80.82196044921875,10006837,,
2023-06-13,81.01543342173815,82.17624862014536,81.01543342173815,81.35400390625,14147667,,
2023-06-14,81.9344177072247,82.95013661792497,81.49911381994377,81.9827880859375,20418160,,
2023-06-15,82.07950617789942,82.41807662498834,81.16052819576059,82.03114318847656,12731420,,
2023-06-16,82.46645382612562,82.80502430126134,81.93440923642457,82.36972045898438,11501358,,
2023-06-19,82.80501502395225,83.62725962295436,82.41807421845655,83.09522247314453,16961035,,
2023-06-20,82.95013370070346,84.2076897001744,82.56319282545984,83.19197082519531,18507799,,
2023-06-21,83.2403338518902,83.62726731268334,82.22461506660146,83.04685974121094,12679704,,
2023-06-22,82.85339467497339,83.28869851725035,81.7409425021421,82.36972045898438,10984829,,
2023-06-23,81.78932220222354,82.56319660788053,81.06381079551058,81.64421844482422,10873933,,
2023-06-26,81.35400306634685,81.98278103411049,80.676862104314,81.69257354736328,9941493,,
2023-06-27,81.78931316060206,82.80502458954545,81.49910567788517,82.22461700439453,10320705,,
2023-06-28,82.85339441209662,83.24033525971672,82.32134982408365,82.41808319091797,11545483,,
2023-06-30,82.61156435440327,82.95013485735619,82.12789009867524,82.70829772949219,10543357,,
2023-07-03,83.09522656499341,85.3684937613351,82.80501910151048,84.64298248291016,21458900,,
2023-07-04,84.98155348548961,85.61033140690756,84.06257547899736,84.4011459350586,14758818,,
2023-07-05,84.83644811015351,85.80379646890228,84.7397147503351,85.1750259399414,12358194,,
2023-07-06,85.0299303906093,85.368500872688,84.15931530791904,84.93319702148438,9906211,,
2023-07-07,84.54625844073553,85.22339942312198,83.38543583913754,83.96585083007812,10250502,,
2023-07-10,84.15931776524579,87.64177081740621,84.06258439329639,87.10973358154297,35951620,,
2023-07-11,87.64177083229298,87.64177083229298,86.57768898010254,87.06136322021484,17114253,,
2023-07-12,87.06135642633024,87.78686772988299,86.33584512277749,86.6744155883789,10421729,,
2023-07-13,88.02870427065237,88.41564510614032,86.43257793694117,86.91625213623047,17704740,,
2023-07-14,87.64176799164996,88.75422018390812,87.06136039838398,88.27054595947266,13245628,,
2023-07-17,88.60911560058594,89.4313602982755,88.1738117548335,88.60911560058594,16244703,,
2023-07-18,88.65749683632048,88.94769697561424,86.81953309965813,87.35157775878906,8317264,,
2023-07-19,87.83524322509766,88.17381371044571,87.3031986193485,87.83524322509766,6640273,,
2023-07-20,87.98033388777144,88.2705413594223,86.81951876173316,86.9646224975586,9799742,,
2023-07-21,86.77115543199876,88.27054852341386,86.19074782187406,87.20646667480469,14106972,,
2023-07-24,87.30319296096287,87.4482966967883,86.28747419046745,86.9646224975586,8631435,,
2023-07-25,87.06135819597942,89.7215663630788,86.81952108987947,89.2378921508789,25710455,,
2023-07-26,89.8183074247329,90.1568779262236,88.99606266960302,89.18952941894531,9021181,,
2023-07-27,89.76994383049173,90.3503514549418,89.09279545173048,89.479736328125,8458483,,
2023-07-28,89.3830023943823,90.15687676204197,88.75422439671405,89.67320251464844,9734958,,
2023-07-31,90.15687249947077,91.99483602872488,90.01177613633944,91.51116180419922,21053644,,
2023-08-01,92.18830789614441,93.01055258170827,91.70463368342651,92.47850799560547,13110258,,
2023-08-02,92.23666908478894,92.23666908478894,89.18952012822206,89.91503143310547,18295129,,
2023-08-03,89.6248315988438,90.15686879579597,88.99605365673425,89.86666870117188,9432214,,
2023-08-04,90.73728887454924,91.17259273123234,90.06014052158508,90.93075561523438,7594563,,
2023-08-07,91.41442983317869,91.41442983317869,90.15687387806935,90.9791259765625,7753436,,
2023-08-08,90.97912142252328,91.12421778061035,89.14115795716552,89.57646179199219,10695875,,
2023-08-09,89.7699350763549,90.30197227176649,87.98033462008301,89.91503143310547,13978237,,
2023-08-10,89.47972786139042,90.88238010278022,89.28626113164101,89.86666870117188,10588532,,
2023-08-11,88.31891662346082,89.38299844464937,87.39993116585202,88.12544250488281,19474269,,
2023-08-14,88.02871858316448,88.07708896307093,83.8207538412348,84.25605773925781,23189557,,
2023-08-16,84.25604752388618,84.5946180013311,81.98278016928988,82.12788391113281,28322838,,
2023-08-17,82.27298765297574,83.1919657175095,81.83767642744695,82.12788391113281,12271217,,
2023-08-18,82.2729887987042,82.70829265001213,81.16053660279364,81.59584045410156,9315437,,
2023-08-21,81.64420720601977,83.4338002868404,81.25726636631413,83.2403335571289,11090878,,
2023-08-22,83.86910470247564,83.86910470247564,82.65991918265746,82.9017562866211,8750174,,
2023-08-23,83.53053365169615,84.30441533110744,82.99849645484821,83.2403335571289,11386589,,
2023-08-24,84.06258477573132,85.56197049847617,83.48217716111128,83.72401428222656,21699641,,
2023-08-25,83.3370677641366,83.67563823469443,82.51482308412967,82.8533935546875,7514441,,
2023-08-28,83.19196101330998,84.30441313082352,82.99849428864783,84.1109390258789,7685360,,
2023-08-29,84.83646218237183,85.70707732571515,84.40115830084191,85.56197357177734,11995479,,
2023-08-30,86.09401909735917,88.60912379718036,85.90055234363584,88.41565704345703,24500533,,
2023-08-31,88.8509547091787,89.09279182454407,87.49666538707604,87.7385025024414,11300175,,
2023-09-01,88.27054811633823,94.31647606951209,87.88360725127848,93.78443145751953,52388079,,
2023-09-04,94.55831521212909,100.26567279817615,94.50994483535484,99.39505767822266,65068908,,
2023-09-05,99.78200088505044,99.87873426057783,96.5897478306619,98.4277114868164,30394405,,
2023-09-06,98.42770960665977,99.00811722902075,95.18709361655124,96.05770874023438,25576766,,
2023-09-07,95.86423403870864,97.26689377965774,94.26810755155851,96.29954528808594,20324016,,
2023-09-08,96.73484290428905,97.12178375196277,94.80014604620327,95.67076110839844,21381211,,
2023-09-11,96.25116620203309,97.31524797042115,95.57402527131777,96.68647003173828,16085094,,
2023-09-12,97.70219547526042,98.71791432092836,90.06014108579234,90.68891906738281,28381920,,
2023-09-13,91.36604749392063,93.73605534816488,90.64053624104054,92.86544036865234,20853496,,
2023-09-14,93.5425832061007,96.2027911888834,93.1556497673763,95.42891693115234,24393971,,
2023-09-15,95.96096698110355,97.02505622128317,92.43015090694063,93.20402526855469,31058038,,
2023-09-18,93.20402411209763,94.75178019640474,93.15566111650617,93.73606872558594,20929184,,
2023-09-20,93.78467347142825,94.75703921988708,91.93718448420604,92.71507263183594,15206482,,
2023-09-21,92.86093610853001,93.4443541186931,91.49962247244116,91.74271392822266,12585171,,
2023-09-22,91.88857506317581,92.47199310367387,90.33279114899334,90.62449645996094,11754217,,
2023-09-25,90.9161999911004,91.3537616225632,89.79797786578621,90.52725219726562,11187855,,
2023-09-26,90.91620635986328,92.18028492373564,90.2841670779271,90.91620635986328,10817622,,
2023-09-27,90.91620457091884,91.01343966963512,89.79798238927525,90.3327865600586,8375033,,
2023-09-28,90.43001958876069,91.35376413326395,88.72837943520874,89.26318359375,12288222,,
2023-09-29,90.47864255652864,91.88857002869742,90.43002129808318,91.25653076171875,11588721,,
2023-10-03,91.40238359931384,91.40238359931384,88.87423404730058,89.16593933105469,15548573,,
2023-10-04,87.85324650127258,88.38805064624854,86.44331909151727,86.78364562988281,17453762,,
2023-10-05,87.17259930240283,87.61016096429636,86.0543770993206,86.20023345947266,9372979,,
2023-10-06,87.12398113414783,87.8046416994876,86.24885036074691,86.39470672607422,12869247,,
2023-10-09,85.56818827808671,85.81127972205854,83.62345672631201,83.96378326416016,12795052,,
2023-10-10,84.49858812124077,86.63778987881662,84.10964032389184,86.34608459472656,12762654,,
2023-10-11,86.73502934426692,87.17259842029529,85.95714112893188,86.151611328125,15503178,,
2023-10-12,86.78364716743674,87.95048315352358,86.44332062304159,86.8808822631836,12154040,,
2023-10-13,86.29746487410512,87.36706577193087,85.7626607159111,86.44332122802734,11546230,,
2023-10-16,86.54055331244886,87.02673619622666,85.95713533562791,86.73502349853516,10487993,,
2023-10-17,87.22121887115824,88.09634967097705,86.7836571805304,87.02674865722656,10121691,,
2023-10-18,87.12397131721352,87.90186689893233,85.03338343258602,85.3250961303711,15854654,,
2023-10-19,84.9361525229869,86.2488448905514,84.40135577545597,86.05437469482422,8686749,,
2023-10-20,85.51957591107492,86.39470668405016,84.15826961818335,84.49859619140625,11025391,,
2023-10-23,84.30410806347165,84.4499644105593,80.70635773430686,81.04668426513672,16394075,,
2023-10-25,81.67873622051135,82.99142871177122,80.80360542015039,81.82459259033203,14344290,,
2023-10-26,81.19255437077703,81.38702458747335,79.53953527316854,80.949462890625,11702863,,
2023-10-27,81.67872532124797,82.16490821006491,81.09530733838005,81.6301040649414,7823423,,
2023-10-30,82.11628540349426,82.31076300648681,81.0953058073909,81.53286743164062,10725366,,
2023-10-31,82.11628540349426,82.60246828313262,81.38701108403671,81.53286743164062,9635615,,
2023-11-01,81.67873181611154,81.82458817806715,80.3174181354638,80.609130859375,6612710,,
2023-11-02,81.58149250147994,83.0400412085914,81.04668834144748,82.69971466064453,11759902,,
2023-11-03,83.42899428869696,83.47760813087002,82.2621507981009,82.55386352539062,7685817,,
2023-11-06,83.62346455687185,85.0820133572824,82.89419015666657,84.4499740600586,11705948,,
2023-11-07,83.5748419269002,83.6234631868758,82.06767930897205,82.94281005859375,17638494,,
2023-11-08,83.33175289052092,84.15826982279546,82.60247848102897,83.57484436035156,18334392,,
2023-11-09,83.72069686631605,85.08201051832171,83.62346176657906,84.74168395996094,14898986,,
2023-11-10,84.74168359030529,86.20023233568554,84.20687941624084,85.6654281616211,14776717,,
2023-11-13,86.83227316218225,87.17259972514569,85.13063292880234,85.76266479492188,20080996,,
2023-11-15,86.97812541871194,87.26983815154618,85.81128932450085,85.95714569091797,16145878,,
2023-11-16,86.20023079036699,86.29746588793668,85.37372133318092,85.56819152832031,9828235,,
2023-11-17,85.95714462157223,87.07536685877506,85.66543189236701,86.832275390625,15173874,,
2023-11-20,87.22120934211992,88.97147075053905,87.07536040688693,87.8532485961914,30213668,,
2023-11-21,88.33943632881173,88.97147561745703,87.99910976371433,88.14496612548828,13384773,,
2023-11-22,88.48528574027267,88.48528574027267,86.2974627412,86.78364562988281,11701214,,
2023-11-23,87.02674648391896,87.80464215734565,85.714054026254,87.36707305908203,13092010,,
2023-11-24,87.12397128926982,88.14495831262802,86.54055331244886,86.73502349853516,9598262,,
2023-11-28,87.07536218231623,88.87423746630388,86.92950582554697,88.4366683959961,19252753,,
2023-11-29,88.97147652045389,89.65212965755683,88.38805848599954,88.67976379394531,22993584,,
2023-11-30,88.97147871217147,89.94384459973618,88.14496919145407,89.74937438964844,26327767,,
2023-12-01,90.43002559430444,91.59686166680581,89.65212993359496,90.57588195800781,28208739,,
2023-12-04,92.32613411266604,92.86093829540496,91.20791932458722,91.40238952636719,30750546,,
2023-12-05,91.49962171583009,94.17362770731512,90.81896861269523,93.1040267944336,34837108,,
2023-12-06,93.93053950909787,98.30618582863872,92.86093855914486,96.60454559326172,74817529,,
2023-12-07,97.04211597745922,97.57691275032474,95.43771082173707,96.2155990600586,22413672,,
2023-12-08,96.4100786347022,97.57691472508023,93.63883735613219,95.38909149169922,25014086,,
2023-12-11,95.3890809211635,98.16032189263859,95.04875438406341,98.01447296142578,29721883,,
2023-12-12,98.40342360728188,99.66750221252441,96.26422164916993,97.23658752441406,40788275,,
2023-12-13,97.9172309591958,100.7857144578359,97.77138202722335,100.39676666259766,42797594,,
2023-12-14,102.195641495821,109.1480582726225,102.195641495821,107.88397979736328,177834487,,
2023-12-15,108.17570039144374,110.21766718478317,106.3768250596581,108.37017059326172,69403738,,
2023-12-18,108.90496926368311,113.912654601931,107.68951201743664,112.25962829589844,78649010,,
2023-12-19,112.25963553737574,113.32924391791917,107.15471477383998,107.98123168945312,35413677,,
2023-12-20,109.24529311833997,109.82871109845694,99.81334808718975,100.8343276977539,41617472,,
2023-12-21,100.98019131668683,106.8630076345444,99.32717235093251,105.98787689208984,52112170,,
2023-12-22,107.44642371877599,110.36352119530385,106.4740578932667,109.63424682617188,56223938,,
2023-12-26,110.50937498916082,111.7248322428503,108.22431683593705,110.41213989257812,37093574,,
2023-12-27,111.96792300793666,114.93363423764065,111.82206665467463,112.25962829589844,87756029,,
2023-12-28,113.18338983542488,120.42751266886103,112.89167710420664,119.45514678955078,112886813,,
2023-12-29,119.89271328928312,122.27500667456323,117.51041248544026,120.23303985595703,65438649,,
2024-01-01,120.23303341618615,123.3932222862269,119.26066761001975,121.25401306152344,37525817,,
2024-01-02,121.20539530747565,121.20539530747565,116.92698441482172,119.60099029541016,38718627,,
2024-01-03,119.01757944238503,119.30928474114619,115.41982140916343,115.80876922607422,30459539,,
2024-01-04,115.95462621014958,117.3645537081729,114.98226037190935,115.37120819091797,21439561,,
2024-01-05,116.1977213584563,117.41317869484183,112.50272808841916,113.71818542480469,22784093,,
2024-01-08,113.86403054105408,114.35021342758168,110.8496981282953,111.14141082763672,21830246,,
2024-01-09,112.01654001886975,113.37785365692959,110.60661254072073,111.04417419433594,16993314,,
2024-01-10,110.8497023243094,112.45410739429478,109.09944089913219,111.87068939208984,20963866,,
2024-01-11,112.74581878625742,113.32924423859114,109.87734245938876,110.363525390625,16565652,,
2024-01-12,110.84970750336002,113.13476577958515,110.50938093772015,111.72483825683594,19498240,,
2024-01-15,112.79442751426477,113.08614020801956,110.65522582193626,111.48173522949219,16054366,,
2024-01-16,111.87069165763127,116.63527828759663,110.84970456917439,116.246337890625,63560474,,
2024-01-17,114.59330880875912,114.59330880875912,109.3911532278579,109.97457122802734,59898451,,
2024-01-18,109.9745705649672,110.89832252668147,104.52932356527907,109.92595672607422,39166751,,
2024-01-19,111.14141517438951,111.67621191934857,110.36351955809691,110.94693756103516,14431734,,
2024-01-23,111.72484166963982,111.72484166963982,105.01551557946162,105.79341125488281,29014770,,
2024-01-24,106.81438272966813,112.30825103910296,105.98787327499758,111.87068939208984,37267385,,
2024-01-25,112.69720152791304,116.63527870040804,110.8497049615087,115.80876922607422,62850007,,
2024-01-29,117.1700735867631,118.28829568976825,114.73915919699623,117.12145233154297,45734036,,
2024-01-30,118.33692145234119,121.39987537584226,117.31594175688264,117.85073852539062,54176726,,
2024-01-31,118.14244892353915,120.86507622829677,117.3645532883048,119.11481475830078,28514173,,
2024-02-01,120.08718376863942,120.08718376863942,115.4198246709352,116.00325012207031,23393545,,
2024-02-02,117.1700830158978,126.06722446358272,116.48942989941305,124.7545394897461,115557246,,
2024-02-05,126.40756912609095,134.57543688861855,126.40756912609095,131.5611114501953,130644925,,
2024-02-06,133.4572144341223,142.6460688539646,130.102555180799,141.47923278808594,121450085,,
2024-02-07,144.29907808039556,145.85486928764695,138.70797475770243,139.48587036132812,100793018,,
2024-02-08,140.2637731829614,141.86817089283838,134.18648664990414,135.2074737548828,34821242,,
2024-02-09,135.40193458962705,135.74226854678463,125.8727469975821,129.95668029785156,53110476,,
2024-02-12,130.54011762506363,132.24175789205702,117.65626988925662,119.35791015625,54452795,,
2024-02-13,116.73252446778424,118.28830836016976,113.08615249255436,114.59331512451172,65167883,,
2024-02-14,113.86403717345941,120.28165016572756,112.79443624450847,119.55237579345703,44986596,,
2024-02-15,120.57336134559829,123.3932236994901,119.84408698262088,122.2750015258789,41215523,,
2024-02-16,123.58769772909197,127.76886642205396,123.490462628058,123.92802429199219,52165364,,
2024-02-19,125.04625220741816,126.79649883920034,122.32362490435402,124.7545394897461,29556961,,
2024-02-20,126.42054151315205,128.7725456063444,123.77453316989131,127.7435531616211,35081976,,
2024-02-21,128.03754890827346,131.51656697638063,126.42054788195229,127.59654998779297,78653013,,
2024-02-22,128.87056021468513,129.5565602060809,123.1375367879548,126.71455383300781,59343469,,
2024-02-23,127.79254834935455,128.67456114746437,124.55853880714722,125.44054412841797,23535334,,
2024-02-26,125.44054127668399,125.44054127668399,121.2755233046066,121.71652221679688,23550719,,
2024-02-27,122.0105266473421,123.77453725225611,121.7165223875768,122.8435287475586,17548565,,
2024-02-28,122.99052943047558,124.16653150202347,118.7275125750659,119.31551361083984,22958071,,
2024-02-29,118.92351427890937,121.32452917825533,118.04150895826879,118.7765121459961,48476583,,
2024-03-01,120.5405187391697,133.0355725109129,120.5405187391697,130.34056091308594,140528760,,
2024-03-04,135.4365698667809,142.10060104442726,130.3405513028195,138.8175811767578,122158785,,
2024-03-05,138.47459454477536,139.79759122435925,135.97558087843623,137.44558715820312,46101452,,
2024-03-06,137.00459546365906,139.1606017965317,130.53656151136315,136.26959228515625,60977883,,
2024-03-07,136.7105904014912,140.38560627249902,135.58359151585327,136.1715850830078,69331029,,
2024-03-11,136.95559860069068,137.78860822302502,130.83057182964012,131.6145782470703,36011903,,
2024-03-12,131.8595713628115,132.59457453099475,125.9305428153977,127.15554809570312,33809481,,
2024-03-13,127.40055080759105,127.84154972349711,115.00349571440766,116.32649993896484,54001247,,
2024-03-14,116.71850675643458,121.03052702852727,116.22850462271585,119.07051849365234,34792279,,
2024-03-15,118.67850897596082,121.91252587714543,116.17950271308072,119.26651000976562,38312218,,
2024-03-18,119.56051996914563,124.06853807917182,119.02151463428677,123.43153381347656,31290052,,
2024-03-19,124.2155324756952,124.95053562643895,119.60951572176978,120.09951782226562,26647871,,
2024-03-20,121.12852517755661,123.08853369977221,117.6495145367274,121.17752838134766,23242684,,
2024-03-21,124.80353898726415,129.4585666234475,124.46053899720658,126.42054748535156,82318813,,
2024-03-22,125.34254343943142,129.45856572197786,123.67653175000585,127.40055084228516,35650313,,
2024-03-26,126.42054318949802,129.85055792719757,125.78354643396769,127.98855590820312,27547560,,
2024-03-27,128.380549193128,132.2025595616815,128.380549193128,130.97755432128906,34505131,,
2024-03-28,132.10457233031016,133.96657437365502,130.4875563891844,131.56556701660156,32144564,,
2024-04-01,132.88859164837885,138.37660686300526,132.88859164837885,137.93560791015625,44340181,,
2024-04-02,137.93559498644822,147.6376308548232,136.75959290447517,144.8936309814453,109998430,,
2024-04-03,144.06061600412255,150.23464539503468,143.32561286124437,145.2366180419922,84535270,,
2024-04-04,146.70663212053856,147.00063638404225,140.87560986804047,143.0316162109375,39242074,,
2024-04-05,142.0026028749099,144.5506197813401,140.14060087275683,143.276611328125,27927587,,
2024-04-08,144.3546227376524,145.4326183935627,142.3946143228945,143.37461853027344,17159687,,
2024-04-09,144.01162635852307,150.3816541963603,141.9046231320945,148.3236541748047,73641695,,
2024-04-10,149.9406513374246,152.390661980193,149.49965241246196,149.98965454101562,60992105,,
2024-04-12,150.08764627000295,153.46867292617173,148.47064522427914,152.24366760253906,73596074,,
2024-04-15,149.84264675263992,154.25266596325798,143.5706254123434,148.02964782714844,89754583,,
2024-04-16,146.51063408801141,149.4016436093804,145.4326234410097,146.31463623046875,30401301,,
2024-04-18,147.00063638000833,148.56864914953297,141.120610924808,141.9046173095703,31187482,,
2024-04-19,140.042601059637,144.55062658196968,137.98460111101582,143.12962341308594,34742999,,
2024-04-22,145.28563778244956,148.07865602483162,144.15863881653618,145.43263244628906,27095176,,
2024-04-23,146.70664394824584,149.8916579933473,145.43263533946939,149.20565795898438,39973475,,
2024-04-24,150.0386450271797,162.63168969140304,148.51963556668042,161.35768127441406,176471110,,
2024-04-25,161.50469297552104,163.90570024244778,159.05468250851882,161.6516876220703,59808767,,
2024-04-26,162.09269568236596,167.0907232991792,160.37768825847408,165.17971801757812,91168616,,
2024-04-29,166.50271229582646,166.79671655485623,161.06370079532547,161.50469970703125,30478737,,
2024-04-30,162.4847151241961,165.3267215986174,159.78970331257355,160.9167022705078,40651688,,
2024-05-02,162.0927051683089,164.8857234035705,160.32870939201618,162.14170837402344,44264557,,
2024-05-03,163.7587107096788,167.5317179744776,161.30870016616882,164.59170532226562,71734933,,
2024-05-06,165.13071466962612,165.4737221355743,155.1346743984615,159.64268493652344,44387249,,
2024-05-07,159.7406995649364,159.7406995649364,152.14566630341335,153.0276641845703,33767901,,
2024-05-08,152.8806674242613,158.6626866851177,151.99866955520815,157.14369201660156,26121298,,
2024-05-09,157.7806853942834,158.02568645856024,149.0586534874993,149.98965454101562,20993230,,
2024-05-10,151.8516443798999,154.79165691369732,148.66663080161942,153.7626495361328,18485806,,
2024-05-13,154.20367222973968,154.69367434682982,147.98063936122367,153.90966796875,20953744,,
2024-05-14,154.84065949851083,163.3176896224965,154.84065949851083,161.35768127441406,39072871,,
2024-05-15,161.7007081032059,165.3267209911481,161.7007081032059,163.0727081298828,24990811,,
2024-05-16,165.08170086845095,165.37570511272008,158.3686812183038,160.3286895751953,20715081,,
2024-05-17,160.7206921072471,165.62071320807777,160.7206921072471,163.5626983642578,24968544,,
2024-05-21,166.7477242835807,171.5987574913783,163.12171139432414,170.86375427246094,66484390,,
2024-05-22,171.50074587992393,171.8437533531551,163.7587181902444,165.6697235107422,53954827,,
2024-05-23,165.37571331232434,166.551715394032,163.17070380149335,165.9147186279297,24560357,,
2024-05-24,164.05270289919807,169.05073047739214,164.05270289919807,166.1107177734375,29513626,,
2024-05-27,167.09072561335938,167.8747320087325,162.68070646227366,163.3177032470703,22933660,,
2024-05-28,164.1507069498713,165.8167111341494,158.31968482805917,159.15267944335938,26336009,,
2024-05-29,158.95668158997566,162.38669636206254,157.38868380922827,159.15267944335938,22527881,,
2024-05-30,158.2706885965048,159.0056917943214,153.56666513974298,154.59567260742188,19706386,,
2024-05-31,156.80066418572554,158.02566937467654,153.615650694453,155.33065795898438,23260857,,
2024-06-03,164.64071318119002,164.64071318119002,159.88768661085706,163.02371215820312,33154820,,
2024-06-04,161.60269941724974,161.60269941724974,122.30453685222994,130.3895721435547,114541715,,
2024-06-05,135.9265829981215,144.5016199656954,125.48954398477409,142.63961791992188,61202268,,
2024-06-06,142.1006139040086,148.76464568472528,141.41461393106965,143.96261596679688,57006811,,
2024-06-07,144.01162059037182,150.77365884267147,142.68862383386482,149.69564819335938,41207266,,
2024-06-10,149.54864670306372,149.9406424010727,147.0496330056437,147.58863830566406,23373558,,
2024-06-11,148.09823380223165,149.94064653171986,146.51063174177855,147.9904327392578,20500708,,
2024-06-12,148.27464233876964,149.59763907125463,147.5396391694965,147.9904327392578,19275571,,
2024-06-13,148.76465377322413,149.47025805623377,146.02063877859533,146.63804626464844,17125245,,
2024-06-14,146.70663516332735,150.8226500767137,144.8054245007396,150.5580596923828,30233323,,
2024-06-18,151.30286832069189,152.03787157018428,149.45066073011827,150.34246826171875,18708072,,
2024-06-19,150.96965291777929,150.96965291777929,146.51063073088633,146.95162963867188,18855153,,
2024-06-20,147.49064407286733,151.214663325908,147.49064407286733,150.95005798339844,28456396,,
2024-06-21,151.50866342009155,156.1146804161704,150.8324580932686,152.3318634033203,69503068,,
2024-06-24,149.85244820258632,149.85244820258632,145.53062602272576,146.8536376953125,40874886,,
2024-06-25,147.78464379056567,148.39224163997682,143.1786268094233,144.07041931152344,25039730,,
2024-06-26,144.50161211238148,144.63881209825905,140.72860502390944,141.09120178222656,31444537,,
2024-06-27,141.80661019043134,144.0116197250383,134.45657840840818,140.02301025390625,57711655,,
2024-06-28,141.12061372669018,148.22564462612425,140.9344105243234,145.67762756347656,72583869,,
2024-07-01,146.90262192681996,147.44162722142173,144.76621997289675,146.0794219970703,25711956,,
2024-07-02,146.60863470852505,146.88303468899272,142.49260509415512,143.74700927734375,24720763,,
2024-07-03,144.69762345658012,148.96064798228122,143.43342453687526,148.58824157714844,34424841,,
2024-07-04,149.9406531610139,150.53845636326704,147.64744676037535,148.02964782714844,29926272,,
2024-07-05,148.37263447347044,155.57567154704077,146.85363987957544,152.4984588623047,62621310,,
2024-07-08,153.3706632317488,154.84066958860262,151.12646010657028,153.35105895996094,33290711,,
2024-07-09,154.15468340084405,155.05628558591494,152.0868736757717,152.87088012695312,21076732,,
2024-07-10,153.0766655746407,153.17467198413095,143.4236323869954,147.85324096679688,39898433,,
2024-07-11,148.8136444091797,150.08763791186843,147.5788295413687,148.8136444091797,30388365,,
2024-07-12,149.49964519738649,150.26404728474478,146.1872261830489,147.4122314453125,16353263,,
2024-07-15,147.9806328899723,150.13663912015036,145.82462665979426,148.9900360107422,43598260,,
2024-07-16,149.45065683329256,150.87166008785692,147.58865463126742,147.97085571289062,17044483,,
2024-07-18,147.78463126449057,147.78463126449057,143.76660820130633,144.9328155517578,24504144,,
2024-07-19,144.50163666730887,144.50163666730887,138.01401273403084,138.98422241210938,34312977,,
2024-07-22,138.57259575923194,140.72861708447684,135.45618940421505,140.41500854492188,23158599,,
2024-07-23,141.02259501668,141.69880029105235,132.5945680709981,138.5627899169922,25864567,,
2024-07-24,138.67061311387974,144.6486455264092,138.56281203910692,144.05084228515625,31951790,,
2024-07-25,142.00260743534838,142.00260743534838,138.58240223120464,139.73880004882812,31653400,,
2024-07-26,142.10061576600748,145.02102423403073,140.96380725099667,144.4428253173828,25911057,,
2024-07-29,146.15782755178728,147.00063177209438,143.8646212850252,144.78582763671875,15136406,,
2024-07-30,144.52121867555056,146.61842703790805,143.37461557102438,145.1386260986328,12316097,,
2024-07-31,146.5106346904756,150.9304484540013,144.70743046778324,149.97984313964844,35735761,,
2024-08-01,150.96965037774282,153.22366303410712,146.0500250944277,147.030029296875,37281190,,
2024-08-02,144.77602136630347,145.2170202810644,142.19862039823593,143.30601501464844,29660329,,
2024-08-05,138.1806072421955,139.1606115488777,132.30058140210207,133.88818359375,49706240,,
2024-08-06,136.50479184520935,138.6706079195432,131.98697144134422,132.7513885498047,23211408,,
2024-08-07,137.00459461155657,139.99361050961332,134.466387239796,138.79800415039062,22300426,,
2024-08-08,138.4746062816386,138.4746062816386,133.77058279694444,134.7015838623047,25849915,,
2024-08-09,133.2805798032861,134.41738833754985,126.3127488933642,126.76355743408203,76287884,,
2024-08-12,126.66555137699278,130.2915641703567,124.55854070978329,129.06655883789062,33401039,,
2024-08-13,129.5565583779018,129.85056264254507,125.1661435412441,125.57774353027344,16376718,,
2024-08-14,126.46955286743653,126.91055179413222,122.50053261981874,122.72593688964844,22221242,,
2024-08-16,125.21513867533447,126.10693864734752,124.06853550695813,125.7149429321289,15743875,,
2024-08-19,127.40054016946875,129.01754104399518,126.66553705310643,128.69415283203125,14677989,,
2024-08-20,129.84077262598595,130.78156836206975,128.19435765732138,130.48756408691406,16842938,,
2024-08-21,130.63456962991825,132.63377172204727,129.8015600352189,132.3397674560547,14879021,,
2024-08-22,132.46717130185723,132.6827734309116,130.60516922767283,131.20297241210938,17039181,,
2024-08-23,131.2225642221031,132.32997381930434,128.87055998334606,129.15475463867188,14050547,,
2024-08-26,130.72275615493325,136.00497805396816,129.75254663947408,134.99557495117188,32800586,,
2024-08-27,134.9955852526211,135.48558737695004,132.88858209947793,133.1825714111328,12380923,,
2024-08-28,133.18258035152948,133.6725825087517,130.6835813126394,131.35977172851562,11414976,,
2024-08-29,131.2225595568749,132.30057018429207,129.21356286146303,131.56556701660156,12348963,,
2024-08-30,131.89876724485958,133.32958001674527,130.68357155602754,131.0167694091797,13016284,,
2024-09-02,131.18337699456356,131.45777700393933,129.07637371821136,130.50717163085938,12601742,,
2024-09-03,129.86035740949978,130.92857340371313,128.6353521005342,129.14495849609375,10986546,,
2024-09-04,126.42055131641845,129.20375986504436,126.12654704355154,127.85136413574219,18956457,,
2024-09-05,127.93954464448477,129.6545519052589,127.85134785995591,128.5961456298828,8679395,,
2024-09-06,128.77255129146795,129.31155661477672,125.73454711644406,126.79295349121094,17177552,,
2024-09-09,126.32254297346094,126.76355685284823,123.58833767112235,125.35234832763672,19613019,,
2024-09-10,125.4405426523566,128.42955857348036,125.35234585968688,126.55774688720703,12603493,,
2024-09-11,126.49894658855882,127.39075401818091,123.76473391588428,124.43113708496094,13139629,,
2024-09-12,126.91054431458628,128.44915809137768,124.36253488163028,128.07675170898438,19264974,,
2024-09-13,128.87054913982325,131.7027606102244,128.79214701130456,129.55654907226562,20166379,,
2024-09-16,130.34056715123418,131.39897355111415,129.11556182086542,130.3797607421875,13553090,,
2024-09-17,130.1053516883209,130.34055807870405,127.89054758850284,129.2919464111328,10754987,,
2024-09-18,129.0175493297294,129.2527557253943,126.07753667546733,127.05754089355469,10725965,,
2024-09-19,128.8846526174629,129.36859275360928,122.2675891752234,124.97367095947266,25229973,,
2024-09-20,125.67488284638043,126.70200295951021,123.8576622239665,124.71688842773438,13885160,,
2024-09-23,124.9341682288649,128.39084482017736,124.9341682288649,128.07479858398438,13387033,,
2024-09-24,129.87227916471014,133.39809656266448,129.66487193604226,132.2228240966797,41641928,,
2024-09-25,133.32895451657555,135.45233554202207,132.3413326312676,132.5684814453125,35498522,,
2024-09-26,133.3289504506988,137.8621311492433,130.66237445566756,137.47695922851562,49823297,,
2024-09-27,138.26706009025204,142.41506887897688,137.93127227538355,138.8003692626953,37975068,,
2024-09-30,139.64972773660628,142.15829574974686,138.61273681903813,139.6102294921875,38187620,,
2024-10-01,139.63984620990934,140.36080590697054,136.18316989726722,139.2843017578125,24528692,,
2024-10-03,136.8350059114043,139.89662450555903,134.46470450602226,135.3338165283203,35238490,,
2024-10-04,134.8597653518299,138.85963682035876,132.47959309913557,137.289306640625,31936926,,
2024-10-07,138.23743863636355,138.78063369569128,129.1019360555632,130.55374145507812,28331416,,
2024-10-08,128.98342323024434,131.96603044997434,126.257577203583,129.74388122558594,40037615,,
2024-10-09,129.77349858906834,131.66974570800937,128.2525676466927,128.7167510986328,14125865,,
2024-10-10,129.37845529915654,131.3043147877187,128.01553239806057,128.3612060546875,12920873,,
2024-10-11,128.58836289640448,133.44746062932902,128.36121408864244,132.37095642089844,22981754,,
2024-10-14,134.11905698497674,135.63011728583146,132.00554672254555,132.66725158691406,16794560,,
2024-10-15,132.6672515020253,133.230188148104,128.88465782043806,129.3192138671875,11128839,,
2024-10-16,128.58836152497625,130.02041018980685,127.48222987819622,128.31182861328125,13606967,,
2024-10-17,129.2796948112023,129.36859223130014,125.9711706383971,126.2477035522461,15490412,,
2024-10-18,124.93416399502846,128.97353374378017,123.86753058889472,127.43284606933594,26363209,,
2024-10-21,128.59825050231484,129.56611571668506,124.46998324361813,124.89466094970703,15437195,,
2024-10-22,125.032923451213,125.80326728090743,119.15657651652808,120.29234313964844,22167864,,
2024-10-23,119.00842917977063,121.12193926946132,114.86042055429235,116.66776275634766,37778891,,
2024-10-24,117.23071127596542,117.41836183976397,115.2554675642561,115.68014526367188,16209896,,
2024-10-25,115.6801475970226,116.54925967007765,109.03345659262806,110.10009002685547,30812614,,
2024-10-28,110.96919104331872,114.43574582706738,109.82354608699691,113.25059509277344,19503346,,
2024-10-29,113.45799726249192,114.76165782431701,111.33461627838903,114.27772521972656,14707069,,
2024-10-30,113.6258924733062,116.13444524477556,112.19383632507444,114.59375762939453,16236280,,
2024-10-31,114.761657047353,116.2430898364408,112.94443644285121,114.31723022460938,15887511,,
2024-11-01,115.07769464845512,117.32947879585471,114.91967907063011,116.29247283935547,4260519,,
2024-11-04,116.53937554578806,116.76653188130057,111.20621617483695,112.49012756347656,21792990,,
2024-11-05,112.3419817238248,117.3195965874752,112.3419817238248,117.06281280517578,25938942,,
2024-11-06,118.51461987583835,122.71201266310763,116.00605951760498,122.3564682006836,30950696,,
2024-11-07,122.4651080750486,125.27982881010476,121.06268687161104,121.8330307006836,28078071,,
2024-11-08,119.00843538291319,119.51212464660391,113.45799775869408,116.74678039550781,47743659,,
2024-11-11,116.34185912737995,117.72452371536313,114.0703258157672,114.45549774169922,18118474,,
2024-11-12,114.56413228917258,115.94680435827459,112.2531008235667,112.75678253173828,14476729,,
2024-11-13,111.70003038632254,113.07282416311668,109.62602599609056,110.30748748779297,24360081,,
2024-11-14,110.30748256821079,112.96418011811214,110.05069878736178,110.45561981201172,15061567,,
2024-11-18,110.81117082560267,113.68515408474556,109.88281139135901,111.37411499023438,17936991,,
2024-11-19,111.74941145939128,113.0333153161294,109.70503457474034,110.07044982910156,11670566,,
2024-11-21,110.11983937912912,110.81117167963414,107.3051185342773,109.22109985351562,19630086,,
2024-11-22,109.32973318464371,112.23334376587464,109.0334511576539,111.4333724975586,12858702,,
2024-11-25,113.57651201644723,114.41598907653398,112.44074538929142,112.67777252197266,13170183,,
2024-11-26,112.78641180296916,114.99869016325157,112.47037311363691,114.396240234375,12229850,,
2024-11-27,114.12957542527226,115.62088648740566,113.09257703236352,114.82091522216797,13214253,,
2024-11-28,114.82091860295385,115.86779535470211,113.78391264455497,114.84066772460938,13714391,,
2024-11-29,115.05794284397194,116.63813626015964,114.36661057906375,115.66039276123047,11464692,,
2024-12-02,115.0579442831246,117.94179824560815,114.42586690874344,117.60601043701172,13161154,,
2024-12-03,117.72452182647199,121.65526011555271,117.72452182647199,121.27008819580078,24051522,,
2024-12-04,121.47748857089579,122.01080527857259,119.59112720476358,120.65776062011719,19645095,,
2024-12-05,120.99355393460047,122.11944223132468,119.62076017745505,120.95404815673828,20205297,,
2024-12-06,120.95404700720908,123.57124636979184,120.55899676729831,122.3564682006836,17105118,,
2024-12-09,122.46510902328203,124.95391276224518,121.09231525880145,124.56874084472656,22928606,,
2024-12-10,125.42797649272859,126.90940928594979,124.68726009611798,125.24032592773438,19581439,,
2024-12-11,125.08231140465111,127.11681758163284,124.47986146085518,125.37859344482422,10668920,,
2024-12-12,125.34896450009408,128.4797239838404,123.97617071927266,127.65999603271484,31966205,,
2024-12-13,127.01804854127316,127.15631499944688,120.33184430192058,123.21570587158203,39292810,,
2024-12-16,123.01817087686014,123.30458210743203,121.52686736123762,122.0799331665039,8419719,,
2024-12-17,121.27996899637047,122.90953905855916,118.7615302066948,119.61088562011719,9982096,,
2024-12-18,120.48986725197112,120.88491750405092,116.44061912180608,118.32697296142578,15624814,,
2024-12-19,115.68014475588873,118.32697161935913,115.05794570201591,117.43811798095703,12028931,,
2024-12-20,116.68752300778856,119.36397731533441,113.77403403122965,114.66289520263672,17911163,,
2024-12-23,115.55175762511351,120.10469500271154,115.54187929672517,119.68989562988281,24706531,,
2024-12-24,118.95905173695266,119.68989734905144,116.68752594719912,117.58625793457031,17000879,,
2024-12-26,117.04306298352122,117.92204579290615,114.82091390778163,116.13444519042969,15502315,,
2024-12-27,116.01594152435162,117.02331250985708,113.8431689034263,114.0999526977539,7502006,,
2024-12-30,114.07032354763763,114.08020187591448,109.6260252275998,110.34699249267578,14270907,,
2024-12-31,110.34699543679855,112.24322762888434,109.93218852262729,111.72966003417969,8967876,,
2025-01-01,111.12720643743492,111.92718525388038,110.76179117796805,111.53213500976562,7512039,,
2025-01-02,111.53213175438826,112.93455292185318,110.64327061481315,112.65802001953125,7663473,,
2025-01-03,112.49012795299784,114.46537161315598,112.09507771397489,112.75678253173828,9466354,,
2025-01-06,112.68764837413191,113.13208271497002,108.63840041124938,109.0531997680664,17656887,,
2025-01-07,109.0532039937556,110.86055380629237,109.0532039937556,110.0902099609375,7161545,,
2025-01-08,109.82354513680326,110.07045059577534,107.70016421760859,108.40137481689453,15060506,,
2025-01-09,108.7371653703305,109.26060375097701,106.71254507660423,106.9199447631836,11144353,,
2025-01-10,106.91994461769794,107.74954336288656,103.50277388807261,104.71754455566406,18718493,,
2025-01-13,103.60153277508532,104.1941043735359,98.42639643068051,98.85106658935547,21293325,,
2025-01-14,100.43126661587179,105.02370211167273,100.06584382505226,104.56939697265625,19913009,,
2025-01-15,104.98420366974365,106.40637398289033,103.1077206834866,103.9076919555664,10322196,,
2025-01-16,105.18172360459667,107.04832823760005,104.61877946980132,106.18909454345703,10971452,,
2025-01-17,105.77429644954104,108.09520624224955,105.60640254688852,107.47300720214844,9191948,,
2025-01-20,107.65078365691654,108.88531099243164,106.39650719941424,108.51001739501953,11548609,,
2025-01-21,108.63839953240448,110.18896547887782,106.86067725334618,108.51988220214844,17016648,,
2025-01-22,108.15447191921902,109.03345477117907,103.47313888107684,105.77429962158203,12682214,,
2025-01-23,105.26073773668644,108.49025784488902,105.18172618093088,107.78904724121094,7849758,,
2025-01-24,107.65078263891994,109.42850499923345,106.2483614074264,106.8310546875,11993883,,
2025-01-27,105.42863106400584,105.62615241735622,101.5867827221749,102.14972686767578,14423517,,
2025-01-28,103.70029097639339,103.70029097639339,99.94732505088417,101.56702423095703,12819834,,
2025-01-29,101.7250481296652,103.86818568478411,101.7250481296652,103.0682144165039,10829311,,
2025-01-30,103.20648423309063,105.28048862934799,102.81143398262333,104.14472198486328,11418706,,
2025-01-31,104.27311324278745,106.85080678784367,102.67316318673159,106.10021209716797,15726923,,
2025-02-01,106.35700210824488,106.95945205466857,103.10772523596275,105.21135711669922,12068981,,
2025-02-03,102.71267081559924,103.01883117319038,99.05847304094999,101.00408172607422,16535047,,
2025-02-04,102.71267026590814,105.94219033292647,102.41638070308154,105.3594970703125,14409187,,
2025-02-05,105.3595004036002,108.29273853554818,105.3595004036002,107.49275970458984,12920395,,
2025-02-06,107.65078069165497,108.30261472363135,105.86318757025491,106.6434097290039,8883930,,
2025-02-07,106.71254654568843,109.92231763757222,106.12984572159962,108.9544448852539,22943084,,
2025-02-10,107.70016630826792,108.14459312906219,103.51264421764495,103.87806701660156,14604374,,
2025-02-11,103.88794746703404,104.04596304889385,98.26837658576726,98.78193664550781,19394967,,
2025-02-12,98.86094462161941,104.75704820870904,97.92270688812773,104.44100952148438,49570655,,
2025-02-13,104.07558895871,109.92231610010033,103.65091125724855,107.97669982910156,36029038,,
2025-02-14,108.737163821073,111.79879003903169,103.1373497583443,104.40150451660156,32127888,,
2025-02-17,103.10771838627127,104.49039042612647,101.30036866706676,104.02620697021484,14572452,,
2025-02-18,103.49289724207081,104.44101333839474,100.73743130511833,103.09784698486328,13096291,,
2025-02-19,102.12998168970009,105.8631911708456,102.07071925344147,105.21135711669922,10954930,,
2025-02-20,104.68791302156541,109.08282711084662,104.24348621611684,108.48037719726562,13193348,,
2025-02-21,107.94707183733132,113.73453651427994,107.40387680273706,111.36424255371094,44746596,,
2025-02-24,109.72478624164347,110.7815413218027,106.31749386649214,106.87055969238281,24208995,,
2025-02-25,106.77180091070302,108.13471637798082,104.4903968034241,104.8558120727539,18825311,,
2025-02-27,104.8854375921762,106.64341081682201,103.37437736530767,104.66816711425781,18631329,,
2025-02-28,103.45338479385052,104.19410115275637,100.34237457945466,103.72003936767578,27074952,,
2025-03-03,103.9965803166918,105.97182395017157,101.45839254906858,105.04345703125,23398877,,
2025-03-04,103.28549264928971,107.45325797181333,102.77192507881263,106.3273696899414,25741726,,
2025-03-05,106.16934828847451,111.50250775600318,106.16934828847451,111.1370849609375,39444472,,
2025-03-06,112.09508278475555,113.47775491640472,109.52726741738249,110.58402252197266,34685528,,
2025-03-07,110.11983315076718,111.51238353653808,108.8359217682106,109.53713989257812,21834195,,
2025-03-10,109.52726420006172,111.26548075836,105.47801613950041,105.94219207763672,24250223,,
2025-03-11,104.1941068870228,107.4730111815005,103.30524570042648,106.79154968261719,32428743,,
2025-03-12,107.10758871256648,107.5421447462486,103.55215149004584,105.33975219726562,23131611,,
2025-03-13,105.8631884568801,108.32236475229584,104.2237325699651,104.57927703857422,24988240,,
2025-03-17,105.3298687430185,106.00145188286493,103.74967533601408,104.82617950439453,15750246,,
2025-03-18,104.82617950439453,104.82617950439453,104.82617950439453,104.82617950439453,0,,
2025-03-19,112.09507712372306,112.98393827310512,109.24085065262038,111.82842254638672,47657793,,
2025-03-20,112.638274955438,113.5271285920698,110.24822435295398,112.54938507080078,23249893,,
2025-03-21,112.58889131070877,114.45549601122134,112.04569627724457,113.872802734375,25675545,,
2025-03-24,114.66289193898514,117.16157394112957,114.61351536889705,115.78878021240234,27623276,,
2025-03-25,116.3912302797411,116.3912302797411,112.68764844520358,113.28022003173828,19985177,,
2025-03-26,113.28022294108395,114.56413435734726,111.60126881362275,111.88768005371094,15470453,,
2025-03-27,111.4037491754184,113.67527493965088,111.3049809611396,112.47037506103516,14168313,,
2025-03-28,112.49013292692186,114.71228214285551,112.1938433508146,113.75428771972656,23556805,,
2025-04-01,112.93455317898646,115.99617930231025,112.01606458849366,115.43323516845703,15958627,,
2025-04-02,115.43324138961059,117.72452382535376,112.83579858552179,117.230712890625,21075705,,
2025-04-03,115.84804390918467,118.14919705120947,115.39373123569658,117.07269287109375,14441562,,
2025-04-04,116.1245748607579,116.47024098914957,110.62352165049013,111.20621490478516,33987192,,
2025-04-07,100.08559265910202,104.82618045820632,100.08559265910202,103.33486938476562,28546459,,
2025-04-08,106.11996650555682,106.80142800439758,101.47814674855924,103.53240203857422,21280686,,
2025-04-09,102.71267513010744,104.09534726385029,99.87819763268249,103.67066955566406,20223188,,
2025-04-11,106.50513622071763,108.83592437930508,105.6755374871306,106.99894714355469,20467580,,
2025-04-15,108.84580370623652,112.31235852614704,108.3026162071059,111.84817504882812,18332836,,
2025-04-16,111.60126945710606,114.84066793132986,110.51488692513443,113.872802734375,20145548,,
2025-04-17,113.0827017737539,114.40611143537492,111.65065310588557,112.54938507080078,18855830,,
2025-04-21,112.54938153843626,115.69989755081569,111.4037441470888,114.55425262451172,17894053,,
2025-04-22,116.87516849881726,117.51712422141738,114.02094189683035,114.54438781738281,24367181,,
2025-04-23,115.4134884598992,115.89742105017963,112.97406131722721,115.31472778320312,15425789,,
2025-04-24,115.06782594956793,117.07269713599915,114.76165804671965,116.56900787353516,17054911,,
2025-04-25,117.1319503395069,118.86028858344764,111.98644138602671,113.38886260986328,24605025,,
2025-04-28,113.57651285893094,116.3319787272685,113.01356870528929,115.32460021972656,10864579,,
2025-04-29,115.30484788861402,116.83566472895511,113.57650969756413,113.85304260253906,12258150,,
2025-04-30,113.56663740054596,114.31723213602183,111.46300551745247,112.30248260498047,10657286,,
2025-05-02,112.29260332829206,115.44311949701438,110.91980953517162,111.68028259277344,12362081,,
2025-05-05,112.58888796208632,114.0011874721318,111.71978346934931,113.36911010742188,9968201,,
2025-05-06,113.18146555371136,114.36661632663007,109.7445456426481,110.18897247314453,13544063,,
2025-05-07,108.60877394822549,112.72715517463428,108.37174681860049,112.2728500366211,14213232,,
2025-05-08,112.58889191143784,113.37899241251837,107.09771678729425,107.88780975341797,13057983,,
2025-05-09,105.67553776522224,107.96682015181757,104.93482137901741,107.66065979003906,13531998,,
2025-05-12,111.3741126139937,116.9838050186007,111.00869735217813,116.77640533447266,25419079,,
2025-05-13,116.77640348776738,117.62575886740674,114.3073489039219,114.56413269042969,12595012,,
2025-05-14,115.55175335836705,121.46760597179818,115.13695400085479,121.16144561767578,37164569,,
2025-05-15,121.46760936114076,122.11944339966821,120.15407802570012,121.18119812011719,15860870,,
2025-05-16,121.08243802298861,122.01080497869502,120.0553103886863,120.96392822265625,12476432,,
2025-05-19,120.96392590504895,121.92191275752712,119.24545848358672,120.59850311279297,9899831,,
2025-05-20,121.37872672305635,123.83790301675097,120.66763778633579,121.00342559814453,29030789,,
2025-05-21,121.32934211763462,123.65025194575009,120.8157820737579,123.33421325683594,19286268,,
2025-05-22,122.46511093111926,125.18107105257553,121.97129999994539,124.1835708618164,18239762,,
2025-05-23,124.19344947519436,125.2205771185876,123.79839922235743,124.36134338378906,11048639,,
2025-05-26,124.63787586987249,127.00817737870858,124.25270394679976,126.20819854736328,31013556,,
2025-05-27,126.11930653353572,127.79826065526785,125.34896270038905,126.98841857910156,15363838,,
2025-05-28,126.82052111226484,128.48960439384553,125.67487618799595,127.36371612548828,22610477,,
2025-05-29,130.11918544887385,130.1685695579037,127.20570385508306,128.35134887695312,38518032,,
2025-05-30,128.4402272979961,129.082175485983,127.20569995962612,127.58098602294922,11118329,,
2025-06-02,125.42796926992726,129.88213818654899,124.86502514231876,129.07229614257812,20767930,,
2025-06-03,129.17105877038958,131.43272130976797,128.10444040385934,128.59825134277344,19565087,,
2025-06-04,129.02292394322754,130.51422758162624,128.04517284061995,130.1981964111328,12424794,,
2025-06-05,130.3660804835492,132.34132412723935,130.1093042350382,131.46234130859375,19181280,,
2025-06-06,131.80802464797605,133.6252453167629,130.77101864494725,133.3684539794922,15594995,,
2025-06-09,133.52646848202286,134.2968123042914,131.89689848951176,132.17343139648438,7300478,,
2025-06-10,132.4400919469018,133.4770828008512,131.01791411645198,131.28456115722656,8767278,,
2025-06-11,131.96602979920846,132.58823640134136,130.9685371330154,131.50184631347656,9131936,,
2025-06-12,131.35369889151008,132.015403686559,128.1044298128501,128.3612060546875,11774457,,
2025-06-13,124.98354951323802,128.34145781239596,124.98354951323802,127.74889373779297,7902097,,
2025-06-16,127.40321504536507,128.22294296606202,125.24032084387395,127.32420349121094,5962115,,
2025-06-17,127.32420286738133,128.29206802867952,124.73663852864179,125.3390884399414,7876518,,
2025-06-18,125.17119221148725,125.76376381947748,123.85766086651194,125.45760345458984,11736141,,
2025-06-19,125.42797476734005,125.74401345748153,122.31696443737924,123.60087585449219,10943647,,
2025-06-20,123.20582756934427,126.30695962039735,123.20582756934427,125.90203857421875,11077270,,
2025-06-23,124.62799980959868,126.79089400541527,124.31196112876782,125.03292083740234,7077385,,
2025-06-24,126.46498359853419,131.20557159342945,126.46498359853419,129.12168884277344,20598542,,
2025-06-25,129.76363207116657,130.01053752948525,126.51436287045463,126.67237091064453,10836397,,
2025-06-26,127.3044426252144,132.34131977910042,126.92915659278437,131.9660186767578,24148009,,
2025-06-27,132.8351378753856,134.6523584496154,129.78338999748124,130.06979370117188,17864360,,
2025-06-30,130.70187504423453,131.10680362890727,129.59574336894687,130.35621643066406,7106194,,
2025-07-01,130.37595998221454,132.1240549431818,128.44022952129467,131.6894989013672,13302468,,
2025-07-02,131.69937613674236,136.29181158613608,131.52159637223173,135.7782440185547,28463371,,
2025-07-03,136.1930435544917,138.24729875759854,134.3264389092038,134.8103790283203,24871213,,
2025-07-04,134.13880397973938,135.05728504668133,132.05492131881854,133.0524139404297,7161066,,
2025-07-07,132.10429005138406,132.68699838199385,130.70186886652672,131.81788635253906,5328237,,
2025-07-08,131.35369872247614,133.65485931299625,131.22530306676632,133.37832641601562,10080296,,
2025-07-09,133.32895579647047,133.427724013915,129.3784682173158,132.2228240966797,12982603,,
2025-07-10,131.84750913115926,133.6252313693821,131.84750913115926,133.11166381835938,6746836,,
2025-07-11,132.53885591758842,135.10667888461586,131.8277669442551,132.66725158691406,9655575,,
2025-07-14,131.94628317460024,133.8918993950052,131.35370404567698,132.5289764404297,5395689,,
2025-07-15,132.15367139442458,133.4573394113577,130.93890079312803,133.21043395996094,5597256,,
2025-07-16,132.2030618439079,133.02278979027844,130.8598955210463,131.92652893066406,7525790,,
2025-07-17,132.34133178613482,133.02279329383174,131.07717698660664,131.9462890625,6104260,,
2025-07-18,131.80802183073052,135.0572911628629,131.75863772308674,134.76100158691406,10612550,,
2025-07-21,135.30418897988744,137.0325271602875,134.20792815980863,135.24493408203125,10205739,,
2025-07-22,135.29432351643237,136.99303431482033,133.82276152541206,134.30670166015625,13371025,,
2025-07-23,134.9091443778355,134.9091443778355,132.24255345261795,133.1215362548828,8607725,,
2025-07-24,133.13142943007668,135.50171586055802,133.11167277334715,134.48446655273438,9764563,,
2025-07-25,134.19806797556683,134.2474370144078,128.46985796799754,129.05255126953125,15803965,,
2025-07-28,127.0081746621925,127.0180454554245,122.59349629648729,124.0354232788086,34768336,,
2025-07-29,123.44285493645519,125.18107153061297,121.77377910648435,124.45023345947266,14642340,,
2025-07-30,124.44035136015337,125.01317383353414,122.33671956164945,122.62313079833984,8402184,,
2025-07-31,121.47748499275946,123.10706251794632,121.00342319935802,122.66262817382812,13387143,,
2025-08-01,122.28733843285015,122.93917247738425,118.26771776309359,118.63314056396484,13111620,,
2025-08-04,119.1664588322407,124.24283465748552,118.87016925631,123.92679595947266,13578202,,
2025-08-05,123.45273280563966,124.32183733200691,121.70464542449281,123.61075592041016,9405308,,
2025-08-06,123.34409100790991,123.66012969534523,120.98367541285563,121.92191314697266,9465399,,
2025-08-07,120.99355364425726,122.33671994852206,119.00843163744642,121.8330307006836,10677634,,
2025-08-08,121.47748339250258,122.24782720354493,119.20595020126181,119.57137298583984,6142679,,
2025-08-11,119.57137645914082,120.42073184854068,118.41586070901197,120.16394805908203,9091136,,
2025-08-12,119.89729097716581,121.96141697317633,119.8084010948013,120.6775131225586,6594879,,
2025-08-13,120.98367893884934,123.09718913547432,120.63801279172972,122.51449584960938,12017599,,
2025-08-14,122.6626289324852,122.81077371477419,118.71214159121409,118.88004302978516,7879264,,
2025-08-18,121.27996769095851,122.46511091160421,120.00593458453814,120.92442321777344,8711845,,
2025-08-19,121.04293387208034,122.1984571855554,120.63801282390561,121.4577407836914,4611886,,
2025-08-20,121.1811994398677,124.27246068995443,120.48986715052773,122.55399322509766,12009594,,
2025-08-21,122.56387283635452,123.71938861847022,121.52687439149052,121.72439575195312,4254584,,
2025-08-22,121.70464198974719,121.72439111105773,119.91704134540049,120.42073059082031,5155189,,
2025-08-25,121.14170093600721,122.07006036041915,120.7170232349084,121.31946563720703,2959928,,
2025-08-26,120.69726634393594,120.88491690811405,117.52700108442484,118.45536804199219,7276847,,
2025-08-28,118.38623113851199,118.51461926346305,116.63813628480024,117.7739028930664,7776953,,
2025-08-29,118.04055571231568,118.76152295080745,116.73689522123938,117.19120788574219,5165884,,
2025-09-01,117.685022562679,119.89729338373046,117.03318852877747,119.59112548828125,4676092,,
2025-09-02,119.9960530015151,123.14656906763811,119.31459152390062,121.56636810302734,8200047,,
2025-09-03,122.31696873130835,128.39084482017736,122.0305574809762,128.07479858398438,26783470,,
2025-09-04,128.39084245392954,128.5982496763479,125.6452548747386,125.99092102050781,7801378,,
2025-09-05,126.21807655813825,127.9957989178133,125.14156481395813,127.65999603271484,5711851,,
2025-09-08,130.52999877929688,134.7899932861328,130.16000366210938,131.4499969482422,26650648,,
2025-09-09,131.4499969482422,131.60000610351562,129.11000061035156,129.4499969482422,6939950,,
2025-09-10,130.0,131.5500030517578,129.22999572753906,129.72000122070312,4651804,,
2025-09-11,130.0,132.6300048828125,129.27000427246094,131.82000732421875,8098228,,
2025-09-12,132.0,133.0,131.30999755859375,132.25999450683594,4655442,,
2025-09-15,132.00999450683594,133.4499969482422,131.52000427246094,132.7899932861328,6555662,,
2025-09-16,132.7899932861328,133.8000030517578,132.14999389648438,132.94000244140625,4986436,,
2025-09-17,133.0500030517578,134.3000030517578,131.5,132.75,5930567,,
2025-09-18,132.99000549316406,133.7899932861328,131.44000244140625,133.17999267578125,6394911,,
2025-09-19,133.17999267578125,136.6300048828125,133.0,136.1999969482422,34447974,,
2025-09-22,135.11000061035156,138.24000549316406,134.8300018310547,135.49000549316406,11023917,,
2025-09-23,135.49000549316406,137.75,134.89999389648438,137.3000030517578,10743591,,
2025-09-24,136.60000610351562,138.75,135.9499969482422,136.33999633789062,14644870,,
2025-09-25,136.39999389648438,138.6199951171875,135.6699981689453,136.52000427246094,8887697,,
2025-09-26,136.52000427246094,136.89999389648438,130.39999389648438,131.02000427246094,9029952,,
2025-09-29,131.39999389648438,133.9499969482422,131.25999450683594,131.7100067138672,6598940,,
2025-09-30,132.2899932861328,135.27999877929688,131.92999267578125,134.47999572753906,10087746,,
2025-10-01,134.47999572753906,136.75,132.75,134.9199981689453,19829958,,
2025-10-03,135.02999877929688,137.89999389648438,134.74000549316406,134.9600067138672,16097900,,
2025-10-06,135.64999389648438,136.5,131.55999755859375,132.6199951171875,31643657,,
2025-10-07,133.0,134.3300018310547,131.30999755859375,132.8800048828125,18395982,,
2025-10-08,132.77999877929688,133.0,130.10000610351562,131.72000122070312,20062802,,
2025-10-09,132.0,137.0,131.61000061035156,136.4600067138672,41930005,,
2025-10-10,136.5,136.5,131.47000122070312,132.1699981689453,21483357,,
2025-10-13,131.5,133.32000732421875,128.80999755859375,132.50999450683594,18513844,,
2025-10-14,132.94000244140625,134.1999969482422,128.0,128.77000427246094,13838918,,
2025-10-15,129.0,131.6699981689453,128.38999938964844,130.2899932861328,11279798,,
2025-10-16,130.89999389648438,132.92999267578125,129.0800018310547,131.3800048828125,15763529,,
2025-10-17,131.3800048828125,132.16000366210938,128.02000427246094,128.67999267578125,13063892,,
2025-10-20,129.60000610351562,130.5,127.73999786376953,129.83999633789062,8776091,,
2025-10-21,130.5500030517578,130.69000244140625,129.5,129.9499969482422,1955418,,
2025-10-23,130.8000030517578,131.25,128.89999389648438,129.33999633789062,8311038,,
2025-10-24,129.7100067138672,131.8800048828125,129.11000061035156,129.4600067138672,14135916,,
2025-10-27,130.5,130.9499969482422,129.00999450683594,129.89999389648438,12660595,,
2025-10-28,129.91000366210938,133.14999389648438,129.5,132.16000366210938,54886107,,
2025-10-29,133.3699951171875,143.27000427246094,133.1999969482422,140.5500030517578,143438521,,
2025-10-30,138.6999969482422,139.6999969482422,135.5,137.0500030517578,31586710,,
2025-10-31,137.1999969482422,138.1999969482422,135.0,136.85000610351562,27662647,,
2025-11-03,136.7899932861328,140.94000244140625,135.8000030517578,137.97000122070312,22226547,,
2025-11-04,138.25,140.77000427246094,136.38999938964844,138.17999267578125,29013280,,
2025-11-06,138.0,139.69000244140625,136.0,137.91000366210938,18170970,,
2025-11-07,136.49000549316406,141.97999572753906,134.66000366210938,141.0,32646925,,
2025-11-10,141.0,145.82000732421875,141.0,144.33999633789062,41386043,,
2025-11-11,144.27000427246094,145.25,141.64999389648438,144.39999389648438,19224266,,
2025-11-12,145.0399932861328,145.27999877929688,142.8000030517578,143.49000549316406,14977228,,
2025-11-13,144.25,145.89999389648438,143.0,144.72000122070312,24530062,,
2025-11-14,144.14999389648438,145.0,141.3300018310547,141.99000549316406,13373663,,
2025-11-17,142.0,143.10000610351562,140.1999969482422,141.3300018310547,8529282,,
2025-11-18,140.61000061035156,140.8699951171875,137.17999267578125,138.89999389648438,16189299,,
2025-11-19,138.6999969482422,140.99000549316406,138.27999877929688,139.99000549316406,10782966,,
2025-11-20,139.8000030517578,140.61000061035156,137.8000030517578,138.19000244140625,9904118,,
2025-11-21,137.88999938964844,138.77999877929688,132.8000030517578,134.0800018310547,11154148,,
2025-11-24,134.0,134.50999450683594,131.6999969482422,132.0800018310547,12377263,,
2025-11-25,132.25,133.67999267578125,131.10000610351562,132.25,37889153,,
2025-11-26,133.85000610351562,138.3000030517578,133.7100067138672,136.9199981689453,37106654,,
2025-11-27,137.8000030517578,139.64999389648438,135.82000732421875,136.2100067138672,15805364,,
2025-11-28,136.7899932861328,137.2899932861328,134.49000549316406,134.91000366210938,12338284,,
2025-12-01,135.91000366210938,136.8000030517578,134.52999877929688,135.0500030517578,10957771,,
2025-12-02,135.0500030517578,135.1199951171875,131.24000549316406,132.4600067138672,11909464,,
2025-12-03,132.4600067138672,133.60000610351562,130.2899932861328,131.9199981689453,15579248,,
2025-12-04,132.0,134.3000030517578,131.66000366210938,132.13999938964844,13313343,,
2025-12-05,132.1999969482422,133.1999969482422,130.66000366210938,132.5399932861328,6506989,,
2025-12-08,132.5399932861328,132.8000030517578,128.6300048828125,129.75,11987614,,
2025-12-09,129.0,129.9199981689453,126.80000305175781,129.14999389648438,11367505,,
2025-12-10,128.5,130.32000732421875,127.72000122070312,128.52000427246094,8907207,,
2025-12-11,128.99000549316406,130.0,128.41000366210938,129.5399932861328,6218056,,
2025-12-12,130.5,132.60000610351562,130.39999389648438,131.89999389648438,11049524,,
2025-12-15,131.64999389648438,132.5,130.5,132.30999755859375,8285011,,
2025-12-16,131.6999969482422,131.89999389648438,128.3000030517578,129.67999267578125,12843983,,
2025-12-17,129.35000610351562,130.47999572753906,129.02999877929688,130.1999969482422,8436068,,
2025-12-18,129.8000030517578,130.49000549316406,126.77999877929688,127.2699966430664,11582737,,
2025-12-19,127.38999938964844,127.73999786376953,124.0,125.91000366210938,21222260,,
2025-12-22,126.69999694824219,131.38999938964844,126.44999694824219,130.05999755859375,18396794,,
2025-12-23,130.64999389648438,133.9199981689453,129.91000366210938,132.7100067138672,14054101,,
2025-12-24,133.5,134.3000030517578,131.0,131.85000610351562,10990662,,
2025-12-26,131.0,132.77999877929688,130.60000610351562,132.32000732421875,7733641,,
2025-12-29,132.89999389648438,138.8000030517578,132.89999389648438,134.08999633789062,44684863,,
2025-12-30,134.08999633789062,141.8000030517578,133.5399932861328,141.02000427246094,41245044,,
2025-12-31,145.10000610351562,149.19000244140625,143.8000030517578,146.99000549316406,68661714,,
2026-01-01,147.10000610351562,149.47000122070312,145.4600067138672,148.4499969482422,22828687,,
2026-01-02,148.60000610351562,148.89999389648438,146.89999389648438,147.47000122070312,12703746,,
2026-01-05,147.39999389648438,151.25,146.36000061035156,150.85000610351562,25349187,,
2026-01-06,152.10000610351562,152.8000030517578,146.0,146.44000244140625,27791120,,
2026-01-07,146.38999938964844,150.85000610351562,146.30999755859375,150.3699951171875,16707388,,
2026-01-08,151.0,151.42999267578125,143.25,146.4600067138672,21794398,,
2026-01-09,146.0,147.39999389648438,143.7100067138672,145.6699981689453,14766805,,
2026-01-12,145.6699981689453,149.6999969482422,143.63999938964844,149.22000122070312,21341282,,
2026-01-13,149.25,150.36000061035156,146.50999450683594,147.75999450683594,11414470,,
2026-01-14,147.75999450683594,152.64999389648438,147.2100067138672,152.44000244140625,26571101,,
2026-01-15,152.44000244140625,152.44000244140625,152.44000244140625,152.44000244140625,0,,
2026-01-16,152.4499969482422,153.1199951171875,148.5500030517578,149.3699951171875,16896403,,
2026-01-19,149.0,150.2100067138672,147.67999267578125,149.6999969482422,9393373,,
2026-01-20,150.19000244140625,152.22000122070312,144.72000122070312,145.39999389648438,22619361,,
2026-01-21,145.0,147.89999389648438,143.89999389648438,146.4499969482422,20875315,,
2026-01-22,148.0500030517578,153.89999389648438,148.0500030517578,151.64999389648438,45852758,,
2026-01-23,152.4499969482422,156.5,148.5,149.02999877929688,35863744,,
2026-01-27,150.5,157.0,149.0,155.55999755859375,40035179,,
2026-01-28,157.0,157.4499969482422,152.89999389648438,155.74000549316406,31471571,,
2026-01-29,156.0,160.0,155.8000030517578,157.17999267578125,31557755,,
2026-01-30,154.5,154.5,147.75,151.1300048828125,33012904,,
2026-02-02,148.10000610351562,149.89999389648438,141.3000030517578,148.6699981689453,38552721,,
2026-02-03,154.5,156.0500030517578,149.0399932861328,154.36000061035156,32031454,,
2026-02-04,154.9499969482422,158.1999969482422,154.11000061035156,157.2899932861328,20559103,,
2026-02-05,155.89999389648438,160.0,152.2899932861328,158.5,22567786,,
2026-02-06,158.0,161.3000030517578,156.49000549316406,160.52000427246094,29587522,,
2026-02-09,161.0500030517578,161.89999389648438,157.1699981689453,158.3800048828125,22102148,,
2026-02-10,158.49000549316406,161.47999572753906,156.22000122070312,160.99000549316406,28657528,,
2026-02-11,161.0,162.89999389648438,160.3699951171875,162.1199951171875,15729412,,
2026-02-12,162.1199951171875,163.0,159.3300018310547,160.35000610351562,11007640,,
2026-02-13,157.8000030517578,161.3000030517578,155.0,159.27999877929688,19899685,,
2026-02-16,158.0,160.13999938964844,157.25,159.5800018310547,8429730,,
2026-02-17,158.8000030517578,158.83999633789062,153.83999633789062,157.27000427246094,15671137,,
2026-02-18,157.50999450683594,160.88999938964844,157.30999755859375,159.2100067138672,14036849,,
2026-02-19,160.5,161.74000549316406,154.8699951171875,155.8000030517578,13791140,,
2026-02-20,155.89999389648438,160.10000610351562,155.32000732421875,158.75,14376451,,
2026-02-23,159.39999389648438,159.6999969482422,155.25,156.67999267578125,15614066,,
2026-02-24,156.6999969482422,160.67999267578125,152.0500030517578,160.17999267578125,47145393,,
2026-02-25,161.5500030517578,167.1999969482422,160.85000610351562,164.92999267578125,64790496,,
2026-02-26,165.0,165.89999389648438,162.86000061035156,165.50999450683594,20505687,,
2026-02-27,164.75,167.99000549316406,164.0,165.7100067138672,28020533,,
2026-03-02,158.99000549316406,168.2100067138672,158.8000030517578,165.58999633789062,21848406,,
2026-03-04,161.4199981689453,161.4199981689453,152.39999389648438,155.6199951171875,36418465,,
2026-03-05,156.10000610351562,160.1999969482422,154.30999755859375,156.14999389648438,20616217,,
2026-03-06,155.39999389648438,157.60000610351562,153.50999450683594,154.94000244140625,12234478,,
2026-03-09,150.99000549316406,151.19000244140625,144.8000030517578,149.52000427246094,17043925,,
2026-03-10,152.0500030517578,153.4499969482422,148.3699951171875,149.83999633789062,11722822,,
2026-03-11,150.82000732421875,155.33999633789062,150.82000732421875,153.8800048828125,13160960,,
2026-03-12,153.00999450683594,154.1999969482422,149.60000610351562,153.64999389648438,9824998,,
2026-03-13,152.25999450683594,154.25,144.25,149.88999938964844,24157379,,
2026-03-16,148.97000122070312,150.1300048828125,143.27000427246094,144.69000244140625,16060150,,
2026-03-17,145.19000244140625,153.99000549316406,144.5,153.52999877929688,27048278,,
2026-03-18,152.8000030517578,156.08999633789062,151.64999389648438,154.4199981689453,20171195,,
2026-03-19,152.0,155.41000366210938,151.0,152.5500030517578,14841772,,
2026-03-20,153.11000061035156,158.5399932861328,153.11000061035156,155.52000427246094,25811397,,
2026-03-23,153.0399932861328,154.0,142.25999450683594,143.0399932861328,21470572,,
2026-03-24,146.4600067138672,147.5,143.3000030517578,145.72999572753906,17464379,,
2026-03-25,147.99000549316406,152.33999633789062,145.9499969482422,151.7100067138672,22905688,,
2026-03-27,150.10000610351562,152.07000732421875,145.89999389648438,146.47000122070312,27097799,9704296.0,35.81
2026-03-30,146.1999969482422,156.60000610351562,145.00999450683594,151.4199981689453,70851364,13233415.0,18.68
2026-04-01,155.60000610351562,158.0,153.10000610351562,155.82000732421875,38264128,18574642.0,48.54
2026-04-02,154.0,156.19000244140625,150.27999877929688,155.16000366210938,28426617,12252367.0,43.1
2026-04-06,153.89999389648438,161.27999877929688,151.32000732421875,160.44000244140625,27838073,8585226.0,30.84
2026-04-07,159.4199981689453,161.69000244140625,158.22000122070312,160.6199951171875,21021523,7888564.0,37.53
2026-04-08,164.9499969482422,169.0,162.41000366210938,164.41000366210938,34940851,16809217.0,48.11
2026-04-09,164.41000366210938,168.7100067138672,162.2100067138672,163.35000610351562,21954699,7910385.0,36.03
2026-04-10,165.0,166.8000030517578,162.66000366210938,166.02000427246094,15081386,6082137.0,40.33
2026-04-13,162.77999877929688,171.5,160.75,167.8800048828125,29116175,12808955.0,43.99
2026-04-15,170.0,171.10000610351562,165.8800048828125,166.9499969482422,25814344,13078607.0,50.66
2026-04-16,167.6699981689453,172.07000732421875,166.61000061035156,171.32000732421875,30877678,13419587.0,43.46
2026-04-17,172.0,174.99000549316406,170.41000366210938,173.3300018310547,24677974,10532574.0,42.68
2026-04-20,173.39999389648438,174.0500030517578,170.3000030517578,172.7100067138672,17825908,7966434.0,44.69
2026-04-21,174.39999389648438,177.67999267578125,174.0,175.05999755859375,27069051,11539491.0,42.63
2026-04-22,175.3000030517578,178.4600067138672,174.75999450683594,176.22999572753906,20405858,10010289.0,49.06
2026-04-23,174.7100067138672,178.08999633789062,173.8000030517578,176.4499969482422,18802890,7393488.0,39.32
2026-04-24,176.5,179.07000732421875,176.0,178.4600067138672,18292305,7167748.0,39.18
2026-04-27,179.9600067138672,185.32000732421875,179.5,184.1999969482422,46111040,22657903.0,49.14
2026-04-28,184.1999969482422,189.10000610351562,183.91000366210938,185.6300048828125,26454300,10606144.0,40.09
2026-04-29,187.0,187.3000030517578,181.5399932861328,186.16000366210938,25568031,11069838.0,43.3
2026-04-30,184.97999572753906,185.39999389648438,179.6999969482422,184.6199951171875,30459594,13795493.0,45.29
2026-05-01,184.6199951171875,184.6199951171875,184.6199951171875,184.6199951171875,0,0.0,0.0
2026-05-04,185.25,187.82000732421875,184.27999877929688,186.14999389648438,19546889,8475718.0,43.36
2026-05-05,185.8000030517578,188.8300018310547,185.02000427246094,187.30999755859375,15578841,5819986.0,37.36
2026-05-06,189.0,190.5,184.7100067138672,186.0399932861328,13017351,5055614.0,38.84
2026-05-07,186.25,190.25,185.89999389648438,187.27999877929688,16281234,4990124.0,30.65
2026-05-08,187.0,187.6999969482422,184.14999389648438,184.8800048828125,9202608,3433057.0,37.31
2026-05-11,182.88999938964844,184.8699951171875,179.91000366210938,180.72000122070312,33196633,19674551.0,59.27
2026-05-12,179.89999389648438,180.89999389648438,175.16000366210938,176.08999633789062,17088771,7637786.0,44.69
2026-05-13,176.30999755859375,202.35000610351562,176.30999755859375,201.30999755859375,173466903,55705326.0,32.11
2026-05-14,203.0,209.6999969482422,198.5500030517578,199.0800018310547,50058182,18117830.0,36.19
2026-05-15,199.99000549316406,200.24000549316406,191.5500030517578,192.39999389648438,24155534,8168858.0,33.82
2026-05-18,192.0,195.0,188.2100067138672,192.72999572753906,44414796,15132513.0,34.07
2026-05-19,192.0,200.2899932861328,191.25,199.0500030517578,43235882,17361574.0,40.16
2026-05-20,197.0,199.8000030517578,194.3000030517578,199.0399932861328,21709606,9330844.0,42.98
2026-05-21,200.05999755859375,202.0,195.5500030517578,196.52999877929688,22316399,8390957.0,37.6
2026-05-22,197.0,202.16000366210938,195.60000610351562,201.2100067138672,26032718,11237889.0,43.17
2026-05-25,202.39999389648438,203.32000732421875,196.11000061035156,198.32000732421875,22355175,10098585.0,45.17
2026-05-26,198.35000610351562,205.0,198.35000610351562,203.83999633789062,35728025,13302876.0,37.23
2026-05-27,205.99000549316406,208.4499969482422,203.82000732421875,206.05999755859375,35333674,16660294.0,47.15
2026-05-28,206.05999755859375,206.05999755859375,206.05999755859375,206.05999755859375,0,0.0,0.0
2026-05-29,206.3000030517578,207.5,203.1699981689453,204.3699951171875,19770515,11541244.0,58.38
2026-06-01,205.1999969482422,206.25,202.25,203.69000244140625,18107952,8113235.0,44.8
2026-06-02,203.41000366210938,206.60000610351562,202.6199951171875,205.85000610351562,16404349,8176544.0,49.84
2026-06-03,206.69000244140625,206.89999389648438,200.7100067138672,203.8699951171875,10280547,3879448.0,37.74
2026-06-04,203.39999389648438,205.5,195.77000427246094,197.30999755859375,38406537,16715377.0,43.52
2026-06-05,197.5,198.1999969482422,188.25,190.55999755859375,20088924,7374343.0,36.71
2026-06-08,187.3699951171875,187.9600067138672,182.50999450683594,183.77999877929688,25903021,10372972.0,40.05
2026-06-09,186.0,187.4499969482422,184.30999755859375,185.99000549316406,18783847,9417480.0,50.14
2026-06-10,186.0,186.77000427246094,180.88999938964844,181.72000122070312,10702500,4290542.0,40.09
2026-06-11,179.97000122070312,183.0399932861328,178.7100067138672,181.36000061035156,14061909,5267453.0,37.46
2026-06-12,184.89999389648438,185.82000732421875,180.35000610351562,184.08999633789062,10126753,4313510.0,42.6
2026-06-15,185.9499969482422,187.8699951171875,181.9600067138672,182.50999450683594,15561828,7774337.0,49.96
2026-06-16,182.5,183.41000366210938,179.1199951171875,180.99000549316406,20743356,11940607.0,57.56
2026-06-17,181.7899932861328,182.6999969482422,177.6699981689453,179.5800018310547,15721175,7187460.0,45.72
2026-06-18,179.89999389648438,184.0,179.47000122070312,182.16000366210938,11869764,5118085.0,43.12
2026-06-19,181.39999389648438,183.86000061035156,178.3300018310547,180.0500030517578,20204155,9151588.0,45.3
2026-06-22,180.10000610351562,180.7899932861328,172.35000610351562,174.85000610351562,26161924,11597791.0,44.33
2026-06-23,174.39999389648438,174.39999389648438,167.83999633789062,169.17999267578125,19652451,8813312.0,44.85
2026-06-24,168.50999450683594,174.32000732421875,165.36000061035156,171.4199981689453,15287405,3993544.0,26.12
2026-06-25,170.72000122070312,172.17999267578125,169.42999267578125,170.7899932861328,11464399,5135882.0,44.8
2026-06-25,170.72000122070312,172.17999267578125,169.42999267578125,170.7899932861328,11464399,0.0,0.0
2026-06-26,170.7899932861328,170.7899932861328,170.7899932861328,170.7899932861328,0,,
2026-06-29,170.7899932861328,176.88999938964844,170.39999389648438,175.22999572753906,53065147,36121339.0,68.07
2026-06-30,174.5,175.39999389648438,171.33999633789062,173.49000549316406,14838040,7629362.0,51.42
2026-07-01,173.36000061035156,173.36000061035156,166.30999755859375,168.27000427246094,18693148,0.0,0.0
2026-07-02,168.0,169.99000549316406,166.0,168.1199951171875,23051079,11086767.0,48.1
2026-07-03,171.0,172.86000061035156,168.14999389648438,169.8800048828125,17112122,5971403.0,34.9
2026-07-06,169.63999938964844,170.9199981689453,167.80999755859375,169.22999572753906,12787594,6068466.0,47.46
2026-07-07,168.47999572753906,168.49000549316406,164.5,165.66000366210938,8475984,2762375.0,32.59
2026-07-08,163.9499969482422,165.8699951171875,161.3300018310547,162.02000427246094,10917922,,
2026-07-09,162.5,167.5,161.72000122070312,165.89999389648438,11731829,,
2026-07-10,168.0800018310547,172.27000427246094,167.14999389648438,167.9499969482422,12023050,,
2026-07-13,166.1999969482422,167.63999938964844,163.7100067138672,167.00999450683594,10301179,3845953.0,37.34
2026-07-14,166.0800018310547,168.75,165.5500030517578,166.4499969482422,11647636,,
2026-07-15,167.00999450683594,168.2899932861328,163.8000030517578,164.63999938964844,9947032,3705569.0,37.25
2026-07-16,165.25,166.39999389648438,162.97999572753906,163.6300048828125,9419051,,
2026-07-17,163.6999969482422,164.35000610351562,160.5,163.0399932861328,14464071,,
2026-07-20,162.89999389648438,165.3300018310547,162.13999938964844,162.63999938964844,8871859,3956165.0,44.59
2026-07-21,163.0,164.9600067138672,162.64999389648438,164.07000732421875,9270449,3927212.0,42.36
2026-07-22,164.35000610351562,166.19000244140625,160.9199981689453,161.97999572753906,11621931,,
2026-07-23,162.10000610351562,162.49000549316406,159.25999450683594,160.91000366210938,10376861,4384413.0,42.25
2026-07-24,160.25,162.8000030517578,158.00999450683594,161.4499969482422,8938065,,
2026-07-27,162.89999389648438,166.5,162.10000610351562,162.6199951171875,13672214,5161518.0,37.75
2026-07-28,162.6199951171875,167.3000030517578,160.02000427246094,165.85000610351562,22209978,9525873.0,42.89
2026-07-29,165.86000061035156,175.89999389648438,165.86000061035156,170.9600067138672,45760047,17921032.0,39.16
2026-07-30,170.6999969482422,171.36000061035156,167.60000610351562,169.0500030517578,11779692,4812420.0,40.85
2026-07-31,169.66000366210938,171.85000610351562,167.97000122070312,169.02999877929688,15525081,8055025.0,51.88
2026-08-03,170.60000610351562,172.6999969482422,165.0,165.0,12154369,5825260.0,47.93
2026-08-04,168.25,174.14999389648438,168.02000427246094,173.5500030517578,25348224,8247660.0,32.54
2026-08-05,174.9499969482422,175.8000030517578,171.52000427246094,175.5,20251266,,
2026-08-06,176.2100067138672,179.75,174.8699951171875,176.74000549316406,17549959,5230886.0,29.81
2026-08-07,176.60000610351562,176.8800048828125,174.61000061035156,176.5800018310547,9569899,5290571.0,55.28
2026-08-11,171.5,173.4499969482422,169.32000732421875,173.0,12938399,4928420,37.16
