date,open,high,low,close,volume,delivery_qty,delivery_pct
2022-01-03,73.01893744041043,74.66245050177014,72.97197705831225,74.28678894042969,5452006,,
2022-01-04,74.5685369027221,74.99115168101243,73.62938658194513,74.28678894042969,5718763,,
2022-01-05,74.28677984346146,75.8363791160132,74.14590587956631,75.64855194091797,6756104,,
2022-01-06,75.41376495361328,76.3059547897109,74.47461474081683,75.41376495361328,7547409,,
2022-01-07,76.071160641198,76.071160641198,74.23982075107976,74.94418334960938,4587306,,
2022-01-10,75.46072107731912,75.8363826099646,74.94419273943589,75.3198471069336,4928430,,
2022-01-11,75.1320087650801,75.69549739778887,74.09894507758959,74.33373260498047,4803348,,
2022-01-12,74.94419914665848,76.2590038756029,74.28678961703787,75.7894287109375,7569959,,
2022-01-13,75.97725228304976,76.21203983203004,75.03810208712862,75.2259292602539,6482408,,
2022-01-14,75.17897774943792,75.74246644670232,74.19286715536457,74.52156829833984,5824382,,
2022-01-17,74.94418850056599,75.60159077165183,74.52156661331306,75.2259292602539,4729624,,
2022-01-18,75.60159134880115,76.68161551538493,73.3945898045675,73.67633056640625,9254021,,
2022-01-19,73.7232928621858,73.95808041907173,72.78414263464202,73.62937927246094,5536134,,
2022-01-20,73.81720702477162,74.28678214218766,72.78414319948587,73.39459228515625,4458915,,
2022-01-21,73.25372769879091,73.25372769879091,70.20148904467462,70.95281219482422,10466841,,
2022-01-24,70.4362695385988,71.37541979911344,67.75969272916161,68.74579620361328,11520145,,
2022-01-25,68.55797371616447,69.68495123995989,67.6188233912855,68.8397216796875,8069783,,
2022-01-27,68.83971099668761,68.9336245815717,65.92833970924991,68.04142761230469,10005439,,
2022-01-28,68.46404787988429,71.56323909896643,68.37013429721156,70.06060028076172,9525908,,
2022-01-31,70.9527986055522,71.28149973385727,69.87277447099505,70.2484359741211,3708733,,
2022-02-01,71.09366631441331,72.12673725258821,70.0606025413857,71.7510757446289,6739349,,
2022-02-02,72.26760326661328,73.01892627440235,71.84498855294893,72.64326477050781,4577555,,
2022-02-03,72.78413951765651,72.78413951765651,71.56324140807561,71.7510757446289,2579279,,
2022-02-04,71.75107801241786,72.26760633268357,70.34235268690631,70.81192779541016,3357638,,
2022-02-07,70.8588798895022,71.18758819238815,69.49711496237941,69.96669006347656,4493230,,
2022-02-08,69.96668917149708,70.3893038910378,68.65187747215761,69.77886199951172,5286504,,
2022-02-09,70.20147872132564,71.04671534966208,69.96669116707372,70.81192779541016,5179124,,
2022-02-10,71.2345538624046,71.65717582639749,70.2014898923364,71.14064025878906,4765434,,
2022-02-11,70.43627685966102,70.85889165475955,69.45016611756633,69.63800048828125,4028548,,
2022-02-14,68.55796619171792,68.55796619171792,65.92834270460669,66.21009063720703,7599852,,
2022-02-15,66.53879261574632,67.9005647535184,64.56657855826873,67.71273040771484,7059354,,
2022-02-16,68.41709416934563,70.1545206960195,68.18230660722355,68.55796813964844,8365475,,
2022-02-17,68.83971693902474,69.07450450407579,67.47794476263998,67.66577911376953,3061696,,
2022-02-18,67.43099903831676,67.90057422057481,66.91446347177343,67.00837707519531,3002368,,
2022-02-21,66.39791272218554,67.7596847384301,65.50572294596948,65.69355010986328,5169706,,
2022-02-22,64.33178525876573,65.97529802085099,63.76829660193733,65.69355010986328,5791537,,
2022-02-23,66.16313198160239,66.86749466628297,65.22398173536163,65.50572967529297,4807096,,
2022-02-24,62.92307090358913,63.76830761741326,58.03948856470619,58.509063720703125,14926651,,
2022-02-25,61.27954898315379,62.45348670313758,60.387359182024994,61.70216369628906,8933247,,
2022-02-28,61.044760890484,62.171738225480226,60.340398264824564,61.93695068359375,4569424,,
2022-03-02,61.608254937140515,62.26566441091087,58.69689059657972,59.82387161254883,11075595,,
2022-03-03,60.29344305634555,61.044766120814685,58.978634858672336,59.49516677856445,7564096,,
2022-03-04,58.978632900432494,59.636038768728504,57.56990757518694,57.80469512939453,8807420,,
2022-03-07,57.28816524240602,57.28816524240602,54.94028961771725,55.785526275634766,8645724,,
2022-03-08,55.87944056121042,58.931678911192506,55.87944056121042,58.60297775268555,7662249,,
2022-03-09,59.07254771411043,61.32650957757858,58.696886209341194,61.044761657714844,7350413,,
2022-03-10,62.92306329196429,63.43959876713638,61.18563685797684,61.56129837036133,6595100,,
2022-03-11,61.420425823507614,63.01697833151301,61.044764302462944,62.82915115356445,4819973,,
2022-03-14,62.453486500805404,62.78218762830652,60.80997369815263,62.26565933227539,5485706,,
2022-03-15,62.1247859100147,63.01697571596088,60.19952517278694,60.716060638427734,7802781,,
2022-03-16,61.8430425551277,62.82915318409593,61.514341400520884,62.54740524291992,5649439,,
2022-03-17,63.20482239799423,67.43099903831676,63.01698802600181,67.00837707519531,21714937,,
2022-03-21,67.19619253680709,68.27620941994289,65.64659343841458,67.99446868896484,11338457,,
2022-03-22,67.80664474439112,70.90584341536,66.77358090911741,70.53018188476562,20021497,,
2022-03-23,70.81192822721826,84.61743363535784,70.67105426077856,81.94085693359375,111140201,,
2022-03-24,84.3356926099992,84.3356926099992,74.7563560682805,75.1789779663086,87968595,,
2022-03-25,75.74247712121121,82.5982703735632,75.64856351928967,78.1373062133789,86873136,,
2022-03-28,77.94946769012542,79.54602018639429,75.69550574557421,79.12340545654297,31595645,,
2022-03-29,79.12340457732279,79.35819212799733,77.38597813536062,77.62076568603516,16746890,,
2022-03-30,77.99643184122193,78.4190465915243,75.41376863012383,75.74246978759766,11067737,,
2022-03-31,76.25900728340187,77.33903164342522,75.13202970390282,75.69551849365234,14977835,,
2022-04-01,75.64855386908785,78.51295777061054,75.50767990160202,77.99642944335938,12632352,,
2022-04-04,77.94946221036123,80.71995227828515,77.85554862867934,80.15646362304688,19755604,,
2022-04-05,80.67300415039062,81.94085549580628,80.0155947069232,80.67300415039062,13588727,,
2022-04-06,80.57909529641302,84.0539483976302,79.87473260034349,81.8469467163086,18774367,,
2022-04-07,82.17564420363908,82.55130572445665,79.31123316819607,80.20343017578125,7249612,,
2022-04-08,80.39125938674756,81.42432322126189,79.6868967043313,79.92168426513672,5928674,,
2022-04-11,80.06255656548043,80.67300564387726,79.12340634183845,79.31123352050781,4216350,,
2022-04-12,79.0764494276432,79.54602456002861,76.49378619952347,77.90251159667969,5616567,,
2022-04-13,78.55991018695143,78.79469772058539,77.10422461236213,77.3390121459961,3861170,,
2022-04-18,76.86944714355143,78.37208612252589,75.97725726498317,77.05728149414062,5375557,,
2022-04-19,77.38598856988891,78.18426491679043,74.94419914665848,75.7894287109375,4314975,,
2022-04-20,76.0711684462933,77.01031867402531,75.22593180830496,76.02420806884766,4285911,,
2022-04-21,76.25899394572518,84.75830618551134,76.21204073446158,83.06783294677734,45505467,,
2022-04-22,82.1286840742853,86.58964763022168,81.70606934030826,83.25566864013672,49701769,,
2022-04-25,82.41043377473865,83.39654439536726,80.57909366802576,81.23649597167969,12756433,,
2022-04-26,82.64522539441366,85.50963664062019,81.79998870166845,83.96003723144531,21224782,,
2022-04-27,82.97391256043854,84.52351170811671,81.98780922293196,83.49044799804688,17620466,,
2022-04-28,84.05394172373188,84.19481568478994,81.56519229553047,82.69217681884766,11781207,,
2022-04-29,82.36346964206584,85.18092024097547,81.75302774442001,82.22260284423828,15855453,,
2022-05-02,80.67300506721561,81.98781680394546,77.80859403952368,79.5460205078125,19213078,,
2022-05-04,79.59297875931459,81.1895312194012,75.64855081960218,76.11812591552734,13874564,,
2022-05-05,78.51296366356299,78.65383764162239,76.35292227219539,76.72857666015625,11012217,,
2022-05-06,75.17897992644922,77.4329347807762,74.23982968209705,76.21204376220703,10882669,,
2022-05-09,75.88334241101903,76.44683112312534,73.25371886765936,75.55463409423828,12528201,,
2022-05-10,75.1789717867665,76.916398117676,74.47460917976423,75.13201141357422,8704144,,
2022-05-11,75.31984824468546,76.02421094210514,71.3754200051944,73.77025604248047,13129746,,
2022-05-12,72.87805343430198,73.01892739606984,69.96668927340454,70.85887908935547,9791943,,
2022-05-13,72.4084843441734,73.39459499319058,70.15452226438262,70.48323059082031,8353983,,
2022-05-16,70.90584222372476,72.83110305744786,69.77886481602924,72.31456756591797,6324369,,
2022-05-17,72.87805104537401,75.50767436168451,72.17368842477087,75.08505249023438,6743897,,
2022-05-18,75.41376359931844,75.69550435900932,73.48850283160094,73.91111755371094,6315257,,
2022-05-19,72.31457795873075,72.50240516529138,70.06061565426006,70.71802520751953,6291163,,
2022-05-20,72.12673725258821,72.50239159540021,70.67105159617616,71.7510757446289,5303468,,
2022-05-23,72.22066219128116,73.44155332763718,71.75108702380228,72.07978820800781,5021942,,
2022-05-24,72.40848718038608,72.97197593111842,71.18759608132403,71.7041244506836,3844890,,
2022-05-25,71.61020139368568,72.26760365517538,67.1492380281774,67.38402557373047,7000083,,
2022-05-26,68.22926472838357,69.91973082064588,66.02226315048284,69.49711608886719,8145007,,
2022-05-27,70.24844111068066,71.7510800679104,69.49711804949192,70.53018188476562,9513816,,
2022-05-30,71.3284580915865,72.64326986484915,71.18759128725114,71.8449935913086,7958752,,
2022-05-31,72.03282104248963,72.50239616575266,70.95280399110287,71.18759155273438,7194342,,
2022-06-01,71.18758963470711,71.93890551259639,70.53018018076298,71.23454284667969,3529885,,
2022-06-02,70.99976511335431,74.09896413818447,70.95281189488632,73.34764099121094,5452652,,
2022-06-03,74.14591352321675,74.14591352321675,70.9528082265381,71.28150939941406,4945570,,
2022-06-06,71.09367022427998,71.70411931264267,69.96669280357014,71.42237854003906,3505074,,
2022-06-07,70.76496994548447,71.84499416663999,70.34235519879864,71.6102066040039,4179120,,
2022-06-08,71.56324534376702,72.50239558274112,70.76496907366858,71.42237854003906,3650831,,
2022-06-09,71.18758706526361,72.50239159540021,70.90583914300731,71.7510757446289,2580826,,
2022-06-10,70.99975707643722,71.32845822909965,68.65188146435167,69.21537017822266,5834270,,
2022-06-13,68.13535209564532,68.18230530808644,64.23787720565117,64.66049194335938,9937659,,
2022-06-14,64.51962208439308,66.77358421438173,64.33179489237239,66.06922149658203,7983290,,
2022-06-15,66.30400365941611,67.80664256842503,65.5526877874854,66.44487762451172,9433722,,
2022-06-16,67.430994170897,67.5718609832872,63.86222017728365,64.09700775146484,7037850,,
2022-06-17,63.533517970011665,64.70745582176669,62.78219487882924,63.25177001953125,10311600,,
2022-06-20,63.86221188430105,65.4587643153497,61.936951159965446,63.34567642211914,13203264,,
2022-06-21,64.05004552749273,66.49184196083154,63.15785563733674,66.11618041992188,7707833,,
2022-06-22,65.74051640532493,65.74051640532493,63.72134196841756,64.00308990478516,8067731,,
2022-06-23,64.00308453744383,65.27093581447984,63.2987219207408,64.37874603271484,6686643,,
2022-06-24,65.03615455217259,65.83443082844768,64.33179186749202,65.50572967529297,8970212,,
2022-06-27,66.77357763999416,67.29011311491617,65.31789913228671,65.59963989257812,6247502,,
2022-06-28,65.13007598359196,66.63271512542302,64.89528839376997,65.92835235595703,4647893,,
2022-06-29,65.36485597519507,65.4118163537601,64.37875251165967,64.84832763671875,3629394,,
2022-06-30,64.8013727154562,65.31790826258077,63.345686839122095,63.4865608215332,5004361,,
2022-07-01,63.39193978308531,65.23692618786396,62.72963882202095,65.0003890991211,3855009,,
2022-07-04,65.00039287981177,65.75731449523022,64.85847639314288,65.33155059814453,2774971,,
2022-07-05,65.47346069445882,66.04115545988415,64.43269898874372,64.62193298339844,3525062,,
2022-07-06,64.81116521144854,66.18307750004153,64.33809101282482,65.99385070800781,3510127,,
2022-07-07,66.51422970216571,68.59575311620752,66.23038231909692,67.64960479736328,6962956,,
2022-07-08,68.59576214924955,68.69037554988539,66.6561549527859,67.55500030517578,4636890,,
2022-07-11,67.17654261546704,69.30537671243607,66.89269518178847,69.11614990234375,5244289,,
2022-07-12,68.7376836536287,69.44729496343517,68.12268574142185,68.3119125366211,3602833,,
2022-07-13,68.54844963988992,69.16344755209677,67.69692184295377,68.3119125366211,2936833,,
2022-07-14,68.50113927802508,68.54844236253325,66.32499527156358,67.08191680908203,3912977,,
2022-07-15,67.22384305068138,68.83229235577177,65.37884943991872,66.27769470214844,7073562,,
2022-07-18,66.89268493132356,68.3119074451582,66.0884602838584,68.1226806640625,5552794,,
2022-07-19,68.02806264072385,68.83228723342037,67.17652774670579,68.50113677978516,6585490,,
2022-07-20,70.39344123732147,70.58266802677029,66.79807448947923,67.27114868164062,16099967,,
2022-07-21,67.55500228557223,68.8323012779499,67.1765414533944,68.59576416015625,7771742,,
2022-07-22,69.06882430295103,69.44728505790778,68.2645997102545,68.50113677978516,5245028,,
2022-07-25,67.93345598838296,68.69037035476325,67.50768488991353,68.54844665527344,4917398,,
2022-07-26,68.69037035476325,69.92036612562264,68.26460647483304,68.54844665527344,6989832,,
2022-07-27,68.40652636530422,68.97421391311421,68.26460267371702,68.87960052490234,3399462,,
2022-07-28,69.2580595484665,71.29228003912995,69.0688327570957,70.25151824951172,10753843,,
2022-07-29,70.86651314348308,72.00188828062993,70.10959157302578,71.1030502319336,7265904,,
2022-08-01,71.43420865654653,72.61689423033042,70.53537050788674,72.2857437133789,5889287,,
2022-08-02,72.0018937437476,73.18457927573603,71.62343292980337,72.47496795654297,6006899,,
2022-08-03,72.47495506003119,72.80610550635366,69.68382058862107,70.44073486328125,5725024,,
2022-08-04,70.81921180165897,71.52882315682297,69.49460249497817,70.39344787597656,3916718,,
2022-08-05,70.39344361422422,71.62343222425199,70.39344361422422,70.72459411621094,3606572,,
2022-08-08,70.9138213462385,71.38689555727022,70.53536775224481,70.67728424072266,3359576,,
2022-08-10,70.48804939235114,70.91381324623171,69.30536399986202,70.10958862304688,3327213,,
2022-08-11,70.53535852844848,73.46841680958586,70.53535852844848,72.66419219970703,9955467,,
2022-08-12,72.66419858413703,72.90073567950395,71.90727699154714,72.14381408691406,3017753,,
2022-08-16,72.5222785803672,74.36726513087027,71.90728065735296,73.65765380859375,6125042,,
2022-08-17,74.08342153542796,74.22533801854289,73.13727314911873,73.32649993896484,3849405,,
2022-08-18,73.13727314911873,74.08342153542796,72.75881235088718,73.32649993896484,3340367,,
2022-08-19,73.04265953623836,73.4211203707425,71.05574917826665,71.57613372802734,5128358,,
2022-08-22,71.33959129207133,71.43420468901112,68.78498626345983,68.9742202758789,5118712,,
2022-08-23,68.69036280169088,69.9676615195712,68.16998558550031,69.77843475341797,4129967,,
2022-08-24,69.9203589469629,71.10304429038737,69.49458789220701,70.96112060546875,4421066,,
2022-08-25,71.15036040666578,79.94954386103595,71.10305731538668,75.97572326660156,38891937,,
2022-08-26,76.63801660650476,77.39493817645378,75.12418068514582,75.3607177734375,8121667,,
2022-08-29,72.85342574581023,73.79957413211946,71.6707402629237,73.32649993896484,8309347,,
2022-08-30,73.79956821284567,75.64455453075131,73.79956821284567,75.0295639038086,5657798,,
2022-09-01,74.03611324563012,75.92841006979957,73.8941895401095,74.98226165771484,4702494,,
2022-09-02,75.54995060773422,76.44879594635795,74.03611456512645,74.27265167236328,4646899,,
2022-09-05,74.36726657377638,77.11109851685717,74.36726657377638,75.97572326660156,7966260,,
2022-09-06,76.40148769362345,76.73263820895905,74.8876516102751,75.31341552734375,4161967,,
2022-09-07,75.17149181547425,76.07033717828784,74.6038041865361,75.31341552734375,3703920,,
2022-09-08,75.69187463264106,76.21225915815634,74.88764990837718,75.45533752441406,3570476,,
2022-09-09,76.0703337753202,76.63802137886312,74.74572455469367,74.98226165771484,4997290,,
2022-09-12,75.36072111175686,77.01648080314526,75.21879740878711,76.30686950683594,4536036,,
2022-09-13,76.7799418990083,81.17953327638402,76.35417080011047,79.4764633178711,28354926,,
2022-09-14,77.86801271461593,80.51722378466089,77.4422416225904,80.18607330322266,11847751,,
2022-09-15,80.61184742522221,81.5106928103017,79.61839585460596,79.99685668945312,6780689,,
2022-09-16,79.47646252216737,81.8418334305652,76.16494325041039,77.11109161376953,12682676,,
2022-09-19,77.53685679616142,78.76685257666621,76.16494453359314,76.40148162841797,4997230,,
2022-09-20,76.92186313466404,78.67223612462672,76.92186313466404,77.25301361083984,4466384,,
2022-09-21,77.20570157897528,77.63147265470897,74.93494416401214,75.54994201660156,4682310,,
2022-09-22,75.36071309901054,75.97571093413002,73.42110620791183,75.12417602539062,6534432,,
2022-09-23,75.02957264377312,75.21879944048429,71.52881915629979,71.90727996826172,8284181,,
2022-09-26,70.96113093078093,71.6234319320524,68.45383619418543,68.92691040039062,6069024,,
2022-09-27,69.92037035714809,70.4880579709241,68.59576111264427,69.44729614257812,6298828,,
2022-09-28,68.87960222291792,69.92036395598282,68.4065280516576,68.73767852783203,5122810,,
2022-09-29,69.73113166454176,70.01497906166689,68.12268233027048,69.21075439453125,5308871,,
2022-09-30,68.97422141213224,71.24497906879239,68.78498739659578,70.67728424072266,5459173,,
2022-10-03,70.72459211210221,71.15035599994329,68.21729743632652,68.4538345336914,5243675,,
2022-10-04,69.96767600008752,73.23189253083132,69.73113888417305,72.85343170166016,9721518,,
2022-10-06,73.56303743395226,74.93494971411504,72.94803953581263,73.8941879272461,6431785,,
2022-10-07,73.79957623825715,73.98880303350353,72.52227732399521,73.75226593017578,3202301,,
2022-10-10,73.23187973500157,73.42110650725354,72.00188405974785,72.66419219970703,2914963,,
2022-10-11,72.94803053871418,72.94803053871418,70.53535676925132,70.96112060546875,3505597,,
2022-10-12,72.0491964838375,74.1780302177875,71.05573785391196,73.7049560546875,9658811,,
2022-10-13,73.7522608523311,73.94149485308826,71.1503528948673,72.33303833007812,5581003,,
2022-10-14,73.27918925725962,73.98880054336041,72.00189038598604,72.14381408691406,3548649,,
2022-10-17,71.95458934216776,73.61034905677415,71.43420483016139,73.18457794189453,3657075,,
2022-10-18,73.6103526405293,76.07033717828784,73.6103526405293,75.31341552734375,8032541,,
2022-10-19,75.6918750678461,76.49609979673401,75.12418744854519,75.40802764892578,5631126,,
2022-10-20,74.65110608927057,75.64455752339228,73.7995711324955,74.79302978515625,5078011,,
2022-10-21,76.40148124454906,78.43570169352972,74.41457110171136,75.21879577636719,16913932,,
2022-10-24,76.07033032190972,76.16494371511507,74.98225825370024,75.26610565185547,1239782,,
2022-10-25,75.50263724105316,77.06377616150421,74.74571571350099,75.69186401367188,6974636,,
2022-10-27,76.07033279887615,77.44224509137324,75.54994829149344,76.87455749511719,6326482,,
2022-10-28,76.87455540810787,77.20570589538879,74.93494835347222,75.83379364013672,4074526,,
2022-10-31,76.16494788916475,76.96917260329273,75.69187367867303,76.73263549804688,4253100,,
2022-11-01,76.96917388561816,77.67878521317803,76.1176388488384,76.63802337646484,4935859,,
2022-11-02,76.63801185285031,76.92185922860966,74.84032864963129,75.12417602539062,5073264,,
2022-11-03,74.74571825122601,78.48300127637174,74.50918116815251,77.91531372070312,11853353,,
2022-11-04,78.34108436318964,78.62492453016694,77.01647526167892,77.34762573242188,5260659,,
2022-11-07,77.77339593848976,78.81416495795023,77.58416914506391,78.05724334716797,4940270,,
2022-11-09,78.2464701405938,79.61838965781922,77.72609284940302,78.05724334716797,6513542,,
2022-11-10,78.05724129219173,79.94953805079032,75.975717745149,76.40148162841797,8570493,,
2022-11-11,77.67878558538612,78.05724640560611,76.82725054452611,77.2057113647461,4676426,,
2022-11-14,77.25301277951733,79.19261252969723,76.63801491978657,78.53031158447266,5911809,,
2022-11-15,78.62493217918413,78.90877959231437,77.63148067030743,78.57762908935547,3871067,,
2022-11-16,78.53031412648689,79.90222636537732,77.77339254869545,78.3410873413086,11277056,,
2022-11-17,78.10454900298393,78.62492626318168,75.78648121961167,76.59070587158203,7658827,,
2022-11-18,76.68532902962346,77.01647951867037,75.50264355549935,76.40148162841797,5111020,,
2022-11-21,76.35416665725462,76.7799377330508,75.69186571962345,76.1649398803711,3695431,,
2022-11-22,76.49609966724493,76.92187079490466,75.78648833968506,76.63802337646484,5496783,,
2022-11-23,76.68532814635277,78.15185378625151,76.54340444738472,77.67877960205078,6457341,,
2022-11-24,77.7260941206652,78.81416624700854,77.67878381226521,77.96263122558594,5365670,,
2022-11-25,78.38839479613321,82.7406760645951,78.10455460255021,82.22029876708984,23427873,,
2022-11-28,82.69336616573135,85.4845008747685,82.31490538691132,83.97066497802734,21715643,,
2022-11-29,83.97067662179346,84.63297766266204,82.31491680108203,82.45684051513672,7057278,,
2022-11-30,82.45683459253264,83.54490669741263,81.98376039202303,82.31491088867188,6407760,,
2022-12-01,82.97721053669359,84.39643311521313,82.40952294899364,83.63951873779297,8499483,,
2022-12-02,83.63951410787654,87.28218374739329,83.40297702455025,86.43064880371094,28502730,,
2022-12-05,87.14026759506528,88.84333762981869,86.85642740163274,88.27565002441406,20689507,,
2022-12-06,88.37026380306278,89.88409983017894,87.56603909039542,88.84333801269531,12988090,,
2022-12-07,88.84333081235731,89.31640498364938,86.57257334644761,88.7960205078125,10516070,,
2022-12-08,88.93795056671907,89.78948557968279,88.32295265632641,88.89064025878906,7191657,,
2022-12-09,89.2217985417127,89.55294904369943,85.62643167246944,87.045654296875,9290608,,
2022-12-12,86.95104127829342,87.84987939025578,85.53181864769627,87.61334228515625,8457938,,
2022-12-13,87.9917996739481,88.41756355914825,87.32949869285024,87.89718627929688,4918578,,
2022-12-14,87.5187237880496,89.1271731216035,87.42411039522982,88.03910827636719,7911903,,
2022-12-15,88.133723775525,91.16139572935258,87.89718667855287,88.46487426757812,21279881,,
2022-12-16,88.08641486312443,89.2217972776874,85.29527996208526,86.5252685546875,10096447,,
2022-12-19,86.85642199046926,88.55948470058215,85.67373654516624,88.08641052246094,7989647,,
2022-12-20,88.0391117741048,88.0391117741048,85.20066656550655,86.5252685546875,6338956,,
2022-12-21,86.95104203466863,87.61334304729273,83.40298542731169,83.9233627319336,9833327,,
2022-12-22,84.20721112740442,85.15335956703818,81.88915033771761,82.64606475830078,8103801,,
2022-12-23,81.84183830257827,82.07837540749901,77.48955701574444,77.96263122558594,9697616,,
2022-12-26,77.58415834984568,80.6118299346194,77.01647083001791,80.13875579833984,6226483,,
2022-12-27,80.80107116699219,81.22683504041353,79.33453832558251,80.80107116699219,5079388,,
2022-12-28,80.42260325232218,82.07836273104645,80.09145280028501,81.3687515258789,5601560,,
2022-12-29,81.3214522616245,81.65260997714441,79.00339156422179,81.08491516113281,6807208,,
2022-12-30,81.65260694623606,83.59220676714712,81.65260694623606,82.55144500732422,6473689,,
2023-01-02,83.02451871766051,85.34257931580918,82.5987548424215,85.01142883300781,6250716,,
2023-01-03,85.15334618571212,86.24141816401504,84.44373496749785,85.53180694580078,8123105,,
2023-01-04,85.86296469478283,86.28872857444873,82.83529279406292,83.734130859375,5641858,,
2023-01-05,84.20720376743986,84.3018171594258,82.64605753478513,83.82874298095703,6161579,,
2023-01-06,83.87605849454575,84.20720899632902,81.17953695353975,82.22029876708984,5242985,,
2023-01-09,82.83529555834134,87.09296337123871,82.55144815006574,86.5252685546875,14274639,,
2023-01-10,87.04564793690466,87.9444859792723,86.00488619875817,86.95103454589844,14349774,,
2023-01-11,87.18757332123161,88.32294847237296,85.95757755871252,87.42411041259766,9409863,,
2023-01-12,87.84987606235329,87.84987606235329,85.15335461007544,86.05219268798828,7763857,,
2023-01-13,86.43065091039578,87.8971837501799,85.72103964312072,87.4714126586914,6822607,,
2023-01-16,87.28219199517363,93.00639283999654,87.04565488949567,90.0260238647461,57962493,,
2023-01-17,90.16793866080948,90.49908913232403,87.99179461621863,90.1206283569336,12030242,,
2023-01-18,90.59370252153693,90.59370252153693,89.07986663851406,90.1206283569336,5281930,,
2023-01-19,89.88409926698114,91.20870848936035,89.2217982650613,90.68832397460938,7835545,,
2023-01-20,90.92485944269728,91.44524394808934,89.03256265005616,89.60025024414062,6707802,,
2023-01-23,89.97870980602363,90.35717060304266,88.13372334604738,88.5121841430664,5162822,,
2023-01-24,88.60680205116269,89.12717935734909,83.73413618536834,85.7210464477539,21783548,,
2023-01-25,85.72103924667975,85.81565263817103,83.92335593418898,84.49105072021484,8634902,,
2023-01-27,84.68027623033042,85.34257717935319,81.46337043820785,82.74066925048828,9005335,,
2023-01-30,83.21374858382553,84.11259389161408,80.51722709753867,81.74722290039062,5374638,,
2023-01-31,82.31490372588213,84.53835083109188,81.65260279021584,84.11258697509766,6595423,,
2023-02-01,84.91681374173044,85.10604052282008,79.19261338203106,81.51068115234375,6219146,,
2023-02-02,81.32144926125886,82.74067181184654,80.46992150573759,81.93644714355469,4083867,,
2023-02-03,82.40953020427185,83.16645186687019,79.85493222544734,82.45684051513672,6755720,,
2023-02-06,82.50413631385995,84.53835678603963,81.69991163003245,84.2545166015625,5512664,,
2023-02-07,84.34913166294201,85.76835426898633,84.20720795862968,84.72759246826172,4711071,,
2023-02-08,84.82219872816634,88.60679202585551,84.53835134342411,88.32294464111328,9833148,,
2023-02-09,88.03911246436485,89.22179797722015,87.04565374615058,88.89064025878906,6100205,,
2023-02-10,88.55948383930222,91.30331548942807,88.27564366631343,89.97870635986328,9299560,,
2023-02-13,89.97871154117014,91.01947333913802,87.75526424129798,88.3702621459961,4787412,,
2023-02-14,88.22832958238324,89.31640157858149,86.52525974324347,89.07986450195312,4697004,,
2023-02-15,88.9379517893312,89.5529497081781,88.2756507804435,89.41102600097656,2904674,,
2023-02-16,89.41102472528735,90.30986282717339,88.55948971276719,89.5056381225586,4201655,,
2023-02-17,89.07987826884546,89.3637184735425,87.09296796180686,87.3768081665039,3414797,,
2023-02-20,87.61334584849807,87.9444963653978,85.81566233291979,86.14682006835938,3297153,,
2023-02-21,86.47796168067845,86.7618018579914,84.77489174264412,85.01142883300781,4124077,,
2023-02-22,84.44374041519967,85.24796507068423,83.73412915120639,84.49105072021484,4136121,,
2023-02-23,84.77488962143306,85.05873701018281,82.88259294587188,83.97066497802734,3811083,,
2023-02-24,84.68027879555687,85.24796637170752,83.30836655164788,83.78144073486328,3334729,,
2023-02-27,83.78144981541385,84.25452404990283,81.84184256659306,82.45684051513672,2763640,,
2023-02-28,82.7879884679538,83.73413690758755,82.1729905384839,82.64606475830078,3684684,,
2023-03-01,83.02452201249564,85.62643010975333,82.74067460537903,85.34258270263672,4927896,,
2023-03-02,85.34258230742033,85.86296681187777,84.68028131860122,84.77489471435547,2619197,,
2023-03-03,85.15334999745687,86.9983363599862,84.9168129141306,86.43064880371094,4024657,,
2023-03-06,87.04565607190236,87.70795708938138,86.0995076363382,86.28873443603516,3498641,,
2023-03-08,85.62642666764181,87.14026260148346,85.1533524871576,86.8564224243164,3408966,,
2023-03-09,87.32949703735393,88.27564540300874,86.28872806030232,86.80911254882812,3856240,,
2023-03-10,86.099507325152,86.24143103368162,84.49105787792217,85.10604858398438,3272794,,
2023-03-13,85.15335393595484,85.5791178182189,81.03760993942487,81.2741470336914,5350324,,
2023-03-14,80.89568455902592,81.98375661376157,79.94953620161041,80.80107116699219,4069805,,
2023-03-15,81.46338284812605,82.50414473451116,79.9968570323007,80.56454467773438,2828114,,
2023-03-16,80.56453744217187,81.84183633431749,79.33454163874902,81.1322250366211,3239101,,
2023-03-17,81.79452941518417,82.12568714265804,80.70646448847758,81.46337890625,2536780,,
2023-03-20,81.46337777157765,81.46337777157765,78.90877991705075,79.76031494140625,2868353,,
2023-03-21,80.7537612915039,81.13222208019222,79.57107583843988,80.7537612915039,2367654,,
2023-03-22,80.99029541015625,82.17298081982132,80.70645524295996,80.99029541015625,2220735,,
2023-03-23,80.8010724610671,81.27414664735139,79.90222717600338,80.09146118164062,2077800,,
2023-03-24,80.09146737623254,80.28069417796613,77.15840863812329,77.77339935302734,4284125,,
2023-03-27,77.72609077641796,78.53031545483798,76.30686820795704,77.0164794921875,5843446,,
2023-03-28,76.5434032148959,77.01647739147927,74.69840959509735,75.3607177734375,4357885,,
2023-03-29,75.36071190932925,76.96916109713742,75.02956145519681,76.44878387451172,3738119,,
2023-03-31,76.59070836460648,78.38839172775648,76.59070836460648,77.63147735595703,3758549,,
2023-04-03,78.15184956127709,79.42914834585903,77.86800939722488,79.23992156982422,3036719,,
2023-04-05,79.3818524713181,79.6183895721155,78.67224116892588,79.28723907470703,2016905,,
2023-04-06,79.57107788134707,82.40952304157494,78.48300579288518,81.79452514648438,6237477,,
2023-04-10,81.98376330778723,83.02452514221532,81.08491796372775,82.69337463378906,3617089,,
2023-04-11,82.88260186820922,83.54491010707669,82.36222455753449,82.64606475830078,2161096,,
2023-04-12,82.78798253078575,83.30836702268066,81.79452385300064,82.50413513183594,2266688,,
2023-04-13,82.4568269662908,83.16643820142491,81.65260234351324,82.92990112304688,1798571,,
2023-04-17,82.78798080783453,84.30181672746998,82.31490663178977,83.87605285644531,2704583,,
2023-04-18,84.11258697509766,85.2479620701081,83.3556654327315,84.11258697509766,3056119,,
2023-04-19,84.15988788364172,84.77488571859382,82.92989943227614,83.07182312011719,2379960,,
2023-04-20,83.26105121481065,84.39642629850621,83.16643782759247,84.1598892211914,2083341,,
2023-04-21,84.20721112740442,84.30182452765986,82.1729905384839,82.64606475830078,2434816,,
2023-04-24,82.97720510290888,85.53180990807867,81.79451969825774,85.29527282714844,5380715,,
2023-04-25,85.6737493655952,85.72105245936241,84.96413799222542,85.24797821044922,2890827,,
2023-04-26,85.43720245361328,86.00489004356785,84.58566745941175,85.43720245361328,2922269,,
2023-04-27,85.57911976327024,86.19411766604883,85.15335587132935,85.95758056640625,2651583,,
2023-04-28,86.33604419327666,87.94449363603691,86.09950708589783,87.5660400390625,6058319,,
2023-05-02,86.24142412653808,89.6475567657506,85.62642625119186,87.4714126586914,12932315,,
2023-05-03,87.4714105334509,88.74871655834336,87.28218375419071,87.66064453125,3924627,,
2023-05-04,87.66065152141395,91.01947404162169,87.140267009144,90.73563385009766,11903533,,
2023-05-05,90.59370722541881,92.1548534933767,89.17448465791878,89.74217224121094,8579099,,
2023-05-08,90.4517776008788,94.04714409048499,89.60024267244167,92.06023406982422,14290410,,
2023-05-09,92.2967775786892,93.24292596096777,90.64101790970173,90.92485809326172,6253635,,
2023-05-10,91.3033167788857,91.3033167788857,88.46487169767681,89.88409423828125,6212199,,
2023-05-11,90.2625600760237,91.77639609365443,89.88409926698114,90.68832397460938,7231029,,
2023-05-12,90.21525358805921,91.01947832974193,89.64756595972669,90.40448760986328,3307092,,
2023-05-15,90.40448691920612,93.19562194799933,89.93141269611984,92.86447143554688,7807726,,
2023-05-16,93.57408014422629,95.37176358521413,92.76985543125633,93.66869354248047,15991575,,
2023-05-17,93.95253035151707,95.98674344927234,93.24291911689394,94.52021789550781,11535709,,
2023-05-18,95.13522859322121,96.88560176468721,93.52677191301862,94.0944595336914,15965978,,
2023-05-19,94.47291055794594,94.85137133866587,92.06023661561699,94.28368377685547,8909522,,
2023-05-22,94.52022723248405,95.04060452482209,93.66869222311149,94.37830352783203,5490210,,
2023-05-23,94.61484201567754,94.80406881229305,92.34408436359335,93.05369567871094,9229803,,
2023-05-24,92.91177052508506,97.35867236169504,92.53331693774759,95.6082992553711,16472310,,
2023-05-25,95.98674897576569,97.4059715267245,95.27713770028627,97.12213134765625,10961461,,
2023-05-26,97.40596557303968,97.8790397277772,95.98674310882713,96.9802017211914,7785946,,
2023-05-29,97.45327463219299,98.49403631562518,96.88558709746076,97.68981170654297,6101147,,
2023-05-30,97.92635093475256,99.06172602918924,97.54789016376073,98.73057556152344,7590202,,
2023-05-31,98.54135131835938,99.29826566126115,97.54789267128575,98.54135131835938,5444298,,
2023-06-01,98.58865356709232,100.14979976271889,98.58865356709232,99.20365142822266,6886135,,
2023-06-02,100.05519359000769,100.95403168519718,99.3455822879509,99.865966796875,8350359,,
2023-06-05,100.29172901030523,101.23787739719491,98.30481884154479,99.39289093017578,24492750,,
2023-06-06,100.00787650111221,101.23787222868944,99.44018894166848,101.00133514404297,7331338,,
2023-06-07,101.23788572068231,102.42057130153141,101.09596200727243,101.75827026367188,6636364,,
2023-06-08,102.13670809039843,102.46786577669066,98.82518897578659,99.9605712890625,7198164,,
2023-06-09,99.9605772391475,100.8594153077722,99.01442886436814,99.48750305175781,4708088,,
2023-06-12,99.86595920027287,101.94748264055305,99.10903764824067,101.66363525390625,4261650,,
2023-06-13,102.13671110533112,104.45477888510881,101.80556062780259,103.98170471191406,12266306,,
2023-06-14,103.88710168970972,106.67823670271976,102.7044161386818,106.15785217285156,10386005,,
2023-06-15,106.34707676888236,114.90971506847802,105.77938919839885,111.17243194580078,46023828,,
2023-06-16,112.02397326585378,113.0647350738719,110.88859084193805,111.88204956054688,11296782,,
2023-06-19,112.44973077197358,114.67317796694351,111.21974223914764,111.78742980957031,10312897,,
2023-06-20,112.40242474337246,115.33548312923932,109.98974360904874,115.0516357421875,12135931,,
2023-06-21,115.52470866861185,120.06622350147484,115.52470866861185,116.99124145507812,21790055,,
2023-06-22,117.36970958865292,117.41701267659475,109.94243902055499,113.96356964111328,18745422,,
2023-06-23,113.91627313187828,113.91627313187828,109.98975567898508,111.64551544189453,13252964,,
2023-06-26,111.45628100453129,112.82819325522951,108.75975237202778,112.26050567626953,15173431,,
2023-06-27,112.92280694141209,117.46432202194529,109.80052163976734,116.47086334228516,28941272,,
2023-06-28,117.22778661254742,117.32240000755532,114.72049194287163,116.94393920898438,11228959,,
2023-06-30,117.70085774020487,121.2962171866271,117.18047325340758,120.8231430053711,16713331,,
2023-07-03,123.04660486022664,132.65000554463396,121.29622450908047,129.9534912109375,63434497,,
2023-07-04,128.06119640544367,129.52771492949606,123.56699134083038,126.16889953613281,23295804,,
2023-07-05,125.36465837190174,128.86540443524862,123.66158842735835,124.4658203125,13036099,,
2023-07-06,124.98620310304705,125.64850406218517,122.6681280904464,123.99274444580078,8275486,,
2023-07-07,123.89812637755267,124.32389025737055,121.01237817520423,123.80352020263672,10960851,,
2023-07-10,124.13466551701903,126.02696229147688,123.1885171297901,125.45928192138672,7379858,,
2023-07-11,126.21618354195236,127.73002666990841,125.27003519624934,125.88504028320312,8313266,,
2023-07-12,126.1215698378839,128.20309318671025,125.03349064305667,127.68270874023438,8059398,,
2023-07-13,128.34502814437553,128.6288755594417,124.51313857075999,125.64851379394531,6700977,,
2023-07-14,126.12157736962888,127.73002666990841,124.65504454637359,125.88504028320312,7512151,,
2023-07-17,126.40542691568784,127.16233405549141,123.80351892064775,125.080810546875,5573798,,
2023-07-18,125.55389208365746,125.8377394962528,121.34353451424377,123.33045196533203,11208712,,
2023-07-19,123.85082224021363,127.87195301992288,123.56698926425041,126.3108139038086,14029702,,
2023-07-20,130.5211685583217,131.04155306440478,122.52621748621242,124.08735656738281,29265269,,
2023-07-21,125.86483848020336,125.86483848020336,122.40595888879702,124.37559509277344,14175269,,
2023-07-24,124.13540597504054,127.59429320203915,123.0785343550384,126.53740692138672,12729166,,
2023-07-25,127.25799561696361,127.83448165585104,121.10887961852636,122.02163696289062,16394365,,
2023-07-26,122.59811845837467,125.24032664913983,122.40596132792705,124.71188354492188,10002880,,
2023-07-27,125.38443879709912,126.8256392430428,124.7118815211219,125.76875305175781,7591187,,
2023-07-28,126.58543833392683,128.41095302249047,124.13539465985006,127.25799560546875,9262262,,
2023-07-31,127.7864394128871,127.93055359307812,126.20112478818986,126.72955322265625,4076519,,
2023-08-01,126.82563646753756,129.4197942813347,126.63347934441346,127.4021224975586,6683569,,
2023-08-02,127.40213320267834,127.45016149200843,123.07853159617093,124.8079605102539,7025353,,
2023-08-03,124.32756042606358,125.14424659439449,119.7157231071523,121.01280212402344,23844689,,
2023-08-04,121.87752074210711,123.31872857154313,120.14808454136853,122.64616394042969,7790543,,
2023-08-07,123.17460491522331,123.99129109672404,122.40596901483894,123.75109100341797,3713012,,
2023-08-08,123.89520168276186,124.37560185575485,121.06084359423319,122.06968688964844,4181141,,
2023-08-09,122.453998760967,122.5981202761019,119.85984080983789,121.25299835205078,5073262,,
2023-08-10,121.39712090122471,122.40596418543737,119.90788477967841,120.72456359863281,5631237,,
2023-08-11,120.86868440195185,122.02164186540053,118.51471919611735,119.3313980102539,3789072,,
2023-08-14,119.33139524714052,120.34023850204198,117.217637502987,118.56275939941406,3935130,,
2023-08-16,118.17843581033708,118.17843581033708,115.92055659222075,116.7852783203125,5221090,,
2023-08-17,116.7852851751315,117.26568534889951,115.29604170432073,115.87252044677734,4299209,,
2023-08-18,115.5362432099683,115.77644329980191,112.990120791667,113.4224853515625,4631742,,
2023-08-21,113.37443453191617,115.82447821028653,111.93323409295112,115.34407806396484,5942622,,
2023-08-22,115.44016115046828,120.86868448267455,115.10388250093156,118.85099792480469,7781781,,
2023-08-23,119.4755269456912,121.01280610253576,118.32256941063909,120.29220581054688,5158372,,
2023-08-24,121.01280212402344,122.93440283948439,120.62848784519124,121.01280212402344,6345930,,
2023-08-25,120.05200195972473,120.8686881293715,116.3048864227984,116.73724365234375,5537107,,
2023-08-28,117.31371757772914,120.43631861697837,116.88136036596298,118.94708251953125,5231351,,
2023-08-29,119.2833650360065,121.20496573789842,118.41864325409014,118.7068862915039,4048568,,
2023-08-30,119.13923645019531,120.3402368176368,118.70687925004619,119.13923645019531,2651491,,
2023-08-31,119.66768166330256,121.15691774710952,118.56275983962342,119.95591735839844,7095230,,
2023-09-01,120.53240185248094,122.0216453379481,118.89904417772502,121.49320220947266,4725381,,
2023-09-04,122.02163603189517,124.71187975842894,121.2049572568017,124.4716796875,8931658,,
2023-09-05,125.336397884039,125.86484098825696,123.65499733648595,124.71188354492188,8142738,,
2023-09-06,125.24032434125235,125.28835262749223,121.54123734054147,122.93439483642578,4186147,,
2023-09-07,122.98243765994661,124.42363810127411,122.55008045967817,123.89519500732422,2925563,,
2023-09-08,123.94323978463343,125.28835435214495,123.94323978463343,124.27952575683594,3311423,,
2023-09-11,125.09619896021684,127.4501568163838,124.80795593156081,125.57659912109375,5499465,,
2023-09-12,128.3148851668926,129.4678426142589,120.9647612815395,121.82948303222656,23327274,,
2023-09-13,122.88636985056517,124.1834488952044,119.71572567004692,123.70304870605469,8268346,,
2023-09-14,124.13539749292967,125.52855501448663,123.65499733648595,124.71188354492188,5538443,,
2023-09-15,125.38443455870383,125.86483469111266,123.0785197874009,123.65499114990234,5806772,,
2023-09-18,123.6549960788635,123.94323910192804,122.16576000722888,122.40596008300781,3323679,,
2023-09-20,122.02164552634066,123.60696025356462,120.10004480939043,120.53240203857422,4672830,,
2023-09-21,120.58044153264136,121.06084169811005,117.45784045709487,118.37059783935547,6526330,,
2023-09-22,118.56275703546152,121.30103639089403,118.17843545409875,119.66767883300781,5749660,,
2023-09-25,119.85984046982088,120.19611911729852,117.89019687265585,119.37944030761719,6305545,,
2023-09-26,119.57159817252256,120.77259858538568,118.6588407908765,118.85099792480469,4953351,,
2023-09-27,118.94708279270384,122.02164089089574,118.27451816912613,121.30104064941406,6780793,,
2023-09-28,121.54124225336349,124.135400223084,121.25299922102796,121.68536376953125,7629917,,
2023-09-29,122.1177063119736,128.2668291767752,121.92554920039265,127.88251495361328,19676085,,
2023-10-03,128.07469584617454,130.47669683856097,126.96976659328642,129.7080535888672,13203779,,
2023-10-04,129.70804702403933,130.47669023483027,122.30988727405743,123.94324493408203,12874859,,
2023-10-05,126.34524536132812,128.0746889143736,125.1922878795144,126.34524536132812,8586054,,
2023-10-06,126.82563658435204,133.02279543986677,126.05699343049895,132.1580810546875,24981732,,
2023-10-09,130.1884468311572,130.57276110514422,125.14424501666586,125.8648452758789,11815350,,
2023-10-10,126.63348489314795,129.08352863711846,126.15308473396352,128.45899963378906,9059967,,
2023-10-11,129.08353452769583,130.28453498046318,127.2099620928587,127.642333984375,6404887,,
2023-10-12,128.31487589031912,129.65999037155933,127.30603269906477,128.60311889648438,4684588,,
2023-10-13,128.02664431718634,129.2276447329198,127.01780103584032,128.36293029785156,4818996,,
2023-10-16,127.69035314825577,131.1492400692878,126.15308147496854,129.61195373535156,9634091,,
2023-10-17,130.9090369708047,134.41595209695578,130.38059388943503,133.64732360839844,26839029,,
2023-10-18,134.22380361738087,135.7130470659871,131.19728843202753,131.6776885986328,16051533,,
2023-10-19,131.14924344457432,133.50320129221885,129.17959985998013,132.73455810546875,6782956,,
2023-10-20,132.11004885026108,134.12773546059776,130.81296250638036,132.4463348388672,16465529,,
2023-10-23,134.5120481095224,134.5120481095224,125.86484501676739,127.30604553222656,32182295,,
2023-10-25,127.594289875285,132.01396270493805,126.53740362218865,127.2099609375,17582620,,
2023-10-26,127.0177963067887,127.0177963067887,121.63731611069063,126.24915313720703,14721489,,
2023-10-27,128.50705265128698,132.1100541274913,127.73840940423331,131.62965393066406,13833458,,
2023-10-30,132.5904401524243,132.68652604577986,125.672680989645,127.25799560546875,9325463,,
2023-10-31,128.4109599763594,129.17960318288138,126.05700206816375,127.78644561767578,6354129,,
2023-11-01,128.2668408243935,129.37175531180463,126.29719726537223,126.68152618408203,3168996,,
2023-11-02,127.78644853680942,130.42864954039007,127.69036263605554,129.03549194335938,6005077,,
2023-11-03,130.1403899841092,136.91403462948716,129.27567562965595,135.32872009277344,26491115,,
2023-11-06,136.38559717318748,138.73955493325937,133.6473251643626,136.86599731445312,13088842,,
2023-11-07,137.49053596005524,137.5385642490391,134.5120490105614,136.28953552246094,7368013,,
2023-11-08,136.81794682948816,138.06699006008597,135.08851814474292,135.42478942871094,5151739,,
2023-11-09,136.0012754307247,137.10618983049505,134.80027514373606,135.42478942871094,4520173,,
2023-11-10,135.42479960581423,136.52972874926746,133.07084179854735,135.2806854248047,7375541,,
2023-11-13,136.09737702611352,139.3160643777214,135.2326624907882,138.7395782470703,7816181,,
2023-11-15,140.276855190387,145.27301422394197,139.70036909931707,144.5524139404297,20165968,,
2023-11-16,144.55240259511945,145.3690887165952,142.34255896699312,143.83180236816406,7905195,,
2023-11-17,140.13273182785528,140.13273182785528,134.65615830302113,135.61695861816406,20774746,,
2023-11-20,135.6169543540139,136.96208354930923,133.5512396056678,133.9835968017578,9662524,,
2023-11-21,134.80027951856448,136.86599421496675,133.88752220295996,136.09735107421875,6843467,,
2023-11-22,136.2895413552119,137.34641298913562,134.27185466944306,135.90521240234375,5110125,,
2023-11-23,135.90520658604083,136.91404988575002,135.71304944815572,136.28953552246094,3528658,,
2023-11-24,137.2503427519427,138.06701429405095,133.83949840608298,134.4159698486328,5413590,,
2023-11-28,134.51204975240177,139.46016571831942,134.46400680250306,139.0758514404297,6735882,,
2023-11-29,139.8925311703028,140.46900256061394,138.40328775586272,139.4601593017578,4979133,,
2023-11-30,140.132744566272,143.2553458743388,139.17194416378993,142.43865966796875,9694471,,
2023-12-01,143.15924052055308,149.1642422202407,143.01512634402005,145.08084106445312,13524713,,
2023-12-04,148.29953774129217,149.54856644970243,145.84949395210728,147.8191375732422,6531705,,
2023-12-05,148.7318993097992,149.40445663260695,145.753412316529,148.49169921875,5401633,,
2023-12-06,148.4916857466218,151.47015780901563,146.23379923134934,149.78875732421875,7241702,,
2023-12-07,149.7887593399455,149.7887593399455,145.08084378341866,148.7318878173828,7433813,,
2023-12-08,148.73190329521586,150.31721807436065,145.65734497953022,147.77110290527344,4634746,,
2023-12-11,147.77109536087423,148.73189570176334,146.85833796915952,147.2906951904297,2760755,,
2023-12-12,147.00245742077115,148.7319010284397,145.65734275961242,146.47401428222656,3845397,,
2023-12-13,146.71421693242493,150.3652613543082,146.42597388268274,149.1642608642578,3930266,,
2023-12-14,150.36525920023075,154.0163035698105,149.7887731090049,153.10354614257812,18107291,,
2023-12-15,155.64966217750725,156.1781053207338,154.40061874642188,154.92906188964844,10242520,,
2023-12-18,154.97709232970024,154.97709232970024,152.76724869320333,153.34373474121094,4156788,,
2023-12-19,153.3437513105402,154.44866591785396,151.80646479017682,153.24766540527344,4397532,,
2023-12-20,154.16041573507124,154.16041573507124,143.15925448060446,144.2161407470703,7659762,,
2023-12-21,141.71805428343046,146.52205612354675,140.5170538234014,145.6092987060547,5578298,,
2023-12-22,146.32990253868704,148.6358176137291,145.22497329221437,146.810302734375,5456624,,
2023-12-26,147.8191428441049,148.1073712266927,146.23381343662123,147.00245666503906,2862578,,
2023-12-27,147.77109114044495,150.17309192406515,147.33873393152317,149.93289184570312,6433210,,
2023-12-28,150.60544647039683,156.61044832328346,150.36524639628135,155.79376220703125,12220252,,
2023-12-29,156.56242194225644,159.68502323616104,155.07317839303334,158.58010864257812,12363909,,
2024-01-01,158.53205965463138,159.10854573581733,156.32221589095195,157.04281616210938,3461469,,
2024-01-02,157.23496003255968,158.05164613520782,153.3437306252271,155.98593139648438,5915599,,
2024-01-03,156.61046280005357,164.1047087373396,156.13006260741537,159.63697814941406,24444967,,
2024-01-04,161.2703506043975,165.4498234858124,160.16542136444954,164.87335205078125,7364747,,
2024-01-05,166.69884644800558,168.09200390405803,161.99093100047696,164.2007598876953,13042843,,
2024-01-08,165.01746306484935,165.01746306484935,160.21346122890031,161.75074768066406,3752639,,
2024-01-09,162.66350355967006,164.24881828628685,159.54090239582183,159.9252166748047,3045597,,
2024-01-10,160.3575849114955,160.3575849114955,155.98595471053946,159.25267028808594,6215485,,
2024-01-11,159.87716517617056,164.29685245140368,159.30069378852008,161.8948516845703,6259743,,
2024-01-12,162.8556496136418,162.8556496136418,160.1173629151705,160.59776306152344,2777334,,
2024-01-15,162.0870124361449,164.05665604109618,160.886012025888,163.09585571289062,2991663,,
2024-01-16,163.23996638751854,164.29685259007695,159.3006939229764,160.93405151367188,3398217,,
2024-01-17,159.06049045899113,164.20076319850457,157.57124708188016,163.0478057861328,6209769,,
2024-01-18,163.33606087821505,164.77726141537576,158.4359731876086,159.9252166748047,6240372,,
2024-01-19,161.7987689900904,162.42329799821007,159.49285407257798,161.70269775390625,4699819,,
2024-01-23,161.31837426731465,162.03897453591907,151.6623423965355,153.2957000732422,9237297,,
2024-01-24,156.51437665867772,157.04281980190427,150.98977445176,154.92906188964844,9499033,,
2024-01-25,155.649658556012,160.78994635406625,155.07317247487785,160.35757446289062,5513833,,
2024-01-29,161.07817965820857,162.3752660500878,160.4056223167584,161.0301513671875,4525741,,
2024-01-30,162.37524744381187,164.82529109180982,158.82028933723097,161.2222900390625,6096993,,
2024-01-31,162.18309843127162,167.99594335255915,161.7987695033673,166.41061401367188,10043104,,
2024-02-01,168.28416346320924,168.66849237225048,162.37524759544516,165.4978485107422,5609948,,
2024-02-02,166.41062134276083,169.29302245606726,166.2665071513556,167.85182189941406,6156504,,
2024-02-05,168.81260775468053,171.98325163881074,165.69000681710438,166.36256408691406,10954847,,
2024-02-06,166.69885620011718,167.56357062738536,161.79876868386546,163.62429809570312,6080452,,
2024-02-07,164.53706262466756,171.262665184508,164.53706262466756,169.341064453125,8363762,,
2024-02-08,170.01361985752976,171.02246316224603,165.25766103318156,166.12237548828125,6031328,,
2024-02-09,166.21845265380148,166.3625668351954,159.25265044721152,164.77725219726562,5026790,,
2024-02-12,165.2576569381325,165.73805710365033,159.06049773508246,160.2134552001953,3555814,,
2024-02-13,160.45366462256143,164.39295207336355,158.24382080042002,163.9125518798828,3999511,,
2024-02-14,162.2311583700443,166.07436008768207,160.54975761857781,165.353759765625,2581597,,
2024-02-15,166.07435253290916,167.03515291861152,163.23997966656694,164.87335205078125,2159944,,
2024-02-16,165.06550559377024,168.8126211519805,164.9694196930366,166.9871063232422,3393581,,
2024-02-19,168.1880918996204,170.4940067067232,167.08316278153666,168.3802490234375,3858389,,
2024-02-20,169.14890446548742,169.437147502474,166.02630332954075,167.6116180419922,2396467,,
2024-02-21,167.89986181149803,168.62046207678344,162.99977414329734,163.76841735839844,2695176,,
2024-02-22,163.8164657622485,165.6419806308228,162.13506508726942,164.87335205078125,2537252,,
2024-02-23,165.69002358223798,166.45866682292993,164.29686595509966,164.87335205078125,1386896,,
2024-02-26,165.1615658685955,166.65080926719375,163.96056549241126,164.3448944091797,2001242,,
2024-02-27,164.77723639641295,165.25763650252495,161.60659276394426,162.42327880859375,2333404,,
2024-02-28,163.38410210076168,165.44981698459088,157.61930001307104,158.62814331054688,3378066,,
2024-02-29,157.5712480037596,161.03013492176026,156.13004756470082,160.59776306152344,4119728,,
2024-03-01,161.4624992146721,164.48901440539592,160.6458130657341,163.9605712890625,2895970,,
2024-03-04,165.25765511022792,168.66849917980727,164.48901192177138,167.46749877929688,3999129,,
2024-03-05,167.1792567890284,168.5724143301404,164.48901294305205,165.0174560546875,2910890,,
2024-03-06,163.33605825407054,164.77725876807705,148.9240531140055,152.95941162109375,23795170,,
2024-03-07,154.30453160403496,158.86833295686145,154.06433153283356,155.45748901367188,7600890,,
2024-03-11,156.6104587641282,156.6104587641282,150.5574135607466,151.3740997314453,3814963,,
2024-03-12,150.7495556920291,152.19075608931678,148.05932667894436,149.45248413085938,3621317,,
2024-03-13,150.36524964969917,151.51820709826987,140.6131322938666,141.8141326904297,7266982,,
2024-03-14,141.23763703124092,144.7925950311901,138.9317222909086,143.3513946533203,5554571,,
2024-03-15,144.26415625931907,146.37792860503342,141.81412727245268,144.98475646972656,4208728,,
2024-03-18,145.75339863342202,145.94555575609195,141.09352610091918,142.1984405517578,5672848,,
2024-03-19,144.1200554419935,145.6573418976348,140.75725414834696,141.333740234375,4552169,,
2024-03-20,142.72689874450387,144.02397045532817,139.07585438465912,143.1592559814453,3425260,,
2024-03-21,144.40829802067796,150.8456575442583,144.40829802067796,149.88485717773438,7424642,,
2024-03-22,149.83681442410264,149.98094327566062,148.05934254008855,148.92405700683594,4140139,,
2024-03-26,148.92404915806583,151.71036421353764,148.44364899949144,150.36524963378906,2617801,,
2024-03-27,150.60545687405568,154.59277251555216,150.60545687405568,152.7672576904297,4988003,,
2024-03-28,153.19961891024067,154.78494834658022,151.5182182315066,152.04666137695312,3011465,,
2024-04-01,152.76725326045866,156.89869763296576,152.71921031158016,156.37025451660156,6595976,,
2024-04-02,157.37909587694529,161.222297169859,156.41829555371686,160.30953979492188,6532917,,
2024-04-03,161.12620579448094,164.2488067387951,159.82913419861674,163.48016357421875,6428941,,
2024-04-04,167.22730868902363,168.14006611580797,163.91255031772775,165.4017791748047,12657686,,
2024-04-05,165.06549800053614,165.06549800053614,161.6546539304968,163.1919403076172,3668629,,
2024-04-08,164.2968549635208,165.06549815278996,161.89485415996054,162.23114013671875,2213839,,
2024-04-09,162.37525726603144,163.28801465581114,159.10854197819364,160.11737060546875,3596130,,
2024-04-10,160.40559249866428,163.1919219105025,159.78107822497782,162.42327880859375,2597748,,
2024-04-12,161.79876914594843,164.63314183812668,160.11736857428653,160.7418975830078,4717134,,
2024-04-15,157.09086933394903,160.2134707121468,154.44866816778168,159.25267028808594,5710326,,
2024-04-16,158.00361558266044,158.96441593848164,153.9202140704205,155.21730041503906,4608165,,
2024-04-18,155.79376804381678,159.20461215617289,154.25649630827363,154.9770965576172,3932551,,
2024-04-19,153.72805073635155,155.60160842257096,150.31720667850888,154.64080810546875,6833098,,
2024-04-22,155.31336812190426,158.48401215613342,154.4006107367632,157.3310546875,3010775,,
2024-04-23,157.3310527800449,161.99094020756095,156.65849548655018,161.2703399658203,3303800,,
2024-04-24,161.89484741439915,162.85564769579025,159.39676081852278,160.26148986816406,2610949,,
2024-04-25,159.49285479345193,161.70269848476823,158.58009741200485,161.17425537109375,5033663,,
2024-04-26,160.78993329372094,162.85564803880314,154.78493152237866,157.37908935546875,6578217,,
2024-04-29,157.379103616362,165.40177791345988,155.12121688147954,162.18310546875,12524749,,
2024-04-30,163.3360576048837,164.152743757168,159.49285624947467,160.11737060546875,4080553,,
2024-05-02,160.8379690773478,163.5762558769934,159.87716874914224,163.09585571289062,4336832,,
2024-05-03,163.76841333018263,164.6811707116297,159.30069765956563,161.17425537109375,4561558,,
2024-05-06,162.27917597611298,162.37526187698663,155.93790235600534,156.51437377929688,4415585,,
2024-05-07,156.75456587096372,157.8114520840359,153.77609368433653,154.64080810546875,3936687,,
2024-05-08,154.6408193873361,157.04282035533032,154.0163049999178,155.36141967773438,2488886,,
2024-05-09,155.64965063154673,156.2261366833307,150.17309178219625,150.89369201660156,3820801,,
2024-05-10,150.89368200321547,153.4397967982263,147.43479524334384,149.11619567871094,4513527,,
2024-05-13,149.7887678988536,151.80645448731195,144.84065198710303,151.03781127929688,9010412,,
2024-05-14,151.03780807719346,151.85449421726705,149.30836456098734,151.22996520996094,2714284,,
2024-05-15,152.2868429945208,156.32220120167804,151.0858426554473,152.23880004882812,2976208,,
2024-05-16,153.247654087337,153.63196835871932,150.50936725662626,152.5270538330078,1772521,,
2024-05-17,152.81530472999907,154.83297674955048,151.42214709874085,154.40061950683594,2954770,,
2024-05-21,154.20845310945964,154.20845310945964,151.9986094162596,152.62313842773438,1944712,,
2024-05-22,152.19077468498597,153.68001820961183,149.5485736337838,150.2211456298828,2453852,,
2024-05-23,151.18193288496346,153.7280478126,149.59660359550656,152.91136169433594,7632301,,
2024-05-24,152.86332459622926,153.19959588504577,150.9897523929945,151.5662384033203,2161520,,
2024-05-27,152.6231404700271,152.7672546573307,150.17309666131732,151.9986114501953,2337095,,
2024-05-28,151.99860269873307,152.95940298717088,148.9720876544135,150.6534881591797,2025656,,
2024-05-29,150.65349756759832,152.76725540203742,149.69269721915782,151.4701690673828,1738865,,
2024-05-30,151.47016203622852,151.47016203622852,146.28184625974833,147.1465606689453,6928838,,
2024-05-31,147.96325001139795,150.60545090445862,146.37793533982133,146.95440673828125,7196801,,
2024-06-03,150.84564621450647,153.9202042243284,150.12504599373653,153.43980407714844,5183145,,
2024-06-04,153.72804639897703,153.72804639897703,138.93172779733507,143.4955291748047,12468536,,
2024-06-05,145.46516454289346,151.71036670700508,142.1984492751565,150.7015380859375,5258202,,
2024-06-06,151.37410700714295,155.64966588481164,150.3652636479816,152.8153076171875,6006701,,
2024-06-07,153.82414284135658,163.1919463112297,151.85449917966352,161.84681701660156,14435252,,
2024-06-10,164.96942072584866,164.96942072584866,158.05166098857018,158.86834716796875,8596119,,
2024-06-11,162.038975485224,162.65388713160957,158.1477457404834,158.43597412109375,6986709,,
2024-06-12,159.30069747445208,164.95019343952194,158.7338287989189,163.93174743652344,13051066,,
2024-06-13,168.23613124575084,172.15618340181297,168.14004535557396,168.97593688964844,47333091,,
2024-06-14,171.02246054880968,176.55666523030806,169.78303456068676,174.74075317382812,37292621,,
2024-06-18,176.31896019185015,177.44901126042015,174.46798705275344,175.03302001953125,17532848,,
2024-06-19,176.75734133782294,176.75734133782294,169.5483139647987,171.66232299804688,15781172,,
2024-06-20,171.66230542741997,179.2512513204482,170.68811384415665,178.9102783203125,17882695,,
2024-06-21,180.12802175958004,181.88156962100322,176.92293792077157,178.31602478027344,21084054,,
2024-06-24,179.25125235599987,179.25125235599987,172.9190070282064,175.851318359375,12574066,,
2024-06-25,176.1825681871895,181.51139777262463,174.38030766477186,180.7222900390625,14289052,,
2024-06-26,181.19964610292087,182.95319403820417,176.52352323049368,177.02037048339844,12469345,,
2024-06-27,177.0593332702303,179.42661185633963,174.06855775462702,174.6335906982422,16858870,,
2024-06-28,177.3028893663244,178.1699193845603,175.35450596669446,176.4943084716797,9520773,,
2024-07-01,178.9102993148604,186.70383289551293,178.23811953011705,185.19384765625,24853967,,
2024-07-02,187.33704670581355,189.23671734321192,181.6380199286344,182.39788818359375,15387882,,
2024-07-03,183.92738116285813,186.07059975775155,181.79389913278794,183.8299560546875,10137481,,
2024-07-04,188.9931885414073,189.18802390711267,182.99216414177434,183.39158630371094,13615915,,
2024-07-05,183.148033632167,185.6322253592174,180.07933582315403,185.0087432861328,7736157,,
2024-07-08,185.10615171781512,185.6614480984658,180.39106765731313,181.18016052246094,4460806,,
2024-07-09,181.68674416604838,182.30048966721148,178.53035784361896,179.26100158691406,4773194,,
2024-07-10,179.24152390238703,179.24152390238703,173.17229932616647,175.79287719726562,6401087,,
2024-07-11,175.79288261341037,177.80946649099093,174.380307675073,174.6238555908203,7184501,,
2024-07-12,175.54933515000778,180.22545811740227,174.69205659255812,177.55616760253906,8336170,,
2024-07-15,179.49480008647058,181.4431832624431,175.66623428087684,181.0535125732422,7480546,,
2024-07-16,181.6380175246839,181.6380175246839,177.54641585251971,179.59222412109375,12008675,,
2024-07-18,184.9989928701415,185.04770542681842,178.0140403542468,179.8065643310547,37665072,,
2024-07-19,180.65409562690138,180.65409562690138,170.48353277873264,171.4090118408203,13685366,,
2024-07-22,168.59360076607422,171.26289117823285,166.09967257675046,169.24630737304688,7917914,,
2024-07-23,170.9608829866743,170.9608829866743,160.74160812480048,170.00616455078125,9608735,,
2024-07-24,170.87320885863767,172.79236759153727,169.2755351528973,170.239990234375,4458422,,
2024-07-25,169.50934327480692,170.48353490282304,165.45670253466352,169.24630737304688,5458213,,
2024-07-26,170.38612300569554,176.2312732270228,169.67496722429672,175.8123779296875,7455371,,
2024-07-29,177.00087771228445,177.4392609680302,174.30236276427306,174.90635681152344,3768421,,
2024-07-30,175.3545034659649,177.76075811939117,174.3413506531996,175.38372802734375,4003069,,
2024-07-31,175.84158719398343,176.79629081821494,174.83817101581485,175.24732971191406,2073303,,
2024-08-01,177.2054531213751,177.36132735115274,171.45772839943342,171.94482421875,3547911,,
2024-08-02,170.82450336992628,174.47772187770929,167.71682978090809,172.55856323242188,9004437,,
2024-08-05,169.49960422622956,169.49960422622956,162.96277195743284,164.18051147460938,7380500,,
2024-08-06,165.6125774835452,169.89901471947843,162.31006844479626,162.9140625,4182278,,
2024-08-07,167.26870550832808,167.36613062058964,162.39774719495227,165.13522338867188,4659477,,
2024-08-08,165.2229008547992,165.52489787157705,160.83903866677076,161.3748321533203,3909508,,
2024-08-09,163.6544558582442,164.44354869331505,161.257937928599,161.91064453125,2882514,,
2024-08-12,161.71581400624572,164.39484104550584,159.7771672700775,163.68368530273438,3999022,,
2024-08-13,163.6739334145591,163.7616219602598,157.8385349571473,158.1502685546875,4198056,,
2024-08-14,158.39382002840912,158.5789188240725,155.74401749730038,156.3188018798828,3173840,,
2024-08-16,155.870651456235,160.5954865244956,155.38355567043428,160.0499267578125,4338449,,
2024-08-19,160.7221349295271,161.81323969029737,159.38749712021936,160.7416229248047,3904977,,
2024-08-20,161.61838414053437,164.0343900658343,159.9135488020689,163.04071044921875,4346921,,
2024-08-21,163.56677776428532,164.1902598473189,161.93014287069172,163.86878967285156,3058802,,
2024-08-22,164.63839243976315,167.46354234036855,163.66420076852197,164.56045532226562,5161326,,
2024-08-23,165.12547605202082,165.17418860497398,162.96276951276022,163.2939910888672,3414990,,
2024-08-26,163.2939902806231,165.0670261174507,162.5828345789759,164.65786743164062,4452610,,
2024-08-27,164.63838800664843,167.56096294167767,164.29741498490108,166.625732421875,4638048,,
2024-08-28,169.20734147365653,169.2170780382675,165.85611998945163,166.11915588378906,7706210,,
2024-08-29,166.86928977749696,167.50252330158355,163.78110387183088,165.99252319335938,3063823,,
2024-08-30,166.78161436673898,167.5122581342904,164.70659617508312,164.98910522460938,3415918,,
2024-09-02,164.67735765587162,166.92775295891616,164.472785724222,166.4503936767578,4999370,,
2024-09-03,166.83032228692966,169.41192424785746,166.42116357227235,167.96038818359375,6769138,,
2024-09-04,166.68420425554675,167.65839594642665,164.15129991326478,164.64813232421875,3288369,,
2024-09-05,165.6028315600079,167.3661159363466,164.90141243522356,166.14837646484375,5362951,,
2024-09-06,166.1970865239084,166.3529458765354,160.51754793020862,160.96566772460938,5578591,,
2024-09-09,161.150786422032,162.4269751483958,159.11472937210834,161.9496307373047,3379647,,
2024-09-10,163.60573843698893,168.768956850682,162.39773551079026,167.2589569091797,9893480,,
2024-09-11,168.43773453252152,168.52542308059319,161.38459632451315,161.95936584472656,5613656,,
2024-09-12,163.66420197609892,170.42509460279496,163.61548941918042,169.8600616455078,15036376,,
2024-09-13,170.87322021874158,174.74076250186292,170.01594162097433,173.31845092773438,13689402,,
2024-09-16,174.3803039357086,174.3803039357086,170.0743786614295,170.69786071777344,5726945,,
2024-09-17,170.9609053865026,172.64625285152607,169.9964502599938,171.31161499023438,3562118,,
2024-09-18,170.4835306189107,173.8737132370226,170.19127016485285,172.441650390625,6682772,,
2024-09-19,173.8932084930077,176.96190622630215,167.86295983689743,173.40611267089844,15235214,,
2024-09-20,174.21470031856398,177.54643408802247,173.14308352210713,176.6306915283203,10622489,,
2024-09-23,178.27708271674248,180.6054003062579,174.2049685090068,179.7578582763672,13735342,,
2024-09-24,180.89765196726333,182.35893945923004,178.7641698505943,179.14410400390625,8839860,,
2024-09-25,179.25126145569504,184.28783044214657,178.09197102766555,182.56350708007812,14292747,,
2024-09-26,182.56350745008217,182.56350745008217,177.98480971357242,181.9984893798828,11507289,,
2024-09-27,181.74520010062372,184.40473926372647,180.72229584866554,183.0506134033203,7610386,,
2024-09-30,182.17383095607616,183.0116363347516,180.31312141454356,181.0242919921875,4833939,,
2024-10-01,182.26150691466972,184.56059973620881,180.33261166612783,183.26492309570312,7122957,,
2024-10-03,180.22545633867017,181.68674382249725,175.35449805924665,176.55274963378906,11643302,,
2024-10-04,176.57223910423863,177.2444337308124,169.4216758579034,170.444580078125,9226512,,
2024-10-07,171.68178808807812,172.7534048351575,162.97251247176735,164.1512908935547,7477478,,
2024-10-08,163.66419380072122,168.7007627428143,163.37193333879446,167.5512237548828,5510412,,
2024-10-09,169.022250074281,172.18837291428915,164.3461272145028,165.04754638671875,9490521,,
2024-10-10,166.34321878551222,167.0251499451646,162.88483556836562,163.15760803222656,4274505,,
2024-10-11,163.17709714014168,163.9759414076024,159.0367827350933,159.5336151123047,11614006,,
2024-10-14,160.33245286097696,162.78741981764622,159.62129716604315,161.05335998535156,11581312,,
2024-10-15,161.76452262986712,164.2487142516145,160.8877412466115,163.71290588378906,10759297,,
2024-10-16,162.93355752310976,163.26477912476804,161.81324304368337,162.52439880371094,7751067,,
2024-10-17,162.69000387498593,163.45960872996895,159.52388104508353,162.115234375,8675146,,
2024-10-18,161.71581237806086,163.8103184598551,157.6631715846047,162.33929443359375,11045604,,
2024-10-21,163.6641968223201,164.5312267942199,152.6558282297266,153.74693298339844,15051766,,
2024-10-22,154.0099405824259,155.08155724740865,141.31622570941454,142.7677764892578,24010034,,
2024-10-23,142.923663962293,148.03817014090336,142.42681670563763,146.2846221923828,13909496,,
2024-10-24,146.56713810213043,147.38545556147375,140.45895198884736,140.92657470703125,20052904,,
2024-10-25,141.3065053839684,141.79360122130373,134.10722950275206,136.65960693359375,12615138,,
2024-10-28,137.5558641404654,144.18037062884173,137.3610287747749,138.5592803955078,13047525,,
2024-10-29,138.822303686055,141.19933358019966,135.41263306920453,140.23487854003906,11464868,,
2024-10-30,140.7706886579047,144.47261977553853,139.30940123239014,142.70933532714844,12345747,,
2024-10-31,143.98552729425256,144.57003335897454,140.67326680088914,142.2319793701172,13296222,,
2024-11-01,143.0990153479712,145.64165622856768,142.9139165502864,144.78436279296875,2638735,,
2024-11-04,145.10584062184395,145.10584062184395,138.77359501347559,139.07559204101562,9179542,,
2024-11-05,139.07559698980464,142.62165406207245,137.5168992420409,141.63772583007812,8972012,,
2024-11-06,142.41707125969117,144.9109993576335,142.0468736978146,143.751708984375,7223997,,
2024-11-07,144.18036175240132,144.3654605411567,140.08875986485714,140.42971801757812,5804643,,
2024-11-08,140.86812949611814,140.86812949611814,136.1920062392994,136.49400329589844,7009217,,
2024-11-11,136.3868351142874,138.74437719460755,134.19490383566492,136.54270935058594,7981196,,
2024-11-12,137.4584475785136,137.95527996795948,134.56509719265583,134.99374389648438,4140867,,
2024-11-13,134.05851234345124,134.9742548645995,130.63910503414908,132.4023895263672,12440862,,
2024-11-14,132.39264091749854,135.02297029684078,131.9640090728135,133.96109008789062,5267955,,
2024-11-18,133.03560852105792,136.8739259766659,131.89580608142052,135.1106414794922,5629198,,
2024-11-19,135.6561896333948,138.81257598595425,135.11064467825778,136.1043243408203,5892083,,
2024-11-21,135.17881482986584,135.41262615447624,132.00295571173763,134.18515014648438,3921181,,
2024-11-22,134.09748264654397,136.8154858359791,133.5616890991872,135.94845581054688,3846622,,
2024-11-25,138.82230304643116,140.57585090001447,136.87391984577948,137.3025665283203,5493643,,
2024-11-26,137.36101468555282,138.27675716185396,135.899727295281,136.97134399414062,5960047,,
2024-11-27,138.335215532572,138.4618652049956,135.90947295106398,137.12721252441406,8204446,,
2024-11-28,136.8252053657111,141.5013279544131,136.19198678041127,140.5953369140625,18898040,,
2024-11-29,141.00449460983654,141.19932995279726,137.57533608678906,138.79307556152344,4590422,,
2024-12-02,138.48134562045223,140.38103134680296,137.95528863768416,140.01083374023438,4022418,,
2024-12-03,140.01082766610125,142.31965716167352,139.94262711417178,141.86178588867188,3813710,,
2024-12-04,141.2675175015111,144.6674515113195,141.2675175015111,144.31674194335938,6845087,,
2024-12-05,144.36546485304598,145.30068052471117,143.14772527484698,144.5797882080078,4729816,,
2024-12-06,144.579781204144,145.3786105989527,142.80674532898442,144.96945190429688,6810891,,
2024-12-09,144.66745484358736,146.45996384779045,143.79068833598362,144.4044189453125,3736158,,
2024-12-10,144.37519537080803,148.02841395238204,144.18036001945433,145.30067443847656,5635147,,
2024-12-11,144.48237348621944,146.8009545666465,144.48237348621944,146.19696044921875,4351059,,
2024-12-12,146.19694978365123,146.87888097373758,143.31333592487672,143.7906951904297,3625503,,
2024-12-13,142.7288078029078,143.43997838285603,138.53979576094193,142.82623291015625,5363914,,
2024-12-16,142.71907207711067,145.057126014974,142.0955900360148,143.49842834472656,2233073,,
2024-12-17,143.48868551122226,143.48868551122226,137.5071492112725,138.23779296875,7552894,,
2024-12-18,138.33521206221198,138.77359532462344,135.74385874753477,137.38050842285156,10516827,,
2024-12-19,135.41262779127737,138.14036715143652,134.03901411443167,137.78965759277344,12193131,,
2024-12-20,137.77991780962998,138.03321715200948,132.002968465131,132.95767211914062,8487963,,
2024-12-23,134.438448128435,135.4126397815396,132.78232529115417,133.18174743652344,3940701,,
2024-12-24,133.46424512846767,135.79256238683942,133.08431101065753,135.0716552734375,5656854,,
2024-12-26,135.42237715861248,136.27967057527968,132.19780514590065,133.28890991210938,9220873,,
2024-12-27,133.60064459658724,136.08483632004018,133.0550996415514,134.4092254638672,4118706,,
2024-12-30,134.4384408630138,134.80863842798226,132.49005766210055,132.78231811523438,2117941,,
2024-12-31,132.490054280471,132.67515305823082,131.17488970742872,132.12960815429688,3059127,,
2025-01-01,132.19780321046804,134.6917314424586,132.10039296499065,134.2046356201172,3531622,,
2025-01-02,134.0974610844488,139.57242771069843,134.0974610844488,139.16326904296875,11377083,,
2025-01-03,139.16328286343776,140.49792066440878,137.99424099384447,139.73805236816406,4873760,,
2025-01-06,139.73804517599868,140.09849131041344,133.09405134337436,134.81837463378906,6736370,,
2025-01-07,135.41264184536746,137.59483653297522,133.9610909087239,135.7633514404297,3978224,,
2025-01-08,135.76335356147635,142.1053360675326,133.90264387902096,139.69908142089844,15163307,,
2025-01-09,138.26701911708898,140.67327377520303,137.19541717947834,139.01715087890625,5446905,,
2025-01-10,138.82230779545773,138.82230779545773,133.561678919729,135.68540954589844,5763292,,
2025-01-13,130.6585825770691,133.22071143681742,125.86556132416428,127.51194763183594,10154047,,
2025-01-14,128.59329341227178,131.6132933702204,128.29129638947379,130.2786407470703,4953900,,
2025-01-15,131.33077472607766,138.67618813442255,129.031681824034,136.4550323486328,7978664,,
2025-01-16,136.45502483562333,139.2509499767383,136.3965608529131,138.6566925048828,3599390,,
2025-01-17,137.37075185708474,140.51740142082917,136.76675782323179,139.338623046875,2655923,,
2025-01-20,139.30940740723528,141.73514999250415,137.68250911851544,140.74147033691406,5040472,,
2025-01-21,137.66302423626357,143.7614736805582,136.3868355109516,142.30018615722656,14675861,,
2025-01-22,142.16378144260085,142.17353287276617,134.43844873388286,135.77308654785156,4565681,,
2025-01-23,136.38683458568892,138.33521793691304,134.9255470722708,136.31863403320312,3738977,,
2025-01-24,137.07850424893417,138.63720186347626,134.302052290086,136.0750732421875,3499150,,
2025-01-27,136.00690108886343,138.4813414163698,130.73652053055017,137.89683532714844,5793676,,
2025-01-28,138.9099916042716,140.50766540536515,133.4642635426463,138.2085723876953,8541590,,
2025-01-29,138.2085724206669,143.56662679774482,137.93579993248727,142.3878631591797,6916017,,
2025-01-30,142.42681546209826,144.01475259953094,139.89392610522563,140.64404296875,5076567,,
2025-01-31,140.62456263658498,142.91390396506867,139.93288006377642,141.7156524658203,2405356,,
2025-02-01,143.15746246031097,143.790695962709,138.96843532016032,142.2027587890625,2414221,,
2025-02-03,141.2577921237876,146.216424155571,138.2767679925384,145.70010375976562,5940050,,
2025-02-04,146.12874592083577,148.9928717192817,144.94996749648107,148.10635375976562,7423889,,
2025-02-05,148.71036070715303,150.89255552008123,147.70694442073616,148.91494750976562,5683005,,
2025-02-06,148.91493374326723,149.9280865018668,146.2359067502093,146.86912536621094,2402830,,
2025-02-07,146.86913131983738,148.85649065782235,144.29726589684557,145.35914611816406,4555447,,
2025-02-10,147.10294089369773,148.28171934476384,143.30359935965586,143.7906951904297,4108200,,
2025-02-11,143.70299345037367,143.94654134340087,134.64302372174888,137.331787109375,5929128,,
2025-02-12,136.3868361740762,138.65670458848587,132.3341951887357,137.09799194335938,4685117,,
2025-02-13,136.39656453202093,139.64062443818014,136.06534294598276,136.70831298828125,3651705,,
2025-02-14,138.54953562124064,138.76385897029772,131.51587082214633,133.42529296875,4972113,,
2025-02-17,133.4058035988988,134.224120996873,129.52852509089152,132.52902221679688,2865874,,
2025-02-18,133.2109592471955,133.2109592471955,127.86264223214815,128.86605834960938,3180448,,
2025-02-19,129.021938639192,132.00296257428013,127.66781290184858,131.75941467285156,2723336,,
2025-02-20,131.22359974231833,134.53585995479077,129.76231240695847,134.0682373046875,2608003,,
2025-02-21,134.0000550140761,135.85101307301207,131.41843840399994,132.2367706298828,2884321,,
2025-02-24,131.5061397358057,132.6361907829307,128.88556174814764,130.7852325439453,2323761,,
2025-02-25,130.63910306785644,132.49006121232898,129.226513317355,130.0448455810547,2797955,,
2025-02-27,133.07458609959264,138.51056245659825,133.07458609959264,135.88999938964844,14821236,,
2025-02-28,134.43844902383046,134.66250894334104,129.67465240302022,131.25283813476562,3681827,,
2025-03-03,131.7009675958637,135.28598562525636,129.15832687094706,134.68199157714844,5170767,,
2025-03-04,133.4155481694344,135.792578257124,130.66833534996317,135.29574584960938,3938622,,
2025-03-05,134.925546938035,137.22463988479154,134.23386430844508,136.09457397460938,3715864,,
2025-03-06,137.84810680265795,140.06926238738197,136.5816547918983,137.4486846923828,2855777,,
2025-03-07,137.458446362369,139.50423988756233,137.21489845234706,138.05270385742188,3148608,,
2025-03-10,138.23779093500607,141.55005150583222,135.84128777012882,136.22122192382812,4843292,,
2025-03-11,135.41263964497452,138.4423762776737,133.6590916981577,137.36102294921875,2549192,,
2025-03-12,138.33522183287377,138.96844049386095,133.27916451565483,136.63038635253906,3329109,,
2025-03-13,137.36102840980942,137.5169026479419,134.43845333726028,135.0619354248047,1973510,,
2025-03-17,135.4029054237969,137.79940860511144,135.06193239365763,136.5524444580078,3085080,,
2025-03-18,136.5524444580078,136.5524444580078,136.5524444580078,136.5524444580078,0,,
2025-03-19,139.29967412303722,143.20617742101857,138.72488973259797,142.5242462158203,4720534,,
2025-03-20,143.78094079454584,146.61584203877226,143.10874618354526,145.8462371826172,7231854,,
2025-03-21,145.83649442005114,152.02261765693288,144.68695535000847,151.08738708496094,8697338,,
2025-03-24,151.5939558954045,155.38356063542457,151.5939558954045,154.47756958007812,6203364,,
2025-03-25,155.43227959446236,155.77323775047938,149.3922943816048,151.03866577148438,4033963,,
2025-03-26,150.66848350785014,152.63633992958785,148.4668008747398,149.0026092529297,2895093,,
2025-03-27,147.59004166838324,152.91887142475076,147.38545487201162,151.54525756835938,5524298,,
2025-03-28,151.545245067533,152.72402346084903,148.08686186547305,149.26564025878906,2859660,,
2025-04-01,147.59002933651465,150.40544250285606,145.3396490893851,147.00550842285156,2293910,,
2025-04-02,148.4181068697998,148.62267879610712,145.7585529079229,147.96023559570312,1515678,,
2025-04-03,146.12875000817596,150.41518739575505,146.12875000817596,149.9962921142578,1807259,,
2025-04-04,149.9280786729844,150.89253369151822,145.0766087519927,149.7527313232422,5623702,,
2025-04-07,136.3868417625549,145.64166316787112,136.3868417625549,144.7356719970703,3978490,,
2025-04-08,147.6192551738855,150.9997012887089,147.5120935009522,150.38595581054688,5252832,,
2025-04-09,147.59002884780915,150.46389112300398,145.25197493086728,149.38253784179688,2411800,,
2025-04-11,153.0455192232307,153.52286363392935,150.28855497874133,151.44784545898438,2824478,,
2025-04-15,152.94808741408636,154.8964706932467,151.9836323395075,154.54576110839844,3713269,,
2025-04-16,155.38357198040023,155.75376957326168,153.3182903886159,154.50680541992188,3312068,,
2025-04-17,154.89647747471287,161.0826006028732,153.92228579248197,159.46543884277344,8873598,,
2025-04-21,160.7416229681936,168.52541963786618,160.7416229681936,166.84005737304688,15861941,,
2025-04-22,167.3758681785134,170.1815449404533,165.06703868107502,168.8566436767578,7861475,,
2025-04-23,169.16836419084987,176.03641789499983,168.85663061085873,175.39344787597656,12980307,,
2025-04-24,175.35448790394534,177.439257332204,174.30235919272357,174.9355926513672,10991635,,
2025-04-25,174.86740351764516,175.44217303124879,166.6939360592471,168.52542114257812,8757102,,
2025-04-28,158.50098012038157,164.73581566382018,154.11711765006686,163.33297729492188,19860635,,
2025-04-29,163.17709591507594,164.74554501369485,160.74161687156735,163.4985809326172,7647849,,
2025-04-30,163.09916735621374,163.65446374245076,159.37776291234192,159.93304443359375,5934900,,
2025-05-02,160.2545224281122,164.15128893092344,159.22188168326477,162.35877990722656,5473681,,
2025-05-05,162.3977394626336,164.48250892689595,161.9398682137783,162.70948791503906,3624993,,
2025-05-06,163.56676299091575,164.13179590028506,159.32903846812206,160.0207061767578,5762277,,
2025-05-07,158.4620161879738,164.93064810166965,158.4620161879738,163.91748046875,5537154,,
2025-05-08,164.14155204843993,165.01831856388208,157.91646816684417,159.30955505371094,4167888,,
2025-05-09,155.61737902972342,159.93304089036766,155.539441914172,157.36117553710938,5279622,,
2025-05-12,163.66419076766596,167.35637043546245,162.46593924745542,166.78160095214844,5007023,,
2025-05-13,166.79136525190273,168.90535942864148,165.68078732345506,167.02516174316406,3088908,,
2025-05-14,168.04805969712513,172.82159283817992,166.69393389764332,170.68812561035156,4786490,,
2025-05-15,170.68813562516752,174.06856717467295,168.89561158583658,173.4353485107422,11285094,,
2025-05-16,173.9711453527162,175.35449570167572,169.99644166634673,170.3568878173828,11118713,,
2025-05-19,170.48354320081165,171.70128279510317,168.61309696777812,170.76605224609375,6301773,,
2025-05-20,172.2370840326738,172.56830562096147,166.29450911346711,166.75238037109375,3886648,,
2025-05-21,166.57703639087254,169.7821203942869,165.32032083190043,169.10018920898438,4026401,,
2025-05-22,169.02225037220254,170.6199240750695,167.171292193083,169.22683715820312,2800171,,
2025-05-23,168.729990088655,171.26289431386542,167.36612773045542,170.58096313476562,2502844,,
2025-05-26,171.94482492926755,172.35398363538604,169.33399846213484,169.79185485839844,6328313,,
2025-05-27,169.95022165017357,171.93974763304215,168.29724224416233,170.5441131591797,4652943,,
2025-05-28,169.50481731901476,173.2166016398691,169.50481731901476,172.56332397460938,2706198,,
2025-05-29,173.9787657139049,174.0084587813688,169.50482394210317,169.90074157714844,2725416,,
2025-05-30,169.99972193174193,170.6331991851726,167.52519905063943,169.54440307617188,4309054,,
2025-06-02,169.2573619733538,174.40436645130094,168.72287168625343,173.2165985107422,5334088,,
2025-06-03,174.2064162713982,175.41398468336084,170.37585956484682,171.75169372558594,4775275,,
2025-06-04,171.75168910275966,174.16682586167968,171.75168910275966,173.42446899414062,4499916,,
2025-06-05,174.10742627714228,182.42183233442594,173.01864525639667,181.4914093017578,15938143,,
2025-06-06,183.21367341127942,190.04335027030302,180.83812247092752,187.85586547851562,21470221,,
2025-06-09,189.78601847214316,193.26024327253432,189.3505000144393,191.03317260742188,11718299,,
2025-06-10,192.26054332652646,195.09139822618687,190.34031107317287,192.78514099121094,14781474,,
2025-06-11,192.91379931587875,194.7944457825658,187.1729182683319,188.8555908203125,8902702,,
2025-06-12,188.55865123356907,190.92429460029433,185.0943190586741,185.88616943359375,5987791,,
2025-06-13,181.19446548898736,185.04482258261854,178.7694360264785,183.79766845703125,5261403,,
2025-06-16,184.5697207756734,190.33040240489478,181.6398789292846,189.7068328857422,7059556,,
2025-06-17,189.70683368351305,192.2308501480286,187.05413719076776,188.10333251953125,6034344,,
2025-06-18,188.0637440203,190.90449153113295,186.2721918227382,186.84628295898438,4824661,,
2025-06-19,187.11351260625295,189.66722199201507,184.00551252031713,185.59910583496094,5734249,,
2025-06-20,185.50013987320847,190.35019875701548,185.34176678147625,188.1132354736328,7105520,,
2025-06-23,186.60871952904688,193.01278599573251,186.0841218830652,191.32020568847656,6312298,,
2025-06-24,194.20054591745077,199.44653726314402,191.6864374033524,198.02120971679688,17929301,,
2025-06-25,201.9210663751663,202.03983863998158,197.66488401424766,199.45643615722656,10463264,,
2025-06-26,199.89195804241209,204.49457972604088,199.64450575092525,204.0392608642578,12459462,,
2025-06-27,204.97958059463764,205.3260198508687,199.44655087263783,200.95106506347656,9233947,,
2025-06-30,202.84158777054947,205.68235038406337,202.41597707322626,203.91058349609375,9598420,,
2025-07-01,205.38539235219258,206.870106031847,201.55483589173656,205.721923828125,5715930,,
2025-07-02,206.77111992293982,207.4639983922389,202.91087038138983,204.11843872070312,4539973,,
2025-07-03,204.79150381474867,205.83080642626612,200.703602360937,201.21829223632812,3745712,,
2025-07-04,200.6837992447111,207.71145004379449,200.04042935749848,203.53445434570312,11136321,,
2025-07-07,203.8907898675939,209.0476870211043,203.0197529927008,205.65264892578125,12364754,,
2025-07-08,205.7714299317058,207.09777060879722,203.23752084613128,206.1277618408203,3294484,,
2025-07-09,206.1277571266424,208.67157391194976,205.59326682683928,206.96910095214844,3831077,,
2025-07-10,207.1274569097235,209.02788866182303,204.18772253138334,204.662841796875,3256761,,
2025-07-11,204.39558976313413,206.11786312374605,201.901266472697,202.5050506591797,4060618,,
2025-07-14,202.91088390969398,206.36532341929205,201.1094239346728,203.47508239746094,5939863,,
2025-07-15,203.80170383432562,205.28641760223948,201.2282090319153,203.35629272460938,5628351,,
2025-07-16,203.1088325495557,203.32659176866406,199.82267405778293,201.27769470214844,4871054,,
2025-07-17,201.1885958318207,202.0794330997473,196.7245621480599,197.7440643310547,5656944,,
2025-07-18,198.96153614972093,204.682631953409,197.74407509755198,201.07972717285156,20357652,,
2025-07-21,199.84246937509988,210.68089208581358,199.25848557791969,208.43402099609375,28403671,,
2025-07-22,209.83954867069264,209.9385356311928,203.15833662575315,207.07798767089844,10487847,,
2025-07-23,207.77084824177285,212.61101451952896,206.31582754140848,211.3341522216797,16326707,,
2025-07-24,212.19529002714702,212.2645688138117,207.06807078568878,207.9589080810547,9010760,,
2025-07-25,205.68234038621532,205.68234038621532,198.951635276598,202.82179260253906,17693694,,
2025-07-28,200.9312661787994,206.37521674029398,199.3673658414662,199.9315643310547,4362416,,
2025-07-29,200.83227161472053,204.37579020389495,199.77318367201903,203.9204864501953,7218561,,
2025-07-30,203.90068883607245,205.0191780302161,200.0899174936942,201.32717895507812,6921827,,
2025-07-31,199.43665537484299,202.70301355770494,198.26867269892577,200.5254364013672,3524054,,
2025-08-01,200.73329675932737,201.87157122984354,198.2884669734779,199.0902099609375,4549986,,
2025-08-04,197.9618350783862,202.39617595522103,197.19967778441338,201.9408721923828,6730889,,
2025-08-05,201.9210712690088,203.39589237379505,199.64450715071013,202.18832397460938,3651783,,
2025-08-06,202.18831693006402,203.30679098622056,198.26866609654954,199.61480712890625,3221530,,
2025-08-07,199.29808623605055,199.94145616755108,193.9135218316456,198.23898315429688,5360975,,
2025-08-08,198.95164027890027,199.5257314015525,193.01278534520176,193.75514221191406,2094580,,
2025-08-11,193.30973571549885,196.72457436302938,192.4188983922586,195.93272399902344,2728485,,
2025-08-12,195.98220929182955,198.13998596273672,193.40869949213646,195.7644500732422,3283444,,
2025-08-13,196.774068808215,200.53534672823264,196.30885728345208,199.28817749023438,3781634,,
2025-08-14,199.28816569279746,200.77287938096862,197.7242654621959,200.0206298828125,2597438,,
2025-08-18,202.8118846774761,211.6607807154078,202.1784074384645,208.30532836914062,9569765,,
2025-08-19,208.73096272335044,215.43195993375696,205.8803074790495,214.8182830810547,9449871,,
2025-08-20,215.7882928671051,215.96646637236722,212.4427481248723,214.32337951660156,6493172,,
2025-08-21,214.19469905758567,221.22235022922584,213.8185818419741,219.52976989746094,10194494,,
2025-08-22,220.21273699304427,223.18216446367487,219.52976625827296,220.4304962158203,8534537,,
2025-08-25,220.43049605227733,220.97489410881354,215.19441226173072,215.4715576171875,4476151,,
2025-08-26,215.0360357284546,218.54986119714926,213.55132201801646,217.7580108642578,15435312,,
2025-08-28,217.06515353023826,218.08465576486097,213.06631603428085,214.2342987060547,5719437,,
2025-08-29,214.2046035804661,217.65902787695666,213.89776515790797,214.94696044921875,15451569,,
2025-09-01,215.77838923835478,221.410405575827,214.39266250474503,220.3216094970703,5291371,,
2025-09-02,221.12335560347924,221.90531328110342,218.20342166419007,219.6683349609375,7095067,,
2025-09-03,220.75713514788015,225.8447536123518,219.92569908052428,224.83514404296875,9145986,,
2025-09-04,225.7061735296119,227.85405751812587,223.69686221444437,225.52801513671875,6093291,,
2025-09-05,226.96324330545062,230.4968541513334,226.46833872567566,228.16090393066406,5790664,,
2025-09-08,229.30908135763906,234.04036783251473,228.35887304229814,231.18972778320312,6334110,,
2025-09-09,232.01125826710066,232.75361512815576,229.94256077241653,231.5856475830078,1980326,,
2025-09-10,231.21942556477617,233.30792349422666,229.23980724693834,230.348388671875,3161164,,
2025-09-11,229.88317124640542,232.79321251530808,229.88317124640542,231.1303253173828,1993358,,
2025-09-12,231.13033165112134,234.0898664784559,231.13033165112134,232.56556701660156,2813664,,
2025-09-15,232.56557056484132,235.9210230662883,231.41738829625504,234.6837615966797,5279320,,
2025-09-16,235.17866179156152,238.82115224047138,234.753036000256,238.57369995117188,7347308,,
2025-09-17,238.5440104148507,241.21649215817664,236.4950981795509,240.4147491455078,5606036,,
2025-09-18,240.77108161173084,248.23423613936654,240.68200241084688,244.84909057617188,9009825,,
2025-09-19,244.52244457049653,246.49217020651366,242.9387590002423,244.1859130859375,4800420,,
2025-09-22,244.185918183001,249.6298685949188,244.185918183001,245.56175231933594,7646105,,
2025-09-23,246.41298863886996,247.18503857940954,241.71139510449456,243.8988800048828,3369508,,
2025-09-24,243.4930520025352,246.97718445523225,242.67150859192057,244.30470275878906,4991261,,
2025-09-25,243.98795164603112,246.66043328843332,240.4741261980167,241.57281494140625,3255852,,
2025-09-26,241.06802807519117,243.5326432597769,233.05056770030234,233.8820037841797,6695936,,
2025-09-29,232.65463914926283,245.0272532807564,232.65463914926283,242.34486389160156,14344044,,
2025-09-30,243.24559892767343,247.35330086418017,242.65170739558832,246.7396240234375,5767268,,
2025-10-01,247.44239751538313,256.6674110392031,244.4234765546537,255.94483947753906,9166397,,
2025-10-03,256.3605650934868,261.2106237971832,255.192597567736,259.6566162109375,9109317,,
2025-10-06,262.00250552394175,262.00250552394175,249.93671393895923,257.2217102050781,9534057,,
2025-10-07,257.2217096279692,258.99347653767285,256.0636497902023,256.6377258300781,2508278,,
2025-10-08,256.2615914472983,257.7958138049551,251.72827867987772,252.94573974609375,2485985,,
2025-10-09,253.34164657387961,258.3401857557111,252.9457289588646,257.5879211425781,3597676,,
2025-10-10,257.3701613966635,259.4685821444468,252.0647989118475,253.4307403564453,6067478,,
2025-10-13,252.64878731028256,264.3780318613998,252.3320411304813,263.8633117675781,10792642,,
2025-10-14,265.26885855921,265.86275010476277,258.73611197128685,260.2505187988281,4871445,,
2025-10-15,260.3197979355259,269.41614614303114,260.1911179171823,268.78265380859375,7835400,,
2025-10-16,262.2994137278425,270.78208503646846,262.2202422900637,266.44671630859375,11133785,,
2025-10-17,268.1888077844968,268.1888077844968,261.30962194239686,263.5466003417969,3844212,,
2025-10-20,266.0903696000997,267.60477632928115,263.6158468264975,264.81353759765625,4113186,,
2025-10-21,267.03071629148536,267.03071629148536,264.27904801109366,265.1203918457031,543455,,
2025-10-23,265.91222078971344,266.7238715382739,261.5372812840565,264.23944091796875,5794136,,
2025-10-24,263.2892435481039,266.82286959267066,263.20016434612904,264.279052734375,4221358,,
2025-10-27,264.77396001197627,266.84265760746723,261.5273870563543,264.4275207519531,8987153,,
2025-10-28,265.7637607435576,268.0502174976742,263.5663831894818,265.61529541015625,21647191,,
2025-10-29,265.7142791435748,268.00073586994586,263.3288354606112,265.4371337890625,9391552,,
2025-10-30,265.27877593421005,269.21819725625454,264.5562043368245,265.1600036621094,5883403,,
2025-10-31,266.95153201580337,270.50494313539707,265.7241481652933,267.73345947265625,4506941,,
2025-11-03,267.74338334855395,277.0970921877247,267.14949179888646,276.8496398925781,9607771,,
2025-11-04,277.19605430508966,281.5512389492177,275.81032746676686,277.1465759277344,6516048,,
2025-11-06,276.8496182595124,277.7899187836466,269.4260499851949,272.3954772949219,5515746,,
2025-11-07,269.22809687823076,302.28771743887415,269.22809687823076,300.5060729980469,70587337,,
2025-11-10,300.90197143153,305.10866017687215,297.0417219182962,297.83355712890625,8155155,,
2025-11-11,297.437654410884,299.36779436739636,288.6778372496471,292.0431823730469,16005871,,
2025-11-12,293.47841504797077,298.3284738759133,290.90490519847725,291.89471435546875,5279025,,
2025-11-13,292.09270015221733,292.4886177898047,288.33140707868836,289.2222595214844,3630010,,
2025-11-14,288.97478183131176,293.72585347806506,287.1931073088466,291.15234375,4821228,,
2025-11-17,292.0431706939163,298.4274516425317,289.9645956935088,296.3488464355469,11584288,,
2025-11-18,296.84376926820346,296.9922346050017,292.736067181695,293.4784240722656,4592406,,
2025-11-19,293.52790306896424,298.52645759997824,292.8350547602491,294.61669921875,3905961,,
2025-11-20,294.6166824129331,295.3590392627254,289.0242668524797,289.3211975097656,3801781,,
2025-11-21,287.2426177276743,289.91508421861994,285.2629994944211,285.7579040527344,5136647,,
2025-11-24,285.7579233595631,291.59779150090714,284.42167492052005,289.56866455078125,5328979,,
2025-11-25,289.96460062107553,295.01260308679485,288.72733919191336,293.87432861328125,5580342,,
2025-11-26,294.963127603258,305.65305437336224,294.3197576951034,304.4653015136719,11140520,,
2025-11-27,305.75204300738733,306.8903174983022,302.28771095277267,305.1086730957031,4988540,,
2025-11-28,306.4449254142374,312.13632814806914,305.3561292847104,309.1669006347656,14286349,,
2025-12-01,310.5526091616703,310.8000614398868,304.4652891588605,305.9994812011719,3746757,,
2025-12-02,305.9995058469291,307.7316719339562,302.139256037156,302.93109130859375,3419184,,
2025-12-03,302.93108266497876,304.9602095758319,293.57740418587105,299.7142028808594,6688481,,
2025-12-04,299.6152542740629,301.4958856961224,296.0519351442464,297.38818359375,3259199,,
2025-12-05,296.0519198019535,307.97910785578404,294.96312370668704,306.4449157714844,8154419,,
2025-12-08,308.1275881874484,308.5730144047461,294.46823347365506,296.2498779296875,5368362,,
2025-12-09,294.9631220923639,307.03880561636015,291.79572077921085,304.1683349609375,8915028,,
2025-12-10,304.31684063117956,307.23675955136383,299.2688078356027,300.8525085449219,2644098,,
2025-12-11,300.8029892128321,302.28770291102626,296.84375268431415,298.62542724609375,2764759,,
2025-12-12,300.40709248922616,305.85104309446746,299.5162702496844,304.7127685546875,3551485,,
2025-12-15,303.92089344821187,306.54391191295935,300.4070829787036,301.99078369140625,3130247,,
2025-12-16,300.9019900748878,301.2979077047232,296.44784877443715,297.7345886230469,2957216,,
2025-12-17,297.9325421001573,303.47547915728956,296.54681538751845,298.8233642578125,4018638,,
2025-12-18,298.872886271539,300.65453066693397,294.8146626969413,296.7942810058594,4654752,,
2025-12-19,297.14072830572803,300.3080995619069,293.6763961712149,297.23968505859375,5032118,,
2025-12-22,298.18000074042976,300.80298889649896,296.1013955238283,300.25860595703125,4601018,,
2025-12-23,301.644335399546,304.2178452047297,298.62542960533176,300.4070739746094,3550546,,
2025-12-24,300.6545420471342,307.3357540926261,299.12034988228265,300.1596374511719,4437672,,
2025-12-26,300.159632160363,301.7433328808431,296.64582167359873,298.2294921875,3394545,,
2025-12-29,298.229488853241,300.4070810953776,296.2003921508789,296.9427490234375,3522551,,
2025-12-30,295.9529380898325,304.31683755326344,295.4085551358437,302.33721923828125,25281188,,
2025-12-31,301.29791037944904,313.37359453939126,299.3678005894002,312.730224609375,9647536,,
2026-01-01,312.73022789986607,318.61957449854077,310.20619632336593,314.0169677734375,5017284,,
2026-01-02,316.24403330047585,318.2236516622942,313.07663183893493,316.4914855957031,3861694,,
2026-01-05,315.7491183439902,318.3226281711816,313.0766215606418,317.0358581542969,4877876,,
2026-01-06,321.09407454248145,326.09262875443085,313.62102772126633,316.0955505371094,8344558,,
2026-01-07,315.74913472778746,315.74913472778746,307.92964809089176,310.7506103515625,4959976,,
2026-01-08,309.61228520089725,310.20617672293565,301.89178603413086,304.1683349609375,5757228,,
2026-01-09,302.8815985222854,307.3852180516686,295.2600560193222,296.64581298828125,5438329,,
2026-01-12,296.645829309179,298.08103452516616,289.420204025559,293.1319885253906,6677927,,
2026-01-13,295.35904373442537,299.1698149957028,282.4420464351081,285.7084045410156,8485545,,
2026-01-14,283.18439222425945,293.42892254727167,280.8088564031524,292.7855224609375,10569647,,
2026-01-15,292.7855224609375,292.7855224609375,292.7855224609375,292.7855224609375,0,,
2026-01-16,294.96312572490837,296.49731781970536,289.766627704587,293.3794250488281,6787271,,
2026-01-19,281.60069809534906,298.7243839988325,279.42310592199834,296.9922180175781,21465689,,
2026-01-20,296.9427368472661,306.2469365604983,289.5191684260844,290.805908203125,10309616,,
2026-01-21,290.2615417944379,293.57740858600556,273.92969033797334,278.4828186035156,13697608,,
2026-01-22,285.06504036542066,287.094137077057,280.90782977746017,284.3721618652344,8091520,,
2026-01-23,286.05484210120306,292.29062761454975,282.3925361923628,285.0650329589844,6502459,,
2026-01-27,285.06502314307625,287.4405589612865,277.49298950715365,282.3430480957031,5836546,,
2026-01-28,285.0650483140514,289.024285096191,283.03595154583667,286.4507751464844,2299975,,
2026-01-29,288.6283525922487,290.954410123258,283.0854153414502,286.20330810546875,3987000,,
2026-01-30,285.9063771064957,290.36051825170364,280.85834443394447,283.4318542480469,4445140,,
2026-02-02,276.1567624998928,276.3052278362651,266.2586706540185,274.7215270996094,9193919,,
2026-02-03,287.63854344866144,295.70548193545966,280.4129185694717,281.7986755371094,5355155,,
2026-02-04,282.54104572924416,287.6880353998749,279.2251788971903,284.1742248535156,3593559,,
2026-02-05,283.0854116389566,283.87724686160936,275.661843151921,280.51190185546875,3934618,,
2026-02-06,279.12618938869645,283.18441307715284,272.74190808068505,282.3925476074219,3821007,,
2026-02-09,286.45076918328425,294.2702556239116,284.57013779223394,293.8248596191406,4735377,,
2026-02-10,294.5177168448766,295.45804767219386,288.28193093643705,291.00390625,3691851,,
2026-02-11,293.97332077627914,296.84376130146586,283.4813376298168,285.3619689941406,6843457,,
2026-02-12,285.26301978156755,289.51918720311846,282.2440836372114,289.0737609863281,3739412,,
2026-02-13,288.03447886821,288.2324527919884,280.8088837489933,282.1946105957031,4322331,,
2026-02-16,281.10581420068024,292.43914167978323,278.33436050950263,291.00390625,6790971,,
2026-02-17,292.34015016549006,296.3488653004067,287.88600881265853,294.61669921875,5138868,,
2026-02-18,294.616675817227,299.96163897475634,293.77533203164904,297.190185546875,4525435,,
2026-02-19,297.23967776190705,298.5264477899429,290.2615352877485,291.89471435546875,3811926,,
2026-02-20,291.498788060109,295.9529291340326,289.8161004606625,294.7156677246094,3472541,,
2026-02-23,295.95294355363126,299.91218025668985,294.9631343778666,296.5963134765625,3420472,,
2026-02-24,296.59629360630385,296.59629360630385,292.04316566150425,294.4187316894531,3623378,,
2026-02-25,297.9325484576576,307.335735202999,295.85394324105613,300.25860595703125,9098084,,
2026-02-26,301.5453433350992,301.5453433350992,293.37941806887426,296.84375,3806988,,
2026-02-27,294.46823807557524,294.46823807557524,275.16695860507537,281.05633544921875,99977962,,
2026-03-02,270.861265750593,279.1261781301598,269.3270736626506,272.9893493652344,8061770,,
2026-03-04,267.8423542635046,270.9107685808318,262.84380007702293,268.2877502441406,8234278,,
2026-03-05,269.2280814002949,274.078140060676,267.24846315470455,272.6924133300781,3609412,,
2026-03-06,272.0985166676804,274.12764345497106,268.4857194791382,269.12908935546875,2656845,,
2026-03-09,262.8933215914541,264.1800614298135,257.15241028154753,263.4872131347656,4006690,,
2026-03-10,267.24848692716205,273.1378638143,266.3576646787208,271.2572021484375,3026037,,
2026-03-11,270.2179116499784,273.0388739118161,262.8933296099396,263.9326171875,2386052,,
2026-03-12,262.4479027804366,266.60511349422575,258.09274835101627,262.7943420410156,3821356,,
2026-03-13,261.30961289516716,261.85399583940097,253.68807043642698,255.37075805664062,3511148,,
2026-03-16,254.38094661045298,259.82489682974284,252.54979367719454,257.9937438964844,3213126,,
2026-03-17,260.1713310678523,261.012674854165,253.78705021435917,260.46826171875,5303707,,
2026-03-18,262.29943660551874,269.9209794876316,261.4086143715706,266.0606994628906,6289105,,
2026-03-19,262.2994279247083,264.1800592911547,252.54980163788935,254.03451538085938,5586363,,
2026-03-20,257.44938131894764,261.854014175336,255.86568054312875,258.5381774902344,6384030,,
2026-03-23,257.54835922270985,257.5978375987909,243.09713923733128,245.12623596191406,8126742,,
2026-03-24,251.41151881660787,253.14368479270655,246.36348621637623,252.203369140625,6736385,,
2026-03-25,254.97483979466946,263.7841350748013,254.72738751035916,258.6371154785156,5174550,,
2026-03-27,257.845281423253,257.845281423253,247.05636781960334,249.08546447753906,7078996,3440695.0,48.6
2026-03-30,244.48285663592486,244.97776120401377,236.51489006903552,237.7521514892578,9535511,4668279.0,48.96
2026-04-01,246.32390747287573,248.2243392423664,240.41474559593783,242.14691162109375,5176161,2229504.0,43.07
2026-04-02,237.6531824786224,240.16729106912175,232.5061628263369,237.900634765625,5044052,2073467.0,41.11
2026-04-06,241.4144421833636,254.85606716338143,239.63279782153208,252.84674072265625,11678955,2956337.0,25.31
2026-04-07,249.92681583547747,254.68779553447055,248.1451563058934,251.9658203125,5784978,2247691.0,38.85
2026-04-08,265.2688639042936,276.0479005225478,265.2688639042936,272.65283203125,8622875,2595488.0,30.1
2026-04-09,273.13784986652905,274.84032283050266,268.23828244042863,269.40625,4688665,1582821.0,33.76
2026-04-10,272.0985346543794,276.94859354361625,271.0097385266131,275.5925598144531,5871745,2629026.0,44.77
2026-04-13,270.1585183206006,273.7317149389547,263.4970917063831,271.247314453125,4802310,1962503.0,40.87
2026-04-15,275.4638662853689,281.0958826002563,275.4638662853689,278.1462707519531,5323702,2580988.0,48.48
2026-04-16,282.09561924040713,284.065329863033,274.64235724558165,277.5523986816406,5424731,2247230.0,41.43
2026-04-17,277.5424721210915,284.9660405455496,274.8996986776677,284.21380615234375,3415046,1247364.0,36.53
2026-04-20,284.21381027066093,290.97419338959946,280.81874197168145,287.193115234375,4638480,1570779.0,33.86
2026-04-21,289.65777230082165,291.1424860675743,284.72851172083443,288.92529296875,5395677,2461892.0,45.63
2026-04-22,290.0140775869236,292.28074897198053,288.3313899688052,291.0434875488281,3357979,1691674.0,50.38
2026-04-23,289.01435586975816,292.1817571428228,284.2138057932687,289.1430358886719,3503151,1247934.0,35.62
2026-04-24,290.90491819449255,292.00362211525777,284.29299997998453,287.0941467285156,3567361,1077610.0,30.21
2026-04-27,288.7273350541198,297.76426702968524,283.8871539134454,284.857177734375,15681505,3822233.0,24.37
2026-04-28,285.0650226884921,289.5983351056306,281.80854227007717,282.8676452636719,5658687,1892633.0,33.45
2026-04-29,283.085428578852,287.49009156070014,281.48194252275175,282.5113525390625,3376266,1271976.0,37.67
2026-04-30,281.5215409785618,281.5215409785618,274.55327587589454,276.87933349609375,3778162,1704639.0,45.12
2026-05-01,276.87933349609375,276.87933349609375,276.87933349609375,276.87933349609375,0,0.0,0.0
2026-05-04,277.146567389363,284.8670668268638,277.146567389363,282.7389831542969,4980539,2188799.0,43.95
2026-05-05,283.6793104906302,288.4303823624885,280.21497844048156,287.4900817871094,4655749,1847909.0,39.69
2026-05-06,291.9937084803912,299.9121819307069,291.4493255133136,297.23968505859375,8849214,2792727.0,31.56
2026-05-07,298.7243890255896,302.08976429677625,294.8146610117714,300.5555419921875,3760248,1408644.0,37.46
2026-05-08,299.9121878297626,302.0897801540627,297.63563875065034,300.30810546875,2525155,1049103.0,41.55
2026-05-11,299.912186962063,301.8918053578522,291.15236951937993,291.99371337890625,3447625,1453563.0,42.16
2026-05-12,289.02428803461896,292.0927026132888,276.40422066324436,277.7899475097656,6656358,3292532.0,49.46
2026-05-13,278.13636897538987,287.2921035413058,275.95877677978416,279.0271911621094,6270211,3811331.0,60.78
2026-05-14,281.10578523478574,282.887429537446,272.9398601355358,278.43328857421875,8516619,3803161.0,44.66
2026-05-15,278.2353552558915,280.8583434352043,273.2863095565927,277.888916015625,2918519,860034.0,29.47
2026-05-18,274.3751096512972,277.14656320067263,269.5250206300229,275.9093017578125,3171834,1050191.0,33.11
2026-05-19,276.15674967110846,278.1858463226199,271.9005824577332,275.1174621582031,3945508,2031513.0,51.49
2026-05-20,272.24698982680735,273.78121210621515,269.0796187265757,272.84088134765625,4150742,1646682.0,39.67
2026-05-21,276.2062321914355,278.3343460366451,265.367840084954,267.1000061035156,6141512,2625076.0,42.74
2026-05-22,269.04998779296875,271.54998779296875,262.75,270.1499938964844,6958075,2972496.0,42.72
2026-05-25,272.5,280.79998779296875,272.5,279.3500061035156,4498651,1682007.0,37.39
2026-05-26,280.1000061035156,284.6499938964844,278.6499938964844,282.70001220703125,4067157,1956887.0,48.11
2026-05-27,280.8999938964844,284.6000061035156,280.5,281.70001220703125,1908996,640648.0,33.56
2026-05-28,281.70001220703125,281.70001220703125,281.70001220703125,281.70001220703125,0,0.0,0.0
2026-05-29,285.0,289.3999938964844,281.1000061035156,286.6000061035156,10147089,5446292.0,53.67
2026-06-01,282.0,285.45001220703125,270.0,271.25,6477563,2059184.0,31.79
2026-06-02,267.0,272.8999938964844,264.29998779296875,270.70001220703125,4331834,1806981.0,41.71
2026-06-03,270.79998779296875,270.79998779296875,263.6000061035156,267.8500061035156,4135606,1460538.0,35.32
2026-06-04,266.8999938964844,268.6000061035156,265.0,266.70001220703125,4176044,1743729.0,41.76
2026-06-05,268.0,277.25,266.45001220703125,268.6000061035156,7790312,2379757.0,30.55
2026-06-08,264.1000061035156,265.45001220703125,259.79998779296875,261.70001220703125,6718480,3788928.0,56.4
2026-06-09,262.95001220703125,266.6000061035156,261.95001220703125,265.54998779296875,3578915,1465283.0,40.94
2026-06-10,266.0,268.0,259.20001220703125,260.3500061035156,2859603,1067325.0,37.32
2026-06-11,260.0,260.75,256.1000061035156,256.8999938964844,2283784,887794.0,38.87
2026-06-12,263.0,277.0,262.95001220703125,275.95001220703125,7369154,2510725.0,34.07
2026-06-15,282.8999938964844,297.29998779296875,282.3500061035156,293.25,13734537,4185438.0,30.47
2026-06-16,294.8999938964844,296.6499938964844,292.79998779296875,294.25,3771951,1420536.0,37.66
2026-06-17,294.25,295.79998779296875,292.0,294.1499938964844,2767001,1367564.0,49.42
2026-06-18,295.0,295.8999938964844,284.6000061035156,286.8999938964844,3512827,1381301.0,39.32
2026-06-19,282.3999938964844,289.79998779296875,282.3999938964844,286.5,4742265,2434300.0,51.33
2026-06-22,288.29998779296875,289.8500061035156,286.29998779296875,288.70001220703125,1775541,680278.0,38.31
2026-06-23,288.3500061035156,292.29998779296875,285.70001220703125,286.3500061035156,1925870,637300.0,33.09
2026-06-24,286.5,297.8999938964844,286.3999938964844,296.54998779296875,5804976,1815136.0,31.27
2026-06-25,299.25,307.79998779296875,297.75,299.0,8421891,2972155.0,35.29
2026-06-25,299.25,307.79998779296875,297.75,299.0,8421891,0.0,0.0
2026-06-26,299.0,299.0,299.0,299.0,0,,
2026-06-29,299.0,307.70001220703125,297.5,299.04998779296875,27064147,17403636.0,64.31
2026-06-30,300.79998779296875,312.0,297.6499938964844,310.75,10810310,5817322.0,53.81
2026-07-01,312.70001220703125,315.8999938964844,309.54998779296875,312.70001220703125,7147529,0.0,0.0
2026-07-02,314.0,316.0,311.25,315.25,4080067,1731174.0,42.43
2026-07-03,318.0,329.0,317.75,327.0,8797473,3480252.0,39.56
2026-07-06,330.0,336.29998779296875,325.04998779296875,335.6000061035156,6786268,1790849.0,26.39
2026-07-07,335.8999938964844,338.6000061035156,331.1499938964844,334.20001220703125,4054627,1556221.0,38.38
2026-07-08,330.20001220703125,330.79998779296875,313.04998779296875,314.29998779296875,8696242,,
2026-07-09,314.75,324.25,309.20001220703125,321.1000061035156,9334466,,
2026-07-10,323.0,328.75,319.0,321.25,9600170,,
2026-07-13,321.25,333.5,318.0,324.70001220703125,21524893,5114478.0,23.76
2026-07-14,322.95001220703125,322.95001220703125,309.3999938964844,315.29998779296875,11571839,,
2026-07-15,317.8999938964844,320.70001220703125,311.0,312.3999938964844,3577429,1211698.0,33.87
2026-07-16,312.70001220703125,314.70001220703125,308.79998779296875,309.54998779296875,3272406,,
2026-07-17,311.45001220703125,311.45001220703125,307.1000061035156,310.04998779296875,1913114,,
2026-07-20,307.04998779296875,308.45001220703125,302.54998779296875,305.8500061035156,6797847,3279454.0,48.24
2026-07-21,305.70001220703125,309.79998779296875,300.45001220703125,306.75,6919270,2841022.0,41.06
2026-07-22,307.3500061035156,310.6499938964844,303.6499938964844,305.8999938964844,4876518,,
2026-07-23,305.8999938964844,309.75,303.1000061035156,305.04998779296875,3171673,1179524.0,37.19
2026-07-24,303.0,304.79998779296875,297.1499938964844,302.3999938964844,2838253,,
2026-07-27,305.0,312.8500061035156,305.0,312.25,5922451,2028526.0,34.25
2026-07-28,312.20001220703125,313.8500061035156,308.0,311.0,2857446,1097807.0,38.42
2026-07-29,313.0,313.04998779296875,301.04998779296875,309.1499938964844,14431153,7520010.0,52.11
2026-07-30,308.8999938964844,309.70001220703125,303.79998779296875,306.25,2901728,1367019.0,47.11
2026-07-31,307.45001220703125,314.04998779296875,306.6499938964844,311.25,5329552,2481797.0,46.57
2026-08-03,314.54998779296875,324.1000061035156,314.1000061035156,318.0,8873490,3890958.0,43.85
2026-08-04,320.04998779296875,321.95001220703125,315.6499938964844,317.8999938964844,5387646,2547280.0,47.28
2026-08-05,323.0,326.75,318.29998779296875,318.3999938964844,5834701,,
2026-08-06,320.54998779296875,322.20001220703125,316.6499938964844,316.6499938964844,1807929,851022.0,47.07
2026-08-07,316.6499938964844,316.8999938964844,305.6000061035156,308.0,4814207,1691913.0,35.14
