date,open,high,low,close,volume,delivery_qty,delivery_pct
2022-01-03,1355.6315069890404,1383.9625122299274,1352.0055311322578,1363.173583984375,295484,,
2022-01-04,1370.1352745051483,1390.4407372889227,1368.2014209066938,1376.5169677734375,390918,,
2022-01-05,1382.608509352034,1408.0386106946696,1378.3540082733782,1401.608642578125,344446,,
2022-01-06,1382.9470801862003,1410.746226178407,1382.9470801862003,1401.028564453125,312701,,
2022-01-07,1393.341395264764,1416.4509673424543,1391.9876742581753,1398.7078857421875,334076,,
2022-01-10,1412.6317657598197,1423.3163549035376,1387.5400606566416,1397.0159912109375,302135,,
2022-01-11,1387.5397456919206,1401.8503073554778,1371.5854559330935,1379.3692626953125,679549,,
2022-01-12,1382.6086874340667,1386.5730638006646,1367.234527345983,1379.9012451171875,344002,,
2022-01-13,1381.0615057197022,1398.514462503347,1361.5779083618459,1363.36669921875,730701,,
2022-01-14,1356.114592547929,1380.5294898469203,1355.1960594667257,1368.7330322265625,357396,,
2022-01-17,1368.7332401034087,1415.8709202654634,1368.7332401034087,1384.9775390625,491451,,
2022-01-18,1411.7130598793008,1416.5476936460107,1367.669499051353,1399.72314453125,1692259,,
2022-01-19,1407.748556420961,1407.748556420961,1365.3971212434144,1375.9366455078125,452596,,
2022-01-20,1347.8958607475715,1347.8958607475715,1274.5060983814635,1340.5472412109375,2296373,,
2022-01-21,1315.1169072048435,1352.8270463869967,1311.1525315640965,1335.9542236328125,536891,,
2022-01-24,1332.4250490115514,1333.7787700554734,1281.7097886626116,1286.9794921875,763104,,
2022-01-25,1286.979454664049,1310.620765577454,1261.83936013267,1301.62841796875,1105736,,
2022-01-27,1289.7834245059018,1343.9795900009522,1274.4576613936736,1327.7835693359375,809958,,
2022-01-28,1320.8217449797114,1368.974737214879,1320.8217449797114,1327.7835693359375,506536,,
2022-01-31,1337.2597641317275,1351.1835336555455,1315.987374535995,1323.8194580078125,1035056,,
2022-02-01,1328.557369033754,1356.4531824698101,1320.5318297077383,1323.8677978515625,857386,,
2022-02-02,1324.6897626052298,1351.3286440956615,1324.6897626052298,1338.1783447265625,410524,,
2022-02-03,1337.2596822768353,1344.9950962017917,1321.498729191517,1338.6134033203125,316535,,
2022-02-04,1341.127536267141,1345.285368920848,1308.2520234819335,1319.7100830078125,660886,,
2022-02-07,1315.116989160284,1327.0585103721965,1282.2414811578765,1292.781005859375,972861,,
2022-02-08,1292.7810453264904,1342.7711103371898,1292.7326517764973,1321.0152587890625,1016198,,
2022-02-09,1328.5088324119777,1332.6182707018768,1306.3179128597374,1321.6436767578125,604378,,
2022-02-10,1321.0152543242898,1321.0152543242898,1293.8446367559588,1299.791259765625,579032,,
2022-02-11,1295.6819182929382,1311.5395414965678,1272.233943279055,1299.066162109375,837852,,
2022-02-14,1281.1779493212862,1283.9336669641596,1237.907977070624,1243.22607421875,970046,,
2022-02-15,1243.2259827527491,1256.9562944390766,1231.8645942267178,1252.2667236328125,739559,,
2022-02-16,1253.1371664986552,1260.8725811066715,1239.6001909346264,1244.531494140625,427094,,
2022-02-17,1241.5340769112615,1263.1932619842387,1241.5340769112615,1254.1041259765625,655859,,
2022-02-18,1253.9588814114363,1259.3253718700958,1232.831556385093,1240.18017578125,391940,,
2022-02-21,1232.8317609462886,1242.3076914985527,1213.5898926002,1224.8546142578125,581516,,
2022-02-22,1205.7576195030804,1244.9181516521378,1194.1544988663225,1233.5567626953125,668981,,
2022-02-23,1235.2488104129532,1245.4015403615529,1224.274216408456,1237.5694580078125,549493,,
2022-02-24,1218.1344918387913,1227.9970984874337,1194.1546587653393,1199.8111572265625,838799,,
2022-02-25,1199.9560928751353,1237.6662360033627,1199.9560928751353,1230.220947265625,402028,,
2022-02-28,1217.3607795770329,1231.671342705853,1185.4038032414767,1222.0020751953125,1341945,,
2022-03-02,1215.910393537389,1220.2615639317573,1197.0553218284592,1210.1572265625,915621,,
2022-03-03,1235.732480492662,1235.732480492662,1198.0223343743414,1199.5211181640625,507149,,
2022-03-04,1194.1545882223745,1195.1215150144574,1167.0806380440536,1178.0069580078125,1697979,,
2022-03-07,1178.6838043119728,1185.645630266137,1152.5767799342673,1165.4852294921875,711060,,
2022-03-08,1160.312136685063,1193.3327098481698,1158.4266766761716,1177.37841796875,1009790,,
2022-03-09,1196.9585327746208,1204.7906150927734,1165.0982285941977,1195.218017578125,1380187,,
2022-03-10,1218.327837755708,1242.307670981903,1206.724715491368,1218.472900390625,1099064,,
2022-03-11,1218.3276678194666,1223.1623014219247,1207.256404083056,1214.4599609375,670143,,
2022-03-14,1222.1953775639404,1228.3353386468332,1187.8694789060924,1215.5235595703125,454323,,
2022-03-15,1212.6227224582951,1225.676232602523,1163.6478626438984,1170.6580810546875,807720,,
2022-03-16,1179.8438797985057,1206.9662202035586,1168.6275539924472,1178.876953125,1180168,,
2022-03-17,1200.9231723471416,1232.1065638996338,1174.2360143460405,1227.4169921875,1520083,,
2022-03-21,1235.6840869382609,1235.6840869382609,1197.0554075507946,1199.5211181640625,587899,,
2022-03-22,1199.6176307161304,1211.5591518222147,1183.614946661207,1209.045166015625,388976,,
2022-03-23,1209.625537401759,1229.7376638939281,1206.6280876542994,1211.075927734375,628795,,
2022-03-24,1206.7244750996288,1215.1850833986045,1196.668414200524,1203.0018310546875,532228,,
2022-03-25,1208.6584554679455,1232.2997676436776,1206.7246019391966,1223.6942138671875,1058844,,
2022-03-28,1231.8647191866853,1231.8647191866853,1200.9714557421248,1223.8875732421875,618924,,
2022-03-29,1223.8876271400336,1241.9208360092657,1221.8571044168064,1233.653564453125,349086,,
2022-03-30,1233.653456108598,1292.152523806815,1233.653456108598,1285.9158935546875,650566,,
2022-03-31,1282.289980288791,1301.9669167685067,1274.3611098272931,1284.368896484375,649870,,
2022-04-01,1277.406949979187,1308.3970006012535,1273.3941802213526,1303.9974365234375,212179,,
2022-04-04,1303.9975288019239,1321.9823446397713,1295.0051798995316,1305.3028564453125,579597,,
2022-04-05,1300.5164680019739,1314.1985050080098,1295.6818342919294,1307.139892578125,175565,,
2022-04-06,1305.1578925160215,1329.5244016086426,1304.867767251537,1322.17578125,268510,,
2022-04-07,1322.1755253587162,1357.951811423385,1321.8371246376853,1350.4581298828125,582805,,
2022-04-08,1353.5042285239952,1357.5652740108033,1325.2698941706008,1334.5523681640625,312378,,
2022-04-11,1330.1528447406547,1340.5955831152016,1307.2850028519083,1311.1527099609375,397845,,
2022-04-12,1311.152931650461,1322.1759223815707,1300.85513612491,1307.8653564453125,362320,,
2022-04-13,1303.0790144360433,1318.8882450868866,1301.0000980677464,1313.7152099609375,163075,,
2022-04-18,1306.8979933557068,1329.3307617143894,1301.4832279012091,1312.4095458984375,217047,,
2022-04-19,1313.6666069227354,1338.0815063934153,1288.236505224587,1298.00244140625,324789,,
2022-04-20,1301.4835190746621,1329.5243972716644,1293.2646409824372,1318.0179443359375,398694,,
2022-04-21,1317.9210920422356,1365.3005003401588,1317.9210920422356,1354.664306640625,546851,,
2022-04-22,1300.5165699798167,1305.3512040689611,1270.1067687723225,1274.4095458984375,2371544,,
2022-04-25,1271.508647430087,1283.1117681670914,1237.6662119471569,1262.5645751953125,554626,,
2022-04-26,1269.1880606503992,1288.7200523158747,1259.518792905031,1284.2720947265625,291069,,
2022-04-27,1266.6740562536359,1294.66653875686,1264.0634012135095,1274.7962646484375,346202,,
2022-04-28,1281.1295484579612,1311.9745353476467,1278.3255553132128,1293.2645263671875,654326,,
2022-04-29,1294.3279115399382,1298.4857430958446,1232.8797974811055,1237.859375,1065203,,
2022-05-02,1231.1395836060876,1245.6918795789986,1210.5923885135062,1241.4373779296875,378864,,
2022-05-04,1241.4372937405533,1252.315219816577,1225.1446014021858,1232.9766845703125,284167,,
2022-05-05,1246.3686338828531,1271.9921938501889,1238.2464252299924,1247.2388916015625,324056,,
2022-05-06,1238.9232283975093,1251.5899445657496,1223.2589450316862,1239.0198974609375,199042,,
2022-05-09,1233.991748649804,1247.9155160743303,1215.426804105795,1222.53369140625,331402,,
2022-05-10,1226.0631534434979,1248.0607376239707,1220.8417252402035,1225.9180908203125,272485,,
2022-05-11,1232.8315837332334,1250.8163973481437,1228.625476054165,1241.968994140625,464070,,
2022-05-12,1237.6661437967005,1241.9206447726099,1201.0195992136119,1207.7880859375,528459,,
2022-05-13,1211.1724882836604,1265.9489152102333,1208.2717078783667,1238.0531005859375,667977,,
2022-05-16,1251.2032588075963,1268.5112718521177,1240.5186706285137,1254.9259033203125,479794,,
2022-05-17,1261.8392873815496,1271.8469546748645,1243.4192873525344,1267.979248046875,466755,,
2022-05-18,1272.4756858934732,1280.887901953254,1230.9945020096352,1242.83935546875,525100,,
2022-05-19,1223.355486267105,1237.6660471504956,1203.823616173724,1209.5767822265625,560493,,
2022-05-20,1219.2945789993219,1225.9663968922873,1205.3225352795184,1210.2054443359375,528786,,
2022-05-23,1207.691421721967,1207.691421721967,1176.266304663549,1180.472412109375,525859,,
2022-05-24,1184.4853423472607,1186.3225268930232,1159.3452452851964,1172.011962890625,575696,,
2022-05-25,1172.0119104352723,1218.327726171745,1166.1136807643845,1208.223388671875,807827,,
2022-05-26,1221.228577084636,1232.831698957174,1207.0148000040006,1225.869873046875,490371,,
2022-05-27,1227.9969250911363,1239.0199132221856,1209.6253175504028,1218.52099609375,468268,,
2022-05-30,1223.162316802297,1251.7350489653252,1218.6178083720613,1247.6256103515625,351575,,
2022-05-31,1243.0811809979307,1256.9565582050038,1203.0503843121107,1223.984375,2109279,,
2022-06-01,1226.014733750652,1226.014733750652,1201.889958388023,1211.2208251953125,469989,,
2022-06-02,1217.6024960212821,1217.6024960212821,1185.4521819512345,1195.0247802734375,444779,,
2022-06-03,1201.309870090399,1205.1291837059043,1175.299515776758,1178.0069580078125,603052,,
2022-06-06,1179.650581156759,1181.53604101998,1159.345120333569,1161.1339111328125,750844,,
2022-06-07,1150.6427615715825,1157.3628548566194,1105.487332343293,1113.4644775390625,1117981,,
2022-06-08,1123.955788594196,1123.955788594196,1066.5203103762085,1071.0648193359375,4260384,,
2022-06-09,1081.1208199661426,1110.0319545850293,1081.1208199661426,1088.082763671875,2288225,,
2022-06-10,1084.891799789234,1093.5941404292546,1072.4184212652613,1083.9732666015625,1109164,,
2022-06-13,1083.2483571976516,1091.1771113250177,1035.5788092415544,1077.1082763671875,1524945,,
2022-06-14,1077.3017654363332,1110.9991485548126,1058.3982949382898,1107.905029296875,1312603,,
2022-06-15,1107.9046779397827,1122.6019168035793,1094.899442795228,1112.69091796875,450709,,
2022-06-16,1116.8003934377432,1123.9556749763353,1082.957957272963,1094.416015625,672515,,
2022-06-17,1083.9248883745238,1097.4618628948124,1068.163935112682,1076.3828125,1136156,,
2022-06-20,1083.8764724340485,1091.6602798356441,1069.6626966945805,1089.097900390625,388341,,
2022-06-21,1097.4617457745057,1110.611924584227,1094.464296771509,1103.2633056640625,280231,,
2022-06-22,1105.1488660388231,1105.1488660388231,1075.222530763613,1097.4134521484375,919853,,
2022-06-23,1093.59413044931,1099.9275477371914,1081.410877271073,1088.0343017578125,383525,,
2022-06-24,1092.7721931709762,1093.7873953485794,1075.0291124892099,1083.2962646484375,450371,,
2022-06-27,1092.6272097978522,1108.0980375472022,1083.2963432049155,1095.818115234375,411878,,
2022-06-28,1098.428695436508,1121.6349354809413,1065.69825131378,1081.2657470703125,1844323,,
2022-06-29,1067.4871953005345,1086.3422680436145,1067.4871953005345,1074.8358154296875,392085,,
2022-06-30,1074.2557121329369,1092.5306528946458,1072.1767958340783,1083.8765869140625,619793,,
2022-07-01,1082.9578401156448,1111.9656394044566,1069.2758045111477,1107.856201171875,228217,,
2022-07-04,1110.998900022338,1129.370509335153,1100.2176425295218,1123.3756103515625,372144,,
2022-07-05,1123.5688438279553,1156.3476831021787,1122.1184537541671,1147.7904052734375,923135,,
2022-07-06,1144.937936946922,1194.1545319513657,1144.889661429426,1191.4954833984375,647362,,
2022-07-07,1208.6586369280067,1253.040605682617,1182.3582722016813,1236.119384765625,1265608,,
2022-07-08,1243.4678732771986,1247.5773122052144,1222.1954835321767,1233.991943359375,646576,,
2022-07-11,1234.76565885184,1241.1957463827805,1212.0428765628674,1224.1778564453125,314578,,
2022-07-12,1219.2946910103026,1222.1954714012866,1187.43450026255,1189.948486328125,281608,,
2022-07-13,1191.2537158147127,1199.8109936569347,1173.3655715431444,1191.205322265625,624780,,
2022-07-14,1191.2054492646275,1212.7679645743292,1189.7067835127348,1209.3353271484375,266983,,
2022-07-15,1208.6101224405256,1218.231115047676,1203.823881930411,1212.8646240234375,211719,,
2022-07-18,1218.2310286021102,1238.7782219159876,1206.434451503254,1229.6890869140625,385061,,
2022-07-19,1231.2844576577018,1234.3785758198292,1212.5260564630682,1228.4803466796875,493959,,
2022-07-20,1239.5517697620596,1239.5517697620596,1167.1290465345808,1176.6048583984375,2801062,,
2022-07-21,1186.3224498139982,1197.8771772304776,1170.4164340018203,1184.775390625,820117,,
2022-07-22,1193.961307007331,1194.1546451617442,1164.228306733061,1174.864501953125,497066,,
2022-07-25,1179.5538600040513,1179.5538600040513,1141.9403892002465,1149.869140625,737793,,
2022-07-26,1149.095651189392,1149.095651189392,1115.833350917648,1118.734130859375,667568,,
2022-07-27,1119.1693035280211,1150.8845476865192,1116.8003802377061,1149.04736328125,439202,,
2022-07-28,1153.9023244689467,1166.185652508549,1148.7074329039247,1154.7276611328125,849859,,
2022-07-29,1162.2046802999287,1190.0242072324568,1158.466306539591,1184.5379638671875,639036,,
2022-08-01,1189.4900296685992,1199.2001523597714,1181.236425381103,1195.1219482421875,518200,,
2022-08-02,1195.316331167443,1207.9394930725418,1177.5953538775925,1205.900390625,510629,,
2022-08-03,1205.9972586675328,1210.9979956445297,1178.1292534846236,1193.908203125,285116,,
2022-08-04,1194.0050614728066,1204.055013077222,1155.504407711205,1167.3507080078125,1042786,,
2022-08-05,1174.7307353618771,1181.7219765532618,1159.9227976934817,1165.069091796875,552645,,
2022-08-08,1170.8469173864687,1182.693222448189,1149.7758750628525,1178.90625,589736,,
2022-08-10,1182.692988979302,1206.8226210825821,1178.0806805247441,1194.976318359375,832004,,
2022-08-11,1198.1806964435368,1215.0278563088023,1194.9278286292342,1204.977783203125,519958,,
2022-08-12,1207.9392785361858,1207.9392785361858,1189.7327982527827,1201.967529296875,659145,,
2022-08-16,1206.9681180789148,1264.2578356707538,1204.103679612026,1258.4317626953125,709618,,
2022-08-17,1260.3739468902734,1329.3158191778,1258.48052034579,1316.2071533203125,1675014,,
2022-08-18,1315.7216239312465,1322.8100609046178,1284.7463088570644,1288.29052734375,418587,,
2022-08-19,1288.2905089885899,1288.2905089885899,1247.750747352808,1251.9261474609375,377176,,
2022-08-22,1246.7799274637136,1253.5284162627377,1198.229307235376,1224.1068115234375,1493498,,
2022-08-23,1209.8812563419021,1222.0189093950912,1199.0544461121037,1213.231201171875,733327,,
2022-08-24,1201.5791083759998,1215.5617090295907,1193.1799469101968,1207.696533203125,783760,,
2022-08-25,1215.707396222804,1247.4594509318877,1192.7915297128184,1223.766845703125,2414864,,
2022-08-26,1238.2835103605485,1252.363189560884,1218.6205100980108,1223.524169921875,595664,,
2022-08-29,1208.9101486028724,1232.2144406241325,1184.6348444140597,1221.97021484375,469827,,
2022-08-30,1229.3015783767557,1255.373235064884,1229.010227272487,1250.9552001953125,547882,,
2022-09-01,1250.566714630275,1250.566714630275,1228.379108173098,1234.64208984375,296026,,
2022-09-02,1236.1957666712847,1247.4594859296458,1216.9697937643698,1222.5045166015625,291574,,
2022-09-05,1228.3303182960362,1238.1861149120346,1218.7658727255362,1225.2716064453125,245382,,
2022-09-06,1231.7291887608983,1240.4683000725643,1178.809014706922,1183.615478515625,1852358,,
2022-09-07,1186.5769934072162,1230.8551291929807,1186.5769934072162,1213.1341552734375,1060134,,
2022-09-08,1218.6205592165722,1245.6632307884472,1186.577150089762,1193.0828857421875,1192677,,
2022-09-09,1206.9683820611722,1217.0669344669948,1174.8763756564056,1185.8974609375,1262273,,
2022-09-12,1184.6349301574583,1214.056648376535,1181.4305423598992,1204.443603515625,706476,,
2022-09-13,1226.9226565336423,1237.0696878002984,1190.0241886086726,1199.928466796875,930820,,
2022-09-14,1190.460955244024,1218.2804784346679,1186.2855553781792,1209.2015380859375,628651,,
2022-09-15,1212.7944137594998,1212.7944137594998,1191.577817817621,1199.0545654296875,496799,,
2022-09-16,1193.6169546360252,1203.9582600726026,1173.9539541630706,1180.16845703125,1026469,,
2022-09-19,1177.401063728905,1186.334329870363,1162.350372414814,1172.98291015625,329474,,
2022-09-20,1178.8088168975476,1199.0059181747247,1165.2146460272297,1180.4110107421875,393867,,
2022-09-21,1178.8089707209253,1185.848810125972,1160.8452425839096,1165.3604736328125,477872,,
2022-09-22,1157.446600844452,1167.4480744221746,1148.707490603177,1159.9227294921875,317223,,
2022-09-23,1169.0989172133732,1188.5191650076151,1141.473662138778,1145.2120361328125,995567,,
2022-09-26,1140.9395104081034,1143.8039494257773,1109.0417784404967,1112.3917236328125,988721,,
2022-09-27,1126.3743969327306,1131.229458988475,1114.0910662253393,1124.82080078125,528786,,
2022-09-28,1120.5480429845202,1137.2009253886056,1106.9538726190235,1130.3067626953125,501473,,
2022-09-29,1133.6082518350916,1142.978544150587,1115.4989674314459,1132.1517333984375,824143,,
2022-09-30,1132.1516717251584,1132.2002697497758,1114.7220494620433,1117.78076171875,1527493,,
2022-10-03,1117.4892934949073,1120.5966034505107,1086.5625806562175,1092.8255615234375,1267334,,
2022-10-04,1103.0699051737774,1120.402449959811,1102.0988929333075,1116.615478515625,523647,,
2022-10-06,1122.1987273082577,1133.1712123382906,1113.071307655534,1126.81103515625,1007667,,
2022-10-07,1131.0835604331855,1131.0835604331855,1105.9829182598055,1111.7119140625,1134702,,
2022-10-10,1102.6815752450352,1105.740287782579,1083.941108446031,1096.3699951171875,1053052,,
2022-10-11,1102.0988629140932,1118.75174609091,1094.2821671785166,1102.1474609375,836099,,
2022-10-12,1102.1475707565178,1109.8670712144592,1088.310645327991,1101.4193115234375,746825,,
2022-10-13,1097.2437079001427,1109.6241125689273,1088.2618456894556,1098.9915771484375,476988,,
2022-10-14,1104.041042992824,1111.8091418001613,1090.495468110242,1093.9910888671875,1441873,,
2022-10-17,1093.359852422503,1104.526493899287,1086.1743376789132,1099.5257568359375,915437,,
2022-10-18,1105.0606981162862,1117.6352611570767,1098.8461951124439,1116.0816650390625,1490999,,
2022-10-19,1143.8524864141937,1147.736535604055,1099.1373227032038,1104.9149169921875,2589174,,
2022-10-20,1105.8859129938332,1123.7039646834091,1094.3308431179107,1119.528564453125,914488,,
2022-10-21,1119.5770464781854,1129.918349928677,1102.1959047042187,1118.36328125,995950,,
2022-10-24,1131.229369586447,1134.7735883133955,1112.6344596761594,1116.6641845703125,79894,,
2022-10-25,1121.5191219696105,1132.9285156346693,1116.3242302625115,1120.49951171875,594839,,
2022-10-27,1133.6595857978737,1135.6092132683518,1121.523202392475,1132.7823486328125,493714,,
2022-10-28,1138.4849281773281,1143.261539039983,1130.1015542732177,1135.0242919921875,468144,,
2022-10-31,1146.3809470348688,1154.0819993047596,1127.3720792906681,1140.4832763671875,829508,,
2022-11-01,1145.4063298056426,1147.1122541266298,1132.8312067260558,1142.579345703125,375840,,
2022-11-02,1142.4816578859868,1147.3557263923265,1129.7602914861154,1138.4361572265625,799025,,
2022-11-03,1129.224364695928,1140.4833930371717,1127.5184404930883,1135.85302734375,391305,,
2022-11-04,1139.5572935682933,1139.5572935682933,1123.08291710762,1131.905029296875,235006,,
2022-11-07,1133.2207963939782,1137.0712624694272,1118.6473808472742,1131.0274658203125,472838,,
2022-11-09,1131.027581816161,1141.506828965072,1119.7684361183092,1126.397216796875,364895,,
2022-11-10,1124.9349165202973,1130.7350099560279,1101.8318813443284,1106.2672119140625,467236,,
2022-11-11,1111.8238864933435,1120.0122269169735,1100.0285447484164,1103.3917236328125,619654,,
2022-11-14,1108.9480887176937,1112.0187758030988,1095.3006963343992,1104.902587890625,334306,,
2022-11-15,1103.001524625796,1104.4149566657527,1087.9893722546203,1091.986083984375,1274776,,
2022-11-16,1096.470510336911,1108.8018085912224,1089.110619216469,1102.85546875,892837,,
2022-11-17,1107.9247029101036,1118.1114598060824,1095.2033348667248,1098.85888671875,641922,,
2022-11-18,1100.5645396197488,1113.23711624956,1095.9341750819333,1108.070556640625,449207,,
2022-11-21,1108.0707267501407,1110.5565493766971,1092.7661986844657,1099.34619140625,1030548,,
2022-11-22,1099.346154609486,1105.438740259062,1096.1780100717065,1100.2235107421875,341523,,
2022-11-23,1100.2235731221606,1108.606947652131,1097.2991318445554,1105.3900146484375,1248207,,
2022-11-24,1106.998294345555,1141.5067193972009,1106.2671841495276,1140.4344482421875,1462853,,
2022-11-25,1145.4061271538142,1145.4061271538142,1125.9098526490684,1130.1502685546875,475121,,
2022-11-28,1133.2208987463248,1143.846391617603,1124.5450332277287,1129.6141357421875,1132220,,
2022-11-29,1133.70853445639,1157.1040674116377,1129.9067365519952,1146.088623046875,538581,,
2022-11-30,1151.8400757962563,1182.6441711128773,1146.4299300705743,1180.6458740234375,1400360,,
2022-12-01,1181.864035514561,1198.0459175175088,1174.6503910566298,1193.7567138671875,971036,,
2022-12-02,1193.7568229640403,1222.3675810140533,1191.2711194478854,1207.4530029296875,864356,,
2022-12-05,1208.7202542687578,1213.399407838263,1187.3231401863864,1192.587158203125,423089,,
2022-12-06,1186.8356652399202,1207.7941595336847,1181.1330289638024,1189.4189453125,823892,,
2022-12-07,1196.0963834208942,1226.949260142038,1196.0963834208942,1214.5203857421875,762091,,
2022-12-08,1215.592603447051,1229.2399943438102,1210.377374296379,1217.6884765625,778965,,
2022-12-09,1227.0955003163851,1230.1660681925541,1210.8648288466197,1216.5186767578125,552253,,
2022-12-12,1216.5187383814487,1220.4179932746088,1194.9267096072274,1198.8746337890625,380539,,
2022-12-13,1204.8697416150867,1220.2230574973178,1184.3986537721119,1193.610595703125,436001,,
2022-12-14,1194.1468843458092,1217.4936268536694,1194.1468843458092,1212.3758544921875,410641,,
2022-12-15,1218.4196363312399,1229.776239445546,1194.4392437224578,1203.114990234375,515065,,
2022-12-16,1199.0208488539538,1210.7186132330169,1190.7349324187842,1205.308349609375,423279,,
2022-12-19,1205.844579412101,1218.5171578537802,1193.6106195489226,1216.90869140625,307588,,
2022-12-20,1216.908656417775,1222.2701317581789,1198.2897385802623,1205.308349609375,584204,,
2022-12-21,1206.380713297255,1220.4667233284,1185.9582953712304,1193.5618896484375,493935,,
2022-12-22,1193.5617816983079,1211.693290647371,1182.1077220320917,1208.525146484375,533499,,
2022-12-23,1203.1638949359276,1207.7942603407853,1183.570161969273,1192.7821044921875,824353,,
2022-12-26,1192.2457283864571,1222.3673710879912,1192.19694011193,1207.50146484375,665901,,
2022-12-27,1207.7940340105424,1222.4162378121227,1197.4610337899187,1211.4495849609375,330784,,
2022-12-28,1211.4496978411596,1222.4163517141938,1199.020823451721,1204.9671630859375,432836,,
2022-12-29,1199.0209195374139,1213.6431258732362,1189.0290785412687,1204.6260986328125,532654,,
2022-12-30,1210.669853671588,1227.2904752194709,1203.8461576219165,1205.649658203125,608914,,
2023-01-02,1208.720076027682,1217.493398429903,1195.365177302621,1210.0848388671875,336946,,
2023-01-03,1210.2312142346545,1255.072644645282,1209.2076122465212,1235.673828125,1324059,,
2023-01-04,1240.9377579696038,1246.2017754003718,1213.6429761760853,1217.6884765625,753595,,
2023-01-05,1226.3156969612617,1249.0289049246112,1215.20279641698,1244.837158203125,671500,,
2023-01-06,1251.368419825492,1256.5349805322946,1233.1882377630925,1239.670654296875,442656,,
2023-01-09,1252.6354044200164,1255.121226556288,1214.6176761924828,1228.9473876953125,467830,,
2023-01-10,1228.4602012650741,1234.504117721247,1207.355579442291,1210.4261474609375,474112,,
2023-01-11,1206.4293841045114,1216.5186818727402,1205.1134094383617,1210.6697998046875,534699,,
2023-01-12,1209.743879333474,1216.665033248466,1197.6561648786007,1207.258056640625,372536,,
2023-01-13,1209.7438375233135,1225.9257216233339,1206.088286040064,1223.5374755859375,426159,,
2023-01-16,1226.2669137760658,1239.9630946128452,1213.6919115509402,1218.02978515625,682555,,
2023-01-17,1224.0735515342346,1224.1223398189964,1199.9469117488313,1217.8348388671875,675386,,
2023-01-18,1202.9201506688262,1202.9201506688262,1144.9187333553778,1169.9227294921875,3977121,,
2023-01-19,1163.9762317957045,1167.485536971973,1133.4645183832406,1140.1419677734375,1400021,,
2023-01-20,1140.142356558168,1143.4079594469247,1121.0360271981333,1124.4478759765625,3037703,,
2023-01-23,1124.4477676391602,1133.4160073943438,1113.7736036591232,1130.7840576171875,832729,,
2023-01-24,1135.6579110711991,1135.6579110711991,1107.6808066972103,1114.796875,427495,,
2023-01-25,1113.285975863128,1113.8708402535894,1096.1291604375429,1108.3143310546875,214543,,
2023-01-27,1116.990540603198,1116.990540603198,1087.8923680002106,1103.1968994140625,500248,,
2023-01-30,1103.489028047421,1110.0690200432866,1086.9171963541294,1105.0487060546875,519697,,
2023-01-31,1107.8269805516993,1110.5077182237594,1090.7190715329498,1101.2957763671875,1211804,,
2023-02-01,1106.2185297176527,1115.9666657955459,1078.2413077766178,1097.0064697265625,657740,,
2023-02-02,1088.8669970832068,1107.5833741437832,1079.7525119989982,1101.8807373046875,552867,,
2023-02-03,1103.53794384895,1110.312851755187,1082.2381683969393,1104.902587890625,199219,,
2023-02-06,1104.902556706574,1110.99514242002,1089.8417324212608,1105.6336669921875,202835,,
2023-02-07,1111.4827942974719,1118.891475354878,1087.7948872192105,1091.450439453125,414200,,
2023-02-08,1097.1527251126267,1106.4134544671979,1089.2079703408604,1102.56298828125,255558,,
2023-02-09,1102.5630567183555,1111.2875915271966,1094.7157590219665,1106.6572265625,234840,,
2023-02-10,1110.2639294998307,1124.9349221399252,1106.6571666892114,1123.375244140625,190828,,
2023-02-13,1125.9097946166903,1125.9097946166903,1110.5564792355535,1114.3582763671875,195148,,
2023-02-14,1110.5565414139285,1124.2039336279245,1110.5565414139285,1112.8961181640625,174191,,
2023-02-15,1106.6573087936008,1114.992013947696,1098.8100105141118,1106.6085205078125,306763,,
2023-02-16,1106.4135734238616,1109.9716673049604,1085.0164598445192,1090.231689453125,601356,,
2023-02-17,1086.7222223681754,1093.740832518639,1082.2867729980562,1089.2567138671875,320946,,
2023-02-20,1090.8655358467038,1095.2034100773358,1080.191252308261,1085.698974609375,444030,,
2023-02-21,1084.9677395516792,1092.1325970514406,1068.6396087003848,1072.44140625,536446,,
2023-02-22,1068.6395150826215,1076.4380246567707,1061.815819205241,1070.7840576171875,362708,,
2023-02-23,1073.7084355522143,1078.0464276451626,1054.017247634044,1066.5435791015625,283881,,
2023-02-24,1067.4211029099497,1073.8548501420228,1059.5738042810947,1061.669677734375,214234,,
2023-02-27,1064.0091952625507,1072.295112037385,1053.2862441421769,1069.7606201171875,224597,,
2023-02-28,1072.3925866731697,1081.1172411664957,1061.2796860815463,1074.0985107421875,475223,,
2023-03-01,1074.2447735889284,1078.0465710877268,1064.350390033024,1072.7337646484375,196382,,
2023-03-02,1077.169087912304,1078.387604980078,1055.7231875194798,1059.4761962890625,954939,,
2023-03-03,1062.5470026143703,1064.3991725648807,1048.899609920241,1051.9215087890625,538047,,
2023-03-06,1057.1367501440604,1067.9084899504703,1047.1936972426222,1065.0328369140625,461653,,
2023-03-08,1064.9838500220997,1067.3234264437338,1054.407146340491,1065.8612060546875,459244,,
2023-03-09,1065.8613103563507,1071.3202432104902,1052.8962407064341,1056.746826171875,259973,,
2023-03-10,1051.8240541239873,1057.6729367233793,1045.0978153355222,1048.071044921875,364757,,
2023-03-13,1049.3380645866812,1082.4817273803922,1049.3380645866812,1053.8709716796875,820862,,
2023-03-14,1053.968482219628,1057.916525143296,1025.747674344191,1045.000244140625,540425,,
2023-03-15,1055.723343896686,1055.723343896686,1030.5731002941689,1033.936279296875,440551,,
2023-03-16,1036.6657007882318,1044.1718385382376,1022.6284770918879,1034.5699462890625,302074,,
2023-03-17,1038.1277967819103,1047.6322303071531,1035.5933049743414,1044.1229248046875,475397,,
2023-03-20,1035.7884123945662,1061.6696464277265,1035.7884123945662,1051.9215087890625,1047458,,
2023-03-21,1057.6239778649722,1066.397300349114,1038.2739515185533,1055.869384765625,707945,,
2023-03-22,1055.869483880916,1064.4965613343256,1048.412135270208,1054.4559326171875,248389,,
2023-03-23,1054.6995059874382,1073.2209640198143,1052.9935822212983,1056.6004638671875,433489,,
2023-03-24,1056.113247073404,1057.575467707437,1042.6121003516632,1049.28955078125,346534,,
2023-03-27,1050.8003665600818,1056.8929521053203,1039.005144743662,1047.193603515625,394579,,
2023-03-28,1052.7499557131073,1055.625727383538,1033.8873353490424,1038.5177001953125,319213,,
2023-03-29,1048.509376002063,1052.798579197953,1035.008232836506,1046.1697998046875,376572,,
2023-03-31,1046.4626096749541,1060.5974097124824,1041.1499220867645,1042.5633544921875,793594,,
2023-04-03,1048.0221067004197,1056.6979717808067,1039.3950298997095,1052.5062255859375,839450,,
2023-04-05,1064.4965396382015,1084.967626938936,1054.748402828328,1065.5201416015625,513931,,
2023-04-06,1062.5468095038236,1066.2998180134618,1053.8709447830272,1061.2308349609375,245989,,
2023-04-10,1064.4966218344173,1074.001055957939,1055.0409759970366,1071.174072265625,245512,,
2023-04-11,1072.295148982558,1073.8548272182775,1050.8004577159882,1058.404052734375,346671,,
2023-04-12,1062.5467984700058,1066.3972644991698,1053.6272304451577,1063.3753662109375,481932,,
2023-04-13,1064.399092851002,1068.6882968899556,1057.1854477394634,1060.4510498046875,661040,,
2023-04-17,1065.3741242174524,1079.6551715056194,1054.7486290169134,1076.2919921875,509340,,
2023-04-18,1079.1188036969033,1109.2892411703192,1066.0076065709995,1102.2706298828125,872244,,
2023-04-19,1096.7142280473392,1096.7142280473392,1043.586880076608,1049.094482421875,3169350,,
2023-04-20,1052.7011596059965,1063.521566038763,1034.6183209444173,1049.14306640625,666329,,
2023-04-21,1054.358374969169,1054.5046208095787,1028.4283567867858,1032.9124755859375,559059,,
2023-04-24,1043.0505626089762,1063.3267332935275,1039.2000964481329,1042.4656982421875,957468,,
2023-04-25,1047.9248160560971,1055.5284111569729,1042.319636807425,1046.706298828125,576203,,
2023-04-26,1045.9752312872079,1045.9752312872079,1034.277465420063,1043.8306884765625,494260,,
2023-04-27,1047.7297292113212,1047.7297292113212,1031.9864654065316,1039.248779296875,988205,,
2023-04-28,1043.0507668377336,1055.7233462479116,1039.2489692155152,1051.9703369140625,527428,,
2023-05-02,1052.0188820189717,1063.229239404627,1049.1920175270643,1059.6712646484375,584124,,
2023-05-03,1062.352104541225,1063.034426588574,1049.9232288520875,1061.0360107421875,448506,,
2023-05-04,1058.6475893634624,1072.9286326692295,1054.894580732559,1062.3519287109375,470960,,
2023-05-05,1059.1350365300084,1070.345393566451,1043.0506112168514,1045.146484375,369250,,
2023-05-08,1046.9499881469267,1059.6225671468428,1043.0507330700293,1055.6258544921875,288054,,
2023-05-09,1057.6728191301522,1073.172380094447,1053.4324035162113,1070.881591796875,428096,,
2023-05-10,1082.043417611659,1083.0182315013992,1065.471581486075,1080.142578125,564308,,
2023-05-11,1080.1424502304556,1083.8466711753676,1074.6347286063992,1082.1407470703125,373263,,
2023-05-12,1084.4315638161072,1097.7865842687308,1078.1440624067307,1090.0367431640625,403079,,
2023-05-15,1094.715691881953,1103.1965227514618,1084.2364454992896,1091.0113525390625,285321,,
2023-05-16,1098.5662409025808,1098.5662409025808,1082.5306032922983,1089.110595703125,502923,,
2023-05-17,1091.8402126576375,1091.8402126576375,1072.392606513541,1074.5859375,249895,,
2023-05-18,1081.8481558096103,1091.6937491423068,1064.9838333220719,1067.2259521484375,307752,,
2023-05-19,1071.320265712251,1072.8799438467913,1046.8036771426941,1049.533203125,421302,,
2023-05-22,1051.3365267078952,1070.3453929766056,1047.5347296549917,1065.1788330078125,687647,,
2023-05-23,1066.446231942828,1072.2951143849275,1054.7484670586289,1057.282958984375,667188,,
2023-05-24,1049.8742843356183,1055.820623706789,1039.4438260449979,1047.58349609375,1032560,,
2023-05-25,1047.2910955662294,1055.6744697533302,1042.5632728266276,1053.09130859375,574576,,
2023-05-26,1054.7483585789926,1077.0716147362489,1052.6038161691135,1072.2462158203125,658681,,
2023-05-29,1179.4272610033324,1224.0736624250367,1146.478506389958,1160.9544677734375,8245590,,
2023-05-30,1155.1541492519104,1163.9274719044565,1139.3134277959243,1154.81298828125,1360051,,
2023-05-31,1152.716975570344,1163.0499749771443,1139.800696562896,1152.3270263671875,923876,,
2023-06-01,1143.4563695148313,1197.8510167882823,1143.4563695148313,1194.390380859375,1228214,,
2023-06-02,1196.1938115264159,1205.6007870906265,1184.642293520828,1201.8477783203125,652537,,
2023-06-05,1206.0883076550156,1211.8884018473912,1189.3215588163528,1195.3653564453125,342547,,
2023-06-06,1189.3701976128623,1208.3790651790737,1183.4238577118258,1206.57568359375,386992,,
2023-06-07,1215.2515476320243,1240.4504584906076,1210.5237248899855,1225.6820068359375,962461,,
2023-06-08,1232.1156646383038,1235.0888938674834,1218.22457013348,1221.100341796875,342612,,
2023-06-09,1218.4683943536486,1226.4131501836205,1182.497862318792,1184.8861083984375,635421,,
2023-06-12,1190.3696808708755,1197.8609257732394,1170.4420776868706,1187.383056640625,301610,,
2023-06-13,1196.6369564203599,1202.6103248486697,1185.8652653232862,1194.482666015625,486419,,
2023-06-14,1191.3000331960507,1192.4750788690712,1180.2835317488925,1186.8934326171875,523635,,
2023-06-15,1186.8934838885905,1197.4692540126996,1175.1914390127563,1184.3963623046875,887511,,
2023-06-16,1186.7956727294718,1233.7994225426817,1186.4040704437355,1228.7073974609375,1685160,,
2023-06-19,1239.3810229838923,1243.6407133308742,1216.3197635165013,1233.7503662109375,354553,,
2023-06-20,1251.4747181968223,1268.0728679356894,1234.4358366238907,1265.428955078125,758433,,
2023-06-21,1269.0032574889299,1295.4428649483812,1261.3162103386164,1275.5152587890625,645726,,
2023-06-22,1275.4664055732833,1288.6862109285532,1244.326371810624,1249.4674072265625,630696,,
2023-06-23,1249.3203071661935,1254.1185100717357,1233.9460952405252,1247.9493408203125,325251,,
2023-06-26,1249.516132141899,1259.3085783185597,1233.407605995971,1254.9019775390625,418525,,
2023-06-27,1254.9020731598498,1305.3331748123917,1247.6067480170286,1300.7796630859375,1634789,,
2023-06-28,1300.4369045671535,1310.1803410901562,1286.9232804851338,1305.039306640625,999855,,
2023-06-30,1304.353862186975,1324.4283773332459,1293.631181179622,1316.54541015625,1056830,,
2023-07-03,1322.0293160496244,1325.8972846858362,1304.892534305162,1310.3272705078125,482320,,
2023-07-04,1314.7827413675552,1314.7827413675552,1279.5299369668792,1287.755615234375,662393,,
2023-07-05,1288.4902702777379,1307.291721377243,1279.5301570441022,1299.5556640625,482995,,
2023-07-06,1299.5555856436185,1317.8185227588,1291.2320058974178,1312.3836669921875,597110,,
2023-07-07,1312.3837210547,1326.3379582628693,1298.037881589352,1309.88671875,640267,,
2023-07-10,1309.8376654911783,1318.5039570377673,1294.4635717661197,1314.9298095703125,671900,,
2023-07-11,1318.0633563405888,1329.079859133183,1305.43107589774,1318.455078125,597657,,
2023-07-12,1317.0840442825881,1338.3336052120958,1306.5081543279439,1334.0250244140625,499719,,
2023-07-13,1336.619843590482,1354.2952560997362,1324.3792863227695,1328.2962646484375,375783,,
2023-07-14,1327.8559009610353,1350.2806299804781,1323.400289466871,1347.2449951171875,447923,,
2023-07-17,1346.9021267260184,1354.2954723107289,1325.799474349494,1336.8648681640625,364464,,
2023-07-18,1340.7817414065196,1346.216597087237,1315.9579131689889,1323.5960693359375,752293,,
2023-07-19,1310.3273039600672,1358.359304119041,1288.6860200833341,1338.0888671875,1601263,,
2023-07-20,1333.1925706621248,1377.6993113839394,1319.0915434400642,1369.66943359375,1363037,,
2023-07-21,1376.2794346394257,1393.7590484030595,1359.5343739475534,1380.29443359375,898024,,
2023-07-24,1372.9989751336918,1380.735032200169,1349.0074798933342,1358.7020263671875,484640,,
2023-07-25,1361.247989438516,1371.921780229872,1339.6067061773483,1344.600830078125,694314,,
2023-07-26,1349.007419698103,1355.029798264396,1333.780236957243,1340.8797607421875,407577,,
2023-07-27,1336.5711415147239,1354.9319800048247,1322.5678942115903,1329.5205078125,468921,,
2023-07-28,1331.6749113671774,1348.9095944377702,1329.5205012729105,1345.2374267578125,359852,,
2023-07-31,1346.4613397901817,1362.3250546697586,1321.9802245212693,1356.743408203125,792736,,
2023-08-01,1363.1086055335973,1363.1086055335973,1324.1346191411587,1334.3677978515625,850668,,
2023-08-02,1334.3677241828693,1352.336839306136,1323.8897348789706,1330.59765625,1068438,,
2023-08-03,1330.54866681205,1337.3543693078343,1304.6476936610052,1319.38525390625,473287,,
2023-08-04,1321.9804030222426,1346.4125115448949,1318.65094698877,1338.5296630859375,285450,,
2023-08-07,1339.704569776259,1392.485879846559,1339.704569776259,1369.1798095703125,1109451,,
2023-08-08,1382.6443632850905,1390.4294295665768,1359.3384135586318,1386.512451171875,778913,,
2023-08-09,1380.7349307088975,1380.7349307088975,1357.7226818637491,1365.0670166015625,404048,,
2023-08-10,1364.087949256501,1364.087949256501,1320.9032792929092,1327.3172607421875,1588599,,
2023-08-11,1335.640771136315,1359.7302865730012,1317.6227641455714,1342.1038818359375,740173,,
2023-08-14,1335.7387215634474,1341.7609805717866,1318.1612082565944,1322.322998046875,322253,,
2023-08-16,1317.0841463857832,1337.5992754237257,1309.7398109970147,1328.8350830078125,328308,,
2023-08-17,1328.8348572490463,1331.7725909054554,1306.752844783696,1316.7412109375,220848,,
2023-08-18,1312.187948749039,1316.741460687488,1296.5200329430804,1300.339111328125,312677,,
2023-08-21,1292.6029969734238,1314.9787143394483,1290.2038952861478,1301.8568115234375,267406,,
2023-08-22,1305.1374246409703,1320.4625090441136,1294.2677125029197,1297.303466796875,262829,,
2023-08-23,1298.4295475546026,1304.158225055772,1283.8877867104586,1292.94580078125,434785,,
2023-08-24,1295.0019370258522,1316.9860493994374,1295.0019370258522,1307.095703125,660106,,
2023-08-25,1297.4992712426551,1319.8260989700432,1293.680192876561,1298.28271484375,279437,,
2023-08-28,1287.7066460933868,1312.82429393403,1287.7066460933868,1299.80029296875,274467,,
2023-08-29,1298.4784986422771,1312.0900241568042,1283.7898278431564,1293.778076171875,396612,,
2023-08-30,1299.457567916227,1301.9056793855493,1287.755642907544,1295.589599609375,391094,,
2023-08-31,1291.623760550018,1299.8004298955898,1282.0271146660477,1286.4337158203125,837571,,
2023-09-01,1287.70669343201,1326.3868564666598,1287.70669343201,1313.509765625,639870,,
2023-09-04,1332.7030551668163,1369.8654640490224,1317.4268614272855,1329.8143310546875,802413,,
2023-09-05,1331.7727822110837,1336.0324727174325,1309.7397766230326,1318.357177734375,776280,,
2023-09-06,1323.9387591038828,1329.471515251561,1310.3272346406673,1317.133056640625,151416,,
2023-09-07,1321.9802242831872,1329.8141811678283,1311.6981558720959,1322.176025390625,379653,,
2023-09-08,1333.1927705146456,1333.1927705146456,1315.5174737906482,1321.001220703125,902545,,
2023-09-11,1321.00097672326,1341.5651134995303,1316.8391871375864,1338.28466796875,242519,,
2023-09-12,1343.4747217567,1345.237410035852,1316.8393136638485,1322.469970703125,885995,,
2023-09-13,1328.8348976240557,1334.8572757100144,1310.963684004572,1327.9046630859375,244308,,
2023-09-14,1330.7936122690605,1346.3636276665266,1317.084185799769,1340.4881591796875,173868,,
2023-09-15,1346.2655728490388,1356.2538203175643,1335.591782413568,1349.252197265625,733387,,
2023-09-18,1353.7078700827985,1358.1144711445677,1335.7387541049256,1349.594970703125,783162,,
2023-09-20,1339.9005361314237,1357.8696520038186,1336.0814579929677,1346.8531494140625,404250,,
2023-09-21,1338.7744355974924,1350.3784615592422,1319.4832429960497,1327.464111328125,392655,,
2023-09-22,1302.395430789119,1326.8765479092153,1294.1208610172084,1315.81103515625,577758,,
2023-09-25,1318.1613381727257,1322.372138425524,1281.537560501328,1288.6370849609375,400488,,
2023-09-26,1283.7898486828133,1295.3449843803787,1274.6828248248412,1281.4886474609375,468184,,
2023-09-27,1283.7897694663338,1284.6711135815463,1268.5624669489816,1276.5433349609375,435273,,
2023-09-28,1253.4332695703356,1263.9601505452426,1239.72384318441,1247.8026123046875,1191909,,
2023-09-29,1253.041424198587,1286.7274639037107,1248.5369227376189,1282.369873046875,925827,,
2023-10-03,1286.678560996188,1286.678560996188,1266.2124418349267,1278.1591796875,622904,,
2023-10-04,1269.101037969979,1282.5656516058486,1259.3085916893463,1276.2005615234375,414364,,
2023-10-05,1277.7185992080113,1287.7068478557817,1267.8281315913077,1269.78662109375,205623,,
2023-10-06,1273.7525057182445,1298.9190459465838,1268.8562823635712,1292.26025390625,404115,,
2023-10-09,1287.6577842239808,1293.239550795711,1268.1709101149013,1271.5982666015625,120033,,
2023-10-10,1279.8728258024437,1296.2751745646403,1265.331065881808,1286.92333984375,461070,,
2023-10-11,1292.602945448591,1297.205347515432,1279.3341325499496,1286.286865234375,306389,,
2023-10-12,1289.665309910158,1301.710067908513,1285.160808057753,1297.4013671875,477626,,
2023-10-13,1292.6030674074902,1308.1730828086047,1283.1533316816005,1286.6785888671875,293987,,
2023-10-16,1285.748192925024,1314.5868993233244,1285.748192925024,1309.7886962890625,298736,,
2023-10-17,1312.187873155272,1336.1303578022666,1308.760516770165,1332.115478515625,601632,,
2023-10-18,1333.7802616468546,1339.9984414455703,1317.1819926307128,1330.3529052734375,252462,,
2023-10-19,1342.3486338298028,1379.217099816628,1333.4864218019347,1343.2298583984375,1120954,,
2023-10-20,1343.1809640593403,1368.984036986473,1331.5279286783668,1359.3385009765625,496087,,
2023-10-23,1359.3385380908105,1389.939934602883,1350.9170576780293,1370.0123291015625,1275080,,
2023-10-25,1370.061210829885,1380.9798129427297,1342.59346921878,1349.6929931640625,511978,,
2023-10-26,1334.0738303277535,1346.069576438797,1317.4756825030684,1327.512939453125,368083,,
2023-10-27,1331.7886684825303,1344.0253503230201,1327.1200366188461,1334.098388671875,347173,,
2023-10-30,1329.3315014675472,1335.4252466803637,1309.4283865657228,1331.2972412109375,222640,,
2023-10-31,1331.2971661170925,1361.0781695413025,1328.8399915764555,1350.2666015625,519546,,
2023-11-01,1350.0208486130625,1361.6678316336088,1331.5920400428245,1334.5406494140625,197008,,
2023-11-02,1337.7840875412817,1355.033500867978,1331.7886056372104,1347.416259765625,349810,,
2023-11-03,1354.1488051898561,1354.1488051898561,1336.702867035532,1339.3565673828125,131204,,
2023-11-06,1339.6513983765185,1360.9305513341008,1329.3312665474991,1352.28125,418854,,
2023-11-07,1351.4459859650992,1366.3364875517595,1334.2457643255434,1355.9671630859375,611603,,
2023-11-08,1355.9670608151835,1361.1763183962423,1337.9314251949913,1344.5657958984375,290849,,
2023-11-09,1343.6321688950877,1345.9418888618807,1330.8056703874788,1333.9508056640625,179012,,
2023-11-10,1326.8741144316764,1339.1107943841944,1320.9768961453133,1329.0855712890625,285344,,
2023-11-13,1338.3246031289957,1341.5680012778002,1313.1139703461915,1335.8182373046875,675464,,
2023-11-15,1350.413958599782,1378.9663752304207,1336.8994984006242,1371.64404296875,627341,,
2023-11-16,1375.9192985461611,1382.897649326594,1368.3020584734668,1375.6243896484375,439134,,
2023-11-17,1379.7525663845324,1458.6769332251458,1377.0004831659626,1421.3770751953125,2327051,,
2023-11-20,1421.3771944116934,1426.3898064281022,1395.6751249804688,1421.3280029296875,717176,,
2023-11-21,1424.17824890793,1459.5615594398041,1423.6376225608958,1439.658447265625,757349,,
2023-11-22,1444.8187380923318,1449.5856330622998,1414.2023170273856,1424.2767333984375,206343,,
2023-11-23,1423.8833982220451,1451.8461153706053,1411.2535455810105,1414.349609375,499224,,
2023-11-24,1409.8285339861786,1425.1612796193408,1402.1621011799828,1413.8582763671875,701500,,
2023-11-28,1415.3324389423244,1432.8766399708702,1408.501542176616,1425.2593994140625,1106120,,
2023-11-29,1430.9600741085628,1431.5989634334626,1407.9117067881512,1415.922119140625,851718,,
2023-11-30,1411.6467840864852,1464.4760371027767,1411.6467840864852,1454.6473388671875,1003720,,
2023-12-01,1466.441604181334,1466.441604181334,1424.7188330728195,1432.6800537109375,454189,,
2023-12-04,1439.8060281305839,1454.942247405066,1419.8537227261447,1445.7032470703125,589575,,
2023-12-05,1445.752133644215,1461.9694836540675,1429.0925402621422,1441.23095703125,677843,,
2023-12-06,1443.7865371838727,1445.6049422877622,1414.98852418169,1420.934814453125,313506,,
2023-12-07,1414.3986129864513,1429.2399206548478,1414.3986129864513,1424.620361328125,225090,,
2023-12-08,1429.2401648222326,1430.173843154364,1415.3817244329373,1424.571533203125,287248,,
2023-12-11,1416.4135689088596,1433.810435424468,1416.4135689088596,1422.2125244140625,472341,,
2023-12-12,1437.2504501858396,1448.3077346176829,1423.195365094122,1430.41943359375,765001,,
2023-12-13,1429.0926275462145,1430.5669321826103,1404.4716921267193,1428.5029296875,386336,,
2023-12-14,1439.904213247026,1441.8699527872952,1421.2296876144708,1437.8892822265625,655313,,
2023-12-15,1445.35922206766,1447.718013587449,1422.9497427958838,1426.782958984375,423327,,
2023-12-18,1418.3303310354677,1438.6264966818676,1408.3049869596152,1424.5223388671875,459786,,
2023-12-19,1424.5221668167978,1427.0285325278544,1410.9586370288978,1417.3472900390625,561481,,
2023-12-20,1420.4432864524767,1428.7486076622956,1383.9788434486807,1388.991455078125,409956,,
2023-12-21,1387.8120029482707,1390.7606120196904,1363.043734740028,1381.6690673828125,234544,,
2023-12-22,1388.8934487261222,1403.7347604022739,1381.6693788683808,1398.230712890625,230698,,
2023-12-26,1398.6236219894142,1414.6935180354033,1378.9662274428308,1391.841796875,398150,,
2023-12-27,1395.4786876194257,1407.469652026281,1386.4854043246685,1390.7608642578125,326744,,
2023-12-28,1404.520952685309,1416.3153903565642,1392.038554141587,1412.3839111328125,239294,,
2023-12-29,1403.488819012529,1403.488819012529,1385.8955463769912,1395.7733154296875,289414,,
2024-01-01,1404.5209598776646,1418.6743091514932,1395.675131578925,1412.5804443359375,156358,,
2024-01-02,1418.2811530200447,1424.1291804687348,1391.3014244002313,1395.08544921875,491395,,
2024-01-03,1392.7756434255139,1395.0853633690297,1350.1681432841651,1354.39453125,701759,,
2024-01-04,1356.4095859574707,1374.0520517924413,1351.4460452178876,1369.334228515625,581309,,
2024-01-05,1370.9067693549978,1374.5925309015365,1361.6677697491637,1371.6929931640625,296418,,
2024-01-08,1371.1034201815507,1381.6692709105482,1355.3775028174612,1371.7423095703125,659991,,
2024-01-09,1372.6268897614384,1395.6751389588933,1360.291825576837,1371.1033935546875,855991,,
2024-01-10,1371.103235309482,1371.103235309482,1353.804752537262,1364.2723388671875,639538,,
2024-01-11,1364.22311290205,1374.7889619392959,1361.5694127634486,1369.3831787109375,302118,,
2024-01-12,1367.2210691285654,1372.9216419220204,1357.3431797491294,1370.21875,446952,,
2024-01-15,1386.8292692729792,1392.8739424580715,1347.2195688704462,1349.28369140625,781961,,
2024-01-16,1349.283502302722,1359.505250670199,1330.3140700830365,1350.659423828125,1288819,,
2024-01-17,1385.8955895988288,1450.715803987191,1385.8955895988288,1429.534912109375,5235862,,
2024-01-18,1429.0926996861037,1437.1031126107257,1398.6237356625347,1415.3817138671875,503202,,
2024-01-19,1430.026316926767,1476.2703873724315,1410.3198501214777,1461.4781494140625,1134043,,
2024-01-23,1464.4758807969165,1474.0588605538092,1425.7507898860413,1453.86083984375,1546007,,
2024-01-24,1449.7329201096134,1487.0819716107424,1447.0300282246633,1482.6590576171875,594375,,
2024-01-25,1482.6590940573942,1484.0842072764328,1450.7650170227912,1456.8095703125,324540,,
2024-01-29,1456.8094733206665,1470.2256692001379,1443.639114854177,1463.3455810546875,374957,,
2024-01-30,1467.22806010544,1494.4535051038042,1459.4633648236238,1474.009765625,805250,,
2024-01-31,1474.0097831735934,1479.2190410773824,1464.3285396912904,1471.454345703125,506409,,
2024-02-01,1472.8794630510142,1491.5047962046856,1468.505620820909,1486.4429931640625,339207,,
2024-02-02,1497.8935243657727,1497.8935243657727,1466.7366007548392,1473.3709716796875,335712,,
2024-02-05,1474.3045846462296,1495.2397577398917,1474.3045846462296,1492.5859375,379612,,
2024-02-06,1495.9278307737661,1568.0704978568606,1493.0774843671172,1563.6966552734375,1019177,,
2024-02-07,1572.4934274425918,1599.227438188168,1567.8247958616355,1596.770263671875,1029393,,
2024-02-08,1596.7702278740753,1612.348689962275,1584.3860925854428,1592.93701171875,831036,,
2024-02-09,1592.8386115853139,1616.0343125059933,1579.5698706373034,1610.333740234375,626195,,
2024-02-12,1621.7351727990504,1631.1216273969405,1583.9438769155136,1587.629638671875,644401,,
2024-02-13,1587.285305057006,1618.8845885348842,1576.8178391901786,1602.7164306640625,669899,,
2024-02-14,1572.59168544514,1616.8208265982846,1572.59168544514,1611.5133056640625,238109,,
2024-02-15,1611.5133419981069,1631.2690014960883,1588.3176381106532,1621.29296875,329883,,
2024-02-16,1626.4528665850698,1634.4631588489403,1610.4320420989002,1617.2138671875,783069,,
2024-02-19,1617.312029693635,1621.489225759389,1607.0410897118759,1614.8056640625,661296,,
2024-02-20,1604.0434088988036,1628.0254544492611,1599.423969132019,1620.7030029296875,894551,,
2024-02-21,1630.4826973456293,1638.4439185448741,1611.906434561244,1616.3785400390625,511833,,
2024-02-22,1607.4835879291832,1624.3889008132996,1593.2319755629508,1618.0494384765625,394970,,
2024-02-23,1626.452861599757,1626.452861599757,1593.379271506554,1611.169189453125,301727,,
2024-02-26,1611.9063114169594,1636.478053969047,1602.126805872913,1622.275634765625,347806,,
2024-02-27,1636.5763458850863,1704.2960935520575,1628.86084258313,1697.1702880859375,3828778,,
2024-02-28,1696.4332862310177,1705.1808515058058,1659.5264770006404,1694.9097900390625,2135960,,
2024-02-29,1690.5360439562949,1694.909766543446,1642.1788981324898,1682.4273681640625,3109844,,
2024-03-01,1694.860636783846,1694.860636783846,1607.041247793951,1615.6904296875,1532835,,
2024-03-04,1623.6516590914903,1626.5511968836136,1597.2616299167275,1621.8333740234375,861437,,
2024-03-05,1621.784153102392,1631.5636583641565,1613.8720042373163,1624.1429443359375,665170,,
2024-03-06,1625.568314482189,1642.0313829057009,1605.0755040523477,1627.435791015625,850658,,
2024-03-07,1616.919063488379,1641.3925451940022,1611.2675622100164,1637.6085205078125,907857,,
2024-03-11,1637.608531680995,1669.8957804261743,1616.9190745203998,1626.0106201171875,589504,,
2024-03-12,1626.0105267307988,1665.3745077213077,1601.291328829328,1632.6448974609375,1272822,,
2024-03-13,1641.1959477217615,1650.0417754242233,1608.0240938375298,1615.1007080078125,1712838,,
2024-03-14,1603.9942531816757,1637.0187730257232,1583.4031797483306,1633.4312744140625,482962,,
2024-03-15,1605.0755664606502,1659.8213660417366,1605.0755664606502,1623.06201171875,484001,,
2024-03-18,1617.8036402431192,1633.9227284552373,1615.5429917820757,1627.976318359375,1258890,,
2024-03-19,1631.5637214398198,1639.377487656235,1615.0514622913943,1628.6151123046875,661062,,
2024-03-20,1625.125938786113,1637.2152846926851,1593.2810548961309,1612.299560546875,404017,,
2024-03-21,1621.7350633965934,1648.32173773063,1608.1223415572592,1644.3902587890625,382800,,
2024-03-22,1646.011889313217,1652.597188493642,1628.6151430788943,1641.2449951171875,363547,,
2024-03-26,1641.2451002570324,1642.3754245151106,1594.214804646026,1620.01513671875,1816648,,
2024-03-27,1631.5639500048053,1641.294385509716,1622.767312844363,1634.1685791015625,209280,,
2024-03-28,1624.2414034134772,1663.9984355868767,1624.2414034134772,1655.64404296875,687954,,
2024-04-01,1679.7245254384873,1687.7349384819179,1661.3449077627115,1668.7655029296875,296627,,
2024-04-02,1670.878580263524,1682.5255628418704,1651.3686396604082,1659.96875,334235,,
2024-04-03,1670.8784880040512,1680.6579935156844,1661.0497910157922,1663.7034912109375,635748,,
2024-04-04,1672.8442253806995,1673.0407513285427,1604.5839728713913,1610.2354736328125,665511,,
2024-04-05,1618.7864328849937,1698.3988804039277,1618.7864328849937,1688.3736572265625,1085353,,
2024-04-08,1698.3988353405803,1698.3988353405803,1674.4167907531235,1681.3951416015625,378044,,
2024-04-09,1695.4503783440975,1698.3989876977394,1649.3046899512904,1673.1392822265625,626217,,
2024-04-10,1680.7073167289916,1690.5360144876408,1652.2040932289094,1657.953857421875,148122,,
2024-04-12,1662.0328524520448,1667.3403734338397,1627.190165600787,1638.6405029296875,311722,,
2024-04-15,1618.983084277177,1629.5981260938445,1583.8946804585225,1602.3726806640625,385070,,
2024-04-16,1589.4968781525365,1664.6864124402148,1589.4968781525365,1620.408203125,1708675,,
2024-04-18,1680.7071569494742,1717.0733351992583,1642.7192197278446,1680.805419921875,4921694,,
2024-04-19,1680.8056986474007,1709.4071871531153,1645.9138191351879,1660.8043212890625,896851,,
2024-04-22,1663.4579926733622,1676.677663849616,1648.7641367340993,1657.1185302734375,539679,,
2024-04-23,1657.1185599417909,1675.793087011123,1643.3583821012303,1666.750732421875,635621,,
2024-04-24,1666.9472066348367,1694.4183699789035,1659.0842481129744,1671.4683837890625,597042,,
2024-04-25,1684.9336568986712,1684.9336568986712,1653.4818249643404,1677.5621337890625,632326,,
2024-04-26,1642.3755069976328,1689.897239891874,1642.3755069976328,1663.6546630859375,299903,,
2024-04-29,1663.6544563293564,1681.2478483214004,1645.6188209547918,1676.4317626953125,564034,,
2024-04-30,1685.3760558191677,1699.8241944555807,1664.0968998166243,1681.3463134765625,1438902,,
2024-05-02,1681.1495970288277,1705.5740074784346,1666.1117611156258,1670.731201171875,320184,,
2024-05-03,1678.4464885751008,1678.4464885751008,1613.3313728946243,1644.734130859375,774101,,
2024-05-06,1646.1103705728492,1658.936749331485,1623.9466088396955,1652.548095703125,847317,,
2024-05-07,1653.8749744258391,1690.4868746962693,1638.1982490131434,1656.184814453125,962627,,
2024-05-08,1646.552567834951,1698.2514932903046,1641.3925015874456,1692.9931640625,819541,,
2024-05-09,1698.0057156406165,1701.3474967068253,1616.6732457662724,1623.258544921875,548189,,
2024-05-10,1635.4952603069516,1666.4064658829652,1618.835666073757,1633.0380859375,478772,,
2024-05-13,1639.3776084083827,1659.6248219443494,1618.1968365484254,1655.3001708984375,379122,,
2024-05-14,1655.1035112408304,1671.1243365807118,1640.8028279881044,1654.9561767578125,326910,,
2024-05-15,1650.1891344621806,1655.9880900381654,1621.6859114411482,1624.58544921875,327336,,
2024-05-16,1626.600370198125,1651.2213073258347,1622.8163453646819,1648.076171875,389375,,
2024-05-17,1648.0760008098353,1654.3171995599341,1633.136309020997,1640.9501953125,400085,,
2024-05-21,1645.5697345143822,1647.1914936524984,1597.1633976920239,1619.6219482421875,547370,,
2024-05-22,1613.085712150701,1623.0618636541267,1609.7931226341886,1619.474365234375,457808,,
2024-05-23,1620.7523316538807,1636.429057276429,1609.0070853076306,1632.93994140625,235391,,
2024-05-24,1632.9398808458097,1644.439409310811,1618.5408145345375,1631.465576171875,745275,,
2024-05-27,1621.8332778866516,1638.3946084370305,1587.334575201641,1595.7381591796875,692685,,
2024-05-28,1597.163495531106,1615.3957791179373,1584.3861875668572,1607.1396484375,527439,,
2024-05-29,1611.8572695650394,1612.1521784947247,1561.1412122255217,1569.49560546875,556931,,
2024-05-30,1567.4807291904274,1581.3391687040535,1552.442773986337,1558.9788818359375,218899,,
2024-05-31,1558.1925636584785,1570.8716076692976,1540.4026448426132,1553.67138671875,2548278,,
2024-06-03,1602.0776715392344,1602.0776715392344,1560.8463340578712,1573.23046875,817180,,
2024-06-04,1567.6771892799022,1583.0591242551998,1455.1386073535393,1509.93359375,1917683,,
2024-06-05,1504.2329248182546,1606.5497593226592,1504.2329248182546,1602.5198974609375,847914,,
2024-06-06,1602.2252012568056,1621.4894250138152,1587.9243979179728,1616.624267578125,716813,,
2024-06-07,1620.3728262667216,1637.784016068602,1608.2885894368223,1632.7530517578125,363770,,
2024-06-10,1632.7530206806825,1667.082045056222,1622.8883377419943,1657.3653564453125,278537,,
2024-06-11,1657.2667215037764,1657.4639669937014,1618.79445832601,1623.0855712890625,622014,,
2024-06-12,1632.5063577258336,1646.2182907089366,1622.888292130927,1632.60498046875,281407,,
2024-06-13,1642.4696086980846,1652.2849194535409,1628.6590534297522,1640.20068359375,206868,,
2024-06-14,1666.1448618230233,1743.0400131696042,1618.7943861761878,1707.4779052734375,5530486,,
2024-06-18,1707.5764948078938,1759.859310651232,1706.5406550058678,1721.6336669921875,3501765,,
2024-06-19,1729.2789609258461,1757.886542139109,1718.4278094311603,1735.9376220703125,2946420,,
2024-06-20,1736.9240603002052,1736.9240603002052,1686.8114224617866,1724.642578125,1459465,,
2024-06-21,1721.3871571343059,1753.9406105356995,1718.033140881979,1733.0767822265625,1163546,,
2024-06-24,1731.0052207022982,1762.6708285231696,1708.4150729234395,1747.528564453125,893193,,
2024-06-25,1751.967611016237,1761.6350480282035,1721.4364668632759,1756.20947265625,802613,,
2024-06-26,1755.9135595460807,1779.440804223716,1740.968540840403,1762.72021484375,910690,,
2024-06-27,1765.7782510984594,1789.4534902193325,1749.2055355464508,1769.1815185546875,1303155,,
2024-06-28,1768.7376179690114,1784.2251217269434,1761.043117252726,1765.3343505859375,414902,,
2024-07-01,1762.8188617313044,1808.1964037792284,1758.0345145338636,1782.6468505859375,514895,,
2024-07-02,1800.2552369881166,1822.993378978815,1775.6429016027419,1783.33740234375,924021,,
2024-07-03,1815.1016584041547,1838.678274681255,1795.569538043061,1828.17236328125,1447840,,
2024-07-04,1833.8444563821972,1836.7544895199815,1796.4080348778841,1802.918701171875,404757,,
2024-07-05,1802.2282057176396,1851.9956035159591,1801.833714733923,1839.812744140625,599567,,
2024-07-08,1839.8125905463276,1846.3725078341356,1806.7165338017846,1814.065673828125,534239,,
2024-07-09,1814.115239304478,1850.713189869064,1814.115239304478,1832.1182861328125,699638,,
2024-07-10,1836.7545732576384,1859.0488528112107,1797.3452134785648,1852.3408203125,928915,,
2024-07-11,1853.3767177697794,1860.6764869635426,1838.776938545262,1848.8388671875,400733,,
2024-07-12,1848.8387975067546,1852.8834137792617,1833.1046766481652,1840.059326171875,126088,,
2024-07-15,1841.8842320277195,1855.4974217371691,1828.4682878024764,1851.304931640625,181341,,
2024-07-16,1839.7634148797267,1877.54519966369,1837.3466156656477,1847.7537841796875,981612,,
2024-07-18,1850.2198828296644,1890.0732254457255,1838.6782521151638,1884.697021484375,1156392,,
2024-07-19,1874.3390633609124,1888.5441099533004,1842.9199529823259,1855.94140625,648489,,
2024-07-22,1867.3843771504569,1888.1002101774825,1836.3106276099184,1870.6397705078125,1590295,,
2024-07-23,1894.019131739145,1898.951473228049,1831.7236346505886,1854.9056396484375,1213581,,
2024-07-24,1854.9055146860678,1896.5345462990244,1851.6502417737902,1883.80908203125,947140,,
2024-07-25,1876.262674765087,1938.4101766106185,1861.1696618637757,1933.9710693359375,1248295,,
2024-07-26,1931.5048740633756,1953.256547600076,1925.7833099258226,1940.6790771484375,796946,,
2024-07-29,1942.355975081281,1975.8958954229588,1931.356830062004,1941.3695068359375,1376808,,
2024-07-30,1936.8319136592527,1976.88250316258,1896.8305753205757,1940.92578125,1466306,,
2024-07-31,1933.477870546133,1992.665968624076,1932.9846363954837,1980.631103515625,956425,,
2024-08-01,1997.2528919580434,2003.5169410282263,1966.5737546109287,1977.2275390625,397222,,
2024-08-02,1957.1530040202633,1980.6309964899176,1950.247726284305,1956.4625244140625,238801,,
2024-08-05,1932.9844592943466,1969.4344115203835,1889.1359954864226,1912.9591064453125,505232,,
2024-08-06,1923.6131836320315,1952.0727699830938,1879.2714817459623,1887.3604736328125,493145,,
2024-08-07,1907.8296386622953,1926.3259187682509,1902.8972973007071,1908.865478515625,667189,,
2024-08-08,1910.78895573495,1955.1306543720405,1909.8024875079313,1943.3424072265625,993016,,
2024-08-09,1953.207217705837,1963.0225290415576,1934.2177030892524,1939.3472900390625,721536,,
2024-08-12,1946.5980084993787,1958.1396398211014,1916.7079698601513,1925.0435791015625,611318,,
2024-08-13,1930.4197110959801,1964.4034935880848,1903.8836915190896,1920.9002685546875,974239,,
2024-08-14,1920.653670478097,1953.2071225200984,1913.7977643517972,1951.184814453125,749866,,
2024-08-16,1976.1425768637826,2019.1033185154756,1950.1984129986363,2009.139892578125,1194117,,
2024-08-19,2015.7985801970142,2022.259995667642,1966.0806746871012,1986.7965087890625,570280,,
2024-08-20,1997.3022504365533,2057.7728033228814,1984.872774365952,2036.119873046875,1634070,,
2024-08-21,2041.9893046987502,2042.038676279303,2018.9552948381408,2032.02587890625,624633,,
2024-08-22,2032.1244840636477,2062.704998144217,2022.0131850531368,2055.010498046875,923088,,
2024-08-23,2061.175876264287,2090.6220475682176,2056.8848842131683,2068.426513671875,703497,,
2024-08-26,2079.475054114148,2098.908430313949,2052.0511888194414,2093.5322265625,995347,,
2024-08-27,2095.2587281672522,2130.771587966697,2073.063190792599,2124.211669921875,1057812,,
2024-08-28,2134.66768630918,2141.572963298637,2104.383162537093,2112.916015625,618057,,
2024-08-29,2111.0421271145588,2118.2927653345355,2082.4345468873057,2109.41455078125,611596,,
2024-08-30,2120.3146960963804,2153.460124628845,2098.3166474561867,2112.768310546875,2816240,,
2024-09-02,2113.014976282396,2177.825891673243,2113.014976282396,2156.07421875,746937,,
2024-09-03,2165.1006268473234,2186.6056834962314,2119.180480293946,2178.220703125,798222,,
2024-09-04,2172.844052013381,2232.3775033309407,2160.414697380793,2220.243896484375,1189741,,
2024-09-05,2224.486069062534,2253.093650438505,2214.078780084222,2224.929931640625,1041552,,
2024-09-06,2228.4315548607215,2254.079726806883,2217.037799540325,2231.094970703125,828004,,
2024-09-09,2230.947344712309,2242.68622068805,2152.4737463513966,2202.191650390625,604737,,
2024-09-10,2198.443549907192,2213.0924609939434,2116.369187203831,2131.85693359375,1525808,,
2024-09-11,2142.2147243239433,2150.2543448882575,2097.0837981724867,2101.128173828125,492325,,
2024-09-12,2112.9656230913706,2127.8120184435484,2083.4209471269232,2093.7294921875,766593,,
2024-09-13,2096.146384440455,2112.324608986279,2076.56513328008,2080.708251953125,341976,,
2024-09-16,2085.3936396871586,2087.415947533526,2058.7590000128193,2066.552001953125,294160,,
2024-09-17,2066.552235469385,2084.703395726592,2048.4013160491522,2074.542724609375,542676,,
2024-09-18,2078.4885262629255,2117.8978832327907,2062.4584177903234,2111.48583984375,602154,,
2024-09-19,2120.9068104137073,2189.959590287642,2118.983245427473,2170.230224609375,2268811,,
2024-09-20,2189.9596521303524,2223.992808886432,2172.8443305863393,2203.819580078125,1452094,,
2024-09-23,2209.6889621329856,2270.751252742849,2205.3485980064465,2244.41259765625,458636,,
2024-09-24,2239.28302281629,2260.8374513310564,2186.0137350488544,2195.87841796875,714781,,
2024-09-25,2200.7613606596433,2243.968719482422,2185.8164625554173,2237.31005859375,383695,,
2024-09-26,2244.1662178328666,2247.9642174728424,2206.877664487412,2226.952392578125,385086,,
2024-09-27,2226.952026089664,2228.4317284325803,2170.3779768440263,2207.86376953125,1640821,,
2024-09-30,2206.2365910157055,2209.491984924379,2128.305586906499,2144.976806640625,1521922,,
2024-10-01,2138.7125767453044,2184.287362562503,2115.974434999015,2124.75390625,381613,,
2024-10-03,2110.894106468132,2144.5325281016844,2100.7334356849606,2106.306884765625,444205,,
2024-10-04,2111.042064603468,2130.7220581131005,2088.254551590014,2097.823486328125,470353,,
2024-10-07,2120.906748579904,2136.492995178724,2052.3472048467397,2072.37255859375,448450,,
2024-10-08,2072.3727942534665,2089.734493016266,2032.1248366990174,2071.7314453125,1041555,,
2024-10-09,2085.3941350011246,2090.07985976047,2041.989526704034,2055.553466796875,411516,,
2024-10-10,2069.6101865328274,2086.3801451462964,2047.118664460314,2051.853759765625,236249,,
2024-10-11,2065.6645268123043,2065.6645268123043,2033.209817544361,2039.375244140625,449392,,
2024-10-14,2037.0572786001553,2068.1310336974457,2022.753486571244,2061.077880859375,325426,,
2024-10-15,2070.5968717218125,2105.369877785745,2054.8627511879395,2074.739990234375,719252,,
2024-10-16,2083.2732714642857,2115.9746007778717,2036.51452739245,2047.5137939453125,585502,,
2024-10-17,2056.2932110191305,2056.2932110191305,2005.2928470926508,2012.8392333984375,665718,,
2024-10-18,2015.3547011401927,2015.3547011401927,1961.641551325659,1993.60302734375,508530,,
2024-10-21,2006.4764742009743,2066.009931016607,1980.8776705957475,1996.95703125,1651160,,
2024-10-22,1993.6524544352776,2015.8973629923419,1949.1627577396441,1959.3726806640625,1256193,,
2024-10-23,1959.7671368033998,1976.882336541557,1924.2049088793574,1932.44189453125,456048,,
2024-10-24,1938.4102322728254,1953.2072569466636,1920.505808333782,1929.285400390625,708334,,
2024-10-25,1929.3346915780069,1930.7650224028112,1890.8624290291707,1903.0452880859375,468694,,
2024-10-28,1891.124409147605,1908.0412231460373,1857.8843302666387,1875.6915283203125,691000,,
2024-10-29,1879.4507546515315,1904.3807820385596,1850.5634516299522,1892.80615234375,1098306,,
2024-10-30,1892.855556614724,1935.246554301286,1881.5282490258373,1907.249755859375,911491,,
2024-10-31,1914.0759051354523,1933.169105386498,1859.9123465446621,1896.812744140625,992543,,
2024-11-01,1913.2845333229714,1925.1559988865058,1885.0402898646119,1895.774169921875,35076,,
2024-11-04,1888.057660271892,1891.520171045249,1838.1480890010503,1850.8109130859375,674361,,
2024-11-05,1849.9699387409069,1920.2094390888237,1824.100014108096,1895.5267333984375,902841,,
2024-11-06,1909.327350707379,1929.904605693694,1898.0494344314716,1912.9876708984375,374768,,
2024-11-07,1923.078336407715,1982.2872412064787,1884.74339911676,1895.9718017578125,238211,,
2024-11-08,1892.6576854121881,1902.896799222697,1877.6204248348504,1889.6898193359375,243163,,
2024-11-11,1872.7235934384364,1911.3058544759954,1860.8521285038028,1900.5225830078125,259334,,
2024-11-12,1910.5143144533424,1912.3939871608084,1854.9163370816611,1871.9815673828125,859956,,
2024-11-13,1855.9057096001945,1872.2289741036077,1844.0342445068031,1848.189208984375,257151,,
2024-11-14,1830.2336932188657,1874.059112218008,1830.0357630119531,1843.440673828125,308495,,
2024-11-18,1850.0195255665044,1853.13568860354,1814.8997739861834,1819.7471923828125,631045,,
2024-11-19,1824.1495068042695,1829.0959504363857,1769.8870443125147,1821.181640625,1196590,,
2024-11-21,1821.2311024742826,1826.919512869449,1781.7090646425465,1785.369384765625,425435,,
2024-11-22,1785.3693952668443,1946.0299156991641,1780.719786352041,1817.818115234375,502559,,
2024-11-25,1832.1132101926753,1844.8256669485309,1806.5896334863603,1817.2244873046875,1161035,,
2024-11-26,1820.2913731447545,1852.0970318878583,1815.0976069985534,1834.5865478515625,651862,,
2024-11-27,1835.1307103689846,1851.5528801744451,1812.4759728647014,1843.7869873046875,290072,,
2024-11-28,1850.959200749006,1868.5685883236717,1829.689493204322,1851.05810546875,548196,,
2024-11-29,1859.8628414449647,1868.5686307100345,1826.2765368420705,1841.9072265625,519925,,
2024-12-02,1849.7225113339834,1869.607189669896,1803.1764305869606,1814.454345703125,345387,,
2024-12-03,1830.283114482589,1879.6486478605366,1814.4544942900793,1876.0377197265625,579822,,
2024-12-04,1876.037622680195,1933.2185584728145,1862.6822250836321,1929.953857421875,1024603,,
2024-12-05,1929.9045137404623,1933.911060662027,1900.7698880189657,1911.998291015625,569643,,
2024-12-06,1919.2201773666154,1936.8295654434446,1909.9208389525909,1929.01416015625,696971,,
2024-12-09,1924.1666545355324,1953.8453175874945,1914.6695065114625,1941.182373046875,454299,,
2024-12-10,1947.9094574314142,1947.9094574314142,1906.5571413149087,1924.9580078125,347391,,
2024-12-11,1919.2200943399005,1937.9176750816443,1909.8713643504193,1927.7774658203125,299853,,
2024-12-12,1928.0249555492721,1950.531275621762,1913.284528360226,1940.341552734375,321119,,
2024-12-13,1946.920276670965,1970.613694131231,1926.491439655981,1962.1058349609375,467454,,
2024-12-16,1967.8930959532988,1977.0935294592991,1932.9217634551746,1942.7652587890625,509005,,
2024-12-17,1942.9630404490567,1943.9523291661897,1882.6164287039487,1896.7633056640625,298909,,
2024-12-18,1894.4878903798538,1911.3057985451057,1847.99132074651,1854.6195068359375,389120,,
2024-12-19,1841.0662405739595,1884.5949426616833,1820.8353352951174,1877.669921875,1083512,,
2024-12-20,1872.7236184793717,1904.3808587283627,1864.7104036939033,1881.775634765625,398594,,
2024-12-23,1874.8505348968808,1878.6592723021777,1834.6359244256917,1842.1051025390625,1415336,,
2024-12-24,1842.0556438685817,1864.8587977543466,1814.8997161134425,1848.93115234375,896972,,
2024-12-26,1849.920389940519,1864.265076351686,1830.3325457815608,1841.2147216796875,118252,,
2024-12-27,1845.023541061711,1851.9485623954547,1802.5830290209242,1812.8221435546875,476041,,
2024-12-30,1812.8220583556101,1812.8220583556101,1771.8160894045432,1787.4468994140625,1866664,,
2024-12-31,1795.5591943543736,1798.6754782657292,1721.1647239732936,1768.60107421875,508209,,
2025-01-01,1764.6933216029745,1794.1246619329506,1744.8580338485817,1790.0684814453125,325526,,
2025-01-02,1790.0684408515142,1821.0827390893414,1767.3643128455144,1813.267333984375,791676,,
2025-01-03,1822.7644878976932,1824.149516274433,1784.429549549777,1818.510498046875,900919,,
2025-01-06,1824.9408562293365,1826.6721114919458,1780.4228637622416,1793.3331298828125,788231,,
2025-01-07,1786.1607434449659,1870.8438318035642,1785.814516553376,1863.5230712890625,1142167,,
2025-01-08,1854.0755841941218,1865.7491192964033,1827.117465040835,1839.28564453125,648480,,
2025-01-09,1838.7414922829764,1881.3302989596327,1830.233633495807,1868.0244140625,498197,,
2025-01-10,1873.7625208602642,1879.6487409808497,1835.674901635126,1857.4886474609375,501354,,
2025-01-13,1854.8175064000468,1867.7276521637887,1798.5269522246176,1817.27392578125,993052,,
2025-01-14,1816.037370812967,1852.5421510615415,1798.6259123831433,1811.5855712890625,322102,,
2025-01-15,1820.6870692424454,1887.562965676758,1780.7197789403378,1874.257080078125,528556,,
2025-01-16,1879.549679429812,1909.3272460051069,1847.3482830120215,1887.4639892578125,546624,,
2025-01-17,1887.4639237689469,1944.9415727479554,1887.4639237689469,1927.8763427734375,830712,,
2025-01-20,1958.7917635456022,1993.3673577333745,1889.5415496828787,1902.10546875,1491930,,
2025-01-21,1907.3486890193824,1931.982002775976,1873.6139671680178,1882.121826171875,1132137,,
2025-01-22,1888.601782282241,1898.2967398096257,1822.6161485997306,1830.0853271484375,485715,,
2025-01-23,1830.0851551683259,1833.1519259269269,1799.6645282270129,1814.454345703125,747789,,
2025-01-24,1819.302016666213,1822.1214654595492,1785.6661990660762,1796.2021484375,429489,,
2025-01-27,1771.2719698012622,1792.7396078390436,1752.3271871092272,1759.6478271484375,416775,,
2025-01-28,1760.8844396990887,1776.7625722382923,1726.4077513558193,1755.690673828125,910568,,
2025-01-29,1755.9875654002556,1830.184223093224,1738.4276897462528,1821.7752685546875,792094,,
2025-01-30,1815.592212000051,1850.9592854663372,1807.0843527453342,1825.732421875,318201,,
2025-01-31,1820.2914186507937,1859.9618759590483,1815.394487324215,1838.59326171875,524180,,
2025-02-01,1853.927134680255,1887.5629524919566,1782.846761486614,1859.8133544921875,307383,,
2025-02-03,1873.712889404043,1879.6486218942352,1827.2163182308698,1865.155517578125,707120,,
2025-02-04,1874.7020768689981,1878.609718908811,1843.2921608053618,1854.32275390625,255868,,
2025-02-05,1862.9790295564535,1873.712787741275,1827.3151238077971,1834.7843017578125,559179,,
2025-02-06,1841.0663561895337,1849.871050180934,1803.6218013083596,1808.3209228515625,228070,,
2025-02-07,1819.3019588445404,1831.3712329417672,1791.4534571816662,1807.3809814453125,352126,,
2025-02-10,1789.623372100926,1870.646145935665,1789.623372100926,1808.864990234375,378452,,
2025-02-11,1807.2819856371423,1811.3380450383202,1754.7012685867996,1775.8720703125,950495,,
2025-02-12,1764.990051181313,1788.584563936279,1730.6122667982336,1745.8968505859375,905327,,
2025-02-13,1760.8351281151631,1780.7198084907518,1737.3889115123604,1757.8177490234375,309112,,
2025-02-14,1760.835086488174,1765.0395637143815,1711.4200405130769,1719.3343505859375,439130,,
2025-02-17,1713.5965579126885,1718.9387413945794,1690.1009497512687,1706.5726318359375,335084,,
2025-02-18,1717.405223926764,1731.10684859413,1690.7439411346272,1719.779541015625,336707,,
2025-02-19,1720.3731866667965,1731.7500076252027,1698.8066429796586,1710.4307861328125,545419,,
2025-02-20,1711.4694931647552,1729.2766902034637,1703.5056706284415,1708.7984619140625,501605,,
2025-02-21,1711.469484006225,1723.7860802536422,1696.630153220044,1714.5362548828125,974392,,
2025-02-24,1710.4802734272296,1710.4802734272296,1686.7373430846885,1692.524658203125,557421,,
2025-02-25,1697.174395211766,1714.1901137259179,1659.9276489228464,1669.672119140625,1489542,,
2025-02-27,1664.181419782024,1716.4159119790645,1658.2952002621942,1682.9779052734375,963101,,
2025-02-28,1682.9778554625188,1690.7932601933512,1649.1442308844578,1672.837646484375,1224364,,
2025-03-03,1671.8980374234484,1671.8980374234484,1639.5483426375902,1645.681884765625,836343,,
2025-03-04,1644.0494887647706,1644.0494887647706,1596.415211191646,1622.13671875,1212429,,
2025-03-05,1622.1367399696123,1669.2763737832609,1602.7962170679082,1658.9383544921875,1146442,,
2025-03-06,1655.1295882980382,1694.6516254791418,1649.5400827187693,1684.0662841796875,1924774,,
2025-03-07,1684.7092352981776,1686.638420826126,1647.8582292121373,1668.880615234375,617116,,
2025-03-10,1663.1428124012857,1696.630212560788,1644.395718061382,1681.3951416015625,976837,,
2025-03-11,1681.3950906514726,1696.5806484077425,1657.108124942257,1682.2359619140625,1114944,,
2025-03-12,1682.2360615520122,1683.6706027440175,1640.240801048616,1647.8582763671875,883972,,
2025-03-13,1664.9730320411393,1664.9730320411393,1641.2301011029413,1660.7685546875,807125,,
2025-03-17,1663.9837399950063,1714.8825997890237,1652.5080142165646,1706.869384765625,878122,,
2025-03-18,1706.869384765625,1706.869384765625,1706.869384765625,1706.869384765625,0,,
2025-03-19,1723.3409822389606,1742.0385635466937,1713.4480948552698,1737.6856689453125,519456,,
2025-03-20,1726.4572713143118,1747.1334301634167,1701.0324782010764,1706.2757568359375,484811,,
2025-03-21,1715.9213206446889,1721.3624087182234,1683.076982760467,1704.7423095703125,740178,,
2025-03-24,1714.4374038936944,1777.2572395239597,1699.6475853850695,1765.929931640625,741272,,
2025-03-25,1780.7197504346377,1829.1948991964694,1752.6239257752227,1760.4393310546875,768343,,
2025-03-26,1761.8736756952428,1786.5069886698373,1740.801898678638,1753.4647216796875,381027,,
2025-03-27,1754.0089857492903,1778.7412049504928,1742.7805823845022,1775.0313720703125,454624,,
2025-03-28,1780.6702884791766,1785.6662451155023,1754.0090042048673,1773.6463623046875,791304,,
2025-04-01,1753.514316982924,1789.3265215831866,1749.1120303314385,1772.70654296875,535773,,
2025-04-02,1774.7839951437368,1813.2178384445433,1766.8696852434302,1810.348876953125,368137,,
2025-04-03,1794.569771298287,1817.323412279467,1793.8278047445529,1811.88232421875,205636,,
2025-04-04,1811.8823117916763,1829.095959872803,1792.0965371611367,1809.9532470703125,502850,,
2025-04-07,1712.6072559997247,1783.3907941122886,1703.5552397197366,1725.71533203125,876983,,
2025-04-08,1732.0468486971208,1767.31489718283,1724.1819304186122,1757.8177490234375,382513,,
2025-04-09,1768.7494083073188,1781.4122320503172,1743.077292380315,1767.3643798828125,385780,,
2025-04-11,1789.5738173725833,1789.5738173725833,1683.7694349669373,1700.1422119140625,1156595,,
2025-04-15,1741.1480677547174,1813.662975927113,1717.405139558062,1803.0775146484375,890911,,
2025-04-16,1740.5546771819536,1798.4280699307428,1726.9024439207135,1792.3934326171875,2260312,,
2025-04-17,1795.5590420686526,1804.3637359040806,1754.0089154753284,1774.1904296875,864906,,
2025-04-21,1779.7303645712711,1826.2269332954788,1763.9017454311154,1821.37939453125,546537,,
2025-04-22,1830.1841811636743,1837.6038467629867,1815.1470405208495,1825.435546875,410889,,
2025-04-23,1831.1734200984874,1862.8306591277426,1822.6655612619315,1859.86279296875,734624,,
2025-04-24,1849.9699456315475,1871.0418441195238,1840.077058221753,1860.15966796875,734678,,
2025-04-25,1866.4910232465506,1888.255375594108,1812.5747867491925,1834.240234375,934598,,
2025-04-28,1825.2377049223592,1855.6088205961703,1816.82875072624,1830.3819580078125,637011,,
2025-04-29,1831.173401732871,1853.9270420569424,1823.852641128222,1836.21875,744701,,
2025-04-30,1840.0771257993604,1870.448242957707,1827.4141811446575,1856.400390625,906449,,
2025-05-02,1856.400274668079,1874.7021159051476,1831.0745077033944,1833.5477294921875,936229,,
2025-05-05,1852.0473160881,1859.7638161072634,1821.3793669681488,1832.45947265625,479826,,
2025-05-06,1832.4594547881047,1844.0340839412083,1769.0459543256127,1775.8720703125,351579,,
2025-05-07,1761.033024733325,1810.3985615758488,1761.033024733325,1806.44140625,563977,,
2025-05-08,1806.4412936373421,1814.0587688596129,1758.559693026927,1772.607666015625,583567,,
2025-05-09,1731.2551824403954,1772.60749738894,1729.276605089035,1763.1102294921875,643695,,
2025-05-12,1794.9655445089309,1821.8741503890524,1779.82937822462,1817.026611328125,693112,,
2025-05-13,1817.0265933231315,1852.9378231446099,1801.3959035780886,1846.5074462890625,703355,,
2025-05-14,1846.0126979767879,1854.8173914819663,1815.3447485463053,1831.074462890625,847379,,
2025-05-15,1835.6252852255557,1858.8735709721473,1830.382006518018,1853.0367431640625,392401,,
2025-05-16,1859.8628543716861,1859.8628543716861,1823.55600546646,1829.7884521484375,332070,,
2025-05-19,1831.7670178337503,1880.637906035845,1824.644187168082,1864.512451171875,473162,,
2025-05-20,1873.416100103016,1897.060125917376,1850.5635536117404,1855.1142578125,1579714,,
2025-05-21,1849.9698181294661,1868.0738491467532,1845.0233747654836,1857.9830322265625,450496,,
2025-05-22,1857.9832041989553,1864.5124858911981,1834.3391785781046,1848.5849609375,657769,,
2025-05-23,1852.5420292348963,1886.573585287767,1845.9138431291924,1874.801025390625,1048319,,
2025-05-26,1879.648529163036,1884.5949726608335,1813.3661862925499,1823.555908203125,725086,,
2025-05-27,1823.654834637899,1835.130559536894,1803.8690604110861,1821.280517578125,793936,,
2025-05-28,1821.2804900038004,1842.2533620615784,1806.7379944723803,1828.4033203125,455472,,
2025-05-29,1836.8124243767816,1843.440731641893,1819.4009660501015,1835.3284912109375,553171,,
2025-05-30,1841.1652564513138,1859.862837856793,1831.1734642941085,1855.3121337890625,1621063,,
2025-06-02,1857.8843044310665,1876.9776259393343,1836.1199515570072,1843.7374267578125,495484,,
2025-06-03,1843.8364353071684,1864.3146642908946,1830.876655968251,1841.165283203125,779253,,
2025-06-04,1835.1306805227612,1859.6650904866183,1827.2163703102642,1853.3336181640625,498159,,
2025-06-05,1853.3335886707002,1868.4696342535565,1842.055672644807,1857.3896484375,548628,,
2025-06-06,1863.844157607125,1999.2881579276468,1857.8862114453548,1992.1385498046875,2498448,,
2025-06-09,2000.7776140868202,2015.771754123315,1985.982023766813,2007.2320556640625,837355,,
2025-06-10,2009.7145138727387,2015.5731850294712,1958.972697896264,1963.8382568359375,1073798,,
2025-06-11,1963.143111035458,1968.008790940553,1919.7494549425637,1928.388427734375,606768,,
2025-06-12,1928.0905485829228,1935.9352016134465,1881.2214225404862,1888.569580078125,785389,,
2025-06-13,1862.0567433524884,1936.3325213763005,1850.9352922284227,1927.09765625,1703514,,
2025-06-16,1926.4025707894216,1933.8500034084527,1905.6490343147764,1931.069580078125,939835,,
2025-06-17,1931.0695264341462,1934.3464451813786,1894.6268056499334,1903.16650390625,659370,,
2025-06-18,1911.507708882496,1926.899069655316,1900.684082547697,1918.756591796875,464789,,
2025-06-19,1918.657121420788,1939.21210741795,1904.953918637399,1913.9901123046875,1063305,,
2025-06-20,1913.9901933132967,1965.1292309037685,1906.6420355136627,1957.185302734375,995960,,
2025-06-23,1950.2342278452375,1968.0087901118209,1935.9351339072987,1958.77392578125,821137,,
2025-06-24,1974.0661745433392,1979.4283503670358,1954.305628734291,1972.8746337890625,568413,,
2025-06-25,1976.1514337529818,2003.0614665482203,1968.0089557549936,1996.7064208984375,951658,,
2025-06-26,2006.3382613749923,2008.224968467039,1988.9609193437811,2002.86279296875,704033,,
2025-06-27,2002.8628833442679,2017.6584737556955,1988.0672929328405,2002.962158203125,650132,,
2025-06-30,2002.962079116784,2039.007578918793,1995.713317700295,2025.900146484375,1574983,,
2025-07-01,2025.900096678163,2054.2003388785233,2018.3533896676768,2049.13623046875,844222,,
2025-07-02,2040.9937031652516,2046.2566042057433,2014.5802867451173,2030.0709228515625,501742,,
2025-07-03,2026.9926256794151,2033.4470673351043,2015.7717786228661,2019.843017578125,305016,,
2025-07-04,2026.8931862196232,2032.156087019807,2014.9772941872568,2021.1339111328125,381077,,
2025-07-07,2021.1338575653485,2037.6174835303011,2001.0753671136556,2011.30322265625,814849,,
2025-07-08,2011.7003905617494,2030.765768322628,2003.9550126631148,2022.623291015625,629955,,
2025-07-09,2020.7367208198348,2024.7086848902425,1994.9189543621858,2006.0404052734375,337764,,
2025-07-10,1997.8979411145683,2000.8769141878008,1966.122228333422,1980.619873046875,643222,,
2025-07-11,1980.6198182437618,2008.7215119429131,1976.0520839008047,1998.096435546875,598413,,
2025-07-14,1998.0965125484815,2027.1911983658038,1976.2507097740277,2005.5439453125,757451,,
2025-07-15,2015.4738437291971,2031.4610962730633,1975.2577070416517,1988.6630859375,696914,,
2025-07-16,2015.7717125408972,2037.617514351685,1951.5252438832404,1956.9866943359375,2606181,,
2025-07-17,1960.561381864734,1974.0660347204819,1930.3744323423625,1935.2401123046875,629807,,
2025-07-18,1942.9853953763845,1946.1630392302525,1893.2365716929728,1899.3931884765625,713897,,
2025-07-21,1899.3932196265698,1945.96440021988,1899.3932196265698,1938.5169677734375,424520,,
2025-07-22,1946.2623368896686,1961.057926856927,1935.7366566575972,1948.5462646484375,503349,,
2025-07-23,1948.546245536914,1959.5684211549835,1918.4585704033955,1923.2249755859375,468985,,
2025-07-24,1926.4026476627305,1926.7998683278745,1886.6830054428804,1893.53466796875,434409,,
2025-07-25,1896.6128929576873,1916.4727138263543,1876.7530720890206,1907.833740234375,532479,,
2025-07-28,1906.5427316298794,1920.6431554300032,1886.6829115087348,1890.754150390625,265181,,
2025-07-29,1884.895426341181,1904.8546419748593,1878.6396559073266,1902.07421875,258618,,
2025-07-30,1906.4434459060512,1910.5146847647366,1886.881450469388,1906.93994140625,279986,,
2025-07-31,1887.7751612633883,1925.4095443147542,1881.3207197790944,1913.49365234375,506162,,
2025-08-01,1894.3288979649067,1918.3593530935461,1848.0555412231015,1854.212158203125,503165,,
2025-08-04,1853.8149274080727,1887.1794008598888,1844.977283240028,1882.313720703125,567203,,
2025-08-05,1878.6397170679827,1889.2646723947835,1856.4959690472353,1886.8814697265625,266143,,
2025-08-06,1881.6186700879402,1898.5987919444997,1847.062534803062,1870.7950439453125,617362,,
2025-08-07,1839.0193207018717,1895.8183570670346,1839.0193207018717,1890.05908203125,448145,,
2025-08-08,1890.0590159487076,1897.0099526629772,1863.2482600508115,1881.419921875,426758,,
2025-08-11,1881.6187054817058,1904.5567737695624,1868.8090970981837,1888.3709716796875,187046,,
2025-08-12,1886.6829238909027,1900.3862483503153,1873.7740407274387,1889.5626220703125,233350,,
2025-08-13,1889.5625842426073,1910.8126157292284,1887.6758771135421,1899.2938232421875,335318,,
2025-08-14,1894.6268373083083,1905.847684149325,1879.2354767326906,1884.994873046875,232464,,
2025-08-18,1926.4026455089834,1979.6269417811313,1914.0895321916505,1932.7578125,741272,,
2025-08-19,1941.2974150709986,1948.6455727520633,1905.7482886006894,1939.212158203125,455745,,
2025-08-20,1939.2121236278363,1961.157200207467,1930.4737544524162,1954.7027587890625,181091,,
2025-08-21,1973.6688147511466,1983.995945014184,1949.2412612927142,1953.3125,699719,,
2025-08-22,1949.3406141387431,1963.0439384687904,1894.6268341053742,1897.307861328125,383276,,
2025-08-25,1904.3582639260612,1928.3885985946456,1889.661948056442,1905.5498046875,364098,,
2025-08-26,1905.5497510683354,1905.5497510683354,1846.6653356005013,1859.57421875,635729,,
2025-08-28,1866.8231049442445,1879.533438399967,1837.5298700528322,1847.26123046875,870926,,
2025-08-29,1839.019289113612,1855.2050905220437,1819.2587444314886,1826.7061767578125,441249,,
2025-09-01,1839.61520652055,1839.61520652055,1808.5346591895266,1827.4014892578125,567867,,
2025-09-02,1831.9690324201206,1850.3393650404673,1801.6828083703597,1809.924560546875,573486,,
2025-09-03,1814.194569291451,1826.110461372183,1792.9445375045343,1809.2296142578125,769780,,
2025-09-04,1886.6829344463833,1906.5427548089767,1838.2249242757655,1858.3826904296875,1112492,,
2025-09-05,1861.8581981283921,1867.5181985648119,1817.1736013733107,1827.500732421875,524534,,
2025-09-08,1836.9340376204648,1840.9060015393309,1803.37089402016,1820.1524658203125,480056,,
2025-09-09,1832.9620854170078,1841.3032339428826,1805.2576126629006,1822.0391845703125,571543,,
2025-09-10,1825.1173813469557,1847.9561733877501,1824.2236652415465,1842.19677734375,530816,,
2025-09-11,1842.1969550269332,1867.8161727078607,1823.5287959392324,1857.7869873046875,424545,,
2025-09-12,1857.7867906631118,1893.6337396778351,1844.5799625559803,1880.32763671875,853957,,
2025-09-15,1880.228478441889,1893.9318028731166,1866.0286585053957,1886.8814697265625,252766,,
2025-09-16,1886.6829490910948,1902.0743099915746,1877.1502594860006,1899.0953369140625,581869,,
2025-09-17,1898.6980328431364,1898.6980328431364,1851.133740552275,1858.9783935546875,468006,,
2025-09-18,1860.7658429494948,1873.774000693346,1852.126748595844,1872.3837890625,286205,,
2025-09-19,1872.383864621521,1878.4410856702991,1836.139691974325,1852.9212646484375,878186,,
2025-09-22,1839.0193395661693,1878.4410339424708,1839.0193395661693,1873.0789794921875,369477,,
2025-09-23,1871.7879580568276,1889.2645746954759,1857.886084628289,1881.419921875,891529,,
2025-09-24,1857.2904467599785,1885.9879117700013,1853.7157032949137,1865.234375,821515,,
2025-09-25,1868.8090233428168,1872.780987260655,1842.792708166865,1868.6104736328125,563897,,
2025-09-26,1876.5544618239592,1893.5345838759035,1861.7588715111992,1880.7249755859375,1278304,,
2025-09-29,1880.7250323725211,1896.612889034591,1858.7799546009824,1890.158447265625,560303,,
2025-09-30,1889.7611509521726,1898.6980699668097,1872.2845335664929,1876.554443359375,856568,,
2025-10-01,1860.8651803406772,1896.3149114375847,1852.4247566304873,1890.2576904296875,942398,,
2025-10-03,1899.3931999938834,1908.528668547871,1878.9374887806478,1898.2015380859375,595592,,
2025-10-06,1912.401398880895,1917.8628494029929,1890.65487164996,1912.3021240234375,619624,,
2025-10-07,1911.2096293138152,1926.4024393055647,1887.5765174779679,1892.6407470703125,431565,,
2025-10-08,1901.5777940702856,1904.9539877648433,1861.4609328140564,1864.9364013671875,438884,,
2025-10-09,1867.0216728332916,1881.5194387398974,1841.005356518329,1869.504150390625,636816,,
2025-10-10,1878.5405148327425,1888.1724795213754,1842.4948912710554,1849.7437744140625,312123,,
2025-10-13,1842.9913780435766,1844.182918810731,1814.790408145223,1820.5498046875,394441,,
2025-10-14,1825.117506954151,1851.9282646732815,1818.5637904213086,1841.7998046875,569296,,
2025-10-15,1881.817224286357,2025.7016447679673,1881.817224286357,2006.1397705078125,7140189,,
2025-10-16,1996.4084511207714,2014.282289529214,1985.9820453825132,1996.01123046875,860007,,
2025-10-17,1982.5065161206016,2003.359326958835,1977.6408360154032,1986.9749755859375,355745,,
2025-10-20,1997.8978665221723,2024.0135779750253,1986.9749656614647,1997.004150390625,436734,,
2025-10-21,2002.3663981180614,2008.3243442567712,1988.464523794405,1992.9329833984375,32723,,
2025-10-23,1996.4197420364108,2009.1713738625078,1967.9279476843524,1971.7135009765625,541235,,
2025-10-24,1977.591148339973,1992.3352145922836,1957.3680079632015,1986.35791015625,466056,,
2025-10-27,1994.4273203237665,2006.2823322138395,1974.0048627480237,1978.8863525390625,334307,,
2025-10-28,1986.4576007905368,2016.8422330995195,1981.1775996475128,2011.363037109375,803330,,
2025-10-29,2022.3213991798996,2027.302486369998,2000.5042129655544,2022.2218017578125,420554,,
2025-10-30,2022.2217289096147,2025.1107836975116,1997.415891274812,2006.4814453125,213019,,
2025-10-31,2002.3970845663127,2019.6316951813835,1982.4727354661504,1986.15869140625,457405,,
2025-11-03,1986.059059388447,2009.3705717513021,1970.418494260684,2000.006103515625,335477,,
2025-11-04,2002.8951549754422,2051.2117006189683,2000.50420880745,2032.2835693359375,669043,,
2025-11-06,2022.321335060009,2023.0186386010844,1988.3503458223406,1993.4310302734375,369731,,
2025-11-07,1985.560882300235,2019.9303827158978,1971.414643816057,2012.558349609375,882415,,
2025-11-10,2012.5583660264167,2037.2646064745238,1993.4310403694485,2017.73876953125,431101,,
2025-11-11,2011.4625611239892,2019.2331056153087,1977.4915715465906,1988.549560546875,196571,,
2025-11-12,1996.3201140890678,2031.287321241396,1989.1472756933517,2020.9266357421875,457790,,
2025-11-13,2036.6669360893331,2057.089271774458,2014.750152652194,2026.1070556640625,652557,,
2025-11-14,2036.1687870513235,2036.1687870513235,1987.7526452843547,1997.5155029296875,406284,,
2025-11-17,2007.3781168666226,2044.6365513766934,2004.1902697413304,2035.172607421875,1067234,,
2025-11-18,2037.1650577943362,2037.1650577943362,2010.4663818845042,2018.1373291015625,643993,,
2025-11-19,2022.321355650731,2042.1459849537507,2007.3780944020803,2033.97705078125,551128,,
2025-11-20,2042.1459793501276,2051.610044781637,2022.719861388758,2029.892578125,460201,,
2025-11-21,2037.2646035011114,2037.2646035011114,1993.6302322985885,1996.519287109375,372481,,
2025-11-24,2003.094357499014,2010.3667934527534,1965.9355199607949,1989.9443359375,2667046,,
2025-11-25,1982.5722393797168,2013.1561867710857,1977.4915549205266,1991.4385986328125,319182,,
2025-11-26,1996.1207906098361,2018.3364876613837,1977.989682256504,2002.6959228515625,380955,,
2025-11-27,2012.3591562967192,2021.0261990690246,1966.533155707784,1973.207763671875,528440,,
2025-11-28,1973.2077555554192,1973.2077555554192,1945.7121796368706,1963.04638671875,960439,,
2025-12-01,1972.4109310962,1987.2545952537348,1951.091853587469,1983.867431640625,625981,,
2025-12-02,1991.438581248864,1991.438581248864,1944.8155583170687,1979.18505859375,442390,,
2025-12-03,1976.4954292020975,1981.1776025935712,1944.417275819163,1964.9393310546875,382195,,
2025-12-04,1968.5256235619959,1982.0741561635825,1949.1989812761606,1975.4991455078125,263790,,
2025-12-05,1977.4916433709436,1984.166251659798,1962.249467703042,1966.9317626953125,425023,,
2025-12-08,1975.897704500231,1975.9973019230042,1939.2368538851517,1953.6820068359375,415417,,
2025-12-09,1939.6352934111399,1959.3604467333255,1921.2052713628061,1937.9417724609375,452828,,
2025-12-10,1927.6807622290185,1939.3364577292987,1920.5080452455497,1927.4815673828125,882433,,
2025-12-11,1938.6391335392739,1940.6315684144427,1907.9555878182443,1932.3629150390625,347675,,
2025-12-12,1932.3629426668945,1941.3288997333445,1917.917789615392,1930.56982421875,387063,,
2025-12-15,1940.6315614354887,1949.298604467875,1915.4272117118142,1944.417236328125,290054,,
2025-12-16,1951.6896002582614,1957.6669050142616,1932.7614685309277,1943.8194580078125,454411,,
2025-12-17,1934.65428872444,1952.9847141339665,1926.1864403958314,1939.6353759765625,589549,,
2025-12-18,1940.0338585202082,1949.8964354549275,1914.4309974586786,1942.4248046875,336176,,
2025-12-19,1950.5936705829356,1951.3906931469282,1918.2166050599808,1946.90771484375,475952,,
2025-12-22,1946.9077571152875,1949.9960068028158,1928.2784183524552,1943.2216796875,477977,,
2025-12-23,1942.6240191356628,1955.9733572298999,1939.635366798531,1952.685791015625,219269,,
2025-12-24,1949.597567216549,1959.460144382129,1944.71607734585,1951.888916015625,381929,,
2025-12-26,1951.8888943465552,1954.9771441133817,1932.2633376574515,1942.6240234375,141253,,
2025-12-29,1942.6239363606085,1945.612588570394,1930.1712188198353,1935.849609375,295613,,
2025-12-30,1927.6807536639824,1962.5483641953724,1922.799263867873,1947.6051025390625,1535231,,
2025-12-31,1949.5975380132904,1962.349169940609,1934.056570207766,1954.67822265625,262641,,
2026-01-01,1954.6782068283906,1959.6592940083256,1931.167499660812,1949.4979248046875,213510,,
2026-01-02,1944.1182991738685,1985.8598334804076,1944.1182991738685,1966.43359375,197253,,
2026-01-05,1971.5142686746644,1977.5911705979806,1956.0728987077835,1972.410888671875,265979,,
2026-01-06,1979.8824837530728,2007.3780596529075,1970.7172107140816,2002.39697265625,331204,,
2026-01-07,2007.3781553612037,2013.8535687655947,1953.5824132324171,1958.7626953125,630961,,
2026-01-08,1958.5634718942088,1963.2456451825713,1892.1158178034855,1900.9820556640625,563364,,
2026-01-09,1902.8749005520256,1923.5962718682856,1868.0072902852432,1888.9278564453125,588637,,
2026-01-12,1888.7286633339363,1907.855989482972,1870.9959443099924,1903.07421875,359635,,
2026-01-13,1902.7752463806848,1912.7374204455052,1854.956810869547,1878.367919921875,421190,,
2026-01-14,1873.8850107745436,1897.7942294128152,1823.1775185908275,1850.673095703125,1908268,,
2026-01-15,1850.673095703125,1850.673095703125,1850.673095703125,1850.673095703125,0,,
2026-01-16,1843.500298289671,1885.540623916886,1833.0400155919992,1863.125732421875,966834,,
2026-01-19,1863.1257825816742,1887.9316208256994,1851.3704899129518,1877.670654296875,607278,,
2026-01-20,1876.8736565347713,1876.8736565347713,1843.0022635824453,1854.657958984375,715164,,
2026-01-21,1848.979600364441,1856.0527199880853,1800.4638588474468,1827.6605224609375,1772645,,
2026-01-22,1850.9719398161967,1850.9719398161967,1805.145939153363,1817.7978515625,711660,,
2026-01-23,1808.4335517141194,1823.0778993110575,1783.229202058357,1788.9075927734375,1249414,,
2026-01-27,1783.229210244497,1809.4297774518539,1773.0678410418404,1799.069091796875,1610261,,
2026-01-28,1799.069101717457,1833.6377982900594,1797.1762642571123,1815.307373046875,1199096,,
2026-01-29,1814.4107961602804,1821.0854040854372,1798.1724039246249,1818.6944580078125,1142792,,
2026-01-30,1818.694537691734,1846.289833798735,1801.2607324577093,1807.238037109375,633707,,
2026-02-02,1825.9669040729302,1837.0248929353718,1794.9845671309295,1819.790283203125,1115519,,
2026-02-03,1855.0564463688197,1882.850936901944,1837.921555269014,1854.458740234375,1095886,,
2026-02-04,1854.4586910507053,1854.4586910507053,1827.859735100497,1846.987060546875,280529,,
2026-02-05,1836.6264877720519,1872.6896328449188,1819.8901073833383,1867.1107177734375,589173,,
2026-02-06,1867.110664947916,1868.5053936763256,1836.0287296707124,1854.558349609375,197934,,
2026-02-09,1872.689609969961,1886.736251684369,1838.02119408844,1881.0577392578125,594790,,
2026-02-10,1881.0577531588965,1908.7526470994908,1864.420970274894,1902.3768310546875,244596,,
2026-02-11,1915.726145354737,1928.5773747076926,1887.1347533472667,1924.3931884765625,577577,,
2026-02-12,1927.6807868403655,1942.6240487538566,1896.7980455524837,1912.538330078125,361759,,
2026-02-13,1878.5671389822944,1920.6075870430548,1878.5671389822944,1908.8521728515625,581964,,
2026-02-16,1895.2040215210832,1927.680684703942,1895.2040215210832,1914.7298583984375,363587,,
2026-02-17,1908.752568243713,1930.4701565466996,1908.752568243713,1920.9063720703125,394676,,
2026-02-18,1939.6353188410365,1975.5987434202782,1926.3855784972557,1952.2872314453125,1010847,,
2026-02-19,1953.3832435967818,1954.2797420236382,1921.4045658539826,1928.677001953125,371873,,
2026-02-20,1929.0754031220833,1938.9379797316114,1917.9176952454748,1928.7764892578125,426042,,
2026-02-23,1932.6618187588915,1960.4563094431696,1928.8761438725323,1946.40966796875,1132992,,
2026-02-24,1942.723560272742,1950.1951908990989,1885.8395700924598,1896.6983642578125,422008,,
2026-02-25,1905.5647160964108,1936.845845575564,1890.8206497416147,1931.9644775390625,449526,,
2026-02-26,1932.6617938045852,1948.6012725163755,1921.7034021902293,1939.13720703125,315192,,
2026-02-27,1937.6429545111382,1937.6429545111382,1884.5445153919013,1894.3074951171875,852656,,
2026-03-02,1828.6566316562605,1906.0627964548562,1828.6566316562605,1888.330078125,368735,,
2026-03-04,1866.9114678068581,1880.0614892675112,1838.0211622751617,1848.4814453125,705662,,
2026-03-05,1848.4814982620994,1873.7854460846809,1834.135942506822,1868.10693359375,598956,,
2026-03-06,1858.9416646357322,1882.9504796054016,1849.178685492074,1873.1876220703125,361444,,
2026-03-09,1850.1749359403252,1903.4725676844728,1837.8219372715294,1882.552001953125,348946,,
2026-03-10,1900.7829042899768,1900.7829042899768,1878.8661202782475,1882.1536865234375,478392,,
2026-03-11,1882.8510006550082,1900.2848062166286,1858.1447589871098,1868.10693359375,777067,,
2026-03-12,1865.815628819439,1865.815628819439,1833.2392462450935,1848.2822265625,606686,,
2026-03-13,1833.139653241488,1852.9644042538757,1825.4688277382745,1830.1510009765625,348466,,
2026-03-16,1829.2544082258075,1847.9833446751088,1799.7663964276392,1843.5003662109375,725655,,
2026-03-17,1843.5003042116052,1856.7500443146464,1822.480141330474,1828.85595703125,623480,,
2026-03-18,1830.5495339036436,1840.3125133945591,1789.5054242902947,1824.2733154296875,954930,,
2026-03-19,1818.196465303602,1818.196465303602,1779.144789442451,1785.3212890625,639913,,
2026-03-20,1793.2909421589532,1803.8508224229258,1765.4964519937798,1770.4775390625,380679,,
2026-03-23,1754.338955216454,1764.6000437455916,1699.5469946617095,1715.6856689453125,1369456,,
2026-03-24,1743.3805377119377,1751.3502773129064,1696.7575124028397,1723.5557861328125,603516,,
2026-03-25,1733.5179205033057,1774.1636401707337,1729.4334533740791,1763.603759765625,505039,,
2026-03-27,1763.6037604054452,1767.4889110855258,1728.835747866765,1740.391845703125,5111040,4168742.0,81.56
2026-03-30,1703.5318104634655,1725.3489965683086,1672.3501561665234,1704.1295166015625,2042303,1151466.0,56.38
2026-04-01,1728.4371849256815,1748.2619354606638,1682.6111846337037,1688.4888916015625,952924,610100.0,64.02
2026-04-02,1681.6150005922482,1687.9908163854022,1623.3362816736187,1682.7108154296875,1199436,705774.0,58.84
2026-04-06,1694.4663008764621,1713.5936274519456,1668.664244358399,1706.5205078125,315391,137766.0,43.68
2026-04-07,1685.5998713828822,1728.7361342289578,1668.9630891444583,1720.0689697265625,524051,319214.0,60.91
2026-04-08,1746.5684006054448,1772.2708596929895,1735.4108137072444,1743.878662109375,697663,405391.0,58.11
2026-04-09,1738.399448771708,1784.5243653109146,1726.5444368050742,1761.91015625,1126914,685842.0,60.86
2026-04-10,1765.3969377405267,1795.1838641364257,1763.4045028191765,1779.244384765625,429790,220038.0,51.2
2026-04-13,1739.0966827255745,1846.2897732502752,1739.0966827255745,1775.4586181640625,322351,170290.0,52.83
2026-04-15,1795.9807721511477,1858.6427491424352,1788.2102278102714,1850.971923828125,1397457,905081.0,64.77
2026-04-16,1860.1371148350377,1901.6794541439317,1835.6301906661938,1879.5633544921875,1196369,307095.0,25.67
2026-04-17,1891.8168573579728,1891.8168573579728,1853.362889739709,1884.44482421875,419529,173426.0,41.34
2026-04-20,1884.4448361701006,1901.5798486575836,1852.46628149954,1869.4019775390625,319379,140288.0,43.93
2026-04-21,1867.9076485011888,1867.9076485011888,1824.0740823496942,1833.0400390625,632644,408225.0,64.53
2026-04-22,1825.7676208574403,1840.4120899275995,1808.1346211295233,1822.0816650390625,823430,508893.0,61.8
2026-04-23,1822.081683713727,1831.446151899252,1790.5016397526047,1803.053955078125,513360,283306.0,55.19
2026-04-24,1807.5368957355415,1812.4183853735738,1758.3237312860479,1765.3968505859375,380216,181899.0,47.84
2026-04-27,1773.2670442009673,1785.620164785655,1751.4498579309372,1763.802978515625,400221,162150.0,40.52
2026-04-28,1765.5962532613235,1780.141003857749,1752.1473175493436,1765.09814453125,351217,214640.0,61.11
2026-04-29,1774.2632736643948,1799.8660134169081,1758.4233919304036,1763.902587890625,313134,157222.0,50.21
2026-04-30,1753.3426704570866,1770.2783667058197,1729.7323660949287,1756.530517578125,774438,521910.0,67.39
2026-05-01,1756.530517578125,1756.530517578125,1756.530517578125,1756.530517578125,0,0.0,0.0
2026-05-04,1755.3350670170723,1776.4548273525104,1736.3073389097135,1750.15478515625,605738,316837.0,52.31
2026-05-05,1747.3654288003909,1773.2670828190967,1738.3994716400696,1770.1788330078125,492459,267624.0,54.34
2026-05-06,1778.2481166916361,1815.7058678251628,1768.4851372114686,1803.053955078125,1034320,750249.0,72.54
2026-05-07,1810.1270464195763,1855.7538527548138,1803.6516332100402,1843.201416015625,1106982,753549.0,68.07
2026-05-08,1850.9719719083357,1854.1598190184625,1785.520535861572,1821.08544921875,1151253,837333.0,72.73
2026-05-11,1813.1157816835916,1835.7298694380827,1796.7777909774748,1821.6832275390625,422956,220798.0,52.2
2026-05-12,1827.0628033527294,1827.0628033527294,1770.2784087010907,1776.0565185546875,837247,596129.0,71.2
2026-05-13,1775.9568129437703,1811.1233378389697,1756.9290838261434,1797.37548828125,604280,365722.0,60.52
2026-05-14,1809.130795343964,1845.1938165196177,1794.0879369510887,1841.9063720703125,347634,196285.0,56.46
2026-05-15,1841.0098104570998,1849.7765724836581,1817.8976147268252,1828.2581787109375,272765,111668.0,40.94
2026-05-18,1813.1157339677848,1823.077908330245,1782.7311021622806,1806.1422119140625,306298,162405.0,53.02
2026-05-19,1806.142172063954,1826.2657151886954,1800.9618901532,1815.9051513671875,247256,137307.0,55.53
2026-05-20,1787.313699498451,1805.046418719886,1769.2821880077001,1778.0489501953125,667259,400516.0,60.02
2026-05-21,1785.1220676242099,1798.1724918583643,1760.5154237178451,1794.1876220703125,387656,212415.0,54.79
2026-05-22,1803.0539650565831,1843.5003687109088,1801.6592363219015,1819.292236328125,486144,246845.0,50.78
2026-05-25,1828.1585633110485,1853.7614239728632,1825.4688249201965,1847.2860107421875,388195,274873.0,70.81
2026-05-26,1854.956826626039,1880.3603707071154,1835.0324783271558,1853.2633056640625,279695,111345.0,39.81
2026-05-27,1853.9606613142446,1863.623921867348,1841.507943277475,1843.5999755859375,241816,139445.0,57.67
2026-05-28,1843.5999755859375,1843.5999755859375,1843.5999755859375,1843.5999755859375,0,0.0,0.0
2026-05-29,1852.5,1857.0999755859375,1739.5,1792.199951171875,2916778,1963965.0,67.33
2026-06-01,1790.9000244140625,1795.699951171875,1735.0999755859375,1747.9000244140625,708513,419459.0,59.2
2026-06-02,1744.0999755859375,1758.800048828125,1718.4000244140625,1746.5,743670,425465.0,57.21
2026-06-03,1730.199951171875,1745.0,1720.0,1740.800048828125,711061,463590.0,65.2
2026-06-04,1726.0,1746.199951171875,1726.0,1732.9000244140625,651770,417048.0,63.99
2026-06-05,1737.699951171875,1773.5,1737.699951171875,1758.0,756353,523350.0,69.19
2026-06-08,1735.0,1757.4000244140625,1731.5999755859375,1738.4000244140625,416610,254047.0,60.98
2026-06-09,1738.4000244140625,1802.4000244140625,1738.4000244140625,1777.699951171875,1059311,463332.0,43.74
2026-06-10,1777.199951171875,1790.0,1728.0,1732.199951171875,556318,330531.0,59.41
2026-06-11,1732.199951171875,1735.800048828125,1707.699951171875,1712.4000244140625,260159,115803.0,44.51
2026-06-12,1721.0,1721.0,1671.800048828125,1695.699951171875,702448,326869.0,46.53
2026-06-15,1715.0,1744.199951171875,1715.0,1734.0999755859375,496234,285145.0,57.46
2026-06-16,1734.4000244140625,1790.0,1732.0,1783.5999755859375,389087,199186.0,51.19
2026-06-17,1771.0999755859375,1797.0,1771.0999755859375,1790.5,947808,769731.0,81.21
2026-06-18,1788.0,1844.0,1785.300048828125,1839.0,539566,274091.0,50.8
2026-06-19,1844.9000244140625,1884.0999755859375,1818.699951171875,1870.0999755859375,1503031,1074519.0,71.49
2026-06-22,1877.9000244140625,1893.5,1855.0,1860.199951171875,655498,427918.0,65.28
2026-06-23,1852.0999755859375,1866.5999755859375,1822.199951171875,1832.5,219434,144056.0,65.65
2026-06-24,1838.5,1847.9000244140625,1813.5,1821.0999755859375,500864,293527.0,58.6
2026-06-25,1835.0,1839.300048828125,1809.0,1813.5999755859375,420984,240063.0,57.02
2026-06-25,1835.0,1839.300048828125,1809.0,1813.5999755859375,420984,0.0,0.0
2026-06-26,1813.5999755859375,1813.5999755859375,1813.5999755859375,1813.5999755859375,0,,
2026-06-29,1810.0,1822.699951171875,1763.0,1768.0999755859375,605975,390186.0,64.39
2026-06-30,1775.0,1775.0999755859375,1733.4000244140625,1741.699951171875,1825831,1300054.0,71.2
2026-07-01,1734.9000244140625,1763.0,1733.0,1757.5999755859375,630534,0.0,0.0
2026-07-02,1766.0,1767.5999755859375,1742.4000244140625,1761.0,363624,234987.0,64.62
2026-07-03,1762.9000244140625,1783.0,1762.9000244140625,1772.800048828125,408344,263140.0,64.44
2026-07-06,1777.0,1788.800048828125,1766.800048828125,1785.4000244140625,224316,146408.0,65.27
2026-07-07,1785.4000244140625,1807.199951171875,1771.800048828125,1794.300048828125,460961,236275.0,51.26
2026-07-08,1795.300048828125,1837.9000244140625,1793.5999755859375,1804.199951171875,818878,,
2026-07-09,1820.0,1820.0,1780.199951171875,1794.699951171875,425054,,
2026-07-10,1800.0,1837.4000244140625,1798.4000244140625,1826.199951171875,504410,,
2026-07-13,1806.0,1812.800048828125,1745.199951171875,1787.300048828125,1585337,723590.0,45.64
2026-07-14,1785.0999755859375,1800.0,1748.5,1788.0999755859375,1081265,,
2026-07-15,1800.0,1821.9000244140625,1790.9000244140625,1814.5999755859375,637190,348111.0,54.63
2026-07-16,1700.0,1723.9000244140625,1544.5999755859375,1623.800048828125,13018936,,
2026-07-17,1616.9000244140625,1616.9000244140625,1571.800048828125,1612.199951171875,4018447,,
2026-07-20,1618.0,1626.9000244140625,1604.0999755859375,1621.5999755859375,528912,269931.0,51.04
2026-07-21,1624.0,1627.0,1609.300048828125,1624.0,496225,283382.0,57.11
2026-07-22,1616.0,1620.699951171875,1574.4000244140625,1583.5,1295890,,
2026-07-23,1586.0,1628.5,1570.4000244140625,1619.0,1371420,787695.0,57.44
2026-07-24,1614.300048828125,1666.199951171875,1605.0,1661.800048828125,1693997,,
2026-07-27,1667.0999755859375,1693.0999755859375,1652.0,1681.0,904443,428960.0,47.43
2026-07-28,1684.300048828125,1708.4000244140625,1665.199951171875,1683.800048828125,500147,215883.0,43.16
2026-07-29,1699.0,1699.699951171875,1643.0,1648.800048828125,605476,333120.0,55.02
2026-07-30,1645.0999755859375,1647.300048828125,1620.0999755859375,1637.9000244140625,432105,237726.0,55.02
2026-07-31,1636.0,1644.5,1618.5999755859375,1623.699951171875,471503,324243.0,68.77
2026-08-03,1632.699951171875,1675.0,1632.699951171875,1675.0,908054,559024.0,61.56
2026-08-04,1675.0,1675.0,1632.199951171875,1644.800048828125,427517,259941.0,60.8
2026-08-05,1729.300048828125,1771.0,1662.5999755859375,1684.0,3035804,,
2026-08-06,1676.0,1691.4000244140625,1638.0,1658.0,1843593,1331664.0,72.23
2026-08-07,1646.0999755859375,1658.699951171875,1631.4000244140625,1639.0,395441,200994.0,50.83
2026-08-11,1651.0,1654.9000244140625,1629.4000244140625,1643.5,514500,309161,60.09
