date,open,high,low,close,volume,delivery_qty,delivery_pct
2022-01-03,885.1314682238182,887.0984270420932,865.4618800410666,872.6904296875,321897,,
2022-01-04,880.0173197231599,888.0818624841936,865.4618371938985,867.28125,356368,,
2022-01-05,865.4618235822684,872.1986330846541,840.8748399577721,846.5298461914062,275923,,
2022-01-06,846.5299407676109,852.9717191915556,833.9905777181923,837.0885620117188,287757,,
2022-01-07,845.2022269473177,849.2344685079654,835.2198869489168,838.31787109375,244290,,
2022-01-10,862.511399937962,875.2966316360162,836.9409365418537,841.0223999023438,547634,,
2022-01-11,841.8583036188486,861.4295662300592,839.8913449655334,848.3492431640625,235578,,
2022-01-12,851.6931592360264,880.2140617970481,850.8572257578965,868.068115234375,628831,,
2022-01-13,868.4122208410006,877.3126964897842,854.4959647522459,871.067626953125,219406,,
2022-01-14,864.084941013798,910.5051787750884,858.282448810397,898.6051025390625,1202020,,
2022-01-17,903.7192156724512,971.6776160210945,901.8505808616839,953.5324096679688,1841249,,
2022-01-18,953.9749683567223,991.9372472105007,934.3053813802951,946.5005493164062,1533039,,
2022-01-19,935.682268138932,1027.6866883688872,900.5228817319704,1005.3617553710938,1227631,,
2022-01-20,1002.067152500859,1012.1969179634755,971.2842002476447,998.0348510742188,882344,,
2022-01-21,998.2315508607036,1002.1654683025192,945.1236653961932,954.8109130859375,574884,,
2022-01-24,949.0576118927875,951.9588881003103,837.9244407592279,870.8218383789062,1135031,,
2022-01-25,857.5939679598954,885.0330650280534,819.434982308327,846.0380859375,1184660,,
2022-01-27,821.2052196608283,860.5443918601494,821.2052196608283,835.5148315429688,536462,,
2022-01-28,844.7105087605297,867.3796976790017,816.2879291446444,831.5318603515625,650378,,
2022-01-31,841.8583184014368,847.2674547930349,821.2052521789717,837.0392456054688,533073,,
2022-02-01,849.7261371002593,860.544409679082,839.8913438467841,853.4141845703125,446950,,
2022-02-02,857.6923650471803,872.8379718941558,855.6270823075105,863.839111328125,238665,,
2022-02-03,867.4287821020729,883.0169057062195,845.3004968443669,853.8076171875,247652,,
2022-02-04,852.5783281207798,860.2494555456367,837.1868512789038,842.8418579101562,147811,,
2022-02-07,840.7765793272243,860.5936536042981,831.9252645560833,853.1683959960938,234024,,
2022-02-08,852.676558446168,875.2965824879925,837.9243688536737,867.5762939453125,180785,,
2022-02-09,880.1157258501967,880.1157258501967,844.8087919098272,851.7423095703125,99453,,
2022-02-10,857.1022521616239,870.3792233655046,850.8079603209098,860.4461059570312,105321,,
2022-02-11,842.8418551643817,860.5444845610666,831.6301658690869,836.203369140625,110531,,
2022-02-14,825.2374444483967,844.4645125012796,807.0922996524575,827.1060791015625,271226,,
2022-02-15,827.1061271596926,839.1045871452558,790.9140993559276,807.8299560546875,369481,,
2022-02-16,820.221761773639,828.1387583801198,793.6678198457154,797.405029296875,290666,,
2022-02-17,803.502631860692,806.9448095981613,767.1138957788736,775.9652099609375,262361,,
2022-02-18,768.98253287689,772.0312948713881,740.6091174250811,745.3790283203125,701320,,
2022-02-21,741.6909437060757,747.4442736437928,715.1370024055726,737.9536743164062,329307,,
2022-02-22,699.7455608531676,737.3144842072181,699.7455608531676,716.9072875976562,245746,,
2022-02-23,737.6094822798217,763.1799443321888,728.4631367049146,755.4596557617188,540273,,
2022-02-24,722.8573095570713,751.9191118339007,675.6503015859972,693.9429931640625,493217,,
2022-02-25,722.8573654151207,747.3951886682496,715.4321078845878,742.6744995117188,325106,,
2022-02-28,734.6590860094223,775.9652193593497,722.9064955866392,760.1312255859375,348871,,
2022-03-02,752.4600489909448,766.7204999888853,745.4773694095768,748.7228393554688,148831,,
2022-03-03,759.9345275346956,766.6221753010409,750.5423114783208,755.2630004882812,152128,,
2022-03-04,748.526117912845,750.2472067952077,714.9894957015327,737.4619750976562,235260,,
2022-03-07,711.0555514826755,715.2845005718846,686.812762127485,689.4190063476562,347263,,
2022-03-08,698.2703217717559,756.2956020316624,676.6337765900959,740.4616088867188,412143,,
2022-03-09,754.3778225709827,763.5241685104211,732.6921149330261,743.0678100585938,273963,,
2022-03-10,747.444276505356,779.8990937746676,731.5610616188919,734.364013671875,473142,,
2022-03-11,738.592986782052,746.4608215280658,728.8565172731337,734.2164916992188,163405,,
2022-03-14,722.8573426099116,725.316041054163,686.862021396798,690.30419921875,741656,,
2022-03-15,697.3852178273539,712.5308245828375,691.4351794687065,697.2377319335938,607269,,
2022-03-16,703.679518011215,728.7582429717825,700.2865020405978,716.4155883789062,359999,,
2022-03-17,726.7912787626359,742.4286252798939,720.0052468717159,723.594970703125,300511,,
2022-03-21,732.5937698478393,751.3782008585781,728.8073384478431,731.6102905273438,311159,,
2022-03-22,737.6095332499895,742.4777681748029,715.9729869413231,727.5288696289062,187128,,
2022-03-23,735.6425569421874,741.2484012664951,713.1700777094259,716.169677734375,243296,,
2022-03-24,714.9895252779883,723.8408398962852,709.3345187162985,713.3667602539062,218072,,
2022-03-25,715.874667427001,725.0210136903163,697.3852069914433,699.8931274414062,226723,,
2022-03-28,703.1877444403751,706.1873444917154,692.4186334117641,695.9099731445312,230390,,
2022-03-29,697.7785987407666,703.0894112408519,682.7805386550772,692.0252685546875,429656,,
2022-03-30,697.2868679660183,707.908433074947,691.4843157169286,703.187744140625,637113,,
2022-03-31,707.9576330662974,717.3006875112953,692.8612480527393,696.0575561523438,338698,,
2022-04-01,698.0736232873493,714.7436100999981,695.6640868998122,711.5473022460938,320115,,
2022-04-04,720.6936454357277,720.6936454357277,707.1216426039086,713.6618041992188,300450,,
2022-04-05,720.4968792080001,720.4968792080001,704.2203095203921,706.4822998046875,293785,,
2022-04-06,703.2860772188228,705.5481278033141,693.3529595396903,696.8442993164062,274753,,
2022-04-07,704.9579444110966,719.8085177345062,696.3525006071848,700.5322875976562,410059,,
2022-04-08,715.2353635284898,734.609918897911,693.3529478000485,697.286865234375,1369081,,
2022-04-11,697.2868541547817,705.7939744820649,694.3855780877027,699.2046508789062,340144,,
2022-04-12,699.745646426571,704.0729801270783,670.4379700784406,676.584716796875,514964,,
2022-04-13,683.7148809845036,689.6649192629774,672.6998998586474,675.8470458984375,268612,,
2022-04-18,673.7817315444902,675.0110808284546,649.1947458652019,656.8167114257812,293901,,
2022-04-19,662.3242419068964,696.991892220994,649.1947553463156,681.8954467773438,828494,,
2022-04-20,683.5182075546153,689.2715382405696,663.9961647740356,670.831298828125,219048,,
2022-04-21,677.3223155599946,686.4686625252386,666.7990733411344,669.74951171875,194864,,
2022-04-22,669.7493953522197,679.2399944953218,663.8976815812982,673.5357666015625,210842,,
2022-04-25,668.7659212039742,668.7659212039742,617.7725437228962,629.2300415039062,463297,,
2022-04-26,639.212441281479,675.6503406611142,636.4094890050035,662.7667846679688,340980,,
2022-04-27,659.9145960110707,666.2088874055073,645.7524703869937,652.9810791015625,140212,,
2022-04-28,658.5870514436158,662.9143250978044,642.2612562169105,644.3265991210938,121057,,
2022-04-29,646.9327850781996,657.6035733721237,622.3949602311886,637.7864379882812,126229,,
2022-05-02,629.426821911197,644.8674606415699,629.426821911197,636.8029174804688,108134,,
2022-05-04,639.2616051186319,645.1624814735732,597.021153205814,611.7241821289062,154684,,
2022-05-05,614.6745569106962,619.4936294476009,580.646197450845,585.4652099609375,267028,,
2022-05-06,582.0230383619742,582.0230383619742,535.9962190777264,549.1748657226562,943638,,
2022-05-09,548.7814740046173,576.3188956392576,544.0116231964862,566.5332641601562,503518,,
2022-05-10,564.5172086304666,573.0734919164671,517.310194668337,522.7684936523438,495143,,
2022-05-11,535.9470939925843,544.9951161902267,512.3927511062337,526.7515258789062,406209,,
2022-05-12,526.7514914734996,528.816834029014,488.002442892727,495.329345703125,470563,,
2022-05-13,511.4092817869418,515.6382311502009,493.5591368964832,498.52569580078125,317478,,
2022-05-16,512.3927559185186,546.8145341472099,506.49187965074293,537.815673828125,590381,,
2022-05-17,549.7650326715,552.8137950673564,530.8822145350209,542.8806762695312,332831,,
2022-05-18,549.4208658069824,554.1907175372555,517.4085589464122,523.014404296875,380194,,
2022-05-19,513.3762060592637,531.4230276063685,506.4918508055954,524.6862182617188,325201,,
2022-05-20,532.5540412101848,540.913615264269,531.0788222594641,534.6193237304688,158139,,
2022-05-23,556.5510778203246,558.6163607772569,506.5411088015471,511.7043762207031,913059,,
2022-05-24,516.9167608830976,526.161491472977,511.40930012326737,516.4742431640625,268836,,
2022-05-25,521.735781095417,524.1453174432563,479.9379098483761,494.1000061035156,765231,,
2022-05-26,497.5422342478249,506.4919030025915,474.6763376559603,486.52728271484375,851840,,
2022-05-27,492.2314191460127,501.57447305587704,476.0531716862,488.6908874511719,639761,,
2022-05-30,497.3946481819386,537.4714290290251,495.47685157162357,532.2098388671875,900293,,
2022-05-31,532.062304614751,543.9132182482198,526.1614287779886,540.5202026367188,587067,,
2022-06-01,544.8475783617132,554.9774040045909,536.34045768523,544.4541625976562,511387,,
2022-06-02,546.7161357959086,547.7487769968328,529.4068650839797,537.5205688476562,170553,,
2022-06-03,543.8641108456192,547.8963523945064,521.2440845355843,524.2928466796875,212947,,
2022-06-06,525.0796448162941,531.0788447930449,509.44229926443944,512.540283203125,231961,,
2022-06-07,511.8026798341179,520.2605782678211,505.50838795776946,517.8018798828125,105284,,
2022-06-08,521.1457840356002,536.4388774621791,513.474596311946,532.8983154296875,440095,,
2022-06-09,525.2270609704998,537.4222272055475,523.7026801978207,534.1767578125,156017,,
2022-06-10,530.0953666400475,539.6842902481002,525.8172555025654,532.259033203125,133444,,
2022-06-13,521.2441071452771,523.4569359020259,506.4919154336183,518.2445068359375,185523,,
2022-06-14,512.7861538291309,531.0296836498733,497.7389018620882,510.3766174316406,121488,,
2022-06-15,509.14726061512755,515.2448444601283,501.62361973775177,504.3773498535156,99710,,
2022-06-16,514.2121687165006,514.3597146339104,487.85493339454325,491.1004333496094,194054,,
2022-06-17,487.8057395843625,493.5099075983331,479.9379050749373,484.5110778808594,90309,,
2022-06-20,491.73968889307713,502.5579620487248,472.2668092182748,496.2145080566406,309089,,
2022-06-21,500.5909921921173,521.6374744207442,495.72275737466964,520.0147094726562,168607,,
2022-06-22,518.9328446709641,522.8175396450781,506.4918082820502,512.7368774414062,292202,,
2022-06-23,512.835334699145,534.0293033324832,510.42579821281544,529.8003540039062,252383,,
2022-06-24,534.0292934556635,535.1110967429134,519.2771030287115,526.6531982421875,132444,,
2022-06-27,533.0458010683955,537.2255882538948,521.4407568881365,524.8829345703125,92772,,
2022-06-28,530.7838725951094,530.7838725951094,519.4738588897508,525.62060546875,85994,,
2022-06-29,522.3258774067028,551.2401953388618,520.3097566726468,546.6669921875,474319,,
2022-06-30,551.7318927181635,575.3353961499566,550.7975753686258,567.5167236328125,1178597,,
2022-07-01,559.5998121320599,568.3528033272798,542.1922137036067,547.6505126953125,338751,,
2022-07-04,546.8145121214412,552.8137120746375,529.1118840311788,535.111083984375,191346,,
2022-07-05,537.5206334528433,581.2363031118839,535.9962524466611,571.1556396484375,631215,,
2022-07-06,566.9758820165463,583.2032923431257,559.058884741367,574.0569458007812,560298,,
2022-07-07,609.7572427894871,637.5896984791915,595.005051431677,630.45947265625,4091321,,
2022-07-08,631.8854186116248,667.7824112642696,615.6580109741278,664.1926879882812,2343284,,
2022-07-11,654.0137307621379,670.4870089429888,635.2293002502211,656.8658447265625,1287784,,
2022-07-12,653.9645689893536,657.947648127363,644.2772619208677,650.32568359375,254754,,
2022-07-13,651.0633701142489,667.6841961716999,641.5236078217124,648.50634765625,362996,,
2022-07-14,648.506305621998,657.8001374325542,634.3441790101157,638.0322265625,284520,,
2022-07-15,644.3264768033341,646.735953027236,616.7890568564623,621.755615234375,209106,,
2022-07-18,626.279627073898,628.7383254057105,612.4125924932019,618.8543701171875,233045,,
2022-07-19,620.6737595961392,658.9311282151783,618.9035088689833,651.8009033203125,1299564,,
2022-07-20,670.7328777761345,685.4850671700377,663.8485227256463,679.4366455078125,1409507,,
2022-07-21,678.5024626050064,704.8596985403973,665.1762687030576,700.1881713867188,971084,,
2022-07-22,698.2703087264539,706.924914632067,682.4854778373665,690.5991821289062,539860,,
2022-07-25,679.8300580575946,687.3536986240381,668.9626239269187,673.5357666015625,229624,,
2022-07-26,675.2077601061137,693.3529667738569,660.8981470525274,667.0940551757812,444271,,
2022-07-27,663.8976612516332,679.387459568495,659.7670363617746,673.0440063476562,275093,,
2022-07-28,680.8666257631162,689.904047202288,676.5701822957298,681.953125,210621,,
2022-07-29,687.434799566011,692.9658600466051,679.533250145712,691.5337524414062,287357,,
2022-08-01,698.2995110022313,698.7933578982725,686.7928542108538,689.9041137695312,163856,,
2022-08-02,690.3979238656224,698.2501011509453,673.3108342301914,680.4222412109375,219651,,
2022-08-03,680.42225253155,685.0149923259138,667.3353102662901,673.8540649414062,166014,,
2022-08-04,676.9652648975601,689.9040278488266,659.4830748981267,664.7672119140625,232204,,
2022-08-05,668.6192626953125,676.4714396720939,664.7178605210335,668.6192626953125,164343,,
2022-08-08,671.6317270602129,686.595310975244,666.5945132208775,670.5452880859375,201741,,
2022-08-10,671.6316789598563,679.7801515354723,662.248589327329,667.0388793945312,155345,,
2022-08-11,671.6317157973047,692.1263600661196,668.668634698199,683.187744140625,305799,,
2022-08-12,683.1877179389724,698.0524954925836,673.5577047362094,679.2863159179688,234258,,
2022-08-16,685.4595131306849,710.1518587045567,682.6446098488822,701.0650634765625,552373,,
2022-08-17,706.2010004023284,717.7076562008215,704.5219090438646,707.5343627929688,530684,,
2022-08-18,710.6455665060208,725.9548177650108,695.3363152470308,713.6580200195312,481842,,
2022-08-19,717.0161963037057,721.016343412406,697.163518348916,705.7070922851562,320445,,
2022-08-22,702.2502066821106,707.1886750835318,676.8664670419975,682.4469604492188,169820,,
2022-08-23,675.5824690727859,690.3978740963119,672.8169388585352,683.582763671875,159994,,
2022-08-24,684.4717196612291,707.0404961165303,684.4717196612291,701.2625122070312,250545,,
2022-08-25,706.1022703010701,721.0164214811039,699.4847102662847,707.6825561523438,355443,,
2022-08-26,713.3617852368114,718.0533303802865,702.2502309496338,703.336669921875,181732,,
2022-08-29,675.4343297892132,701.1637995550416,673.607120511413,688.2249755859375,190411,,
2022-08-30,697.0154893865885,702.546550256742,683.8297416923533,690.2003784179688,276411,,
2022-09-01,686.3976979285087,700.1266031691486,685.0149027375218,689.3607788085938,131240,,
2022-09-02,689.4101844516762,701.2131359127782,687.582975268392,694.5462036132812,219239,,
2022-09-05,695.3364050024522,711.1395051161444,691.3856299740293,699.3859252929688,288597,,
2022-09-06,704.176282854848,707.1393641542296,695.3364115882175,698.8427124023438,144759,,
2022-09-07,698.8427304723141,733.9058600882902,695.7809038307341,715.4359741210938,569424,,
2022-09-08,721.0164039563005,724.6708827180923,701.4600806729238,706.2997436523438,179998,,
2022-09-09,706.2997422058293,741.6097920532914,703.6330174375881,723.2880859375,724747,,
2022-09-12,728.8191830667588,730.8933156597458,709.1640549239155,710.2999267578125,261274,,
2022-09-13,715.8803829114529,716.769331356569,694.6449683256118,698.9908447265625,322253,,
2022-09-14,695.3363655306005,698.2007013772258,689.2620251556024,692.91650390625,298508,,
2022-09-15,697.3117661223583,712.7197640363751,695.3363786829183,703.9786987304688,254506,,
2022-09-16,701.2624436548733,706.1021663232874,667.1870150547421,674.4959716796875,235630,,
2022-09-19,680.9160434727305,681.1629668914131,662.7424557440767,665.4092407226562,190840,,
2022-09-20,671.5329773974304,681.2123636965297,652.816169540169,662.001708984375,323112,,
2022-09-21,665.5079688027693,676.5701497310921,646.5936715901977,672.5206298828125,350847,,
2022-09-22,667.6809281431719,687.2866235911572,659.7793786976905,684.274169921875,254150,,
2022-09-23,690.2003783648611,690.2003783648611,660.6189385846283,664.0758666992188,150323,,
2022-09-26,657.80403762561,661.359711012672,633.1116938708949,645.2603149414062,174790,,
2022-09-27,649.902517308007,657.2114755068518,639.1366308256088,641.9022216796875,197870,,
2022-09-28,635.185830622235,638.4452682455636,623.333505545528,625.8521728515625,189930,,
2022-09-29,635.0870714922027,643.2849174344384,630.1486028180798,637.260009765625,119808,,
2022-09-30,633.1116774644308,648.3715575662086,625.210127667683,637.80322265625,92064,,
2022-10-03,642.8403713690606,643.9268705263922,629.1608387838421,632.9140625,73089,,
2022-10-04,644.568920761041,644.568920761041,632.1733761856445,638.0007934570312,84842,,
2022-10-06,639.0378249290173,659.5818418652907,639.0378249290173,654.05078125,131862,,
2022-10-07,653.8532694148573,655.8286569357481,646.0010919625078,650.7914428710938,70088,,
2022-10-10,642.3960313994238,647.1369492856842,638.9884759460348,640.3218383789062,52602,,
2022-10-11,640.0255263453474,645.9023159974561,606.2957619158461,618.2962646484375,251406,,
2022-10-12,619.2839691226841,627.7781110927281,616.0245918683203,622.0494995117188,165712,,
2022-10-13,625.1607114292402,639.4822694368241,625.1607114292402,633.1116333007812,136430,,
2022-10-14,640.469986923783,643.9762874751606,625.0125565233787,629.7041015625,119596,,
2022-10-17,625.4570284657881,630.741165587533,620.0247131770999,626.6422729492188,67386,,
2022-10-18,630.691844094245,644.4208115960067,630.691844094245,634.445068359375,368479,,
2022-10-19,637.1612223981197,643.2849357855324,633.6549215962758,638.0501708984375,74109,,
2022-10-20,633.1117268554126,637.5563489628219,630.148645450473,632.2227783203125,42911,,
2022-10-21,633.2103910988017,642.0502615492313,622.642117000696,625.9508666992188,63129,,
2022-10-24,631.3338562892286,631.6301523570598,617.8024398738717,621.5556640625,34507,,
2022-10-25,624.2224548642057,626.3460205568704,613.3578235295439,617.3579711914062,57314,,
2022-10-27,622.0001351107555,623.2347522904116,613.3578148531626,614.83935546875,114060,,
2022-10-28,617.9505802531054,617.9505802531054,610.4440720509391,614.49365234375,49875,,
2022-10-31,616.8147061488845,620.8148535154603,613.3577782521334,619.3333129882812,140530,,
2022-11-01,621.0124539224573,624.2224586544621,613.6047506947541,618.0,89820,,
2022-11-02,619.5308823943766,620.9136777082352,607.6291851919543,614.0491943359375,50686,,
2022-11-03,607.9254641963319,615.3825394745076,607.4809899804854,612.6663818359375,63193,,
2022-11-04,613.0615011905246,624.7162749751502,613.0615011905246,621.9507446289062,138854,,
2022-11-07,625.2101438946182,630.0498673843547,614.2961400114021,623.3829345703125,84238,,
2022-11-09,626.1978149669745,630.1485898248103,611.3824092500903,614.0491943359375,104155,,
2022-11-10,614.0492333887779,616.7653912762846,599.5301228060242,604.7155151367188,106272,,
2022-11-11,617.3086303874323,617.3086303874323,601.9006310865805,603.0858154296875,145826,,
2022-11-14,605.4562626329674,634.0993810935809,605.4562626329674,625.7533569335938,318221,,
2022-11-15,624.7162646370703,648.9147602633284,614.8393276467609,644.3219604492188,576131,,
2022-11-16,642.0009887020891,647.0382031152096,622.2471121266402,625.7040405273438,790649,,
2022-11-17,625.7040405242888,630.9388057599477,618.6420055349814,623.8768310546875,59148,,
2022-11-18,622.2470719529226,626.1978470129411,610.4441194043085,613.7529296875,71179,,
2022-11-21,614.8887263001303,621.1606177248588,610.1478084009298,615.4319458007812,50504,,
2022-11-22,615.6295232102426,617.4567928801785,603.2339782838949,607.1847534179688,76280,,
2022-11-23,610.2466001414641,613.2591145076962,607.9749164213264,609.2095336914062,45077,,
2022-11-24,609.9008922831423,613.6047438557121,608.7156477231115,610.6416625976562,37641,,
2022-11-25,611.3824024554156,617.8024115280491,610.5922595494378,612.7651977539062,58127,,
2022-11-28,613.2590868718814,622.889101144539,611.9256641098565,619.8765869140625,56265,,
2022-11-29,621.2593018294397,625.3088216546182,616.3208336113996,619.6790161132812,74955,,
2022-11-30,619.6790579537145,620.6667516640111,613.3577940942002,617.0616455078125,78381,,
2022-12-01,618.4938180589755,626.8398420300575,612.6170283820574,615.2838134765625,193483,,
2022-12-02,615.2838190563999,643.383717635623,613.4071768622005,629.30908203125,392538,,
2022-12-05,633.4573175126536,666.1006418617336,632.1239551583567,661.8041381835938,776269,,
2022-12-06,664.7178743527728,671.4341795999749,653.1124731289317,660.8658447265625,333413,,
2022-12-07,662.7424601284779,665.6067959177601,621.0124020950528,626.5928955078125,673631,,
2022-12-08,625.2101335101752,630.148602179292,602.4931776322384,605.0611572265625,741257,,
2022-12-09,608.4193345450983,616.9134764657156,602.5919174545079,609.2588500976562,254290,,
2022-12-12,611.7281167419984,611.7281167419984,594.7398320028711,602.8883056640625,166659,,
2022-12-13,605.9500153726333,609.3575703031734,601.060920062209,602.3449096679688,101117,,
2022-12-14,605.3575031210264,610.3947169629296,601.7523969412052,607.3822631835938,91392,,
2022-12-15,610.3946294239162,613.0614141335454,603.4807743980789,605.3079833984375,68199,,
2022-12-16,603.5795804707009,603.8265038893658,587.7271090492262,588.912353515625,135085,,
2022-12-19,589.6530640900708,591.7766293892674,568.960871643504,573.1585693359375,213275,,
2022-12-20,576.3193477274099,577.2576689193367,565.6028938241608,569.7511596679688,105932,,
2022-12-21,567.923840744526,575.9735679921713,560.0222916559065,562.5902709960938,186091,,
2022-12-22,565.9485552598322,567.8745702533896,546.7378985262277,553.2567138671875,91686,,
2022-12-23,548.170063392381,551.1331448161237,515.5761677312124,527.0828247070312,113261,,
2022-12-26,527.0828042618111,554.8863477056858,520.3170657696102,548.7626342773438,106046,,
2022-12-27,551.1331158678082,561.0100534281632,549.8491260417707,551.7257080078125,67757,,
2022-12-28,552.9602860640418,553.9479797501679,541.1079618305295,542.83642578125,124442,,
2022-12-29,542.5401802447159,552.5159235737905,539.824022354985,546.9848022460938,58379,,
2022-12-30,549.7503468119061,585.7024253662162,549.7503468119061,569.0103759765625,456083,,
2023-01-02,568.9115489910196,582.541709462122,565.1583251343445,579.726806640625,90644,,
2023-01-03,582.591088562817,589.8013005987069,580.8626246360835,585.2578735351562,118202,,
2023-01-04,586.8382601976011,588.2703678944976,572.1709719766044,575.3316040039062,48306,,
2023-01-05,576.8131203537996,576.8131203537996,557.1579916253883,560.5161743164062,127238,,
2023-01-06,560.5162655747628,584.5172143170132,560.5162655747628,577.8502807617188,729342,,
2023-01-09,592.6162237057149,592.6162237057149,579.7762055254244,585.4554443359375,163806,,
2023-01-10,588.3691534002037,588.3691534002037,577.800818676996,581.2083740234375,54114,,
2023-01-11,584.0726946081202,584.270245421578,575.825475631645,581.6528930664062,39095,,
2023-01-12,584.9122117090456,591.6285167032936,574.3932498610561,586.5418701171875,163075,,
2023-01-13,587.2333440516796,594.5916750101931,583.7270430747909,586.6901245117188,155860,,
2023-01-16,586.6901053151113,590.1470335450825,575.8748463673926,580.4182739257812,533424,,
2023-01-17,580.7639008261991,585.3072677734684,573.800672235346,580.61572265625,64206,,
2023-01-18,582.7392904082237,587.6777589710053,579.6280311000553,586.0974731445312,67574,,
2023-01-19,579.8255655927398,587.9246658647359,577.603254801987,582.2947998046875,80264,,
2023-01-20,585.2085164363339,615.1356234479157,580.6157166241038,609.7033081054688,574543,,
2023-01-23,607.1846836495151,607.1846836495151,587.6777336664684,590.0975952148438,93396,,
2023-01-24,592.8137927570941,592.8137927570941,576.1217444951355,584.4183959960938,107375,,
2023-01-25,583.7270180231224,587.1345735861574,567.9239177043914,568.8128662109375,55714,,
2023-01-27,573.4056071455541,575.1340712461555,559.6272669725229,568.22021484375,93234,,
2023-01-30,570.8870134260626,579.2330380493945,564.565749025374,576.862548828125,62047,,
2023-01-31,578.7884656842278,598.4435929840467,578.5909149019313,592.2705078125,70521,,
2023-02-01,593.8508979902867,606.0983252391724,564.5163800369097,577.5045776367188,127202,,
2023-02-02,572.8623915591857,592.4187163176732,562.886708509445,578.5910034179688,50928,,
2023-02-03,580.7639080590694,586.6900703862028,565.4052827513902,575.825439453125,69162,,
2023-02-06,577.7020591549251,582.2947986092963,557.059237071805,562.24462890625,72888,,
2023-02-07,565.059557201065,572.8623617593345,559.0346495789368,570.3931274414062,61764,,
2023-02-08,570.8869646712801,574.8377395132959,565.9484961187604,570.2943725585938,73597,,
2023-02-09,572.8130109733665,572.8130109733665,561.1088036896356,563.9237670898438,59467,,
2023-02-10,564.3188209524577,575.8254776818449,564.3188209524577,570.7388305664062,72425,,
2023-02-13,571.3807980749873,575.1340220297353,565.9484827951042,569.5535888671875,55439,,
2023-02-14,569.5535986258168,569.6029712542177,553.3060251353392,559.3309326171875,65539,,
2023-02-15,561.9977674281323,564.6151800895262,555.1332835196089,557.9976196289062,45493,,
2023-02-16,558.8370913043499,585.5048215813935,558.8370913043499,571.5289916992188,175378,,
2023-02-17,571.7264585815564,584.6652818700695,569.5041478169987,581.0108032226562,75390,,
2023-02-20,583.9245050156328,590.4432590710442,577.7514196282975,581.5540161132812,44499,,
2023-02-21,581.5539772485726,585.5047516324406,574.4425713008034,582.9861450195312,51526,,
2023-02-22,582.8381055301229,586.6407629497097,568.8129013578672,572.8130493164062,46089,,
2023-02-23,573.3562334389552,577.8502280352856,564.9608363946294,568.8128662109375,45025,,
2023-02-24,569.948599129731,578.7390965811151,555.0838220030056,571.6770629882812,98953,,
2023-02-27,567.923831189836,590.6407844374295,558.0468949952302,585.5541381835938,163787,,
2023-02-28,592.468051057713,594.0483971727468,563.0347903961654,569.109130859375,241656,,
2023-03-01,569.1585052162675,577.7020799938675,549.6515542782696,552.1207885742188,213730,,
2023-03-02,555.6271266125237,562.5409831064983,551.1331319482493,555.5283813476562,164190,,
2023-03-03,561.1582204003628,565.8003327338049,557.4049359751367,560.12109375,170607,,
2023-03-06,561.0593651131132,567.9238480287022,557.1579631437611,559.627197265625,162075,,
2023-03-08,559.6272137751944,566.1460282196484,551.7256643521262,563.4298706054688,175590,,
2023-03-09,563.973092851065,567.7263167887128,560.0223181200593,562.24462890625,181788,,
2023-03-10,562.7384594762876,564.9607701982212,552.1207526937162,554.1948852539062,124544,,
2023-03-13,548.1700340721017,554.639416111099,537.3547753971138,540.1697387695312,98405,,
2023-03-14,542.4413926955442,554.2443444803799,527.9222832327105,529.552001953125,86848,,
2023-03-15,531.3792028124565,540.7622928249441,528.5148670108185,530.6878051757812,64948,,
2023-03-16,531.3792426317364,535.8732371808281,519.9220191347064,523.181396484375,55883,,
2023-03-17,524.2678164745707,547.6761697826857,524.2678164745707,538.7869262695312,159543,,
2023-03-20,536.3176890967326,538.0461531039505,517.7984318765416,523.576416015625,274776,,
2023-03-21,528.3667894546293,528.3667894546293,508.71165949893964,512.8599853515625,144955,,
2023-03-22,511.62533894372154,511.62533894372154,426.3379815296219,446.98077392578125,4936334,,
2023-03-23,454.6848130095334,467.1791326209931,428.4615264865043,430.98016357421875,6215371,,
2023-03-24,435.27661176301666,446.43753816021456,423.76995641142275,426.7824401855469,2475593,,
2023-03-27,436.3630537373114,436.3630537373114,416.8561036480542,423.4736633300781,1556402,,
2023-03-28,426.6837108734429,427.3751085728707,410.9793858766442,414.7820129394531,675151,,
2023-03-29,414.8313405290597,420.75750253661766,407.02856658084534,416.4610290527344,588220,,
2023-03-31,420.7575063779682,433.59752417823483,420.7575063779682,425.3009033203125,528117,,
2023-04-03,431.02953453526777,434.042018474557,423.62183161540634,427.62200927734375,346995,,
2023-04-05,429.79490576387843,441.99292893725465,420.9550652703451,436.3136901855469,725052,,
2023-04-06,436.0667661037568,447.8203150394179,432.5110627752996,444.807861328125,578417,,
2023-04-10,462.2900268213453,469.05573473270056,456.4132673585922,459.1294250488281,1927806,,
2023-04-11,467.17915716202265,470.98178423709464,454.33913804340466,455.8206787109375,1032360,,
2023-04-12,456.2156807924024,459.1293890521134,447.4252135306886,448.75860595703125,401727,,
2023-04-13,449.252468176291,450.9809320847417,436.5605985915493,438.2890625,429803,,
2023-04-17,439.4743292281911,441.25216585305174,428.6590710245651,429.39984130859375,551093,,
2023-04-18,430.6344931733335,465.203775882202,430.6344931733335,461.3517761230469,3596888,,
2023-04-19,460.5615342407655,467.77171592874765,454.33907633901663,456.1169128417969,807352,,
2023-04-20,458.2404969947074,460.6109558091767,449.6475498824849,456.9071044921875,359041,,
2023-04-21,458.78373693422986,458.78373693422986,443.96833100524503,446.78326416015625,225330,,
2023-04-24,447.96843420283494,455.27739118453707,445.54860289252986,450.2895202636719,275101,,
2023-04-25,452.3636941724397,461.6480085047804,449.4006132062447,451.9192199707031,355777,,
2023-04-26,452.3143390302812,461.0554041048199,450.58587506652185,455.1292419433594,302228,,
2023-04-27,457.25280849111994,468.0186637460814,455.1292429317029,460.9072570800781,480920,,
2023-04-28,465.1543783799628,469.8459236396188,436.70878061515197,452.9069519042969,675425,,
2023-05-02,456.3145049282219,464.9074524674447,455.52436199814144,461.9937438964844,217391,,
2023-05-03,461.94438566183294,470.43852792196634,459.3763758460156,464.26544189453125,319582,,
2023-05-04,462.240660211259,468.0680471214157,459.7714259152587,462.8332824707031,247664,,
2023-05-05,462.9320653451133,472.1176050177295,456.5614287017687,459.8702087402344,259993,,
2023-05-08,459.87017939750876,478.537583757155,459.67262860643615,473.8460388183594,539791,,
2023-05-09,476.26591182644705,486.340369431095,469.15450516503245,473.3522033691406,584532,,
2023-05-10,475.08064965796166,503.67439312349666,475.03127703185237,499.2791442871094,2112155,,
2023-05-11,502.73608010290843,509.2548342381719,495.37775017426065,498.143310546875,412375,,
2023-05-12,500.6125662023391,500.6619388313527,479.0314524698797,489.5503845214844,253101,,
2023-05-15,493.45178488295244,562.837238056649,488.9083877762239,547.231689453125,4866067,,
2023-05-16,544.2192424039596,550.145404753186,529.7001325915467,534.5398559570312,1581114,,
2023-05-17,536.218911708825,547.1329145864937,523.5270120173153,532.3668823242188,664926,,
2023-05-18,537.1572180170677,537.1572180170677,513.9464150565619,516.4156494140625,522901,,
2023-05-19,516.4156924748311,521.5023397890437,498.78538180580887,511.6747741699219,683321,,
2023-05-22,508.71161474170464,527.5271671747751,506.14363530289546,510.5882568359375,321779,,
2023-05-23,508.76102063284645,525.4530689285932,508.76102063284645,511.526611328125,310488,,
2023-05-24,510.48949323593143,517.6997058757644,508.6622839025201,510.0944519042969,203726,,
2023-05-25,508.66224813204315,513.5019713055556,498.78531127511025,503.970703125,258795,,
2023-05-26,506.5386914176783,510.04505229019816,498.98287076093146,500.4150085449219,303801,,
2023-05-29,506.39057301436696,508.31658778985485,499.27916630397135,500.7113342285156,409745,,
2023-05-30,535.3300053471553,551.1331051360012,505.99548930730174,509.6993408203125,4360556,,
2023-05-31,517.0082670539765,527.6259740770342,512.3167220902998,514.2427368164062,1804120,,
2023-06-01,518.4898743114221,557.454406924369,518.045400042946,551.3800659179688,4709188,,
2023-06-02,553.1084914794577,582.5417527192349,552.2195430045349,562.5409545898438,2718688,,
2023-06-05,567.6275669641336,567.8744903828335,556.4666404957057,564.0224609375,747700,,
2023-06-06,565.7509475642491,570.8869669360529,545.7007772182858,549.0589599609375,832872,,
2023-06-07,550.7379355850392,552.6145775670665,536.7621071038528,538.1942749023438,777264,,
2023-06-08,538.8856141452939,544.2191837988602,524.4653114286656,526.6876220703125,756152,,
2023-06-09,528.2185389716223,537.3053323849392,518.6378987454515,527.3296508789062,808874,,
2023-06-12,530.2927658994823,536.2683006629474,525.1073740306505,531.9224243164062,367719,,
2023-06-13,533.2559205639916,557.0593176477315,531.5274563691627,554.5407104492188,1282833,,
2023-06-14,557.0592955735796,561.8990192409394,553.6023673209066,559.182861328125,909731,,
2023-06-15,559.0345817692281,559.1827599239465,540.7128774093932,546.04638671875,773364,,
2023-06-16,549.1577137200248,552.1207949091618,540.1202919795411,545.5032348632812,403398,,
2023-06-19,548.1700313227599,556.1703265852049,540.7623281967766,543.1821899414062,390295,,
2023-06-20,543.1820654177192,545.8982226079047,534.4409415625233,537.7003784179688,318702,,
2023-06-21,538.8856606806534,545.1575518702186,533.5027782221651,535.03369140625,344243,,
2023-06-22,533.3052683771144,538.2931099075221,526.1444884746749,528.7618408203125,291544,,
2023-06-23,528.4162047005261,529.3051532706509,516.7120568034888,522.3912963867188,340843,,
2023-06-26,523.0825242388214,523.6751765894002,515.0328572954353,517.0576171875,281586,,
2023-06-27,518.0453483266267,525.0085768907963,518.0453483266267,520.4652099609375,248879,,
2023-06-28,522.1936109450106,529.0580934241228,520.5145197921006,525.3048095703125,328678,,
2023-06-30,525.9469186793492,533.1076983233404,525.4530718073498,530.3915405273438,304718,,
2023-07-03,535.3299788441543,539.9721512341124,528.4161230288239,534.34228515625,664616,,
2023-07-04,533.897851141577,539.6758958213186,531.9718362483299,538.391845703125,255649,,
2023-07-05,538.9844611053201,547.1823067122518,535.5275331748275,541.05859375,266169,,
2023-07-06,541.0585557556224,552.9108792564423,540.2684129123746,548.5650634765625,457862,,
2023-07-07,564.9608051979665,579.2823640709919,556.4172304463042,569.109130859375,3981493,,
2023-07-10,571.8746459129861,576.8131143578305,555.6764453002809,558.6395263671875,680884,,
2023-07-11,559.8247588388878,561.849518801022,549.1083066571282,555.4789428710938,412413,,
2023-07-12,558.5408026115034,558.5408026115034,548.2687637372156,552.170166015625,418738,,
2023-07-13,553.8985783428454,567.3312479466391,553.8985783428454,558.9358520507812,623516,,
2023-07-14,562.6891427337922,563.9731325549548,544.219257509247,548.6638793945312,628551,,
2023-07-17,551.5282317253028,557.5037670468082,547.2317276051792,548.2194213867188,406858,,
2023-07-18,549.75034223399,557.0593004312808,548.2194289084081,551.3306884765625,272418,,
2023-07-19,554.4912851087266,555.3308006670835,546.2440062783284,549.15771484375,148792,,
2023-07-20,549.7503100373996,555.0838803321435,548.1700241714229,554.0468139648438,219323,,
2023-07-21,553.1084860729918,557.0592609735131,549.1577111724704,552.7628173828125,221659,,
2023-07-24,554.9357259602529,560.318669115936,548.1700476835421,548.8120727539062,157291,,
2023-07-25,551.0837034117798,575.7266729008064,549.1576886698889,571.973388671875,1029939,,
2023-07-26,574.6401694218833,640.7169005498065,572.0228173473447,629.6053466796875,6480801,,
2023-07-27,632.1240450341777,634.889575674393,607.4810721592391,614.0986328125,832067,,
2023-07-28,616.996246267209,633.0723970049995,612.232958047844,622.5534057617188,690985,,
2023-07-31,622.4046029659296,625.1335771764584,613.7711088043756,615.0611572265625,322702,,
2023-08-01,615.8550305051876,616.9962621333963,597.5461428339523,599.4315795898438,785538,,
2023-08-02,599.4315392098051,613.2748923399145,579.9814212205968,594.2216796875,496880,,
2023-08-03,591.2942129609108,604.1948172798636,577.5501318177312,585.340087890625,472494,,
2023-08-04,593.0308704972723,595.5614222679125,585.637879852841,590.3515625,230304,,
2023-08-07,592.3362538955206,605.3360698568519,587.0271225155154,597.6453247070312,491735,,
2023-08-08,593.4278289226844,593.4278289226844,570.1075045419434,576.9547729492188,1192934,,
2023-08-09,576.5577969208562,584.6951135694105,571.645631459897,576.3593139648438,418652,,
2023-08-10,584.7943406769816,589.8553836347982,571.9433411737706,574.5234985351562,391228,,
2023-08-11,576.5577662078281,579.1378627930656,560.8289770197441,563.4586791992188,383227,,
2023-08-14,566.187618351664,570.6532117914925,550.161136014261,557.7030029296875,293987,,
2023-08-16,560.680125749209,562.8633171136127,550.7565837005504,555.8175659179688,199137,,
2023-08-17,558.6458120504554,570.802151066754,556.6611036396312,565.0465087890625,483710,,
2023-08-18,566.3365764439513,585.4890011474482,565.8900049225972,575.4662475585938,530101,,
2023-08-21,580.5272163477682,583.5042789957055,572.5883826199355,574.6723022460938,219865,,
2023-08-22,577.0539503749831,585.6874437754611,569.9585938256928,573.0845336914062,407043,,
2023-08-23,573.6799939918925,582.5119714490997,573.6799939918925,577.4509887695312,170127,,
2023-08-24,582.0653750106324,583.504300791249,575.1685008382609,581.5195922851562,190920,,
2023-08-25,583.6034453740474,590.103413444363,578.542463488593,583.9508056640625,399236,,
2023-08-28,588.4660129642328,597.8437718275296,585.2904675596652,596.4048461914062,453258,,
2023-08-29,601.8628932828052,609.305550660581,597.5461762310955,604.2445678710938,519788,,
2023-08-30,604.3437053742956,609.3054763543802,603.0040514370702,605.3360595703125,222592,,
2023-08-31,608.8092895041527,609.9505210386886,597.3972164327627,605.683349609375,232820,,
2023-09-01,608.2635199526951,613.0764136028066,602.7063000829287,605.5345458984375,171304,,
2023-09-04,609.3054995334277,610.992513844532,602.3094142990639,607.6680908203125,996678,,
2023-09-05,607.7673394642526,627.1182462865822,600.9696768804408,605.3360595703125,584308,,
2023-09-06,609.2558708332162,611.2901848216025,590.9469238007537,596.107177734375,351810,,
2023-09-07,592.0384972643386,613.274901578768,590.8477206675246,610.4467163085938,400339,,
2023-09-08,619.2290267319927,707.5485513780623,618.2862781192629,676.9344482421875,7285573,,
2023-09-11,681.7472960865825,703.8767813567722,672.6672314527932,676.041259765625,1240078,,
2023-09-12,679.7626480895298,681.9458395109617,634.9082247442296,641.7554931640625,843626,,
2023-09-13,637.0914280872652,697.5754316992804,637.0914280872652,693.4075317382812,1893648,,
2023-09-14,692.6631978565264,713.3537576911767,682.2930848580135,691.1250610351562,1363647,,
2023-09-15,691.6212886225734,702.6363962830417,660.9079132719855,668.3009643554688,784694,,
2023-09-18,672.8657203290588,679.7625937958684,662.0987020123893,666.2666015625,365457,,
2023-09-20,666.2666584599234,679.0679917667252,656.2438443324861,664.1826782226562,361279,,
2023-09-21,664.579622473695,673.8581100528764,643.3928238790734,648.1065063476562,346734,,
2023-09-22,651.9271017474633,661.503283406163,640.6142396757476,644.1370849609375,320556,,
2023-09-25,647.0149878786322,683.5336131175915,642.3013050681667,678.7703247070312,842444,,
2023-09-26,676.7856171183238,680.5565512583626,650.7363173392093,658.4270629882812,431765,,
2023-09-27,654.9537595381414,681.7473224283381,652.9690511759046,676.6863403320312,337122,,
2023-09-28,678.7702930491657,685.9648612137951,667.0109196557561,670.3848876953125,310236,,
2023-09-29,675.7932056495035,713.5026649955845,674.9497288125806,700.2547607421875,2082741,,
2023-10-03,701.5447894507372,701.5447894507372,688.6937908931395,691.720458984375,281331,,
2023-10-04,689.68618612216,691.2243230566471,637.1906234115069,659.0720825195312,2212692,,
2023-10-05,660.5109937832357,711.1707289409242,660.5109937832357,701.79296875,2487118,,
2023-10-06,704.5714893827599,723.3270081866846,700.6516781379879,707.4493408203125,2127692,,
2023-10-09,694.647972427557,727.2467851919373,681.3504012994023,708.0943603515625,1310189,,
2023-10-10,716.479806991764,766.9409990878144,712.4607841770476,757.0174560546875,4208852,,
2023-10-11,757.0174318232503,766.7425521392224,737.2200125606594,749.9717407226562,1660890,,
2023-10-12,749.9717087444036,753.6434315062723,734.8383067485688,739.7008666992188,597085,,
2023-10-13,737.2695917795867,762.9219245538213,734.8879173856925,756.6701049804688,593080,,
2023-10-16,756.670101278182,779.9904257110178,749.3266557400184,774.929443359375,1017352,,
2023-10-17,777.0133449784246,777.0133449784246,760.4906231853937,769.223388671875,670049,,
2023-10-18,771.5554328895316,775.0286727803526,749.8228504881383,760.292236328125,402612,,
2023-10-19,759.150937012197,766.0974161744001,752.2044578499939,759.8952026367188,218676,,
2023-10-20,757.116616397207,769.0248662843584,730.5215370962673,734.6397705078125,341429,,
2023-10-23,737.3192303142118,741.4871304054616,689.686224856497,714.1973876953125,388299,,
2023-10-25,718.1667923581854,723.3766522397434,690.8274445219946,705.1173095703125,453870,,
2023-10-26,699.5601469829263,699.5601469829263,671.1291732356985,693.8045043945312,435499,,
2023-10-27,703.579129373527,714.4950255979401,690.0831364507413,700.6516723632812,330437,,
2023-10-30,704.5715288805219,710.32717150979,690.8274465234207,700.6021118164062,247359,,
2023-10-31,704.521867400995,728.3383678966568,704.3729900454999,707.399658203125,522069,,
2023-11-01,709.5332573000519,737.2695694718437,709.5332573000519,717.4224853515625,496875,,
2023-11-02,725.013938526751,746.2503421723504,723.4261960686748,742.0328369140625,411368,,
2023-11-03,743.7695358425591,771.0096730514933,743.7695358425591,761.6815185546875,641775,,
2023-11-06,770.0669101500853,795.4711551235138,763.4181244564817,780.2881469726562,1010562,,
2023-11-07,772.3493058396149,772.3493058396149,740.5443640275739,754.8342895507812,940719,,
2023-11-08,763.0212357071749,792.6925925553658,758.2082810728294,783.166015625,1005678,,
2023-11-09,786.6888586716512,847.4705585690194,785.9445929586223,822.9097900390625,3521777,,
2023-11-10,827.772296679968,829.2608280096796,812.1923233152886,816.906005859375,481748,,
2023-11-13,824.4479129717719,860.8673266871047,803.8069563303225,830.4020385742188,1111062,,
2023-11-15,838.3407973441175,860.3710722063523,836.5545719376644,854.466552734375,732287,,
2023-11-16,853.1269499233822,891.7791595800466,842.0125703518856,884.3861083984375,1234929,,
2023-11-17,886.1722994899451,895.599664378136,859.8749132228862,868.4588012695312,572268,,
2023-11-20,868.3099785753153,880.9624954059842,861.6611929113819,869.004638671875,355181,,
2023-11-21,875.2563778741854,897.7828296451898,862.6038622076368,869.69921875,589059,,
2023-11-22,874.6113671272593,882.1532955365418,857.3940456463652,865.878662109375,234149,,
2023-11-23,871.932074454687,890.2906278368129,871.2374143751777,883.443359375,346910,,
2023-11-24,884.1876586714845,898.0310129158994,877.2411787492618,889.1990356445312,346497,,
2023-11-28,883.1953140646135,892.0272914326592,875.4053571511062,888.8517456054688,291549,,
2023-11-29,889.0997372193334,891.9279223970942,868.4091162826105,878.38232421875,315411,,
2023-11-30,878.2334733817426,908.0040995980728,873.2717023456875,900.3133544921875,751805,,
2023-12-01,908.0040728895951,955.2401075360176,901.8018592769613,942.0418090820312,1284226,,
2023-12-04,958.5645662970246,979.9001819240669,929.3397225453538,960.79736328125,755832,,
2023-12-05,960.7973499568465,997.2663668601058,940.9006603314881,949.8318481445312,792802,,
2023-12-06,952.759247385885,958.5645558225315,910.9811596094088,930.6297607421875,567533,,
2023-12-07,939.412110368154,966.5529730112473,921.5993406922872,959.75537109375,432568,,
2023-12-08,947.6983098366619,1048.9184434527242,947.6983098366619,1024.0103759765625,2523453,,
2023-12-11,1032.0483199051814,1080.6240072766952,1021.1324242138767,1062.11669921875,1367925,,
2023-12-12,1051.8954917443057,1055.666486301582,1002.2777798695741,1010.2166137695312,628177,,
2023-12-13,1012.102127377814,1018.3043414622243,954.0990091467092,966.7515258789062,1088062,,
2023-12-14,997.3160433990802,1006.8426201832542,985.9535748705352,997.5145263671875,900688,,
2023-12-15,1007.9341955185278,1024.1095572253453,1005.4037043658269,1012.0524291992188,512611,,
2023-12-18,1020.636327951541,1020.636327951541,994.7855123130403,1014.5333251953125,294181,,
2023-12-19,1020.6362679177,1020.6362679177,987.4420086850448,991.560302734375,334200,,
2023-12-20,1006.2471640597672,1009.2242266753286,947.6982659537255,961.1446533203125,466907,,
2023-12-21,947.6982660983118,986.350474509947,935.5915326794828,979.6024780273438,235631,,
2023-12-22,987.3924259505874,1039.4910212896887,979.9993750697209,1019.693603515625,906262,,
2023-12-26,1037.0101176719756,1041.9718885699278,1000.5907071673093,1006.6441040039062,361230,,
2023-12-27,1018.1554950896889,1023.5637774811265,1002.3770377512503,1006.5945434570312,276760,,
2023-12-28,1009.2738958968354,1016.5180699376779,987.3924964067472,993.5451049804688,215851,,
2023-12-29,1002.2778323745648,1003.1709754624962,964.7668523459295,978.1636352539062,344945,,
2024-01-01,982.3810440944112,1024.10952573776,979.7016756633753,1013.8386840820312,529962,,
2024-01-02,1021.1324948808201,1022.1248491032504,994.438142070046,1002.8235473632812,631790,,
2024-01-03,1001.3351258284788,1131.2839376186355,1001.3351258284788,1110.940673828125,3641651,,
2024-01-04,1113.4215391122611,1333.0791420528635,1112.4291847993268,1285.346923828125,14291405,,
2024-01-05,1285.34697304662,1294.8240055528372,1225.8057119906098,1259.49609375,4313421,,
2024-01-08,1265.2019435581449,1326.7279041878182,1232.0077438990272,1286.0413818359375,1751276,,
2024-01-09,1291.1025840339917,1319.8311919759628,1262.3738549550235,1281.823974609375,748067,,
2024-01-10,1281.8238518005396,1311.89223204889,1253.7403010583864,1296.5107421875,702194,,
2024-01-11,1309.9075949049343,1396.9866793389556,1300.9764067578553,1317.449462890625,1336280,,
2024-01-12,1326.9761505989811,1364.437526245317,1319.8809141080185,1338.14013671875,427605,,
2024-01-15,1342.0598085785675,1353.8688474715802,1297.0565710340584,1318.6898193359375,355617,,
2024-01-16,1323.9990825482967,1367.1664953789327,1300.8276334516659,1355.456787109375,519863,,
2024-01-17,1324.9912207893412,1350.9909723617313,1309.907486071193,1316.3577880859375,209403,,
2024-01-18,1319.3846406226658,1544.8474776107173,1231.5116233916174,1463.6728515625,2950905,,
2024-01-19,1463.6233652129438,1475.1346507390408,1430.131407956003,1441.2457275390625,756630,,
2024-01-23,1476.6728656518096,1477.8139761880461,1304.8962392863432,1351.2392578125,822001,,
2024-01-24,1364.3878121192006,1408.7956625142535,1268.2783321955171,1386.2196044921875,679610,,
2024-01-25,1390.387389626247,1418.7191493546975,1359.5251994714808,1370.9869384765625,239323,,
2024-01-29,1379.2731890115936,1393.9599591517638,1353.075012722678,1366.0748291015625,182983,,
2024-01-30,1367.8610066746007,1414.104686583913,1362.5022699506756,1393.612548828125,372556,,
2024-01-31,1394.2576442870673,1438.9135830720622,1372.376185827625,1436.6807861328125,302640,,
2024-02-01,1438.9136262986606,1443.4784315064169,1391.9256779707198,1419.8604736328125,260212,,
2024-02-02,1425.6658205389674,1447.6960374084408,1386.5173709629587,1403.5859375,170314,,
2024-02-05,1409.1430319932415,1418.5207311809345,1361.5100280948784,1379.273193359375,148913,,
2024-02-06,1379.5212351219002,1446.3562672220532,1379.5212351219002,1431.867919921875,239975,,
2024-02-07,1448.8371717096616,1513.2905303114012,1442.089114509916,1459.802734375,400405,,
2024-02-08,1387.3112624925604,1432.661803949,1340.124768736245,1419.6619873046875,449698,,
2024-02-09,1454.7415868475102,1456.478206692511,1359.6244612787168,1407.30712890625,339675,,
2024-02-12,1374.4105186759289,1397.2346644734353,1248.7288394374807,1338.2392578125,1095240,,
2024-02-13,1340.6705308253515,1364.4373655780082,1314.8693214978466,1347.0711669921875,303010,,
2024-02-14,1336.7011525676758,1367.2160452487865,1305.6900827697991,1345.6820068359375,141128,,
2024-02-15,1351.685732910483,1397.2348183320887,1350.5941674360604,1386.1700439453125,128419,,
2024-02-16,1399.1202308526965,1443.2799933853767,1261.3814174645074,1431.867919921875,413168,,
2024-02-19,1443.2800413805364,1451.7645975120502,1379.3724036323306,1387.559326171875,122073,,
2024-02-20,1398.0286925501339,1420.0092419116309,1368.2580655464,1376.1968994140625,151601,,
2024-02-21,1369.6472072891086,1504.8554659437289,1369.6472072891086,1468.6842041015625,774123,,
2024-02-22,1476.4247326285233,1482.726158021035,1422.2420925304032,1472.058349609375,206057,,
2024-02-23,1486.5466840796464,1494.5847293723043,1428.9901368989927,1449.03564453125,165279,,
2024-02-26,1453.848614691081,1622.499167807464,1453.848614691081,1572.0875244140625,614497,,
2024-02-27,1572.0874669724285,1662.1932763164996,1546.137501687584,1609.2015380859375,756971,,
2024-02-28,1609.2016747762812,1624.1366551316753,1491.9549924721152,1541.4239501953125,473283,,
2024-02-29,1546.484715027975,1589.2054880458415,1524.851346334828,1553.18310546875,458153,,
2024-03-01,1553.480924935249,1607.6138981710535,1546.1376003346804,1585.7821044921875,321856,,
2024-03-04,1628.3045055552504,1646.3157600691204,1519.7409224661499,1594.96142578125,289534,,
2024-03-05,1575.8586134208733,1612.5757221718636,1566.9274248057677,1588.9576416015625,164050,,
2024-03-06,1587.8164604768308,1594.5148516403249,1451.1692080593555,1501.332763671875,328344,,
2024-03-07,1501.2831077699489,1530.2102584789702,1469.676649032007,1504.75634765625,158097,,
2024-03-11,1505.4013889880248,1514.6798769472036,1410.2345927079225,1439.1617431640625,196913,,
2024-03-12,1442.5357463718924,1452.806588394414,1369.4488333226034,1388.601318359375,209085,,
2024-03-13,1418.9176852290843,1436.8792727379957,1221.7369462803053,1258.30517578125,524111,,
2024-03-14,1258.305150739647,1312.884632830089,1214.1950541231674,1291.003173828125,326469,,
2024-03-15,1301.621376362442,1301.621376362442,1220.6453000033869,1233.9427490234375,426053,,
2024-03-18,1230.4695176755492,1304.9457473780406,1197.8211620461734,1264.8546142578125,480222,,
2024-03-19,1272.1982233401934,1275.0264088916697,1232.9505619890558,1246.8931884765625,178623,,
2024-03-20,1248.183186424584,1290.0108198897947,1231.5115870730697,1242.030517578125,294157,,
2024-03-21,1255.3281240830906,1405.1239494072202,1246.9923241700808,1391.330322265625,1141022,,
2024-03-22,1382.3494160410328,1503.46629595872,1353.2733892014546,1465.7568359375,830072,,
2024-03-26,1458.7607167622368,1479.7490329348875,1407.158296849559,1420.25732421875,404752,,
2024-03-27,1425.9634194109383,1507.0883809600693,1398.1774998589424,1420.0589599609375,546014,,
2024-03-28,1439.211415313687,1452.8066200657895,1420.0589298593884,1437.6732177734375,172985,,
2024-04-01,1425.61606416885,1538.1490582028296,1414.2039905112163,1531.4010009765625,522870,,
2024-04-02,1522.2713986046815,1570.89675618723,1518.3019816591675,1555.9122314453125,330916,,
2024-04-03,1555.912235194891,1586.2285845071196,1531.3514677853334,1557.053466796875,212264,,
2024-04-04,1557.0534070883134,1574.6180279861924,1531.2025317048654,1551.595458984375,130785,,
2024-04-05,1528.22540538334,1557.996030163535,1499.5960121137823,1543.1107177734375,315984,,
2024-04-08,1556.954101995341,1572.8814356502544,1522.271370528385,1528.32470703125,90446,,
2024-04-09,1536.2140705645716,1674.101647426884,1536.2140705645716,1588.46142578125,1009594,,
2024-04-10,1592.530052363331,1647.307955189538,1592.4803861990429,1631.777587890625,276103,,
2024-04-12,1637.3844875494078,1647.3080298981922,1584.789713100851,1589.056884765625,294468,,
2024-04-15,1530.2101678206457,1598.4345186881355,1501.878407114697,1570.4005126953125,230538,,
2024-04-16,1562.9579971085734,1605.6292313153472,1551.7940114149408,1595.7056884765625,123584,,
2024-04-18,1593.7209114381772,1624.4838929167472,1577.8432435782702,1602.652099609375,129464,,
2024-04-19,1568.9119738729476,1594.3162169011782,1548.7671353677922,1566.232666015625,100648,,
2024-04-22,1579.6791017306448,1650.7316423922719,1570.896790772738,1608.0108642578125,204253,,
2024-04-23,1617.4876292848423,1731.459602502535,1615.6022532733548,1702.4827880859375,938072,,
2024-04-24,1717.765128413735,1755.1272884497848,1693.7005389486667,1711.7117919921875,384115,,
2024-04-25,1716.7727866611588,1753.4898925030448,1657.4796224975726,1739.2496337890625,298066,,
2024-04-26,1749.8183210263649,1785.1461085743572,1726.6964182354257,1739.1505126953125,208088,,
2024-04-29,1739.4977244924648,1753.489894670759,1712.8530380962577,1736.619873046875,91460,,
2024-04-30,1736.619929212616,1770.1615511573482,1730.66580374103,1763.1654052734375,112461,,
2024-05-02,1776.314071267843,1840.8170962021502,1743.5663816858103,1829.008056640625,367292,,
2024-05-03,1845.7789874898976,1953.9952717435,1829.008175687993,1841.8095703125,532571,,
2024-05-06,1845.6797354603452,1941.044956810389,1808.0694843090637,1926.4573974609375,378603,,
2024-05-07,1910.3314797489209,1949.7775587567085,1771.8484042365978,1806.9281005859375,299514,,
2024-05-08,1811.0464297081674,1856.3969685616808,1788.3214941162123,1806.2830810546875,135046,,
2024-05-09,1806.2831198605222,1823.3020191217672,1713.2003658269841,1743.8641357421875,226185,,
2024-05-10,1739.5969669704104,1801.0732631270325,1667.1054419399218,1683.9754638671875,342698,,
2024-05-13,1687.0022847149496,1698.0173930524536,1608.6062961899609,1627.36181640625,246797,,
2024-05-14,1638.5752383560011,1736.6198836718113,1619.5220858013693,1691.07080078125,310024,,
2024-05-15,1711.8111232447998,1788.2224023693502,1711.8111232447998,1774.627197265625,259138,,
2024-05-16,1790.206992931306,1804.2488292152325,1688.9868636192257,1705.7080078125,221925,,
2024-05-17,1720.2460844172995,1879.518940805518,1712.5553390153761,1848.3094482421875,407981,,
2024-05-21,1786.2375991624806,1786.2375991624806,1712.8033867524675,1753.2418212890625,443398,,
2024-05-22,1767.1845049477542,1801.1229719983808,1754.4326558672615,1787.3292236328125,252592,,
2024-05-23,1795.1688145812918,1884.1829411778726,1790.0581660337755,1870.488525390625,394269,,
2024-05-24,1870.5876958218423,1967.0941432588047,1855.7023825924907,1931.766357421875,364127,,
2024-05-27,1957.815675368503,2077.6919931054103,1952.1096385728918,1983.8153076171875,547168,,
2024-05-28,1995.7235446126226,2004.8036099393623,1869.8931023880914,1891.476806640625,235703,,
2024-05-29,1891.4767796895594,1895.3965303420161,1849.7482369411089,1861.259521484375,80377,,
2024-05-30,1841.8095569743507,1884.4807913223556,1810.0542197851375,1853.07275390625,132042,,
2024-05-31,1868.2060923702438,1906.9079082351689,1836.9469334024197,1885.274658203125,132813,,
2024-06-03,1969.773523461191,1969.773523461191,1895.3966207509197,1922.190185546875,148766,,
2024-06-04,1919.213030153243,1919.213030153243,1537.752049984322,1791.943603515625,534344,,
2024-06-05,1796.2108797600454,1830.8936127500242,1690.822784490286,1808.4664306640625,198901,,
2024-06-06,1825.8325794360717,1959.8996122273657,1825.8325794360717,1934.892333984375,239847,,
2024-06-07,1969.773577072105,2116.69167649003,1959.8997004537316,2070.051025390625,549486,,
2024-06-10,2014.8529104294953,2102.2180035736897,1981.0466027305954,1993.8447265625,151828,,
2024-06-11,1993.8446246337564,2033.2046982648596,1982.0124478282721,1996.017822265625,105617,,
2024-06-12,1996.017717817164,2009.5402394978173,1960.8109489272745,1992.1541748046875,228827,,
2024-06-13,2038.0341039760476,2144.2823859651908,2038.0341039760476,2088.501953125,794083,,
2024-06-14,2111.4419338310963,2141.191482244875,2097.9678666201617,2106.75732421875,116328,,
2024-06-18,2127.8623353350276,2138.4870185087148,2071.8403535549296,2086.0390625,253544,,
2024-06-19,2059.8792206294565,2078.7836165022886,1985.8991669245468,2003.2158203125,355751,,
2024-06-20,2023.5094568838872,2059.1349974527566,2009.5172866707626,2031.59716796875,114979,,
2024-06-21,2034.3261035420016,2053.528254160634,2026.3872699672036,2043.157958984375,84933,,
2024-06-24,2047.7229755555654,2047.7229755555654,1946.353965647042,1978.2581787109375,162440,,
2024-06-25,2001.8265663608215,2042.3643334827525,1985.7504763225975,2031.2994384765625,213383,,
2024-06-26,2030.3568277537452,2044.2497874744454,2005.1014601448421,2032.2918701171875,122376,,
2024-06-27,2032.2919199669082,2054.1733805185354,1974.7850373100896,1998.155029296875,91602,,
2024-06-28,1998.1547960799703,2037.3031198005947,1909.884819595411,1941.6898193359375,407627,,
2024-07-01,1945.0142650934665,1969.624698126996,1881.5532613785035,1894.1064453125,397398,,
2024-07-02,1894.3546648476101,1995.5748019684597,1890.9807571865133,1976.2735595703125,200188,,
2024-07-03,1987.685526119755,1987.685526119755,1915.2933333711385,1931.8656005859375,172903,,
2024-07-04,1934.9916109462974,2034.3262489223764,1934.9916109462974,2023.261474609375,191764,,
2024-07-05,2034.3261884069439,2138.8708043158895,1989.6702476858156,2005.746337890625,242366,,
2024-07-08,2009.5172177958789,2059.085260713383,1993.6395508898372,2008.0286865234375,76639,,
2024-07-09,2009.5172936838255,2041.2726286951254,1977.265781562974,1993.193115234375,54975,,
2024-07-10,1993.1931979969597,2029.364462330398,1970.1209614447926,2013.040283203125,84188,,
2024-07-11,2033.3337283302037,2033.3337283302037,1979.7962684182755,2001.2806396484375,62792,,
2024-07-12,2011.5020825157424,2011.5020825157424,1925.1672620032266,1936.9266357421875,94553,,
2024-07-15,1936.926550777483,1964.265957861981,1865.6259246403033,1872.6220703125,117471,,
2024-07-16,1875.4503819675265,1964.6133899867805,1875.4503819675265,1949.876953125,192535,,
2024-07-18,1964.8116416446826,1964.8116416446826,1878.2784042202004,1916.583251953125,160755,,
2024-07-19,1920.155897947021,1920.155897947021,1811.8405233716937,1832.7791748046875,71963,,
2024-07-22,1808.0693552046473,1830.8438356751797,1757.9058018620394,1780.6307373046875,152793,,
2024-07-23,1761.4288777348154,1856.6948902770928,1737.9101293432402,1760.4365234375,345550,,
2024-07-24,1760.4363883485323,1917.7245324033477,1760.4363883485323,1810.5006103515625,362075,,
2024-07-25,1788.470288827759,1853.6679088296085,1788.470288827759,1848.2099609375,98546,,
2024-07-26,1817.9441751593451,1821.621761097718,1767.997923217433,1788.6722412109375,1444693,,
2024-07-29,1797.965667881646,1812.9743678224627,1769.2403370197278,1781.9630126953125,222761,,
2024-07-30,1798.0650150787446,1826.8897168130086,1769.2403133444807,1819.534423828125,200839,,
2024-07-31,1818.938153029062,1820.9260635788207,1775.2041209343743,1789.3182373046875,286664,,
2024-08-01,1775.2040940316886,1790.0636766329687,1764.2705861737106,1777.3907470703125,214475,,
2024-08-02,1746.6279055935513,1769.2403880816737,1700.756845422588,1721.2322998046875,354620,,
2024-08-05,1661.6945144462945,1766.5070520064899,1587.3466096803288,1722.6239013671875,639822,,
2024-08-06,1736.4399043865083,1775.1544146834456,1690.4197255884544,1739.12353515625,314105,,
2024-08-07,1833.8474803629497,1833.8474803629497,1694.6937420156255,1704.732666015625,257027,,
2024-08-08,1721.729245268173,1721.729245268173,1660.998603415706,1681.5238037109375,160205,,
2024-08-09,1659.9053347741117,1764.1712689913793,1659.9053347741117,1698.0732421875,343972,,
2024-08-12,1697.6755449502311,1724.462590056844,1666.4157012767116,1694.4451904296875,284278,,
2024-08-13,1715.268544930454,1719.5426010846186,1664.8750617437781,1686.5433349609375,154823,,
2024-08-14,1686.5434002300976,1698.3217462592327,1665.8690814735855,1684.4063720703125,117139,,
2024-08-16,1687.7359783582158,1717.5546352196682,1687.3881182946504,1708.112060546875,209452,,
2024-08-19,1719.542576742842,1727.4942187162192,1685.6983520606836,1705.52783203125,93125,,
2024-08-20,1697.675605784522,1720.9341834323654,1684.7541872393238,1690.3203125,57792,,
2024-08-21,1702.1482645126357,1702.1482645126357,1671.385399885507,1679.237548828125,198945,,
2024-08-22,1686.74207937637,1698.619796222625,1665.2229236906157,1683.412353515625,67009,,
2024-08-23,1682.766349047845,1699.5144718466008,1668.8509746316195,1677.746826171875,78451,,
2024-08-26,1689.7238569133779,1739.3718711173633,1671.087196726833,1703.4901123046875,175875,,
2024-08-27,1715.3680443241717,1737.4338026671787,1692.7555620526166,1702.943603515625,217781,,
2024-08-28,1703.1423107608862,1719.5425722884931,1677.8958232943269,1711.7896728515625,75043,,
2024-08-29,1714.6224708581067,1719.443129324457,1680.7782476750285,1695.4390869140625,178166,,
2024-08-30,1694.693706279359,1710.4976190677462,1667.8569144497153,1679.535888671875,295712,,
2024-09-02,1679.784313641463,1734.302732927188,1675.361261466915,1727.0965576171875,311699,,
2024-09-03,1725.5063480504423,1776.0986955402966,1712.7340471023845,1724.462646484375,183619,,
2024-09-04,1719.5922665166731,1749.311430349386,1706.6211024409808,1740.564697265625,71427,,
2024-09-05,1751.3491173257657,1751.3491173257657,1701.6513557671458,1711.1436767578125,77000,,
2024-09-06,1688.729996590183,1713.4297606787682,1671.0872906222748,1699.8126220703125,150551,,
2024-09-09,1680.2814315177166,1713.5291877077643,1643.0081078371993,1653.494384765625,111861,,
2024-09-10,1670.0435505899975,1734.4021525678645,1662.8373750789622,1724.214111328125,136580,,
2024-09-11,1712.584956605447,1769.2404078686568,1688.9287722818706,1762.183349609375,479405,,
2024-09-12,1749.858176704042,1761.2886618117366,1721.7291952538756,1731.917236328125,88053,,
2024-09-13,1732.464004535161,1821.7708596762966,1732.414258239581,1763.17724609375,421168,,
2024-09-16,1760.1954077681019,1804.0288108054847,1749.3612710841064,1765.811279296875,152244,,
2024-09-17,1764.568834264232,1858.398114415114,1734.4519411373,1837.028076171875,281531,,
2024-09-18,1858.6962770185498,1883.5451577273539,1811.0361723520336,1858.89501953125,483259,,
2024-09-19,1868.6358989802422,1883.445856701412,1799.0590304011905,1859.7896728515625,255221,,
2024-09-20,1875.5437676460244,2016.2381786052042,1843.7869466663317,1975.6351318359375,675960,,
2024-09-23,1988.1093105749117,2057.487437932867,1987.9105680510793,2032.5391845703125,355606,,
2024-09-24,2027.668753719306,2031.64457480503,1970.019347976306,1983.437744140625,138192,,
2024-09-25,1973.0011437807648,2027.6686817696525,1930.5095574348566,2003.2174072265625,173547,,
2024-09-26,1997.8003724097832,2024.6869113462494,1963.0616838040464,1984.0838623046875,199342,,
2024-09-27,1972.2058733427773,2002.0245295549898,1939.7533328977572,1955.6566162109375,181987,,
2024-09-30,1967.9320084368524,1967.9320084368524,1904.7164792949661,1928.6707763671875,149787,,
2024-10-01,1910.4317109306403,1930.1616981095356,1839.0656764138748,1853.47802734375,182341,,
2024-10-03,1826.989181310817,1848.7568262737523,1749.3612979794646,1811.78173828125,212362,,
2024-10-04,1789.1193726137294,1825.6969727645792,1755.6231306705413,1780.024658203125,165083,,
2024-10-07,1761.2886445379966,1767.8984709975837,1697.079161785771,1731.1717529296875,251452,,
2024-10-08,1679.784440393754,1754.927436064408,1665.4218349837154,1740.365966796875,387209,,
2024-10-09,1757.3128382937846,1758.3067935190638,1681.9213587228355,1689.62451171875,299042,,
2024-10-10,1699.613775690087,1737.085962395338,1682.16993339547,1691.2646484375,206529,,
2024-10-11,1683.7602206479319,1716.610490723061,1680.6789835897375,1698.7689208984375,99881,,
2024-10-14,1690.7178743343356,1728.488173702181,1690.7178743343356,1714.8212890625,115403,,
2024-10-15,1714.5728081011496,1810.9864674552432,1714.5728081011496,1802.4384765625,291086,,
2024-10-16,1812.9744089863507,1819.5842357855995,1774.6077599047703,1808.10400390625,187484,,
2024-10-17,1808.9985518129565,1813.968328054201,1741.011988566248,1746.7769775390625,76386,,
2024-10-18,1720.5365281654877,1743.3974987881372,1686.7420498537451,1729.3330078125,106101,,
2024-10-21,1715.666085041285,1749.212073795782,1689.7238780042924,1697.9737548828125,105168,,
2024-10-22,1699.6137561915475,1699.6137561915475,1633.068499758698,1658.5634765625,211781,,
2024-10-23,1663.8314162768766,1680.728656279127,1620.4453647488092,1645.3438720703125,176956,,
2024-10-24,1658.9113451680073,1667.6084537780853,1590.328431557107,1601.6595458984375,86977,,
2024-10-25,1614.431895345791,1614.431895345791,1523.1371253456866,1539.984619140625,183149,,
2024-10-28,1522.7891554656467,1564.9327600634547,1506.8858718189492,1531.535888671875,416897,,
2024-10-29,1549.3774399678518,1569.057680454522,1505.8421529534555,1542.1712646484375,317759,,
2024-10-30,1536.2076193527294,1605.2377644682526,1530.6911190595101,1595.3975830078125,273699,,
2024-10-31,1580.3888881588032,1607.7226582370215,1552.5581404427992,1578.798583984375,230895,,
2024-11-01,1600.2679559565997,1602.1067489065858,1578.5996829268247,1590.775634765625,9863,,
2024-11-04,1565.4795855400598,1587.3466019730004,1533.7227624806492,1556.68310546875,203862,,
2024-11-05,1563.8394608220353,1593.8569820275509,1534.3190385715639,1581.6810302734375,120824,,
2024-11-06,1598.1806560840378,1685.400228471618,1581.681023351847,1656.128173828125,354185,,
2024-11-07,1651.9535625829158,1664.7756090860548,1628.4464975492313,1639.3800048828125,102623,,
2024-11-08,1647.9778385996806,1647.9778385996806,1572.6857268542487,1582.0289306640625,81440,,
2024-11-11,1580.8361083061482,1618.1591771725537,1557.4285345316423,1604.79052734375,88386,,
2024-11-12,1594.9999472026304,1645.5426689231226,1580.388853505083,1587.644775390625,97003,,
2024-11-13,1594.0060315201486,1594.0060315201486,1523.7831881634754,1537.4500732421875,182042,,
2024-11-14,1555.9871973896236,1563.9388393886532,1480.9933223192477,1524.777099609375,107231,,
2024-11-18,1566.4238257061766,1624.0236088468027,1495.604509712941,1512.8497314453125,219474,,
2024-11-19,1520.8013425404392,1596.2921984091959,1515.7818197845727,1523.6837158203125,221191,,
2024-11-21,1527.5601296107543,1539.7360816457585,1494.0141393102324,1507.7803955078125,134338,,
2024-11-22,1549.625939504622,1634.9569711631661,1517.3720197072967,1619.4512939453125,1023102,,
2024-11-25,1652.5499690058882,1657.967097900217,1583.3707080974928,1596.0933837890625,396052,,
2024-11-26,1610.0087412579142,1645.9401260057814,1596.292110455772,1611.8475341796875,188084,,
2024-11-27,1625.0671214955576,1649.8663783019958,1607.2256729172957,1642.90869140625,105822,,
2024-11-28,1644.9959581327698,1664.8750633670027,1633.1182412882874,1639.0322265625,85222,,
2024-11-29,1639.03220826253,1666.6144664670692,1627.0053739965858,1658.9610595703125,86443,,
2024-12-02,1651.8045300412791,1675.8085739163535,1629.788396692796,1644.151123046875,115712,,
2024-12-03,1651.953600080671,1688.928686278748,1646.0396149671433,1682.1201171875,141365,,
2024-12-04,1687.7360565258243,1708.4599997378796,1662.9369209537795,1685.10205078125,147218,,
2024-12-05,1685.1019789149714,1696.631835343862,1652.947551414612,1660.5015869140625,74203,,
2024-12-06,1671.2363917236992,1671.2363917236992,1635.0563961384062,1644.349853515625,123866,,
2024-12-09,1646.4371472379198,1689.6245762245521,1641.6662347738923,1670.9879150390625,113185,,
2024-12-10,1662.88706957808,1662.9368158716463,1616.767523477511,1640.4237060546875,291511,,
2024-12-11,1647.4310570072093,1647.4310570072093,1601.4110023901455,1614.978515625,139890,,
2024-12-12,1620.1470940911704,1627.0550347017158,1603.0511119380274,1611.897216796875,140790,,
2024-12-13,1612.14567179595,1618.1094033055363,1543.2148993641338,1574.2760009765625,238537,,
2024-12-16,1580.2894569889286,1603.746776336664,1575.4190520567788,1580.8360595703125,264823,,
2024-12-17,1590.6762625235654,1664.5768112085216,1581.4325514837699,1610.40625,882915,,
2024-12-18,1619.0039883119998,1638.9824646151355,1592.5150565738522,1609.3626708984375,183271,,
2024-12-19,1580.3889480801633,1608.2196968513863,1568.0638779292774,1600.466796875,114089,,
2024-12-20,1604.243695271079,1620.0972322025302,1522.7393687455349,1532.231689453125,209914,,
2024-12-23,1532.7286660282118,1578.8480902824515,1522.5406252193366,1572.5364990234375,175461,,
2024-12-24,1570.4493433351577,1603.1007500361143,1541.6246401979934,1593.111572265625,104527,,
2024-12-26,1593.111554660423,1608.965092677696,1562.547430119982,1584.1162109375,63945,,
2024-12-27,1584.1161996047124,1597.882455723811,1555.6393570676853,1592.5648193359375,109747,,
2024-12-30,1542.66823021277,1565.230964917539,1530.691021414834,1542.3699951171875,268330,,
2024-12-31,1542.370054572794,1577.0093706651692,1522.4909496322716,1567.169189453125,104633,,
2025-01-01,1551.5144372633392,1573.6796884185978,1551.5144372633392,1563.342529296875,40749,,
2025-01-02,1570.4493099355118,1571.3935188990204,1528.951677853355,1537.947021484375,116615,,
2025-01-03,1554.2477033917914,1554.2477033917914,1528.7031031913293,1536.306884765625,86359,,
2025-01-06,1540.6306486442923,1540.6306486442923,1453.8583061586455,1470.9046630859375,183868,,
2025-01-07,1488.795842112518,1508.8240646014801,1460.2693750631024,1504.2021484375,106415,,
2025-01-08,1479.0053078334277,1498.3874338433416,1407.5399061252615,1427.369384765625,470750,,
2025-01-09,1417.380117349133,1422.7971246643779,1371.5090605330956,1375.186767578125,342820,,
2025-01-10,1375.186845553416,1380.057129251016,1309.039074609465,1362.513916015625,329735,,
2025-01-13,1341.6905591681598,1345.8154979964531,1257.3534748637467,1265.25537109375,226466,,
2025-01-14,1265.3547953988307,1308.6414742792033,1260.782504125603,1290.1539306640625,175525,,
2025-01-15,1309.536040403765,1330.9060782547563,1291.2472395578266,1299.74560546875,118499,,
2025-01-16,1313.9095559661314,1333.888033543326,1277.679811912829,1282.7987060546875,122793,,
2025-01-17,1286.6751214310332,1303.4232437818607,1274.2506803202662,1290.6011962890625,223885,,
2025-01-20,1292.1419293224544,1316.8416950126307,1273.2567780477416,1313.41259765625,102860,,
2025-01-21,1325.5386456287395,1325.5386456287395,1269.8275288303926,1274.74755859375,122731,,
2025-01-22,1306.0572183982988,1306.0572183982988,1194.7342287022489,1213.71875,399842,,
2025-01-23,1207.65571606725,1235.8343251756653,1195.529509673459,1214.6134033203125,312927,,
2025-01-24,1210.6374787759844,1243.4380015999643,1120.2372984955923,1129.630126953125,494354,,
2025-01-27,1124.660388377843,1243.388296885731,1101.5011820461932,1186.7825927734375,4109367,,
2025-01-28,1180.868544301269,1308.7407859252767,1155.9201712841623,1272.5609130859375,1626327,,
2025-01-29,1247.4636251673307,1307.0511957883596,1227.5347732308928,1286.6253662109375,956541,,
2025-01-30,1274.2506170912145,1328.3714313512364,1269.4299584459272,1291.694580078125,565787,,
2025-01-31,1291.7441889214172,1360.1283570814478,1277.2324668716947,1317.785888671875,310768,,
2025-02-01,1321.9604390698455,1379.063117773389,1315.4003589018482,1367.5830078125,316770,,
2025-02-03,1376.5783626655018,1383.3870536277714,1330.9061645508932,1336.4722900390625,275387,,
2025-02-04,1342.7837551231169,1395.3640104961617,1342.7837551231169,1381.995361328125,305149,,
2025-02-05,1394.121651490023,1395.214978031559,1303.3238609266525,1316.5931396484375,541950,,
2025-02-06,1309.5857492629993,1329.9120849886376,1287.32112805799,1303.472900390625,312147,,
2025-02-07,1314.3070576628984,1326.9302406325749,1274.2506131018436,1279.3695068359375,378057,,
2025-02-10,1279.369612889475,1289.7067724717213,1185.8384416547208,1195.0821533203125,447567,,
2025-02-11,1198.6603051896018,1203.2325964817771,1124.163406492998,1132.164794921875,620958,,
2025-02-12,1136.6871291266932,1178.7811070866878,1090.2197240714893,1134.69921875,846298,,
2025-02-13,1147.024403158595,1165.8598073464673,1133.804749285926,1146.1795654296875,272181,,
2025-02-14,1140.5138556594698,1170.2828869586958,1115.2177441316978,1153.9322509765625,375573,,
2025-02-17,1152.043795716965,1177.489023965826,1110.2479320171908,1138.0289306640625,451985,,
2025-02-18,1142.9987722897847,1182.856474221148,1101.7993763920379,1163.7724609375,303709,,
2025-02-19,1163.8718520624986,1213.4206183668239,1148.0680606451858,1196.4736328125,359635,,
2025-02-20,1192.7462465724434,1207.6058283613559,1178.6321311876384,1190.1619873046875,193099,,
2025-02-21,1196.423882607629,1207.655625434767,1171.9229828283308,1184.1485595703125,266728,,
2025-02-24,1192.7462642903124,1202.6858164927316,1159.399018118226,1179.526611328125,250009,,
2025-02-25,1168.195664400304,1196.0760366149523,1163.0270242542028,1180.81884765625,221086,,
2025-02-27,1195.7280769583008,1195.7280769583008,1177.8368837868547,1189.714599609375,238274,,
2025-02-28,1183.1546100334833,1212.2278011564927,1148.5650400609497,1193.3426513671875,329762,,
2025-03-03,1193.3426817113989,1200.6979750302226,1136.5878596416055,1182.508544921875,292193,,
2025-03-04,1177.837054176301,1199.8034424813718,1162.9277243766012,1184.7449951171875,143256,,
2025-03-05,1167.8973820436518,1206.2144042598409,1167.8973820436518,1191.9510498046875,145218,,
2025-03-06,1196.7221628842353,1220.030365779531,1185.8384010487844,1204.0277099609375,179725,,
2025-03-07,1212.625484420639,1264.2117895407584,1203.083537662177,1234.3433837890625,547323,,
2025-03-10,1242.4441384516142,1251.3399899499536,1192.7463729135497,1200.3997802734375,179261,,
2025-03-11,1182.806678373669,1222.1176547467035,1168.245210545694,1217.296875,157675,,
2025-03-12,1219.4837888400311,1226.9880785986682,1191.752411544282,1209.792724609375,80932,,
2025-03-13,1216.601238888615,1216.9490989633146,1182.9061312901651,1196.27490234375,73736,,
2025-03-17,1204.6240163795014,1221.5710019204,1187.37891706314,1216.104248046875,150177,,
2025-03-18,1216.104248046875,1216.104248046875,1216.104248046875,1216.104248046875,0,,
2025-03-19,1224.5528741825506,1242.0962087001092,1216.0048832558787,1233.5482177734375,271602,,
2025-03-20,1247.364083597011,1260.1861304974473,1230.5165907621158,1237.9215087890625,172325,,
2025-03-21,1251.4889486659017,1278.2263673981797,1231.5602200140836,1263.963134765625,513395,,
2025-03-24,1280.2143739352825,1280.5622340095401,1243.4380293424213,1252.0357666015625,273381,,
2025-03-25,1252.3835996485361,1257.3036295427562,1223.5588977518635,1239.0645751953125,118352,,
2025-03-26,1233.4985855215693,1249.1036359351597,1187.27966189002,1196.5731201171875,293503,,
2025-03-27,1196.7221460417143,1209.1465869266988,1192.2493473231198,1203.2822265625,177344,,
2025-03-28,1218.8376125468847,1232.5044970912431,1191.752332268065,1217.3466796875,244303,,
2025-04-01,1212.6253899129408,1215.6072556258414,1183.8006880215676,1193.640869140625,83043,,
2025-04-02,1188.2735613073924,1227.33605313554,1167.9968489182197,1219.185546875,157830,,
2025-04-03,1230.2183615403728,1261.3292093262287,1208.0034860208525,1229.5723876953125,275597,,
2025-04-04,1224.900682987997,1225.000054242854,1168.9907022332889,1183.8006591796875,106395,,
2025-04-07,1090.3689153172595,1118.9948752095174,1068.8001348052132,1087.9833984375,308843,,
2025-04-08,1138.2279092212596,1159.001598767888,1092.4065952382457,1149.50927734375,348939,,
2025-04-09,1140.1660038020366,1143.495729508553,1097.3265582666268,1102.147216796875,158963,,
2025-04-11,1138.078870643593,1142.054692025754,1100.7061739177675,1120.3367919921875,203281,,
2025-04-15,1141.8558471098454,1182.906126400591,1127.1452607818376,1176.74365234375,379638,,
2025-04-16,1180.9182442400731,1205.965990102713,1160.244047209605,1194.8336181640625,223656,,
2025-04-17,1204.8724346473941,1204.8724346473941,1172.8671260128922,1188.372802734375,319162,,
2025-04-21,1199.7040817519419,1243.8357226131154,1179.526740046171,1235.0888671875,200216,,
2025-04-22,1238.1699769117256,1276.2385106133013,1236.0826952029086,1262.02490234375,211352,,
2025-04-23,1274.9463681113937,1296.5152701313882,1262.3231847964014,1288.066650390625,210714,,
2025-04-24,1288.1660639615975,1297.8073818024109,1259.4407316330041,1285.2835693359375,143865,,
2025-04-25,1279.6180099807461,1289.060584832607,1225.2485851395231,1247.1156005859375,182039,,
2025-04-28,1247.413944919114,1262.2239036710955,1229.2245137630155,1257.6517333984375,116702,,
2025-04-29,1271.268748670868,1297.1115848440054,1257.6516104510702,1286.57568359375,165239,,
2025-04-30,1292.1417684988787,1325.936245521157,1269.4795412568524,1314.108154296875,623532,,
2025-05-02,1316.8913225865265,1324.0477517861425,1290.153902346904,1307.1505126953125,125424,,
2025-05-05,1321.662247210048,1321.662247210048,1298.3042988382642,1315.2015380859375,81241,,
2025-05-06,1314.1082031142407,1319.4755856954196,1244.630707329782,1255.46484375,123934,,
2025-05-07,1212.4266727030647,1279.5186526436134,1206.860426190202,1271.6663818359375,162934,,
2025-05-08,1271.6663602046567,1286.17808246365,1228.0317008375885,1241.052490234375,81602,,
2025-05-09,1197.7161500921386,1232.5045859869308,1191.4541830981016,1216.8995361328125,154345,,
2025-05-12,1267.2929435755054,1341.839587315241,1253.9739189608536,1315.2015380859375,146031,,
2025-05-13,1318.8792397696213,1326.6320178865296,1283.196222182944,1296.7139892578125,145023,,
2025-05-14,1302.0813742872406,1326.2345353356163,1292.53942817727,1311.1263427734375,179240,,
2025-05-15,1311.1263541283097,1340.8456405538466,1304.2680385943506,1329.5145263671875,111330,,
2025-05-16,1331.900066882969,1413.20565681223,1322.457491781933,1364.20361328125,478278,,
2025-05-19,1369.0739328030472,1384.6789810930952,1338.957041356866,1361.5198974609375,241691,,
2025-05-20,1366.6884450315276,1393.1276299561978,1332.8939671180208,1342.4359130859375,213727,,
2025-05-21,1349.7911656682536,1363.8059097640096,1342.8334792472833,1351.3814697265625,158545,,
2025-05-22,1351.3815405879811,1386.2693457760347,1349.7912364462827,1358.4385986328125,200173,,
2025-05-23,1372.2546372979302,1378.7153466273296,1349.9900147270525,1366.0921630859375,70945,,
2025-05-26,1377.2244688687247,1398.0975306151447,1342.137918827776,1346.6107177734375,132337,,
2025-05-27,1352.1766590711945,1360.6252781507594,1331.999320265854,1341.44189453125,124567,,
2025-05-28,1351.5804074680088,1396.5071365669417,1348.3003065858054,1381.100830078125,310176,,
2025-05-29,1390.5433351814718,1399.4889320482573,1358.6373972897538,1380.2061767578125,163611,,
2025-05-30,1439.0483537063637,1470.9542906196464,1406.4465753697716,1424.3377685546875,1526866,,
2025-06-02,1442.2290145391294,1469.065805298989,1416.4855502474459,1444.1175537109375,643304,,
2025-06-03,1457.0390254207787,1567.5668007014083,1447.1988441780823,1523.7333984375,1339231,,
2025-06-04,1531.0887143715115,1538.0464012260527,1489.4419645042722,1506.836181640625,308864,,
2025-06-05,1513.0982001082923,1638.0383326519907,1501.8664566973046,1592.6146240234375,1787336,,
2025-06-06,1603.1504969182952,1704.6333068372821,1590.3284495274936,1669.447265625,1906135,,
2025-06-09,1675.7091524624013,1707.6150911919947,1640.0261353124513,1648.0771484375,426360,,
2025-06-10,1648.1765451887918,1683.760191632292,1601.4606484906114,1635.255126953125,456651,,
2025-06-11,1644.0020269134272,1649.9657585709126,1596.391544914684,1603.548095703125,260589,,
2025-06-12,1600.864371920153,1604.9395643582268,1561.6031378152402,1570.0517578125,175103,,
2025-06-13,1535.5614539444684,1567.8649988111488,1522.8387785101597,1553.2537841796875,170863,,
2025-06-16,1554.3472238103013,1585.1598356747322,1526.8145913771452,1576.11474609375,178257,,
2025-06-17,1577.40697284669,1600.3673147256102,1560.5097336920626,1592.01806640625,301005,,
2025-06-18,1590.3284275257956,1613.189398671479,1537.748169624238,1545.998046875,178668,,
2025-06-19,1548.582339453635,1574.425176954145,1515.781814933757,1522.739501953125,158080,,
2025-06-20,1525.721349718706,1548.0853434442247,1469.6622478469203,1479.701171875,873949,,
2025-06-23,1477.0175901009948,1512.3030035926404,1473.0417688624996,1493.3184814453125,364795,,
2025-06-24,1497.2941434230404,1523.7333275803242,1486.261264926223,1496.001953125,290669,,
2025-06-25,1504.8482187033944,1519.7575471581836,1489.8395189920582,1515.98046875,172668,,
2025-06-26,1525.7213891495903,1525.7213891495903,1460.2197104564207,1466.680419921875,309875,,
2025-06-27,1474.0355737946552,1480.993260252216,1441.2350519232975,1446.30419921875,257699,,
2025-06-30,1456.6414621487938,1465.0900820247848,1441.334526577571,1456.939697265625,205349,,
2025-07-01,1466.0839741929065,1494.9086760583941,1443.5212388518573,1482.782470703125,446893,,
2025-07-02,1489.8394905065923,1499.8784138743895,1466.6802855499827,1477.2161865234375,269375,,
2025-07-03,1477.0175029879863,1509.8180262710302,1462.2075454815806,1503.05908203125,377212,,
2025-07-04,1500.872476240186,1514.7878501920818,1481.3909769740183,1510.5137939453125,258162,,
2025-07-07,1510.9113800026973,1524.3297761329743,1488.9449928262857,1506.73681640625,203729,,
2025-07-08,1534.6668019970004,1544.9045889111658,1473.0415806732867,1511.0106201171875,731007,,
2025-07-09,1513.6945384088224,1513.793909671533,1487.8517008175816,1497.890625,213720,,
2025-07-10,1502.7609795516596,1521.2485230927698,1492.9207982262922,1513.197509765625,172427,,
2025-07-11,1519.7705293020426,1519.7705293020426,1485.9093248483928,1493.777099609375,254301,,
2025-07-14,1489.89298062923,1556.6194710718491,1486.905227325829,1538.5933837890625,650986,,
2025-07-15,1549.3492752316133,1673.1419065922044,1543.6725923916172,1640.8741455078125,2050126,,
2025-07-16,1640.874185000025,1652.2276725252677,1623.445623053556,1643.8619384765625,490465,,
2025-07-17,1645.2562150206854,1695.0521053058153,1645.2562150206854,1687.483154296875,625333,,
2025-07-18,1684.893761935514,1706.0071704069062,1660.1949521706438,1688.27978515625,319648,,
2025-07-21,1680.1133395111535,1699.334601804781,1661.1909011882656,1690.6700439453125,147707,,
2025-07-22,1693.0602285038258,1725.427556401693,1660.892035533455,1665.9713134765625,244078,,
2025-07-23,1674.7353070910758,1674.7353070910758,1622.1509214839577,1646.849609375,297392,,
2025-07-24,1655.115801665595,1655.115801665595,1608.6063678689761,1621.155029296875,144772,,
2025-07-25,1613.0879758336746,1627.0308247207986,1583.5092664662166,1607.212158203125,193193,,
2025-07-28,1611.2954059696578,1630.0185873531304,1573.7492325947883,1595.659423828125,418596,,
2025-07-29,1578.5296678935104,1592.2733817695826,1533.0162743628546,1557.416259765625,246805,,
2025-07-30,1563.4914084949842,1583.5093323441804,1547.6562908571425,1578.43017578125,115283,,
2025-07-31,1568.470988901112,1600.2407914683,1535.5061335864432,1593.169677734375,174637,,
2025-08-01,1593.1696400607036,1594.16555785072,1563.7900652552148,1578.03173828125,79049,,
2025-08-04,1573.5501733261347,1582.4138663383847,1543.6726383895625,1561.4000244140625,88873,,
2025-08-05,1561.5990461796036,1623.345947240277,1552.0382600071882,1586.5965576171875,105554,,
2025-08-06,1600.439932713337,1605.9174807095558,1548.6522062036336,1556.7191162109375,120011,,
2025-08-07,1558.6113026936848,1568.4709128845484,1516.9818914753696,1553.6317138671875,129289,,
2025-08-08,1559.5076711182612,1559.5076711182612,1483.9174875392778,1505.92724609375,304281,,
2025-08-11,1507.0227474870862,1526.4431443442497,1495.0717340365243,1507.1224365234375,117457,,
2025-08-12,1520.1689902229334,1523.754270073412,1481.9257214831616,1502.043212890625,87519,,
2025-08-13,1516.6831998826142,1522.7582739797763,1496.3664530115198,1514.591796875,66956,,
2025-08-14,1523.5551506722152,1540.5853213146343,1507.91916773942,1527.8375244140625,95359,,
2025-08-18,1534.609811604606,1540.1869271492656,1479.933898314781,1487.6024169921875,305873,,
2025-08-19,1487.6023047156446,1506.5247420950006,1482.82197242616,1491.3868408203125,90396,,
2025-08-20,1495.669442618929,1508.6163743820612,1486.0089667447764,1499.453857421875,118667,,
2025-08-21,1503.7363663340395,1539.290584484563,1490.988569392204,1512.7991943359375,171456,,
2025-08-22,1517.1812545629057,1526.3436500185783,1465.7919185774354,1472.5640869140625,104540,,
2025-08-25,1477.543669293741,1512.8987522831512,1474.9543072483534,1499.752685546875,85011,,
2025-08-26,1499.7525996483478,1506.7240240638719,1466.1900977332716,1481.029296875,112540,,
2025-08-28,1473.9583740234375,1486.905305687157,1457.0277710785738,1473.9583740234375,75253,,
2025-08-29,1473.9583663406904,1479.236779389494,1419.1828865104621,1424.1624755859375,132712,,
2025-09-01,1425.7558877296901,1456.4302043739663,1415.6971423377151,1452.446533203125,106846,,
2025-09-02,1452.3469891631164,1464.8955292392623,1437.706924430948,1454.2391357421875,132010,,
2025-09-03,1464.3975169123476,1468.3811880021135,1439.300316103626,1447.1680908203125,84737,,
2025-09-04,1466.8873524899113,1468.7796206250273,1437.1093859442349,1444.080810546875,612814,,
2025-09-05,1452.6456900297903,1457.0277526981693,1396.3763338934632,1401.8538818359375,207912,,
2025-09-08,1418.1869497688067,1439.1012236066895,1409.2236895525714,1431.9306640625,91072,,
2025-09-09,1424.162421683651,1439.1011883446683,1409.4227899493162,1423.16650390625,60254,,
2025-09-10,1432.428656524595,1498.3583679199219,1424.1624899471508,1489.89306640625,212829,,
2025-09-11,1481.9256408867661,1575.8407351712235,1471.9664631926348,1551.0423583984375,207966,,
2025-09-12,1541.3818737148783,1568.5704772832516,1519.770506878884,1562.594970703125,134763,,
2025-09-15,1558.6113535115635,1600.0415095844364,1548.6521755338538,1588.1900634765625,122698,,
2025-09-16,1592.4725295335422,1613.2872354409687,1572.5541739421283,1582.9117431640625,128457,,
2025-09-17,1582.9118197495807,1612.1918282000036,1578.7288919298057,1601.0374755859375,113357,,
2025-09-18,1603.4276635459682,1645.1566438247007,1591.7754738744643,1622.64892578125,231458,,
2025-09-19,1623.2464080654563,1633.106018366195,1582.6129141596211,1588.68798828125,148013,,
2025-09-22,1587.4929438955437,1617.8684362348247,1581.7165721333743,1589.28564453125,94442,,
2025-09-23,1587.4929540575172,1596.3566466850355,1544.1705302799123,1571.6578369140625,171501,,
2025-09-24,1581.517433874186,1588.9868172205693,1551.6399004886537,1567.5745849609375,109061,,
2025-09-25,1567.5745583765656,1583.5092425786147,1543.7720995353566,1553.3328857421875,57970,,
2025-09-26,1553.332980858519,1563.0930241587146,1516.3844539169213,1535.9044189453125,82519,,
2025-09-29,1543.573002266785,1550.1460353460795,1498.955836783824,1513.197509765625,69793,,
2025-09-30,1512.7991250848909,1553.6317545308953,1489.0962330215827,1535.207275390625,70597,,
2025-10-01,1535.2073323007842,1547.0587787717716,1494.1755664042569,1508.7159423828125,267940,,
2025-10-03,1513.5959041828355,1520.2685047395958,1457.027725145122,1464.2979736328125,159875,,
2025-10-06,1518.7746796131457,1523.7542687266316,1457.0277746059228,1464.9951171875,328642,,
2025-10-07,1472.9624055823501,1476.7469417981752,1458.023638791454,1463.9991455078125,89856,,
2025-10-08,1469.974705714247,1473.062026648976,1447.5665547125054,1455.7330322265625,61895,,
2025-10-09,1466.9869393563945,1476.8465500249206,1422.1706377467285,1436.3126220703125,199494,,
2025-10-10,1430.3370821169133,1470.3730502390397,1424.2620079091369,1446.0726318359375,118859,,
2025-10-13,1446.0726526661113,1451.749335525051,1430.0384003221607,1441.491455078125,49006,,
2025-10-14,1451.3510382872573,1451.3510382872573,1408.128182056865,1433.3248291015625,483769,,
2025-10-15,1439.2007673888054,1535.7052251099171,1435.117528783003,1500.74853515625,1241755,,
2025-10-16,1501.146960214373,1547.5567057400103,1497.9599502864505,1540.1868896484375,277237,,
2025-10-17,1532.8170447837317,1540.6848196314784,1503.835861437319,1519.5714111328125,134460,,
2025-10-20,1578.5297589746376,1578.5297589746376,1486.2082248545742,1545.7640380859375,688778,,
2025-10-21,1553.6317903293304,1558.113420493742,1529.132236411614,1537.896240234375,28812,,
2025-10-23,1543.9713852581835,1546.6603146393834,1498.756693664565,1527.93701171875,233509,,
2025-10-24,1527.9369776438023,1540.68477359126,1515.7868296095007,1528.4349365234375,117327,,
2025-10-27,1540.684779909327,1589.484750313695,1528.4349427912705,1562.594970703125,367812,,
2025-10-28,1568.5705349777338,1571.857112346486,1533.8129794438278,1539.29052734375,116695,,
2025-10-29,1546.6602817073406,1558.6112948306427,1523.8537406826406,1553.0341796875,139961,,
2025-10-30,1555.1256898389163,1576.5379231604256,1541.2824077027033,1570.36328125,115487,,
2025-10-31,1578.5297393859876,1621.7525969428807,1566.0807666778962,1611.9925537109375,265514,,
2025-11-03,1613.3868726071319,1654.6178947770475,1612.5900897202544,1649.6383056640625,247344,,
2025-11-04,1671.34923935718,1679.1174469934228,1604.4236103833953,1612.590087890625,267639,,
2025-11-06,1613.3868866647556,1653.2235999157372,1603.42770835201,1647.646484375,360540,,
2025-11-07,1647.646370679233,1698.537744031205,1608.4071865203143,1694.2552490234375,321088,,
2025-11-10,1700.0316915386438,1724.929636640264,1630.2178777880995,1641.1729736328125,258158,,
2025-11-11,1639.2806455268376,1648.2439054355505,1603.4276058919856,1606.0169677734375,127364,,
2025-11-12,1610.3990949842307,1622.350108676136,1598.4480812923255,1604.722412109375,79851,,
2025-11-13,1612.2913938796557,1627.2301612794201,1583.4097769067776,1588.5885009765625,109027,,
2025-11-14,1586.4970614858014,1596.3566720580222,1558.810497910797,1567.37548828125,77863,,
2025-11-17,1572.853015567165,1616.1754394649797,1569.8652621949018,1611.8929443359375,129360,,
2025-11-18,1628.325536424699,1629.42102164551,1561.5990465528614,1565.184326171875,146470,,
2025-11-19,1563.3917996346108,1573.550112491517,1552.7354063093503,1562.993408203125,77518,,
2025-11-20,1578.728834144422,1578.728834144422,1539.1909464584987,1550.54443359375,64014,,
2025-11-21,1542.6766990354042,1561.8979615385638,1516.7828357849714,1522.85791015625,90037,,
2025-11-24,1523.6546953164443,1532.6179556857614,1480.9297965749656,1510.707763671875,83165,,
2025-11-25,1518.27672911464,1550.6440585316461,1514.7910167158855,1542.5771484375,96931,,
2025-11-26,1542.5770947727854,1569.4668751991373,1525.0489659203774,1566.1802978515625,59561,,
2025-11-27,1567.5746451141367,1575.541987656013,1528.7338502224902,1532.1199951171875,71426,,
2025-11-28,1540.1869315845668,1540.1869315845668,1519.2726570528655,1531.0245361328125,77363,,
2025-12-01,1541.4816704567486,1548.652230225132,1520.7665309027502,1524.650634765625,41183,,
2025-12-02,1532.7175192471727,1549.648122123847,1514.9901334886786,1544.2701416015625,63357,,
2025-12-03,1545.3656163748503,1546.0628317847004,1514.7909882519502,1521.9615478515625,57746,,
2025-12-04,1509.0145952235941,1538.6929941604717,1504.2342627480411,1532.617919921875,49251,,
2025-12-05,1532.6179462170262,1547.656280873794,1516.782828681331,1531.5224609375,57454,,
2025-12-08,1504.0349691901993,1527.73786076966,1457.027699026084,1465.3934326171875,302064,,
2025-12-09,1452.0481688682964,1464.8955329484033,1409.5225269547939,1420.6767578125,536132,,
2025-12-10,1426.7518644148204,1461.9078125774345,1426.7518644148204,1441.591064453125,122719,,
2025-12-11,1450.5542745611083,1450.5542745611083,1389.3053299091973,1400.95751953125,273128,,
2025-12-12,1416.8921607571604,1449.060353311709,1404.2440537247487,1443.682373046875,113871,,
2025-12-15,1443.084880888422,1443.084880888422,1415.3983176366435,1427.8472900390625,86456,,
2025-12-16,1424.1624479787552,1482.3240715672518,1406.2359276545471,1462.00732421875,161682,,
2025-12-17,1460.7126370058832,1466.8874005135722,1424.1625011642445,1438.4041748046875,109107,,
2025-12-18,1434.1216885204872,1448.6620646591416,1419.481744912308,1432.9266357421875,85361,,
2025-12-19,1433.1257104278177,1470.9705867282048,1424.1624502514103,1459.119140625,231125,,
2025-12-22,1463.60077183714,1480.8301983738195,1456.2309558164793,1477.6431884765625,122927,,
2025-12-23,1480.830141329071,1500.8480639862207,1464.8954571726147,1485.6104736328125,73311,,
2025-12-24,1479.9338069083121,1500.7485126253916,1466.9868758922905,1471.468505859375,137879,,
2025-12-26,1479.9338346884463,1486.7061242835175,1458.123210791492,1473.5599365234375,152327,,
2025-12-29,1473.5599927541618,1481.3282004348237,1448.960871052066,1462.40576171875,107526,,
2025-12-30,1450.1558354665963,1466.9868700346167,1429.739521253623,1452.6456298828125,250917,,
2025-12-31,1452.645680103972,1478.838366896903,1442.088975728645,1453.3428955078125,96388,,
2026-01-01,1461.0114194320108,1474.0579183586196,1445.0767345574968,1456.82861328125,51815,,
2026-01-02,1466.190103230244,1489.6938600340109,1451.251336569542,1484.5150146484375,59233,,
2026-01-05,1541.8798553808508,1588.488856023375,1513.8945901314523,1570.4627685546875,1607183,,
2026-01-06,1583.6088670396327,1595.2611782249805,1532.7174918519938,1542.1787109375,243225,,
2026-01-07,1543.7721843200611,1551.9387833653202,1502.8399863424306,1522.85791015625,223733,,
2026-01-08,1518.774682192296,1572.8530686853856,1508.4171125042567,1563.6905517578125,304055,,
2026-01-09,1563.5909360360008,1564.5868538296543,1509.6122402487795,1550.8431396484375,268718,,
2026-01-12,1550.9428482255748,1551.4408071286753,1501.2465253817466,1543.0750732421875,222849,,
2026-01-13,1538.8921300952577,1556.0219891334943,1514.293009157344,1526.5428466796875,91551,,
2026-01-14,1524.4513373230307,1556.7190985583418,1509.910961666896,1543.0750732421875,108857,,
2026-01-16,1555.2252152824497,1573.6496946193743,1513.7950590338182,1521.0653076171875,151293,,
2026-01-19,1478.0415426966624,1504.0349722593533,1460.01545531852,1487.1043701171875,376331,,
2026-01-20,1473.062008167969,1473.062008167969,1328.5543582796834,1359.0294189453125,453225,,
2026-01-21,1336.5216951572636,1360.423722492416,1316.7029065108004,1346.28173828125,345077,,
2026-01-22,1369.3869979713998,1373.171534303684,1330.5462031198472,1338.2147216796875,85394,,
2026-01-23,1355.4441623307177,1392.2931219238378,1326.9609367974626,1376.1593017578125,152149,,
2026-01-27,1374.3665221643585,1375.262872471473,1334.0318524921436,1364.1085205078125,257003,,
2026-01-28,1364.1086022696677,1424.162496009936,1354.5478154220432,1410.3192138671875,80587,,
2026-01-29,1410.3191210770738,1410.3191210770738,1371.1796259008677,1400.2603759765625,82437,,
2026-01-30,1392.8905744025412,1454.936300351563,1379.346116990535,1444.2799072265625,101573,,
2026-02-02,1379.1470132095208,1419.0832925344102,1366.0008253526419,1415.9959716796875,69870,,
2026-02-03,1439.1012688440278,1547.8554475908452,1439.1012688440278,1500.0513916015625,227772,,
2026-02-04,1491.8848273583376,1518.7746072906975,1461.808159173903,1493.478271484375,90778,,
2026-02-05,1489.8930111598022,1500.3501479359907,1467.08646949543,1485.710205078125,70503,,
2026-02-06,1485.710219499832,1511.8032171753778,1464.3975543108916,1508.3175048828125,67110,,
2026-02-09,1512.799102448278,1556.519917149431,1498.1591597630602,1542.6766357421875,122664,,
2026-02-10,1547.058740590256,1550.8431553011378,1514.990114367746,1527.4390869140625,79455,,
2026-02-11,1528.9329217981915,1548.6521424009693,1500.7485216674668,1542.6766357421875,87734,,
2026-02-12,1541.780330483734,1541.780330483734,1507.8195576283017,1524.551025390625,64304,,
2026-02-13,1524.5509880514564,1528.7337941035935,1491.0880533463812,1518.675048828125,81768,,
2026-02-16,1498.7566883913712,1503.5370207824624,1471.966475849402,1478.43994140625,123359,,
2026-02-17,1485.1125604239976,1494.8726033987707,1465.990987477009,1476.7469482421875,54570,,
2026-02-18,1474.057956373655,1487.0048881680912,1464.99512843195,1481.2286376953125,80499,,
2026-02-19,1486.5069370364677,1498.8563425117623,1456.0318755828548,1491.088134765625,74160,,
2026-02-20,1460.015524699162,1514.5918698856112,1460.015524699162,1507.819580078125,57335,,
2026-02-23,1509.711836277226,1532.020419591538,1501.0472783653108,1506.9232177734375,58077,,
2026-02-24,1504.931398166212,1506.9232338124043,1439.2008218418653,1449.657958984375,107794,,
2026-02-25,1456.4301682780438,1468.8791403783894,1423.0669230491171,1449.7574462890625,144930,,
2026-02-26,1443.7819742333984,1466.4889485166482,1427.050628273316,1433.9224853515625,57359,,
2026-02-27,1437.2089619279934,1437.2089619279934,1381.5371322425524,1389.4049072265625,360812,,
2026-03-02,1315.607402259127,1377.1551703880116,1305.6482243464916,1354.0498046875,103862,,
2026-03-04,1324.5706675733775,1341.9992289888166,1292.3029066955364,1332.9364013671875,88636,,
2026-03-05,1332.3389280579713,1362.913556958305,1320.786183916398,1349.26953125,70293,,
2026-03-06,1352.4564089523749,1357.4359980869565,1332.5380524140483,1351.56005859375,57872,,
2026-03-09,1334.4303344323166,1334.4303344323166,1271.1895517675748,1278.658935546875,123292,,
2026-03-10,1301.8636910755756,1343.6922384038985,1289.8131100882438,1320.4874267578125,79548,,
2026-03-11,1320.4874030605783,1356.8384018721295,1315.607381645451,1349.3690185546875,58873,,
2026-03-12,1345.4848846120008,1353.352659176906,1307.6400099893094,1334.82861328125,90484,,
2026-03-13,1337.4179779297551,1341.501216412157,1279.7543155824958,1289.115966796875,233073,,
2026-03-16,1294.6931515145939,1294.6931515145939,1216.115212081347,1242.108642578125,268830,,
2026-03-17,1242.8058392475186,1293.6972141983508,1239.8180858659982,1274.4759521484375,60352,,
2026-03-18,1282.0450465104732,1299.9715671054162,1269.4963848364143,1288.4188232421875,95455,,
2026-03-19,1282.0450242834395,1308.5364132778366,1253.0637192331367,1265.2139892578125,130706,,
2026-03-20,1281.7461984517338,1284.8335192928903,1227.2695438518533,1262.0269775390625,148250,,
2026-03-23,1244.8972022830415,1246.8890378066944,1183.2498685115868,1194.802490234375,110889,,
2026-03-24,1211.4344275889132,1227.568247204974,1194.1054336781833,1200.678466796875,95696,,
2026-03-25,1200.5789305188048,1246.4907176493796,1197.1927856206107,1218.4058837890625,94969,,
2026-03-27,1219.9993411683745,1241.909533417929,1168.3111815016164,1222.4891357421875,140499,57333.0,40.81
2026-03-30,1210.1397317259161,1213.5258766645752,1166.4189146453487,1182.5528564453125,107934,38562.0,35.73
2026-04-01,1188.129988015119,1232.647467017731,1185.241801952819,1193.010009765625,184905,98086.0,53.05
2026-04-02,1185.1421810950153,1185.1421810950153,1125.387113140645,1152.0777587890625,411454,200456.0,48.72
2026-04-06,1165.124198428688,1232.9461727955302,1148.3927316230217,1215.0196533203125,214193,55703.0,26.01
2026-04-07,1214.5218085819795,1238.6229717347971,1197.4916377944924,1223.6842041015625,156704,43466.0,27.74
2026-04-08,1274.5756474675015,1316.7028974113773,1261.329892115344,1287.2237548828125,186531,72736.0,38.99
2026-04-09,1286.7257807605508,1302.6604653520128,1258.8400827254925,1295.2906494140625,122599,53598.0,43.72
2026-04-10,1314.5119847819883,1324.1723392265533,1286.7258526586284,1294.5936279296875,155785,72328.0,46.43
2026-04-13,1273.8783702191106,1308.6359240223833,1249.8767767489278,1291.705322265625,88998,22787.0,25.6
2026-04-15,1317.7984307418903,1326.4629888502402,1298.0793305506145,1315.4083251953125,97403,32605.0,33.47
2026-04-16,1321.8817142529576,1334.4302539307716,1305.1502469678758,1315.8065185546875,91121,37934.0,41.63
2026-04-17,1325.5665439915874,1331.442483114063,1308.0384156581633,1326.7615966796875,57062,17067.0,29.91
2026-04-20,1320.5870064653327,1331.9404937312443,1301.2661767773077,1306.046630859375,68949,19811.0,28.73
2026-04-21,1305.548712775664,1384.2262216538695,1305.548712775664,1364.6065673828125,517430,143888.0,27.81
2026-04-22,1371.3787590797162,1395.6791768011917,1344.5885469517777,1381.736328125,342111,144210.0,42.15
2026-04-23,1381.736345484434,1432.9265434388356,1381.736345484434,1416.7926025390625,370559,229307.0,61.88
2026-04-24,1416.7926917491914,1438.7028841809354,1382.5330938142458,1411.215576171875,266156,131921.0,49.57
2026-04-27,1424.1624833876945,1433.0261763049966,1399.2645378739235,1424.760009765625,123727,44061.0,35.61
2026-04-28,1429.142059895219,1435.1175667658613,1404.4432495344327,1429.9388427734375,107365,54371.0,50.64
2026-04-29,1437.009814342003,1461.0114089476017,1429.1420394272723,1443.781982421875,143782,48953.0,34.05
2026-04-30,1432.12978150232,1443.7819710123094,1404.144515927835,1427.548583984375,120241,40029.0,33.29
2026-05-01,1427.548583984375,1427.548583984375,1427.548583984375,1427.548583984375,0,0.0,0.0
2026-05-04,1444.1803735361666,1470.2734927683687,1429.1420391114834,1434.52001953125,145162,58889.0,40.57
2026-05-05,1491.8848989161966,1570.5624069364767,1416.3942793008493,1440.39599609375,2134434,291831.0,13.67
2026-05-06,1452.446568433172,1466.2898504020227,1419.1828890354159,1445.87353515625,327852,108698.0,33.15
2026-05-07,1443.084946551543,1460.0155497892079,1414.203329263762,1445.0767822265625,275020,101912.0,37.06
2026-05-08,1448.0645244443356,1448.0645244443356,1411.315132212469,1419.581298828125,151942,62966.0,41.44
2026-05-11,1419.1828447586659,1423.166515901848,1375.3624621836614,1408.7257080078125,182272,46650.0,25.59
2026-05-12,1404.2441376397662,1406.7339322100495,1355.0457726165687,1388.6082763671875,146533,45549.0,31.08
2026-05-13,1396.2767175510303,1402.252224188196,1367.693926098719,1379.7445068359375,98175,29841.0,30.4
2026-05-14,1380.3420192837673,1407.032663956435,1356.0416015562923,1397.073486328125,85968,29831.0,34.7
2026-05-15,1394.284876613153,1423.9632747584303,1375.6612629614747,1391.595947265625,43526,15619.0,35.88
2026-05-18,1374.4660921114687,1389.3052912209876,1345.5844767384158,1376.5574951171875,89780,19218.0,21.41
2026-05-19,1379.2465797028121,1403.3477417321112,1372.3747225974676,1382.134765625,54213,16372.0,30.2
2026-05-20,1372.0759288659767,1378.0514357723923,1351.9584375765107,1366.0008544921875,51266,16444.0,32.08
2026-05-21,1373.4701972992914,1405.638390484773,1360.4236985891532,1384.42529296875,92941,21044.0,22.64
2026-05-22,1390.2017358165726,1391.9943149836258,1359.4278502761408,1371.279296875,40553,10956.0,27.02
2026-05-25,1377.055543647592,1396.276806517323,1377.055543647592,1389.5045166015625,35197,14142.0,40.18
2026-05-26,1389.703761042372,1427.1502470482899,1387.213966473202,1413.2073974609375,74674,31948.0,42.78
2026-05-27,1420.8758427294993,1443.98120808141,1382.3338734178988,1389.3052978515625,139356,55298.0,39.68
2026-05-28,1389.3052978515625,1389.3052978515625,1389.3052978515625,1389.3052978515625,0,0.0,0.0
2026-05-29,1418.3860674485334,1419.282417773654,1373.6694559490227,1412.21142578125,239194,109350.0,45.72
2026-06-01,1414.5020571530085,1426.2538138940945,1369.3869335498066,1379.4456787109375,45721,14114.0,30.87
2026-06-02,1364.4074097999842,1389.3053552342906,1350.1657363827615,1381.3380126953125,45154,13752.0,30.46
2026-06-03,1393.089866092167,1393.1894335576837,1359.4277958518,1376.3583984375,39288,12943.0,32.94
2026-06-04,1369.4865131200402,1382.5330117060785,1317.599221166288,1334.3306884765625,107518,39343.0,36.59
2026-06-05,1350.4645860160663,1360.4237643790166,1323.7739393745587,1337.1192626953125,183977,96854.0,52.64
2026-06-08,1323.4751477492366,1323.4751477492366,1275.2727034075626,1287.4228515625,107165,43189.0,40.3
2026-06-09,1287.9208715132427,1304.6523394572189,1277.3641669740193,1295.091552734375,136494,47144.0,34.54
2026-06-10,1294.4939789255977,1304.6522916516449,1281.7461827142495,1291.5062255859375,53616,23565.0,43.95
2026-06-11,1283.5388841778004,1300.8677563014528,1259.8359923723526,1270.093994140625,57568,19924.0,34.61
2026-06-12,1272.6833832068814,1336.5216899864706,1272.6833832068814,1327.4588623046875,71267,32703.0,45.89
2026-06-15,1359.328213384777,1385.2220758771425,1347.2776324623444,1369.088134765625,86478,36322.0,42.0
2026-06-16,1369.0881043294114,1401.2562968009015,1362.5150713880275,1391.297119140625,80968,30662.0,37.87
2026-06-17,1384.325771103665,1413.2073879108639,1384.325771103665,1409.4228515625,80882,34576.0,42.75
2026-06-18,1424.1623939776707,1436.0138396125826,1407.1322246298187,1421.0750732421875,85317,33225.0,38.94
2026-06-19,1408.8252929251648,1419.182862340152,1397.5714947494553,1413.1077880859375,58836,24736.0,42.04
2026-06-22,1453.0440120332967,1456.5297241937606,1404.5428657436416,1412.11181640625,87589,25566.0,29.19
2026-06-23,1416.6930667063718,1432.1297925650351,1380.2424996383786,1394.583740234375,115325,47044.0,40.79
2026-06-24,1388.9068963398968,1429.1419985220953,1381.9354719568623,1422.2701416015625,60494,24352.0,40.26
2026-06-25,1422.170552340421,1438.9020192320459,1393.8864638198124,1402.252197265625,58559,21250.0,36.29
2026-06-25,1422.170552340421,1438.9020192320459,1393.8864638198124,1402.252197265625,58559,0.0,0.0
2026-06-26,1402.252197265625,1402.252197265625,1402.252197265625,1402.252197265625,0,,
2026-06-29,1402.2522910730556,1416.0955730905205,1376.3584277435814,1381.6368408203125,55494,27137.0,48.9
2026-06-30,1384.3257353087029,1398.2685844413083,1367.494700255658,1372.8726806640625,114583,70590.0,61.61
2026-07-01,1374.3665313397605,1434.1215979197502,1372.8726546752607,1404.6424560546875,347863,0.0,0.0
2026-07-02,1421.0751339083722,1442.3877991543793,1408.3273374326304,1428.74365234375,192952,102116.0,52.92
2026-07-03,1434.121579795735,1455.035852834423,1424.2619696202407,1437.009765625,248930,143669.0,57.71
2026-07-06,1478.9379447146318,1481.9256981382978,1419.9796591164236,1451.05224609375,653789,181356.0,27.74
2026-07-07,1469.277635521427,1469.277635521427,1424.2620762855759,1448.263671875,167852,61011.0,36.35
2026-07-08,1444.180393628389,1482.7224858629377,1427.4490473443357,1445.27587890625,333974,,
2026-07-09,1445.0767453321687,1469.1779077557735,1432.3289487087093,1463.800048828125,132259,,
2026-07-10,1470.0,1525.0,1451.5,1511.300048828125,377210,,
2026-07-13,1513.5999755859375,1550.300048828125,1486.0,1517.5999755859375,335244,133186.0,39.73
2026-07-14,1505.0,1515.0,1478.0,1490.5999755859375,158334,,
2026-07-15,1495.0,1510.9000244140625,1483.0,1490.0999755859375,108128,53179.0,49.18
2026-07-16,1490.0999755859375,1509.699951171875,1483.5,1493.0,84750,,
2026-07-17,1496.0,1498.0,1453.0999755859375,1462.0,104334,42905.0,41.12
2026-07-20,1468.699951171875,1470.0,1450.300048828125,1455.699951171875,170875,92086.0,53.89
2026-07-21,1540.300048828125,1559.5,1446.0999755859375,1456.300048828125,2603668,579536.0,22.26
2026-07-22,1466.9000244140625,1481.0,1417.5,1426.0,244909,,
2026-07-23,1420.0,1422.4000244140625,1365.0999755859375,1376.0999755859375,325143,136473.0,41.97
2026-07-24,1355.300048828125,1375.0,1325.699951171875,1362.300048828125,295336,,
2026-07-27,1373.699951171875,1385.0,1354.0,1361.199951171875,102281,39692.0,38.81
2026-07-28,1361.0,1371.199951171875,1340.0,1344.4000244140625,113072,45598.0,40.33
2026-07-29,1346.0,1373.199951171875,1341.699951171875,1363.699951171875,83844,35322.0,42.13
2026-07-30,1370.0,1372.699951171875,1338.0,1344.4000244140625,95236,47489.0,49.86
2026-07-31,1359.9000244140625,1378.199951171875,1344.5999755859375,1372.199951171875,59090,24947.0,42.22
2026-08-03,1380.0,1387.9000244140625,1361.199951171875,1372.300048828125,75517,36208.0,47.95
2026-08-04,1372.300048828125,1375.0,1350.0,1358.4000244140625,62598,30676.0,49.0
2026-08-05,1366.4000244140625,1390.0,1350.0,1361.0,95666,,
2026-08-06,1369.9000244140625,1371.4000244140625,1347.0,1355.9000244140625,73903,36248.0,49.05
2026-08-07,1359.800048828125,1361.4000244140625,1334.199951171875,1339.0,106424,74850.0,70.33
2026-08-11,1374.0,1374.0,1337.0,1342.0999755859375,265077,216734,81.76
2026-08-12,1355.0,1355.0,1327.0,1333.699951171875,55792,23536,42.18
2026-08-13,1346.0,1350.0,1332.699951171875,1342.5999755859375,35743,15970,44.68
2026-08-14,1348.5999755859375,1348.5999755859375,1322.0,1328.199951171875,33785,16584,49.01
2026-08-19,1319.9000244140625,1319.9000244140625,1268.0,1274.0999755859375,193113,109386,56.64
