date,open,high,low,close,volume,delivery_qty,delivery_pct
2022-01-03,930.2323348768416,932.238151843184,913.2782086522345,914.6631469726562,365511,,
2022-01-04,916.9555893247283,916.9555893247283,892.1213754471836,907.117431640625,781428,,
2022-01-05,907.4040239659622,913.4215337283583,898.99860887734,911.75,280753,,
2022-01-06,909.2188290033969,912.657389254198,891.5960765464871,906.49658203125,399966,,
2022-01-07,894.0316867789583,918.865900300596,894.0316867789583,914.6154174804688,748205,,
2022-01-10,916.0004419075169,919.5822997356224,886.963491128288,889.3036499023438,811201,,
2022-01-11,894.7958950327218,895.9421012782731,871.7287639714311,874.0211181640625,619574,,
2022-01-12,878.7490482125269,884.4800202660867,867.955729171348,883.4771118164062,599785,,
2022-01-13,886.1993735977094,888.1096977737332,874.9284726188629,882.904052734375,411748,,
2022-01-14,874.8328045893121,882.9994271471752,868.2421641820791,877.5549926757812,690471,,
2022-01-17,880.6593722303801,892.8854342849489,867.2871041054069,883.4771118164062,1342109,,
2022-01-18,884.4799878455628,905.4935512716994,883.7158699261227,886.7723999023438,1309979,,
2022-01-19,891.8826027440334,901.2909260238739,887.8709103009129,895.51220703125,986677,,
2022-01-20,898.5686790869858,898.5686790869858,859.8846168993451,862.2725219726562,838602,,
2022-01-21,858.6907928344782,859.5982085577909,844.0768232590588,851.2405395507812,844538,,
2022-01-24,850.094298183261,850.7629233359081,815.660714955869,822.2035522460938,1449993,,
2022-01-25,816.6635711799428,860.8875634332686,810.6938082327209,854.3447265625,1244694,,
2022-01-27,851.049400093975,851.049400093975,831.4208313137902,839.9695434570312,801632,,
2022-01-28,846.2257610334573,859.741267962659,838.2979283229228,841.449951171875,1023782,,
2022-01-31,845.6527192053527,859.1205394327511,844.5065713549072,848.470458984375,399856,,
2022-02-01,851.0494072933349,864.4216763192683,845.7960158902896,860.0279541015625,813871,,
2022-02-02,866.3319856607945,872.9703736163449,855.5864125200185,869.4840087890625,728598,,
2022-02-03,869.4840763763642,887.8232009551973,864.5172216344034,881.9011840820312,884886,,
2022-02-04,882.5698007123657,887.5366554063716,867.1439091229512,871.442138671875,781566,,
2022-02-07,871.107818936819,871.107818936819,846.0348142799204,849.5211791992188,881015,,
2022-02-08,848.1839623707265,854.2970232567501,833.9042770202192,838.5845947265625,1308258,,
2022-02-09,835.7190148065516,835.7190148065516,810.0251333413862,821.4393310546875,1538750,,
2022-02-10,822.0124089792384,826.1673987346339,811.1235969583113,814.8486938476562,711095,,
2022-02-11,811.8877803918087,813.7981045809659,783.5672009681662,788.0087280273438,1853146,,
2022-02-14,768.9055314679637,783.8060377024885,758.5420454501751,763.8909301757812,1708417,,
2022-02-15,770.8635856605346,797.3215883316533,767.2817276716232,777.26318359375,2517405,,
2022-02-16,779.0301676645978,808.9745337954041,778.2660496617272,793.0233154296875,895517,,
2022-02-17,801.5242502019222,801.5242502019222,789.1071436661741,795.6022338867188,598651,,
2022-02-18,792.784591751425,799.3752339660965,758.2554563937061,788.390869140625,376013,,
2022-02-21,786.0984045908094,788.39081693938,765.8489565066625,772.7261352539062,548546,,
2022-02-22,752.6677975899516,758.3987706680476,730.69906745725,745.8861694335938,1867712,,
2022-02-23,749.8022953229424,769.8607006755307,745.5518120528187,767.425048828125,882666,,
2022-02-24,735.4748434487668,760.3568053888655,732.227268872592,736.5733032226562,887861,,
2022-02-25,741.0147876194424,754.5303554216871,733.5645344758661,743.450439453125,1150389,,
2022-02-28,743.1159671129438,743.1159671129438,708.7778847364012,733.5166015625,2644457,,
2022-03-02,725.9231800785401,728.7886663156922,715.4163972089823,718.5684204101562,1483184,,
2022-03-03,722.1024969767302,722.1024969767302,697.2682841177422,700.8978881835938,2003112,,
2022-03-04,698.2712638622452,702.0441659375217,679.1680212517003,689.6748046875,1833048,,
2022-03-07,673.4848176673662,699.3220008097484,630.4547738931458,634.8963012695312,3263788,,
2022-03-08,635.1828112007285,672.386387516465,630.4547470366081,669.6163940429688,3176686,,
2022-03-09,671.335668188066,675.2996142786792,663.3123414133413,670.5238037109375,2756142,,
2022-03-10,675.4906828841564,704.7186213004419,675.4906828841564,678.9769897460938,2212776,,
2022-03-11,676.7323548437412,680.1231686740902,667.6583147999648,677.6397705078125,1691259,,
2022-03-14,678.1650390625,681.9379407282446,668.5179259107147,678.1650390625,1006751,,
2022-03-15,677.7830413194216,707.7751562815084,677.7830413194216,692.1104736328125,2483379,,
2022-03-16,700.1336934972503,716.3714462795876,687.7165884284042,713.7447509765625,1324407,,
2022-03-17,720.1921574770805,730.6034467334684,706.2468154129572,713.0284423828125,1872618,,
2022-03-21,717.5177364211804,719.8578950798957,687.7166691004672,689.8657836914062,1519162,,
2022-03-22,687.7166278952751,688.671789878463,660.2557208786235,667.9447631835938,2803453,,
2022-03-23,675.920375342857,675.920375342857,656.1485113735689,663.2166748046875,2683742,,
2022-03-24,660.0169374754103,671.6699254552184,654.2859655146976,663.8375854492188,2017206,,
2022-03-25,668.6134908153606,669.0433254334358,650.3699174567865,654.1427612304688,1704500,,
2022-03-28,657.3902168730858,662.7869052492555,637.1885181641405,657.8677978515625,1637418,,
2022-03-29,660.9720448704749,667.9924616230546,653.665032904764,664.1718139648438,1992992,,
2022-03-30,668.613379010464,700.1337240209573,667.7059634792578,695.1668701171875,2980050,,
2022-03-31,697.2682507820512,716.3714905295046,695.4056732469822,713.7925415039062,2639682,,
2022-04-01,716.3716350418638,721.5295341335544,705.9603439598662,719.2371215820312,1290173,,
2022-04-04,721.1473329938311,740.2505736029392,719.2370089329203,736.0956420898438,1286677,,
2022-04-05,740.2505525150141,749.2290986649036,731.6540944858075,736.3344116210938,978539,,
2022-04-06,732.6094522280366,732.6094522280366,715.3210386695562,718.7118530273438,1218462,,
2022-04-07,725.0634377656755,755.9629628858424,719.2369729904493,746.5068359375,3504782,,
2022-04-08,755.9630980923612,795.4112833745698,755.9630980923612,775.2573852539062,6265030,,
2022-04-11,776.4513230432214,780.2241668385813,767.3772827585906,775.8304443359375,1576113,,
2022-04-12,773.681271088022,779.1734529506838,765.3236030361451,769.9561157226562,1277820,,
2022-04-13,771.8665126716786,775.5916683884996,749.0381721895727,751.0917358398438,1078826,,
2022-04-18,751.0916293342704,770.3859137524088,745.5994477322375,760.6432495117188,1581680,,
2022-04-19,764.1297078006324,769.4308459888053,731.2243605987737,740.2984008789062,1004353,,
2022-04-20,743.5937061576723,767.6638031033948,738.0060311070889,764.5117797851562,1030275,,
2022-04-21,767.950394479852,776.8811375639287,757.252566379642,762.2194213867188,832196,,
2022-04-22,759.2584479897686,769.2398462343782,752.8111032086325,761.31201171875,453216,,
2022-04-25,731.6541804209264,754.0527436875011,715.6552149874401,727.0216674804688,2871354,,
2022-04-26,731.6541476418769,760.7388444134438,731.6541476418769,758.2076416015625,1228628,,
2022-04-27,743.1160736083984,764.129638671875,743.0683271656744,756.4883422851562,718655,,
2022-04-28,741.2057421388542,772.3918060263245,730.7467061538773,766.9951171875,1705372,,
2022-04-29,767.1861449469271,771.4843740303343,743.8801683752903,747.3187866210938,945798,,
2022-05-02,745.9814540419533,756.5359815207556,733.5643491731371,737.24169921875,922151,,
2022-05-04,740.2505192088073,750.3752126682795,716.4669630787147,721.672607421875,702967,,
2022-05-05,727.8334181121719,746.9366574327013,725.9230941801189,727.8811645507812,907000,,
2022-05-06,720.9562990495435,735.4270273334828,713.8881349040219,722.197998046875,891772,,
2022-05-09,720.0489005405533,730.3168927558406,715.0821044333267,723.3919677734375,642095,,
2022-05-10,721.9114796389788,754.0049601163852,720.430990092648,736.7164916992188,1278879,,
2022-05-11,735.9523262466104,752.9541983081244,729.8392660836455,745.7427368164062,1026366,,
2022-05-12,745.0264922254862,750.0888400642469,722.4368835969527,736.6688232421875,1509515,,
2022-05-13,744.7399239656813,790.9219896035776,741.7311399386316,761.4552612304688,4061765,,
2022-05-16,766.9951386972011,772.6783646473655,737.4328611064017,761.5984497070312,1772749,,
2022-05-17,765.3714350641935,787.5312090650764,755.2467393828671,782.8508911132812,1924331,,
2022-05-18,789.9191123236475,800.6169402566488,783.2807236014992,793.1666870117188,1283672,,
2022-05-19,780.415054193224,782.8507054891959,750.7572875104238,759.9268188476562,917614,,
2022-05-20,740.2505636335746,756.3450203106098,719.714580255353,724.3948974609375,4115079,,
2022-05-23,733.3735357656076,733.3735357656076,716.7537482320588,718.8073120117188,1817765,,
2022-05-24,721.1473557205968,732.6570468906165,714.5567141833667,728.7409057617188,1175865,,
2022-05-25,734.042137505658,736.7643264073373,715.7507583850543,721.004150390625,838878,,
2022-05-26,725.7321589106953,747.7486338680684,716.371581900226,744.9786987304688,1747144,,
2022-05-27,747.8919109461158,752.1423938749155,738.3402901166635,748.9425659179688,1095717,,
2022-05-30,752.667803537449,764.4640332303535,748.9426476878616,760.7866821289062,974857,,
2022-05-31,759.7836410275221,759.7836410275221,727.1648347011454,732.5615234375,6437056,,
2022-06-01,745.0263862683807,745.0263862683807,726.3529801696802,731.4630737304688,1200368,,
2022-06-02,730.6990319130311,738.5313730651263,721.2429034747687,734.6151733398438,1150066,,
2022-06-03,744.5964992856985,747.7963268523789,727.0693005207416,729.1228637695312,655547,,
2022-06-06,726.6872876485456,730.2691453935587,709.6376681016701,726.0664672851562,864750,,
2022-06-07,721.1473966486668,721.1473966486668,711.5957755010023,716.1805419921875,1043606,,
2022-06-08,716.1805499681932,720.5265259790873,710.9271582784714,714.5567626953125,881007,,
2022-06-09,713.5060592361401,730.6989763261677,702.8082324982078,728.7409057617188,1018160,,
2022-06-10,714.4612138455517,724.6814594466183,711.0704002256301,716.3237915039062,1324588,,
2022-06-13,705.8647921220914,714.8910856296251,701.5665626707391,705.1961669921875,825363,,
2022-06-14,702.1396635191596,707.5363529120585,699.895055816822,704.0499877929688,822474,,
2022-06-15,709.685451803742,714.4612623811561,700.6114117066551,708.5392456054688,611045,,
2022-06-16,713.4105759923381,714.1746939914188,697.3160600753291,708.634765625,1078506,,
2022-06-17,706.820009399734,707.7751715745985,676.732400891502,692.7791137695312,2910365,,
2022-06-20,691.5373448307806,728.9797099674996,685.376537764791,724.968017578125,1671813,,
2022-06-21,724.9679490937962,741.3967469516614,711.6911741375161,727.8334350585938,1279545,,
2022-06-22,724.299307178182,734.2330149442412,716.3714745198542,727.8811645507812,896052,,
2022-06-23,722.6278622962474,748.4172385394704,722.6278622962474,740.0595703125,900315,,
2022-06-24,744.0712526983025,760.8820818147185,735.3793011787229,758.9240112304688,1328035,,
2022-06-27,764.1296252743807,772.2007561010341,756.8704171536596,761.5029296875,1040251,,
2022-06-28,760.2136012555446,761.4553004280111,735.5703704092618,758.4942626953125,1285196,,
2022-06-29,749.8022036006682,752.6676897290785,729.8392935866914,732.5137939453125,1306038,,
2022-06-30,733.4690319941877,735.856937348644,715.4164441951098,723.5830688476562,1793914,,
2022-07-01,723.1054429034401,749.8022347692488,716.8968893671342,746.4591674804688,743399,,
2022-07-04,748.8470107414215,780.367356856813,747.8918487379248,776.4989624023438,1908043,,
2022-07-05,784.5223043784969,797.9901238837089,778.4570488510062,794.93359375,2625698,,
2022-07-06,794.933630762523,843.6946426539583,788.2952427329895,840.494873046875,5321953,,
2022-07-07,846.3690240133354,858.4518466203389,814.7531851651172,816.8545532226562,4958846,,
2022-07-08,821.4394175196634,826.2152280866381,808.1626408240859,812.1265869140625,850364,,
2022-07-11,810.93257149995,821.9646813959985,798.0856304095453,820.4841918945312,666706,,
2022-07-12,819.3380906183932,823.8273644379232,803.6256613992741,818.0486450195312,904332,,
2022-07-13,823.7795391041775,838.6322976361032,822.3945424426935,833.37890625,925854,,
2022-07-14,838.632338181701,846.1781422204912,829.2717611008702,836.1011352539062,956770,,
2022-07-15,838.5368581264343,845.3184859371637,826.8361220216543,835.0027465820312,803607,,
2022-07-18,841.8318975278137,844.6973831606969,810.9324341059385,820.5317993164062,1127232,,
2022-07-19,820.4841877432613,830.0358080895157,810.4549863796941,827.0748291015625,666815,,
2022-07-20,830.4179043492541,838.6800210505392,823.3496819044701,834.3340454101562,787604,,
2022-07-21,830.6089660148436,840.2083920726732,828.1255677929839,837.4861450195312,1095011,,
2022-07-22,842.4530470456109,846.2736957850468,827.2181985374158,843.7424926757812,957945,,
2022-07-25,847.2287833979881,848.0406478642698,825.2600550798892,829.7493286132812,663666,,
2022-07-26,829.7492513711187,830.2268323770537,799.9959313819847,804.9150390625,1120086,,
2022-07-27,800.1393277341822,811.1714386728651,795.7455469583441,808.3536987304688,831755,,
2022-07-28,809.4999439045406,816.233825583521,803.5301803064245,813.7504272460938,557049,,
2022-07-29,816.6636181855097,823.349753071239,811.5535241279473,815.4696655273438,784165,,
2022-08-01,815.8516568584342,827.7433772834833,807.3506916219415,822.6810302734375,913787,,
2022-08-02,821.439403515436,838.3935307391557,818.478424333779,826.024169921875,782433,,
2022-08-03,830.7043550740771,830.8953991227338,803.8165230078672,823.206298828125,1989901,,
2022-08-04,820.1976220988934,824.9734321049443,800.4257570141498,816.13818359375,1306946,,
2022-08-05,818.0008655500407,844.3633168284647,816.8546593426158,833.9520263671875,1792596,,
2022-08-08,835.7669481571149,839.3488065063597,828.1733967970208,829.6061401367188,640361,,
2022-08-10,830.0358606580749,843.5991740684527,810.9803652007649,817.8575439453125,930246,,
2022-08-11,824.3048669522832,838.3457610502135,820.340921039789,835.8623046875,1233848,,
2022-08-12,835.8623278624244,836.7219970692115,819.2425423517742,826.024169921875,810448,,
2022-08-16,845.0319388328878,895.8943216993652,836.3877333105794,849.9509887695312,8284668,,
2022-08-17,852.9596592041556,861.5561171356644,846.2735252574265,850.2852172851562,1406779,,
2022-08-18,854.8222944669541,878.7490923321751,852.5776286542002,877.1253051757812,3009209,,
2022-08-19,880.5639657120112,882.0922017567938,854.870081832518,865.2813720703125,866873,,
2022-08-22,864.4216688692237,864.4216688692237,844.2199678740537,847.61083984375,909867,,
2022-08-23,841.4977650139566,854.7745408119964,838.488981240775,850.6672973632812,867617,,
2022-08-24,845.0319746610138,864.7082918387736,845.0319746610138,862.4636840820312,1916644,,
2022-08-25,866.809604218569,885.1964746110841,861.2219292628282,866.714111328125,2609633,,
2022-08-26,870.1526456102853,877.2208682463744,851.1927018436518,857.5444946289062,729844,,
2022-08-29,849.1390350353769,872.7792950096464,840.5425768629153,867.0960693359375,1349280,,
2022-08-30,872.0630198471733,885.291991954821,869.484070450801,882.80859375,1888812,,
2022-09-01,869.1974978563262,884.957672268007,863.4187788984034,881.1370239257812,967020,,
2022-09-02,885.4353670608139,900.5746647424098,870.7736504833499,874.5942993164062,1861382,,
2022-09-05,877.3164315930811,881.9011982367585,850.0943104168124,853.4373779296875,1542912,,
2022-09-06,862.5113353304694,875.8836040952829,861.9860078601162,868.9586791992188,1625766,,
2022-09-07,865.9499368228952,908.3114109507851,862.5113765811616,903.4878540039062,3095877,,
2022-09-08,908.3590384291383,909.696288513823,887.3454749744159,896.8970947265625,777144,,
2022-09-09,902.628274035098,908.3592472035748,891.7872064441189,895.942138671875,622632,,
2022-09-12,897.8524162195906,913.1350105382219,897.2793422520302,905.4937133789062,750369,,
2022-09-13,910.0306584700271,910.2694489865503,897.9478350145653,900.383544921875,724415,,
2022-09-14,896.6584244738654,901.6252790707246,883.5726919989473,887.4888916015625,566120,,
2022-09-15,891.9303474241248,898.855272572291,883.3816350642812,887.3455810546875,830935,,
2022-09-16,883.0473429566124,883.0473429566124,844.2199810853746,850.237548828125,1811452,,
2022-09-19,854.5357323768085,863.514220468361,842.643953458674,859.7891235351562,1141496,,
2022-09-20,864.1350947953139,891.166168415535,863.4664697188035,882.1876220703125,903148,,
2022-09-21,883.524877580633,888.3006877297174,867.2871230737456,885.1964111328125,1587179,,
2022-09-22,883.0473445870393,883.0950910314339,859.932410548756,866.0454711914062,1291251,,
2022-09-23,869.0064723171129,869.0064723171129,846.3691187468341,850.5241088867188,657299,,
2022-09-26,846.7034307451748,860.3144902769794,829.5105134418428,832.6625366210938,1253637,,
2022-09-27,833.4744723951246,848.18399288848,820.675334508548,843.64697265625,2648664,,
2022-09-28,837.1995865843062,854.2492068707716,836.3399173688255,845.3662109375,923563,,
2022-09-29,851.0494828622074,878.17611147148,851.0494828622074,866.9051513671875,1677066,,
2022-09-30,868.6243498561591,873.0180717556759,856.9236153058232,869.6272583007812,667448,,
2022-10-03,869.627351768857,879.7043003355916,841.4978160647732,845.3662109375,460205,,
2022-10-04,863.2754942084904,866.3797710330882,847.2287825902624,856.3983154296875,530875,,
2022-10-06,833.8564463032924,833.8564463032924,798.276660936972,815.3740844726562,5466789,,
2022-10-07,818.3828652810422,818.3828652810422,785.4775196920673,792.6412353515625,2774124,,
2022-10-10,786.0983450360468,798.5154513367377,771.1500360546759,794.93359375,1486784,,
2022-10-11,799.4706903627639,799.4706903627639,783.3284272977004,787.9609985351562,1143209,,
2022-10-12,788.1042200376701,805.0583471975146,784.2358252186385,802.0496215820312,1183741,,
2022-10-13,801.3809381013631,812.4130478183936,798.7542425354766,805.0582885742188,1326401,,
2022-10-14,813.7980335460459,818.3350530992661,793.6918848698882,796.0320434570312,656399,,
2022-10-17,795.6500095696919,800.4258199512627,787.3400878460654,796.2230834960938,465893,,
2022-10-18,800.2347315683191,804.1509308434521,792.3546448750378,796.17529296875,644793,,
2022-10-19,797.7512171750569,799.4704969065629,787.5309733565842,789.5845947265625,784872,,
2022-10-20,788.9638445355039,793.9306988000207,778.3137644769282,791.1607055664062,854690,,
2022-10-21,791.8294710847017,798.2290695432717,781.7047749909458,783.4718017578125,833206,,
2022-10-24,788.0087438089644,789.7757703999363,782.2300246807257,783.5194702148438,56411,,
2022-10-25,787.0535354893042,787.0535354893042,776.5467528553451,784.1880493164062,810608,,
2022-10-27,788.9637693957914,800.6645032639493,785.4296585269417,798.13330078125,1174812,,
2022-10-28,802.1451097861863,803.2435695066958,790.0145396097475,792.6412353515625,543838,,
2022-10-31,792.6412332489948,803.0047768546546,790.3966256676939,792.1159057617188,748108,,
2022-11-01,792.784537459962,802.2884119482419,790.4921251165944,800.8079223632812,854774,,
2022-11-02,797.7991752070358,803.052566962365,792.2592464702009,796.0798950195312,489880,,
2022-11-03,796.0797807123475,799.9959215937138,788.9638121512907,794.4559936523438,333917,,
2022-11-04,792.7845817904931,794.6471596363216,783.2329603231378,791.9727172851562,683905,,
2022-11-07,792.9755848409847,800.9989114792526,784.2835747764428,789.7757568359375,794259,,
2022-11-09,779.4599878706616,796.2708751158206,769.5263374197849,778.3137817382812,2621563,,
2022-11-10,776.3557274792377,785.4297672452561,758.255394391539,783.4239501953125,1868543,,
2022-11-11,788.1519183268423,788.4384552565004,774.1587722275283,782.2776489257812,1388004,,
2022-11-14,783.2329199451962,809.2133406567305,780.9405075918231,807.0164794921875,1564707,,
2022-11-15,810.9326381857511,812.8429624217599,797.4648756412765,810.69384765625,1295058,,
2022-11-16,811.887729804619,813.2727264151549,797.8945826715419,807.8760375976562,790432,,
2022-11-17,806.5865519721463,814.7531753052558,796.8916344800205,801.2376098632812,1075790,,
2022-11-18,802.3360552388156,805.5358245206816,785.3341838232088,801.285400390625,1352814,,
2022-11-21,797.560333142832,808.8789804195442,794.6948469159714,801.3809814453125,832098,,
2022-11-22,801.3810784996709,805.583815460775,787.3401826278842,804.2943115234375,761892,,
2022-11-23,807.1119578820707,814.5144640046577,802.9570261520054,810.0729370117188,659879,,
2022-11-24,811.8877676080026,828.7464016312496,811.4101865682331,824.1138305664062,1376898,,
2022-11-25,826.2151703281132,828.0777479787193,811.9832325140582,820.8184814453125,585935,,
2022-11-28,821.3915212408999,822.3466831800606,813.8934650394139,815.7560424804688,697065,,
2022-11-29,817.6186620281877,840.1127151941541,814.514385566048,826.8359985351562,996831,,
2022-11-30,831.038741464338,849.0435813355364,828.22100171808,841.9276123046875,1839648,,
2022-12-01,846.2259381834549,846.7035192695905,825.3078632913243,837.916015625,1059022,,
2022-12-02,837.677125451559,844.2199622340465,826.3106736340275,842.11865234375,683634,,
2022-12-05,842.596197570088,845.3183860022353,834.763857362126,842.9304809570312,970685,,
2022-12-06,840.5426688628986,849.0436350832862,836.5309762836318,846.0348510742188,505197,,
2022-12-07,850.4763390970575,861.4607030137727,844.0289950589855,857.8788452148438,894394,,
2022-12-08,861.126376679352,864.421697572887,855.8729851471411,861.0308837890625,634696,,
2022-12-09,862.702351759276,886.3426118539003,862.5113076947782,882.1876220703125,1633865,,
2022-12-12,882.0921815963474,884.4800867982866,845.6527248953681,855.204345703125,2554635,,
2022-12-13,856.9714758164013,860.4577826163786,835.7668648429768,837.4861450195312,820574,,
2022-12-14,839.587536444623,849.4734414553843,834.9072185534725,847.3721313476562,765882,,
2022-12-15,847.2765018408547,865.3768347122444,845.3184312586494,862.702392578125,1303005,,
2022-12-16,862.4158177792743,864.4693811589167,853.1984808963293,856.5892944335938,1208697,,
2022-12-19,858.7383408832759,871.0599533776823,857.9742229817259,865.8543090820312,762854,,
2022-12-20,865.3767853261273,865.3767853261273,849.2345239581643,854.4879150390625,588692,,
2022-12-21,858.6907807820866,859.8369870323687,832.9014024938592,844.6976318359375,828262,,
2022-12-22,842.9782526410632,858.6906799687042,840.5903475243539,851.3836669921875,864653,,
2022-12-23,846.0348148288172,848.2794224039804,826.6450362079291,834.2385864257812,485866,,
2022-12-26,834.2863556102872,850.0942768515979,822.8244103044229,843.4081420898438,471973,,
2022-12-27,845.3661972009634,861.5084598624725,841.8320858036456,849.1390991210938,863452,,
2022-12-28,851.7658443482916,859.6459320588308,845.9393785726145,855.9207763671875,696537,,
2022-12-29,855.9207173507345,857.6878021794294,842.8350434815507,846.3213500976562,846820,,
2022-12-30,850.0942834487919,851.4315337309079,831.2775780992764,834.8594360351562,409872,,
2023-01-02,838.5846182107508,857.8311004843636,837.6772025118478,853.4373779296875,583078,,
2023-01-03,854.0103927547609,864.2783851189228,847.8018392322444,852.720947265625,910340,,
2023-01-04,848.1839139571199,861.5084364272882,845.4139206484592,848.8525390625,723326,,
2023-01-05,851.9091618905709,879.5133135968863,847.2288439428618,875.4061279296875,3020912,,
2023-01-06,878.7968746925078,889.2559113025372,872.7793651478985,876.3134765625,2310792,,
2023-01-09,877.9372166262871,883.5248912678927,857.9743065744699,867.3826293945312,1369036,,
2023-01-10,869.19757969652,873.0182283984827,859.6459579416132,870.7736206054688,929638,,
2023-01-11,870.7735548935074,873.9255781750682,853.9626668944028,860.1234741210938,988903,,
2023-01-12,862.5113950962991,875.8836647877146,861.6517258681774,874.1166381835938,914454,,
2023-01-13,878.510358774519,883.8114968742148,871.3943893296986,876.07470703125,1206142,,
2023-01-16,877.4597091710918,888.0142389892854,876.0747124305892,882.80859375,1043953,,
2023-01-17,883.4294020434878,893.5540964389635,870.5347143877678,887.632080078125,1069191,,
2023-01-18,890.2110945375537,891.1662566561562,879.7520576791622,887.4411010742188,448425,,
2023-01-19,886.8679790358278,892.2646680327074,880.4683815284878,887.5843505859375,964494,,
2023-01-20,892.1213145050399,903.7743026497018,888.300666477181,890.5930786132812,1616181,,
2023-01-23,890.5931886197301,893.8884513120207,874.0210907728224,885.2919921875,578881,,
2023-01-24,886.3904718436439,891.9781470805975,883.4294925092441,887.7277221679688,418065,,
2023-01-25,885.7217671552328,887.202256689504,871.8719172762115,873.2091674804688,404812,,
2023-01-27,874.8807711621973,883.6682744834701,856.3506023825237,866.4275512695312,1047819,,
2023-01-30,867.8602792132067,871.3943907181247,851.7658208050199,863.2755126953125,1056310,,
2023-01-31,864.8515053485277,878.749101765672,861.1263499673086,872.3017578125,2617690,,
2023-02-01,885.4351501309233,896.8970938219385,858.2607803037828,888.0140991210938,2678949,,
2023-02-02,887.2501780182097,906.353421740867,880.9938190602608,897.56591796875,1061085,,
2023-02-03,900.0492095578243,906.878641697868,890.21105186748,893.0765380859375,1378549,,
2023-02-06,901.19539282567,902.2938525009112,881.9488542276011,895.2733764648438,675653,,
2023-02-07,896.1806857403158,900.2878704021625,888.7781807421943,898.42529296875,609325,,
2023-02-08,898.3776374344247,903.5832821679179,895.2733608307823,898.5209350585938,602539,,
2023-02-09,898.4732598227257,904.3474718053153,895.7510128370168,898.6642456054688,614802,,
2023-02-10,899.762733170322,907.5473279072665,895.3212059133097,898.2344970703125,746288,,
2023-02-13,898.2344936193109,900.2880572271545,878.4148793501453,882.426513671875,546626,,
2023-02-14,882.2831523791314,893.0764713355802,877.7938793127254,888.8259887695312,719482,,
2023-02-15,888.8260134503859,895.7986845947377,882.7130114505758,893.5540771484375,564718,,
2023-02-16,890.4497809928516,895.607679149846,887.3455044702163,890.5930786132812,361273,,
2023-02-17,888.300716678827,908.2636270719634,882.187656169393,899.858154296875,656515,,
2023-02-20,905.1593148280116,910.9380334101036,882.4264120314766,886.1038208007812,808796,,
2023-02-21,886.1516845396818,906.6876707618355,886.1516845396818,895.177978515625,901349,,
2023-02-22,893.9362338377023,901.6730235380804,883.5249436151742,888.2052612304688,805179,,
2023-02-23,888.2052637529013,897.8046312375853,876.3612303449286,892.4556884765625,779354,,
2023-02-24,894.0318044611976,902.6282641194783,881.6146960659032,886.199462890625,411170,,
2023-02-27,881.6146476628744,885.9128772560304,861.9383310669263,873.0181884765625,480986,,
2023-02-28,873.9733500527225,885.5307885209169,873.4957689871198,881.9011840820312,1066639,,
2023-03-01,881.948836854661,894.079406292239,867.6214064083397,871.155517578125,1015922,,
2023-03-02,872.0629251080683,875.0717087933796,863.4664669197083,871.53759765625,573501,,
2023-03-03,873.3046547886997,891.4527338245955,871.1555401660279,884.2412719726562,1160854,,
2023-03-06,884.4801088375308,884.4801088375308,865.4246131915426,874.689697265625,1497749,,
2023-03-08,870.1526885404876,884.4801202947218,866.9051140234736,879.2744750976562,1054113,,
2023-03-09,879.2744141000516,883.8591802836552,861.5561697195042,863.9918212890625,886042,,
2023-03-10,854.8700094674931,878.6057623886298,854.1058915097847,875.2626953125,1259736,,
2023-03-13,873.0181716537884,880.8027661974411,864.3739661871509,874.3076171875,867341,,
2023-03-14,864.3738433665221,877.7461110541244,863.9917552560636,873.7821655273438,754635,,
2023-03-15,875.3583166581593,877.4118801904503,864.9947729123882,866.714111328125,616275,,
2023-03-16,864.7560320215986,896.753964151629,864.7560320215986,890.54541015625,1306258,,
2023-03-17,892.1213811409518,913.9946160536231,883.1428342854571,904.9683227539062,2433451,,
2023-03-20,912.0842632791027,920.3941264608875,900.6700651417486,916.95556640625,1767861,,
2023-03-21,918.0540964620943,920.7762851891683,898.8553028395455,901.2909545898438,1258265,,
2023-03-22,905.5891734163977,910.9381162129247,899.7627078632102,908.7890014648438,725365,,
2023-03-23,905.9712427469275,914.0901205153501,900.8611488826602,909.5531005859375,1018638,,
2023-03-24,909.3142888932764,913.0871907222222,901.0043672405459,908.5501708984375,952163,,
2023-03-27,907.4517154048673,922.2567275300194,905.9234794081091,918.4838256835938,1430957,,
2023-03-28,920.5375165656396,920.6808142066724,909.600898353752,915.618408203125,692534,,
2023-03-29,912.275196476345,925.5997179424978,910.2693796098108,922.9730224609375,1282377,,
2023-03-31,923.5939672061285,929.3726860196304,914.2333906613073,924.7401733398438,1023170,,
2023-04-03,926.5072981467081,926.5072981467081,901.9118724484837,921.25390625,839394,,
2023-04-05,914.281103829862,929.2293545721202,908.2157899798262,926.0773315429688,1063638,,
2023-04-06,929.420474665568,934.7216126889381,917.3377090156838,924.2626342773438,1339417,,
2023-04-10,921.7790718344176,924.5490649399613,913.7557460535852,922.2566528320312,663976,,
2023-04-11,922.2566463644962,926.6981729305405,914.7109016341936,920.6806640625,566811,,
2023-04-12,920.7762397000612,927.7966576273504,911.7976928815247,925.4087524414062,1064336,,
2023-04-13,926.4116822634027,936.0110490678684,918.4837907238834,920.0120849609375,778427,,
2023-04-17,922.6865821715104,933.1933651983081,920.3941698280947,931.0442504882812,868520,,
2023-04-18,932.7634998786239,935.1036585899466,921.8268826102945,925.9818725585938,566779,,
2023-04-19,919.7255468116624,926.7459644494563,918.8181312187287,924.4535522460938,658666,,
2023-04-20,926.5071617961429,933.4798329004831,921.2537706725565,931.42626953125,628811,,
2023-04-21,928.5131292911892,946.3269272183217,928.5131292911892,942.8883666992188,1384698,,
2023-04-24,946.1356870244871,947.6639811705866,936.2975302964684,945.228271484375,1195669,,
2023-04-25,945.2283277384546,947.7117840117432,909.1232144284764,920.0120849609375,1484258,,
2023-04-26,919.8210652974551,935.1991511694386,917.0033255561134,932.3814697265625,1048158,,
2023-04-27,935.1037319261111,935.1037319261111,900.7178950013512,910.8425903320312,1791089,,
2023-04-28,891.1662656169292,900.9089309843323,856.780429001485,866.8096313476562,5510898,,
2023-05-02,871.0601004668896,887.3456028311693,861.5562257844077,881.9489135742188,2916163,,
2023-05-03,885.4353277874438,913.1827770470862,876.8866147429624,897.0883178710938,4347263,,
2023-05-04,903.0579990840072,903.0579990840072,886.6291996685381,889.6857299804688,1254490,,
2023-05-05,893.028739766308,898.4253701851685,885.5784876907937,894.6525268554688,659303,,
2023-05-08,894.0795258723662,905.732515853615,890.7364583211005,901.1954956054688,1486588,,
2023-05-09,903.6310899103657,912.1798023354016,899.2851140301367,908.6456909179688,1069335,,
2023-05-10,912.1798070503992,923.6894987152682,905.5414187844225,919.2957763671875,1858976,,
2023-05-11,940.8346486391198,944.6552969584665,929.2294060497175,938.542236328125,3042774,,
2023-05-12,938.8765055840006,958.7916100924014,933.5753681096783,954.3978881835938,1818352,,
2023-05-15,957.5500062715632,970.7789780512893,956.1172631200346,964.4271850585938,1249138,,
2023-05-16,964.4270804997512,979.0410474012681,963.7584554418337,966.8627319335938,1359065,,
2023-05-17,966.8628047157847,977.1307969614699,965.5255544992858,972.6892700195312,1456688,,
2023-05-18,976.2710871822615,976.6531753135055,960.8930018243389,963.5674438476562,691877,,
2023-05-19,964.7137661221063,969.155293414235,958.8394956129646,964.4749755859375,554652,,
2023-05-22,959.842376579026,974.217553909837,957.0723832880476,971.3043212890625,610807,,
2023-05-23,979.0410762330114,985.5839127889393,966.5284770171261,970.1580810546875,732920,,
2023-05-24,974.5995555783187,979.2798728523264,969.489462028882,976.8919677734375,489848,,
2023-05-25,975.6980925180055,988.59278096538,974.2653493571862,983.243896484375,536188,,
2023-05-26,985.9182486319975,1004.8305043836958,984.0079244791767,1002.8723754882812,1192030,,
2023-05-29,1011.4209605434099,1011.4686486803249,996.9502344202274,1000.3887939453125,504045,,
2023-05-30,1000.3412956786422,1005.0214966055211,993.7028492468572,1000.197998046875,460823,,
2023-05-31,995.9475625258319,1017.2477258658388,993.9417452590068,1010.8958740234375,1442220,,
2023-06-01,1020.3996405598497,1021.0682073402913,1003.9230955863978,1006.9317626953125,799780,,
2023-06-02,1008.2691780960029,1016.4835495588912,1006.9319277190334,1013.3792724609375,529865,,
2023-06-05,1015.003059615527,1021.068315814777,1001.2008968944789,1005.0215454101562,803273,,
2023-06-06,1015.0505137809768,1015.0505137809768,996.5204660289191,1007.839111328125,418521,,
2023-06-07,1007.8871115548847,1019.9699367612625,1005.3560249905055,1017.58203125,452303,,
2023-06-08,1022.9307170804241,1026.7036770116792,1002.6813289268634,1010.5136108398438,789816,,
2023-06-09,1004.9260282615255,1011.0390890584509,981.0469756148923,988.9270629882812,553616,,
2023-06-12,989.5958045930189,1002.7292843207065,981.9067025500315,997.2847900390625,546812,,
2023-06-13,998.1442148419094,1019.1577772596338,997.2845457872559,1008.1256103515625,952216,,
2023-06-14,1010.1794457666336,1025.175561171706,1001.153210273353,1021.5458984375,922595,,
2023-06-15,1020.1131478692121,1036.4942016061625,1014.5731609142928,1029.378173828125,1241860,,
2023-06-16,1033.4852591541326,1033.4852591541326,1001.296347166751,1022.0233154296875,1629502,,
2023-06-19,1023.4082821611502,1034.7270451818217,1016.5789671126646,1018.9190673828125,1017828,,
2023-06-20,1012.5671769270571,1026.417025435286,1009.7494957658749,1023.838134765625,715271,,
2023-06-21,1023.8382925698223,1028.3275078635756,1006.8363603142382,1015.910400390625,1129047,,
2023-06-22,1018.1072619222189,1018.1072619222189,991.6970076736945,994.2282104492188,570936,,
2023-06-23,995.2310946194265,997.6189998482239,985.345190291592,989.5001220703125,611409,,
2023-06-26,990.7897266781109,996.2341041945689,983.3872201512577,986.013916015625,758366,,
2023-06-27,990.9805168492572,1002.9200411486459,986.2525118654662,990.8372192382812,664187,,
2023-06-28,995.7086645500082,1033.007790446225,984.9630911403734,1021.1637573242188,2761494,,
2023-06-30,1023.9336931226874,1040.171447584521,1023.0740239788519,1032.5301513671875,1448778,,
2023-07-03,1029.8081319836608,1035.6345979865848,1009.6064284729722,1013.3792724609375,1022960,,
2023-07-04,1017.247661391974,1022.9308293872663,1004.973851426022,1014.2866821289062,914361,,
2023-07-05,1012.4718218373166,1050.6783056802342,1012.4718218373166,1047.7650146484375,2106111,,
2023-07-06,1050.678101192319,1052.6362297469427,1022.023243887074,1031.4793701171875,841472,,
2023-07-07,1034.2494197273984,1042.989058407529,1012.4716803416591,1014.955078125,773991,,
2023-07-10,1012.471903923134,1020.0653965637796,1001.3442412823257,1007.5527954101562,501316,,
2023-07-11,1010.2748846179985,1026.5604447085332,1006.4542363008698,1014.2388305664062,613630,,
2023-07-12,1015.0984426365496,1022.0233673216732,1008.3645037177623,1020.4473266601562,630952,,
2023-07-13,1020.4475293943979,1026.3696050874164,1002.9203260630667,1006.35888671875,447833,,
2023-07-14,1009.4627816181188,1021.4501095190902,1009.4627816181188,1015.2892456054688,877678,,
2023-07-17,1015.2419215996488,1022.501130970945,1010.5616035191591,1013.5225830078125,674454,,
2023-07-18,1015.0986214413095,1017.1044387288613,990.9807760483262,995.231201171875,569179,,
2023-07-19,997.9535413939905,1003.5412171024695,991.5061963618334,997.0938720703125,360529,,
2023-07-20,997.093827859774,1014.3822400822767,993.7507602135519,1012.85400390625,1332100,,
2023-07-21,1017.1999046798311,1033.2944804962087,997.2371086362365,1009.1766357421875,2423119,,
2023-07-24,1009.1765317058309,1009.2242198511719,984.0079178835716,989.9299926757812,1056031,,
2023-07-25,991.7924689551566,994.1803740263622,982.7184296845752,988.4494018554688,1113858,,
2023-07-26,990.0254527256277,997.0936751286309,987.2554594950946,991.9835815429688,1064454,,
2023-07-27,993.9893461991986,997.0458179222376,978.0858757785323,983.76904296875,1866020,,
2023-07-28,996.2340614542953,996.2340614542953,983.0527779525594,989.5001220703125,1481068,,
2023-07-31,993.2730822899736,993.798351482148,983.9124471543136,989.5001220703125,773878,,
2023-08-01,989.5478257052,993.3684736808957,971.0176597036909,974.695068359375,507701,,
2023-08-02,975.7935326922055,978.9933022591143,966.8627907916344,973.978759765625,1060526,,
2023-08-03,974.1698002561949,974.2652931420189,963.2809295428686,969.0119018554688,714395,,
2023-08-04,975.0771941288642,975.0771941288642,964.2361277504134,971.9251708984375,597861,,
2023-08-07,971.925187970341,988.4972854658399,964.7614721851459,984.4855346679688,1298516,,
2023-08-08,987.6375089191623,1000.0068101919045,954.2068388880494,964.1882934570312,2008417,,
2023-08-09,963.519746268824,981.8111233835494,957.1678951301682,973.0236206054688,1032480,,
2023-08-10,974.0742860762432,985.7272752142445,974.0265396315174,980.2828979492188,649973,,
2023-08-11,980.9514059295191,982.7662371079757,968.4865530834861,974.4085693359375,660411,,
2023-08-14,973.4534822275905,996.8549537904133,969.4895361740923,989.1181640625,1164097,,
2023-08-16,988.4972840041437,997.4758310943656,983.0527900572843,994.8013305664062,720033,,
2023-08-17,994.3715013749301,994.3715013749301,976.3189152636384,979.1365966796875,679224,,
2023-08-18,974.7429792768851,986.6347014690705,969.4895874238495,980.4261474609375,1060254,,
2023-08-21,983.8169782627078,987.5898219774645,973.4534926363183,980.37841796875,752032,,
2023-08-22,980.3783902163216,993.3685712907367,976.8442788318438,990.932861328125,530261,,
2023-08-23,993.3685729115779,993.8461539562469,976.1279088587195,977.6083984375,822174,,
2023-08-24,981.5723842286043,1001.0099102154029,979.8530457593058,995.0879516601562,849525,,
2023-08-25,993.3685210826163,994.0848926122432,981.1902050789593,984.1511840820312,262243,,
2023-08-28,986.58708361068,988.3541104041167,972.5939337221472,982.0022583007812,323454,,
2023-08-29,986.6823477662643,986.6823477662643,961.5138523405949,967.9133911132812,635507,,
2023-08-30,970.3969879240124,978.8502078432385,968.1045754683139,974.7907104492188,333967,,
2023-08-31,970.9699276354828,974.1697553415671,957.0723320778767,960.0811157226562,1212859,,
2023-09-01,959.8424404804088,966.5763217861693,956.165031328703,960.272216796875,310557,,
2023-09-04,963.6629867639481,965.2389691202686,950.3862113463574,956.3082275390625,624466,,
2023-09-05,956.3082586702042,965.9076256386131,953.2517284423593,963.85400390625,399675,,
2023-09-06,964.2360911745423,968.5343204071182,956.9768829011333,966.5285034179688,599424,,
2023-09-07,969.4895921021041,982.7663694414132,967.2927307944735,968.8687133789062,569087,,
2023-09-08,971.590839839714,977.6083490387845,965.5733306406435,974.5518188476562,321006,,
2023-09-11,974.742858609428,996.2340044386414,968.8685887633908,987.5420532226562,874945,,
2023-09-12,1000.1979481994911,1000.1979481994911,960.558723749771,966.5762329101562,745691,,
2023-09-13,966.5762710430159,969.4895037048001,955.2098190595042,958.6484375,614283,,
2023-09-14,961.41845703125,964.5227340400877,955.4009471045821,961.41845703125,828717,,
2023-09-15,965.5733362794451,966.1941566306898,946.5655882316933,957.1201171875,1450898,,
2023-09-18,959.9378587996837,961.9436757822673,947.855035566053,948.762451171875,707389,,
2023-09-20,947.425332110682,952.0100986364889,933.4321837042971,945.7059936523438,844213,,
2023-09-21,944.8940677845628,946.0402739161706,935.4857448136504,943.2225341796875,478136,,
2023-09-22,940.8345238329545,947.0430765282989,933.1932282079152,941.9329833984375,1479506,,
2023-09-25,942.7449055309344,946.708851198803,928.4174753556922,933.0499877929688,557733,,
2023-09-26,931.2829665143563,940.7868402425801,927.9876458962283,934.8170776367188,708234,,
2023-09-27,941.7420666484674,956.6903182565105,929.6114965442713,955.0665893554688,1179180,,
2023-09-28,954.9711758273306,965.6690043502531,943.6047803892368,946.1359252929688,1285424,,
2023-09-29,946.6610298423855,955.1619949165272,944.941749911228,947.1386108398438,1041991,,
2023-10-03,946.565661814959,961.9915533869315,942.4584763547696,948.3804931640625,1193081,,
2023-10-04,947.2341746775709,956.4037066319296,943.5090195282276,946.0402221679688,727158,,
2023-10-05,946.6610677424949,950.672759941447,929.2293606373801,932.8112182617188,1329465,,
2023-10-06,926.0295692757957,944.5119308615026,921.9223842899122,928.0831909179688,1049194,,
2023-10-09,922.5432618219935,930.4233488980575,918.7226135426897,923.1163940429688,500836,,
2023-10-10,927.3669565073818,934.1963309137087,921.7314764923407,931.2353515625,695490,,
2023-10-11,931.2353133616451,946.2791166354599,930.8532251972083,941.6465454101562,535266,,
2023-10-12,940.7392247134138,940.8347176090111,929.1339812732646,933.1934204101562,726290,,
2023-10-13,933.050123849259,941.933178491996,926.5072864345478,938.8766479492188,519593,,
2023-10-16,938.924310837259,944.8463273058952,934.530588653236,942.3151245117188,500836,,
2023-10-17,943.2226035308391,962.5646366665349,941.8376067824164,952.43994140625,1231593,,
2023-10-18,955.162107284469,961.4184074274887,951.5802493821523,954.6367797851562,569038,,
2023-10-19,954.2069207128588,954.2069207128588,934.5783515711015,939.7839965820312,950305,,
2023-10-20,936.297640975673,951.3891903742968,936.297640975673,943.8434448242188,764123,,
2023-10-23,947.9028964925795,950.1475041203475,934.5306270201645,936.8707275390625,744252,,
2023-10-25,938.6855875964043,945.6105130709135,929.1817126992804,931.2830810546875,720572,,
2023-10-26,933.2888491380965,933.2888491380965,916.7645567413837,920.585205078125,652068,,
2023-10-27,925.2655795905093,946.9477718964608,920.1554271463398,942.9838256835938,783105,,
2023-10-30,939.0198590291417,945.4672033540859,929.4204913605854,934.339599609375,537204,,
2023-10-31,935.0559463711204,953.0607285773581,935.0559463711204,947.3775024414062,502123,,
2023-11-01,951.3414796201512,953.6816384937702,929.4682435665248,930.9487915039062,431560,,
2023-11-02,957.1202784942196,962.3259241854887,933.5755650552675,946.7090454101562,2797429,,
2023-11-03,950.4339694553472,977.2262528263332,941.3121836981778,974.9338989257812,1055527,,
2023-11-06,980.760530433501,983.8170026378715,973.2624726673243,979.232177734375,746619,,
2023-11-07,981.4768232766883,981.4768232766883,964.9524729681809,975.5547485351562,467035,,
2023-11-08,981.9066899579949,981.95449470426,967.2927207262909,969.9671630859375,466572,,
2023-11-09,977.3582856167674,977.3582856167674,946.20989834641,948.273681640625,1182374,,
2023-11-10,948.2736872760964,949.8574678394323,936.8989756217403,944.8180541992188,748668,,
2023-11-13,948.3216166314162,948.3695993269516,937.8108284842426,941.3624267578125,1010989,,
2023-11-15,946.4498251526264,950.289378195842,941.650383848607,948.1776123046875,1256912,,
2023-11-16,947.3137771698123,948.3216481572813,935.2191495593885,940.49853515625,1180174,,
2023-11-17,942.5142653159381,963.391834071326,938.7706778284769,956.9605712890625,947219,,
2023-11-20,961.7601193232091,967.0874878116333,952.0172293859163,957.3926391601562,260372,,
2023-11-21,961.9521344141291,964.0158592166707,953.6010940428275,960.3203125,427198,,
2023-11-22,960.3201350137288,972.8466639620616,956.5765477018479,968.1431884765625,553643,,
2023-11-23,968.143290931582,973.1347216800064,960.9921701508894,970.3030395507812,459008,,
2023-11-24,970.3030889863613,974.958582510429,962.9599784591215,969.0072631835938,720428,,
2023-11-28,969.0072496422277,969.4392110994252,956.1447228441996,961.568115234375,1249480,,
2023-11-29,966.4155278545029,979.997970722075,958.5924733686896,960.9441528320312,2194759,,
2023-11-30,960.9440967009635,972.1268181674816,958.3044040325256,967.7593383789062,1837947,,
2023-12-01,972.3668320540395,987.7250446037577,967.5673906322526,984.2694702148438,1567362,,
2023-12-04,998.2838185445164,1002.1233716927645,986.8611244937056,999.963623046875,979451,,
2023-12-05,1002.1233077558086,1011.5302592383842,995.4521314559037,1004.0911254882812,767574,,
2023-12-06,1006.5388058794977,1006.5388058794977,988.7808730716454,997.035888671875,464434,,
2023-12-07,1000.6835714252348,1001.9314731080697,976.014429937461,978.2702026367188,781180,,
2023-12-08,978.1741927448624,985.7572754134679,974.9585902682986,980.5739135742188,563822,,
2023-12-11,985.0373247743543,1003.8031878743018,976.6863434492968,1001.2594604492188,809029,,
2023-12-12,1011.2422794016283,1022.2809943642469,985.0853243815102,990.220703125,1293038,,
2023-12-13,996.7001041759654,1007.594814162851,979.086175338716,1004.0432739257812,1354067,,
2023-12-14,1007.8827181862209,1009.0345372803163,998.283835155876,1002.6033325195312,898052,,
2023-12-15,1002.1234262429555,1004.8111604625802,993.4844311891369,1000.34765625,1045194,,
2023-12-18,1000.2036143757755,1008.458630368672,985.1813389592548,989.2608642578125,758159,,
2023-12-19,991.5645897648279,1015.5137553973475,986.0932734575484,1008.2186279296875,1062259,,
2023-12-20,1013.5460547345612,1026.408581076254,999.099689301647,1008.2186279296875,1526082,,
2023-12-21,1003.083348797393,1031.8799999590406,984.6535389234879,1029.8642578125,2398325,,
2023-12-22,1032.9836008613793,1034.9993424339018,1022.3288664004679,1031.1597900390625,1348188,,
2023-12-26,1036.6793436781977,1052.0375561771339,1031.1599860613924,1049.2059326171875,576355,,
2023-12-27,1058.0849428733136,1073.1551426401263,1053.4774320639879,1059.188720703125,1251336,,
2023-12-28,1066.4358999736658,1074.066965079629,1058.8048348677025,1067.875732421875,2301621,,
2023-12-29,1068.787664927092,1093.1209289873057,1063.556320149696,1085.82568359375,1158127,,
2024-01-01,1089.2812443528142,1103.0556174494882,1082.2259719024978,1098.880126953125,686392,,
2024-01-02,1102.9118933856457,1115.3904439635512,1090.721356229094,1112.65478515625,1201742,,
2024-01-03,1112.5106445502831,1126.4290262120423,1108.6710909884184,1121.24560546875,1503336,,
2024-01-04,1121.245528950655,1158.9211457053234,1120.237716513768,1153.7857666015625,1531104,,
2024-01-05,1153.7856956226708,1180.662567068124,1130.9403080244913,1170.919677734375,2079251,,
2024-01-08,1136.6998779087974,1136.6998779087974,1102.9118506758368,1128.2529296875,4764515,,
2024-01-09,1133.100151942232,1149.1303576357338,1110.7827478824465,1116.0621337890625,1429012,,
2024-01-10,1115.15017567728,1122.7333162954824,1086.401569427362,1095.5205078125,1508578,,
2024-01-11,1100.9920170811783,1122.493541111088,1099.2641710566604,1108.76708984375,815483,,
2024-01-12,1116.1581100388967,1121.0054754234402,1104.111465566347,1109.15087890625,912952,,
2024-01-15,1099.0720767066591,1114.718302484779,1084.9617659101882,1088.5133056640625,941288,,
2024-01-16,1088.5132747653888,1088.6572814375634,1072.579153260914,1077.7625732421875,1682153,,
2024-01-17,1057.4129093408123,1078.482527461419,1052.3255717441582,1056.3570556640625,1949800,,
2024-01-18,1055.6852089076815,1071.0913459598924,1032.4558415299643,1059.6207275390625,2486764,,
2024-01-19,1070.27531914071,1108.1428609170005,1068.8354868728077,1103.1514892578125,1538601,,
2024-01-23,1098.1120729415456,1110.9265566516792,1079.7301909431126,1085.0576171875,1998376,,
2024-01-24,1091.8249046449243,1122.109427509267,1079.874342128251,1116.68603515625,1406219,,
2024-01-25,1116.6859154222766,1121.5333977078387,1075.3147573856597,1110.878662109375,1713542,,
2024-01-29,1119.0379324750033,1133.6281891405388,1110.3508956717342,1121.24560546875,2800570,,
2024-01-30,1132.8120398022747,1132.8120398022747,1108.574863669343,1124.7969970703125,2259825,,
2024-01-31,1127.8686708134087,1127.8686708134087,1104.0154717207643,1117.5018310546875,1918126,,
2024-02-01,1163.432770741659,1261.581358684337,1161.4649526713017,1204.22802734375,8781324,,
2024-02-02,1206.5795652012998,1211.043069127867,1183.7341773199882,1187.23779296875,1527367,,
2024-02-05,1191.2694984532823,1193.1412338895134,1160.1210508040556,1169.575927734375,2290338,,
2024-02-06,1168.2320445211913,1189.7814889192862,1161.9447295980606,1187.4298095703125,753495,,
2024-02-07,1198.9002676780835,1199.284246362709,1185.2218619019325,1188.29345703125,710759,,
2024-02-08,1194.2451103693145,1194.2451103693145,1165.688432045718,1168.328125,712653,,
2024-02-09,1168.3281118316486,1173.991476449959,1150.474212213239,1169.7679443359375,701591,,
2024-02-12,1178.7429457171834,1178.7429457171834,1147.0666287720148,1151.2901611328125,686352,,
2024-02-13,1149.9461851219332,1155.849521610546,1143.226967011872,1149.8502197265625,793689,,
2024-02-14,1127.868657485805,1157.6732335595464,1127.868657485805,1152.4417724609375,1451119,,
2024-02-15,1158.1050419555984,1185.4138126937162,1154.6014268066663,1182.3902587890625,996351,,
2024-02-16,1180.6626637712397,1195.8289464843533,1179.7987408263891,1191.557373046875,803539,,
2024-02-19,1185.4619165436038,1190.4532882700364,1173.7992515817043,1180.6624755859375,690704,,
2024-02-20,1185.4620339515657,1199.2844487133848,1169.8158080104329,1178.3109130859375,937389,,
2024-02-21,1178.4548589083847,1199.8604155920953,1175.4792285124902,1186.5179443359375,875759,,
2024-02-22,1192.9970751714397,1211.0430209457554,1173.5593383192245,1205.95556640625,656729,,
2024-02-23,1209.651183533287,1214.2586942228083,1187.1418498656587,1200.772216796875,520711,,
2024-02-26,1200.7722218424294,1206.8195650011041,1189.3975689238414,1202.4520263671875,399577,,
2024-02-27,1204.6117479347079,1219.058113392088,1191.7012974616357,1215.2666015625,871412,,
2024-02-28,1225.7771990609078,1227.1210659402238,1180.7104961294222,1184.550048828125,639686,,
2024-02-29,1184.5019195234668,1213.1545559734436,1176.8708559714378,1207.251220703125,1041829,,
2024-03-01,1210.227309680215,1231.2968126351375,1209.027449211851,1216.6104736328125,1127238,,
2024-03-04,1228.657079455121,1229.0410582272248,1192.3732532079139,1203.1719970703125,479196,,
2024-03-05,1209.5074522971745,1214.3068944043434,1191.5095443952914,1194.7730712890625,391674,,
2024-03-06,1198.6124923690966,1201.3002265213117,1172.0236329065294,1190.405517578125,458427,,
2024-03-07,1190.453353613259,1192.1811993223998,1178.8867705747114,1184.7420654296875,576176,,
2024-03-11,1196.452633984869,1210.4670958417878,1185.3659952644575,1188.629638671875,661051,,
2024-03-12,1193.8610977306612,1193.8610977306612,1159.9769931727585,1163.7205810546875,615456,,
2024-03-13,1156.809300099435,1184.5500928123943,1137.7555425593946,1148.0743408203125,1206909,,
2024-03-14,1137.5157437250298,1181.2866293460843,1129.3566926948863,1178.1669921875,883209,,
2024-03-15,1168.183962696229,1174.711249455939,1155.417402512094,1164.056396484375,1283320,,
2024-03-18,1164.008386013399,1197.3164578767833,1155.4653580621168,1191.89306640625,1091124,,
2024-03-19,1199.2843940456603,1204.0357939782014,1147.7383251005542,1156.0413818359375,1537489,,
2024-03-20,1153.3057543517687,1170.4877777889517,1138.4274861932563,1166.4561767578125,1164641,,
2024-03-21,1166.456347403526,1185.4621847656767,1166.456347403526,1182.24658203125,616794,,
2024-03-22,1187.3336803182788,1194.5808832088949,1161.4647398013362,1172.6474609375,1242316,,
2024-03-26,1153.449910017965,1161.6089613523447,1144.714949082993,1150.9542236328125,1540513,,
2024-03-27,1151.817957628586,1190.2615322119134,1148.170452269677,1185.5101318359375,1096345,,
2024-03-28,1186.373812561008,1208.979227276814,1171.3036141997081,1201.588134765625,1334466,,
2024-04-01,1201.7801164167306,1220.449896435609,1173.3194057201724,1179.0787353515625,901422,,
2024-04-02,1180.662572787634,1184.4540845867978,1154.26564534726,1160.64892578125,704958,,
2024-04-03,1160.6006664769843,1160.6006664769843,1132.859877234219,1141.69091796875,1169930,,
2024-04-04,1150.8101203404872,1153.2577652310208,1126.1409204252934,1130.3165283203125,685423,,
2024-04-05,1133.2439674948437,1167.3199980538825,1128.204554524845,1161.5606689453125,1654663,,
2024-04-08,1180.6625042732446,1228.0810055219165,1168.0399508131136,1196.212646484375,2041460,,
2024-04-09,1196.2125887711247,1199.0922532767595,1171.2554963889572,1188.005615234375,576031,,
2024-04-10,1188.0058030270866,1189.541600904758,1167.22419745829,1180.806640625,568929,,
2024-04-12,1180.8066040293627,1185.413997519585,1145.4347439581315,1151.6259765625,1580342,,
2024-04-15,1133.5798960060338,1151.5298752241615,1123.5491114237343,1130.17236328125,935415,,
2024-04-16,1130.1724490550932,1143.0349750406654,1125.0849944602332,1130.0284423828125,808868,,
2024-04-18,1131.2283479653233,1146.5385192969209,1111.6946447296723,1116.110107421875,1102121,,
2024-04-19,1116.0621174214207,1128.3006936618178,1094.3207404275747,1121.9654541015625,927227,,
2024-04-22,1127.820641952997,1142.7949922524742,1118.7977862262062,1137.947509765625,700862,,
2024-04-23,1146.4907283451337,1146.4907283451337,1128.9727650458922,1131.08447265625,680331,,
2024-04-24,1134.2038834189818,1172.1675089243272,1128.924498273674,1164.1524658203125,1017249,,
2024-04-25,1176.0549169471483,1180.6624269462332,1138.1393349435905,1153.5936279296875,872879,,
2024-04-26,1153.545586815594,1163.38444037487,1141.4989436368933,1154.2655029296875,792722,,
2024-04-29,1156.1853622663496,1172.1194833011689,1143.5148846179043,1169.19189453125,577131,,
2024-04-30,1175.8631256966867,1190.2614496848093,1167.6560341539125,1170.583740234375,1122951,,
2024-05-02,1178.694582888141,1204.275624998786,1168.6637987947179,1183.830078125,1148854,,
2024-05-03,1194.101300802062,1204.660074362209,1183.254513820719,1201.012451171875,728587,,
2024-05-06,1209.2674631728094,1219.0582780640877,1179.55884664322,1200.0045166015625,837606,,
2024-05-07,1220.6419392292871,1295.849161579519,1216.3224420240222,1269.3082275390625,8181717,,
2024-05-08,1266.0926566342948,1317.8785830971376,1256.8297111854804,1296.13720703125,2833714,,
2024-05-09,1288.1699946242836,1298.4407517357251,1267.4364324525834,1277.5152587890625,1053919,,
2024-05-10,1281.8348111879482,1282.506686103208,1260.8612760541962,1267.96435546875,621712,,
2024-05-13,1271.132053087951,1295.3692321254973,1258.7494708577588,1284.6185302734375,1132890,,
2024-05-14,1292.0652557297808,1300.7208851831176,1258.9415768310196,1263.9222412109375,985957,,
2024-05-15,1269.2415239268212,1273.7869163961907,1245.0636532258986,1249.12548828125,668668,,
2024-05-16,1253.5258793683663,1264.6476996370136,1237.9069516407599,1259.9088134765625,545707,,
2024-05-17,1259.956985309435,1259.956985309435,1247.577870841482,1252.5101318359375,447847,,
2024-05-21,1257.2491866181863,1258.167898416776,1229.3962343383985,1240.7115478515625,645796,,
2024-05-22,1247.5778890666832,1283.7962852129297,1241.4850195953582,1262.7132568359375,1187844,,
2024-05-23,1270.8854888935966,1285.2955225012367,1250.5760788315004,1276.639892578125,1121198,,
2024-05-24,1282.8293129264378,1282.8293129264378,1255.8951907498995,1267.2587890625,1227461,,
2024-05-27,1267.3070425786436,1291.96846579573,1267.3070425786436,1285.2469482421875,786120,,
2024-05-28,1291.049914812903,1300.0441300917353,1280.2182757738028,1287.2298583984375,798302,,
2024-05-29,1267.8871901594568,1281.3783910703419,1251.011088283234,1256.862060546875,427388,,
2024-05-30,1256.57223944221,1260.3438925150408,1224.7541406181788,1232.0557861328125,433156,,
2024-05-31,1247.3847957120092,1247.3847957120092,1217.8393894677731,1228.5743408203125,1385034,,
2024-06-03,1253.3324138057264,1272.7715162883944,1239.6478334378112,1263.5355224609375,825033,,
2024-06-04,1274.6571187874677,1312.9548356193532,1210.5373697626376,1304.105712890625,2052727,,
2024-06-05,1322.9161942053952,1418.8539232261046,1308.5545648205236,1379.8792724609375,5508364,,
2024-06-06,1380.0725697395696,1380.3143483957958,1330.7497238694098,1356.039794921875,1356564,,
2024-06-07,1356.0397916331526,1414.308447642369,1345.7884002452176,1380.9429931640625,1327582,,
2024-06-10,1382.9743311374032,1400.1890238802628,1363.1968783096295,1376.2529296875,771291,,
2024-06-11,1376.2525347253904,1395.7882032175248,1373.351190807391,1382.2001953125,625008,,
2024-06-12,1394.7244634818355,1395.5464873510589,1356.9103029936393,1370.2081298828125,784605,,
2024-06-13,1359.8117111170109,1366.146241754562,1344.2894725034746,1362.954833984375,873993,,
2024-06-14,1362.9547533028026,1372.5290941025974,1344.0960172149805,1347.142333984375,514175,,
2024-06-18,1347.142402246459,1362.6646407276787,1335.0534682442617,1357.4906005859375,973039,,
2024-06-19,1363.631713581905,1364.3570495997676,1341.194699985082,1346.0302734375,434087,,
2024-06-20,1346.0302808013153,1351.0108270397593,1311.4075274701916,1316.29150390625,1302617,,
2024-06-21,1323.9800819859806,1330.991663866476,1308.5062461117836,1312.2296142578125,1292944,,
2024-06-24,1311.7942265799581,1341.4363117666421,1276.010987483936,1335.391845703125,1034894,,
2024-06-25,1340.4209394382158,1340.4209394382158,1320.836867271099,1330.2662353515625,563754,,
2024-06-26,1330.2663680385613,1382.8290322520759,1325.1890154887956,1367.7420654296875,1980304,,
2024-06-27,1352.0747368035074,1363.341528474103,1311.3591139932298,1317.210205078125,6032650,,
2024-06-28,1321.0786801447223,1336.6976061602675,1314.2604742876101,1330.604736328125,624365,,
2024-07-01,1330.6049308602967,1355.8950075728035,1325.1891113599386,1352.074951171875,843562,,
2024-07-02,1373.0610763304676,1373.0610763304676,1320.4017288663392,1326.059326171875,498934,,
2024-07-03,1344.2895873666507,1344.7247418092227,1314.5024039637494,1323.0130615234375,490580,,
2024-07-04,1326.784587590103,1337.471133442835,1315.5176785132348,1318.999267578125,360720,,
2024-07-05,1322.8677892128483,1333.3609598620887,1315.2759625987524,1328.6221923828125,579386,,
2024-07-08,1335.0535862697875,1392.3551385059513,1327.1716950483526,1379.105712890625,2471142,,
2024-07-09,1393.6121707423188,1393.6121707423188,1342.3550957601237,1365.7109375,1317184,,
2024-07-10,1353.9604974342074,1407.1033997361053,1353.9120944797614,1396.6102294921875,1822861,,
2024-07-11,1402.8965905706277,1407.1519189539213,1386.40735541236,1393.515625,1142834,,
2024-07-12,1401.1074750501525,1410.5368437347006,1389.792279851094,1396.4169921875,697411,,
2024-07-15,1402.2678827889226,1411.69725091721,1386.939138724905,1389.45361328125,521240,,
2024-07-16,1392.5967151393293,1423.592787385992,1387.3259874356015,1404.975830078125,1150984,,
2024-07-18,1392.6451730720014,1422.3839502053097,1392.6451730720014,1417.0648193359375,1177235,,
2024-07-19,1417.790348298486,1428.3802085207396,1388.7285002804683,1404.154052734375,1206553,,
2024-07-22,1404.1054645666675,1429.5889134997994,1393.3705149238979,1421.8037109375,917335,,
2024-07-23,1420.6914319628008,1474.849852786434,1410.3433523492522,1466.82275390625,2713959,,
2024-07-24,1466.822919514873,1469.8693546413515,1406.1848708617367,1411.06884765625,1464579,,
2024-07-25,1399.511607666679,1436.648834402105,1395.6915519635356,1431.4263916015625,600745,,
2024-07-26,1431.4265896467577,1431.4265896467577,1413.051408475282,1419.240966796875,281948,,
2024-07-29,1426.397362224029,1455.5074883804411,1381.7165963982955,1429.2987060546875,1613938,,
2024-07-30,1428.4284015843534,1429.2988284192663,1389.985592536975,1392.4517822265625,873206,,
2024-07-31,1400.3820648696426,1404.6856779985371,1386.5522776419725,1393.3704833984375,708336,,
2024-08-01,1394.0474399848163,1436.1653324795952,1389.0184907567802,1421.900390625,994920,,
2024-08-02,1419.2406664504374,1441.919456453437,1399.6081929732281,1411.165283203125,1637737,,
2024-08-05,1379.5892291265948,1431.2814667249552,1379.5892291265948,1414.06689453125,1000471,,
2024-08-06,1418.9504561793713,1449.5596560669205,1412.2290571104306,1429.9755859375,1712241,,
2024-08-07,1445.3044295507216,1459.375994814569,1433.7474568009266,1454.3470458984375,705418,,
2024-08-08,1454.3470532977256,1455.4591406969223,1384.9565773794486,1415.7591552734375,2786418,,
2024-08-09,1427.3647215083097,1427.3647215083097,1394.6279099519397,1397.2874755859375,439759,,
2024-08-12,1397.2871617390895,1397.4805374284538,1344.289236695883,1346.8037109375,1775237,,
2024-08-13,1351.0594656054475,1355.8466369619591,1337.0363000712464,1342.8389892578125,612043,,
2024-08-14,1343.2738370352533,1346.9005169488328,1313.4867768453128,1326.0108642578125,1496512,,
2024-08-16,1324.9432375890192,1367.6034504809923,1320.7209147053084,1363.8179931640625,539291,,
2024-08-19,1370.5154670746163,1372.0686089440576,1345.3756122742598,1362.4591064453125,371436,,
2024-08-20,1362.798829526094,1371.4376777128732,1338.0957215000774,1353.09228515625,839795,,
2024-08-21,1353.0923956227539,1363.1386461681004,1347.2684685253819,1350.423095703125,1228308,,
2024-08-22,1362.7987674822937,1402.1102703904369,1350.665587572373,1398.0335693359375,1636721,,
2024-08-23,1401.6249693296572,1403.5662781514434,1382.9884520357443,1386.4342041015625,638437,,
2024-08-26,1395.801108169359,1416.4760954839337,1380.3676786164604,1412.0595703125,833098,,
2024-08-27,1412.3993527618322,1418.36890169155,1393.0833043294567,1413.6126708984375,450900,,
2024-08-28,1419.0968236106703,1455.9331130526593,1407.5945919322382,1434.1419677734375,578675,,
2024-08-29,1441.1304691919308,1441.4217128927978,1408.4194649208416,1433.365234375,559455,,
2024-08-30,1432.6859207894518,1443.7998664789316,1422.154344053082,1437.7332763671875,1311589,,
2024-09-02,1444.9646702787263,1448.0707169076486,1421.6689650975577,1426.9105224609375,295844,,
2024-09-03,1426.861976102548,1436.3258565562894,1413.4668979112487,1417.8834228515625,901067,,
2024-09-04,1412.3021382038116,1435.5492634614857,1407.060580797397,1432.0064697265625,517446,,
2024-09-05,1436.5683678352043,1440.4024049352106,1410.360701665238,1414.9227294921875,533903,,
2024-09-06,1410.8463116150865,1412.7876206093968,1375.5144642210175,1401.0911865234375,1537112,,
2024-09-09,1402.5472136335486,1483.4027832570312,1383.3283250611132,1448.26513671875,2093470,,
2024-09-10,1455.9815953660632,1467.5324063869177,1438.218572507363,1458.942138671875,1399345,,
2024-09-11,1460.8348353908293,1496.6034254368353,1451.3223751139813,1455.9329833984375,1299900,,
2024-09-12,1464.4261351128175,1489.9543912970466,1457.4374713566876,1469.0367431640625,1397079,,
2024-09-13,1475.3947218281814,1475.3947218281814,1434.6272360934554,1447.5369873046875,2359062,,
2024-09-16,1432.686055703492,1432.686055703492,1374.6408686530567,1413.6126708984375,1635007,,
2024-09-17,1417.155489086317,1438.2186431384594,1406.6239120602459,1416.5731201171875,1373125,,
2024-09-18,1416.573012265037,1421.6689477110963,1384.395796179446,1390.1226806640625,632328,,
2024-09-19,1397.0628904790544,1414.0978036814324,1387.599010315039,1402.449951171875,736187,,
2024-09-20,1411.331424926631,1426.327987239182,1398.1790110886507,1413.8551025390625,1885327,,
2024-09-23,1420.8924822989288,1421.9601784883182,1399.7322865401766,1406.76953125,518082,,
2024-09-24,1404.245711210981,1418.3202003931128,1387.4048806113583,1403.906005859375,1514391,,
2024-09-25,1403.5663394551082,1404.4884137904953,1366.7785119778573,1387.59912109375,1325119,,
2024-09-26,1387.5505543844122,1389.977190541083,1365.9049124716705,1380.5618896484375,540524,,
2024-09-27,1368.622864231074,1368.622864231074,1304.1229191949983,1347.8994140625,5207179,,
2024-09-30,1347.9961992978724,1365.7106408007967,1336.591010932976,1352.509765625,1190628,,
2024-10-01,1354.0627809397793,1373.9611945664928,1328.87434864656,1347.5108642578125,1233644,,
2024-10-03,1310.6745891902349,1347.2682100358923,1298.784073647771,1308.830322265625,2342173,,
2024-10-04,1308.4421514400708,1317.3236630350746,1293.9793769587313,1303.83154296875,1760338,,
2024-10-07,1303.8317453778243,1315.7708439311887,1286.1172995537818,1293.2515869140625,1211273,,
2024-10-08,1279.322465858585,1303.6858669660144,1262.0933507076063,1266.2672119140625,2892445,,
2024-10-09,1269.6159838684825,1310.9173769163203,1264.7627117588936,1294.2706298828125,4702906,,
2024-10-10,1305.4331995207715,1315.576491174796,1274.663382221065,1278.1092529296875,958975,,
2024-10-11,1286.1170992708069,1286.1170992708069,1272.5279374671907,1277.0899658203125,1260411,,
2024-10-14,1283.2051076094558,1288.8349504843682,1268.305586373786,1274.0809326171875,1117318,,
2024-10-15,1281.0698246233885,1306.6465463644433,1275.4399812682148,1303.0550537109375,1817397,,
2024-10-16,1307.6170080640052,1326.4961874407938,1298.0075064721484,1321.060546875,1104389,,
2024-10-17,1321.0607362525711,1324.7977322717577,1288.0584842080543,1307.7628173828125,973342,,
2024-10-18,1310.3834815751625,1319.0707913355545,1293.8823562516234,1296.93994140625,658127,,
2024-10-21,1296.9400604878558,1303.297776500467,1270.1014393144658,1274.9547119140625,413489,,
2024-10-22,1282.2344296711644,1293.785240433949,1258.016650404554,1261.46240234375,401153,,
2024-10-23,1261.8508234350447,1267.6747503124373,1246.902720752118,1254.42529296875,801772,,
2024-10-24,1256.997444702906,1260.2491132367597,1202.3495547310126,1218.268310546875,2392142,,
2024-10-25,1250.202917019603,1289.8541271420554,1237.5844093167655,1253.3575439453125,3223478,,
2024-10-28,1252.1443667232559,1272.916397744813,1239.0405303273149,1258.5992431640625,911104,,
2024-10-29,1253.9397706449993,1259.957898574881,1231.517679353015,1240.7874755859375,891549,,
2024-10-30,1246.9513112550958,1265.7334518934724,1230.110479592016,1261.8994140625,790627,,
2024-10-31,1275.3949311982387,1285.9671701835075,1244.5063132919188,1250.3040771484375,858307,,
2024-11-01,1254.7859234096131,1260.3887337839913,1218.0022552995663,1242.459716796875,40519,,
2024-11-04,1242.3625932967311,1249.670608551418,1232.6673406370712,1239.5855712890625,409220,,
2024-11-05,1245.2856482909674,1247.7704207542736,1224.336007102974,1233.83642578125,499852,,
2024-11-06,1237.4905947513644,1249.9142208010335,1233.6417542592994,1242.5087890625,518986,,
2024-11-07,1242.5088528190925,1280.3643503473256,1223.3618279003556,1226.2850341796875,589272,,
2024-11-08,1227.7952525144653,1230.1337220910468,1210.9868184958548,1219.025634765625,878571,,
2024-11-11,1218.0023493173771,1218.0023493173771,1181.4622788378558,1189.5985107421875,555580,,
2024-11-12,1189.5986246054083,1190.962811156326,1142.1452961121931,1146.091552734375,2993508,,
2024-11-13,1145.9454509696072,1159.0023418302965,1136.4450320392334,1153.594482421875,1208369,,
2024-11-14,1154.0331169925203,1163.728489369511,1132.4988541169878,1145.0198974609375,1131043,,
2024-11-18,1145.019597800679,1161.2434125007476,1133.6191436576792,1151.4019775390625,1161297,,
2024-11-19,1160.5126614087076,1168.1616925247695,1146.8710348262375,1154.9586181640625,983651,,
2024-11-21,1154.7152584646174,1165.2874974813915,1139.6120258847777,1148.5277099609375,4373152,,
2024-11-22,1154.227804311332,1169.184849506946,1143.9478168120186,1161.7794189453125,719207,,
2024-11-25,1164.4103824375802,1208.1610557425468,1164.4103824375802,1187.503662109375,2884421,,
2024-11-26,1199.440033325232,1214.6894476388468,1187.7959775956035,1208.3558349609375,603291,,
2024-11-27,1218.0023816096466,1232.7645942638644,1209.2815321355395,1229.305419921875,857354,,
2024-11-28,1227.9899537230347,1249.0857779470596,1212.107155701902,1219.2203369140625,1901104,,
2024-11-29,1208.2584357876235,1223.410433911407,1204.3608279302439,1212.7894287109375,652041,,
2024-12-02,1193.6425605449938,1212.1562002595692,1188.4781818884903,1195.737548828125,565888,,
2024-12-03,1195.7374256601317,1201.43765351177,1184.0932505138321,1198.952880859375,859907,,
2024-12-04,1199.0015381753662,1206.7967533768315,1186.77274674985,1197.052734375,701640,,
2024-12-05,1203.045283724587,1218.0023285298253,1184.4828806595765,1212.88671875,408507,,
2024-12-06,1218.976826845609,1222.874434605307,1199.0990034820384,1203.8248291015625,842156,,
2024-12-09,1140.0015475669763,1140.0015475669763,1073.4499637794586,1098.979248046875,11231379,,
2024-12-10,1101.074138028114,1107.6025831267004,1094.0584919834976,1104.8255615234375,2182449,,
2024-12-11,1107.7975446425623,1112.377185997418,1093.8149011572873,1106.238525390625,1927111,,
2024-12-12,1110.8181985075803,1113.4978038109978,1080.6117387236022,1082.657958984375,2776408,,
2024-12-13,1083.681176184751,1088.699370126123,1069.2599794310988,1082.9990234375,2883674,,
2024-12-16,1091.3300522992315,1099.1252669585117,1081.634801644966,1083.8758544921875,1658829,,
2024-12-17,1084.1684004243634,1086.701821815005,1057.2261615505763,1061.4161376953125,1829849,,
2024-12-18,1066.872734703801,1076.4218025884231,1061.4161074917952,1063.8033447265625,885061,,
2024-12-19,1052.354242867469,1060.149459481302,1048.1156176228105,1050.8438720703125,1920445,,
2024-12-20,1056.202981576794,1056.202981576794,1039.6869155481359,1042.2203369140625,1948622,,
2024-12-23,1047.2872076571612,1051.0872799033198,1038.420055228007,1046.2640380859375,972130,,
2024-12-24,1047.4820762326688,1054.2541220775352,1043.2434516202788,1050.21044921875,1226815,,
2024-12-26,1053.815684303731,1055.4234712727766,1036.1302655353215,1043.779296875,1017426,,
2024-12-27,1046.5077978438894,1052.208026026273,1032.8661691941554,1040.466552734375,714897,,
2024-12-30,1042.561260197565,1045.582001229139,1028.042767115429,1033.4019775390625,2904152,,
2024-12-31,1033.402042506332,1058.638958022314,1033.402042506332,1054.3516845703125,726636,,
2025-01-01,1058.2004942742124,1068.7727314085605,1049.5770609967226,1051.9156494140625,165498,,
2025-01-02,1057.8595744950978,1067.7010110865235,1043.1461278142972,1065.4598388671875,762657,,
2025-01-03,1071.8422226077514,1093.2790670599065,1062.439219320308,1088.0660400390625,5833891,,
2025-01-06,1093.473707416287,1127.9675566614678,1082.7552870768293,1112.6207275390625,3658539,,
2025-01-07,1106.9695002720136,1137.565629590353,1105.9463305377844,1124.26513671875,2428244,,
2025-01-08,1123.4855371621622,1129.5755498310812,1106.5796857823552,1126.65234375,1049530,,
2025-01-09,1123.582954166401,1167.772062326194,1120.9521162702688,1150.8662109375,1276198,,
2025-01-10,1150.9637581130348,1159.1001111238131,1137.760680507202,1144.240478515625,823035,,
2025-01-13,1135.1784438362813,1149.7944753019844,1126.6524254812878,1129.33203125,1101936,,
2025-01-14,1132.2062325058623,1134.9346053857153,1101.1229072615208,1111.256591796875,1426008,,
2025-01-15,1110.8183463974253,1113.6927848910177,1097.3229016798675,1099.8563232421875,1173420,,
2025-01-16,1101.171766861146,1123.972799323134,1097.6151754798962,1120.172607421875,610940,,
2025-01-17,1123.4854785916782,1166.7975988568219,1119.5878706867634,1157.345947265625,2774043,,
2025-01-20,1162.2667692540451,1163.3872364130975,1130.3063356337636,1136.7861328125,942639,,
2025-01-21,1142.4862749230629,1149.2096720997797,1125.9214419391037,1129.2830810546875,1624667,,
2025-01-22,1133.278384163239,1138.5888279090213,1108.4311311793451,1123.485595703125,1902732,,
2025-01-23,1112.0361698337938,1136.201384563712,1092.1583472586087,1115.885009765625,893059,,
2025-01-24,1116.615930700853,1118.5647347119861,1096.5920408537932,1101.415283203125,377449,,
2025-01-27,1088.4557019694503,1103.412747510188,1069.4060970362805,1097.8099365234375,1477851,,
2025-01-28,1097.8099646345843,1108.5283859271776,1082.6093182269253,1097.0303955078125,1578549,,
2025-01-29,1088.9428484922012,1094.1071069936474,1080.0270476654994,1089.5274658203125,758944,,
2025-01-30,1089.5276354280602,1097.176667446636,1082.9990705688137,1089.86865234375,2106354,,
2025-01-31,1083.5348784141584,1107.2128914109574,1083.5348784141584,1092.548095703125,2349882,,
2025-02-01,1097.9561136955256,1183.4111131518193,1089.9172979824727,1161.1947021484375,2796848,,
2025-02-03,1149.7951270158362,1162.3689227666798,1115.0581155585205,1130.7142333984375,1300237,,
2025-02-04,1136.24280656232,1136.24280656232,1102.777899450837,1110.8505859375,1337886,,
2025-02-05,1116.6727689985455,1116.6727689985455,1092.0144265013967,1094.705322265625,1449207,,
2025-02-06,1094.705279808255,1107.964104383726,1091.7697572702216,1095.5369873046875,428067,,
2025-02-07,1095.928358651457,1097.934346729459,1071.0253914947136,1082.963134765625,478210,,
2025-02-10,1088.3447968682883,1144.8535961662371,1056.7879349226805,1067.796142578125,690083,,
2025-02-11,1071.5147233878718,1083.1588674905558,1041.3766435478506,1048.2261962890625,599851,,
2025-02-12,1048.226208407905,1058.3537376172974,1030.9555263356906,1049.6939697265625,709401,,
2025-02-13,1049.6940304512543,1054.3909147213615,1026.4544748947712,1030.1728515625,898637,,
2025-02-14,1035.3097721158156,1050.916916911378,1024.9864715685926,1036.1414794921875,690182,,
2025-02-17,1036.0437480461176,1036.0437480461176,1011.3852883475472,1016.9138793945312,477531,,
2025-02-18,1017.5498972483774,1022.0020343732981,984.3784715830274,993.7232055664062,959493,,
2025-02-19,993.7232422562396,1004.8293377969936,975.7676541967988,1002.4808959960938,2757447,,
2025-02-20,998.0776640290043,1057.6198223515871,997.1480699462662,1051.504150390625,2578907,,
2025-02-21,1051.8955906651126,1056.690301432837,1024.839833676336,1029.5855712890625,1656549,,
2025-02-24,1025.6225527513277,1029.1941286421438,1012.9997834321157,1022.1488037109375,1464427,,
2025-02-25,1025.231227834988,1041.5234015152666,1018.968755977958,1034.3802490234375,1746207,,
2025-02-27,1034.3801789396384,1044.7523337940177,1018.1369795133419,1028.802734375,1348747,,
2025-02-28,1017.6968119408906,1032.3254518447416,977.8714835050089,983.546875,2316444,,
2025-03-03,984.3785506431938,992.9404913172773,968.7224305534412,976.8929443359375,693968,,
2025-03-04,968.7224141433667,975.6697934261629,958.4480855085127,968.967041015625,935737,,
2025-03-05,968.9670006571738,984.2806661120646,965.4443977327154,970.0433349609375,1621637,,
2025-03-06,976.5504714451689,1015.4461440302846,976.5504714451689,1008.1563110351562,1863854,,
2025-03-07,998.1754034501564,1030.7597485824374,995.3377677428643,1022.8338623046875,607186,,
2025-03-10,1019.6047526977071,1040.3490626514529,1014.6143886419834,1021.561767578125,793821,,
2025-03-11,1002.9702561473616,1027.4329453216876,1002.9702561473616,1016.816162109375,721342,,
2025-03-12,1016.91390150234,1024.3995076351207,1006.7373997918527,1020.9747314453125,436216,,
2025-03-13,1022.5403481752643,1022.5403481752643,998.4201141591071,1003.7530517578125,631099,,
2025-03-17,1003.0679964859465,1038.5878658816675,1002.6277158974789,1029.6834716796875,1266046,,
2025-03-18,1029.6834716796875,1029.6834716796875,1029.6834716796875,1029.6834716796875,0,,
2025-03-19,1061.7785030766831,1063.6376912838189,1041.4744717113297,1051.210693359375,1274199,,
2025-03-20,1051.8466269716967,1080.9572261380056,1051.8466269716967,1077.8260498046875,1422712,,
2025-03-21,1081.7400658616543,1096.4666518503989,1070.4872293556307,1088.0513916015625,1775108,,
2025-03-24,1092.0143015245824,1096.026158133673,1074.8904213483456,1082.5228271484375,880326,,
2025-03-25,1087.9535157824564,1110.50816093438,1074.009784217656,1105.566650390625,2339818,,
2025-03-26,1105.664506894188,1114.3732475732907,1079.5384043035965,1106.007080078125,2080701,,
2025-03-27,1109.5785306181701,1125.2836237544734,1091.5740881954714,1119.9508056640625,3571049,,
2025-03-28,1031.3958958769913,1144.5113409314017,1031.3958958769913,1134.3348388671875,1494348,,
2025-04-01,1125.9686201359343,1138.5913917580497,1116.9663982137342,1119.021240234375,637877,,
2025-04-02,1124.6474252543303,1139.1782358538608,1111.5843757142816,1137.66162109375,728473,,
2025-04-03,1124.2560423168836,1151.409622977619,1114.470968204907,1137.0745849609375,927323,,
2025-04-04,1144.3645927167104,1148.2296498044007,1118.385169190583,1131.7418212890625,893054,,
2025-04-07,1133.1116620871446,1152.2903848099847,1100.8698883927977,1135.16650390625,5114215,,
2025-04-08,1153.1709312172916,1178.612122741814,1147.8869675497815,1171.5179443359375,2006049,,
2025-04-09,1171.5180204417052,1222.1557799387679,1170.5395130118102,1215.648681640625,3686650,,
2025-04-11,1257.6757424676205,1258.3606499416235,1181.743464612059,1197.3017578125,1327101,,
2025-04-15,1208.1631334158835,1212.3707633433796,1177.535921070475,1190.15869140625,1563410,,
2025-04-16,1192.6049213913798,1220.003129843263,1185.559596121441,1217.850341796875,779550,,
2025-04-17,1205.716808325315,1218.535351224803,1188.2994477269453,1212.664306640625,1217599,,
2025-04-21,1218.2416080685919,1218.437261753058,1184.9723593341887,1187.32080078125,769474,,
2025-04-22,1198.6717319798338,1220.5903246825235,1187.908149080423,1204.9342041015625,1281722,,
2025-04-23,1204.9340920054424,1242.8022823590413,1204.9340920054424,1241.2366943359375,1908019,,
2025-04-24,1247.5970374241442,1247.5970374241442,1199.6501708878438,1240.649658203125,2200361,,
2025-04-25,1237.812145788868,1253.468267790941,1228.4184964769709,1239.2799072265625,1485280,,
2025-04-28,1239.8667881353979,1243.291564271525,1218.9267044423073,1238.692626953125,466160,,
2025-04-29,1239.7689090082615,1251.5109981227833,1221.3729216168279,1235.561279296875,1089795,,
2025-04-30,1232.9195596830375,1248.2820810210321,1213.0558078872311,1233.4088134765625,1344364,,
2025-05-02,1232.9194213721692,1251.5110634404798,1227.1462033668774,1231.45166015625,306189,,
2025-05-05,1236.8334312300956,1260.2197834472854,1231.745240209416,1234.9742431640625,1604829,,
2025-05-06,1240.2581402001101,1244.6614235380987,1221.5686725882108,1223.9171142578125,1155139,,
2025-05-07,1207.0868761718916,1227.1462807205746,1185.4618834502166,1220.10107421875,1800027,,
2025-05-08,1218.3396851924772,1245.052988177922,1209.924544437934,1213.9364013671875,1119558,,
2025-05-09,1174.2090318274195,1218.4375242475644,1169.512147921422,1215.4041748046875,649047,,
2025-05-12,1254.4465942619474,1265.1123497249682,1230.5709877673069,1261.785400390625,1386761,,
2025-05-13,1270.1350248179742,1272.09965749364,1241.6478510208194,1243.9072265625,895398,,
2025-05-14,1243.6124073332073,1264.633999654346,1236.9326086814476,1259.3294677734375,1102055,,
2025-05-15,1252.5516870406118,1275.4397083931224,1247.8366400064317,1267.5811767578125,734151,,
2025-05-16,1267.6791729165666,1281.9227591291121,1259.5258997405847,1276.52001953125,912957,,
2025-05-19,1279.958259609103,1285.06625688616,1267.188146504791,1268.66162109375,915695,,
2025-05-20,1274.0644465000348,1278.3866628991782,1235.3611540580991,1238.504638671875,664154,,
2025-05-21,1237.718662261963,1269.3492023328786,1233.7893966674806,1257.364990234375,762035,,
2025-05-22,1262.276469846315,1262.276469846315,1233.0033955770439,1241.6478271484375,234851,,
2025-05-23,1241.6478501854992,1260.6066034575852,1238.1115353540122,1254.8109130859375,312877,,
2025-05-26,1256.186244943672,1268.3668722255818,1254.5162351370648,1261.785400390625,269355,,
2025-05-27,1261.0977677131057,1261.0977677131057,1236.5398591652704,1247.1488037109375,847346,,
2025-05-28,1252.453390277502,1257.1685568879197,1228.3866388564834,1236.736328125,232166,,
2025-05-29,1237.7186751907882,1239.5851003499974,1202.3552844710514,1224.064453125,1471954,,
2025-05-30,1224.064515702857,1229.3690485643356,1205.302295316372,1209.62451171875,1382707,,
2025-06-02,1234.6735521846656,1278.288425918121,1234.6735521846656,1243.7108154296875,2571867,,
2025-06-03,1241.7460285387529,1246.2646596007978,1213.16064778383,1216.5987548828125,892994,,
2025-06-04,1218.170562969789,1220.1351958009352,1198.5242346583284,1205.4986572265625,683760,,
2025-06-05,1212.1783556850912,1212.6695138519005,1188.7009713292796,1193.4161376953125,1088686,,
2025-06-06,1198.4260061318619,1199.997688387078,1184.9683194375082,1188.7010498046875,878031,,
2025-06-09,1194.4967991130252,1202.9446965717855,1185.3612081946121,1196.0684814453125,750227,,
2025-06-10,1202.8464903252316,1202.8464903252316,1187.7187930468501,1192.4339599609375,585966,,
2025-06-11,1196.5595382582626,1212.1783924184344,1194.4966978774848,1202.1588134765625,893989,,
2025-06-12,1203.3375694776164,1204.2216782048722,1178.8778675524316,1182.6107177734375,645386,,
2025-06-13,1149.3101148516478,1173.2786574684933,1139.4869514768475,1167.7777099609375,952711,,
2025-06-16,1169.9387703327218,1173.6716204193556,1154.5164516355703,1166.9918212890625,1436358,,
2025-06-17,1168.9564499142618,1177.9937123186817,1158.3473854293663,1174.4573974609375,1402108,,
2025-06-18,1168.8582258149786,1181.0389722972895,1160.7049523059732,1175.439697265625,988611,,
2025-06-19,1173.3769003709956,1184.4771232826627,1166.2059429272936,1172.8857421875,698066,,
2025-06-20,1171.1176015609406,1174.9486596257698,1160.213913154637,1168.3671875,3630336,,
2025-06-23,1167.9740513541778,1171.313950672593,1147.4436172176818,1150.2923583984375,1750263,,
2025-06-24,1160.1155984388147,1167.384763342779,1151.1765437202214,1153.04296875,1157475,,
2025-06-25,1157.6598005680344,1168.170537385786,1149.801269889592,1164.339599609375,1064107,,
2025-06-26,1170.0371018004846,1170.2336370378578,1151.962455104352,1163.357421875,790228,,
2025-06-27,1162.08031020635,1165.7148329498505,1149.3101969073793,1155.5970458984375,3293143,,
2025-06-30,1161.0979604914428,1161.9820692152673,1150.4888956288844,1157.5616455078125,742606,,
2025-07-01,1160.1155606642772,1161.6872427759868,1142.1391242490156,1147.934814453125,539601,,
2025-07-02,1147.9349588279492,1161.3927658977507,1139.7818043866894,1153.828857421875,775759,,
2025-07-03,1157.9545919884638,1161.0979564269835,1148.8190017270365,1150.4888916015625,622284,,
2025-07-04,1150.488839441566,1177.6008661191977,1149.408315459292,1171.80517578125,654700,,
2025-07-07,1203.5338362377333,1249.408077620125,1203.5338362377333,1245.969970703125,7790654,,
2025-07-08,1230.3512123080204,1259.3295442545966,1230.056469442204,1254.8109130859375,2393198,,
2025-07-09,1249.5064747834897,1284.8698655792489,1249.5064747834897,1270.9210205078125,1944978,,
2025-07-10,1267.188103082107,1268.7597852741396,1259.6243150826397,1263.9464111328125,650984,,
2025-07-11,1261.3923805748327,1282.9051322729208,1257.3649075875487,1262.2764892578125,979619,,
2025-07-14,1265.223498834376,1266.5005580944503,1241.9426485673855,1244.201904296875,888983,,
2025-07-15,1245.8717952078925,1255.6949580813707,1238.8972536383983,1247.639892578125,856686,,
2025-07-16,1247.5417126634047,1247.6399203119913,1231.4317012104589,1242.4337158203125,922089,,
2025-07-17,1244.8895276654841,1260.3118460160592,1240.076153686676,1255.5966796875,506788,,
2025-07-18,1255.596698992845,1257.168501067639,1223.76974547653,1229.1724853515625,646598,,
2025-07-21,1229.1725707709356,1233.3964593834048,1214.5360322918275,1216.7952880859375,625660,,
2025-07-22,1218.170434088865,1227.6989742588187,1208.4454786212457,1220.4298095703125,920681,,
2025-07-23,1223.966227378613,1227.40433475889,1207.365056331513,1210.7049560546875,524821,,
2025-07-24,1211.883762096559,1217.483037834883,1200.3907075422085,1202.748291015625,604864,,
2025-07-25,1202.748228216773,1203.2393864184369,1188.7010556845187,1195.5772705078125,487767,,
2025-07-28,1193.514404296875,1214.634206512828,1184.4771415458786,1193.514404296875,1468450,,
2025-07-29,1193.317939251904,1194.3984632448892,1180.94065742348,1189.192138671875,789889,,
2025-07-30,1193.9073279030015,1198.5241668302453,1181.039007569586,1195.0860595703125,1893697,,
2025-07-31,1185.9506190093953,1243.121384624454,1183.7894510164253,1236.736328125,1600452,,
2025-08-01,1247.5417448662038,1267.18807155701,1234.8698401683012,1244.1036376953125,1565728,,
2025-08-04,1247.4436388423967,1247.4436388423967,1204.5163395787665,1227.30615234375,1763667,,
2025-08-05,1232.7087773065057,1232.7087773065057,1191.9426499155159,1197.8365478515625,1442317,,
2025-08-06,1197.8364570280414,1199.0151885612117,1166.9917028524724,1181.33349609375,1170361,,
2025-08-07,1175.832747862769,1203.3376074618982,1172.099897523933,1198.426025390625,1121402,,
2025-08-08,1193.7107472152204,1223.9661379148588,1161.9820019433967,1165.1253662109375,2018271,,
2025-08-11,1166.1076369673758,1181.8246975142508,1139.0939391524346,1178.779541015625,940924,,
2025-08-12,1178.7797158085173,1187.4241483557826,1168.3671856345434,1179.2708740234375,1119857,,
2025-08-13,1189.1351211793205,1190.121545999876,1169.2093879693796,1182.526123046875,886544,,
2025-08-14,1181.2436248937718,1184.5974930888403,1158.7530926804195,1168.814697265625,934906,,
2025-08-18,1184.6962333498834,1209.4554727619018,1182.7233836690343,1192.489013671875,1585452,,
2025-08-19,1193.1793208223542,1204.4245867468517,1187.8526032356792,1202.15576171875,1149699,,
2025-08-20,1194.5604690538694,1235.0038870812919,1194.5604690538694,1229.97314453125,1010033,,
2025-08-21,1235.990263341691,1235.990263341691,1203.7342208355567,1230.46630859375,1860416,,
2025-08-22,1229.6771001807133,1248.2219341121904,1225.5341642918333,1240.1331787109375,1481336,,
2025-08-25,1247.0382055974076,1252.6608993027207,1235.1024893932797,1244.5721435546875,992053,,
2025-08-26,1243.8816036272322,1250.8851952351229,1232.241743469256,1241.51416015625,1876432,,
2025-08-28,1245.75587566364,1263.1169276660664,1231.058122395354,1233.622802734375,1711790,,
2025-08-29,1239.9359866648053,1262.623757303859,1213.4011351825795,1225.7314453125,1808734,,
2025-09-01,1231.9458680199036,1248.4191128274515,1215.5712416026117,1239.7386474609375,1182160,,
2025-09-02,1233.0308674902942,1269.3313443944767,1230.1702117950824,1266.3720703125,1240114,,
2025-09-03,1273.3757802390762,1273.3757802390762,1250.2934161656888,1258.184814453125,1560468,,
2025-09-04,1291.2299830867976,1291.2299830867976,1224.744931609166,1228.394775390625,2797394,,
2025-09-05,1228.3948144861174,1235.793000262562,1203.5368380293557,1214.7821044921875,1501553,,
2025-09-08,1220.2074492565562,1227.2110410912373,1207.5811639445708,1213.203857421875,443869,,
2025-09-09,1219.1224210379487,1233.0309864828387,1208.468985149464,1228.000244140625,959107,,
2025-09-10,1232.0446398187116,1242.8953131878116,1218.727904320271,1239.1468505859375,954046,,
2025-09-11,1239.1466621723373,1252.8579896092886,1232.9322587992192,1249.306884765625,1998029,,
2025-09-12,1249.3069696319683,1249.3069696319683,1218.9250385889509,1232.7349853515625,1708052,,
2025-09-15,1226.126053713074,1242.6980388875036,1226.126053713074,1240.52783203125,740947,,
2025-09-16,1244.8679929839857,1247.3340547767432,1208.4688968402502,1212.7105712890625,1294534,,
2025-09-17,1218.2345161704873,1231.0580373933344,1206.8906320118147,1226.5205078125,1271749,,
2025-09-18,1225.7314369868013,1226.5206249950295,1211.9214897350935,1221.5885009765625,1983386,,
2025-09-19,1221.1938586682186,1225.0409393330888,1211.3296110214642,1222.0816650390625,914559,,
2025-09-22,1223.1666954291095,1231.945899825712,1207.0879237674717,1215.4725341796875,1092796,,
2025-09-23,1214.7821686822979,1217.642824749652,1172.2672829231105,1176.015625,1902576,,
2025-09-24,1182.6246839222854,1187.6554261797796,1161.811145303598,1169.8997802734375,1837893,,
2025-09-25,1169.8997633527497,1181.2436480732865,1158.1612846462542,1173.0562744140625,1908855,,
2025-09-26,1167.9268438159731,1172.6617305372522,1141.9838260625627,1148.0997314453125,1224351,,
2025-09-29,1142.3784867735471,1172.8590358414658,1136.3613198396708,1161.61376953125,2461758,,
2025-09-30,1161.613902038096,1168.5188761233924,1146.5216737852918,1151.0592041015625,1684611,,
2025-10-01,1153.1305353164853,1154.9061480357082,1128.8645104951127,1133.0074462890625,1897357,,
2025-10-03,1133.007505605203,1136.7559680250595,1119.592152355649,1133.402099609375,686196,,
2025-10-06,1133.4020147984195,1134.3884395284442,1120.0852809430858,1132.02099609375,1339794,,
2025-10-07,1132.0210316899831,1145.3377659640598,1124.1296336016414,1137.1505126953125,990996,,
2025-10-08,1124.5242625957417,1131.3306177414577,1104.7957667607286,1115.3504638671875,2397531,,
2025-10-09,1114.6598577072023,1122.551254929908,1108.9385465554742,1113.4761962890625,2161078,,
2025-10-10,1114.6600053461134,1116.3368793127772,1105.9794190861098,1114.4627685546875,1721671,,
2025-10-13,1113.673586108689,1119.00030404871,1090.9858159753855,1095.720703125,1256718,,
2025-10-14,1099.4690007037111,1100.9486378266067,1082.4039248008874,1086.4482421875,1831340,,
2025-10-15,1090.9857856119481,1102.8228827433616,1085.7576862136355,1095.5233154296875,809694,,
2025-10-16,1096.904392275426,1107.7550652205966,1088.7170181606143,1104.8944091796875,1474182,,
2025-10-17,1108.4454675672653,1130.9360005226965,1105.4861932527706,1116.830078125,903877,,
2025-10-20,1121.0716552734375,1127.7793913013181,1110.9114328456828,1121.0716552734375,1249233,,
2025-10-21,1126.5955776072728,1130.8372518011415,1111.7005893569076,1118.4083251953125,88180,,
2025-10-23,1119.3948949720502,1124.524255692392,1104.9929967703565,1116.9288330078125,2429490,,
2025-10-24,1116.7314393453523,1125.9052377180965,1098.9757937825011,1115.0545654296875,1376917,,
2025-10-27,1115.0545781726917,1119.5921080079736,1106.768586066032,1109.431884765625,1544159,,
2025-10-28,1113.6736692311465,1113.6736692311465,1095.6220460907327,1100.35693359375,1725668,,
2025-10-29,1104.7956601733822,1108.3467649984482,1089.9992897246316,1091.77490234375,2535908,,
2025-10-30,1093.9450624361532,1103.4147160806474,1083.4889840284163,1097.9893798828125,1587968,,
2025-10-31,1102.7242237096143,1109.3332211991444,1093.3531888259429,1103.4146728515625,1297881,,
2025-11-03,1132.4156455904972,1168.7161256004824,1125.806647740564,1162.6002197265625,4842181,,
2025-11-04,1162.6002989409621,1163.3894869827175,1134.684548058409,1147.606689453125,1858002,,
2025-11-06,1149.086200642323,1149.086200642323,1118.9016277615053,1130.4427490234375,2222520,,
2025-11-07,1125.0927744036578,1128.8576630711646,1107.9529161689088,1111.4205322265625,1985895,,
2025-11-10,1109.8351664455372,1128.9566392514957,1103.0981568275852,1116.2750244140625,1046353,,
2025-11-11,1120.4362160727442,1134.2076285951555,1111.618540361212,1127.8668212890625,1406507,,
2025-11-12,1133.4150445343312,1133.811367689121,1115.9779141912031,1125.3900146484375,901827,,
2025-11-13,1124.4982575308734,1131.8298122086699,1116.5722786231668,1122.9130859375,1850071,,
2025-11-14,1122.5168770059352,1141.3410788268643,1117.2658670690191,1135.8919677734375,2094535,,
2025-11-17,1138.3687907867693,1151.6448304636617,1136.1891948291388,1141.6383056640625,789222,,
2025-11-18,1141.0437437212734,1143.322511140613,1124.5973609034338,1131.5325927734375,1655215,,
2025-11-19,1129.35302734375,1138.3688048300392,1122.120522679108,1129.35302734375,1671330,,
2025-11-20,1130.7400929596686,1131.4335677860001,1115.2843362617518,1116.86962890625,1175797,,
2025-11-21,1109.6371022598196,1119.4455258340356,1103.6926177834277,1114.7889404296875,4264238,,
2025-11-24,1119.5445769161024,1124.3002128758014,1098.045406425999,1101.11669921875,1732808,,
2025-11-25,1101.116685607252,1138.3687636949132,1097.054645451514,1133.910400390625,3033523,,
2025-11-26,1136.3872967971295,1156.6976190153869,1131.5326102250838,1143.5206298828125,1448380,,
2025-11-27,1138.3687119683407,1156.1031138277299,1128.5602889564248,1134.0093994140625,1138374,,
2025-11-28,1134.0094966996955,1147.2855365963203,1130.0465069359777,1135.000244140625,1513316,,
2025-12-01,1134.4057076030217,1135.2974043997856,1112.3119934803572,1118.9500732421875,766007,,
2025-12-02,1124.3991408308223,1130.145402636335,1113.3026984483668,1121.625,678672,,
2025-12-03,1128.4612922614149,1128.4612922614149,1107.2592736444537,1110.33056640625,429245,,
2025-12-04,1110.231514573575,1127.9659172588306,1105.1787270111774,1122.1204833984375,455483,,
2025-12-05,1121.526024187115,1128.5603063343958,1111.915823062908,1125.489013671875,339262,,
2025-12-08,1125.4890771773678,1129.5511174402784,1098.1444723777774,1111.2222900390625,790413,,
2025-12-09,1105.6740978011555,1124.3001972874054,1098.9369671084667,1118.355712890625,417028,,
2025-12-10,1117.5630485335582,1127.767794959448,1115.6806043168312,1120.0399169921875,805545,,
2025-12-11,1120.1389527799004,1143.322465435301,1116.5722864346483,1137.2789306640625,292217,,
2025-12-12,1144.4122886939622,1147.0873792177636,1128.3622293145293,1143.1243896484375,966615,,
2025-12-15,1142.3317798094797,1158.58006175036,1133.514103548193,1155.310546875,916589,,
2025-12-16,1155.4095368065744,1187.4107252973063,1153.1308904155649,1171.459716796875,2230112,,
2025-12-17,1169.0819405672664,1176.5125461217194,1160.9578602040694,1168.78466796875,929901,,
2025-12-18,1177.3052129336552,1179.5838594455429,1158.481011867772,1175.819091796875,540181,,
2025-12-19,1175.8190324820857,1183.9431125769886,1163.2364682609048,1175.2244873046875,641297,,
2025-12-22,1177.8005722262346,1184.933905219108,1171.8560877518912,1174.4320068359375,338201,,
2025-12-23,1175.0263520881217,1195.0394000964238,1171.1624132514348,1185.42919921875,655798,,
2025-12-24,1185.4293298153218,1191.770137714999,1177.0079764484767,1181.1690673828125,393130,,
2025-12-26,1180.7727633428538,1198.8043170913625,1178.4939960166741,1195.0394287109375,510416,,
2025-12-29,1199.002490095085,1200.785883843469,1184.5376018211139,1195.138671875,770670,,
2025-12-30,1195.138695595137,1207.423867204815,1187.9061908441824,1200.9840087890625,1368744,,
2025-12-31,1204.748893706537,1223.1767720043385,1197.0210152554346,1210.8914794921875,1360567,,
2026-01-01,1213.6654884731718,1234.2730814701124,1203.1635908835306,1231.895263671875,644338,,
2026-01-02,1231.8953192629197,1231.8953192629197,1212.27847271827,1223.7711181640625,860507,,
2026-01-05,1224.56373584782,1235.5610073456642,1214.2599391250103,1232.7869873046875,741943,,
2026-01-06,1232.4898640755832,1244.0815612054184,1216.3406317889262,1242.3973388671875,603708,,
2026-01-07,1262.1131727570498,1262.1131727570498,1225.554568474531,1236.155517578125,1553698,,
2026-01-08,1235.164637108983,1238.1368790729325,1219.2136294239538,1231.697021484375,680283,,
2026-01-09,1224.9601533984464,1234.9666783084842,1210.197992421832,1218.2230224609375,870444,,
2026-01-12,1215.6471346259239,1239.920447420003,1211.8822458978484,1224.761962890625,1078105,,
2026-01-13,1226.446251921098,1233.2824332878417,1217.925848321479,1227.932373046875,774177,,
2026-01-14,1217.628518923684,1227.5359926333965,1211.2877115612996,1215.5479736328125,785823,,
2026-01-15,1215.5479736328125,1215.5479736328125,1215.5479736328125,1215.5479736328125,0,,
2026-01-16,1223.5731220303405,1241.7038490570098,1216.7369403182756,1225.45556640625,895547,,
2026-01-19,1225.7525648418534,1235.8582603087368,1216.2414145336625,1220.798828125,488514,,
2026-01-20,1234.7684849388409,1252.7009879927343,1217.4304061136431,1222.8795166015625,1806384,,
2026-01-21,1223.5729401321255,1235.461907971466,1202.6681958694521,1211.1885986328125,396761,,
2026-01-22,1218.7182844385002,1238.335130238466,1210.7923056814777,1234.47119140625,1010238,,
2026-01-23,1241.9018624185726,1244.7750540586871,1224.1674598201187,1228.923095703125,863131,,
2026-01-27,1217.7275350326747,1217.7275350326747,1106.7638326221838,1163.038330078125,4434898,,
2026-01-28,1163.1374817097676,1164.7226534080849,1135.8919274107739,1160.9578857421875,1360639,,
2026-01-29,1163.137524938669,1163.137524938669,1131.8299292051513,1144.610595703125,1814669,,
2026-01-30,1149.5858612363434,1164.213105513874,1140.8293380099628,1148.3917236328125,1816812,,
2026-02-02,1149.2872109723698,1167.4967452393255,1126.599934325002,1164.3125,1430428,,
2026-02-03,1177.8452973923077,1181.2285050735768,1136.550558980442,1140.7298583984375,2098632,,
2026-02-04,1141.3268441469306,1152.2724372468574,1134.8589936787919,1149.9837646484375,2605761,,
2026-02-05,1149.2872171034473,1168.0937594948111,1149.2872171034473,1164.4119873046875,510890,,
2026-02-06,1167.1981892732242,1178.3427440283485,1150.2822734866556,1175.9547119140625,808406,,
2026-02-09,1176.750711461401,1194.263635713064,1163.8150108315926,1191.7760009765625,2516858,,
2026-02-10,1195.059680709137,1203.2190737393546,1177.1487113063356,1200.6319580078125,581843,,
2026-02-11,1200.6319625934766,1208.2939501916378,1191.3780345799394,1202.6220703125,638925,,
2026-02-12,1202.6221649119173,1204.6122727874845,1186.4028586059721,1198.343505859375,454443,,
2026-02-13,1190.0844347896505,1196.2537202295368,1185.1091654134395,1189.4874267578125,827685,,
2026-02-16,1169.188346027442,1213.9657720455143,1166.0042220972182,1197.845947265625,1597137,,
2026-02-17,1197.845911209085,1212.37367358656,1196.054765635661,1208.79150390625,469230,,
2026-02-18,1212.0751636820435,1213.4682634725737,1194.1641930034814,1211.57763671875,497543,,
2026-02-19,1213.9657868312975,1213.9657868312975,1178.143845580538,1182.7210693359375,376142,,
2026-02-20,1182.621584367145,1204.015243655234,1178.1438417254521,1199.935546875,576360,,
2026-02-23,1200.0350052011395,1221.4286640832493,1196.1542706920068,1216.8514404296875,806171,,
2026-02-24,1220.7321826725422,1231.7772567557859,1208.294008825074,1228.4935302734375,1187285,,
2026-02-25,1229.986044489278,1234.065740996884,1223.0206675121092,1231.2796630859375,762999,,
2026-02-26,1234.1653351159493,1234.2648162073501,1221.5280783781536,1233.0706787109375,393454,,
2026-02-27,1232.7723276272568,1232.7723276272568,1207.1993689650383,1211.4781494140625,1443913,,
2026-03-02,1184.1141037713915,1197.6468120926143,1155.9540307001294,1170.183349609375,1173402,,
2026-03-04,1147.1976332175864,1147.1976332175864,1117.146933406002,1131.873779296875,1760408,,
2026-03-05,1134.1624954948174,1139.3367272415248,1114.5598605828766,1126.799072265625,1925968,,
2026-03-06,1126.7990484741845,1126.8985295698012,1108.4900326187712,1111.0771484375,883212,,
2026-03-09,1094.5593005415478,1094.5593005415478,1063.0161401943762,1074.956787109375,954053,,
2026-03-10,1106.1019287109375,1117.843613718435,1087.1959039654528,1106.1019287109375,1489620,,
2026-03-11,1118.8386091590721,1118.8386091590721,1079.633461916893,1086.0018310546875,466035,,
2026-03-12,1090.7779816814398,1090.7779816814398,1039.930754244499,1047.09521484375,6037448,,
2026-03-13,1034.259037705366,1050.6774268926847,1020.2288021476925,1022.81591796875,1967118,,
2026-03-16,1022.2188909740339,1042.0203658474406,1014.457422188235,1035.9505615234375,2299410,,
2026-03-17,1043.811511403098,1043.811511403098,1024.3084798112761,1035.9505615234375,1198051,,
2026-03-18,1036.8462055456387,1056.548322145504,1032.268981714658,1048.587890625,1116339,,
2026-03-19,1024.9055122412149,1034.8560511950132,1014.4574463397267,1017.1441040039062,429295,,
2026-03-20,1024.009953449492,1031.373376669335,1007.890128710452,1012.5668334960938,1344957,,
2026-03-23,1005.0044016673362,1006.9945093934101,983.1132166805229,997.4420166015625,1771476,,
2026-03-24,1010.9747660339273,1022.7164506827487,994.1583307701728,1001.9197998046875,1683089,,
2026-03-25,1011.9698140165514,1043.8115387447024,1001.5217480901267,1034.4580078125,1999538,,
2026-03-27,1029.8807817679453,1030.8758356633732,1001.0242188005342,1003.7108764648438,2455222,1613626.0,65.72
2026-03-30,985.1033696203704,1000.1286593485445,976.4463884679615,979.9290771484375,2468801,1435211.0,58.13
2026-04-01,1005.0043995117677,1005.0043995117677,984.3570318980359,992.615966796875,1426320,777856.0,54.54
2026-04-02,987.0934389476331,995.4519157481584,962.2668327468026,989.8795776367188,1737577,1065069.0,61.3
2026-04-06,994.0588415570736,1004.4571669112065,984.2575849801742,996.9942626953125,1358923,755512.0,55.6
2026-04-07,1002.0192253472595,1039.4332257541084,997.4420019378878,1024.0596923828125,3823061,1490903.0,39.0
2026-04-08,1060.3293406243122,1088.3899316073441,1060.3293406243122,1069.8321533203125,3314700,2118651.0,63.92
2026-04-09,1058.140377455181,1074.558767362244,1052.1202525693066,1058.090576171875,1166333,622780.0,53.4
2026-04-10,1046.1002066632018,1076.7975949796746,1046.1002066632018,1072.767578125,1236054,644783.0,52.16
2026-04-13,1045.8015892750425,1067.6927738269462,1034.3584700774563,1054.6575927734375,1100920,639111.0,58.05
2026-04-15,1064.6578451005448,1088.1412137266625,1064.6578451005448,1080.1309814453125,1045491,672919.0,64.36
2026-04-16,1084.6086924809363,1086.84756363514,1069.3346402333418,1075.802490234375,949254,623657.0,65.7
2026-04-17,1074.658232291195,1109.1865546865265,1063.9614026642225,1103.912841796875,1720077,1126510.0,65.49
2026-04-20,1109.4850722422418,1114.460341624494,1094.7085464702604,1099.3355712890625,1098054,625566.0,56.97
2026-04-21,1107.4452238947497,1125.2070337359328,1095.6041792893534,1119.4854736328125,1862086,1148469.0,61.68
2026-04-22,1114.0622985250507,1142.1228907900017,1111.3757016386312,1133.9136962890625,1740658,1050412.0,60.35
2026-04-23,1133.3663387961567,1140.0829523052646,1114.7588803279084,1137.2967529296875,928509,502052.0,54.07
2026-04-24,1137.5455776976894,1142.3218850370743,1078.5886337182062,1084.50927734375,3822222,2564995.0,67.11
2026-04-27,1094.5592558490648,1099.0867995394187,1078.5885926657431,1083.8624267578125,556276,294637.0,52.97
2026-04-28,1082.817623483338,1099.7335400659415,1076.1508108285757,1086.598876953125,807880,422738.0,52.33
2026-04-29,1099.0868511127965,1102.3207763386442,1078.6384445596657,1084.6585693359375,817956,440932.0,53.91
2026-04-30,1079.7329921750304,1084.5092996124893,1037.8910474137313,1061.822021484375,1714183,980430.0,57.2
2026-05-01,1061.822021484375,1061.822021484375,1061.822021484375,1061.822021484375,0,0.0,0.0
2026-05-04,1064.906639933197,1084.8077180217751,1062.9165321243393,1067.1953125,1005604,642106.0,63.85
2026-05-05,1067.6928434990991,1104.70880029754,1060.130458090084,1096.0518798828125,2095690,1339122.0,63.9
2026-05-06,1116.4505054018987,1116.4505054018987,1078.1409292361473,1088.6884765625,1253944,708197.0,56.48
2026-05-07,1059.4337667160305,1059.4337667160305,1028.8856626495099,1031.4727783203125,5882207,3181639.0,54.09
2026-05-08,1032.9653605531353,1044.6075632882744,1021.8208062014186,1037.244140625,2088081,1209293.0,57.91
2026-05-11,1037.3437037549572,1039.8313385361441,1001.9198087641635,1005.9000244140625,2528381,1241293.0,49.09
2026-05-12,1011.0999755859375,1045.9000244140625,1005.2999877929688,1030.199951171875,2855474,1354116.0,47.42
2026-05-13,1033.0,1043.800048828125,1014.9000244140625,1030.5,1588346,814087.0,51.25
2026-05-14,1038.0,1038.0,1015.7000122070312,1033.300048828125,1836948,1074310.0,58.48
2026-05-15,1033.300048828125,1046.9000244140625,1027.9000244140625,1039.199951171875,1585449,967153.0,61.0
2026-05-18,1035.5,1035.5,1001.5,1014.4000244140625,2367584,1396111.0,58.97
2026-05-19,1025.0,1036.199951171875,1019.2000122070312,1022.0,1636935,1153932.0,70.49
2026-05-20,1016.5999755859375,1025.199951171875,1006.0,1022.9000244140625,2356818,1450394.0,61.54
2026-05-21,1029.0,1032.699951171875,1012.0999755859375,1017.2999877929688,1956260,1221635.0,62.45
2026-05-22,1023.7999877929688,1030.0,1006.0,1027.5,1905091,1184692.0,62.19
2026-05-25,1040.9000244140625,1042.800048828125,1012.2999877929688,1020.4000244140625,3432340,2032728.0,59.22
2026-05-26,1018.0,1035.0,1016.0999755859375,1031.800048828125,1170017,649361.0,55.5
2026-05-27,1027.0,1048.9000244140625,1023.5,1044.4000244140625,1227520,646243.0,52.65
2026-05-28,1044.4000244140625,1044.4000244140625,1044.4000244140625,1044.4000244140625,0,0.0,0.0
2026-05-29,1044.9000244140625,1053.5999755859375,1024.0999755859375,1029.300048828125,3721352,2631302.0,70.71
2026-06-01,1036.300048828125,1036.300048828125,1006.2999877929688,1009.0,1859110,1164744.0,62.65
2026-06-02,998.5,1004.7000122070312,975.9000244140625,999.0999755859375,3217912,2156007.0,67.0
2026-06-03,999.2000122070312,1003.7999877929688,975.4000244140625,986.5,1265930,710544.0,56.13
2026-06-04,980.5,1002.7000122070312,980.5,995.4000244140625,1081172,587545.0,54.34
2026-06-05,1002.5,1002.5,985.5,998.0,645131,330015.0,51.15
2026-06-08,986.0999755859375,1001.4000244140625,980.7999877929688,997.0,630285,350416.0,55.6
2026-06-09,998.2000122070312,1016.2999877929688,995.5999755859375,1013.2000122070312,975781,582273.0,59.67
2026-06-10,1018.0,1039.5,1010.0999755859375,1027.5999755859375,1601364,923899.0,57.69
2026-06-11,1028.0,1028.0,1005.7999877929688,1008.9000244140625,525095,251228.0,47.84
2026-06-12,1020.0,1037.699951171875,1013.0,1033.300048828125,985452,577986.0,58.65
2026-06-15,1043.300048828125,1056.800048828125,1030.800048828125,1036.800048828125,1235465,699006.0,56.58
2026-06-16,1038.5999755859375,1053.0,1023.7000122070312,1034.5,1049319,723282.0,68.93
2026-06-17,1040.0,1041.300048828125,1015.0999755859375,1020.0,613139,276962.0,45.17
2026-06-18,1020.0,1024.4000244140625,1005.0,1009.2000122070312,1196457,819846.0,68.52
2026-06-19,1009.5999755859375,1014.5999755859375,994.7000122070312,1000.5999755859375,1412000,920994.0,65.23
2026-06-22,1001.7999877929688,1021.2999877929688,1001.7999877929688,1019.5,1011588,607970.0,60.1
2026-06-23,1019.0,1025.0,1010.4000244140625,1020.7000122070312,502034,250988.0,49.99
2026-06-24,1024.0,1037.0,1016.9000244140625,1020.5,695634,421329.0,60.57
2026-06-25,1021.0,1038.0,1020.0,1034.5999755859375,946405,583597.0,61.66
2026-06-25,1021.0,1038.0,1020.0,1034.5999755859375,946405,0.0,0.0
2026-06-26,1034.5999755859375,1034.5999755859375,1034.5999755859375,1034.5999755859375,0,,
2026-06-29,1039.0,1044.5,1017.0,1021.9000244140625,783299,383551.0,48.97
2026-06-30,1022.0,1027.199951171875,1006.5,1010.0,1035474,651542.0,62.92
2026-07-01,1017.0,1045.0,1013.9000244140625,1043.5999755859375,1550546,0.0,0.0
2026-07-02,1050.0,1081.699951171875,1043.0,1077.199951171875,1748748,841135.0,48.1
2026-07-03,1079.0,1098.5,1071.0999755859375,1076.9000244140625,520681,161879.0,31.09
2026-07-06,1095.0,1118.0,1081.9000244140625,1100.5999755859375,3208588,1208504.0,37.66
2026-07-07,1100.5999755859375,1106.5999755859375,1087.4000244140625,1097.199951171875,723010,363384.0,50.26
2026-07-08,1090.0,1100.0,1066.5999755859375,1075.199951171875,1018716,,
2026-07-09,1070.0,1096.800048828125,1066.800048828125,1087.4000244140625,346180,,
2026-07-10,1090.0,1099.4000244140625,1084.300048828125,1088.4000244140625,257565,,
2026-07-13,1076.800048828125,1079.699951171875,1067.199951171875,1068.699951171875,468745,300166.0,64.04
2026-07-14,1047.5999755859375,1072.300048828125,1040.5,1061.5999755859375,668384,,
2026-07-15,1061.5999755859375,1065.0,1049.4000244140625,1052.699951171875,600220,370617.0,61.75
2026-07-16,1058.9000244140625,1068.0,1051.9000244140625,1057.699951171875,384375,,
2026-07-17,1057.699951171875,1075.300048828125,1051.0,1071.9000244140625,328585,148884.0,45.31
2026-07-20,1068.300048828125,1069.5,1055.800048828125,1064.800048828125,190080,91340.0,48.05
2026-07-21,1064.9000244140625,1069.0,1038.0,1054.199951171875,474971,232602.0,48.97
2026-07-22,1061.800048828125,1072.0,1040.0,1068.800048828125,523442,,
2026-07-23,1068.0999755859375,1082.699951171875,1053.0999755859375,1058.5999755859375,502429,201373.0,40.08
2026-07-24,1050.5,1066.199951171875,1044.9000244140625,1059.5,413015,,
2026-07-27,1065.0,1075.0,1061.0999755859375,1073.699951171875,318835,175169.0,54.94
2026-07-28,1073.699951171875,1091.0999755859375,1059.0,1066.9000244140625,407368,183122.0,44.95
2026-07-29,1071.699951171875,1086.800048828125,1069.0,1076.5,427345,214668.0,50.23
2026-07-30,1077.0,1078.9000244140625,1065.800048828125,1072.0999755859375,537019,380436.0,70.84
2026-07-31,1071.199951171875,1076.300048828125,1054.699951171875,1070.4000244140625,674686,457506.0,67.81
2026-08-03,1072.0999755859375,1100.0,1071.0999755859375,1085.9000244140625,615866,311815.0,50.63
2026-08-04,1080.0,1080.0999755859375,1057.5999755859375,1058.199951171875,644342,333603.0,51.77
2026-08-05,1070.0,1077.5,1060.0,1069.0,1283218,,
2026-08-06,1075.0,1084.800048828125,1071.199951171875,1077.300048828125,493543,243109.0,49.26
2026-08-07,1077.0,1087.199951171875,1032.300048828125,1050.0,2659684,751202.0,28.24
2026-08-11,1032.0,1034.0999755859375,1017.0,1025.0,920142,424685,46.15
2026-08-12,922.5,951.7999877929688,907.7999877929688,910.0,22523313,12452111,55.28
2026-08-13,911.4000244140625,939.0,906.2999877929688,936.9000244140625,6813937,3494562,51.28
2026-08-14,941.5,942.5999755859375,930.0,934.2999877929688,2074478,1064219,51.28
2026-08-19,938.0999755859375,939.4000244140625,928.0,930.0,1205969,675930,56.04
2026-08-26,929.2000122070312,933.9000244140625,922.7999877929688,922.7999877929688,704360,417865,59.32
2026-08-27,930.0,930.0,912.0,923.0,1307752,864083,66.05
2026-09-02,900.5499877929688,905.0,891.5,905.0,1120068,598805,53.46
