date,open,high,low,close,volume,delivery_qty,delivery_pct
2022-01-03,624.8184309714867,633.7178459816038,620.5305800325765,628.135498046875,364988,,
2022-01-04,631.0480033485345,636.0640456911067,621.622754845246,634.648193359375,490270,,
2022-01-05,637.0752938865427,641.5250307996218,629.8749139459894,638.9360961914062,560556,,
2022-01-06,635.0932864904072,636.3472528000012,627.2860692557146,631.5335083007812,405936,,
2022-01-07,632.2616151970666,641.9700469083459,629.4299695294219,639.7451782226562,461258,,
2022-01-10,642.1722256929758,646.7837303216819,632.6660933743489,634.2437133789062,382669,,
2022-01-11,633.8796290122781,643.1430502948295,633.4750913221611,636.0640258789062,384973,,
2022-01-12,638.329419006296,639.7856838405309,632.0594096107517,638.24853515625,310080,,
2022-01-13,639.1383911382379,641.6059705777061,630.0367365527777,632.6256713867188,504205,,
2022-01-14,633.475114273856,634.9718504515158,619.7214841226981,624.0498657226562,395476,,
2022-01-17,619.7215615972726,629.9963583896705,613.6942630971034,627.7310180664062,480464,,
2022-01-18,627.7309079632479,631.7761070404971,614.1391054299141,615.7976684570312,339465,,
2022-01-19,613.8964714698633,615.2718523644129,601.3968657906652,605.52294921875,381315,,
2022-01-20,605.8060806065362,610.1748744570641,595.9762944428484,602.489013671875,716577,,
2022-01-21,602.7317192014191,607.5859345486938,595.9762892616479,602.5294799804688,756242,,
2022-01-24,606.0488383293616,606.0488383293616,572.2715672088636,577.2067260742188,841305,,
2022-01-25,577.2067254222568,590.3131079744476,561.5114080461739,588.2095947265625,694378,,
2022-01-27,582.8294597866366,584.9329729404891,569.3994832026505,577.8134765625,573684,,
2022-01-28,582.5059053028092,598.2416353539259,582.1013675611606,587.6837158203125,627758,,
2022-01-31,590.5153404311881,598.6866232853234,582.505884519051,584.4475708007812,585777,,
2022-02-01,589.5444447441638,594.1559492522491,585.0138240720871,592.0120239257812,466168,,
2022-02-02,592.0121541762143,605.8061991895577,592.0121541762143,600.8306274414062,655296,,
2022-02-03,602.7317309352396,603.5408063459085,594.6413916174674,596.09765625,190996,,
2022-02-04,597.8775809708434,598.6461849184857,588.047793624726,594.8032836914062,494458,,
2022-02-07,592.4569837357733,596.3403560175317,578.7842969122682,581.7777099609375,374542,,
2022-02-08,583.314879673529,587.0364844162885,578.0965979796404,581.21142578125,293638,,
2022-02-09,582.5058727251851,589.5040138053769,581.3327903722452,583.678955078125,555022,,
2022-02-10,579.0270306996332,596.8662728281766,577.3280552588195,587.9668579101562,1047652,,
2022-02-11,585.7420403732847,590.5962563411725,576.8426839358675,580.847412109375,628675,,
2022-02-14,567.1341731367011,574.9413298957116,559.4078409584947,566.163330078125,641335,,
2022-02-15,566.1634032726906,587.8050764142823,564.7880223433771,584.6903076171875,495272,,
2022-02-16,592.4569855467608,594.9649770678766,579.7551417548691,585.5802001953125,481861,,
2022-02-17,587.6028655247844,592.2143708717365,579.9170035280082,587.0365600585938,378219,,
2022-02-18,582.9104550498391,598.3225907783979,582.5868011476284,596.90673828125,717516,,
2022-02-21,595.8144990468727,597.837128403248,586.5914893187099,587.885986328125,448724,,
2022-02-22,570.8557733843098,589.6658594545837,570.8557733843098,588.2095947265625,504349,,
2022-02-23,588.2096489219483,597.0685935003065,588.2096489219483,590.798583984375,398164,,
2022-02-24,566.3252147383141,582.2227731065025,546.908349555794,549.6995239257812,1318752,,
2022-02-25,554.5536829501735,562.9272051953642,549.7399387060007,554.7559814453125,1265970,,
2022-02-28,550.0231756521144,564.8689475932342,518.5921252634624,558.5989379882812,2815617,,
2022-03-02,550.1444241100107,555.281762499944,536.3907942492041,547.9195556640625,1382240,,
2022-03-03,554.1896106742563,554.9986861347916,532.4265829393339,536.5930786132812,1102354,,
2022-03-04,527.0869151906871,539.5460484545791,517.9447896545532,528.3408813476562,1121384,,
2022-03-07,513.697408925739,518.9561626850239,504.31257156062475,508.6813659667969,1363713,,
2022-03-08,512.9287350828131,520.7359511819128,501.96633826473686,517.4188842773438,832978,,
2022-03-09,521.8282063802084,535.4200108254603,510.74439371764197,532.2647705078125,1320865,,
2022-03-10,552.207601022849,571.9885333531922,538.0090176937069,547.8388061523438,2498428,,
2022-03-11,546.099236340373,555.1604187322415,542.0540370600726,549.5376586914062,573279,,
2022-03-14,553.3805971722794,553.3805971722794,537.4830405429881,548.00048828125,970278,,
2022-03-15,559.6910421474573,567.943208423699,552.6524297353687,562.64404296875,2284858,,
2022-03-16,568.1049880583663,571.9478885563808,563.088946085637,571.0175170898438,814521,,
2022-03-17,575.6291299438956,585.2970903280836,573.2424342559733,580.847412109375,1297777,,
2022-03-21,574.4155536577277,576.7617184474369,559.5697239802777,561.1068725585938,1042740,,
2022-03-22,557.9515822825509,566.2846914606629,548.5668054539153,564.4238891601562,574278,,
2022-03-23,559.0438425762864,567.5791919194031,551.762518754357,552.5715942382812,910911,,
2022-03-24,546.7869470071893,558.1539420231646,542.863162010224,553.4210815429688,737235,,
2022-03-25,554.9987187439334,558.6393807635608,550.2658581184179,557.1021728515625,463459,,
2022-03-28,559.0437695325446,559.771901819601,544.0766453578683,550.1039428710938,635103,,
2022-03-29,555.5649882270127,563.8980387805876,553.1783519205159,556.0908813476562,1192846,,
2022-03-30,563.0890304204052,564.4239397597639,555.0391028342359,561.1068725585938,756151,,
2022-03-31,564.4238936237006,568.7522159214237,559.8528605568423,566.0823974609375,800736,,
2022-04-01,570.532211285185,576.8426921331146,563.1295318289599,575.7100219726562,624721,,
2022-04-04,580.8877374073896,585.6610688127789,575.9526383310089,584.4070434570312,737295,,
2022-04-05,584.6498128763394,589.5040286042424,582.7081265851781,585.7015991210938,319270,,
2022-04-06,585.7016256562731,589.7872376605022,581.0901205058412,588.0477905273438,440570,,
2022-04-07,591.5670192221125,598.6865745121565,583.7598624373895,585.62060546875,670650,,
2022-04-08,588.978172955375,597.0685124508225,586.7937759586038,594.3178100585938,334222,,
2022-04-11,596.259481451937,601.1136968796175,589.6253475304007,592.295166015625,368367,,
2022-04-12,592.2952121984624,595.2077416821684,579.5528957072488,584.36669921875,598730,,
2022-04-13,583.0722291028176,588.1287436382225,581.3328411956261,585.8634033203125,349876,,
2022-04-18,574.415520370703,584.2453067545325,573.3637341757221,581.6563720703125,354156,,
2022-04-19,583.3148788269436,589.4635913253786,563.2912397980598,568.509521484375,292512,,
2022-04-20,576.0335933953597,584.9330088559495,572.2715761184853,576.7213134765625,653307,,
2022-04-21,579.2698246933816,587.3601653457363,576.0741125818616,578.501220703125,671749,,
2022-04-22,575.2245599004401,583.3148996408565,575.2245599004401,579.7955932617188,504906,,
2022-04-25,574.4155873251906,581.0901344131906,568.3073456928015,579.0675048828125,244592,,
2022-04-26,580.968684903063,586.5510324724034,576.9234857531377,582.2631225585938,439984,,
2022-04-27,579.1888592741393,583.1127036708841,570.8153365783452,580.7664794921875,469490,,
2022-04-28,586.4702210844864,593.023413181016,570.3704232164741,590.2322387695312,1048573,,
2022-04-29,590.5962563411725,596.1381924082219,577.8539394254668,580.847412109375,444084,,
2022-05-02,577.2471488533744,578.9865959528133,570.8153128471913,577.1257934570312,194223,,
2022-05-04,577.57074609002,579.9573822321264,554.6345784311223,555.9290161132812,604849,,
2022-05-05,560.6618761063871,567.1341830282994,553.785090740052,555.9290161132812,313732,,
2022-05-06,549.0926471361404,553.3400856231921,536.7548693779863,539.3842163085938,424506,,
2022-05-09,539.3842522127266,541.6091208439908,533.9637310583822,537.4425659179688,470952,,
2022-05-10,540.6787784973565,556.8594589920147,540.2742407455418,547.3937377929688,1419306,,
2022-05-11,552.1670853196441,552.1670853196441,531.2939559405279,536.7144775390625,608004,,
2022-05-12,529.9185834635443,542.7822564270938,527.8960131267922,534.1256103515625,650096,,
2022-05-13,535.1772180697242,544.8856483294924,527.2891184836624,531.1320190429688,440298,,
2022-05-16,534.3682369947161,536.8357570104505,510.50163820461376,512.68603515625,887497,,
2022-05-17,516.1648862715618,521.1808689816866,507.7508937739344,518.9155883789062,997029,,
2022-05-18,523.9317063256512,525.3879710505322,514.9918194830906,518.3897705078125,676784,,
2022-05-19,505.6474774649336,515.1536701644646,504.4339234716133,507.22509765625,478762,,
2022-05-20,516.1649859743902,516.9335306680327,508.0745864985394,509.9758605957031,944589,,
2022-05-23,516.1649933241497,517.4999027385608,504.02945319313966,506.5374450683594,513064,,
2022-05-24,509.69268621884316,511.7961995963639,491.4084625198266,493.6333312988281,874910,,
2022-05-25,485.4215830882278,490.27579891911006,453.18148973552394,458.03570556640625,2880200,,
2022-05-26,462.76852740519143,465.51925935586587,439.7919175979296,459.5728454589844,1860446,,
2022-05-27,456.29626448928457,472.7601555396032,450.63300310373893,465.3979187011719,2396842,,
2022-05-30,470.0498806652071,493.2287608097915,469.92852527178,489.6285705566406,1448068,,
2022-05-31,489.62856819363196,500.2269292925262,480.04149215915606,497.4762268066406,2179057,,
2022-06-01,497.5571148903619,498.5684295911805,479.27289233716283,486.2306213378906,1155873,,
2022-06-02,481.90229693162934,511.06806469722665,481.90229693162934,503.5844421386719,1626819,,
2022-06-03,503.1798963351359,504.8384001735968,491.12524170734287,492.6219482421875,896941,,
2022-06-06,489.4667279718641,490.15441838856884,476.52217283848705,477.25030517578125,1026777,,
2022-06-07,471.0612171167532,478.5043383814277,465.5597526088007,470.00946044921875,1152250,,
2022-06-08,470.89936573307165,474.98500716440714,459.81558307254437,469.968994140625,1067780,,
2022-06-09,450.6330217456404,472.4769927578169,449.0149596947398,470.13079833984375,3207942,,
2022-06-10,457.18622338449154,477.3312193288986,457.18622338449154,469.84765625,1148743,,
2022-06-13,461.1909536584845,474.74231629154104,459.5324496400641,462.8494873046875,1321437,,
2022-06-14,460.3414623451246,466.7328564575131,455.89178421083585,461.3932189941406,700128,,
2022-06-15,465.19564536688443,467.0159761917476,457.1053058971239,465.640625,716866,,
2022-06-16,469.2408626480342,470.65665581402675,456.0535667373047,460.0178527832031,662125,,
2022-06-17,457.1053231858539,457.9143393867605,443.7966718870094,453.6669006347656,1731463,,
2022-06-20,459.8560370363666,470.85893614172255,455.6895116526207,468.1891174316406,1724383,,
2022-06-21,470.93985530127975,477.33121981133894,468.3104784821597,473.6501159667969,704904,,
2022-06-22,474.94459244043827,479.87969227574496,461.1505188003935,473.1647033691406,777819,,
2022-06-23,477.33118289373215,486.23059776502,475.0254305218787,480.8909606933594,884744,,
2022-06-24,482.3472298422489,484.61251068735214,476.07719152831635,480.64825439453125,819973,,
2022-06-27,484.49113814704305,486.3923823852539,479.87963352363,485.4215393066406,440652,,
2022-06-28,478.78746124886266,478.78746124886266,468.43181105314846,471.0611877441406,1138558,,
2022-06-29,462.76855602973615,471.0207227644176,457.14576602271865,460.2200927734375,1271426,,
2022-06-30,461.15049774206443,465.43837845917744,457.1053278132367,459.775146484375,854913,,
2022-07-01,461.5145537396693,472.43653897147846,456.0940030449925,471.0611877441406,1579893,,
2022-07-04,474.3377967105821,474.82321829015024,464.42709625180555,472.2342834472656,1099059,,
2022-07-05,474.0950578036747,476.52216555757104,463.8202917695869,465.2361145019531,867513,,
2022-07-06,474.0950822822201,483.60124493321086,471.1016393552634,479.0301818847656,3080664,,
2022-07-07,488.65771751788867,489.46673370583926,478.34250928538034,479.9605712890625,1603773,,
2022-07-08,477.33121287686873,481.7809205920171,468.6340959429734,473.4883117675781,1197616,,
2022-07-11,472.4769938471348,480.56736337585426,469.2408697378725,479.4347229003906,973642,,
2022-07-12,478.9493023572103,478.9493023572103,467.339626354414,469.48358154296875,1136353,,
2022-07-13,478.5447556527317,481.21457429388903,472.8815237415249,474.6209411621094,1967763,,
2022-07-14,476.117635629647,476.117635629647,466.24740714505054,469.20037841796875,732111,,
2022-07-15,470.85891452815923,471.14206722969766,458.88517280512445,464.10345458984375,1337358,,
2022-07-18,468.431805861067,469.68580168304106,463.5775902562891,465.80242919921875,1017706,,
2022-07-19,464.10350167742627,470.0499164075181,461.1505300887508,468.4318542480469,1084150,,
2022-07-20,474.9040974813503,475.2681636624589,465.2765794568489,467.8250427246094,1275802,,
2022-07-21,470.77799032430846,481.86180214136766,467.74410563492734,480.6886901855469,1242571,,
2022-07-22,483.9248482534006,484.4507117285486,473.00286326954057,476.84576416015625,1324003,,
2022-07-25,479.75827320182714,482.9944266398295,473.28599595360174,481.0122985839844,1048899,,
2022-07-26,478.1402566019824,478.1402566019824,468.47226691828234,474.1355285644531,1618719,,
2022-07-27,474.58049927878824,484.8147941947912,470.5352997672778,482.87310791015625,1141430,,
2022-07-28,482.99446844646457,500.2674059559941,481.05278214115214,499.33697509765625,2300919,,
2022-07-29,506.01147051245835,507.54867818548496,498.3660814597799,505.4046936035156,1747938,,
2022-08-01,505.64746356154626,512.1197710998126,505.40475276955584,508.8027038574219,831444,,
2022-08-02,511.5938466810487,529.4735603495104,510.0971697256734,527.85546875,3474446,,
2022-08-03,529.9185501512652,533.7615105817538,519.4415736546008,531.81982421875,1378318,,
2022-08-04,538.8179369355095,547.0296319883032,525.1452492786395,539.626953125,2111972,,
2022-08-05,554.1895440450216,554.1895440450216,536.1885356735718,545.087890625,4742380,,
2022-08-08,544.8857294543253,549.9017722538666,538.2111826570007,545.8161010742188,1149042,,
2022-08-10,546.9082856934307,551.1557244561344,536.754904212536,539.1415405273438,986733,,
2022-08-11,542.0540655317459,550.1444645172991,542.0540655317459,547.6364135742188,904384,,
2022-08-12,546.0992635175631,548.8499659819456,542.701312544565,547.23193359375,427980,,
2022-08-16,552.5715605083326,558.962924610031,547.7173449233561,550.2658081054688,1403494,,
2022-08-17,553.3806651013963,573.5661345524928,551.9648717480961,570.3704223632812,2160462,,
2022-08-18,572.8488168204273,577.1963155753219,568.8264014130017,574.6365966796875,905200,,
2022-08-19,570.9391790424175,574.2302460437295,562.2036506681488,566.4698486328125,868228,,
2022-08-22,560.7003032566315,562.8943479215488,541.7258997898633,543.2291870117188,1066476,,
2022-08-23,534.2905428372087,546.4796802440098,531.2838492653494,537.37841796875,755781,,
2022-08-24,534.3717678845499,537.7440759601811,528.3990907343804,536.0782470703125,778852,,
2022-08-25,535.9969307044546,540.6288021294586,529.9429538128974,532.9089965820312,646164,,
2022-08-26,536.281367028885,541.5226958345497,533.1121914719715,536.4439086914062,525475,,
2022-08-29,523.238996598507,539.5724400375437,522.7108403445789,538.0691528320312,829158,,
2022-08-30,539.4098826851144,548.9174081375076,537.1345377704699,547.4547119140625,1474011,,
2022-09-01,550.1364167944997,559.0344870259055,545.7889181448096,548.2267456054688,1670614,,
2022-09-02,551.7615318048825,555.6214645173875,541.2788749327069,542.9447631835938,621326,,
2022-09-05,543.2291656671564,546.1139676617858,535.7532015956607,536.7283325195312,738805,,
2022-09-06,539.5723746225551,543.39165689232,532.5839766616186,534.5748291015625,847058,,
2022-09-07,536.4845714774415,542.457248627611,533.7216607365976,536.0782470703125,1026091,,
2022-09-08,544.448070015528,547.3328719608463,539.2473916828715,540.5475463867188,1411280,,
2022-09-09,544.9762577002195,548.5111070568078,536.3219713444344,539.5723876953125,1001852,,
2022-09-12,540.3850841643579,546.7234352947896,538.1503892472313,539.978759765625,657117,,
2022-09-13,542.8229040451058,547.1296926398188,538.3941645669103,540.181884765625,662271,,
2022-09-14,536.321958350428,540.1818313934078,533.0715420783009,534.5748291015625,808021,,
2022-09-15,538.7598076141232,539.9787212060104,529.0897399460633,532.1370239257812,929656,,
2022-09-16,534.8186461922008,541.1976473096391,517.0631576323174,519.2572021484375,1675180,,
2022-09-19,522.0201369930479,524.0922904798505,505.64610107943935,513.2439575195312,863514,,
2022-09-20,518.119548908199,520.8418092668987,511.9843898033763,515.1129150390625,1085251,,
2022-09-21,520.0698396460328,522.101402212828,505.36163377155987,506.2555236816406,997669,,
2022-09-22,505.4428690303533,518.3633544532216,503.980172567387,516.2506103515625,1301725,,
2022-09-23,517.6319885083085,520.8011640696191,512.0249855921436,514.9503784179688,643054,,
2022-09-26,513.9752274625972,517.0631618309296,505.6866147788388,509.3027648925781,1115509,,
2022-09-27,514.3816254463287,520.5168447674423,508.9777544078401,510.7248840332031,1002027,,
2022-09-28,509.4247241035296,516.4131235012343,505.6054410485457,510.8874206542969,1141065,,
2022-09-29,515.7630026303044,515.7630026303044,497.682430771199,504.0614318847656,1288083,,
2022-09-30,503.8176796812549,505.36161718684247,492.7255353148044,501.3798522949219,1390287,,
2022-10-03,499.75459799026436,504.6302526048035,490.81590778315393,491.9941711425781,1181254,,
2022-10-04,499.51079076559074,502.80185746902436,495.16332236126385,499.87646484375,814366,,
2022-10-06,503.0050429301802,507.39313233075217,499.1857898529313,500.12030029296875,634243,,
2022-10-07,499.5107977231848,509.83091312256107,492.72550203661814,508.61199951171875,1613706,,
2022-10-10,504.63026101505505,507.6368949050405,499.5108235844675,506.05230712890625,703614,,
2022-10-11,510.1153612302103,516.7381452174895,500.2828109842569,501.9079895019531,1613001,,
2022-10-12,504.1833262328691,510.8873511788739,496.1384665390299,508.44952392578125,1087634,,
2022-10-13,507.8806743826076,513.3657858802019,498.9419840838505,499.9171447753906,628777,,
2022-10-14,505.44286366415383,507.59631755661667,496.5041730715837,497.641845703125,448261,,
2022-10-17,497.31678519370575,499.7546125721063,490.40959770202596,498.7388610839844,685411,,
2022-10-18,499.67336760348275,507.0680907545636,498.04812952479494,503.3301086425781,577351,,
2022-10-19,506.25545766460897,509.74965673828126,500.77034658062456,502.8018493652344,395449,,
2022-10-20,499.7545925048806,506.17418450447195,494.14758975970386,502.88311767578125,746910,,
2022-10-21,499.7546062905449,500.8922788919221,474.03552777169006,475.6607360839844,3314667,,
2022-10-24,485.08701468570774,485.08701468570774,477.448479186463,479.4393615722656,337567,,
2022-10-25,481.87719042216423,483.4211576446588,472.9385001667363,474.0355224609375,905096,,
2022-10-27,478.58610888525413,478.58610888525413,463.02466480531444,466.39697265625,1665915,,
2022-10-28,469.6880757395212,472.04466209835437,462.74026755200384,467.12835693359375,872997,,
2022-10-31,471.31331501083383,477.0015591987072,468.4285426204712,476.02642822265625,567505,,
2022-11-01,479.19558745197634,487.1591766555581,476.4733568234551,486.3465576171875,828110,,
2022-11-02,486.346546706558,486.671600266341,480.86143527753666,483.989990234375,570453,,
2022-11-03,481.55216047064675,494.0663207167532,480.25197599679603,493.00994873046875,1329958,,
2022-11-04,494.8789461464154,496.0978598068745,487.1185192552807,491.01904296875,610170,,
2022-11-07,493.49751327431755,500.56718264162896,490.04390478174935,499.30767822265625,1070514,,
2022-11-09,499.91717894966354,501.7455495738488,469.688088204497,478.3830261230469,2673972,,
2022-11-10,478.3829661474107,478.62674886673864,468.26598329530106,473.87298583984375,1346472,,
2022-11-11,479.4393507789695,489.47509282929013,473.9542394489442,486.021484375,1367907,,
2022-11-14,489.1906599341032,493.9038025532344,485.615189874651,488.7030944824219,900926,,
2022-11-15,491.62851252921155,495.8947104512875,484.6807044846878,495.12274169921875,682028,,
2022-11-16,491.6285028791127,496.91048194661767,489.3938377404818,494.5132751464844,702052,,
2022-11-17,494.8789448524632,498.6981977257043,491.0190416848902,495.5290222167969,643311,,
2022-11-18,498.1293817249576,498.4137849867049,487.56545364314496,490.4502258300781,912042,,
2022-11-21,492.9286915103457,493.78193108516575,487.68736269359374,491.70977783203125,608245,,
2022-11-22,491.7503940072529,496.5041573105195,489.4344580389948,495.4071350097656,565286,,
2022-11-23,496.5041300027984,499.5107934701539,492.1973118673698,498.9013366699219,665809,,
2022-11-24,502.2330899886509,505.3616152835724,498.4544277954306,499.6327209472656,853294,,
2022-11-25,499.6327311285579,501.90801688784103,494.0663485844203,501.1360778808594,581750,,
2022-11-28,505.4428526758758,509.50591811396055,501.3798467550606,503.3301086425781,1012508,,
2022-11-29,504.792790185805,505.44283778431253,496.5854184785544,497.4792785644531,660429,,
2022-11-30,496.504140500337,506.8649360819712,496.504140500337,505.7679138183594,1418444,,
2022-12-01,506.25550287057933,507.718199290253,502.5987618213952,504.183349609375,612643,,
2022-12-02,504.142720250858,504.142720250858,498.9420117342696,500.8923034667969,660871,,
2022-12-05,501.4204205330946,510.3184900932201,498.77946082237486,505.6053771972656,1023423,,
2022-12-06,505.442847092512,506.8243024199999,499.75460315584405,502.5987548828125,428204,,
2022-12-07,506.1742078439685,509.9934905986315,501.7048774627073,504.9147033691406,839484,,
2022-12-08,506.41798539276544,511.94374726583584,501.1360657737581,503.2488098144531,758224,,
2022-12-09,507.88064427103717,508.81518437117666,495.2445931870657,499.87646484375,524230,,
2022-12-12,499.8764781191327,506.7023944260509,489.80011555604233,505.7679138183594,1400270,,
2022-12-13,506.2554808781804,506.62115496721344,494.0663148184451,496.7479248046875,990001,,
2022-12-14,498.00750678633324,500.5671957437472,493.3349845290595,494.4320068359375,491677,,
2022-12-15,494.0663243537573,496.7885846859644,490.16580066212595,491.9941711425781,533672,,
2022-12-16,491.62851708592274,491.62851708592274,478.91119403416934,483.38055419921875,1246788,,
2022-12-19,485.8183657215679,487.11852045684185,479.4393643770073,481.1458435058594,475365,,
2022-12-20,479.39875125537924,481.87719915654606,474.319934326179,480.9427185058594,559504,,
2022-12-21,481.8772103007736,486.75286514280043,475.863912581819,479.72381591796875,484646,,
2022-12-22,483.0961011922878,484.64006840554566,477.2046951226638,481.2677307128906,596436,,
2022-12-23,475.37629915644544,478.62674530953797,465.6249904558004,467.6971435546875,789414,,
2022-12-26,465.625052430908,477.32662442917166,462.45587668137824,475.701416015625,554780,,
2022-12-27,476.83902701111583,483.25864891666583,476.22957017700145,480.21136474609375,585752,,
2022-12-28,479.3987424413422,487.4841931325126,474.23868453394823,480.2926025390625,984674,,
2022-12-29,478.8298836414728,479.76439398968944,472.5321832003783,474.6855773925781,591195,,
2022-12-30,476.1482908479875,477.81414941771294,471.35390709140205,472.4103088378906,388261,,
2023-01-02,474.8887467307919,476.18893117937347,465.66562374589074,469.1192321777344,581743,,
2023-01-03,469.11924419473047,474.6855967006697,469.11924419473047,470.5412902832031,400521,,
2023-01-04,472.6541217958134,473.50736140291406,464.8530739594648,466.1532287597656,478196,,
2023-01-05,468.916097487205,473.3854576124161,464.4467373619938,465.6250305175781,475200,,
2023-01-06,465.62503587855736,466.80332904770796,458.71784828891145,461.88702392578125,520146,,
2023-01-09,464.2841934208127,467.20958608085454,459.28664762657445,462.09014892578125,529332,,
2023-01-10,463.59345452830917,464.7717475739696,459.36790729442833,460.62744140625,505182,,
2023-01-11,459.5304816779703,462.8215487881308,453.4765334940555,456.1175231933594,1003441,,
2023-01-12,457.1332258460566,459.85548609011335,451.9325475980422,456.6456604003906,711766,,
2023-01-13,458.92100133527094,458.92100133527094,452.21697608336126,456.8082275390625,609004,,
2023-01-16,459.65231680248405,459.65231680248405,453.4764779998869,455.0610656738281,419074,,
2023-01-17,455.8330650790038,463.0652758403031,455.0610666279151,461.31817626953125,834703,,
2023-01-18,462.943401137573,467.7784351694022,459.53044294066615,467.08770751953125,456282,,
2023-01-19,467.1690136484452,468.1441446355293,456.23941058199824,458.02716064453125,712520,,
2023-01-20,458.51469212306864,459.53044357304884,449.57597223216055,452.7451477050781,1011021,,
2023-01-23,454.2078799860448,459.1241852423086,450.22611494180546,458.8397521972656,358850,,
2023-01-24,458.88035431572763,462.1307707748233,454.9391804650903,456.6863098144531,524761,,
2023-01-25,456.6863413076059,458.3115496492283,444.0908799444679,445.91925048828125,1056709,,
2023-01-27,446.8537742159947,448.6821448142598,433.97390919311505,438.40264892578125,739868,,
2023-01-30,440.5966549422481,453.15146528086996,438.1588276920303,450.2666931152344,735165,,
2023-01-31,451.60751334437583,455.0204716098664,444.7409762773979,446.2442932128906,666492,,
2023-02-01,449.1696999668262,457.3770423216636,442.05937994569337,446.73187255859375,644108,,
2023-02-02,442.2219017443726,449.57600467081505,436.00544171433864,439.2965087890625,880390,,
2023-02-03,430.6828097127026,455.75181017121855,428.3668737958122,453.6796569824219,2651515,,
2023-02-06,454.2485280695801,459.44920682827154,448.7634162672318,458.02716064453125,713685,,
2023-02-07,459.1241551750747,462.374571762573,449.4134664310988,457.052001953125,686740,,
2023-02-08,457.4989252025492,459.1241632836358,450.7542794178075,457.70208740234375,562438,,
2023-02-09,457.4989304594494,464.2029557847189,456.5237995030466,462.0089111328125,625305,,
2023-02-10,463.1871812592262,465.25933443854376,458.3115267196554,464.48736572265625,527012,,
2023-02-13,464.48738888906183,465.90943502827236,453.43589479529453,453.9640808105469,608760,,
2023-02-14,456.3612586898279,456.3612586898279,449.4540715999424,450.34796142578125,554558,,
2023-02-15,450.347990019101,454.8173203975273,447.9507831647063,453.9640808105469,414812,,
2023-02-16,455.06109394470445,457.9864867552604,451.1199496611393,456.93011474609375,481018,,
2023-02-17,457.29578728708884,463.0653020575654,455.6299286894392,462.3339538574219,708867,,
2023-02-20,464.89369369884145,465.6250419322429,458.0271563158955,463.51226806640625,655464,,
2023-02-21,467.25018295197776,467.25018295197776,458.3521140616418,463.6747131347656,752568,,
2023-02-22,460.7493716142214,463.1465784407539,455.0610978475873,460.3836975097656,1063968,,
2023-02-23,460.74935221522503,461.8869950171996,449.0071608305191,455.58929443359375,852457,,
2023-02-24,455.87370824593125,459.1241545879069,452.94831546574346,453.47650146484375,986205,,
2023-02-27,452.01383578702064,454.3704221924918,446.5693742486122,452.5826721191406,414117,,
2023-02-28,449.3728578405756,473.710481392507,447.3819456372784,470.9882507324219,1409016,,
2023-03-01,473.7511314287402,475.7013933354676,468.06285761457366,471.8821105957031,1323240,,
2023-03-02,471.3133084301092,474.8075078730801,468.4285360800253,473.5479736328125,1085438,,
2023-03-03,474.15742518750534,478.504893932677,468.5504222161364,471.9227600097656,1016826,,
2023-03-06,474.52306750186244,478.6267532342065,471.110109400128,476.4327087402344,689906,,
2023-03-08,475.3763355914835,478.62678199370526,470.41941003585646,477.3672180175781,506388,,
2023-03-09,477.3672058483899,481.9178366472213,474.2793011881097,479.5206298828125,1020270,,
2023-03-10,479.3987354626035,480.25197501211744,471.3945259595236,478.7080078125,645320,,
2023-03-13,475.4575982620014,479.07368894782036,467.61590054305424,471.3539123535156,1024232,,
2023-03-14,473.5479442050298,474.5636956415664,463.30906973573184,472.6134338378906,679086,,
2023-03-15,473.75114668190736,481.06462906760424,473.30420172768055,480.3739013671875,1109986,,
2023-03-16,485.9402714961811,491.62851558859,479.64254079533345,490.5721435546875,1778016,,
2023-03-17,492.19736139599155,494.7977007524363,480.1301155371002,482.2428894042969,1085560,,
2023-03-20,481.4709026427312,487.5654710306139,476.87965120431465,484.5588073730469,795938,,
2023-03-21,485.0463260057565,486.5090222776036,480.25194258980156,483.25860595703125,617834,,
2023-03-22,481.7959830002741,488.9875740978697,480.2926362085784,482.89300537109375,497307,,
2023-03-23,481.7959723319784,481.7959723319784,466.315768108742,468.0222473144531,1103379,,
2023-03-24,467.3315210615968,469.56618629927533,461.6432471054819,466.1938781738281,609486,,
2023-03-27,468.3879278365703,471.76023599774965,463.43100206120636,468.71295166015625,453752,,
2023-03-28,466.0312976910226,467.85966812192714,459.28665224323015,466.4376220703125,519103,,
2023-03-29,466.43764287263855,472.9385058862378,462.9027932152414,465.82818603515625,1041117,,
2023-03-31,466.43765226146184,474.0355377354654,463.83728319677215,472.6947326660156,545990,,
2023-04-03,470.50068525547323,476.1889590727528,461.4401033950553,470.9882507324219,1189923,,
2023-04-05,470.37878593746314,483.0554881239094,467.69717585956107,481.0646057128906,574938,,
2023-04-06,481.06461350795036,488.05304208648016,480.2519944607222,485.2901611328125,1085324,,
2023-04-10,485.9402919730313,486.75288130125386,481.5115521720816,483.7055969238281,398866,,
2023-04-11,483.5024127587552,483.5024127587552,463.3090671912202,466.4376220703125,1611855,,
2023-04-12,469.6880691840227,477.3266049575013,465.78754534371626,474.48248291015625,988237,,
2023-04-13,473.42607507375016,475.660740242521,469.688063188295,470.1756286621094,402421,,
2023-04-17,470.1756305491621,475.33571834016414,466.43764840733945,471.9227600097656,382473,,
2023-04-18,471.9633791597111,474.11680325758465,468.50980030269136,471.06951904296875,254509,,
2023-04-19,471.31329199840394,472.77598839106247,466.4376373562088,467.7784423828125,298100,,
2023-04-20,468.1847656278521,470.9476466801488,466.2751241900815,468.71295166015625,303276,,
2023-04-21,471.1507458546099,478.13920394767945,469.72869976992416,475.05126953125,835344,,
2023-04-24,477.81413545215366,484.3962689507292,477.81413545215366,481.7552795410156,698062,,
2023-04-25,481.0646093740763,484.3150260177873,477.0421942266102,482.7304382324219,423862,,
2023-04-26,483.502415426275,493.09118278883204,482.77106724987823,491.42535400390625,802855,,
2023-04-27,492.8068082525327,497.31678893651576,486.752860297731,489.6782531738281,907398,,
2023-04-28,488.7843918630432,497.23551689840366,484.03062845090886,495.9759826660156,732669,,
2023-05-02,497.35737422235337,503.00499737165336,496.5041346939668,499.67333984375,760041,,
2023-05-03,502.19246063456046,507.8807049126896,497.35742621537815,499.0232849121094,1213310,,
2023-05-04,500.12031117366195,508.1244916190142,498.8201265886231,504.2646179199219,714780,,
2023-05-05,503.81767220498944,507.8806781104058,500.0796305899016,501.5829772949219,304436,,
2023-05-08,499.7545980377593,505.1178181142621,493.7006503045865,503.6144714355469,714212,,
2023-05-09,503.81765941105556,514.3409075271625,501.66420562825493,509.0995788574219,1287490,,
2023-05-10,509.0995619314242,514.3408904269068,507.06805909784515,510.52166748046875,835100,,
2023-05-11,510.6435670116203,519.2572034424691,508.69330521465326,517.4288330078125,1019385,,
2023-05-12,519.5416620348643,522.4264045791248,508.69333025522315,514.9097900390625,1130818,,
2023-05-15,514.7879297684638,517.6320221893388,508.5308193114466,511.2936706542969,888620,,
2023-05-16,506.0117071638776,514.8691265280003,496.1791271196662,497.3980407714844,2909595,,
2023-05-17,498.1294108289247,507.4744258226262,496.0978780671716,503.89892578125,1238114,,
2023-05-18,504.63026101505505,508.937109168766,501.9893012272544,506.05230712890625,774633,,
2023-05-19,507.88070085580637,511.74063401126887,501.37986730909296,508.0838928222656,1037544,,
2023-05-22,504.79276830082114,511.33425139978317,499.7952225779627,508.85577392578125,511440,,
2023-05-23,509.0996296087663,514.706632930698,507.14936758374654,512.1063232421875,826720,,
2023-05-24,511.9031332928731,518.4446768724961,507.51504371923613,515.6005249023438,739574,,
2023-05-25,514.3815975472087,522.9139937150534,512.1063117415409,521.3700561523438,814000,,
2023-05-26,521.5731576381041,526.9770280626785,518.4852231787376,525.83935546875,1011249,,
2023-05-29,528.1959908845732,530.3087350905723,518.6478131073519,520.8418579101562,435300,,
2023-05-30,520.882471589003,528.7647603021346,518.1602111674446,527.2614135742188,983810,,
2023-05-31,526.5707332359624,532.0151947436015,522.7514503625985,528.5616455078125,1677126,,
2023-06-01,530.2274108080702,536.1188463228037,527.7895836319411,528.6021728515625,758598,,
2023-06-02,532.2589207054357,533.0715694531466,524.945439079633,530.186767578125,492514,,
2023-06-05,530.1867721352604,533.0715740350779,525.3517679690655,528.2771606445312,611368,,
2023-06-06,529.0085084115113,532.0557924461398,525.8393330154977,530.0648803710938,948600,,
2023-06-07,532.2589802061418,536.2408047701581,528.3991065334543,530.2681274414062,510685,,
2023-06-08,532.2589202107059,534.2498322683014,526.2456527799236,528.439697265625,348987,,
2023-06-09,532.2184017199218,541.7665198966896,525.3518343170576,526.3269653320312,1743786,,
2023-06-12,526.7332120581613,530.3899528248782,519.4603212995145,526.814453125,817160,,
2023-06-13,530.5931772464221,546.8859718705982,529.4555045271021,543.7574462890625,2500333,,
2023-06-14,545.2606995167063,548.1047915507078,540.8319602972258,544.6918334960938,1032556,,
2023-06-15,542.4166126707311,552.4117053087086,542.4166126707311,549.9332275390625,897291,,
2023-06-16,548.6330404787715,552.5742145003717,545.5857563170365,547.3328857421875,783499,,
2023-06-19,547.3328285645925,556.0683557432455,546.1139150272334,548.9986572265625,654700,,
2023-06-20,546.4797322788359,552.9805665032793,542.0103417925931,548.3486938476562,593137,,
2023-06-21,550.9082936325917,559.4813390740494,548.5111167392641,555.4182739257812,901608,,
2023-06-22,554.280729782029,559.8877330053192,543.2292054898259,544.48876953125,598966,,
2023-06-23,544.4074957262968,551.55843608992,543.6761475237466,549.0393676757812,958269,,
2023-06-26,550.0957022470421,554.5650322304793,545.5044809048087,550.1363525390625,733396,,
2023-06-27,552.5742580388196,555.6215424406563,546.6015806112196,551.3959350585938,600549,,
2023-06-28,554.1994093676138,555.0120581795284,547.2922515699636,548.633056640625,500878,,
2023-06-30,548.6330961594025,557.5311668147316,547.7798565075216,551.0302734375,721766,,
2023-07-03,552.4929343800213,554.5650876867704,543.635514594184,548.5111694335938,570612,,
2023-07-04,552.574238755658,552.574238755658,543.6761686128104,544.8137817382812,328969,,
2023-07-05,544.813723526787,550.9489417586152,544.4480494503987,550.1363525390625,514164,,
2023-07-06,550.1364355606996,554.1588510079994,548.348655683717,553.0618286132812,403686,,
2023-07-07,553.3867606182671,560.7002420361296,545.0169072791346,546.7639770507812,1303683,,
2023-07-10,545.3419818677114,548.5111574440549,539.2880637468633,541.7258911132812,577732,,
2023-07-11,543.6354657013102,551.7615365304026,534.8186374872453,544.5699462890625,1285310,,
2023-07-12,544.4481433840139,545.5858161014822,536.5252036953194,543.798095703125,974340,,
2023-07-13,549.1612853142477,550.1364162976306,536.7283652761153,537.5409545898438,475244,,
2023-07-14,546.0327002028339,546.0327002028339,532.0558426184241,542.9041748046875,671106,,
2023-07-17,544.3262056530797,555.0120553860811,543.0667011803114,546.9265747070312,728612,,
2023-07-18,547.0078322454507,555.6215289571255,544.5700047831413,551.80224609375,713450,,
2023-07-19,554.1181792777595,556.6372478031814,548.1455020264154,555.458984375,658479,,
2023-07-20,555.4590194861662,558.9532192122715,551.680386700546,556.2310180664062,476791,,
2023-07-21,553.7931274044184,565.1290244705026,550.4614102197414,561.634765625,820326,,
2023-07-24,563.0568357495883,564.3569904024279,555.662053648572,557.3279418945312,773940,,
2023-07-25,553.264917004472,562.5286609331655,541.8071284610878,548.9580688476562,738764,,
2023-07-26,549.0799565334628,551.477193089397,545.4232155334976,547.292236328125,367213,,
2023-07-27,546.0733069514396,551.8022010199034,543.9605034842646,547.7391357421875,397411,,
2023-07-28,545.666950373421,553.3867560904223,542.9853405421458,552.2897338867188,407592,,
2023-07-31,553.1023694805814,556.4340866622268,549.3643874231449,554.5244750976562,504224,,
2023-08-01,554.8901431200294,572.0768255647712,550.5832950560166,570.776611328125,2377818,,
2023-08-02,575.3272916549811,582.8845569267203,565.7385232998224,578.2933349609375,2176923,,
2023-08-03,585.078536913592,587.1100397721198,565.2508952239424,567.607421875,2070598,,
2023-08-04,572.2198240799823,578.7914135137983,567.3625675237867,575.2402954101562,801008,,
2023-08-07,577.8934823758975,577.8934823758975,569.8116272011406,577.0363159179688,766197,,
2023-08-08,578.7914722314767,581.1997418551451,571.9341400253277,579.036376953125,790951,,
2023-08-09,586.1385839675991,588.8325357682445,560.6277166253103,570.3014526367188,3194878,,
2023-08-10,574.709701276424,574.709701276424,556.301011865414,565.852294921875,3653923,,
2023-08-11,569.8524432287421,573.8933710886917,565.7707377764559,572.0158081054688,1344957,,
2023-08-14,572.2606721466328,573.2810685415767,559.1582706229943,570.9136962890625,764852,,
2023-08-16,567.485034997944,574.7097237461967,562.9950755760915,569.93408203125,575532,,
2023-08-17,567.4442620531726,577.1588363188213,566.6279328797681,575.5669555664062,743722,,
2023-08-18,576.3424253787256,579.444571785291,569.893287634984,575.7301635742188,907674,,
2023-08-21,575.0771279633813,577.1179807281112,570.6280055576062,576.17919921875,402795,,
2023-08-22,576.2199316021647,578.0159392937585,571.9749366597557,576.0567016601562,889347,,
2023-08-23,576.219988451775,587.6897330908797,571.6076359980128,573.7301635742188,1133928,,
2023-08-24,577.9751427290943,583.6487887074678,574.3831868834314,582.3425903320312,941318,,
2023-08-25,583.6487619874202,583.6487619874202,571.4443040641721,574.9954223632812,769848,,
2023-08-28,577.7302090615154,580.2200935356981,571.0361669397647,578.7914428710938,1123514,,
2023-08-29,578.791455341135,591.7714052097067,577.9751262231938,588.138671875,1160520,,
2023-08-30,590.995870345726,592.5877508738148,582.9547929456152,584.2201538085938,709095,,
2023-08-31,586.9549363862925,589.4039833256078,580.7914816586207,586.6283569335938,1277606,,
2023-09-01,587.4855750053904,588.58764622496,580.8731476879723,587.6488647460938,738408,,
2023-09-04,587.6488544421678,587.6488544421678,569.5259058159038,577.8118286132812,2183314,,
2023-09-05,577.975066374283,582.7098704339601,573.2810399020068,579.1587524414062,788498,,
2023-09-06,577.4853241377504,585.3222751014517,571.4851585561664,584.3018188476562,1006464,,
2023-09-07,580.1384096233116,585.6079879038739,578.0159420376255,580.7506713867188,1191591,,
2023-09-08,583.2813630443371,587.5263577874097,578.3832691903363,585.2406005859375,578204,,
2023-09-11,586.1385812863527,591.853064334495,583.9344389140892,589.1998901367188,623572,,
2023-09-12,588.5876534083494,594.873561112267,576.4648698451311,587.1182250976562,777309,,
2023-09-13,585.281421425152,591.8530710256925,579.8119028143918,591.0366821289062,733596,,
2023-09-14,591.8938704965107,606.3024713752139,587.7713276427469,595.1184692382812,1718191,,
2023-09-15,590.2611562301338,592.3020087715585,586.1793913560989,587.5263671875,890517,,
2023-09-18,589.2407288714212,610.2209188378323,582.7099167119153,605.2411499023438,1437289,,
2023-09-20,603.9757970196375,619.6088596482198,597.6490527289753,609.894287109375,2449920,,
2023-09-21,611.3637985380046,617.4048015858623,606.5881564789311,614.9149169921875,1153027,,
2023-09-22,614.0250740112359,665.8959032988987,611.2821532306183,655.6588745117188,7210089,,
2023-09-25,654.3854323043876,654.3854323043876,597.5675354875395,598.9390258789062,4834319,,
2023-09-26,600.996220350862,602.3677107848481,584.8325078230882,587.2815551757812,2415991,,
2023-09-27,586.7917143235263,594.5307274606306,581.8936198800913,591.3959350585938,1355749,,
2023-09-28,587.7712999625891,590.8571232038681,554.7091643396935,557.94189453125,3158401,,
2023-09-29,559.362369016092,565.680922620834,555.6887982913803,557.2561645507812,1251009,,
2023-10-03,561.7133948223886,564.1134128400182,548.6354491088343,550.055908203125,1758429,,
2023-10-04,550.0560055434412,552.8969242347638,543.8844185080487,548.8314819335938,871451,,
2023-10-05,555.4438529135128,557.0602478305292,550.3987922377712,551.7213134765625,754638,,
2023-10-06,555.3459717584329,556.4235286192117,549.566196400313,553.8275146484375,439072,,
2023-10-09,543.6884528270784,553.7295458747858,541.7292151592331,551.3294677734375,798497,,
2023-10-10,556.1296286003025,556.1296286003025,547.6069327160722,550.349853515625,493565,,
2023-10-11,554.9050907015912,555.8357405357334,548.0967279669987,549.419189453125,558543,,
2023-10-12,550.3008476751844,556.9622433968607,550.1538809422417,554.3172607421875,582423,,
2023-10-13,553.3866968565427,560.5868712868714,550.1049379258037,556.6683959960938,902939,,
2023-10-16,553.386650397731,559.8031411894542,548.8313993381568,557.5989990234375,928701,,
2023-10-17,560.3419895599524,563.2808461485536,555.5908619915234,562.2522583007812,758296,,
2023-10-18,563.2808282738189,566.366651510403,558.7746055641037,560.684814453125,869903,,
2023-10-19,559.362353434337,565.9747805546203,554.4642592711642,564.5543212890625,715364,,
2023-10-20,560.3419548299102,573.9586800962725,559.4113050096302,572.34228515625,909357,,
2023-10-23,573.1260010220835,573.1260010220835,557.5990660363493,558.87255859375,788489,,
2023-10-25,560.3909158357224,566.7584379590695,549.4191734495639,551.7213134765625,1591076,,
2023-10-26,547.802811982208,550.4967635202372,522.2347269647485,526.7899780273438,3216925,,
2023-10-27,528.9452254359546,535.7535886001752,525.0267499217202,526.5941162109375,2250687,,
2023-10-30,524.0961109952975,535.9985045353126,523.6063015457692,534.6270141601562,992646,,
2023-10-31,538.1046441743091,551.5254349219447,537.0760562983236,547.215087890625,1354517,,
2023-11-01,547.16611598712,548.0477968996594,537.4188961279661,538.83935546875,369817,,
2023-11-02,540.7496053200819,544.0313045518348,533.892273368559,537.7617797851562,1165799,,
2023-11-03,530.9533862014099,543.5904925569954,530.1207341432142,541.8761596679688,1345253,,
2023-11-06,545.696685532173,563.8196348250059,545.3538428404067,557.5501098632812,1676482,,
2023-11-07,557.5010216222988,560.684782644968,551.035561615814,559.8031616210938,546598,,
2023-11-08,562.2032455732574,576.0158465485075,560.9787220899484,574.301513671875,932012,,
2023-11-09,577.9751056268203,580.2282169617042,565.9258060609734,567.1503295898438,1048550,,
2023-11-10,567.1502895869323,567.1992585663957,557.011199608315,566.6115112304688,513917,,
2023-11-13,562.5950496735966,565.9747464004734,560.4889051852421,564.1624755859375,309268,,
2023-11-15,566.9054350057202,567.1013707320753,558.039896456649,563.57470703125,863431,,
2023-11-16,563.133932281548,567.9340890768128,561.0277874033287,566.4646606445312,359440,,
2023-11-17,569.99120219137,580.4731358121566,568.3748669685879,575.8199462890625,1301545,,
2023-11-20,577.4853097693851,580.5711330510409,568.717709138652,570.8239135742188,477295,,
2023-11-21,569.0605847155945,574.3994593415111,568.1789038793072,571.2156982421875,303879,,
2023-11-22,566.7584891195334,577.9751372152541,557.3052028347105,558.0399169921875,653479,,
2023-11-23,560.929707770907,568.0809729306432,558.921501164773,563.1338500976562,781968,,
2023-11-24,563.3297797645419,566.7094765874755,559.7542070142853,561.8603515625,304929,,
2023-11-28,560.5868252748255,565.7298236718423,558.3826831046755,562.5950317382812,463480,,
2023-11-29,562.5950633907572,564.1624893413151,560.4889188510509,562.3501586914062,580733,,
2023-11-30,561.3215639833088,565.5828817829382,559.7051690710712,562.6930541992188,1252807,,
2023-12-01,564.2604580297021,589.6326101804997,562.3012203282101,574.20361328125,2795922,,
2023-12-04,578.9547608153447,583.7549172665002,571.2157477103042,573.664794921875,963472,,
2023-12-05,573.5668220779523,580.0322824069331,572.5872032528832,576.015869140625,734825,,
2023-12-06,577.9750804470492,581.305808216947,564.260417521187,567.0523071289062,5402864,,
2023-12-07,572.8811166513577,584.34266965736,571.1178146022479,576.5546875,1794395,,
2023-12-08,576.6036153580103,578.8077577099771,563.8685706577584,567.1503295898438,786988,,
2023-12-11,568.0810334072589,568.7177498280575,562.3012578853399,564.7503051757812,469175,,
2023-12-12,564.7502504520321,569.0115684080051,557.0602666216756,559.4113159179688,951442,,
2023-12-13,563.280864756305,566.1707524554671,551.2315643032347,559.4603271484375,1726244,,
2023-12-14,561.7134757579425,570.236111969324,558.6276524461045,568.2279052734375,1021280,,
2023-12-15,571.6076063476147,577.6812552541908,566.3176405729088,573.8607177734375,1602267,,
2023-12-18,573.8606651262214,583.7548506058369,569.7462543223807,581.2567749023438,1297864,,
2023-12-19,585.8120639831568,587.7713016553413,578.6118894543545,581.1588745117188,1697044,,
2023-12-20,580.032273068204,585.7630789773029,558.6765949837695,560.8807373046875,1795780,,
2023-12-21,559.3133889047133,564.554325784566,552.1621833277742,562.4481811523438,499468,,
2023-12-22,563.2808527651861,573.0770415089283,562.5461386094054,571.2647705078125,1069705,,
2023-12-26,574.0566443227596,576.995500863661,570.4810116148536,575.8199462890625,510287,,
2023-12-27,578.8567848170535,578.8567848170535,566.7094875291667,572.6361694335938,1158927,,
2023-12-28,576.7995996120043,585.3712650353052,572.3913145371638,583.9508056640625,913489,,
2023-12-29,587.5754115226658,594.6286796480645,581.942602778059,592.3265991210938,1820196,,
2024-01-01,595.1184795680548,596.5879079126673,587.8203068315744,591.5428466796875,631961,,
2024-01-02,590.7101922201002,593.1592394515269,580.6690985712511,592.0326538085938,613442,,
2024-01-03,594.5796174924717,594.5796174924717,583.0201280991903,585.958984375,334537,,
2024-01-04,586.2528686523438,589.0447582484074,579.5424441597788,586.2528686523438,639813,,
2024-01-05,586.9386593306031,591.5918488794925,581.0609462162164,584.1956787109375,465157,,
2024-01-08,582.8731743491428,584.7344739484125,566.2686240628083,567.0523071289062,581798,,
2024-01-09,571.362716999749,577.975144500389,569.4034792217816,575.91796875,655120,,
2024-01-10,575.9669461881616,581.9425975821745,570.7749779585976,580.5711669921875,935943,,
2024-01-11,583.6569260006818,583.8528617380271,576.9955294692918,581.55078125,355149,,
2024-01-12,581.7466525972909,584.6365402745082,575.5260965763047,583.6569213867188,537422,,
2024-01-15,586.154924072761,593.4530965766994,584.0977483723284,590.4652709960938,700739,,
2024-01-16,590.4652512609674,594.6286312988922,586.497806947771,592.130615234375,897327,,
2024-01-17,586.7917114230446,592.5224579770602,579.3956008082546,583.0202026367188,1134435,,
2024-01-18,580.7180127032074,581.8935672214881,555.4438596205114,564.603271484375,1433666,,
2024-01-19,569.6973487913137,573.2240126407486,564.9951901165921,567.5421752929688,978376,,
2024-01-23,563.2808287793147,563.2808287793147,531.4921857012705,535.8515014648438,1857284,,
2024-01-24,538.6924516401849,552.4071161030545,531.7860906312864,551.0845947265625,1093896,,
2024-01-25,551.5253548968141,551.5253548968141,540.7495486732529,543.39453125,1099198,,
2024-01-29,540.7495913364415,552.4070792690467,539.86791047757,548.4395751953125,595840,,
2024-01-30,551.721343810996,555.1500097582343,546.9211875683866,550.349853515625,592044,,
2024-01-31,550.6437673131658,555.5418618802325,546.6273536846484,553.6316528320312,554075,,
2024-02-01,554.0233952508404,555.8846948700772,550.5457605012848,553.9744262695312,640925,,
2024-02-02,556.7173709896613,559.3623537977306,550.0070058982304,557.94189453125,996264,,
2024-02-05,562.3012646364377,563.1829455880597,553.0928227973424,555.5418701171875,732928,,
2024-02-06,555.5418494850977,555.5418494850977,542.5618991719767,544.47216796875,1071673,,
2024-02-07,557.4031492955314,566.4646240424272,540.7496281390745,544.47216796875,4449337,,
2024-02-08,544.4721259709875,548.0967275484012,535.557618661921,537.8107299804688,1033571,,
2024-02-09,540.6025969871196,545.4027529003819,532.3738351530507,542.7088012695312,1075063,,
2024-02-12,542.659845912704,543.9823073754848,534.3330861173922,539.7699584960938,813053,,
2024-02-13,540.5536682267232,548.4886167681607,535.4106692760689,547.1171264648438,596957,,
2024-02-14,545.206840499373,550.2029323394685,535.5086500883425,549.419189453125,850727,,
2024-02-15,551.4274727948473,551.4274727948473,540.7496034479678,542.12109375,488382,,
2024-02-16,542.7088583054109,552.847889774243,542.7088583054109,551.427490234375,725200,,
2024-02-19,552.9948846206537,552.9948846206537,544.0313475167908,545.5498046875,327372,,
2024-02-20,547.6069072493106,553.4846200283729,541.8271324334247,551.8682250976562,720241,,
2024-02-21,553.4846770560289,564.1135181768225,550.0560109149739,560.5869140625,1097088,,
2024-02-22,561.3216070529795,561.8114164832177,547.6559119910956,559.9991455078125,1075229,,
2024-02-23,560.2929875367053,561.1746085865856,550.5947374497142,560.2440185546875,877319,,
2024-02-26,550.5458351978624,559.3134365244657,543.6885027309851,554.9051513671875,1111006,,
2024-02-27,551.5743971913314,557.1092677674209,544.913000780478,551.427490234375,1046795,,
2024-02-28,550.5457544597475,555.9336577507237,543.7863609600487,552.700927734375,1083775,,
2024-02-29,546.6762399540789,607.9513817582565,544.6680334436835,594.334716796875,8044840,,
2024-03-01,577.2893630040784,583.020169018838,567.1993010405242,577.1424560546875,5148516,,
2024-03-04,582.530376369448,582.530376369448,562.6440657688255,567.1013793945312,1121932,,
2024-03-05,563.7706381811926,569.8932558851586,558.3827346017025,564.5543212890625,718291,,
2024-03-06,563.3787599014969,573.077010143477,555.5908381094204,566.0237426757812,688953,,
2024-03-07,565.1910746990541,571.6565348177463,558.4316811094509,561.7134399414062,928556,,
2024-03-11,561.7134438572175,571.9994412575974,557.4030972205837,564.603271484375,792829,,
2024-03-12,562.4482157722208,564.5543605340807,550.7907269370232,552.3580932617188,513030,,
2024-03-13,555.1989590696653,558.5296869311544,541.9741051703437,545.4027709960938,785395,,
2024-03-14,542.8067791630003,555.9336956282308,537.8597159442821,553.7295532226562,461038,,
2024-03-15,552.4560764817444,555.93371152955,544.6680944677178,546.431396484375,710688,,
2024-03-18,546.431365641239,546.431365641239,541.1414598898542,543.933349609375,485247,,
2024-03-19,540.847519817989,541.2393912575461,531.19829847856,538.7903442382812,849823,,
2024-03-20,535.9004507721087,543.0516560297228,531.9330066037435,537.516845703125,605119,,
2024-03-21,538.00661783987,545.5006652408244,537.8596511140705,544.2271728515625,915142,,
2024-03-22,540.7495981091398,548.4886108391338,540.7495981091398,546.9701538085938,394757,,
2024-03-26,544.0312926507422,550.4968127954537,542.7088311483543,546.8232421875,634752,,
2024-03-27,546.8232617681758,558.3827524035552,545.9905498591755,555.6398315429688,844130,,
2024-03-28,552.5050662748829,574.0566823352507,549.5662095393782,561.37060546875,1546078,,
2024-04-01,558.3827865885793,561.6644860669644,553.4846919693813,554.9051513671875,569340,,
2024-04-02,554.9050968581702,562.3012070483913,551.7703046515792,560.048095703125,373873,,
2024-04-03,557.8929030705564,558.7745839014531,548.635493510885,549.6151123046875,602966,,
2024-04-04,553.3867787036385,553.7296214258135,543.7864649883759,547.26416015625,792921,,
2024-04-05,544.3252266304903,551.8682437861079,543.6884504747203,550.6927490234375,328980,,
2024-04-08,550.6927522642538,553.0438015946187,545.6476913452149,548.5865478515625,320033,,
2024-04-09,548.586536704341,552.9458523917469,543.6884426266237,544.4231567382812,350549,,
2024-04-10,547.6069093707815,551.2315108901493,543.7863721331155,550.2518920898438,310094,,
2024-04-12,550.2518960507491,551.5253885420759,544.0803095226364,545.4027709960938,326402,,
2024-04-15,536.9290817192277,541.2883976732311,531.9330493708947,534.8229370117188,439357,,
2024-04-16,530.9534065762851,536.1943434073802,519.0510138592529,520.37353515625,858385,,
2024-04-18,521.2061841331937,526.055309277509,503.2302026022904,505.3853759765625,1385210,,
2024-04-19,504.50369120262667,504.50369120262667,490.495154065335,494.26666259765625,1587104,,
2024-04-22,499.6055761188533,505.4832887790751,491.3277854974706,496.1769104003906,1908717,,
2024-04-23,501.07502975667245,501.07502975667245,491.7686509048867,496.0299987792969,1297766,,
2024-04-24,499.40968887313846,499.6056246057318,495.63818013327744,496.3728942871094,598336,,
2024-04-25,496.66674202019965,499.3606937767195,493.3360440094394,495.39324951171875,785265,,
2024-04-26,493.7278728605319,499.0668072534713,491.7686352698155,492.8462219238281,691473,,
2024-04-29,497.4504066139251,497.4504066139251,492.7972173893923,494.07073974609375,454281,,
2024-04-30,497.15659277518,509.35286006356824,495.4422596966449,498.1851806640625,1744043,,
2024-05-02,500.6342309336396,515.2795455652636,500.4872940765711,511.8019104003906,1110923,,
2024-05-03,516.1611426031111,516.1611426031111,503.03422745414406,512.5855102539062,1472843,,
2024-05-06,516.9938436076044,516.9938436076044,499.1647687338604,500.9281005859375,1047073,,
2024-05-07,504.50367823371477,509.3528032157518,501.4178850158699,502.4465026855469,635314,,
2024-05-08,502.44653076469837,503.81796127639046,489.80942371634103,491.0829162597656,1165268,,
2024-05-09,491.1808721534908,491.42577685938056,469.7761948796023,471.4415588378906,2376176,,
2024-05-10,477.0743868845814,482.364322772355,468.2578171064269,480.2581481933594,1293255,,
2024-05-13,482.65823151933176,486.72364387018735,476.29070883382917,485.64605712890625,1144255,,
2024-05-14,489.2216468956549,489.2216468956549,480.2091714280299,484.4704895019531,955256,,
2024-05-15,483.93170592630474,483.93170592630474,470.31501005850936,475.2131042480469,3269682,,
2024-05-16,477.0743576984016,481.97245171994575,474.3804059865523,480.0132141113281,1715553,,
2024-05-17,480.01323017810887,483.6378318336099,475.6539143947842,481.8255310058594,1243561,,
2024-05-21,484.1276654428252,484.8133807257008,474.380445568416,481.92352294921875,1880165,,
2024-05-22,483.3929201389747,483.93169853335525,476.0947479498191,478.0539855957031,1610062,,
2024-05-23,479.0335844611963,481.62956825472025,477.5151873071331,478.34783935546875,950540,,
2024-05-24,479.0336244006459,479.91527539895134,475.1151489454259,477.7601318359375,1118105,,
2024-05-27,483.8337322494009,483.8337322494009,473.25386088537084,476.4376220703125,2500799,,
2024-05-28,479.9642599147811,487.45833801948214,477.1723402573764,485.9399108886719,1874042,,
2024-05-29,483.19699970358954,491.1808873840433,479.0336195743645,482.6092224121094,1815179,,
2024-05-30,480.5030625896979,481.8745230481436,466.3965566395782,467.8169860839844,1929766,,
2024-05-31,466.3475662397383,471.637532225891,441.61218896949583,450.62469482421875,47931536,,
2024-06-03,453.5635094879399,464.29034742650765,453.220636924975,462.18414306640625,2352584,,
2024-06-04,462.1841626052509,462.1841626052509,430.05267620468754,446.4123229980469,4981632,,
2024-06-05,442.7877465609024,471.8334412134883,442.7877465609024,465.3679504394531,6311374,,
2024-06-06,468.25782240400235,475.1641235167855,463.35972802739144,467.4251403808594,2809556,,
2024-06-07,469.6292640186386,473.4008025165129,466.29856595522017,472.7150573730469,1761247,,
2024-06-10,475.99681075127495,483.19701554284194,471.1966841887622,481.92352294921875,2809858,,
2024-06-11,480.99284331547767,486.4787147173392,479.0336056644981,483.050048828125,2543671,,
2024-06-12,486.8215967935579,490.69107329246134,479.9152660016101,488.8298034667969,2520688,,
2024-06-13,488.8298171617563,494.65856140879697,486.870579417621,491.1319274902344,1971064,,
2024-06-14,491.7686615865959,494.02177297825676,490.2992333149228,492.45440673828125,851134,,
2024-06-18,494.70752413310703,498.3321258721223,492.65031854868204,493.7279052734375,1948411,,
2024-06-19,495.68711672506186,496.3728618487292,486.9685153151429,487.5072937011719,1060446,,
2024-06-20,487.8501703247581,504.40575223016566,487.36036091680154,499.7525329589844,3107570,,
2024-06-21,502.59344024091746,504.50370896124167,489.85839516034247,491.964599609375,1474799,,
2024-06-24,493.5319564802249,494.65854205550187,486.18481522717116,492.5523376464844,982768,,
2024-06-25,491.2788883472221,494.1197772359132,488.8788100351435,489.8584289550781,911396,,
2024-06-26,489.8583873805932,492.01356077977766,484.37254581102235,485.69500732421875,857647,,
2024-06-27,485.69501033151477,494.0707693753204,484.51948565744004,491.5727233886719,1784087,,
2024-06-28,491.5727190066201,496.5687810397859,489.80941706342946,493.923828125,965612,,
2024-07-01,493.923856471584,499.3607293547757,493.4340470264101,496.91168212890625,825823,,
2024-07-02,496.42187448858357,499.85054061726646,494.07079512232025,497.7933349609375,553025,,
2024-07-03,500.97709712535556,507.932397261772,498.1362083078323,500.2913818359375,2251803,,
2024-07-04,500.5852264344809,506.41397048133933,497.2545283629594,502.5444641113281,1138953,,
2024-07-05,506.6099370772413,508.91201757133723,501.3199711109371,503.9159851074219,949375,,
2024-07-08,503.9159397768465,506.85479620682537,497.1075770891581,499.11578369140625,1057824,,
2024-07-09,499.6055971800652,505.18943640090345,498.381073657565,503.3771057128906,2123464,,
2024-07-10,505.38536457742873,521.0592654314223,494.75646468610233,515.5733642578125,4436823,,
2024-07-11,519.1980046146027,521.0593043966787,508.91200640997386,512.7325439453125,2847976,,
2024-07-12,514.2998611972359,521.6470020714821,511.8997832200784,515.2794799804688,1118958,,
2024-07-15,517.2387178456167,525.9083201657594,508.1772440954805,510.0385437011719,2913766,,
2024-07-16,511.60596513702365,513.3202981939692,508.0793610506411,509.8916320800781,1216233,,
2024-07-18,498.6260114564598,513.1243589668966,496.8627094252647,510.6263427734375,2144891,,
2024-07-19,510.38142655038035,518.0224417074838,509.8426481351007,513.0753784179688,2245402,,
2024-07-22,513.2223127441558,517.9244710214078,506.854790550264,516.0631713867188,1179701,,
2024-07-23,516.063232420408,517.2877560640551,500.6342345104542,514.9367065429688,1235313,,
2024-07-24,515.2795412395291,521.1572546376985,513.4672701915705,519.1490478515625,673964,,
2024-07-25,516.2590913093095,522.8225490204351,513.9570111184267,519.4918212890625,736843,,
2024-07-26,519.1980381429199,532.422893831466,519.1980381429199,531.3453369140625,1460612,,
2024-07-29,534.3820615088938,535.4596182847374,526.7900157221038,527.818603515625,881090,,
2024-07-30,528.9942057318646,544.6191391371832,528.9452367451279,539.623046875,1784109,,
2024-07-31,542.4149605771757,547.0681500406757,539.7699777660011,543.5905151367188,915710,,
2024-08-01,542.5618390608141,546.6272809268337,536.537219419934,541.7291870117188,752570,,
2024-08-02,533.500407838621,544.325244086729,533.500407838621,539.0352783203125,570732,,
2024-08-05,533.4157038711297,540.9577854708431,526.8595723185794,536.6691284179688,1479162,,
2024-08-06,537.4084966163985,541.8943432679699,531.6903479100766,533.0706176757812,551170,,
2024-08-07,535.0424148473793,536.5212495704654,524.4933817879098,526.2186889648438,524567,,
2024-08-08,523.5074968460557,525.2820864954917,509.7050393020919,510.8388366699219,1314999,,
2024-08-09,514.7330800131253,529.3735807710594,507.5360959555873,524.1483764648438,2216308,,
2024-08-12,525.4299830528049,538.345115415045,514.3880052137171,518.6273193359375,2182696,,
2024-08-13,517.6414531365427,529.1270939459458,513.6486112832367,527.3031616210938,1806393,,
2024-08-14,527.3031670082705,543.0774047520222,521.3385453962028,539.4789428710938,3121337,,
2024-08-16,542.4859065290855,544.1619313600565,529.6200556284726,542.140869140625,1337329,,
2024-08-19,550.6194774436188,556.3869089569346,540.3169165470835,554.8095092773438,2510348,,
2024-08-20,554.8094910903716,562.4994195806925,553.0841839212767,559.9854125976562,1809059,,
2024-08-21,550.1265148993913,574.724477734788,550.1265148993913,567.9218139648438,2734967,,
2024-08-22,571.3232119624505,588.7734756827191,570.3866044982146,573.8372192382812,3307418,,
2024-08-23,574.0344231746286,576.6470556107387,556.2391216185172,557.7179565429688,1020719,,
2024-08-26,557.7179162643486,565.1120903525963,555.105284016924,564.2740478515625,799496,,
2024-08-27,561.9572270156647,577.7314649669815,561.464282079686,575.9075927734375,1759210,,
2024-08-28,575.4639198186776,575.4639198186776,563.4360515650038,565.7528686523438,655824,,
2024-08-29,565.7528611633086,567.8725483909412,560.2811845807881,563.978271484375,690713,,
2024-08-30,563.978260427096,568.8584270789389,562.1051058703678,562.9923706054688,354394,,
2024-09-02,565.9993506299353,571.0767075329951,562.1051337803013,567.9711303710938,655142,,
2024-09-03,567.9711199512795,572.8020042980687,566.9359476409509,568.6612548828125,471349,,
2024-09-04,568.266916291622,591.0409470630061,566.5908915629107,589.266357421875,5339588,,
2024-09-05,590.5480266221925,595.97042085662,584.6819699156144,587.097412109375,2116046,,
2024-09-06,584.6326839122972,592.5198027509117,577.9779273922163,587.8861083984375,1767040,,
2024-09-09,589.562111367607,596.4633400959905,585.2735147274017,593.8507080078125,1339041,,
2024-09-10,592.5197989222515,600.7026726296508,591.8296639935439,593.2592163085938,1156637,,
2024-09-11,599.4210090513753,613.5192214071051,595.97039469006,609.2799072265625,5029471,,
2024-09-12,612.2376292345875,618.054403726845,606.5687622972303,612.0897216796875,1923351,,
2024-09-13,608.2940173100068,615.6389084841131,602.1322059515181,613.8643188476562,1082762,,
2024-09-16,612.3361386464444,617.857157702361,609.7235667469477,616.3290405273438,846694,,
2024-09-17,613.3220845791791,620.6176939308671,607.3081802405308,613.7657470703125,904631,,
2024-09-18,610.3643986054652,612.7798408382087,604.8927218244785,611.4489135742188,1302741,,
2024-09-19,610.2658550745052,617.7585943305594,608.244792791196,611.7446899414062,691021,,
2024-09-20,613.2234801084277,617.1177570088561,606.4208161469735,614.0614624023438,932381,,
2024-09-23,614.4558766231123,615.1952940438381,602.3787254179248,606.1743774414062,1379254,,
2024-09-24,606.3222324146944,611.2516814587163,601.8364458194221,603.3645629882812,763937,,
2024-09-25,600.4069037751227,609.2799122052969,591.7310853448514,607.2588500976562,959982,,
2024-09-26,606.5194377177523,607.2095726361198,597.5971467576918,605.23779296875,1803592,,
2024-09-27,608.2940153128023,620.2726006239509,605.1391558728266,608.8362426757812,8924066,,
2024-09-30,607.8010771238994,616.1811406365566,604.3504627363347,613.5192260742188,1430522,,
2024-10-01,613.1249294362772,615.1952740775383,599.0759988984488,610.9066772460938,1098938,,
2024-10-03,596.4633241624699,605.4348972001321,581.872167275597,588.62548828125,1567171,,
2024-10-04,579.8018406578149,584.5834428970705,566.1472892700314,568.8092041015625,1777023,,
2024-10-07,568.7598756504713,573.4428524142245,553.971527975461,559.8375244140625,1238244,,
2024-10-08,553.2813750645854,568.4640420797141,553.2813750645854,565.013427734375,886312,,
2024-10-09,567.971108919121,576.7455525054465,564.0768922165696,567.6753540039062,895473,,
2024-10-10,568.3162093847784,573.7878859531519,563.7317975666075,565.2106323242188,699203,,
2024-10-11,564.7177139183684,566.6402112283118,557.8657671849512,563.4853515625,657654,,
2024-10-14,562.9430841408989,567.9710981258218,557.0277452532538,560.4290771484375,726045,,
2024-10-15,564.0768885584031,580.2947280725613,564.0768885584031,573.0484619140625,2560859,,
2024-10-16,573.3442704968039,575.463957892739,559.4925291663296,561.6614990234375,491083,,
2024-10-17,563.9289636763469,564.6190985687804,548.6969542835182,550.2744140625,504715,,
2024-10-18,550.2744668378299,550.4715966769132,541.3028327236257,548.4998168945312,818515,,
2024-10-21,549.3378206288094,557.4714116569872,546.5279985328935,548.7955932617188,775279,,
2024-10-22,548.6477172602703,551.7039518133469,528.4862572147493,530.8524169921875,622476,,
2024-10-23,529.4720825671977,532.9226967206414,522.9159517800159,527.056640625,517436,,
2024-10-24,530.852419860483,543.7182708067053,528.0919402211849,536.3240966796875,1003315,,
2024-10-25,540.2676676000118,544.999927106245,526.4159264782675,529.3735961914062,1092908,,
2024-10-28,533.5142940367135,540.6126525200582,527.3031401028792,531.591796875,427883,,
2024-10-29,535.338192835737,541.2042495249868,523.5567969991309,537.8029174804688,585566,,
2024-10-30,535.091699682269,542.5844382429748,531.9368402242047,539.1831665039062,976488,,
2024-10-31,538.5916003269236,540.0211526105207,520.7963009886035,529.2256469726562,1514198,,
2024-11-01,531.394649934253,535.0917370163559,521.6343159679241,524.2469482421875,229817,,
2024-11-04,524.2469448093236,526.2187245735336,512.6627386945901,517.0992431640625,603925,,
2024-11-05,517.0992372864631,519.8597168901915,502.80383415842937,506.1558837890625,1320133,,
2024-11-06,503.29680099785475,521.042819446359,500.83207621334026,517.7401123046875,2276886,,
2024-11-07,519.4654193704916,519.5639842922404,506.6981329588819,508.9656677246094,755213,,
2024-11-08,508.96562673694496,510.69093394622274,495.60683152275357,497.13494873046875,730157,,
2024-11-11,483.0860254982206,489.2971195055524,479.0931836487888,483.8747253417969,1574113,,
2024-11-12,487.0295738493723,490.9731331517964,483.6775544597058,489.14923095703125,746801,,
2024-11-13,486.438061139099,488.16336843039176,478.55094209318906,482.8395690917969,1258501,,
2024-11-14,484.46628357302177,488.7549105910639,479.14248421030163,484.959228515625,364603,,
2024-11-18,486.5859214723535,487.0295839378543,471.6496963224227,472.5863037109375,460129,,
2024-11-19,472.7342019549192,476.6284790527359,468.2976974527354,469.5300598144531,476377,,
2024-11-21,471.7483004232995,471.7483004232995,457.20642491390834,458.9317321777344,757344,,
2024-11-22,458.9317435036807,470.8610171825026,458.9317435036807,469.5300598144531,410464,,
2024-11-25,473.37499884496236,477.61434319290225,467.8540097447209,469.1849670410156,468128,,
2024-11-26,473.67078706593867,482.6916731112671,471.69900738009767,480.0790710449219,768438,,
2024-11-27,485.05783415502907,485.05783415502907,477.66365985388535,483.4311218261719,488477,,
2024-11-28,485.0577997740159,486.04368961095497,477.7129084540319,482.5437927246094,676369,,
2024-11-29,485.0578313345361,488.55772844860417,482.3466341065483,486.7338562011719,437653,,
2024-12-02,489.2971249102862,490.9238672469581,480.6213061872332,482.6916809082031,3195771,,
2024-12-03,485.20570060205614,486.7831304345294,474.6073843444942,475.3468017578125,2234434,,
2024-12-04,475.2975165345699,479.0438860388091,470.31875459499497,471.5511169433594,1625906,,
2024-12-05,473.227137552882,477.31857449558044,469.53005054075015,476.0862121582031,1546335,,
2024-12-06,478.1565630163676,480.07906020142747,472.88204645848384,473.6707763671875,1154541,,
2024-12-09,475.1989183617533,476.08621322926683,467.60755431164216,472.33984375,1214274,,
2024-12-10,474.2129971643711,474.31159216246436,467.8047134189066,470.6637878417969,2045768,,
2024-12-11,471.89618220469833,474.16374696723483,468.05121771323195,469.43145751953125,1163869,,
2024-12-12,470.7623938349642,470.7623938349642,463.762570024422,465.3892822265625,897153,,
2024-12-13,464.6992068840936,469.1849938605353,458.4388000488281,468.2976989746094,1255041,,
2024-12-16,469.28358582501636,472.63560542065784,465.1921488147346,470.7624206542969,319487,,
2024-12-17,473.1285152353763,473.1285152353763,455.6782835976767,456.5162658691406,846496,,
2024-12-18,457.74865660429464,459.1289264978965,445.1785607069259,446.4602355957031,1553122,,
2024-12-19,442.76313559803094,450.00943197930314,437.7350913689663,438.770263671875,1734273,,
2024-12-20,441.678663341019,441.77725834576614,435.7140416409567,438.5238037109375,2478191,,
2024-12-23,440.6927481195675,440.6927481195675,431.57326731396125,437.3407287597656,1073520,,
2024-12-24,437.3407467739234,441.62937367114375,435.6154395234186,437.58721923828125,469109,,
2024-12-26,439.213939744599,439.6082896775927,433.2493180297695,434.7774353027344,559602,,
2024-12-27,437.5379168517317,438.7209967429057,434.77743722162114,436.05908203125,289316,,
2024-12-30,436.8970657860932,444.1926444044791,431.57326679899916,441.92510986328125,1481944,,
2024-12-31,441.18571390860006,443.74903357104984,438.3266393218938,442.22088623046875,525227,,
2025-01-01,441.6786787736936,453.21360273181335,440.59419385752443,451.6854553222656,811891,,
2025-01-02,452.523444192296,454.1008739802951,445.2278652706422,450.9460144042969,709043,,
2025-01-03,450.9460164827623,454.4952260003763,449.5657766945154,451.3896789550781,498090,,
2025-01-06,451.3896726946742,452.6220350040476,436.40413497790576,441.2843017578125,968101,,
2025-01-07,440.8406579368993,446.31236487412383,440.8406579368993,444.8828125,376952,,
2025-01-08,445.6222376456166,457.05856657604016,442.7631629347538,455.4318542480469,1411033,,
2025-01-09,455.4811078125,465.7343561701059,454.988162890625,462.1358642578125,1600589,,
2025-01-10,460.41056773687114,461.1992675954221,452.1290988742017,454.34735107421875,472058,,
2025-01-13,448.43200216720334,455.13604108068097,442.7138230120885,445.0306701660156,1046468,,
2025-01-14,445.12926825389303,458.43878125816224,445.12926825389303,455.9247741699219,928304,,
2025-01-15,459.2767812858537,459.9668861116109,454.4459271576741,457.84722900390625,360555,,
2025-01-16,461.5443448064687,461.5936573530257,454.49523812837947,458.2416076660156,459527,,
2025-01-17,456.46700104507084,464.452714856126,455.924773661771,462.1851501464844,418850,,
2025-01-20,463.36823910252133,465.6357737697239,458.5866672135373,461.889404296875,283815,,
2025-01-21,461.88939895657114,472.14264747311154,461.5936440336498,468.494873046875,2398969,,
2025-01-22,468.4948729142459,471.10747502254736,463.0231661459839,469.3328552246094,872456,,
2025-01-23,469.2835776423149,478.6002489391199,465.34001816632906,473.57220458984375,1399938,,
2025-01-24,473.57221710266776,478.403071570998,471.25536983191563,473.32574462890625,540500,,
2025-01-27,470.91026473074453,478.5016283509205,468.4455401900341,473.22711181640625,1695755,,
2025-01-28,471.4525490961358,474.1144336998829,461.64293282930964,466.0794372558594,1084524,,
2025-01-29,466.07943924347796,466.9667341151776,451.192496086842,452.3262634277344,1610261,,
2025-01-30,453.55860380178586,471.9947556390821,453.55860380178586,469.13568115234375,1080143,,
2025-01-31,468.2976894691342,470.4666592235692,462.43163269257445,466.0794372558594,514076,,
2025-02-01,468.29768339861715,487.9661981361474,461.4457368383122,485.2056884765625,1154007,,
2025-02-03,486.04371022343264,489.9872697384301,474.3116266837096,478.6495361328125,1769700,,
2025-02-04,480.1776292027042,488.55769274960636,464.0090420237223,482.4944763183594,2988222,,
2025-02-05,482.49449345417804,482.49449345417804,465.7343657651369,472.29052734375,1715973,,
2025-02-06,473.37500620245964,477.66363307407926,468.29767948439144,469.2835693359375,457035,,
2025-02-07,470.26945655537753,474.2130159394897,468.0512044018144,472.5863037109375,373233,,
2025-02-10,472.58629954224114,480.6212956990987,466.42448805891934,477.9593811035156,865594,,
2025-02-11,479.2903378622989,482.19872491394403,465.5864751561966,469.1849670410156,973237,,
2025-02-12,473.22714534413336,485.84652385185495,462.72742407420475,477.86083984375,2862289,,
2025-02-13,477.86084875917385,484.81136055130247,473.1778717126692,478.403076171875,561092,,
2025-02-14,478.20587362452704,480.079088463618,467.8540298982662,471.5511169433594,454659,,
2025-02-17,466.4245003953334,477.76223382451604,466.4245003953334,476.87493896484375,395337,,
2025-02-18,477.17067821291255,486.43803660709165,471.304621683565,485.0085144042969,784798,,
2025-02-19,485.6000250450055,486.8323873358384,478.6002313026507,482.1001281738281,436944,,
2025-02-20,477.1706849644376,485.79722110790624,477.1706849644376,485.1070861816406,306930,,
2025-02-21,484.6141448134495,485.0578072817271,476.8749335432667,484.3183898925781,602309,,
2025-02-24,477.2692950473492,497.8743874408743,477.2692950473492,495.7547302246094,1194522,,
2025-02-25,495.9025929127579,499.8461522997381,490.4801987556602,493.88153076171875,1346011,,
2025-02-27,494.6209829594647,504.52916458182733,490.97317823497804,498.1208801269531,1774264,,
2025-02-28,488.5084409168304,494.07871278274604,479.14248695374283,481.656494140625,700093,,
2025-03-03,481.1142435372087,484.81133044963605,472.8327748707656,481.75506591796875,560937,,
2025-03-04,478.156584956317,482.34661688634657,473.27641808537646,474.8045654296875,367199,,
2025-03-05,473.27643816178465,480.0791025945671,471.35397089393194,477.17071533203125,285928,,
2025-03-06,481.5086002138612,496.3462606161263,480.96637282721787,493.5364685058594,1566314,,
2025-03-07,493.9308082302016,504.7755964348567,491.4168011811832,502.1629943847656,720896,,
2025-03-10,502.0151301685754,507.4375244139325,492.94493139609887,497.3321533203125,835474,,
2025-03-11,492.9449276726334,496.7406096331068,486.1915761461242,491.0224304199219,588944,,
2025-03-12,490.9731645773255,494.47306164745555,473.7200915249095,475.79046630859375,380975,,
2025-03-13,475.6918477624215,483.6282489390065,466.9174342045087,481.3114318847656,637761,,
2025-03-17,477.2693103969235,496.888513545306,477.2693103969235,495.55755615234375,464397,,
2025-03-18,495.55755615234375,495.55755615234375,495.55755615234375,495.55755615234375,0,,
2025-03-19,498.86029492007697,501.3743021581066,492.99423791537805,494.3251953125,784632,,
2025-03-20,495.11390186828567,503.1981807030698,491.90975980942693,500.6841735839844,473062,,
2025-03-21,500.63486619683886,502.7052409505199,489.9872675878669,493.2406921386719,943473,,
2025-03-24,493.9308176175662,506.89529328728446,493.9308176175662,504.3812561035156,672842,,
2025-03-25,506.74738474710733,506.74738474710733,492.8956443389056,493.9308166503906,893963,,
2025-03-26,495.80400344272016,502.064410056797,492.00832147300656,494.3744812011719,494207,,
2025-03-27,493.9800921282293,497.87436902968517,489.9872503123832,494.67022705078125,566150,,
2025-03-28,494.6702376106384,504.6770136794385,492.05763549715425,493.1421203613281,587958,,
2025-04-01,492.9449048568896,497.9729489038237,482.83953430732333,486.53662109375,814105,,
2025-04-02,487.0295782453837,500.9306309292957,479.6846869435347,497.97296142578125,520039,,
2025-04-03,493.881543626302,506.3530144081181,490.6774015409194,504.0854797363281,339443,,
2025-04-04,507.73327725481136,514.1415613366681,499.1560234489223,504.82489013671875,1588941,,
2025-04-07,492.89564021523,507.97974281422677,487.5225285233093,504.726318359375,1263089,,
2025-04-08,512.6627705824558,530.4087895641562,509.5571931910796,527.9933471679688,2226260,,
2025-04-09,531.3946742736578,543.2253534782661,527.7961519460109,530.014404296875,1450416,,
2025-04-11,533.9085963613492,534.4015412495369,518.1343599393416,523.0145263671875,658774,,
2025-04-15,525.9722055836498,526.9088129236004,513.1556382498402,518.972412109375,851597,,
2025-04-16,520.944250220235,539.1338708405033,519.2682253458242,534.401611328125,1045359,,
2025-04-17,534.9931403006841,540.8591366498306,529.4721211485099,535.9296875,1294585,,
2025-04-21,539.2817378965962,554.0700853709087,536.3240684017337,545.5421142578125,944764,,
2025-04-22,547.0702938160873,574.6258665805485,541.1549548027893,571.0274047851562,2109067,,
2025-04-23,568.9570408510682,585.6186043369671,565.6543337345705,580.7877197265625,1134427,,
2025-04-24,580.6891309843954,587.4424524958766,572.4569746741425,576.6962890625,959270,,
2025-04-25,571.5695979744061,571.7667879645102,542.2393771210407,544.7041015625,721209,,
2025-04-28,539.4296598609767,547.5139085572241,536.3240827387766,545.7393188476562,414276,,
2025-04-29,547.168873244869,551.3589051571045,534.4508699593305,538.24658203125,424101,,
2025-04-30,538.2466086127154,545.0985555247213,531.4439441614401,536.5213012695312,526403,,
2025-05-02,534.3523197413722,547.9575881723232,534.3523197413722,541.7957763671875,752427,,
2025-05-05,541.253540887388,552.0490470437009,540.957785959943,546.2815551757812,524699,,
2025-05-06,546.1829715453147,549.0420761518609,531.8875688604644,535.5846557617188,414976,,
2025-05-07,526.4651597309335,544.0632688096672,525.3313623772932,533.71142578125,506567,,
2025-05-08,533.7114399688494,541.3520862167442,527.3524986500764,530.556640625,323162,,
2025-05-09,518.6765994872663,531.8875468711576,517.6907096876905,529.0284423828125,629649,,
2025-05-12,537.8029255578717,542.732374921372,530.60594152195,533.317138671875,221784,,
2025-05-13,537.6057235607918,539.2817483417978,530.6059296902828,535.2396240234375,377262,,
2025-05-14,535.3382107002645,557.2249783106442,528.4369814647179,545.1478271484375,1636176,,
2025-05-15,554.0701049431384,571.6189325311042,549.8800730107392,564.1754760742188,1544103,,
2025-05-16,565.8515032537139,568.8584553241919,558.0136667478208,567.9711303710938,465204,,
2025-05-19,565.0134266341463,571.816090399858,553.0841839902075,555.4010009765625,461194,,
2025-05-20,558.9009651898749,558.9009651898749,536.9155739796656,549.2391967773438,548630,,
2025-05-21,549.1406294120042,549.7321392340752,538.2958413984817,540.859130859375,218376,,
2025-05-22,543.4717651260822,562.9430891374021,538.9859784645913,558.4080200195312,592152,,
2025-05-23,558.5066109133802,558.5558933720529,545.887232622147,547.0703125,308738,,
2025-05-26,547.0702962625217,549.3378308596381,537.8029076973361,540.1690673828125,310939,,
2025-05-27,537.4085616461028,545.5914959739212,536.7184868536842,543.5703735351562,229035,,
2025-05-28,541.9436773282883,552.9856559835739,538.2958727492285,545.0491943359375,362964,,
2025-05-29,545.4435360649574,556.0418514968567,539.2817247673415,553.2813720703125,392543,,
2025-05-30,553.2814553814794,563.9290548722498,542.732420816737,560.28125,466110,,
2025-06-02,555.1545835529665,556.1898160963198,546.1830094528318,549.0421142578125,242593,,
2025-06-03,545.1971372105314,560.8234687011462,545.1971372105314,550.1265869140625,274291,,
2025-06-04,552.4927327889044,561.9572519093791,546.1830132592913,561.2178344726562,297840,,
2025-06-05,561.3163719397307,580.1961869701897,556.0418852186694,573.7879028320312,845301,,
2025-06-06,574.2315903598458,575.7597076862103,565.112108688446,573.2949829101562,389243,,
2025-06-09,571.569626214936,575.7596579724409,560.0347032241934,563.43603515625,483853,,
2025-06-10,563.4360752915337,567.9711447413631,558.9995707616791,564.8163452148438,509657,,
2025-06-11,560.4784222111147,569.94294141898,556.9785250130991,559.19677734375,542151,,
2025-06-12,556.3376171623789,563.5346008623762,553.1334752256595,560.5276489257812,520758,,
2025-06-13,538.7887843261854,563.8304097166852,537.3592320585102,562.1051025390625,413401,,
2025-06-16,556.9292317933542,569.8443654883038,553.084237091589,561.5628662109375,597011,,
2025-06-17,558.0136653500834,561.8586599052882,551.901136133015,553.3306884765625,370437,,
2025-06-18,553.2813910428982,557.8164602438802,548.2533167472627,549.781494140625,238378,,
2025-06-19,548.1054672774669,550.8166643310102,534.3522920074323,536.8170166015625,199184,,
2025-06-20,539.2817516104395,541.3520962399158,521.6836417380666,528.1904907226562,3700914,,
2025-06-23,520.9442110980247,547.7603663789594,520.7470210969125,545.5421142578125,739782,,
2025-06-24,552.5419956023989,555.4010401516973,541.2535444350398,545.4928588867188,674231,,
2025-06-25,547.0703606930256,563.5840174572043,545.4929006589444,560.28125,1158790,,
2025-06-26,560.7741345009848,566.5416262263661,557.4221451162116,561.9572143554688,828256,,
2025-06-27,566.8373795606992,580.0482674059776,560.083998004465,575.7103881835938,2426286,,
2025-06-30,573.7879074494299,586.4072858190275,567.8725681973739,584.2876586914062,1062306,,
2025-07-01,586.8509265209858,589.5621235775716,578.5694278058384,585.6678466796875,871346,,
2025-07-02,582.6609518221896,589.7100889298877,576.0554772202114,586.4566040039062,762572,,
2025-07-03,586.4072768734823,596.4633654833619,584.7312520761787,591.6818237304688,764483,,
2025-07-04,591.5338913066275,594.9845056725828,585.3227974826958,587.59033203125,363256,,
2025-07-07,583.7453423215662,591.5338960220997,575.4639038816206,577.6328735351562,330186,,
2025-07-08,577.6329063717284,583.4496205755768,570.6823345591994,574.3301391601562,536323,,
2025-07-09,577.7314342531383,583.4003007155198,574.7737647945046,576.7455444335938,560406,,
2025-07-10,576.745542623323,580.0482494388554,568.9077065477568,570.04150390625,354572,,
2025-07-11,566.0979336413612,571.3724199873124,561.2177671099653,564.47119140625,278290,,
2025-07-14,561.7107399026463,563.0910097569767,547.3660546744533,548.9927368164062,501192,,
2025-07-15,548.9927153028087,566.8373569250674,548.8941503916222,553.2813720703125,588177,,
2025-07-16,556.978481676363,564.4219379941616,552.7391673646449,556.92919921875,638397,,
2025-07-17,558.5559075008025,574.7738082945012,557.3235451331042,571.0767211914062,532523,,
2025-07-18,574.6752190873807,576.9920361711612,565.2106403990891,568.6612548828125,226348,,
2025-07-21,565.9008077773424,566.8866976863621,557.3235535340815,558.654541015625,168830,,
2025-07-22,561.3163369309605,566.3444110455154,558.6544825941272,562.4501342773438,360531,,
2025-07-23,560.6263065943396,569.1542179863936,558.900999297376,568.0697631835938,168104,,
2025-07-24,568.0697325571232,571.9640094236767,561.0205961971365,568.90771484375,285748,,
2025-07-25,568.9077782497263,568.9077782497263,546.9717270690134,550.1265869140625,394263,,
2025-07-28,546.971695068806,561.9572333256109,546.971695068806,552.1968994140625,349006,,
2025-07-29,552.1968670783081,566.8866495447835,547.0702881259242,563.43603515625,661034,,
2025-07-30,561.95723537022,571.8161342363642,558.3094307549579,566.83740234375,475258,,
2025-07-31,557.0277641339761,566.196527685818,554.0700945899018,556.92919921875,164767,,
2025-08-01,554.0700559533768,573.7878515389062,553.5771110637386,558.9009399414062,945316,,
2025-08-04,559.9361521982768,565.703583749717,555.8446852522527,561.9572143554688,384549,,
2025-08-05,564.0910822838223,575.0086545045742,554.0171769904408,567.416015625,775885,,
2025-08-06,565.7287579458803,567.2175178352115,552.4291453700697,561.06396484375,306747,,
2025-08-07,555.8036522712243,558.0367919455284,538.3851749272111,541.8589477539062,856518,,
2025-08-08,538.931049821325,560.1707139533189,538.931049821325,546.9207153320312,964084,,
2025-08-11,546.9207321266721,551.3373984693934,536.9460532348187,542.0078125,152097,,
2025-08-12,542.0574792310364,548.0125185608899,529.1548940163538,533.373046875,544244,,
2025-08-13,537.9385527967706,537.9385527967706,526.6736276289147,533.373046875,332900,,
2025-08-14,530.1970166389907,533.6707896001138,524.2419772770652,529.45263671875,327061,,
2025-08-18,532.9263873023942,551.7840111566635,528.4601079684884,547.2184448242188,770010,,
2025-08-19,547.2184579814462,548.8065047961364,539.0302790057436,543.0003051757812,941567,,
2025-08-20,543.0003064592688,547.317746276065,536.9460407667677,539.4273071289062,296943,,
2025-08-21,540.9160919083816,542.1071119327297,525.0359864578604,526.3262329101562,449739,,
2025-08-22,526.5247373635221,530.8917905190497,520.2719580645847,523.0509643554688,556016,,
2025-08-25,523.050960103411,532.4797724771917,521.8599401090589,530.5443725585938,291815,,
2025-08-26,529.0059870481323,533.5714929116149,520.470455015433,521.1651611328125,447975,,
2025-08-28,520.0734542225935,536.7475528531023,518.3861809005871,524.5397338867188,1248800,,
2025-08-29,524.0434487863508,531.8842746186268,521.8599223008495,529.0059814453125,258794,,
2025-09-01,529.0059708450568,544.7868486154532,528.8074574271179,542.9010620117188,547662,,
2025-09-02,542.7025561985301,545.6800757759667,534.9610174127536,539.7250366210938,277227,,
2025-09-03,539.6258324557544,543.7943721516494,534.6632996220209,538.7821655273438,387113,,
2025-09-04,540.1220948413794,545.8786209099619,535.0106617053774,537.0452880859375,228411,,
2025-09-05,535.9535153903877,541.511527615172,528.01346331053,534.6632690429688,411344,,
2025-09-08,534.6633161564663,537.988189026772,530.0481362472524,535.6558227539062,170819,,
2025-09-09,526.1276806693378,534.6632730660855,524.7878211018959,525.38330078125,434686,,
2025-09-10,528.0134962152849,532.4797757885345,526.2766097145767,531.6361694335938,231765,,
2025-09-11,530.6932476354413,550.841117848392,528.5097211788625,547.2184448242188,650342,,
2025-09-12,548.1613832340677,553.6697827502131,531.2391578143902,535.3084106445312,497684,,
2025-09-15,537.7896519343433,542.1567050020903,532.0827392501108,540.1716918945312,306309,,
2025-09-16,538.9310713804873,550.2456705908638,531.3383718343407,532.7279052734375,547566,,
2025-09-17,534.9610493454244,543.0996154584461,528.1624034689055,530.2466430664062,570517,,
2025-09-18,530.9910258307497,538.9310785534525,528.6089857828209,531.33837890625,476811,,
2025-09-19,533.9685211970882,536.6483009840819,526.2269822618339,527.616455078125,866877,,
2025-09-22,529.9488733973596,535.8046255731359,526.2269739127511,527.5668334960938,477076,,
2025-09-23,528.0630812840499,531.5864673107126,525.5322017763225,528.6089477539062,263078,,
2025-09-24,529.8496341576786,535.25880734511,526.0781211222077,531.7850341796875,495382,,
2025-09-25,528.4105023769806,532.529368142074,525.8795622557094,527.219482421875,551990,,
2025-09-26,526.0284602086958,528.2119866873845,509.5032022747968,517.5425415039062,870566,,
2025-09-29,514.1183713453473,514.9619776463618,503.6474397974045,512.828125,613272,,
2025-09-30,516.8973984277196,518.237318615089,502.3075703357228,511.3393859863281,253123,,
2025-10-01,508.26261280556344,528.9067988392962,507.2204929764078,525.68115234375,401978,,
2025-10-03,524.0434854697851,539.377724574943,523.0509788685166,538.5340576171875,907288,,
2025-10-06,533.2737340518254,535.8542873164877,527.2194685907376,528.2119750976562,192604,,
2025-10-07,528.5097641453905,533.2241704922274,525.5818575617959,532.082763671875,243254,,
2025-10-08,530.2962368206471,532.380536919458,521.0659380338909,522.2569580078125,147038,,
2025-10-09,522.256949144683,529.9984879771049,520.4207757141924,529.0059814453125,234444,,
2025-10-10,527.0209662566787,531.7353722636828,525.2344666222142,531.139892578125,273685,,
2025-10-13,527.9638645768603,532.3805307829399,526.0284647137702,530.0977172851562,187697,,
2025-10-14,531.9835399978305,533.5715263338699,527.3187468412456,529.9489135742188,445492,,
2025-10-15,528.1127187612929,533.0752515839993,521.0659463841671,522.3065795898438,604745,,
2025-10-16,523.0013728421353,531.6858057225937,523.0013728421353,528.9067993164062,419357,,
2025-10-17,527.0209684707339,541.710053028183,527.0209684707339,540.8168334960938,1225794,,
2025-10-20,543.8936238927165,549.005057180491,533.472304456816,535.7054443359375,476268,,
2025-10-21,535.7054185496361,540.5687249500785,533.6211789938998,537.3430786132812,55165,,
2025-10-23,536.9460290965582,540.5190283492636,532.082722901351,538.285888671875,466320,,
2025-10-24,540.9160647790306,543.8935844016676,532.976012451999,541.5612182617188,329427,,
2025-10-27,539.9235986922778,541.5612588385476,534.3159120850354,537.1445922851562,409556,,
2025-10-28,536.5490069464329,541.4123131841532,534.4647674604336,540.8168334960938,202771,,
2025-10-29,539.5762253796155,541.9085916068791,535.9535521386717,540.9656982421875,135812,,
2025-10-30,540.9657086135599,541.9086019963286,534.9610558168885,540.66796875,192527,,
2025-10-31,539.377700961448,541.5115537140798,535.1099348783915,538.0377807617188,188516,,
2025-11-03,536.9460727783656,538.0378058116765,529.0060199461532,534.9610595703125,206023,,
2025-11-04,534.9610415258232,538.9806810209873,531.9835218141767,533.4226684570312,332455,,
2025-11-06,526.9713999402986,550.6426585034545,526.3262464087072,540.3702392578125,1118825,,
2025-11-07,540.4198435578285,540.4694567722563,524.3908377409272,527.0706176757812,353605,,
2025-11-10,526.6736278296388,533.4722735026957,524.9367413577696,531.5864868164062,180354,,
2025-11-11,531.5865103990687,554.4141621849058,531.5865103990687,542.1071166992188,615377,,
2025-11-12,542.10708840177,565.1332524211002,542.10708840177,555.9028930664062,501201,,
2025-11-13,562.7512340634246,577.6388328481712,560.5180942457125,573.569580078125,1350351,,
2025-11-14,560.2699420042259,583.5442324900217,560.2699420042259,575.2071533203125,253136,,
2025-11-17,575.2071519667129,578.4327982151253,569.9964926423545,573.7680053710938,242696,,
2025-11-18,572.974046464459,585.8270190141271,572.9244332501565,582.204345703125,558549,,
2025-11-19,581.708063157504,587.5638760178527,576.9440438458906,584.5367431640625,372375,,
2025-11-20,582.6509676740567,586.7698941556245,575.7530349222016,585.6781005859375,260687,,
2025-11-21,580.1200728103986,590.094751424942,571.6837672177752,575.2071533203125,434629,,
2025-11-24,575.256785266387,586.0255179261205,569.8476729077777,574.9590454101562,358255,,
2025-11-25,578.6313234360191,581.6088431106471,561.7587119464611,564.8851318359375,210209,,
2025-11-26,565.7287394833244,573.6687919673009,554.6622671026649,571.33642578125,319450,,
2025-11-27,570.6912529779833,575.0086321389613,558.1360211813513,566.5723266601562,341692,,
2025-11-28,562.0068617799046,566.2250148263763,557.0443287840556,560.3692016601562,190459,,
2025-12-01,560.7661937438797,563.1482336652358,549.8486218302821,551.932861328125,143456,,
2025-12-02,552.0321593510715,557.7390720562211,545.9778330041502,554.8607788085938,158188,,
2025-12-03,554.8607739545197,555.8532805032543,545.3823485296627,554.1163940429688,262442,,
2025-12-04,554.1163966886046,557.2924297752778,546.8711109638078,551.9825439453125,698092,,
2025-12-05,549.9478827968737,553.9675829888761,547.1688764325945,550.3449096679688,284404,,
2025-12-08,550.2456399457847,550.3448663668536,531.5368556622028,535.0602416992188,319910,,
2025-12-09,531.0902374881242,539.7746699120513,525.085584899139,535.9039306640625,475084,,
2025-12-10,536.9460723080449,549.4516312767074,534.3655793709545,544.9853515625,299565,,
2025-12-11,542.1070812876795,543.7446807230149,529.9984894505908,535.457275390625,171222,,
2025-12-12,535.4572664256459,539.5265189180611,531.4872403539081,537.1941528320312,168351,,
2025-12-15,536.9460755895752,538.4844487183115,533.9685557619066,536.0527954101562,101735,,
2025-12-16,535.9535606139975,539.4273336920512,532.3805611076889,536.003173828125,122982,,
2025-12-17,536.0031626184926,538.4348158378352,530.1970233977183,534.86181640625,128096,,
2025-12-18,532.1820319440479,533.8693052190778,527.1202121189585,532.3308715820312,84320,,
2025-12-19,530.5939594722703,535.5068788443411,529.0059732770388,533.968505859375,268604,,
2025-12-22,533.9685368652778,564.88514087958,531.9835237170797,538.0874633789062,636894,,
2025-12-23,541.9086055589617,548.0621586167655,536.4498192392285,539.9732055664062,200833,,
2025-12-24,540.9160852669286,552.5284243506031,538.0377919582438,550.9900512695312,287246,,
2025-12-26,549.8486244766465,554.3645171289018,535.9535328833738,537.9881591796875,347472,,
2025-12-29,536.0031502812247,542.7521827065386,533.819623755384,540.51904296875,174890,,
2025-12-30,536.9460550476615,537.7400481891049,514.2176303348593,521.61181640625,2245520,,
2025-12-31,524.2419527503214,536.8964108023722,522.5546795611566,532.5293579101562,327259,,
2026-01-01,534.9610086417954,534.9610086417954,525.3336833837042,529.651123046875,206112,,
2026-01-02,532.1820342857271,532.1820342857271,517.7410758257992,520.1726684570312,342256,,
2026-01-05,520.1726367286209,525.5321961041417,518.2869107096709,524.638916015625,206055,,
2026-01-06,526.1773501450706,527.8149495387682,518.088397863028,522.8524169921875,305401,,
2026-01-07,520.0734231493002,523.2990693806652,517.4929303953248,522.2073364257812,218527,,
2026-01-08,518.0884170027006,523.1998499456257,511.1408711808253,515.8056640625,257475,,
2026-01-09,516.0041929072637,516.1034193337102,507.1708601529345,510.3468933105469,323785,,
2026-01-12,508.16337144848615,512.9273909402568,501.2158253544639,506.0791015625,250010,,
2026-01-13,505.2354397403324,522.4554644765559,504.193319993699,516.8477783203125,193275,,
2026-01-14,515.5575442474899,522.3065767339086,508.90773818586536,521.21484375,181978,,
2026-01-15,521.21484375,521.21484375,521.21484375,521.21484375,0,,
2026-01-16,521.2148453109163,522.0584516575727,512.182999249252,515.8552856445312,163802,,
2026-01-19,511.6867376655571,517.4432635166953,508.16335154287873,515.8056640625,188628,,
2026-01-20,511.6371343200694,517.0959204282369,503.44895515781803,510.4957275390625,242849,,
2026-01-21,503.25044302117465,514.1184020527124,502.2083232406805,511.93487548828125,213770,,
2026-01-22,508.2625780445402,516.202630413619,502.9526922538356,503.99481201171875,236034,,
2026-01-23,504.838470259733,506.6746135065175,498.83381751395126,500.7195739746094,236401,,
2026-01-27,501.21582699681267,502.2083335849252,485.4349783036034,491.5885009765625,233354,,
2026-01-28,491.14188499480025,491.14188499480025,473.8722766370918,475.26177978515625,327060,,
2026-01-29,475.26177631565713,476.40315281148867,458.2899079389685,460.02679443359375,418757,,
2026-01-30,458.43876786735296,462.9050473275459,455.80863157635196,459.4312744140625,262316,,
2026-02-02,463.5501712223216,466.97433092917794,449.4565964111867,462.65692138671875,225137,,
2026-02-03,472.58198928902897,477.39565213024207,465.13819013938905,476.4527587890625,370709,,
2026-02-04,476.452767386774,480.72056381625214,466.47808846181937,476.5024108886719,179793,,
2026-02-05,481.3160658902076,481.3160658902076,466.4780807796372,468.7608337402344,153304,,
2026-02-06,461.515564707958,470.39851081090666,455.0146586539747,468.860107421875,341137,,
2026-02-09,467.56985770177965,468.86010414520445,460.3245414664562,463.6494445800781,748864,,
2026-02-10,466.2795770239493,466.47809045459513,454.0221450484408,455.213134765625,1970914,,
2026-02-11,456.50341668586077,458.1906597099776,445.38733079883235,455.06427001953125,2687693,,
2026-02-12,456.9996539488095,461.9125432074939,453.8236208670953,457.2973937988281,952165,,
2026-02-13,456.5530118075284,460.72155142219907,449.1092127019709,458.53802490234375,309257,,
2026-02-16,458.53803150926785,461.86293454877017,454.5680052624343,458.9350280761719,240785,,
2026-02-17,459.9771642518777,462.0117905263927,457.6447678445024,459.9275207519531,124854,,
2026-02-18,459.6297920231002,461.5155484212356,454.66725924437725,456.95001220703125,168281,,
2026-02-19,458.2898912167951,459.1335278268953,452.18598210189793,454.0221252441406,163832,,
2026-02-20,452.9303897684891,458.4387892440212,448.56336681711525,452.0371398925781,285333,,
2026-02-23,453.5755078964235,462.01181384198065,452.48374459863084,461.3170471191406,315354,,
2026-02-24,461.3170275884231,461.664410935136,455.85824161946465,459.2327880859375,177563,,
2026-02-25,459.23279164901993,461.0689045307989,450.6475857819306,452.6325988769531,241718,,
2026-02-26,454.8161177367832,458.9846572816802,452.7318479643347,455.8086242675781,210873,,
2026-02-27,455.8086406028309,457.495913881209,451.193491127016,452.6822509765625,1000790,,
2026-03-02,427.9191928823863,451.4912234398001,427.9191928823863,444.04742431640625,568619,,
2026-03-04,433.2787232255707,442.2609256958669,430.30120356912033,435.4622497558594,432782,,
2026-03-05,434.7178727029521,440.6232988426718,427.3236867252086,431.5418395996094,1057480,,
2026-03-06,430.7478614475576,440.672927379529,425.8349416956728,437.0006408691406,350669,,
2026-03-09,425.4379206488682,438.68788896381227,417.99412162798905,430.94635009765625,419421,,
2026-03-10,437.84427900350653,441.41730880881096,431.74036949259755,433.4276428222656,406925,,
2026-03-11,438.4893851783865,440.7721684349658,426.28156663139293,427.4229431152344,562973,,
2026-03-12,425.4875710515917,425.4875710515917,416.0587588055168,419.53253173828125,357534,,
2026-03-13,414.7188804432932,415.7113870231317,401.5681682604332,404.7441711425781,356646,,
2026-03-16,401.9651558667385,404.6449356880753,388.1693207725482,401.4689025878906,457812,,
2026-03-17,401.76663053939996,417.2497384386251,401.27037727525106,413.0315856933594,676135,,
2026-03-18,413.18046630620876,415.8602461175126,408.01945039885186,411.8406066894531,288293,,
2026-03-19,405.7366824220146,412.78348527826955,404.09905260409204,406.3818359375,290614,,
2026-03-20,413.8752239749954,416.85274357193776,409.4089445795817,413.5774841308594,489338,,
2026-03-23,407.82094687643166,411.64210325982975,400.62527418533153,402.41180419921875,356953,,
2026-03-24,416.8527717823461,417.1008984322165,404.29756935668115,410.69921875,366598,,
2026-03-25,415.8106396672679,424.4950721558165,413.03160309759426,422.2619323730469,349329,,
2026-03-27,416.8527629319573,421.8152958240044,407.3743372237061,411.5428466796875,632063,309737.0,49.0
2026-03-30,409.6570969930509,411.89023683129284,401.4193043719841,406.9277038574219,382857,200085.0,52.26
2026-04-01,416.00910985642975,416.0587533567283,410.1037141214062,414.6692199707031,178475,78505.0,43.99
2026-04-02,410.64960098040746,421.71604338409395,402.7095482726292,419.0859069824219,345762,123287.0,35.66
2026-04-06,419.4332757125157,431.74035092240973,413.72636302790914,427.77032470703125,207641,81501.0,39.25
2026-04-07,427.77034381528296,431.29373012326045,420.8724108423777,426.62896728515625,156151,81915.0,52.46
2026-04-08,447.02494786467145,447.02494786467145,430.301206297138,432.43511962890625,599265,310343.0,51.79
2026-04-09,434.4697495033001,437.6457826317898,428.46509689128607,431.7403564453125,285421,167977.0,58.85
2026-04-10,426.7778337789527,454.468761587296,425.7357139748189,450.5979919433594,627408,263775.0,42.04
2026-04-13,443.15416732190806,461.515538196388,436.40513500792775,457.2477722167969,334843,122219.0,36.5
2026-04-15,464.6915738252706,473.1278794094922,459.62978441695844,471.0436096191406,434348,216135.0,49.76
2026-04-16,473.42562343998196,478.3385429685968,464.4930645071521,468.5623474121094,182272,87196.0,47.84
2026-04-17,468.86010544274296,473.42564179879173,456.553029826927,465.0885925292969,159612,74795.0,46.86
2026-04-20,466.4284855764597,486.32823065398736,459.8282925007519,480.3235778808594,402025,181190.0,45.07
2026-04-21,480.81981352778706,481.365680018435,474.76551747389965,476.9986572265625,133179,53412.0,40.11
2026-04-22,474.41813312696024,476.00614967219377,467.17284739350873,474.666259765625,163070,60276.0,36.96
2026-04-23,466.9743267492681,472.8301092734669,463.50055386165394,465.13818359375,123440,52380.0,42.43
2026-04-24,465.13819129192416,471.043617414163,454.766515957731,456.95001220703125,113166,38544.0,34.06
2026-04-27,456.9500045568874,463.2524271381312,455.56050145988695,460.12603759765625,93182,34499.0,37.02
2026-04-28,460.12604385949163,465.4855731859429,455.56050765959014,456.4041442871094,73492,38223.0,52.01
2026-04-29,456.5033979547438,465.53518329235527,453.42662160432087,460.32452392578125,96718,43122.0,44.59
2026-04-30,454.56801514022766,471.34137033980596,452.33487532785756,469.55487060546875,251398,85292.0,33.93
2026-05-01,469.55487060546875,469.55487060546875,469.55487060546875,469.55487060546875,0,0.0,0.0
2026-05-04,469.5548543815835,476.60165693714123,464.59232163666906,466.77581787109375,159600,55873.0,35.01
2026-05-05,465.5848485099739,472.4331379391271,462.4088152990258,467.0736083984375,78970,31047.0,39.31
2026-05-06,471.09323350312985,476.4031496665678,466.7758239014973,474.8647766113281,129294,50997.0,39.44
2026-05-07,484.34321246559784,495.211171664145,480.9686961414448,484.5913391113281,432652,154641.0,35.74
2026-05-08,486.3282102066166,518.0388066407494,484.39281031574603,511.88525390625,2002819,501591.0,25.04
2026-05-11,508.113758808973,508.113758808973,487.3703469308343,490.1493835449219,259609,94080.0,36.24
2026-05-12,486.32823083518315,494.8141500944013,475.41065830623006,484.4424743652344,273268,83854.0,30.69
2026-05-13,501.21581950184395,529.3533566229587,496.2532866354891,503.8955993652344,9314433,1144002.0,12.28
2026-05-14,511.091280018842,536.3009110277208,508.1633734663189,529.8992919921875,4289866,2075802.0,48.39
2026-05-15,529.9985032113678,532.1820297596325,524.1426902743573,529.45263671875,470935,167809.0,35.63
2026-05-18,521.5622254959427,525.03599864387,506.7738830096889,520.6689453125,490228,235053.0,47.95
2026-05-19,521.0659509672636,524.1426971132861,501.21581950184395,503.8955993652344,353321,119500.0,33.82
2026-05-20,498.23830455635925,508.06411366811756,492.9283882806983,504.6399841308594,200794,58461.0,29.11
2026-05-21,510.0987560576498,525.0359675948366,492.5313779185967,495.608154296875,440704,189760.0,43.06
2026-05-22,499.23079650240476,502.15870295132726,492.630633978194,497.3946533203125,315514,129844.0,41.15
2026-05-25,503.2008386666808,507.91524494610235,498.0397923083867,501.06695556640625,222668,100080.0,44.95
2026-05-26,504.59032132294413,515.1108967556952,501.2158051283739,511.6867370605469,377263,219755.0,58.25
2026-05-27,510.54539758800667,523.9442361189515,507.22046427254094,523.0013427734375,250085,132340.0,52.92
2026-05-28,523.0013427734375,523.0013427734375,523.0013427734375,523.0013427734375,0,0.0,0.0
2026-05-29,524.0434588351953,526.0284719368439,491.2907426579957,496.8487854003906,659911,340574.0,51.61
2026-06-01,498.2382948522697,514.9620062152973,498.1886816396558,509.056640625,594208,295498.0,49.73
2026-06-02,506.02948386464,510.89276002958024,501.2158209129442,504.44146728515625,221082,100743.0,45.57
2026-06-03,503.2008139128415,509.0069529191808,490.29822894071737,492.3328552246094,344743,157084.0,45.57
2026-06-04,491.29073610436035,508.6099873007693,488.61095633732367,490.5463562011719,497863,196875.0,39.54
2026-06-05,492.9780345914362,496.8984174424177,483.49957849853945,486.57635498046875,175032,78079.0,44.61
2026-06-08,481.365669703266,491.34034826918776,477.44525677259867,488.2139587402344,281633,150274.0,53.36
2026-06-09,492.0847419917432,500.9180746366463,489.3057357299311,498.1390380859375,259875,139998.0,53.87
2026-06-10,500.37215014638485,518.9816774675679,498.2382672111281,512.828125,660384,304949.0,46.18
2026-06-11,511.0912614355263,518.2869339427014,500.71955584410864,510.0987548828125,344492,150342.0,43.64
2026-06-12,517.0959342519352,519.4283005112051,506.17836174373696,511.289794921875,382979,227859.0,59.5
2026-06-15,524.7382335178161,534.117432681325,512.2822882310703,515.5079345703125,480247,236714.0,49.29
2026-06-16,517.0959097837024,521.0163227507879,504.19332470272707,506.6745910644531,378494,202671.0,53.55
2026-06-17,512.1333972987799,515.0116906232436,506.22797100894246,507.8656311035156,290258,141330.0,48.69
2026-06-18,509.7513611358404,511.24012102301026,500.3225788059955,501.26544189453125,260296,152207.0,58.47
2026-06-19,502.20830975845394,555.505923127034,501.01728979366607,546.5733642578125,7790257,1466014.0,18.82
2026-06-22,546.5733761530734,555.5059352166973,536.4001838861685,545.92822265625,1112892,369336.0,33.19
2026-06-23,545.8786380863844,550.841171159897,537.9881983839401,542.15673828125,515787,305406.0,59.21
2026-06-24,536.2016665226732,542.7025723445946,521.8103214702369,526.5743408203125,518210,309439.0,59.71
2026-06-25,530.2962684057002,547.5162943968543,529.2541485831209,534.6137084960938,604446,178374.0,29.51
2026-06-25,530.2962684057002,547.5162943968543,529.2541485831209,534.6137084960938,604446,0.0,0.0
2026-06-26,534.6137084960938,534.6137084960938,534.6137084960938,534.6137084960938,0,,
2026-06-29,531.9835159147731,535.8543157281059,509.1558650452959,514.4161376953125,1267718,788469.0,62.2
2026-06-30,518.0884407898866,522.4058202320176,504.93772845182906,506.2776184082031,506186,288806.0,57.06
2026-07-01,506.2775911783466,514.7138664638966,503.34968477518646,511.48822021484375,496084,0.0,0.0
2026-07-02,516.103398418747,521.0659310958504,511.04163931921823,516.8477783203125,358693,157280.0,43.85
2026-07-03,516.9967028118498,525.0359818951953,513.1259029108053,515.5575561523438,490880,302206.0,61.56
2026-07-06,514.1680014201299,521.562187265716,510.5453888923619,517.9395141601562,498483,292804.0,58.74
2026-07-07,521.56218989744,522.0584431704157,504.19332534329124,504.8880920410156,274384,143772.0,52.4
2026-07-08,499.230799275641,506.1783451900138,491.5388734418712,494.3675231933594,355138,,
2026-07-09,494.26826338892727,498.9330563035379,482.3581847530495,493.2757568359375,334608,,
2026-07-10,499.9751880122166,500.719567944741,491.78700875444827,493.5238952636719,155896,,
2026-07-13,487.4696040037906,491.09224698749483,482.85445443337846,489.2561340332031,111789,47312.0,42.32
2026-07-14,482.6559304854387,491.29074971723975,480.7205608568603,485.4349670410156,220547,,
2026-07-15,486.1793596784849,492.63065252024177,485.7327195969582,488.0155029296875,124360,52389.0,42.13
2026-07-16,486.57634378398626,506.17834845452927,486.57634378398626,494.5660095214844,162559,,
2026-07-17,494.615637609678,497.2457738687696,487.8665750005968,490.00048828125,171501,79762.0,46.51
2026-07-20,490.99300596515036,494.9630321939726,485.43496318701995,487.0229797363281,242880,124198.0,51.14
2026-07-21,488.7598678169491,509.5032185840089,487.3207211887151,502.6053161621094,668714,199303.0,29.8
2026-07-22,503.20082090408255,503.20082090408255,491.29074230280247,492.7298889160156,137867,,
2026-07-23,496.05476762895563,500.1240505914018,488.51174198800743,489.9012451171875,143720,53190.0,37.01
2026-07-24,486.0304792480758,496.1540280846452,485.23645581905873,494.2186584472656,99047,,
2026-07-27,498.337540747304,503.1015600328803,495.8066308921136,500.2232971191406,173146,83500.0,48.23
2026-07-28,503.2008233848434,503.2008233848434,494.3675211031254,495.608154296875,103531,55834.0,53.93
2026-07-29,495.60814788726594,524.1426806855789,493.5238780909428,516.1530151367188,746012,271798.0,36.43
2026-07-30,513.0266923752258,522.0584783203724,508.36189917961764,517.4432983398438,315910,149197.0,47.23
2026-07-31,521.0163283270327,521.0163283270327,511.5379028393537,516.550048828125,241120,131041.0,54.35
2026-08-03,518.3861562663636,532.5293745306608,518.0884164184632,522.6043090820312,389074,198344.0,50.98
2026-08-04,523.0509553237052,539.9235667857603,522.6539284699516,529.7999877929688,488585,206375.0,42.24
2026-08-05,534.0,555.0,525.0999755859375,545.2000122070312,1408654,,
2026-08-06,546.0,557.2999877929688,535.5999755859375,537.5999755859375,1078895,399352.0,37.01
2026-08-07,538.0,544.8499755859375,529.0499877929688,530.5499877929688,286606,176988.0,61.75
2026-08-11,541.7999877929688,545.0,533.6500244140625,534.9500122070312,291938,205076,70.25
2026-08-12,539.7999877929688,564.9000244140625,535.9000244140625,559.7999877929688,1846894,761248,41.21
2026-08-13,564.5,565.9000244140625,542.4000244140625,546.3499755859375,513785,224418,43.68
2026-08-14,547.0,561.0,543.0,545.0999755859375,891866,488598,54.78
2026-08-19,538.0,544.5,531.0,535.9000244140625,344433,102064,29.63
2026-08-26,511.29998779296875,514.0,501.8999938964844,503.70001220703125,636386,457358,71.86
2026-08-27,507.0,511.3500061035156,499.6000061035156,501.0,275122,120763,43.89
