date,open,high,low,close,volume,delivery_qty,delivery_pct
2022-01-03,43.96525609888481,44.9441514017223,43.752452348642635,44.816471099853516,4204439,,
2022-01-04,45.02928208614133,45.36976619296687,44.51855105521092,45.071842193603516,4090067,,
2022-01-05,45.071840059832724,46.178419037102685,44.85903628546819,46.05073547363281,5343001,,
2022-01-06,45.75280627723098,46.348657427011126,45.41231897817732,45.92304992675781,4967189,,
2022-01-07,46.09329944682794,47.11475497982867,45.79537221042944,46.348663330078125,6613802,,
2022-01-10,46.39121993604105,47.412678639104186,46.26353638048526,47.19987487792969,5548302,,
2022-01-11,47.15731356780296,47.24243377124244,46.47633895177665,46.56146240234375,3094992,,
2022-01-12,46.98707328642485,47.15731695265114,46.34866197342214,46.51890563964844,3600004,,
2022-01-13,46.73170781631759,46.73170781631759,46.050733174645025,46.13585662841797,5021357,,
2022-01-14,45.96561541373266,46.7317103028127,45.795371744256215,46.30610275268555,3221669,,
2022-01-17,46.56146558726811,47.32755721200893,46.05073459031306,46.2635383605957,4734738,,
2022-01-18,46.476344301530155,46.60402786851427,45.11440140696359,45.284645080566406,4661053,,
2022-01-19,45.3697640450919,46.263539247997336,44.944156496362844,46.05073547363281,4250299,,
2022-01-20,46.17841560942945,46.561463024278815,45.45488412914659,45.79536819458008,3742604,,
2022-01-21,45.45488167891447,45.540001878902544,44.30573949631053,44.5185432434082,4196698,,
2022-01-24,44.26318143803418,44.773909155775826,43.07147910046682,43.539649963378906,5174254,,
2022-01-25,43.49708879752409,44.81647475431404,42.858677494739716,44.56110763549805,5523751,,
2022-01-27,44.05037535859191,47.66803903538448,43.83757161289822,46.94450759887695,12318436,,
2022-01-28,47.5403603109746,48.9023063698282,46.816828801081726,47.029632568359375,13957307,,
2022-01-31,47.66804012162351,48.17876782407561,45.752806366736856,46.22097396850586,14917995,,
2022-02-01,46.731706138707565,47.582921163112964,45.96561131789165,46.8593864440918,11296542,,
2022-02-02,47.1998751046009,49.28535262355177,47.02963144541819,49.15766906738281,15904957,,
2022-02-03,49.58328110559258,50.732420227214334,48.94486976088538,49.75352478027344,17408255,,
2022-02-04,50.13656825765832,50.56217578702,47.838286949679635,48.093650817871094,17236563,,
2022-02-07,48.519257780793424,50.56217519673055,47.83828639119029,49.15766906738281,21473785,,
2022-02-08,49.45559190554661,49.79607921613191,47.49779798750029,48.81718063354492,12214209,,
2022-02-09,49.02998422752126,49.32791143507268,48.09364899722285,48.22133255004883,5690067,,
2022-02-10,48.434139028072046,49.11511043810829,47.66804416232639,47.8808479309082,6821612,,
2022-02-11,47.4552352896908,48.00852632734536,46.859384152323,46.94450759887695,4763279,,
2022-02-14,45.96561579013972,45.96561579013972,44.2631855756901,44.390869140625,7844973,,
2022-02-15,44.47598397741299,45.62512293443771,43.8801328249408,45.41231918334961,6126993,,
2022-02-16,45.837926595021514,46.13585379423314,44.85903129022555,45.11439514160156,6023209,,
2022-02-17,45.28464094649837,45.7102484680874,44.30574234799252,44.43342590332031,4528693,,
2022-02-18,44.263178545184054,45.19951371555813,44.05037480217836,44.731346130371094,4048923,,
2022-02-21,44.73134709615893,44.73134709615893,43.411964510462525,43.70988845825195,3767416,,
2022-02-22,42.560751522706305,42.98635903793337,42.220264211673594,42.730995178222656,4096988,,
2022-02-23,43.41196823120117,43.83757576287961,43.11404425787737,43.41196823120117,2991216,,
2022-02-24,42.05002210942547,42.22026251095655,36.72992838339125,37.666263580322266,9879327,,
2022-02-25,39.32613673027562,41.41161429307959,39.15589306751305,39.83686447143555,10832499,,
2022-02-28,39.15589353240653,40.17735227398183,38.985649867622676,39.879425048828125,5337520,,
2022-03-02,39.62406425043838,40.858326857002616,39.45382057244192,40.64552307128906,4888063,,
2022-03-03,41.156242351258996,41.49672963687406,39.96454334586111,40.04966354370117,4374803,,
2022-03-04,39.83686352244005,40.30503114853856,39.41125599923635,39.75174331665039,4254099,,
2022-03-07,39.02820700176525,40.09222576677661,38.34723564158351,39.36869430541992,5200513,,
2022-03-08,39.58149559178887,40.51783074779744,39.4963753947435,40.30502700805664,4069886,,
2022-03-09,40.77320288316393,41.24137051915324,40.21991179245889,40.943443298339844,3650384,,
2022-03-10,42.34795155852366,42.816119217785264,40.68808145102528,41.36905288696289,6526938,,
2022-03-11,41.369054394396365,41.794661963256935,41.113690502505634,41.45417785644531,2835461,,
2022-03-14,41.45417165594494,41.922339262239866,40.94344070142791,41.581851959228516,3272209,,
2022-03-15,41.709536444916615,41.922340202288645,40.00710638594043,40.26247024536133,5049202,,
2022-03-16,41.071127489857595,41.411614819712725,40.73064016000246,41.241371154785156,3188507,,
2022-03-17,41.62441358339897,41.879777426516725,40.645515063132244,40.90087890625,4434530,,
2022-03-21,40.98600699171389,41.454174631614904,40.17735202436061,40.39015579223633,3195326,,
2022-03-22,40.688079833984375,40.8157633937667,40.00710842511019,40.688079833984375,2787479,,
2022-03-23,40.9008815174774,41.36904913427032,40.17735004126358,40.26247024536133,3644054,,
2022-03-24,40.347596572732265,40.68808066052205,40.00710923781461,40.17735290527344,2940010,,
2022-03-25,40.51783587535804,40.51783587535804,39.75174426361816,39.83686447143555,3292493,,
2022-03-28,39.921986245060516,39.964546347176785,38.90052755863176,39.15589141845703,4142874,,
2022-03-29,39.326131997010094,39.62405593564084,38.34723348929069,38.64516067504883,4689148,,
2022-03-30,39.15589081149263,40.77320064386185,38.730283302672056,39.9219856262207,6841967,,
2022-03-31,40.00710440589645,40.4327118995762,38.9005255717546,39.02820587158203,4568692,,
2022-04-01,38.985648016950755,41.36904946939975,38.985648016950755,41.113685607910156,6312197,,
2022-04-04,41.3690493225302,42.220264355891956,41.3690493225302,41.922340393066406,4558914,,
2022-04-05,42.22026297435557,43.837572783672165,41.87977892042882,43.199161529541016,7772528,,
2022-04-06,43.114045469678715,44.60367187242201,42.68843792603777,44.348304748535156,6394097,,
2022-04-07,44.475985017129005,45.71024745171888,42.943798622902236,43.28428268432617,8484966,,
2022-04-08,43.49708655620762,44.85903254691265,43.49708655620762,44.6462287902832,6653342,,
2022-04-11,44.518549458431956,45.19952089478622,44.2631855756901,44.390869140625,3817247,,
2022-04-12,44.34830350204263,44.43342695665499,42.90124049203815,43.41196823120117,3440331,,
2022-04-13,43.837578239477004,44.00782191119183,43.36941057760721,43.58221435546875,2623329,,
2022-04-18,43.199165121879204,43.199165121879204,42.34795004558602,42.6458740234375,2064525,,
2022-04-19,42.98635780964946,43.284281762944524,41.28392779738612,42.09258270263672,3305214,,
2022-04-20,42.26282778426423,42.81611560870704,42.050024025526,42.22026443481445,2614259,,
2022-04-21,42.56075334212835,42.816117212755564,42.39050967933428,42.60331344604492,1733196,,
2022-04-22,42.305387410077714,42.64587147194723,42.05002355189367,42.177703857421875,1448552,,
2022-04-25,41.70953455215845,41.879778199756025,41.32648715684578,41.49673080444336,1920086,,
2022-04-26,42.13514319433969,42.56075070135322,41.62441548477449,41.83721923828125,2380972,,
2022-04-27,41.66697875720593,41.794659070750825,41.07112755261292,41.5392951965332,1419803,,
2022-04-28,41.62442001667644,41.87978389926205,41.11368900437728,41.36905288696289,1590974,,
2022-04-29,41.58185178278254,41.879778983435166,40.858320325863076,40.98600387573242,2023278,,
2022-05-02,41.07112245026079,41.113682549488416,40.305027675653655,40.60295486450195,1515510,,
2022-05-04,40.85832017447139,40.943440375983855,39.15589016720175,39.62405776977539,2966841,,
2022-05-05,39.964543326007195,40.21990716652792,38.687720876276146,38.943084716796875,2431280,,
2022-05-06,38.64516369880648,39.41125527828231,38.13443273202827,39.15589141845703,2936589,,
2022-05-09,39.0707729710266,39.0707729710266,38.21955790191602,38.73028564453125,2093620,,
2022-05-10,38.98565040685356,39.2410142839975,38.304678985427095,38.51748275756836,2160619,,
2022-05-11,38.560037502768154,38.64516094806931,36.68736391879905,37.325775146484375,3298635,,
2022-05-12,37.11297633846307,37.11297633846307,34.47421087869784,34.899818420410156,4639508,,
2022-05-13,35.580787265903055,36.98529335088549,35.3679835104286,35.836151123046875,3817134,,
2022-05-16,36.43200553293614,37.11297696168554,35.96383787861642,36.90017318725586,2017686,,
2022-05-17,37.19809476533148,38.26211347574069,37.07041122123141,38.134429931640625,1984117,,
2022-05-18,38.134435102944806,39.07077364335561,37.66626745630332,37.96419143676758,2214315,,
2022-05-19,37.1980918833383,37.32577217041869,36.77248443214937,37.11296844482422,1739318,,
2022-05-20,37.96418544197243,38.47491635985632,37.75138170463598,38.347232818603516,1698052,,
2022-05-23,38.90053093354968,39.96454981440647,38.00675572305557,39.411258697509766,2756798,,
2022-05-24,39.666621436096584,41.198811178067224,39.15589368685826,40.13479232788086,9403078,,
2022-05-25,40.773204103724524,40.773204103724524,38.304679044244295,38.815406799316406,3316371,,
2022-05-26,39.11333554953938,39.36869943700245,37.666269191078015,38.90053176879883,3593193,,
2022-05-27,39.32613493277961,40.13478985859445,38.77284386587271,39.96454620361328,3164732,,
2022-05-30,40.39015746253006,41.62442001667644,40.26247389767329,41.36905288696289,3559557,,
2022-05-31,41.028561490265886,41.87977644547004,40.68807420933327,40.815757751464844,2292211,,
2022-06-01,40.77319765313011,41.11368168693536,40.305026830065934,40.815757751464844,1578253,,
2022-06-02,40.773201541633256,41.49673302370839,40.51783443301599,41.113685607910156,2277858,,
2022-06-03,41.45417022607298,41.62441387170647,40.13478765488649,40.347591400146484,2101572,,
2022-06-06,40.47527916983852,40.56040263193084,39.45382035462706,39.794307708740234,1059376,,
2022-06-07,39.49637858776078,40.21991006252122,39.28357483081623,39.96454620361328,1220243,,
2022-06-08,40.177351796960686,40.51783587535804,39.624060704764275,39.83686447143555,1494680,,
2022-06-09,39.70918456724437,40.00710854479062,39.19845357371503,39.58150100708008,1250659,,
2022-06-10,39.28357696533203,39.496380733839516,39.070773196824554,39.28357696533203,1257265,,
2022-06-13,38.38979808974263,38.517481648201034,37.879070350164554,38.17699432373047,1443357,,
2022-06-14,37.453464093924566,38.43236274977602,37.453464093924566,37.70882797241211,1742941,,
2022-06-15,37.836509704589844,38.091873570722214,37.62370594162491,37.836509704589844,972030,,
2022-06-16,38.3046726311337,38.51747636797333,35.83614798494304,36.13407516479492,2138593,,
2022-06-17,35.9638336259003,36.47456132528693,34.72957123073384,35.45310592651367,2110256,,
2022-06-20,35.66590988309092,35.836150285790985,34.38908738007517,34.94237518310547,2040547,,
2022-06-21,35.32542031537886,36.43199909751947,35.32542031537886,36.13407516479492,1798720,,
2022-06-22,36.09152164297848,37.79395184789014,35.240306540522646,37.45346450805664,4711196,,
2022-06-23,37.964187436722014,37.964187436722014,36.3894409965414,37.36833953857422,2306111,,
2022-06-24,37.496023144895354,39.15589317908653,37.41090293683541,38.73028564453125,2295336,,
2022-06-27,39.58150119687699,39.66662140597613,38.43236213839944,38.77284622192383,1299777,,
2022-06-28,38.64516240226193,38.772842704327076,37.96418780273768,38.21955490112305,1271193,,
2022-06-29,38.049312818829236,38.21955647572414,37.453461643260916,37.53858184814453,1358709,,
2022-06-30,37.538584773882164,38.13443599589081,37.453464562364324,37.75138854980469,1149518,,
2022-07-01,37.62370554478605,38.30467692966568,37.368341681347154,38.09187316894531,1053018,,
2022-07-04,38.21955610489314,39.070771133980934,38.09187255167891,38.857967376708984,1497489,,
2022-07-05,39.15588941853695,39.45381336526178,38.9005255717546,39.02820587158203,1429722,,
2022-07-06,39.02820811256692,40.00710670308933,38.73028414873541,39.70918273925781,1725570,,
2022-07-07,40.554058940396594,41.44340236797174,40.37619296894231,40.90979766845703,3191027,,
2022-07-08,41.13213356726808,41.26553643857068,40.02045428166624,40.687461853027344,1557552,,
2022-07-11,40.46512214086389,41.532334831885315,40.1538533275798,41.35446548461914,2423291,,
2022-07-12,41.35446548461914,41.532334831885315,40.731924465475345,41.35446548461914,2124174,,
2022-07-13,41.71020127857056,41.88806722089208,40.82085799666138,41.04319381713867,1980793,,
2022-07-14,41.087667074359196,41.57680528150881,40.28725663169549,40.687461853027344,1208839,,
2022-07-15,40.9097929472603,40.9097929472603,40.109382597783686,40.554054260253906,790116,,
2022-07-18,40.909794694463905,42.06594038774884,40.731925343364146,41.710205078125,3021071,,
2022-07-19,41.71020502805659,42.2882761777173,41.53233567717034,42.154876708984375,2337191,,
2022-07-20,42.688480377197266,42.95528270103963,42.28827519514592,42.688480377197266,2736221,,
2022-07-21,42.64401470852884,44.15589909613727,42.332742497581876,43.71122741699219,4096964,,
2022-07-22,43.80015708698047,44.37823158322966,43.31101895538714,43.62228775024414,2748317,,
2022-07-25,43.6222901867357,43.6222901867357,42.732946845955865,42.91081619262695,1583087,,
2022-07-26,42.910814843138745,43.04421769709062,41.087661730390955,41.30999755859375,2774840,,
2022-07-27,41.35446675652045,43.133153498736384,41.17659740378371,42.732948303222656,2848851,,
2022-07-28,42.86634972395071,43.311021394546515,42.37721156481045,42.688480377197266,2010471,,
2022-07-29,42.86634829147832,43.311019947214454,42.24380729493264,42.42167663574219,2128517,,
2022-08-01,42.64401470852884,43.933563256564724,42.24380951878313,43.71122741699219,3184117,,
2022-08-02,43.53335794957767,46.24585450654243,43.22208573946901,44.822906494140625,16733540,,
2022-08-03,44.5116349066219,44.64503776890235,43.44442218610547,43.844627380371094,3324877,,
2022-08-04,44.02249532846304,44.46716699844752,42.777413295476265,43.35548782348633,3217118,,
2022-08-05,43.75569300498748,44.02249532846304,42.95528264198518,43.35548782348633,2595425,,
2022-08-08,43.355488765030806,43.80016044467215,42.91081708538947,43.26655578613281,1433148,,
2022-08-10,43.31102282389934,43.53335866653478,42.7329482760169,42.955284118652344,1320089,,
2022-08-11,43.3999571500441,44.20036756538802,43.22208779190369,43.6667594909668,3035252,,
2022-08-12,43.75569296590209,44.200364635489365,43.488890642664856,43.8001594543457,2103438,,
2022-08-16,44.20036756538802,44.28930054817031,43.3999571500441,43.6667594909668,2116380,,
2022-08-17,43.80016215856385,45.44544608058618,43.75569566737489,45.00077438354492,4163085,,
2022-08-18,44.91184321070094,45.97905600511397,44.55610448170461,45.267581939697266,4653861,,
2022-08-19,45.712251915231136,45.89011788038527,44.02249810566031,44.33376693725586,2839285,,
2022-08-22,44.24483116345528,44.289297651938604,43.222084965460745,43.35548782348633,1570820,,
2022-08-23,43.133151969131156,43.711226496881714,42.95528262270209,43.577823638916016,1918402,,
2022-08-24,43.48889204227849,44.333765527624585,43.355489180078735,44.06696319580078,1752669,,
2022-08-25,44.42270119162698,46.60159308650095,44.24483184238868,45.93458557128906,9369040,,
2022-08-26,46.245854365005805,47.31306706732877,45.890115666706265,46.15692138671875,4897072,,
2022-08-29,45.0897125751991,45.7122536546547,44.4671714957435,45.267581939697266,2230074,,
2022-08-30,45.712249710132156,46.42372371415558,45.53438036098239,46.15692138671875,2617837,,
2022-09-01,45.84564734320206,46.86839351545971,45.66777800116914,45.890113830566406,2919668,,
2022-09-02,46.15692536961213,46.423727720071405,45.04524608221855,45.267581939697266,1944978,,
2022-09-05,45.267581939697266,46.067988991075076,45.000776196662045,45.267581939697266,3405749,,
2022-09-06,45.623312484793416,46.201387010559536,44.95630498240587,45.356510162353516,4416307,,
2022-09-07,45.089713952610964,45.756721545423034,45.000777571357055,45.534385681152344,2631352,,
2022-09-08,45.97905014295625,47.13519577592612,45.801180801135764,46.779457092285156,7345847,,
2022-09-09,47.135198223179216,47.49093692529009,45.97905253018241,46.290321350097656,4680889,,
2022-09-12,46.646060943603516,46.91286327899735,46.29032223469456,46.646060943603516,4294747,,
2022-09-13,46.91286181116459,47.3575334870998,46.60159299504021,46.82392883300781,5055236,,
2022-09-14,45.80118678433528,47.57987364974636,45.44544805422268,47.17966842651367,6800826,,
2022-09-15,47.5798683526381,48.424745198162675,46.77945799528311,47.135196685791016,5534460,,
2022-09-16,47.00179300644461,47.0907293738035,45.22310637017309,45.44544219970703,4546535,,
2022-09-19,45.5788472892093,47.26860103354685,45.356511448774135,46.73499298095703,5056765,,
2022-09-20,47.090732663370076,47.490937863002976,46.290322264104276,46.42372512817383,4406321,,
2022-09-21,46.557126111797494,46.912864832486505,45.890118554937494,46.023521423339844,2279941,,
2022-09-22,45.890121028439815,46.601598508166866,45.40098280555951,45.534385681152344,4175237,,
2022-09-23,45.53437811114827,45.75671393845605,44.022493806940275,44.422698974609375,3019475,,
2022-09-26,43.800160571386904,43.97802992227316,41.75467151763423,42.154876708984375,3113162,,
2022-09-27,42.55507762066679,42.866349826372954,41.13212962839055,41.57680130004883,3889659,,
2022-09-28,41.087662259084084,42.02147207103645,40.90979291571803,40.99872589111328,2669603,,
2022-09-29,41.398930446493715,44.244829720068495,40.77638945030931,42.86634826660156,4034029,,
2022-09-30,42.37721012409078,43.93356091826404,41.97700495564541,42.86634826660156,4214203,,
2022-10-03,42.82188475939513,43.04422060260575,41.84360501372298,42.065940856933594,1949872,,
2022-10-04,42.688480377197266,42.95528270103963,42.24380870660146,42.688480377197266,3105252,,
2022-10-06,43.13315200805664,43.5333571897393,42.95528266146706,43.13315200805664,1766243,,
2022-10-07,42.82188225038627,43.5778227159802,42.688479395245906,43.444419860839844,1640232,,
2022-10-10,42.866352675389045,43.044222034389165,42.24381161517653,42.33274459838867,2561677,,
2022-10-11,42.42167908994836,42.64401493067915,41.621268706287275,41.710205078125,1460402,,
2022-10-12,41.93254089355469,42.510612043560506,41.71020505295805,41.93254089355469,1835280,,
2022-10-13,41.977004101114254,42.19933992432718,41.04319432213508,41.17659378051758,1699594,,
2022-10-14,41.71020323310822,42.06593852699639,41.17659520341264,41.443397521972656,1973949,,
2022-10-17,41.576802216656255,41.9770074084868,41.08766404556367,41.710205078125,3043504,,
2022-10-18,41.977009203927636,43.533360155611355,41.888072828285914,42.77741622924805,6650448,,
2022-10-19,43.22208260544012,43.75569061583069,43.04421666121869,43.177616119384766,4604215,,
2022-10-20,42.86634819497451,44.467165473505624,42.77741182848221,44.20036315917969,4755561,,
2022-10-21,43.889092336618,46.24585353738011,43.889092336618,44.91183853149414,7941385,,
2022-10-24,45.35651014374523,45.97905115756666,45.35651014374523,45.5788459777832,1271612,,
2022-10-25,45.445444918281105,51.18171034191872,44.9118402525093,50.203433990478516,33792078,,
2022-10-27,50.247899469876906,51.71531736009827,49.62535844394737,50.959373474121094,16947608,,
2022-10-28,50.692571926700886,52.56019164065432,50.425769595075494,52.2044563293457,20684616,,
2022-10-31,52.960394327213585,54.027606995768565,51.84871517092205,53.58293533325195,17616159,,
2022-11-01,53.80526874511705,55.45055246541691,53.449530074069585,54.9614143371582,22673305,,
2022-11-02,55.13928998102907,55.27269284607801,52.693595667354394,54.24994659423828,14712379,,
2022-11-03,54.07207688190965,57.629453798197574,53.62740519144563,56.91797637939453,45789813,,
2022-11-04,58.16305257938572,60.47534377859599,58.1185827007823,59.54153060913086,51275333,,
2022-11-07,61.27576415878158,63.14338401922111,60.564286695208445,62.832115173339844,37785088,,
2022-11-09,63.365705671927095,69.10196683974664,61.72042203958083,68.4349594116211,66064082,,
2022-11-10,67.59009383638063,68.9241088463092,64.25505631155923,65.54460144042969,28076509,,
2022-11-11,67.01201632537038,67.59009082763694,65.81140422690966,66.34500885009766,17506025,,
2022-11-14,65.90034370913548,67.99029931439249,64.74420137555687,66.74522399902344,12588052,,
2022-11-15,67.14542401760114,67.14542401760114,65.36673728865806,66.03374481201172,8312658,,
2022-11-16,65.98927681767074,67.14542593862154,65.36673915879051,65.85588073730469,10919208,,
2022-11-17,65.67800795637555,67.0120230406018,65.27780614516831,66.07821655273438,8874301,,
2022-11-18,66.43394180388431,69.27984443531518,65.81140420787023,66.78968048095703,23611698,,
2022-11-21,66.70074743329252,69.72451600729863,66.389478635634,68.56836700439453,19948870,,
2022-11-22,69.81345167098446,71.99234012372541,68.79070548055763,71.54766845703125,28943108,,
2022-11-23,72.0368071420749,72.0368071420749,69.68004604521141,70.56938934326172,18982148,,
2022-11-24,70.79172410039098,74.03782844636066,70.79172410039098,72.3036117553711,26150814,,
2022-11-25,72.97062686006744,75.23844840228936,72.0368135993486,72.748291015625,17424428,,
2022-11-28,72.74829688473389,73.94890918455444,70.88067021262187,72.2591552734375,11460216,,
2022-11-29,72.57041623275519,76.03885666576784,72.17021443804852,74.48250579833984,22577829,,
2022-11-30,74.88270182925787,75.59417917080813,72.74828337490862,73.19295501708984,10057927,,
2022-12-01,73.41529941167119,74.70484461053042,71.28087392291143,73.90443420410156,16662882,,
2022-12-02,73.370820910189,76.21671670416025,73.370820910189,75.19397735595703,19118072,,
2022-12-05,75.68312709951394,77.81755276084175,75.50526112155002,76.7503433227539,16512468,,
2022-12-06,77.81755199182953,84.39869488874038,77.68414911709884,80.3077163696289,64566563,,
2022-12-07,81.55278476765166,84.66548657993076,80.53004531459543,82.57553100585938,40632070,,
2022-12-08,83.2425333258786,90.00154119523842,83.1091304709591,89.11219787597656,65938068,,
2022-12-09,90.53515491106981,91.46896134888732,80.6634383887759,84.70995330810547,64253084,,
2022-12-12,84.13187856626476,88.13392359432846,82.88679653383691,87.15564727783203,32045806,,
2022-12-13,87.6003278466147,91.55790339567511,86.53311844477761,90.53516387939453,38377035,,
2022-12-14,90.97983598324741,91.33556792861242,87.86713396524006,88.53414154052734,28459879,,
2022-12-15,88.75646632600736,92.04703390617742,83.59827233990993,83.99847412109375,54070468,,
2022-12-16,84.04294808509326,85.06569431300034,80.57450760074167,80.97471618652344,31214748,,
2022-12-19,81.41938021903064,82.21978374508231,78.70688049360868,80.08536529541016,22859602,,
2022-12-20,80.75237087812275,80.75237087812275,77.77306552324444,78.70687866210938,15966771,,
2022-12-21,79.15156109660654,83.55380812893023,76.08332913894478,77.01713562011719,36766532,,
2022-12-22,78.0398762248894,79.01815251854157,72.17021167782536,73.94889831542969,34029343,,
2022-12-23,73.01508546478784,73.3708241510352,68.16816706826474,68.83517456054688,33696758,,
2022-12-26,68.8351816698591,78.88475818707506,66.70075611708211,77.77307891845703,44666926,,
2022-12-27,79.3738908735708,80.48557001745836,77.10606270597981,79.0626220703125,28152129,,
2022-12-28,79.41836084912651,81.33044355079731,75.68311485007087,77.50627136230469,29300061,,
2022-12-29,77.10607154986643,77.77307911270316,74.9716527769103,76.6613998413086,26957053,,
2022-12-30,77.63967700937246,79.81856549833044,77.15053545381801,78.48455047607422,23297296,,
2023-01-02,79.10709524936618,82.17533414871839,78.4845575634899,81.37492370605469,24017164,,
2023-01-03,82.08639145037047,84.04294404746803,81.95298859485221,83.33146667480469,28822322,,
2023-01-04,84.08741287621928,85.28802499056839,81.95298757007028,83.73167419433594,32925860,,
2023-01-05,84.0429440166026,85.28802602573063,81.90851868454756,83.77613830566406,23254902,,
2023-01-06,84.35421286919077,84.66548167535694,82.30872729641945,83.109130859375,14508676,,
2023-01-09,83.77614008513673,85.3769608144685,82.97573650562207,84.70995330810547,18826588,,
2023-01-10,84.93228449161278,84.93228449161278,80.88576979392062,81.6861801147461,13471211,,
2023-01-11,81.9974562350102,84.75442611803506,79.907500666549,84.35421752929688,26419316,,
2023-01-12,84.4876203922096,84.66548635265893,83.10913545069718,84.35421752929688,13399632,,
2023-01-13,84.70995036857336,86.26630116274661,83.7316740835518,85.73269653320312,20195109,,
2023-01-16,85.91056810301363,90.09048600911699,85.82163512312876,87.02224731445312,29233309,,
2023-01-17,87.9560630456669,88.93433942228167,79.72963664910584,83.0646743774414,70466402,,
2023-01-18,81.8640529252968,82.3976575446571,79.15155316458495,79.46282196044922,43303240,,
2023-01-19,79.41835783359991,80.8413057284316,78.97368619239309,80.08536529541016,20169417,,
2023-01-20,80.44110109019941,81.10810858443041,79.72963050077699,80.21876525878906,16244437,,
2023-01-23,80.6634420081445,81.15258358215233,76.97267240211853,77.90647888183594,8169869,,
2023-01-24,78.35114191392412,78.7068805843298,75.4163131496667,76.30565643310547,9460911,,
2023-01-25,75.81652286498495,76.305664436239,71.81447766976581,73.41529846191406,17793136,,
2023-01-27,73.41530208356326,74.17124263403232,67.50116697962567,69.27985382080078,22272182,,
2023-01-30,69.27984431127202,72.17021003144258,67.59009068706521,69.68004608154297,18527169,,
2023-01-31,70.30259306426906,74.97164555432086,69.54664580442547,73.54869079589844,19018759,,
2023-02-01,74.70484006127256,76.26119089588241,69.19091410414386,70.88066101074219,25489251,,
2023-02-02,70.25812542783486,71.77000642551253,68.03476702821983,69.14644622802734,12734571,,
2023-02-03,69.59111771538714,71.50320729079546,68.16816970060118,70.92513275146484,17282156,,
2023-02-06,71.3253297987835,72.03680715137597,70.0357847305044,70.34705352783203,7402174,,
2023-02-07,70.65831942949444,70.65831942949444,69.01303575234488,69.3687744140625,5804796,,
2023-02-08,69.72451869467585,71.9478770281467,69.10197429021332,71.54766845703125,9001344,,
2023-02-09,71.54766556875695,72.61488159683171,70.48045632583309,71.68106842041016,8404132,,
2023-02-10,71.2808666775283,74.79376998986803,70.61385920416119,71.0140609741211,19524652,,
2023-02-13,71.14745905509946,71.45872783143543,69.76897432184673,70.43598175048828,5646626,,
2023-02-14,70.25812542783486,70.34705840678919,67.63456523034968,69.14644622802734,10354152,,
2023-02-15,68.65730278271363,69.90238480937448,68.3460339723362,69.54664611816406,5509405,,
2023-02-16,69.94686142647014,70.43599623698351,68.34604055443113,69.0575180053711,5018615,,
2023-02-17,68.43497094407991,68.83517953948746,66.70075405276854,67.18989562988281,7763798,,
2023-02-20,67.32328508477147,67.72349364079562,66.433941784919,67.2343521118164,6669799,,
2023-02-21,67.36775714636977,67.50116000269973,62.56530181454883,63.054443359375,22735891,,
2023-02-22,62.38743692831216,63.89931789880161,61.80936239777752,62.43190002441406,11728238,,
2023-02-23,62.43189517794288,63.943782816218565,60.69767850611419,63.27677536010742,10931607,,
2023-02-24,63.85485967270536,64.03272564098071,61.94276998056239,62.34297180175781,9112691,,
2023-02-27,61.80936162040581,62.60977197683698,58.741129836762674,59.4970703125,23297557,,
2023-02-28,60.1640794074071,63.49911699334817,60.075146428812275,63.00997543334961,15510921,,
2023-03-01,63.14338068400172,66.1671495667448,62.07617133016374,65.85588073730469,17157626,,
2023-03-02,65.98926447781949,67.54561511913741,64.56631667707317,67.27881622314453,17236985,,
2023-03-03,67.85689535394664,71.94787310757805,67.85689535394664,71.41426849365234,27596572,,
2023-03-06,71.77000322680749,76.39459256298504,70.96959966674022,72.17021179199219,26494355,,
2023-03-08,71.59213837384245,71.7700043265493,70.43598932579447,71.10299682617188,9029996,,
2023-03-09,71.28086669576231,72.5704117638749,69.94685174868685,70.56938934326172,14861735,,
2023-03-10,70.25811767578125,70.25811767578125,67.14541625976562,67.81242370605469,10309135,,
2023-03-13,67.85690131905238,69.63558804526448,66.34501353068126,66.92308807373047,12354157,,
2023-03-14,66.92308755788406,66.92308755788406,62.56530375522413,63.00997543334961,18030771,,
2023-03-15,64.03271676606376,65.45566467050168,61.3646869008111,62.07616424560547,14039598,,
2023-03-16,62.25403671362876,63.94379049574327,60.3864169692502,63.49911880493164,17883910,,
2023-03-17,64.65526167028972,67.45669470284554,63.632522200996924,66.30055236816406,29072424,,
2023-03-20,66.345019759913,66.345019759913,63.67698942008954,64.43292999267578,17859106,,
2023-03-21,65.36673550607142,65.63354122219751,64.34398930778973,65.322265625,8241954,,
2023-03-22,65.01099572254185,67.23435403579671,65.01099572254185,66.38948059082031,10284502,,
2023-03-23,66.1671371067194,66.21160019675132,64.92205523827045,65.27779388427734,7946657,,
2023-03-24,65.36674071933209,65.7669425402877,61.89830005882697,62.5653076171875,9332025,,
2023-03-27,63.00997456203829,63.588049092637974,60.11960869419111,61.40916061401367,11732479,,
2023-03-28,61.764892323922275,64.74419794466013,61.49809339268911,63.63251876831055,12632993,,
2023-03-29,63.543584834529526,69.32431708177707,63.187852893589614,68.39051055908203,20079281,,
2023-03-31,68.39050307274968,69.27984639805163,65.9003390478438,66.38948059082031,12444105,,
2023-04-03,66.70075032260436,67.99029544811424,65.90033996170287,67.54562377929688,8102076,,
2023-04-05,67.67902652508326,69.19091426765351,66.96755592724242,68.879638671875,10567616,,
2023-04-06,68.70177464687086,69.72452086919436,67.32328972306728,68.2571029663086,10106794,,
2023-04-10,68.52390587984425,68.83517468644834,66.70074935021137,67.05648803710938,5221913,,
2023-04-11,67.72349830666414,69.54664812587863,67.59009544546518,68.2571029663086,8243733,,
2023-04-12,68.56836897498707,68.61283885528097,66.70074935021137,67.05648803710938,5357265,,
2023-04-13,67.27883591730505,69.05752288519069,66.47842542472604,68.52391815185547,9394191,,
2023-04-17,68.52390658616682,71.36980254038332,67.7679593242848,71.10299682617188,16077036,,
2023-04-18,71.50320719554372,72.83722222984434,71.19193837790384,71.8144760131836,14038890,,
2023-04-19,71.99234682147907,73.14849597650584,70.79173456673699,71.28087615966797,11415718,,
2023-04-20,71.54766856657814,72.21467606764065,69.63558582498655,70.21365356445312,7351282,,
2023-04-21,70.52493608912582,70.52493608912582,68.0792416782629,68.61284637451172,7446780,,
2023-04-24,69.0130413662406,71.10299684425787,68.43496684206957,70.88066101074219,9303016,,
2023-04-25,71.32533638654199,73.19296291330741,70.79173171538824,71.19194030761719,13250540,,
2023-04-26,71.14746670692418,71.81447420730159,70.30259325383992,71.10299682617188,7990462,,
2023-04-27,71.14746661810914,72.39254864095628,70.83619780868514,72.21467590332031,7354407,,
2023-04-28,72.6593491888558,75.14951329004197,72.6593491888558,74.70484161376953,17197134,,
2023-05-02,75.41631708043607,77.15053385947033,74.92717553498993,75.32737731933594,15211839,,
2023-05-03,74.70483875072019,76.21671967804339,73.54868972266053,74.39356994628906,9115680,,
2023-05-04,74.61591122927263,77.19500839833515,74.43803848148983,76.7947998046875,12588309,,
2023-05-05,76.92820558050401,79.32943009265556,76.12779514806957,76.6613998413086,21390482,,
2023-05-08,72.92615225713965,73.72656260235797,70.39152515157416,72.17021179199219,31978754,,
2023-05-09,72.92614939405912,73.59315685802918,69.50217910270969,70.3025894165039,12625095,,
2023-05-10,70.21365071292013,70.34705356474508,68.65729994031449,69.45771026611328,9066616,,
2023-05-11,70.16919239940934,70.3915282392141,69.23537915816885,69.59111785888672,5788684,,
2023-05-12,69.3687744140625,69.72451307578012,68.70176696777344,68.92410278320312,5123202,,
2023-05-15,68.87963859837826,70.34705645851405,67.81242931018016,69.76898193359375,6984746,,
2023-05-16,70.25812062973479,71.45873272650388,68.39050105863278,68.56836700439453,9467943,,
2023-05-17,68.74624643089818,69.54665004993286,67.45669445050045,68.07923889160156,7285701,,
2023-05-18,68.65730000563148,69.23537450732228,67.59009076031839,67.90135955810547,4464221,,
2023-05-19,67.94583237147772,68.25710118270737,66.74522022236262,67.32328796386719,4778259,,
2023-05-22,67.36776162489683,67.54562758839369,66.52288812055941,66.96755981445312,4437252,,
2023-05-23,67.32329577258184,67.50116853188081,66.078220383249,66.43395233154297,4756333,,
2023-05-24,66.30054476410707,66.70074652922209,65.1888656552867,65.41120147705078,4709974,,
2023-05-25,65.32226758854753,65.36673747095568,64.03272242052802,64.4773941040039,7233513,,
2023-05-26,64.74420143731656,66.7007541791785,64.56632868841447,66.30055236816406,7290651,,
2023-05-29,67.05648805289941,67.41222673988119,66.43394365439352,66.83415222167969,5170603,,
2023-05-30,66.83415802963165,67.14542686335861,66.25608346119492,66.56735229492188,2703655,,
2023-05-31,66.25608070502847,66.56734952580705,65.36673733986031,65.58907318115234,6186430,,
2023-06-01,65.63354298661325,66.78968528888717,65.32226738104778,66.2560806274414,7783523,,
2023-06-02,66.65627764819475,67.05648620444893,66.07820993107912,66.34500885009766,6158885,,
2023-06-05,66.87861829419911,66.9675580587674,65.9003419503107,66.03374481201172,3887735,,
2023-06-06,66.12267968318838,66.34501553066727,65.5890750062694,65.85588073730469,2567455,,
2023-06-07,65.9892807006836,66.52289219415353,65.8558846124681,65.9892807006836,3214305,,
2023-06-08,66.25608644741855,66.70075816854217,65.81141472629494,65.9892807006836,4211618,,
2023-06-09,65.98927319025367,66.2116090255108,64.47739222456573,64.65525817871094,4983983,,
2023-06-12,64.92206759194177,65.41120917142115,64.69973174402416,64.96653747558594,3158863,,
2023-06-13,65.45566846346469,65.81140715647588,65.18886953256971,65.54460144042969,3543341,,
2023-06-14,65.81141472629494,66.25608644741855,65.63354875190629,65.9892807006836,3568679,,
2023-06-15,65.9892808836783,66.47842249233152,64.92207146408296,65.09993743896484,5009673,,
2023-06-16,65.54460045678469,66.03374200047831,64.7441968909604,65.05546569824219,6492267,,
2023-06-19,65.45566735405696,67.50115971533886,65.3222644982949,66.83415222167969,12205690,,
2023-06-20,67.56507453045029,68.25031872232368,67.42803126860713,68.02190399169922,7523953,,
2023-06-21,68.15894886772489,68.43304931119897,66.87982508261892,67.06256103515625,7530352,,
2023-06-22,67.33665965264834,67.56507438277355,66.33163623423025,66.56005096435547,3923509,,
2023-06-23,66.69710185385216,66.69710185385216,65.00683422840112,65.37229919433594,4549019,,
2023-06-26,65.28092613330239,65.41797636351971,63.49929405247002,64.8240966796875,7102096,,
2023-06-27,64.4129505574098,66.33163279690197,64.4129505574098,66.10321807861328,6269307,,
2023-06-28,66.46868805082455,67.51939722857875,65.5093433731654,65.92049407958984,5174057,,
2023-06-30,66.24027679775647,67.51940077832887,65.55503255502104,67.24530029296875,7980285,,
2023-07-03,67.79349092750184,70.85425396963754,67.61076192677636,70.62583923339844,19809313,,
2023-07-04,71.2197105261828,73.5038578422331,70.07763686815764,73.32112884521484,30069423,,
2023-07-05,73.64090807532901,74.14342327312583,72.59019891581298,73.32112884521484,13088977,,
2023-07-06,73.27544232680607,74.87434543093794,72.86429860258076,73.64090728759766,9871399,,
2023-07-07,73.36681881567702,74.09774181661473,71.63086536111965,72.86430358886719,12677351,,
2023-07-10,73.00135121683846,73.50385945499652,71.08266882339088,71.49381256103516,10973971,,
2023-07-11,71.81359859824246,72.08769909640313,70.7172105469303,70.94562530517578,6322004,,
2023-07-12,71.35676813947335,73.0470359340365,71.17403912355603,72.45316314697266,10304142,,
2023-07-13,72.72724371199332,73.50385234726014,70.16900309166361,70.58014678955078,8681612,,
2023-07-14,71.12834167480469,71.53949234893105,70.12331831138025,71.12834167480469,8828498,,
2023-07-17,71.35676487910249,73.04703259643541,70.94562112674159,72.86430358886719,7560542,,
2023-07-18,73.22977192061896,74.00638069426526,71.99633363651424,72.45316314697266,9588130,,
2023-07-19,72.81861364741802,73.5038578422331,71.81359022248876,73.32112884521484,8972188,,
2023-07-20,73.36681319688766,76.65598387586861,73.09271273586246,76.01641845703125,34870282,,
2023-07-21,76.74734931606473,77.56964373858402,76.38188435376011,77.15849304199219,15655189,,
2023-07-24,77.4325960166329,78.84877017747432,76.42757256571217,77.06713104248047,17605173,,
2023-07-25,77.47827465927232,78.34624779408995,75.37685647827897,75.8793716430664,9984464,,
2023-07-26,76.10778825711708,77.752370075246,75.55958734707664,76.97576141357422,8179237,,
2023-07-27,77.4325942993164,78.20920299550114,76.47324963477591,77.4325942993164,9344357,,
2023-07-28,77.56964705780307,78.072155303143,74.73730567740859,76.74735260009766,10525169,,
2023-07-31,78.57466889008174,79.30559883081344,77.6610099494994,77.98078918457031,21713178,,
2023-08-01,78.52898051580975,80.35629833556717,78.1635225283897,78.39193725585938,20269483,,
2023-08-02,78.11783755182506,78.98581073635737,75.42254652982315,76.29051971435547,12747571,,
2023-08-03,76.56461675413428,76.9757604609121,75.69663663775523,76.42756652832031,8008032,,
2023-08-04,76.79304095644284,78.02647919975232,76.4275759660306,76.93008422851562,7655878,,
2023-08-07,76.74734744510135,77.20417689417934,75.83368854694538,76.06210327148438,4625262,,
2023-08-08,76.38188692857015,78.80308454345862,75.9250574529559,78.52898406982422,12696187,,
2023-08-09,79.30559555613874,80.35629771789138,77.93510720185522,80.17356872558594,14066381,,
2023-08-10,80.03652446624062,80.67608992834566,78.3005710271909,78.75740051269531,10867234,,
2023-08-11,79.12285618443991,82.54907692254208,78.80307697634983,79.71673583984375,29715786,,
2023-08-14,79.39696685976675,82.18362257000517,77.75237790535421,81.95520782470703,15929019,,
2023-08-16,81.31564580458289,83.0515991878024,80.76745183374108,81.81816101074219,18683050,,
2023-08-17,81.77247198278788,83.09727460653383,81.31564253037007,81.63542175292969,13724577,,
2023-08-18,81.49837247259686,83.96525572679286,80.76744952261103,83.37137603759766,22087157,,
2023-08-21,83.55410056863391,83.69115079276708,81.49836811862818,81.77246856689453,10901499,,
2023-08-22,82.04658175146531,83.14296977339795,80.85882225215076,80.9958724975586,9926681,,
2023-08-23,81.22428130455333,83.0515991878024,80.81313059842358,81.81816101074219,12574484,,
2023-08-24,82.41203729532675,82.91455252312679,79.3056023365569,79.89947509765625,10811228,,
2023-08-25,79.39695987384383,80.26493304134023,77.98078578933473,78.71171569824219,8544973,,
2023-08-28,79.16855028683038,80.63040322885804,78.80308530865729,79.39696502685547,6758273,,
2023-08-29,79.62537725999408,80.03652099082913,78.62035382965827,78.89444732666016,7258228,,
2023-08-30,79.2599156842913,80.58471840314034,79.07718667847237,79.94515991210938,6583569,,
2023-08-31,80.2192550756168,80.44766980308648,78.11783679463005,78.39193725585938,5857331,,
2023-09-01,78.39193832751137,80.85881462964144,77.88942313194275,80.40198516845703,10411546,,
2023-09-04,80.85881972073855,82.9602381627638,80.58471923850402,81.68111419677734,15278755,,
2023-09-05,81.90952572508036,86.34077020942034,81.90952572508036,85.33574676513672,39876277,,
2023-09-06,85.70120921864988,86.24940317481797,83.78251991606503,84.8332290649414,12765884,,
2023-09-07,85.06164721221327,86.29508540582006,84.65050347123255,85.2900619506836,10326143,,
2023-09-08,85.56416322802937,85.74689223225447,84.6048185291859,84.97028350830078,11270995,,
2023-09-11,85.79257804753775,90.63496637060267,85.65552780891055,90.2695083618164,49237004,,
2023-09-12,91.45726097598717,92.91911392543257,87.16306662999168,89.94972229003906,48918012,,
2023-09-13,89.90404511310425,95.52304923967291,88.3508206632028,94.60939025878906,51789143,,
2023-09-14,96.02555344958296,99.04063074768952,95.61440971377958,97.98992156982422,48219117,,
2023-09-15,98.35538387966913,99.99996574904911,95.43167116077524,96.61943054199219,31986443,,
2023-09-18,96.43670678750142,103.88302179452027,95.93419156721677,100.22838592529297,55632514,,
2023-09-20,99.90860830581178,103.97439495885315,96.02555763160268,96.93921661376953,38895249,,
2023-09-21,97.44172668317887,100.86794768490341,96.80216124712493,98.03560638427734,33573298,,
2023-09-22,99.13199457251005,102.0557003799312,98.21833563635789,99.77155303955078,24986113,,
2023-09-25,100.36543506164071,100.95931477799715,96.89353520642513,97.3503646850586,14756857,,
2023-09-26,97.76150604318526,99.95428888127745,97.76150604318526,98.90357971191406,13880012,,
2023-09-27,98.85789909933854,99.99997282724524,97.12195260945222,98.99494934082031,14479172,,
2023-09-28,99.40609465445267,101.37045578299741,94.19823455627031,95.97987365722656,24324010,,
2023-09-29,96.8478504181208,100.59385078544348,96.8478504181208,99.95429229736328,13059779,,
2023-10-03,99.13200113602223,103.33483112645791,98.85790064876264,103.06073760986328,23964066,,
2023-10-04,102.78663461858575,103.97439407355533,98.76653373714811,100.50248718261719,23703834,,
2023-10-05,101.41614098010157,102.55821463978741,99.63450885925745,100.41111755371094,13307549,,
2023-10-06,100.50247591592444,100.95930535190591,97.62444907510834,99.17767333984375,10844920,,
2023-10-09,97.76150835246777,97.98992309160906,94.56370200448985,95.29463195800781,11296760,,
2023-10-10,95.29462958289771,98.40106438126305,95.29462958289771,98.03560638427734,9813428,,
2023-10-11,98.58379437647451,99.5888177486121,97.39603504625296,97.67013549804688,8100970,,
2023-10-12,98.12696668859844,99.26904030701634,97.48740127988592,98.492431640625,5295195,,
2023-10-13,97.76151109185265,98.3097050870198,96.43670835597666,96.93921661376953,5427301,,
2023-10-16,96.84784274512005,97.25898645907424,95.8884981183414,96.11691284179688,6200368,,
2023-10-17,96.80216033027092,98.30969895088408,95.97987287417685,96.8935317993164,5475020,,
2023-10-18,97.12194745613499,97.57877692305817,95.11189361927428,95.66008758544922,4623981,,
2023-10-19,95.38599728267968,95.7514622625925,94.10687333831719,94.38097381591797,6123613,,
2023-10-20,94.33528370585742,95.29462836231833,89.90403932785075,91.00042724609375,10264340,,
2023-10-23,91.36588675995925,92.37091012018601,82.00088336706344,82.9602279663086,22089801,,
2023-10-25,83.78251878516053,86.43213100331668,80.85881307795226,81.63542175292969,19966700,,
2023-10-26,81.4070087387175,83.554105816102,78.9401324320484,82.45771789550781,17580514,,
2023-10-27,83.37137475695098,89.12742862432673,83.37137475695098,88.44218444824219,27867753,,
2023-10-30,88.8990181457223,89.03606141095445,86.52349931195131,87.3914794921875,9072361,,
2023-10-31,88.25945534998527,90.54360278125127,87.1630673712435,87.57421112060547,13279697,,
2023-11-01,87.75694868453888,90.17813942893486,86.84328969550948,89.58426666259766,11806551,,
2023-11-02,90.726337149192,93.51299278351856,90.45223667403513,91.45726013183594,13718201,,
2023-11-03,92.46227918059277,92.91910863696066,89.90403840733124,90.45223236083984,9467653,,
2023-11-06,93.10185327272958,93.19321777837932,91.45726428837456,92.18819427490234,11697575,,
2023-11-07,92.27954974742416,94.92916197588899,91.7313557965228,94.28959655761719,11403064,,
2023-11-08,94.74643272414926,96.29965716085002,94.51801798086957,94.92916870117188,7833095,,
2023-11-09,95.29462444294668,96.39101231609635,94.6550590413893,94.97483825683594,7545149,,
2023-11-10,94.74643872138813,94.83781020101543,93.6500506725126,94.10688018798828,5236922,,
2023-11-13,95.15757692460487,98.85789132980506,93.78708855882755,98.12696838378906,21374622,,
2023-11-15,99.68018668598368,101.23341103095056,98.30969830724698,98.67516326904297,13710851,,
2023-11-16,98.85789224813726,98.85789224813726,96.84784541459075,97.4874038696289,5727373,,
2023-11-17,95.84281837952152,96.34532658360509,94.4266443202611,94.97483825683594,8836732,,
2023-11-20,95.20325457999245,96.93920788391118,94.92916109242478,95.52304077148438,6618098,,
2023-11-21,96.07123565673828,96.7564798383546,95.38599147512198,96.07123565673828,6732684,,
2023-11-22,96.20829012270798,96.20829012270798,94.60938696187917,95.0205307006836,9377801,,
2023-11-23,95.47736439621309,95.97987962866965,94.88348465894578,95.15758514404297,3203905,,
2023-11-24,95.43167776505267,96.07124323407027,94.19823953499242,94.60939025878906,3629578,,
2023-11-28,94.60938370245304,97.48740371626141,94.01550401190084,96.02555084228516,7248889,,
2023-11-29,96.80216467337866,97.48740889797736,96.25397068783263,96.71080017089844,5188935,,
2023-11-30,96.80216891245288,97.12195514113452,94.56370713567159,94.79212188720703,4169016,,
2023-12-01,95.47735372144122,99.63450444686053,95.20325326698962,98.21833038330078,23926731,,
2023-12-04,102.32980084904264,102.32980084904264,99.22335907199238,99.77155303955078,22576787,,
2023-12-05,101.32477661430184,102.1470710444866,99.40609425764704,100.68521118164062,17447010,,
2023-12-06,103.06073024333983,107.53765343037088,100.59384694632503,106.57831573486328,48116745,,
2023-12-07,107.81175471650256,108.04016945107142,103.47187475969419,103.88301849365234,29741220,,
2023-12-08,104.11143479854938,106.07580293960335,102.6952676052609,104.43122100830078,17984221,,
2023-12-11,104.97940788325992,109.63906682937555,104.93372215048203,108.22289276123047,31923235,,
2023-12-12,109.54770644318323,110.46136536769573,104.8423615878109,105.71033477783203,28197994,,
2023-12-13,99.17767953051775,103.24345897627336,98.85789332883846,102.46685028076172,165698665,,
2023-12-14,104.88805311219046,104.88805311219046,101.59887522584916,101.96434020996094,37411189,,
2023-12-15,102.78662780364142,103.97438717986034,100.36543028791166,102.83231353759766,40633750,,
2023-12-18,103.24345124248967,103.24345124248967,101.23340453753862,101.87296295166016,24936286,,
2023-12-19,101.87297239666849,104.79667823323977,100.13701900653852,103.56324005126953,37200565,,
2023-12-20,104.15712039694074,104.52258537141381,97.76150774098825,98.53811645507812,33538886,,
2023-12-21,97.76150693849885,100.6852127689545,96.39101852347318,100.045654296875,24228179,,
2023-12-22,100.73089769923945,103.79165374086575,100.6395331997676,102.1470718383789,20798348,,
2023-12-26,102.55821639108875,102.74094539149303,99.68018932540191,100.045654296875,12596950,,
2023-12-27,100.73089443461957,102.51252651390496,100.59384420452125,101.37045288085938,14699470,,
2023-12-28,102.14706949780937,104.24848082016882,100.86794562251943,103.70028686523438,27428060,,
2023-12-29,103.83733535570549,105.07077347629436,102.10138205196431,102.87799072265625,22161483,,
2024-01-01,103.42618968842926,104.33984863256968,102.64958098004281,103.28914642333984,16485079,,
2024-01-02,103.38050934507561,105.07077697179331,102.28411444644954,104.5225830078125,23191028,,
2024-01-03,104.61395023008336,106.85241187905511,103.60892677484432,106.16716766357422,30456365,,
2024-01-04,106.25853495579246,108.679725512055,106.25853495579246,108.40563201904297,31814561,,
2024-01-05,108.72541388262236,111.83185567340162,107.17219647256499,108.58836364746094,38103338,,
2024-01-08,108.72541811951248,109.59339135825107,107.03515040842612,108.13153839111328,23456985,,
2024-01-09,108.72540782259526,109.82179570144822,107.85743466605868,108.54267883300781,13742428,,
2024-01-10,108.26858441809082,108.26858441809082,106.53263103750753,107.9944839477539,10101844,,
2024-01-11,110.18726939615631,111.3293430983774,109.82180441731263,110.552734375,24879727,,
2024-01-12,111.23797067334161,118.86702803732597,110.5527265008159,117.953369140625,54706093,,
2024-01-15,118.68428725374906,121.69936445571707,116.4001469413056,119.59794616699219,54780976,,
2024-01-16,119.59795941364867,125.07991350028797,118.41021384794097,122.93282318115234,33801884,,
2024-01-17,120.05477813142659,124.53171526463333,118.82134693758053,121.28822326660156,28568989,,
2024-01-18,120.6029723461009,123.43532045500271,116.90265108812535,122.75007629394531,28936853,,
2024-01-19,123.75509471675296,125.53672677628933,122.06483412337882,123.52667999267578,14991995,,
2024-01-23,126.90721194630054,127.63814183332975,117.67926568920679,120.42024230957031,24563193,,
2024-01-24,120.42024017217442,125.03422018948959,115.62353117167729,121.65367126464844,19268806,,
2024-01-25,122.11050979458079,124.16624237658606,119.32386122537005,120.14614868164062,12029308,,
2024-01-29,121.05981200383599,124.85149110516025,120.9684405314523,123.80078887939453,16380958,,
2024-01-30,124.89717792334729,127.91225530084743,123.34396046867431,126.6788101196289,21776835,,
2024-01-31,127.22701950269854,129.19138083410752,124.531728161464,126.95291900634766,18743903,,
2024-02-01,127.68384071082872,133.5769382630626,125.0799070768668,132.84600830078125,39021958,,
2024-02-02,133.85103127966113,142.75920571636212,133.3485160872738,138.4650115966797,43049310,,
2024-02-05,134.3992338187213,134.3992338187213,125.62810253773688,126.63313293457031,72223881,,
2024-02-06,126.99859172900572,127.54679266551862,119.27817653086794,122.15619659423828,41258558,,
2024-02-07,124.2576132299861,128.18634937772936,123.84646950388793,125.49105834960938,32381185,,
2024-02-08,127.7295238550906,132.2978185999699,127.50110911784664,129.41978454589844,44308819,,
2024-02-09,130.33343345935342,130.74459110779725,122.47597546797358,125.3996810913086,21954850,,
2024-02-12,126.31334895568136,126.45039222069295,113.70485274543795,117.4051742553711,21067330,,
2024-02-13,117.45086086371633,121.47095466899704,116.94834565272394,119.7350082397461,18000556,,
2024-02-14,116.94834742711316,124.48603388237632,116.03468846283884,124.07489013671875,13531486,,
2024-02-15,125.03423272231828,131.06437341972165,124.76013224940695,130.6075439453125,25972974,,
2024-02-16,133.85102554843456,136.59200218082572,130.74459094158914,131.61256408691406,34806902,,
2024-02-19,132.4805517227525,133.3942107001508,129.10001629464475,130.4705047607422,10942695,,
2024-02-20,131.65826866514965,131.8866834172118,129.00864917643077,129.6938934326172,8657283,,
2024-02-21,130.3334391178675,133.80534579564403,128.27770655170977,129.00863647460938,15922241,,
2024-02-22,129.55685358459408,130.01368310080116,124.71445792453294,127.22702026367188,17728329,,
2024-02-23,127.9122610190529,128.59750527451212,124.25762498993711,125.03424072265625,15595124,,
2024-02-26,125.17127912969313,125.9022090953587,124.07489115185953,124.89717864990234,7667258,,
2024-02-27,124.25761914130774,125.8108365923082,122.43030121275909,124.07489013671875,10123884,,
2024-02-28,124.53171945719183,124.89717746589537,119.00407994224214,121.15118408203125,11162257,,
2024-02-29,121.15118770031164,122.65871945789915,117.6792807486191,120.10047149658203,27788093,,
2024-03-01,123.25258139801078,125.35399967954149,122.33892248789556,124.6230697631836,10702960,,
2024-03-04,126.45039195623866,127.86656610415616,124.16624460196175,127.40973663330078,13083002,,
2024-03-05,126.130632917866,132.66328945959992,126.130632917866,131.2928009033203,30920424,,
2024-03-06,130.97300663582516,134.30785598685875,127.86655806452949,132.754638671875,35383879,,
2024-03-07,132.2978237453219,135.35857297863274,132.06940899919437,133.34852600097656,17449961,,
2024-03-11,134.58197387609366,136.5463351552224,130.47050836424555,131.47552490234375,16358360,,
2024-03-12,131.56689286751725,132.16076562684572,126.17631047239388,128.09498596191406,13318583,,
2024-03-13,128.59749732392075,129.83094248402114,115.94332224958971,117.35948944091797,21197858,,
2024-03-14,116.03468607263325,121.97346921808298,114.29873268213811,119.14112091064453,18478220,,
2024-03-15,119.5065853706367,123.8921508224756,114.75555496936721,122.70439147949219,25112860,,
2024-03-18,122.4302891190738,123.57236271160248,119.96341294747748,121.60800170898438,10652375,,
2024-03-19,121.60800462955194,123.06985049829987,119.8720443624203,122.33892059326172,11009392,,
2024-03-20,122.47599044809003,123.89216467143788,117.03972224362228,120.10047149658203,8243643,,
2024-03-21,122.56734268524745,124.48603205864634,122.38461368333547,122.97850036621094,8302052,,
2024-03-22,123.98351866375955,125.8108365923082,123.25258870407421,124.07489013671875,8881966,,
2024-03-26,124.12057675301074,125.12559325603877,121.56232884664296,121.97347259521484,9406196,,
2024-03-27,123.02416630442272,123.34395249854296,120.05477485538373,120.51160430908203,8724839,,
2024-03-28,121.69937210798157,125.94789468649964,121.33391409623636,125.21696472167969,13378241,,
2024-04-01,122.43028916622774,130.37911858502318,122.33891770225904,128.68885803222656,19130984,,
2024-04-02,128.5061321859951,130.65323640271149,127.27270090643178,128.59750366210938,11621470,,
2024-04-03,128.46044470409822,133.6226118236605,126.35902648202459,132.754638671875,27889662,,
2024-04-04,134.4905946618968,138.23660193371154,133.16579197256252,134.71900939941406,31794824,,
2024-04-05,134.71901525779523,136.59201897515192,132.5719249965623,135.67835998535156,13754759,,
2024-04-08,135.6783548252641,137.68840173811327,131.06437431398422,131.74961853027344,10648467,,
2024-04-09,132.98305903053551,133.8510322191173,129.00863713896538,129.60252380371094,8617456,,
2024-04-10,130.01366625511127,132.8460005238153,129.0086358731439,131.97802734375,10630745,,
2024-04-12,131.2927888049493,133.57693618826897,130.65323032588563,131.20143127441406,7894694,,
2024-04-15,126.08492794552365,128.59748991545257,124.48602487375071,126.77017211914062,8646073,,
2024-04-16,125.90219815830041,127.8208734675025,125.21695398901501,126.4960708618164,4486047,,
2024-04-18,126.90720752308374,129.69386977825943,125.03421805084548,125.90219116210938,5817755,,
2024-04-19,123.34395350672264,125.62810079388417,121.69936467170061,124.0291976928711,8745605,,
2024-04-22,126.99858873755531,129.64819400518869,125.62810036988385,129.0543212890625,9355760,,
2024-04-23,130.33344253962127,132.75464710145906,128.64318186120187,131.8409881591797,14355630,,
2024-04-24,132.02371307771736,132.80032873117656,131.20142563161943,131.97802734375,5045213,,
2024-04-25,132.0237116599471,139.01319670070703,131.65825367479007,137.36862182617188,26477024,,
2024-04-26,138.51069545644825,141.06892923520448,136.31790572152053,137.36862182617188,16215350,,
2024-04-29,138.5563778962138,142.7135290181493,137.73409039575606,142.2110137939453,27238149,,
2024-04-30,143.3073991137702,144.3124155044147,140.79483722516702,141.70849609375,15978504,,
2024-05-02,141.9826024620379,142.8962614584251,138.0538799306369,138.55638122558594,9130409,,
2024-05-03,139.7898097775018,139.7898097775018,135.4499300621872,136.86610412597656,9411856,,
2024-05-06,137.50567431625277,137.64271758455445,128.55181366553322,133.48558044433594,19028324,,
2024-05-07,133.4855796712969,134.67332516657834,127.27269595322676,128.7802276611328,12901348,,
2024-05-08,128.7802285379858,132.61759340896262,127.63815482987786,129.92230224609375,12838726,,
2024-05-09,130.92733253091708,131.9323490280658,126.22198049427955,126.99859619140625,10552927,,
2024-05-10,127.91224574183559,128.7345331736446,124.80581106463666,126.77017211914062,10533907,,
2024-05-13,116.94834550821841,119.68932235606728,111.00956233787919,113.84190368652344,57308261,,
2024-05-14,115.48648814951001,115.85195310932444,111.46638753287984,112.24299621582031,24312119,,
2024-05-15,113.38507421188196,117.03971697967837,113.06529497376584,113.84190368652344,17075065,,
2024-05-16,115.121027527132,115.7605860029058,110.37000378253207,111.19229125976562,20908061,,
2024-05-17,112.19732073839234,113.38507317924415,111.78617003256073,112.42573547363281,11055315,,
2024-05-21,114.02464221576405,115.1210301912241,112.15163853946632,112.56278228759766,16225214,,
2024-05-22,113.47644034958127,116.4001532118602,113.24802560896563,115.85195922851562,14805581,,
2024-05-23,116.58287915346803,119.50659193894137,116.58287915346803,117.9990463256836,13782938,,
2024-05-24,118.09041530396706,119.87204740810161,117.7706291057227,118.68428802490234,9755587,,
2024-05-27,119.46091215418738,122.15620336863543,117.86200893223841,121.01412963867188,16918404,,
2024-05-28,121.5623254808946,122.88712816353679,116.94834501808705,119.14112091064453,14334121,,
2024-05-29,118.18178821411477,119.50659087482074,117.26812928378942,118.36451721191406,8418504,,
2024-05-30,117.17675517776995,119.64363144587834,116.49151099544382,116.99402618408203,7601982,,
2024-05-31,117.45085499521188,118.59292862616235,114.66419254742704,117.58789825439453,15463943,,
2024-06-03,123.34396608057384,125.58242786191823,121.65369133923393,123.84648132324219,34037315,,
2024-06-04,124.12057047697529,124.12057047697529,100.6852106974089,106.30421447753906,49514325,,
2024-06-05,108.72541296259934,110.18726586040054,100.09133883912929,106.85240936279297,39376239,,
2024-06-06,108.72541468851063,111.69480626613802,107.2635617675039,107.6747055053711,35581829,,
2024-06-07,108.35994309438135,110.91819077782273,107.72038465885308,110.5984115600586,15029332,,
2024-06-10,111.46638946656094,114.6185099869807,111.46638946656094,112.69068908691406,16610021,,
2024-06-11,113.52211812666829,113.5952125115,111.83185055875416,112.3891830444336,11182412,,
2024-06-12,113.01960822453111,114.48146810680626,112.0419934363917,113.34852600097656,17063890,,
2024-06-13,114.20736499124529,115.3037529068955,113.33939180557756,113.75967407226562,10097817,,
2024-06-14,114.11600142203937,115.4773512720274,113.39421003294119,114.90174865722656,11737543,,
2024-06-18,116.71460817060884,116.71460817060884,113.83645602901882,114.21024322509766,19283739,,
2024-06-19,114.75222822738978,115.92030869741859,113.42528339509501,114.8363265991211,12551561,,
2024-06-20,114.75222917019158,115.8268575079293,114.52795258493728,114.9204330444336,8706010,,
2024-06-21,115.40635849810096,115.54652959017257,113.16364241314898,113.63087463378906,9886490,,
2024-06-24,113.44398510298937,113.49070404762291,111.54702341943825,112.61231231689453,10217149,,
2024-06-25,113.30381222829178,115.49980221467189,111.90211558216858,115.21946716308594,12003890,,
2024-06-26,114.93911675504305,116.30343387075409,114.22892184227658,115.78013610839844,10064059,,
2024-06-27,115.0419116847811,115.64931496448547,112.02358856653187,112.96739959716797,10452879,,
2024-06-28,113.70563400701052,115.49980403121079,112.22917847215078,112.61231231689453,9504554,,
2024-07-01,112.8832997740319,113.4439769752498,112.05162704752257,113.07953643798828,5636426,,
2024-07-02,113.29446299864375,113.58415181354616,109.61267807362353,110.07991027832031,11457472,,
2024-07-03,110.73403205816037,111.48160643436269,110.16400820042055,110.5471420288086,8004538,,
2024-07-04,111.20126830324811,111.4816104868642,109.79957164396347,110.86486053466797,8346070,,
2024-07-05,111.10782069720489,113.49070068484698,110.78075957686943,112.55623626708984,8038993,,
2024-07-08,112.69640626838006,113.2570834877456,111.66849684464361,113.0328140258789,7363153,,
2024-07-09,113.44398602543573,117.64907606413428,113.03281938468896,115.55587768554688,20126207,,
2024-07-10,115.87359239011666,116.15393457830356,111.20127011632164,114.44386291503906,12071610,,
2024-07-11,114.65877791623791,114.798949000758,112.50951409472081,113.98596954345703,7049342,,
2024-07-12,114.00465628369652,116.06047510262711,111.80866637952121,112.40672302246094,7470847,,
2024-07-15,112.6309947135727,116.85477785862257,111.85538753865724,115.6119384765625,19866405,,
2024-07-16,115.86424043644853,116.29409321039925,113.82710773330953,114.96715545654297,7294961,,
2024-07-18,114.95781513513163,116.89215628893456,113.53743228788906,115.53718566894531,16067348,,
2024-07-19,115.53717667104239,115.77079276866733,112.60295905522484,112.96739959716797,7642979,,
2024-07-22,112.13572455641365,114.42515941434814,110.54713797695673,114.01399993896484,7851832,,
2024-07-23,114.19154722771034,114.27565273129132,109.33233518247069,111.47225952148438,7691292,,
2024-07-24,112.12638431183895,114.4345125813111,111.56570708295692,112.45344543457031,8868180,,
2024-07-25,111.95817896675092,112.68706006770961,110.73403286793042,110.99568176269531,5203991,,
2024-07-26,111.06109446947816,112.50017052634246,110.4630378133005,111.5470199584961,7556629,,
2024-07-29,112.93002019907058,117.89203096206697,112.50951407498161,116.93887329101562,24362585,,
2024-07-30,117.50889808003272,118.63959914638843,116.82673593237473,117.57431030273438,7669460,,
2024-07-31,117.7425159462226,118.16302207998575,116.83608432561552,117.55562591552734,5064752,,
2024-08-01,118.2377797345684,118.3499180294771,117.13511145419119,117.84530639648438,7225687,,
2024-08-02,115.92964897777836,119.79833094984981,114.51861289378049,117.96678161621094,14492663,,
2024-08-05,115.4997989502462,116.34081834002956,111.66849631834162,114.33171844482422,20938121,,
2024-08-06,115.03256375258375,116.7146024883495,110.46303350471715,111.13584899902344,8017235,,
2024-08-07,114.00465144668708,114.23826753571718,110.54713618080055,111.07978057861328,7853002,,
2024-08-08,111.1078194145198,113.44398043194285,109.56595171714105,111.55635833740234,10734357,,
2024-08-09,111.79931607961082,113.2103592672617,110.22006902105191,111.15453338623047,8235427,,
2024-08-12,111.005029439243,111.66849832270373,109.79956948048275,110.24811553955078,4432969,,
2024-08-13,110.35090607183388,110.96765604543963,107.47276091653474,108.14557647705078,8949764,,
2024-08-14,108.39786717250149,108.76230770729862,106.52893842814801,107.26716613769531,4845249,,
2024-08-16,108.35114622013604,109.08937396455379,107.9680195167331,108.40721893310547,3826316,,
2024-08-19,109.28560852111124,111.01437336135278,109.04265291073798,109.63136291503906,3373191,,
2024-08-20,110.33221480668136,112.27590252934912,109.79957036752121,111.43488311767578,5367129,,
2024-08-21,111.94884215412691,111.94884215412691,110.8742066280994,111.61243438720703,2412949,,
2024-08-22,112.14507443543218,113.30380829308478,111.67784223628544,113.05150604248047,4976967,,
2024-08-23,113.47201370369655,113.53742592728533,112.21982768577139,112.65902709960938,4407329,,
2024-08-26,113.07019588082778,113.52808145469231,109.42578318275625,109.86498260498047,12124682,,
2024-08-27,110.26680405669592,111.01437846138182,109.91171013563896,110.77141571044922,3507110,,
2024-08-28,111.1545360363187,111.3881521331831,110.07990769426048,110.20138549804688,2033737,,
2024-08-29,109.79956926755399,110.40697256597744,108.86510484825565,109.32299041748047,6780777,,
2024-08-30,109.79957238713806,110.76206962565782,109.7528463130865,110.02384185791016,2452499,,
2024-09-02,111.00502831387425,111.00502831387425,109.00527504332311,109.70612335205078,3784509,,
2024-09-03,110.26679921750261,111.56570416335698,109.48185254348886,111.10781860351562,5373501,,
2024-09-04,110.02383498302275,110.5004138168574,109.19216224853731,110.20138549804688,4975266,,
2024-09-05,110.44435433755383,110.68730995855097,109.33233937362841,109.57530212402344,3748813,,
2024-09-06,110.26680589185678,110.35090427084968,107.69702863590248,108.16426086425781,5934006,,
2024-09-09,107.46340860199938,108.00539967817797,104.94969702372794,105.99629974365234,8367849,,
2024-09-10,106.63173677163537,107.43537675249551,104.8469062866513,105.06183624267578,4932265,,
2024-09-11,105.78137205659448,105.78137205659448,103.63210811613064,103.94048309326172,6176713,,
2024-09-12,104.66000772711901,105.11789326469393,102.99666231644514,103.59471893310547,5439526,,
2024-09-13,104.2395079222916,106.38877179043716,103.65079078041445,104.99642181396484,5278568,,
2024-09-16,105.49168250942564,107.69701900030428,105.1459281247939,105.60382080078125,5555617,,
2024-09-17,106.01498301062213,106.06170908224118,104.68804527765303,104.92166137695312,2727821,,
2024-09-18,105.02444844320321,105.05248123319106,103.25831137999668,103.50127410888672,3149002,,
2024-09-19,104.51049536828333,104.51049536828333,102.33319872849229,102.79108428955078,5563088,,
2024-09-20,103.47324636963452,103.52931195234687,102.52943532739013,103.07142639160156,4333880,,
2024-09-23,103.86571836223939,106.1458066255826,103.07142505671173,105.02445220947266,6797090,,
2024-09-24,105.54775266089761,105.54775266089761,104.47312428881102,104.62263488769531,4405905,,
2024-09-25,104.9216662029274,104.9216662029274,103.07143060382992,103.29570007324219,3870712,,
2024-09-26,103.67882919296748,104.51984863453212,102.47337631102258,103.26766967773438,4939056,,
2024-09-27,103.63210505395739,104.13671669360741,102.95928953442403,103.5106201171875,6063334,,
2024-09-30,103.55735181683612,104.00589789736419,102.51074904853603,103.35176849365234,5267144,,
2024-10-01,103.49193251209151,104.37033133129889,103.26766305186322,103.62275695800781,3541577,,
2024-10-03,102.01547984884331,102.74436096165914,101.48283541029346,102.10892486572266,3787250,,
2024-10-04,102.1276120834484,102.45467318780749,99.80079779312534,101.6323471069336,5400033,,
2024-10-07,101.8566222560985,102.28647503578,97.10954126925424,98.60468292236328,5658321,,
2024-10-08,98.39910521325609,100.24934075237711,94.44631762248322,98.99716186523438,5918241,,
2024-10-09,100.361483885765,100.64181894460633,98.11876776804439,98.47386169433594,3576172,,
2024-10-10,99.13733154440119,99.52046539667788,98.21221372145226,98.55796813964844,2888761,,
2024-10-11,98.55796334696869,99.04388170758995,98.16549000230563,98.61402893066406,1870268,,
2024-10-14,98.96913229694688,99.33357285832186,97.49267677017767,97.84777069091797,3004596,,
2024-10-15,98.11876863846575,98.67009924965653,97.52071195235456,97.81974029541016,2454679,,
2024-10-16,97.80104267328157,98.35237321981404,97.51135387566539,97.95989990234375,2453578,,
2024-10-17,97.97859754310261,98.48320920877106,96.96003470030008,97.81974029541016,2476072,,
2024-10-18,97.18429340430033,98.9597771135276,96.0816251747295,97.95055389404297,3787617,,
2024-10-21,98.39910137259002,99.22142745461412,96.53017262575564,97.2870864868164,3539723,,
2024-10-22,97.63284557359708,97.63284557359708,92.79231960099861,93.35299682617188,8322247,,
2024-10-23,93.24085881721783,93.86694826843745,90.1758166560375,92.4278793334961,5957517,,
2024-10-24,92.45591029042596,94.33417860680616,91.90457258551113,92.7269058227539,9111566,,
2024-10-25,93.24085669687182,93.24085669687182,89.70858240536421,90.23188018798828,6505468,,
2024-10-28,91.57751354999931,94.42763289489615,90.26926193054834,93.62399291992188,6797633,,
2024-10-29,94.04450100596601,96.20311158864149,92.988558751591,95.90408325195312,5039745,,
2024-10-30,95.7826004167381,101.52021122744749,95.53963767798628,100.30540466308594,16153252,,
2024-10-31,100.45492536404053,102.32385420802268,99.43636256618117,101.56694030761719,5828107,,
2024-11-01,102.13696343199746,103.52931341439881,100.18392909696409,102.95928955078125,2774089,,
2024-11-04,103.20225023214752,103.20225023214752,99.85686598158061,101.23052978515625,4062781,,
2024-11-05,101.14642703868446,104.14605697770662,100.29606812197117,103.1368408203125,6602415,,
2024-11-06,104.66001289941734,106.89338224718702,103.58537741251702,106.30467224121094,10552466,,
2024-11-07,106.2392597146689,107.46340579492562,105.23938309375289,105.6598892211914,5585389,,
2024-11-08,105.58513395310133,105.96826779152546,103.1368417092317,104.3236083984375,3799518,,
2024-11-11,103.75357932268761,107.46340406457705,103.75357932268761,104.8469009399414,9862906,,
2024-11-12,104.64132911149555,106.86535186925113,100.92215757503607,101.56694030761719,11559079,,
2024-11-13,101.20249926050234,101.20249926050234,97.42726215851734,97.87580108642578,6511151,,
2024-11-14,99.05323210548607,99.89425153980848,96.99741315882952,97.46464538574219,3862235,,
2024-11-18,97.55808596004492,97.93187315042317,94.84813774154968,96.31524658203125,6355112,,
2024-11-19,96.70772612299399,100.54837566976884,96.65166053613244,97.71694946289062,5196762,,
2024-11-21,97.94121784985398,97.96925064297282,94.10056834581754,94.86682891845703,5927171,,
2024-11-22,95.8760477972636,96.81051221464315,95.12848054099858,96.30590057373047,4958015,,
2024-11-25,99.60455994906609,101.06232930459984,98.43647941417565,99.9876937866211,6394173,,
2024-11-26,100.45491848212492,100.89411787107592,99.61389913406954,100.72591400146484,3020229,,
2024-11-27,101.39873810181297,104.8469070279409,100.31475593228264,104.22081756591797,7682086,,
2024-11-28,104.56656646728516,107.1176502546531,102.64156497956925,104.56656646728516,11794214,,
2024-11-29,104.79083708331318,107.18306366220007,101.68841556529514,103.25831604003906,13029139,,
2024-12-02,103.11814394747688,103.4452050578971,100.40819579225679,102.9032211303711,11469057,,
2024-12-03,102.65091537952519,106.71583419127431,102.65091537952519,106.5476303100586,10340458,,
2024-12-04,107.08962093396835,111.06109471258401,106.77190645379001,110.1546630859375,25931163,,
2024-12-05,110.92092031787786,111.67784132229113,108.58475934126378,110.56582641601562,11603457,,
2024-12-06,110.73403137448523,112.60296017405459,108.93051479772488,110.08924865722656,12310232,,
2024-12-09,109.89300830910442,110.62188937582675,108.03342621203109,108.28572845458984,5912817,,
2024-12-10,108.58476361439463,109.17348076648355,107.46340915325027,107.83719635009766,5298245,,
2024-12-11,108.24835698433616,108.48197309363874,106.63173750042506,106.80928802490234,3907762,,
2024-12-12,106.97748456994859,107.25781960424153,105.1085558237394,105.60382080078125,4084044,,
2024-12-13,105.17397262707493,106.16450262431569,102.61353500004485,105.64120483398438,6821762,,
2024-12-16,105.16462471068446,108.0240835008676,105.16462471068446,106.76255798339844,4725717,,
2024-12-17,106.51959290597951,106.80928171238442,102.79108201809973,103.00601196289062,6740261,,
2024-12-18,103.00601202703498,103.25831427339256,100.41754169486836,100.87542724609375,10177305,,
2024-12-19,98.8943765188886,100.38017160329225,98.40845100228248,99.56719207763672,4796423,,
2024-12-20,99.56718111167936,100.12785830575253,95.96948759679883,96.27786254882812,7041416,,
2024-12-23,96.71707027675642,97.88515083565444,95.31537360607878,95.71719360351562,7040251,,
2024-12-24,95.78260425715004,96.17507760744093,95.18454759116453,95.6424331665039,4645820,,
2024-12-26,95.60505144381828,97.62349799022284,95.33405590956596,96.40869140625,7724432,,
2024-12-27,96.10966144691994,97.17495028517281,95.88539198870816,96.06294250488281,3177526,,
2024-12-30,95.88539117562138,96.80116228103584,93.82957237908495,94.31549072265625,6848363,,
2024-12-31,94.38090444187237,95.72653545987659,93.6520233502526,95.221923828125,6050468,,
2025-01-01,95.12848255514636,96.43672706365894,94.43697373847787,95.9134292602539,3260501,,
2025-01-02,97.44594618780263,98.29631221126502,94.20335358919802,96.97871398925781,14259943,,
2025-01-03,97.3618516897504,100.12786555971162,97.23102723930207,97.85711669921875,12858263,,
2025-01-06,99.05322735397517,99.35225567967919,92.7549392335481,93.26889038085938,12258443,,
2025-01-07,93.60529787534627,94.5023828499368,93.00724122561924,93.6426773071289,6149090,,
2025-01-08,93.64267749785827,94.38090523592442,92.06343036646378,93.54923248291016,7748353,,
2025-01-09,93.44644444160957,93.59596217482715,91.91392332311901,92.21295166015625,4710225,,
2025-01-10,91.86719417700614,92.23163472778933,87.83965483766514,88.09195709228516,10132531,,
2025-01-13,87.15749019357243,88.1854067222599,84.14852085767927,84.4288558959961,9889266,,
2025-01-14,84.57837975816773,89.1852898032193,84.57837975816773,88.41902923583984,17015919,,
2025-01-15,89.5777606076726,90.3720539453203,87.73686454444109,89.83006286621094,7021894,,
2025-01-16,90.91404105602764,94.00711589522538,90.91404105602764,93.20347595214844,8542663,,
2025-01-17,92.51197498246792,94.07252880899556,92.26901224385841,93.66136932373047,5277338,,
2025-01-20,93.66137223394696,96.11901109932168,93.06330844431051,95.00699615478516,5601585,,
2025-01-21,95.31536559791093,95.53963505014534,93.34364520979842,93.50250244140625,3640500,,
2025-01-22,93.44644015513025,93.68940289576491,90.50287586436413,92.54000854492188,4809029,,
2025-01-23,92.51197668041988,93.76415556893286,91.49341389463522,93.17544555664062,3393691,,
2025-01-24,93.39971960255575,94.38091013392507,91.57751676361046,91.92327117919922,4111994,,
2025-01-27,93.44643867342907,98.86633496824695,92.61476593958734,97.45529174804688,62764655,,
2025-01-28,97.01609382438961,103.92178517726732,96.99740767330498,102.33319854736328,52405075,,
2025-01-29,101.77251926694231,103.88440363712128,100.84739439558513,103.55734252929688,13568733,,
2025-01-30,103.55734924966288,105.77203254533444,103.02470480252641,103.94048309326172,11344654,,
2025-01-31,104.66001668947055,105.68792614179114,103.09946279453125,105.14593505859375,9417605,,
2025-02-01,105.50103560765307,105.50103560765307,99.3616045857054,101.18380737304688,10476590,,
2025-02-03,99.05322280989313,99.4550427725054,96.67968246439254,97.10953521728516,13485224,,
2025-02-04,98.07203452856139,102.31450369954078,98.02531558686671,99.85686492919922,12915454,,
2025-02-05,100.87542440565159,102.92190362725074,100.45491829709707,100.8193588256836,10574281,,
2025-02-06,101.57628508441894,101.96876558034381,100.17458837876791,100.57640838623047,9397668,,
2025-02-07,100.91280795366018,102.43598947932601,98.01596975693886,99.20274353027344,13415003,,
2025-02-10,99.81013601595838,99.81013601595838,96.43671910581172,97.11888122558594,5384683,,
2025-02-11,97.17495004305262,97.455292212167,94.10056134052766,94.58648681640625,5308829,,
2025-02-12,94.6145274464677,96.20311419134052,91.50275905495056,95.78260803222656,8692391,,
2025-02-13,96.70771933450715,96.91330264443255,93.96039883017005,94.47434997558594,6063347,,
2025-02-14,95.01634301631466,95.31537134712976,91.27848531642722,92.79232025146484,6099055,,
2025-02-17,92.51197575357895,92.70821242237702,89.98892472114947,92.54000854492188,5421187,,
2025-02-18,92.5119731426239,93.11937641236909,89.24134782950082,89.70858001708984,8872125,,
2025-02-19,89.70858692668695,93.41841192258798,89.1572563249777,92.85773468017578,8383145,,
2025-02-20,92.41853231068755,98.10941719078576,92.04474511783205,97.87580108642578,12657368,,
2025-02-21,96.99740723423767,97.57677059740722,93.96973745560678,94.85748291015625,10401247,,
2025-02-24,94.56779600627429,95.12848035914838,93.31561711149028,94.27811431884766,6007057,,
2025-02-25,94.73599561070111,95.05371720495043,91.34389250177084,91.65226745605469,4698591,,
2025-02-27,91.66161604442536,92.4372232622321,89.75531480772646,90.25057983398438,8392622,,
2025-02-28,90.17581628745786,91.01683568907536,88.56853634867727,88.92363739013672,9648668,,
2025-03-03,89.6151413336607,90.34402245706622,86.62485084429204,89.26004028320312,8400268,,
2025-03-04,88.7741158275725,90.95141953734624,87.74620643860641,89.6151351928711,9010467,,
2025-03-05,90.08236689992188,92.18491173723096,89.89546974785598,91.46537017822266,9515677,,
2025-03-06,93.25020524180636,93.6800580190844,91.11028086644119,91.50275421142578,10401338,,
2025-03-07,91.15700853264636,91.95130187692315,90.35336854778338,91.02618408203125,7561031,,
2025-03-10,91.25044986599607,91.27848265722491,87.83965338833545,88.20409393310547,6998486,,
2025-03-11,87.27897554818387,89.14790433024605,86.58747389505216,88.7647705078125,6909115,,
2025-03-12,89.65251931174096,89.66185882283455,87.08274214024401,87.80227661132812,6578981,,
2025-03-13,88.58722591840423,89.13855647951415,87.6060354693881,87.95178985595703,5522916,,
2025-03-17,88.07326860232233,89.04511242173773,88.04523581137532,88.58722686767578,4495889,,
2025-03-18,88.58722686767578,88.58722686767578,88.58722686767578,88.58722686767578,0,,
2025-03-19,92.51197362555027,97.17494888579874,92.23163145977448,96.4460678100586,14730072,,
2025-03-20,97.11888496382454,97.60480331282147,95.12847836687912,95.68915557861328,6730020,,
2025-03-21,96.23114776673198,99.1466721536647,95.34340230247166,98.9037094116211,9871684,,
2025-03-24,99.4270204547124,101.76318161610416,99.08126603624312,100.58575439453125,9980825,,
2025-03-25,101.85661886342614,102.03416937954941,97.94121077433309,99.0158462524414,8193377,,
2025-03-26,98.97847144890774,100.37082859310465,98.1187658779847,98.50189971923828,7981147,,
2025-03-27,97.46463477736282,101.51086000367927,97.24970483944156,100.73526000976562,13735931,,
2025-03-28,100.73526671434793,101.95006617531196,99.75407622756363,100.0998306274414,9918716,,
2025-04-01,99.53914557372227,104.19278146111793,99.29618996088058,103.06208038330078,12089356,,
2025-04-02,103.77227736947265,104.75346073923244,100.96888409119133,104.23950958251953,7907441,,
2025-04-03,103.02470187469868,110.40697218774483,102.39861242696911,107.3886489868164,27606403,,
2025-04-04,107.22978946045899,108.22031943899152,103.37979358165721,104.18343353271484,15100808,,
2025-04-07,97.17494951632129,101.38003925385843,96.2498317702944,98.83829498291016,10220616,,
2025-04-08,101.28660048654802,102.79108881132008,100.17458551709095,102.09024047851562,7718332,,
2025-04-09,101.76317332586811,101.94071671167946,97.66087523101376,99.76342010498047,9301804,,
2025-04-11,101.48283001049789,102.51073940027231,100.10916623432952,101.07167053222656,4886516,,
2025-04-15,102.09958445816079,104.45443165807424,101.71645062410231,104.06195831298828,5998656,,
2025-04-16,104.660017395389,108.67821734357827,104.22081796740112,107.91195678710938,14837452,,
2025-04-17,108.39787182239134,110.079910616222,107.27651737943602,109.42578125,17071220,,
2025-04-21,109.43512793388402,113.56545892666952,109.43512793388402,112.01425170898438,14653740,,
2025-04-22,112.74312906411355,113.67759344569858,110.77140864861732,111.04240417480469,9232904,,
2025-04-23,111.60308598080594,111.73391042927175,107.29520443367397,110.06121826171875,10905130,,
2025-04-24,109.97711998211096,111.37881661352448,109.13610057738332,110.79944610595703,5724055,,
2025-04-25,110.79944772227759,110.79944772227759,106.2486033593184,107.73440551757812,10250155,,
2025-04-28,107.73440321735322,111.38815537124032,107.73440321735322,110.62189483642578,7601791,,
2025-04-29,111.85538516045605,113.58414999365326,109.4818518724961,110.09859466552734,10126876,,
2025-04-30,110.07056209604406,110.07056209604406,107.07093223943951,107.60357666015625,6188498,,
2025-05-02,107.65964066635982,109.64070772410167,107.27651397677145,107.52881622314453,4396901,,
2025-05-05,108.30443065786918,109.07069121799293,107.19241568633183,108.73428344726562,4171126,,
2025-05-06,109.14544840679217,109.14544840679217,101.48283579395424,101.92203521728516,9655744,,
2025-05-07,100.37082653517211,103.53866034107276,100.22130880621744,102.03417205810547,10750031,,
2025-05-08,102.96863214302412,104.89362648122791,98.58599192667745,100.79132843017578,9753681,,
2025-05-09,97.37118634808628,103.93113034230429,97.37118634808628,102.99666595458984,9757040,,
2025-05-12,107.4914395557037,108.21098114128326,101.6884164459642,102.87518310546875,35316475,,
2025-05-13,103.25831706370789,107.594231345624,103.25831706370789,105.18331146240234,24284878,,
2025-05-14,105.71595491706488,107.36996089614519,105.33282822067181,106.39811706542969,10275111,,
2025-05-15,106.84665673877738,107.08961948052062,105.68792287179811,106.57566833496094,6667061,,
2025-05-16,107.18306569160649,107.79046898804563,106.62238846773869,106.83731842041016,8365646,,
2025-05-19,107.54750231384308,111.9488358274065,107.06158397208567,110.21073150634766,22160038,,
2025-05-20,110.92091827237131,111.47225595997165,108.16425122256173,108.55672454833984,10161179,,
2025-05-21,108.39786658946723,110.5471374856725,107.566193873055,110.22941589355469,9954905,,
2025-05-22,109.51923060011967,110.78076331012299,107.65030170162345,108.8183822631836,8075716,,
2025-05-23,109.33233163582669,110.0238332755827,108.25769618104806,109.38839721679688,9294500,,
2025-05-26,109.70612241035045,110.64058681396604,108.92116860402659,109.62201690673828,5189915,,
2025-05-27,109.8930201359186,110.00515843878946,108.49132343232424,109.07069396972656,9834280,,
2025-05-28,109.51922100843728,112.36934018079006,109.28560491658533,112.07965850830078,18821556,,
2025-05-29,113.07953783835397,113.48135781125909,110.73403022305212,111.39749908447266,8543658,,
2025-05-30,111.80866877202155,114.57468258715475,110.07991102873801,113.94859313964844,17477465,,
2025-06-02,114.73353595380856,117.55562238661506,113.8364510004852,117.04166412353516,20837438,,
2025-06-03,117.74251738796566,119.10683459106039,115.48111519363322,116.42491912841797,13925152,,
2025-06-04,116.75197967093364,117.54627295276266,115.03256153754869,116.70525360107422,5810092,,
2025-06-05,117.27528111171914,117.73316666723878,115.54652341364104,116.1072006225586,4686895,,
2025-06-06,116.3408217700895,118.4433667418381,114.85502674549811,116.22868347167969,12062024,,
2025-06-09,117.36873196834259,121.4710374095593,117.18184193253133,120.8355941772461,23756753,,
2025-06-10,121.5738265729695,121.704651021232,117.65841837731932,118.00416564941406,15719168,,
2025-06-11,118.58353275416235,118.58353275416235,115.31290738261791,115.82685852050781,13176717,,
2025-06-12,116.079175117812,116.94822734147377,114.27565844416547,114.72419738769531,8820490,,
2025-06-13,111.20126240382518,113.49069730743905,110.65927134659988,113.24774169921875,8562642,,
2025-06-16,113.71497666911306,113.71497666911306,110.60320846359579,113.58415222167969,9464721,,
2025-06-17,114.83633278923114,114.83633278923114,111.43488284750808,111.80867004394531,10245273,,
2025-06-18,111.99556531771209,112.78985869143241,111.05175420666187,111.83670806884766,10339326,,
2025-06-19,110.87420695614856,111.48161026651759,106.96814532148655,108.09884643554688,21418540,,
2025-06-20,108.03105762485173,111.36224362440325,108.03105762485173,109.59981536865234,14597819,,
2025-06-23,108.4571400220913,110.97489358070715,108.4571400220913,110.79090881347656,9318649,,
2025-06-24,112.3209286883817,113.64759463920325,111.21699048243491,111.62370300292969,10047772,,
2025-06-25,112.57270348166413,112.90194483160144,111.55591481757489,112.47586822509766,7116589,,
2025-06-26,112.57270276608779,113.54107010171005,111.75927775043219,113.25055694580078,8706576,,
2025-06-27,113.68632430600569,116.59142625221678,112.81479224453109,113.07624816894531,17380242,,
2025-06-30,113.83158563762927,115.91356954230244,113.6379077336215,114.80963134765625,14142517,,
2025-07-01,115.35192032247063,117.65663193440724,113.85094798866095,117.25959777832031,18672483,,
2025-07-02,117.25959436046668,117.78251359594445,114.99361839478591,115.48748779296875,9878461,,
2025-07-03,116.01041041795405,116.01041041795405,114.07367573577154,114.7418441772461,6579528,,
2025-07-04,115.04204009750681,115.5746376884799,113.23119055686318,114.0833511352539,7342255,,
2025-07-07,114.65469062580219,115.37128036432264,113.68632331880734,113.99620056152344,10444935,,
2025-07-08,114.04462147938708,114.82900406997537,112.37903581530436,113.26024627685547,6656174,,
2025-07-09,113.67664113073027,113.67664113073027,111.94326271045554,112.24346160888672,6151277,,
2025-07-10,112.53396895978779,112.77606079750906,110.20020748594418,110.80059051513672,7637030,,
2025-07-11,110.5778660484191,111.79800354574634,109.97747565350359,110.9361572265625,6809477,,
2025-07-14,110.64565458059973,112.20472659247595,110.23893468198156,111.34288024902344,5246766,,
2025-07-15,111.60433903608443,112.67922740439624,111.1201553526307,112.12725830078125,5544394,,
2025-07-16,112.15630740840162,114.6546969718661,111.88516572952454,114.28671264648438,8212544,,
2025-07-17,114.56753535023276,114.72247766781504,112.19503836969074,112.42744445800781,7477336,,
2025-07-18,112.70827295758122,113.05688578745642,111.26540770440994,111.38160705566406,4493397,,
2025-07-21,111.3622418218039,111.89484680313072,110.23893218411692,111.04267883300781,3793957,,
2025-07-22,111.35255539711464,111.50749771366189,109.3286712565962,109.5513916015625,4405528,,
2025-07-23,109.86127374841544,109.95811639460656,108.78638539059226,109.64823913574219,4181125,,
2025-07-24,109.71601988716958,111.84642502771302,108.69923124987695,111.06204986572266,6534344,,
2025-07-25,111.07173162816079,112.66953922663158,109.03816167922366,109.56108093261719,11398412,,
2025-07-28,109.52234773544569,111.70117431130227,107.68244826044436,107.97296142578125,8540528,,
2025-07-29,107.78896861501117,109.14468439835304,106.81092289956351,108.62176513671875,6272053,,
2025-07-30,109.32867600967089,112.42744859477234,109.32867600967089,110.52944946289062,22481500,,
2025-07-31,109.13499506756,109.98716304578343,107.51782340060439,107.85675048828125,7807247,,
2025-08-01,107.85675473525895,108.0794824805347,105.36805089624139,105.83287048339844,6982193,,
2025-08-04,106.31705245796655,108.4377793229313,105.74571187852229,108.15695190429688,5251839,,
2025-08-05,108.11821805566807,108.57335190046817,106.7334524246633,107.21763610839844,3565443,,
2025-08-06,107.6824458926268,109.01879755812355,106.52040803294456,108.17631530761719,8129316,,
2025-08-07,107.0530149127353,108.69923647427223,105.84255570923563,108.3699951171875,8568226,,
2025-08-08,108.45714384233091,108.5055651653403,106.6947155504153,107.13047790527344,3578107,,
2025-08-11,107.14016077200213,109.86127060440904,107.05301125859211,109.61917877197266,7458908,,
2025-08-12,109.70633818847122,110.30672860637779,109.35772535072631,109.91938018798828,3083473,,
2025-08-13,109.91938238995041,111.00394911749974,109.24152079717534,109.9677963256836,3141791,,
2025-08-14,110.04526705989197,110.29704464411668,109.03816411104978,109.60950469970703,2291942,,
2025-08-18,110.42292267474727,111.64306754845093,110.2389305225065,111.22666931152344,4616495,,
2025-08-19,111.29445646062527,112.96004943427417,110.78122296275687,112.80510711669922,5680882,,
2025-08-20,112.80511193809379,113.5991728794634,112.23377874074366,112.65017700195312,2600256,,
2025-08-21,112.86321472116391,113.29897706233496,112.08851790568607,112.28218841552734,2228690,,
2025-08-22,112.1369422226382,113.14403776638254,111.55591590148094,111.80769348144531,4478996,,
2025-08-25,111.80768883166127,112.48555038213543,111.1298346692434,111.33319091796875,2758723,,
2025-08-26,111.12015227424598,111.36224410926613,108.55397734542116,108.82511901855469,3769151,,
2025-08-28,108.87353729386638,109.20277863401256,106.56882574867417,106.7818603515625,4000540,,
2025-08-29,107.36288619656827,108.2053610269484,106.3751474041868,106.80123138427734,4167804,,
2025-09-01,107.25637161964599,108.55398034494186,107.17890045716534,108.35062408447266,2212254,,
2025-09-02,108.7476547002473,110.27766947496944,107.89548671689899,109.34803771972656,4219395,,
2025-09-03,109.42550894147978,110.17114853927423,109.31898794350107,109.97747802734375,2145524,,
2025-09-04,110.47134739722605,111.16857306081357,108.46682730844019,108.59271240234375,3068333,,
2025-09-05,108.83480308302033,109.55139283497854,107.80833608253506,109.00910949707031,2803336,,
2025-09-08,109.42550826124612,110.49071084635493,108.9510103383266,109.61917877197266,3338930,,
2025-09-09,110.1808347592678,110.19052050132328,108.95101148825555,109.2027816772461,3781116,,
2025-09-10,109.46424397938013,114.0833528973607,109.32867314408888,113.77347564697266,10642889,,
2025-09-11,113.8315839137265,117.36611879867509,113.58949207842556,114.36418151855469,15107871,,
2025-09-12,115.09045634979404,115.57464001755763,112.81479458891646,113.62821960449219,4937371,,
2025-09-15,113.78316198609974,115.17761331419257,113.2989783180738,114.25765991210938,4276523,,
2025-09-16,114.34481506491122,114.75152756669765,113.39581183935323,113.81221008300781,3693614,,
2025-09-17,113.97683373351812,116.20408158580193,113.31834364234298,115.85546875,11992878,,
2025-09-18,116.39775158854943,116.93035658203388,114.47070264603964,115.24539947509766,8424454,,
2025-09-19,115.235716623505,117.41454319831917,115.15824546104467,116.65921783447266,8984418,,
2025-09-22,116.65921599692638,117.85030370175174,116.0878754178517,116.71731567382812,7134399,,
2025-09-23,116.71731223121337,117.9955568017457,115.49716733586912,117.5888442993164,6971134,,
2025-09-24,118.30543928993448,119.95166824439586,116.5430109799498,117.16276550292969,11500294,,
2025-09-25,117.0756102094455,117.3564376181978,115.48748839916487,115.97167205810547,4855466,,
2025-09-26,115.7586353476094,116.08787670444372,112.33061399933865,112.65017700195312,6173940,,
2025-09-29,112.92131562582131,116.10724504737149,112.58238853588117,115.01298522949219,6351712,,
2025-09-30,115.23571440582468,120.0097657267311,115.13887914864118,119.50621795654297,18078558,,
2025-10-01,119.78704012511591,121.72377485559834,118.46038156309172,120.6876220703125,14344547,,
2025-10-03,120.7069900984905,121.9658632044223,119.73862276097843,121.55915069580078,9233400,,
2025-10-06,121.96585976289153,122.45004341798527,120.10659630046506,122.05301666259766,7570833,,
2025-10-07,123.70892556982797,125.35514706445832,121.98523291618865,122.24668884277344,17946269,,
2025-10-08,122.64372247622524,122.68245805556691,119.78703445124053,120.88129425048828,7459860,,
2025-10-09,120.88129658672833,122.42099710802202,120.56173359202555,121.81092834472656,4607824,,
2025-10-10,122.01428623271899,123.62177958173466,121.57852387996762,122.75992584228516,8734998,,
2025-10-13,122.98265488494745,123.32158198379071,120.85224964531275,122.84708404541016,8765224,,
2025-10-14,122.97296803492101,123.21505987306492,119.80641004274366,120.3680648803711,6962918,,
2025-10-15,120.61015767420321,122.98265475158996,120.42616551157782,122.3435287475586,6501734,,
2025-10-16,122.9536014102044,123.28284275704246,121.05560232475332,121.45262908935547,4927467,,
2025-10-17,121.45263210132838,122.49847061967341,118.33448803073854,119.21570587158203,9571915,,
2025-10-20,120.57141725397828,126.32351411911141,119.98071259689051,125.66503143310547,27195370,,
2025-10-21,126.42036117481497,127.33062885286834,125.88775617423977,126.1395263671875,3759439,,
2025-10-23,126.85612536863492,132.27898854674714,126.64308336531609,131.24282836914062,32054251,,
2025-10-24,130.73927128975203,131.79480293663366,128.98652874123798,129.6643829345703,8071441,,
2025-10-27,129.94521193906496,136.49136964765637,129.4997564741322,135.2906036376953,26494042,,
2025-10-28,135.29060104920563,137.5081556493859,134.91293839586098,136.62693786621094,23439322,,
2025-10-29,137.24670202927885,137.82772835671392,135.4552312758952,136.31707763671875,14121917,,
2025-10-30,135.57142979605052,137.22734447576352,133.8767869235999,134.4481201171875,14652512,,
2025-10-31,134.40939219352242,138.19571210810196,134.02203638480464,135.45523071289062,19520445,,
2025-11-03,136.0943332319536,138.42810196078494,135.76509189769283,137.63404846191406,10891336,,
2025-11-04,137.77930054585931,138.79608918293695,136.53979156340114,137.66310119628906,21244500,,
2025-11-06,137.50816753991677,137.9536230348459,135.34871242642564,135.73605346679688,8872753,,
2025-11-07,135.57142201295065,140.29705916575804,134.167292383039,140.0065460205078,15852911,,
2025-11-10,140.94586943256067,142.0594859642243,139.44489709884357,141.3235321044922,13305840,,
2025-11-11,141.32352537133085,141.73991621557286,137.5081558655318,140.90711975097656,12078028,,
2025-11-12,141.38162598800812,143.1246900855485,140.60692919175546,142.020751953125,7678828,,
2025-11-13,142.15632120406795,142.485562536579,139.5610891818867,140.04527282714844,6531155,,
2025-11-14,139.4933242567603,142.15633455581778,139.44490293246383,141.88519287109375,4683129,,
2025-11-17,142.59209168113844,145.3035232048309,142.10790800819737,142.68893432617188,11822101,,
2025-11-18,142.747036336361,143.99622373148074,141.58499845752823,141.85614013671875,5679286,,
2025-11-19,141.8658100939475,144.06400801223685,140.72314376729472,143.8896942138672,6008229,,
2025-11-20,143.909072301568,144.51914845969088,142.56304227773043,143.04722595214844,6792534,,
2025-11-21,142.834181731477,143.57013558574363,140.1808499175391,140.8587188720703,6836506,,
2025-11-24,140.8587264706565,142.93103208567558,140.4035926171422,141.23638916015625,5975367,,
2025-11-25,140.89744536309976,142.93102264991947,140.51978269853183,142.55335998535156,5835383,,
2025-11-26,143.31836137116488,146.63985414013828,142.85354920132664,144.1414794921875,11556248,,
2025-11-27,144.6353501288316,144.9549131321973,141.23638599939983,142.96975708007812,7775331,,
2025-11-28,143.01817016045896,143.12469115544138,141.57529755135397,142.48556518554688,4416863,,
2025-12-01,142.83418290918274,144.32546211399907,141.7205663766072,142.58241271972656,6729070,,
2025-12-02,142.58240704847168,144.67406919362483,140.68440063263162,141.1201629638672,10708531,,
2025-12-03,141.468778779553,141.468778779553,134.6805291595053,135.8619384765625,9346948,,
2025-12-04,135.57142772426576,138.2344379117067,135.30028605090627,137.04335021972656,8328312,,
2025-12-05,137.02398154700515,139.23185794744026,136.30738438064475,138.5830535888672,4937787,,
2025-12-08,137.84709226028403,138.37000410532713,132.44360090631386,133.77993774414062,7093668,,
2025-12-09,133.56689665848438,137.41131608092388,132.38550212826928,137.1595458984375,10059178,,
2025-12-10,135.96846896450236,137.63406205969852,133.1505163094318,133.78964233398438,11795693,,
2025-12-11,134.60306702105737,137.30480553387488,134.37065352838266,136.30738830566406,7263380,,
2025-12-12,136.5397912512813,137.0917677127035,135.40680326722332,136.65599060058594,3210687,,
2025-12-15,136.63664180229773,137.79867969094622,135.70700262571089,137.2854461669922,2748359,,
2025-12-16,137.31448590803123,137.50815641254474,134.08014267670737,134.97103881835938,5150925,,
2025-12-17,134.97104708869173,138.28286167997447,134.6999054105362,137.4694366455078,6426422,,
2025-12-18,137.74057586084535,138.95103503672277,136.65599439150233,137.79867553710938,5612515,,
2025-12-19,137.50815494388047,138.86386323710764,137.2951129583573,138.6798858642578,4035757,,
2025-12-22,138.6992453081782,139.20280044536162,137.7599278378666,138.20538330078125,7693720,,
2025-12-23,138.48620733845212,139.00913397427553,136.14276015954033,136.4332733154297,3701448,,
2025-12-24,136.74315613368705,137.16922534372085,134.96134903015508,135.35838317871094,4090710,,
2025-12-26,135.57142946039,136.22991216809183,134.7483112996495,135.3487091064453,2470349,,
2025-12-29,135.34871260534513,135.92004581228773,134.2738242243634,135.48428344726562,5185660,,
2025-12-30,135.48427502206525,137.9923428296851,133.74121089425722,137.51783752441406,15268073,,
2025-12-31,137.9923502395264,140.30674766302548,136.73346970317118,139.29965209960938,9324922,,
2026-01-01,139.54173582667067,143.11499880259782,138.97038788169274,142.34031677246094,7447505,,
2026-01-02,142.83417816359113,145.54560958564792,142.17569548560826,144.49977111816406,9401609,,
2026-01-05,146.12662048824765,147.51139341867923,143.3183612127668,145.14857482910156,9650550,,
2026-01-06,145.24542173362784,148.39261556885842,144.89680890237315,145.89422607421875,11879226,,
2026-01-07,145.89422089753106,147.1627796957728,144.97427491817433,146.69796752929688,5035903,,
2026-01-08,146.22347361214904,146.60113629732132,141.67214990527174,142.28221130371094,6830925,,
2026-01-09,141.86581315539146,145.30352011540336,140.6069326772883,141.4010009765625,6843545,,
2026-01-12,141.37195861489246,145.2454281208995,138.37969219165575,141.27511596679688,8324371,,
2026-01-13,142.25316219103274,143.2990007344155,141.18796693885457,142.8922882080078,5614349,,
2026-01-14,143.08595910157757,148.86711355649587,141.49783718551328,148.03431701660156,16837377,,
2026-01-15,148.03431701660156,148.03431701660156,148.03431701660156,148.03431701660156,0,,
2026-01-16,148.64438796776471,152.59532852206104,148.59596664512588,152.3629150390625,17659016,,
2026-01-19,152.6147042276738,159.14149087919796,152.0336778921628,157.89230346679688,35194066,,
2026-01-20,157.89230103487898,160.1001774340326,154.06725291733474,154.69668579101562,19736674,,
2026-01-21,154.93877929102828,157.39842591078343,151.29772329708996,152.4984893798828,17533985,,
2026-01-22,155.907136395073,163.07304855496054,155.907136395073,161.1556854248047,42718644,,
2026-01-23,160.9039190291072,161.03948986420372,154.02850507865142,154.59983825683594,15396336,,
2026-01-27,155.1324469262896,159.05433765941564,153.6798958974365,158.0084991455078,17486540,,
2026-01-28,158.7638204329071,162.37582642818305,157.23379828189468,162.0465850830078,15122267,,
2026-01-29,162.3952046414723,164.52560989562784,157.9600803233604,159.69346618652344,18770105,,
2026-01-30,158.81224548926596,162.1337384090986,156.87551078817734,158.90908813476562,11736534,,
2026-02-02,145.6811810183723,147.57917267835592,141.76896879690705,146.8722686767578,17969570,,
2026-02-03,153.00204039595792,155.78124994568023,150.6876430341775,153.01171875,19569935,,
2026-02-04,153.00204613610236,156.43975329248437,151.2589818957848,155.83935546875,8224127,,
2026-02-05,155.8587255973161,159.65472392313214,155.74252624101067,158.28933715820312,12318378,,
2026-02-06,158.21186003707388,159.6353612026604,155.90714104972187,158.48300170898438,12267604,,
2026-02-09,160.748979561142,165.10663262153437,160.44878804782638,163.08274841308594,14437299,,
2026-02-10,163.1698921349264,163.59597611654874,160.11954101139506,162.26931762695312,6303083,,
2026-02-11,162.20152237298313,162.29836501320298,157.95039052690885,161.84323120117188,8276865,,
2026-02-12,160.9426540202172,161.6205082243375,158.36679326844654,160.0517578125,5243794,,
2026-02-13,158.90909068580615,159.2480103982696,156.1589161362645,156.67214965820312,8120034,,
2026-02-16,155.90714841233873,160.95234897114725,154.51269701888248,160.37132263183594,9299801,,
2026-02-17,160.36163179213287,165.5908093343516,159.78060549805858,164.8258056640625,15325479,,
2026-02-18,165.84257951676807,167.80836396598482,165.05820436303588,167.09178161621094,11782447,,
2026-02-19,166.87874365731793,167.96331033794624,163.024645823417,163.80902099609375,6852486,,
2026-02-20,163.6540727592752,167.15955763676885,162.84064777821794,166.26866149902344,7073597,,
2026-02-23,166.956217893647,169.14472277913626,166.3945630590815,168.62181091308594,9288166,,
2026-02-24,168.4959200345553,172.58243146116058,167.54692416247698,169.94847106933594,22315167,,
2026-02-25,170.23898193906095,170.77158693319774,168.2054046073071,170.02593994140625,9784182,,
2026-02-26,170.02594562440555,172.27255025279229,169.22219892931864,171.59469604492188,8488762,,
2026-02-27,171.40102515138963,172.71800537071604,169.63858943865444,170.4810791015625,6371509,,
2026-03-02,165.10663670524227,168.8832635405473,164.69024582837346,166.84970092773438,11169455,,
2026-03-04,163.46041332223393,163.6831336777209,155.54885376421538,158.22154235839844,13624211,,
2026-03-05,159.29642638735282,161.99816474677934,156.90455789111934,158.98654174804688,11180767,,
2026-03-06,158.32805683750652,159.01560413627212,154.09629637699467,154.5320587158203,7458169,,
2026-03-09,149.1285697010199,150.17440819673203,143.1731164967815,146.50428771972656,13124009,,
2026-03-10,149.12856416620346,151.98524474533357,146.74637410725387,151.22991943359375,6865878,,
2026-03-11,151.9852501671182,152.7115256678621,148.91552749044084,149.41908264160156,6073597,,
2026-03-12,146.2234685067385,151.64633152736735,145.07110900664637,149.88389587402344,6364616,,
2026-03-13,149.18667489017847,149.7580080931003,144.96459255936372,145.4487762451172,9551217,,
2026-03-16,144.2867285194336,147.03688812078536,142.23379456013055,145.90390014648438,10444439,,
2026-03-17,146.3203042621974,146.9497370938348,143.84127157375423,146.59144592285156,8579109,,
2026-03-18,146.9691113134666,149.31255843910293,146.93036834630192,147.62759399414062,6122539,,
2026-03-19,143.90906460667154,145.16794504806796,140.14211641216465,141.15890502929688,7145447,,
2026-03-20,142.301570512919,147.86000408483477,142.301570512919,145.72959899902344,12913188,,
2026-03-23,144.0930551367155,144.0930551367155,138.48620027519186,139.1834259033203,9048350,,
2026-03-24,142.34999144410833,143.88969188693073,140.31641422731906,141.70118713378906,5828421,,
2026-03-25,143.31836876502405,146.0298003185039,143.13437660310703,144.7709197998047,8785495,,
2026-03-27,143.82191508824684,143.82191508824684,138.52494479154961,140.40357971191406,14692046,6638326.0,45.18
2026-03-30,136.64631542599753,138.39905794064637,131.89162825816132,132.65664672851562,11661437,5523964.0,47.37
2026-04-01,138.2925397232135,140.20022459630573,135.2228169783369,137.2176513671875,13202443,5451974.0,41.3
2026-04-02,135.0872369377598,135.37775007994517,130.26477197148668,134.75799560546875,9218922,2147014.0,23.29
2026-04-06,135.93940914812475,140.88776674575865,133.518490847445,138.5249481201172,14321009,3042130.0,21.24
2026-04-07,137.55658180610874,137.55658180610874,131.82384900129617,133.1989288330078,27177315,8504788.0,31.29
2026-04-08,139.44490008665292,142.83418585264795,138.55400388701068,141.85614013671875,17553137,7435651.0,42.36
2026-04-09,141.8464502006884,143.85097777710922,138.9122982107121,139.72572326660156,12609816,4152828.0,32.93
2026-04-10,141.86582156922208,143.79287798024586,141.1395460321783,143.25057983398438,9728052,2898537.0,29.8
2026-04-13,138.42811011875023,140.75220063099061,136.58821805899228,140.38421630859375,11779572,2196534.0,18.65
2026-04-15,143.03754041975336,145.18730223225998,142.49524231968527,143.02784729003906,9048315,4512651.0,49.87
2026-04-16,143.94780517188818,146.22347442605027,143.16342995801932,144.1511688232422,9550976,3281284.0,34.36
2026-04-17,144.15116075763217,144.74186541761136,142.01106246541192,143.4152069091797,8807839,3356117.0,38.1
2026-04-20,143.31836927360715,146.22347135347755,141.3913129078923,143.61856079101562,9439402,3041979.0,32.23
2026-04-21,144.77092161434993,146.46556450950118,144.33515925367658,145.09048461914062,7154993,2893464.0,40.44
2026-04-22,145.0904815938039,149.45781301598512,144.46103395163308,148.08273315429688,15080884,6127136.0,40.63
2026-04-23,147.20150710312097,148.62500820798547,144.60628984664916,146.087890625,14160285,5856076.0,41.36
2026-04-24,145.9813706736925,146.66891795911775,141.16858400405292,142.7760772705078,13803000,5939803.0,43.03
2026-04-27,143.8993884109894,145.0614262296609,142.59208662991358,142.84385681152344,4845169,2002405.0,41.33
2026-04-28,139.44488937933275,140.994282949548,137.1885918266587,139.68698120117188,15483742,5986831.0,38.67
2026-04-29,140.41325680889202,142.5920832076507,138.2053805735722,138.6798858642578,9711019,3907166.0,40.23
2026-04-30,137.71153229208448,137.79868181044804,134.4384458031472,135.44554138183594,10512024,4645352.0,44.19
2026-05-01,135.44554138183594,135.44554138183594,135.44554138183594,135.44554138183594,0,0.0,0.0
2026-05-04,135.58110601363379,138.0891886551828,133.85741332976465,134.27381896972656,11205255,5799573.0,51.76
2026-05-05,134.31254945213263,135.2712384549024,132.41455770715677,134.19635009765625,8548754,2903986.0,33.97
2026-05-06,136.05561000103555,138.71862016119817,134.02203269555716,137.83740234375,21321991,10598299.0,49.71
2026-05-07,138.71862066933875,139.0478620168069,135.28091367658632,135.92971801757812,10811865,5654887.0,52.3
2026-05-08,135.81352129871212,135.81352129871212,133.7896370766063,135.3487091064453,10454713,3896727.0,37.27
2026-05-11,138.47652966814096,141.76897271484037,137.12082130211485,139.309326171875,31970908,9621382.0,30.09
2026-05-12,138.48621031688387,139.4255278346641,135.40680921612136,135.70700073242188,9840646,3593547.0,36.52
2026-05-13,135.76509855767569,137.89550375743437,134.26412622053445,136.14276123046875,7974427,2672410.0,33.51
2026-05-14,137.16922138318859,139.92907408351599,135.4261720736263,139.39646911621094,9541746,3694344.0,38.72
2026-05-15,140.40358696792276,141.46878218400795,137.50816328084787,137.7599334716797,8539888,3126738.0,36.61
2026-05-18,136.5397925193296,136.5397925193296,133.1408285355894,133.8477325439453,12262451,4875385.0,39.76
2026-05-19,135.27122891592384,135.47457777191786,133.6540573170091,134.2544403076172,12748150,6308815.0,49.49
2026-05-20,133.92521005406272,135.46491062411624,132.18214583508075,134.76768493652344,12319759,4879006.0,39.6
2026-05-21,136.78188123131628,137.21764356143248,134.40938429969466,134.82577514648438,7439205,3105648.0,41.75
2026-05-22,135.08724500662336,135.76509919480316,134.6999039779815,135.49395751953125,5789870,2805138.0,48.45
2026-05-25,137.1208228560726,141.8658169670509,136.6850457270922,141.3913116455078,12177599,5591015.0,45.91
2026-05-26,141.3913037160566,142.35967101305994,139.44489076848032,140.40357971191406,12544549,5609597.0,44.72
2026-05-27,140.88777666634303,142.8245114432616,140.49074249080743,142.35000610351562,12172304,6181713.0,50.79
2026-05-28,142.35000610351562,142.35000610351562,142.35000610351562,142.35000610351562,0,0.0,0.0
2026-05-29,142.47999572753906,144.16000366210938,139.5,139.91000366210938,12099858,5251314.0,43.4
2026-06-01,140.3000030517578,140.86000061035156,136.38999938964844,136.74000549316406,7863805,3318644.0,42.2
2026-06-02,136.6999969482422,138.17999267578125,134.60000610351562,137.2899932861328,7422302,2702538.0,36.41
2026-06-03,137.67999267578125,140.52999877929688,134.6999969482422,139.9199981689453,7726413,2520577.0,32.62
2026-06-04,139.85000610351562,140.6300048828125,138.35000610351562,139.69000244140625,6349575,2683008.0,42.25
2026-06-05,139.89999389648438,143.3699951171875,139.8000030517578,141.4600067138672,12702704,5148291.0,40.53
2026-06-08,139.2100067138672,144.24000549316406,139.08999633789062,140.0800018310547,7531562,1962541.0,26.06
2026-06-09,140.1999969482422,148.0,140.1999969482422,147.72000122070312,22007536,11322467.0,51.45
2026-06-10,147.32000732421875,149.19000244140625,144.14999389648438,144.86000061035156,12647039,5378954.0,42.53
2026-06-11,144.39999389648438,144.39999389648438,140.2100067138672,141.3800048828125,11181743,5304803.0,47.44
2026-06-12,144.0,145.9499969482422,141.91000366210938,145.67999267578125,9184204,4059392.0,44.2
2026-06-15,149.0,151.0,145.83999633789062,146.22999572753906,7545257,3367065.0,44.62
2026-06-16,146.8000030517578,148.3000030517578,144.1199951171875,145.6699981689453,6079628,2358850.0,38.8
2026-06-17,145.99000549316406,147.83999633789062,144.77999877929688,147.13999938964844,8514850,3925936.0,46.11
2026-06-18,147.75,148.5,146.2100067138672,147.6699981689453,6679500,3141060.0,47.03
2026-06-19,147.39999389648438,147.44000244140625,145.3000030517578,146.57000732421875,10500090,5511291.0,52.49
2026-06-22,146.60000610351562,147.25999450683594,145.25,146.08999633789062,7688929,3918814.0,50.97
2026-06-23,146.08999633789062,146.39999389648438,143.44000244140625,144.50999450683594,10393055,5633115.0,54.2
2026-06-24,144.1999969482422,145.77000427246094,143.3300018310547,144.14999389648438,7017990,3622494.0,51.62
2026-06-25,145.36000061035156,146.10000610351562,144.1699981689453,144.72000122070312,6879658,3446062.0,50.09
2026-06-25,145.36000061035156,146.10000610351562,144.1699981689453,144.72000122070312,6879658,0.0,0.0
2026-06-26,144.72000122070312,144.72000122070312,144.72000122070312,144.72000122070312,0,,
2026-06-29,145.0,145.10000610351562,141.5,142.5500030517578,13540640,8437091.0,62.31
2026-06-30,143.0,143.5,140.10000610351562,140.39999389648438,7187490,3396307.0,47.25
2026-07-01,140.64999389648438,142.5,140.1300048828125,141.63999938964844,3923577,0.0,0.0
2026-07-02,141.8800048828125,145.64999389648438,140.05999755859375,144.9600067138672,14023902,4859805.0,34.65
2026-07-03,145.63999938964844,147.11000061035156,142.75,144.0500030517578,8081817,2807694.0,34.74
2026-07-06,143.63999938964844,144.61000061035156,139.39999389648438,139.8000030517578,12694277,7743451.0,61.0
2026-07-07,140.5,142.89999389648438,139.99000549316406,142.41000366210938,11079712,6389066.0,57.66
2026-07-08,141.72999572753906,141.75,134.00999450683594,135.1199951171875,14342743,,
2026-07-09,135.60000610351562,139.22999572753906,135.44000244140625,138.52999877929688,8302820,,
2026-07-10,139.8000030517578,146.89999389648438,139.5,144.89999389648438,14184717,,
2026-07-13,143.99000549316406,145.89999389648438,142.55999755859375,145.58999633789062,9795111,3900749.0,39.82
2026-07-14,144.88999938964844,146.1300048828125,141.35000610351562,141.8699951171875,7245592,,
2026-07-15,142.6999969482422,147.47999572753906,142.55999755859375,145.2100067138672,14148660,5844826.0,41.31
2026-07-16,145.3000030517578,146.4499969482422,142.85000610351562,143.3300018310547,4441430,,
2026-07-17,143.5,144.1999969482422,141.77000427246094,143.1699981689453,4520145,1826790.0,40.41
2026-07-20,143.0,147.77999877929688,142.66000366210938,146.9499969482422,13068497,5780920.0,44.24
2026-07-21,147.10000610351562,149.3300018310547,146.3300018310547,147.10000610351562,12651707,5129885.0,40.55
2026-07-22,147.0800018310547,147.0800018310547,142.4499969482422,143.99000549316406,9684026,,
2026-07-23,143.33999633789062,143.80999755859375,141.52000427246094,142.1999969482422,5841420,2276441.0,38.97
2026-07-24,142.0,143.1999969482422,139.82000732421875,142.6199951171875,7635246,,
2026-07-27,145.0,145.38999938964844,136.5500030517578,137.8699951171875,26282058,10991295.0,41.82
2026-07-28,138.0,138.1999969482422,135.6199951171875,136.32000732421875,8337190,3375614.0,40.49
2026-07-29,137.0,138.3000030517578,136.44000244140625,137.64999389648438,8293430,3718360.0,44.84
2026-07-30,137.0500030517578,137.69000244140625,136.0500030517578,137.22000122070312,5363657,2520482.0,46.99
2026-07-31,138.0,138.67999267578125,136.8699951171875,137.9499969482422,5768166,2546391.0,44.15
2026-08-03,139.00999450683594,141.66000366210938,139.00999450683594,140.5,8509334,3749147.0,44.06
2026-08-04,140.2899932861328,141.25,138.9199981689453,140.44000244140625,5544174,2666331.0,48.09
2026-08-05,140.99000549316406,142.8000030517578,140.55999755859375,141.0,6726554,,
2026-08-06,141.6999969482422,143.1699981689453,140.61000061035156,142.66000366210938,6155628,3173893.0,51.56
2026-08-07,142.9499969482422,145.13999938964844,142.0,145.0,8569425,4023223.0,46.95
2026-08-11,141.0,143.08999633789062,139.3699951171875,142.89999389648438,6772740,3192565,47.06
2026-08-12,142.39999389648438,146.1199951171875,141.89999389648438,145.5,8940843,3716726,41.54
2026-08-13,145.3300018310547,146.25,144.3000030517578,144.8699951171875,2626854,1111708,42.31
2026-08-14,145.0,145.0,143.11000061035156,144.10000610351562,3857284,1828800,47.39
2026-08-19,142.10000610351562,143.1999969482422,141.14999389648438,141.6999969482422,5251961,2806298,53.43
