date,open,high,low,close,volume,delivery_qty,delivery_pct
2022-01-03,2069.5077312509256,2097.6557251595355,2069.5077312509256,2080.93505859375,234912,,
2022-01-04,2093.874956843827,2097.7401371333367,2074.0452403665035,2087.9091796875,181575,,
2022-01-05,2087.95136000964,2111.478046353041,2082.06968842379,2105.638427734375,294097,,
2022-01-06,2092.1946510901817,2108.15918858846,2070.3484418820112,2097.236083984375,406402,,
2022-01-07,2108.159102192449,2113.620654270668,2085.4726550983096,2099.8408203125,308537,,
2022-01-10,2091.606480294028,2171.1770534147204,2091.606480294028,2166.2197265625,783876,,
2022-01-11,2171.7231940317097,2178.0249852106494,2151.6836211645395,2157.943359375,372092,,
2022-01-12,2163.6149701131535,2180.419746580052,2152.69186540967,2176.638671875,410716,,
2022-01-13,2183.780615615398,2184.620854405554,2159.413690700874,2179.243408203125,243121,,
2022-01-14,2176.2182638320623,2180.2514506764837,2146.809908915413,2159.161376953125,267065,,
2022-01-17,2183.7803207925576,2289.188221759671,2177.4364777560504,2269.90478515625,2357848,,
2022-01-18,2271.1655490695575,2291.3312809147924,2231.0020921171786,2262.63720703125,1082632,,
2022-01-19,2264.443375571885,2302.254118392195,2247.68065394883,2268.4765625,763040,,
2022-01-20,2268.644502066921,2318.428645306723,2265.325600211548,2276.584716796875,1022978,,
2022-01-21,2271.7532806380364,2333.34281697843,2232.724234935518,2310.740478515625,1170753,,
2022-01-24,2302.254361120095,2326.957300312578,2241.379099788567,2273.854248046875,593277,,
2022-01-25,2272.0898514739547,2343.426044491942,2229.0276123989415,2337.58642578125,971148,,
2022-01-27,2296.37234331837,2327.461174896409,2259.401840901243,2281.248046875,559824,,
2022-01-28,2285.617658028895,2314.858010771187,2237.5980902411566,2245.244140625,466238,,
2022-01-31,2251.966075765493,2297.2550729426493,2251.966075765493,2289.062744140625,442531,,
2022-02-01,2308.975921784748,2327.2931662672345,2250.159213442342,2291.120849609375,414159,,
2022-02-02,2271.1653581208107,2305.110921818402,2266.9641643396035,2270.6611328125,283071,,
2022-02-03,2272.257397256844,2367.7504367256,2255.200511821971,2337.123779296875,1436881,,
2022-02-04,2323.2604974862506,2335.864080655254,2279.358016114223,2286.920166015625,585251,,
2022-02-07,2286.919943003277,2297.212868254233,2205.6268394906224,2224.994384765625,688838,,
2022-02-08,2235.497287865297,2261.628590382162,2226.632727864816,2245.075927734375,625615,,
2022-02-09,2252.1762478333994,2299.397837752029,2246.0006150487275,2292.885986328125,359950,,
2022-02-10,2306.7914088756825,2311.4968279846707,2269.5269429640316,2297.296875,448648,,
2022-02-11,2243.437747016583,2308.136138971743,2230.8341641681754,2284.2734375,1235994,,
2022-02-14,2252.6803207815155,2271.2915289564494,2210.4583192450473,2225.37255859375,576694,,
2022-02-15,2226.632851111687,2342.459853364653,2209.828074876882,2334.7294921875,1131545,,
2022-02-16,2324.268634586939,2390.1434826229447,2324.268634586939,2341.57763671875,1127829,,
2022-02-17,2352.66839952662,2413.4176995845346,2336.325797564332,2347.164794921875,1166885,,
2022-02-18,2335.864126488261,2367.7932044762297,2309.774667789223,2330.86474609375,662754,,
2022-02-21,2335.931475248461,2360.0212537797324,2305.9159630271406,2330.263427734375,522214,,
2022-02-22,2297.2850519753733,2363.4567294489198,2272.4654049278615,2345.421630859375,644900,,
2022-02-23,2357.4449601434576,2372.4312258792993,2288.7398246930106,2293.592041015625,631227,,
2022-02-24,2248.8909182033103,2254.0438033350633,2095.506620246223,2138.790771484375,1934361,,
2022-02-25,2219.7765478474284,2226.0459321059247,2151.0714264861344,2197.189697265625,715496,,
2022-02-28,2170.2232872096965,2187.356587016542,2137.631333200328,2177.480224609375,1008620,,
2022-03-02,2145.3176525753097,2145.7470596314697,2079.1889659266712,2083.74072265625,855090,,
2022-03-03,2096.365265051249,2119.5532462705787,2065.4479567588096,2076.09716796875,831912,,
2022-03-04,2061.1535652209736,2064.245379437358,1976.2169459227125,1984.976806640625,1266961,,
2022-03-07,1966.5127123188952,1966.5127123188952,1863.7126989448402,1888.274658203125,1284637,,
2022-03-08,1873.0735257826348,1940.2757281634192,1843.7451085482742,1933.7486572265625,1081826,,
2022-03-09,1946.0727025306633,1984.3758943131124,1919.5782043315312,1967.1136474609375,670764,,
2022-03-10,2018.2130852431865,2070.1283543739905,1985.6211328859872,1993.0927734375,716132,,
2022-03-11,1990.7310786560745,2013.9190592961581,1964.1938069032096,2002.0673828125,467988,,
2022-03-14,2001.0372740065022,2019.0723739009816,1960.071874751905,2011.257080078125,382149,,
2022-03-15,2013.919001100023,2043.9774936537547,1975.2723678166535,1991.074462890625,612285,,
2022-03-16,2018.384686196409,2040.971537061773,2005.3307549081592,2034.9598388671875,493507,,
2022-03-17,2046.5537440311707,2086.2738911824263,2039.6832320914941,2078.243896484375,781757,,
2022-03-21,2090.997701104015,2102.3340056753577,2043.9776275295435,2053.89697265625,516893,,
2022-03-22,2065.447801359286,2091.2122229978636,2013.9619407191424,2081.464599609375,470208,,
2022-03-23,2080.9065454138386,2095.334664097172,1998.6321134462733,2056.55908203125,1137046,,
2022-03-24,2027.6598819291094,2084.556310212804,2003.6130895978874,2071.588134765625,692836,,
2022-03-25,2078.3301443677565,2093.7887983341284,2032.5982930505734,2042.6033935546875,467568,,
2022-03-28,2035.3896322033395,2059.307691285779,2017.3545341964746,2042.2171630859375,493636,,
2022-03-29,2048.2716794432845,2062.0127053850424,1849.9286000495063,1898.537353515625,2475877,,
2022-03-30,1932.3316857391517,1958.9549222982246,1912.0635895223916,1950.9249267578125,3115035,,
2022-03-31,1958.095912688928,1989.7860653020496,1958.095912688928,1970.248046875,1338490,,
2022-04-01,1876.5086818334694,1928.8963383972414,1846.4501903624528,1923.8721923828125,3541517,,
2022-04-04,1932.3318727315277,1991.5900501619612,1932.3318727315277,1985.3636474609375,1417392,,
2022-04-05,2000.9506973291034,2020.4887162450427,1988.1544523252426,2002.968994140625,715666,,
2022-04-06,1999.3193992823394,2017.4832352139488,1980.8978771639595,2015.5509033203125,812337,,
2022-04-07,2018.2128992160206,2033.8432720756716,2006.919578988962,2018.728271484375,853476,,
2022-04-08,2022.5070288154045,2043.9773794397718,2001.5090678390518,2028.9051513671875,694946,,
2022-04-11,2025.040615823702,2028.304151258473,2002.0243565701755,2005.67431640625,408871,,
2022-04-12,1996.6997123207832,1997.5585263831308,1962.8195394954505,1973.46875,502227,,
2022-04-13,1968.0156540591786,1984.8482859956891,1948.5633872973074,1953.286865234375,426929,,
2022-04-18,1949.4220241481241,1970.9353590934718,1931.6016317337685,1962.733642578125,422209,,
2022-04-19,1982.1428670054127,1998.8897413150337,1925.8045803311516,1943.7109375,484466,,
2022-04-20,1949.508007588927,1988.154642100602,1942.3368259831964,1953.67333984375,424461,,
2022-04-21,1959.813781049677,1993.951641609153,1955.519710539051,1990.430419921875,341987,,
2022-04-22,1970.9784611941707,1979.5666026372826,1952.6426953445582,1970.3343505859375,598737,,
2022-04-25,1948.048208287429,2003.5704600687857,1946.0728937778174,1965.482177734375,596296,,
2022-04-26,1984.7192744370848,2072.3183077527847,1976.3888200658519,2067.380126953125,1311255,,
2022-04-27,2052.565609375,2171.597322306061,2035.389328125,2147.03515625,2082863,,
2022-04-28,2181.216386253157,2183.06275294773,2145.360892759452,2161.89306640625,1182758,,
2022-04-29,2154.4211931678738,2191.6936422434155,2139.692405153239,2152.746337890625,839920,,
2022-05-02,2112.854229800229,2151.8445124751674,2102.4627058640244,2136.128173828125,667551,,
2022-05-04,2095.5065763449365,2164.2117099955904,2060.1234744491358,2069.312744140625,1263034,,
2022-05-05,2087.0041690631183,2179.798862198086,2087.0041690631183,2148.4521484375,1675043,,
2022-05-06,2069.741938697547,2232.0578002800517,2067.3801999708176,2201.441162109375,2491483,,
2022-05-09,2194.2705158436024,2198.564587303179,2135.0123297014466,2140.809326171875,996952,,
2022-05-10,2134.152821898883,2163.653167108375,2111.4802158285534,2121.055908203125,644415,,
2022-05-11,2117.4064584054177,2163.69646097288,2067.938675488311,2121.52880859375,575504,,
2022-05-12,2111.8243219459673,2111.8243219459673,2036.2486650402147,2062.184814453125,966472,,
2022-05-13,2073.992860477851,2147.0350342782763,2073.992860477851,2103.3642578125,691344,,
2022-05-16,2104.137657052282,2157.2981692433045,2095.5065328821506,2143.51416015625,473407,,
2022-05-17,2159.917122311986,2180.3999192489828,2148.7955233977764,2167.217041015625,517525,,
2022-05-18,2168.8063238538966,2193.5829854363906,2157.1693505826497,2180.529052734375,332168,,
2022-05-19,2155.7091678214865,2189.1169495223367,2147.5074519492173,2160.3466796875,556405,,
2022-05-20,2185.682142212827,2244.424949710601,2185.682142212827,2224.45751953125,751633,,
2022-05-23,2245.8419220840888,2318.755157511412,2241.9772585171686,2254.12939453125,744827,,
2022-05-24,2258.6381895154727,2279.2927113700466,2244.4247736651473,2264.69287109375,616849,,
2022-05-25,2267.440784886395,2292.389374665209,2218.8748090241143,2228.36474609375,525893,,
2022-05-26,2239.7872390509438,2273.5816587541176,2211.446372912646,2264.220458984375,362813,,
2022-05-27,2271.69237061268,2341.900433729646,2265.551932752984,2335.802978515625,654718,,
2022-05-30,2339.4098528459162,2393.9015712504965,2339.4098528459162,2379.3876953125,924244,,
2022-05-31,2383.1229741884877,2413.224447952706,2363.584954955075,2382.26416015625,1859231,,
2022-06-01,2404.5930424168514,2404.5930424168514,2345.850253383538,2368.265380859375,430807,,
2022-06-02,2345.077861819507,2347.138931787858,2267.612662378293,2287.10791015625,1093645,,
2022-06-03,2297.327724358974,2309.09343562982,2211.575052349384,2218.9609375,753558,,
2022-06-06,2202.85822489899,2228.1502588802136,2168.591625269128,2182.031982421875,965347,,
2022-06-07,2168.505613662492,2214.0657438362973,2147.035261051972,2207.88232421875,550257,,
2022-06-08,2219.1756961895294,2247.559544919116,2192.8531271601823,2220.850341796875,539786,,
2022-06-09,2215.697310985117,2235.9654068418554,2198.5640122768496,2231.284912109375,327503,,
2022-06-10,2215.7406230885094,2245.2837475277825,2211.832976566993,2234.591552734375,324452,,
2022-06-13,2198.5641998800343,2243.480221366555,2178.425050217761,2231.88623046875,625967,,
2022-06-14,2229.4383231750703,2245.712807721971,2172.799577698591,2196.5029296875,509259,,
2022-06-15,2204.5754014807367,2256.963052236609,2196.502634249201,2237.468017578125,673444,,
2022-06-16,2250.522656507362,2253.743209822341,2156.525482355128,2163.39599609375,493824,,
2022-06-17,2162.493670292397,2162.493670292397,2108.9465330708904,2119.03759765625,725864,,
2022-06-20,2108.474685967289,2148.280595685301,2090.267658401838,2106.28466796875,377385,,
2022-06-21,2116.9767444132267,2168.376851873325,2116.9767444132267,2146.34814453125,381831,,
2022-06-22,2142.7411699272748,2192.981794552824,2129.858958484826,2168.033203125,873408,,
2022-06-23,2209.342550329617,2307.333126440383,2209.342550329617,2296.55517578125,1846048,,
2022-06-24,2331.680043486126,2376.9395000018367,2310.3814140459713,2370.28369140625,1354569,,
2022-06-27,2393.9871909450303,2412.408710721313,2345.0777718342492,2366.462158203125,1005184,,
2022-06-28,2360.021029608636,2398.4099760380773,2344.5623765762653,2376.080810546875,714029,,
2022-06-29,2353.193576536098,2391.5825242175906,2344.5624530439077,2363.7998046875,653929,,
2022-06-30,2357.4443439347833,2381.491135056887,2330.82111090674,2335.71630859375,643735,,
2022-07-01,2331.68040395653,2378.9151819372332,2304.4990201325672,2373.590576171875,393346,,
2022-07-04,2361.7388133498034,2403.820704933127,2352.205892816444,2370.71337890625,499627,,
2022-07-05,2373.160966867137,2379.6450550444038,2344.5624163379644,2350.788818359375,401190,,
2022-07-06,2351.0035366680363,2440.7496077481496,2348.0836526737053,2431.98974609375,739745,,
2022-07-07,2453.632044832214,2463.7231111699034,2426.278730082333,2438.559814453125,382303,,
2022-07-08,2446.24574041686,2473.3413643467156,2421.0396750447258,2447.018798828125,532145,,
2022-07-11,2417.5619221334355,2469.4342148534456,2411.5932055033068,2463.1650390625,428940,,
2022-07-12,2451.484922883656,2477.29232930652,2433.8792332991,2469.52001953125,422887,,
2022-07-13,2477.6787034440454,2483.5186813171217,2434.73799801174,2441.9091796875,539917,,
2022-07-14,2437.3144496752384,2461.361244809455,2380.6757009273215,2398.49609375,620757,,
2022-07-15,2404.636446832617,2418.806879184857,2389.864886557291,2404.722412109375,816619,,
2022-07-18,2430.4007391346618,2435.4678677496713,2409.1880743806946,2420.094970703125,369313,,
2022-07-19,2417.5613918421363,2444.9147014052455,2390.4657684113695,2405.709716796875,661056,,
2022-07-20,2421.8558366775005,2437.9586015490268,2413.267695412687,2427.65283203125,201509,,
2022-07-21,2421.855640177292,2451.055318108508,2417.60455253041,2445.730712890625,314132,,
2022-07-22,2448.521740207899,2476.3042477994813,2439.2894895436025,2466.17041015625,576270,,
2022-07-25,2469.0907259503624,2469.7778192170863,2431.6893271064637,2438.044677734375,421977,,
2022-07-26,2439.0316907301617,2445.6445164080765,2392.3550672872484,2405.3232421875,347002,,
2022-07-27,2404.671118003567,2424.6302806591184,2374.53671677114,2419.93408203125,498259,,
2022-07-28,2433.3709851500653,2445.546536898493,2395.452753346481,2418.325439453125,294368,,
2022-07-29,2435.1102984016,2475.8114701398376,2426.065687937444,2450.80810546875,400652,,
2022-08-01,2465.5055358663476,2529.0358636968617,2452.5038293071357,2470.59326171875,961562,,
2022-08-02,2457.8090227435264,2460.287489691675,2384.712189215542,2410.28076171875,1137765,,
2022-08-03,2422.934589235715,2441.8937035044487,2391.1041360480863,2436.762451171875,600314,,
2022-08-04,2452.4165685222715,2459.417552176726,2416.9770215070666,2441.19775390625,396416,,
2022-08-05,2442.067853771509,2443.720165181401,2401.192786418496,2409.628662109375,512072,,
2022-08-08,2409.0194553694932,2429.283091087187,2374.2321708154213,2381.233154296875,675310,,
2022-08-10,2422.065274290847,2422.065274290847,2376.754740244037,2413.759765625,895054,,
2022-08-11,2426.717865406526,2450.7644938388084,2406.7584886149925,2422.325927734375,422152,,
2022-08-12,2426.369971582038,2430.7619094468873,2393.235204969771,2401.975341796875,435760,,
2022-08-16,2439.458345813365,2474.8108390500706,2419.0208159999556,2449.89453125,1213957,,
2022-08-17,2448.1554622197314,2547.299235822946,2442.111213223786,2533.775634765625,2510869,,
2022-08-18,2546.3859401465143,2555.6481829172485,2524.817779247586,2529.209716796875,805655,,
2022-08-19,2532.5144150180054,2554.1694155736673,2463.679157932561,2468.72314453125,510610,,
2022-08-22,2465.5489763795013,2466.114184865702,2405.1495915394935,2418.19482421875,570304,,
2022-08-23,2413.3680059943954,2443.806881745676,2396.974412267021,2438.06689453125,396875,,
2022-08-24,2418.8907567374426,2455.98261893846,2417.716600796359,2440.6328125,324008,,
2022-08-25,2442.154684061171,2453.4170261476065,2428.0656624845724,2434.936279296875,363945,,
2022-08-26,2465.549146045453,2470.6801863224846,2449.9383923299774,2458.374267578125,475372,,
2022-08-29,2425.4567485851103,2462.896612012745,2401.2797518302323,2458.63525390625,339203,,
2022-08-30,2471.6371373541183,2490.770148269597,2462.5489996342226,2467.8974609375,918526,,
2022-09-01,2452.5038280511235,2506.5980189566612,2428.935355270091,2501.771240234375,838699,,
2022-09-02,2511.903226209524,2512.511961305289,2452.5909406159712,2456.982666015625,776170,,
2022-09-05,2459.4615850804357,2476.8552313681334,2442.1114653734144,2471.6806640625,930716,,
2022-09-06,2471.6803349627125,2495.770489398656,2459.28736363283,2492.987548828125,481401,,
2022-09-07,2469.8975289265695,2500.336406923904,2462.0703888701123,2482.725341796875,551689,,
2022-09-08,2495.162126733588,2499.032170629968,2475.1159065992306,2484.943359375,519141,,
2022-09-09,2497.379407776713,2503.16270928536,2463.548643921792,2468.54931640625,522672,,
2022-09-12,2475.9856352636834,2495.901276026615,2471.072014946238,2485.465087890625,313906,,
2022-09-13,2466.4185996025694,2524.6873041771014,2462.939870971254,2495.98779296875,766550,,
2022-09-14,2461.200999782187,2495.7273459007465,2461.200999782187,2479.899169921875,519643,,
2022-09-15,2482.9429628082567,2482.9429628082567,2406.0196059525856,2426.674560546875,1010823,,
2022-09-16,2438.8499935995505,2438.8499935995505,2322.0516241234436,2335.270751953125,1906557,,
2022-09-19,2346.968076726502,2369.840763903283,2317.5729845612464,2351.96875,534862,,
2022-09-20,2363.752865667332,2455.330450480869,2360.882871732764,2410.367919921875,1009201,,
2022-09-21,2422.0649097638493,2442.0240736468627,2406.932524521438,2414.802978515625,447919,,
2022-09-22,2414.803261830665,2434.545219806191,2376.8417145469025,2415.064208984375,328914,,
2022-09-23,2427.1961631333315,2445.7639645332506,2385.0165730258154,2402.10595703125,408930,,
2022-09-26,2382.929450552408,2395.8443173584874,2322.225584858052,2366.7099609375,610918,,
2022-09-27,2378.5809671457464,2378.5809671457464,2287.264330381467,2294.439208984375,740040,,
2022-09-28,2261.1737893777845,2282.9158450448786,2239.518786863264,2253.651123046875,923391,,
2022-09-29,2261.217139980178,2264.9568157288395,2195.947451482069,2205.77490234375,1057406,,
2022-09-30,2216.820002503466,2254.346705768157,2182.9023955604944,2216.993896484375,706844,,
2022-10-03,2207.6881225498814,2238.518312089815,2191.990317385691,2196.42578125,658511,,
2022-10-04,2243.7800544246043,2285.437746474136,2227.343145932558,2280.1328125,391128,,
2022-10-06,2308.136762478242,2316.52911151891,2287.481808405575,2301.266357421875,463669,,
2022-10-07,2335.009471669723,2378.4935782770385,2269.78331175875,2282.8720703125,1065099,,
2022-10-10,2260.999797004133,2260.999797004133,2201.513407892811,2235.51806640625,1076512,,
2022-10-11,2239.4316179151883,2239.8664590060457,2203.6007544934955,2216.08056640625,407068,,
2022-10-12,2217.6898718574093,2230.256738666312,2188.2077267261584,2217.7333984375,401910,,
2022-10-13,2220.2990008205934,2238.823277017427,2202.0356717891664,2214.6025390625,239037,,
2022-10-14,2239.86650193905,2248.1284828237017,2199.469806289045,2205.427001953125,250851,,
2022-10-17,2195.0777096077372,2235.083087833552,2192.947030841093,2220.9072265625,257635,,
2022-10-18,2232.039546778945,2258.3474354561563,2204.383608117781,2228.1259765625,454003,,
2022-10-19,2238.5619957430067,2238.5619957430067,2202.2092371078697,2210.036376953125,375698,,
2022-10-20,2205.9055400481616,2235.0834225230965,2176.5972901632995,2231.21337890625,364460,,
2022-10-21,2235.952686207036,2241.170778823622,2215.9064712733725,2234.95263671875,360297,,
2022-10-24,2248.9983995025464,2252.4771286587766,2239.4318943229146,2245.4326171875,35097,,
2022-10-25,2249.0854759146496,2262.913339523718,2231.6483033738095,2248.650634765625,410336,,
2022-10-27,2259.434743406169,2278.5677550901323,2241.2149406538992,2270.523193359375,473043,,
2022-10-28,2281.9156077161406,2325.8345565511368,2277.697564333773,2304.52734375,717856,,
2022-10-31,2320.3120169698636,2343.054120662064,2310.3106720691317,2328.0087890625,511816,,
2022-11-01,2339.6626669913167,2340.18456126987,2295.352398933751,2324.791015625,368266,,
2022-11-02,2304.6143335024763,2310.919529534765,2287.568689554868,2299.396240234375,565598,,
2022-11-03,2295.0918802153246,2320.660458141912,2285.5253737043854,2301.484130859375,311401,,
2022-11-04,2279.436901306604,2293.525709586091,2238.0834728603013,2251.52001953125,855256,,
2022-11-07,2260.3039346501773,2282.9156708182823,2252.4767952073717,2279.48046875,314060,,
2022-11-09,2287.264234646073,2310.35434001211,2280.350303473977,2305.96240234375,459177,,
2022-11-10,2305.919037955192,2367.275165250576,2284.090140130443,2359.01318359375,706321,,
2022-11-11,2370.840852544262,2375.9283662816215,2313.398297808692,2320.7470703125,474615,,
2022-11-14,2322.486483359587,2355.099568222341,2309.78903738978,2338.0537109375,352558,,
2022-11-15,2343.3587845744073,2395.14840418592,2341.184578984711,2374.884765625,1012827,,
2022-11-16,2374.7105975178156,2395.9742832655143,2356.012431604854,2382.45068359375,647740,,
2022-11-17,2383.799156255694,2404.758584369028,2371.797498191932,2386.408203125,517393,,
2022-11-18,2378.580966130424,2382.1467483038905,2350.4033460136675,2368.275146484375,469583,,
2022-11-21,2361.186878438492,2367.709494124786,2317.7027738631978,2328.5302734375,467604,,
2022-11-22,2321.8775955184574,2340.184448415567,2319.442442877257,2335.488037109375,361527,,
2022-11-23,2340.315182840326,2345.9681180645784,2303.5711038826885,2312.35498046875,264132,,
2022-11-24,2317.703291290598,2331.3137341313054,2301.005433870833,2324.747802734375,498023,,
2022-11-25,2324.660733272019,2362.709333002902,2316.39875161617,2355.22998046875,423634,,
2022-11-28,2365.491911051238,2438.5887379030446,2358.6215070262724,2420.76025390625,1223958,,
2022-11-29,2420.456438823519,2468.1150758671715,2411.7163007359895,2459.67919921875,731879,,
2022-11-30,2462.89670703352,2488.1610199032957,2452.5910993407056,2480.246826171875,1379225,,
2022-12-01,2482.9430056024485,2508.163792699636,2458.244112823392,2497.5537109375,782249,,
2022-12-02,2491.6394024425576,2491.6394024425576,2446.415929867684,2452.89501953125,526214,,
2022-12-05,2443.8071753075924,2463.7228143330367,2422.63032713258,2459.156982421875,397713,,
2022-12-06,2454.2432355174533,2456.8522821888046,2416.0207442471146,2434.066650390625,339117,,
2022-12-07,2429.065748230004,2436.849360932918,2392.495571708229,2399.931396484375,340800,,
2022-12-08,2391.6262162884873,2416.673107854935,2387.4952255512617,2398.757568359375,190468,,
2022-12-09,2402.0623275088587,2419.6733927268365,2375.232545691318,2392.9306640625,254995,,
2022-12-12,2392.4958026698537,2413.2811229321733,2379.4940958618454,2410.28076171875,166357,,
2022-12-13,2421.108169552852,2448.1988972304507,2389.7996106386026,2399.844482421875,440848,,
2022-12-14,2402.4538528190824,2420.2388135790015,2372.1455517353734,2389.32177734375,438317,,
2022-12-15,2381.6247288183113,2421.0213753422254,2378.2330531338666,2409.759033203125,299314,,
2022-12-16,2387.3647269158355,2406.975890951618,2363.0569392120497,2369.753662109375,271086,,
2022-12-19,2369.7535011864,2422.064797795974,2356.012480694458,2418.23828125,276490,,
2022-12-20,2409.019816640272,2426.9353558022326,2385.886184012664,2411.237548828125,234062,,
2022-12-21,2411.237511223018,2433.4144081061513,2380.3202654562856,2398.105224609375,328455,,
2022-12-22,2397.8878035348225,2432.109884235833,2363.1875674668345,2372.232177734375,483991,,
2022-12-23,2361.1872612271723,2365.535672389653,2286.09011552122,2293.2216796875,328855,,
2022-12-26,2300.3096186205958,2346.4027792205547,2271.2623155497768,2336.2275390625,175951,,
2022-12-27,2343.750015305403,2364.013653141715,2335.5315609351887,2350.185791015625,181947,,
2022-12-28,2337.358162275931,2371.406138340253,2335.0969034358045,2345.185302734375,225857,,
2022-12-29,2340.8368251978018,2387.2777723418676,2323.312600494129,2367.448974609375,243791,,
2022-12-30,2379.3199087227404,2404.5406901581237,2368.057355428876,2381.928955078125,211762,,
2023-01-02,2381.9288560707223,2391.277938455579,2356.8384430661235,2361.969482421875,131296,,
2023-01-03,2350.0553701896147,2382.842349061748,2349.8814762018524,2365.883544921875,136701,,
2023-01-04,2354.2296689832374,2372.492994823152,2346.1851087918467,2356.22998046875,178937,,
2023-01-05,2355.012584170442,2409.9766746651258,2349.8815435980478,2406.541259765625,258988,,
2023-01-06,2406.410906410611,2413.6728384921407,2377.4939701481776,2385.147216796875,162618,,
2023-01-09,2397.713859232158,2411.1068803712337,2383.146682176613,2393.669921875,110658,,
2023-01-10,2391.6259780635773,2398.62696202795,2337.4447361683146,2358.62158203125,206381,,
2023-01-11,2358.665297063752,2365.5357018561485,2334.2706676734074,2342.70654296875,150551,,
2023-01-12,2339.4452079297926,2348.4029773990865,2315.9637876271518,2343.141357421875,163626,,
2023-01-13,2333.618452347941,2387.190752206383,2333.618452347941,2372.884521484375,196440,,
2023-01-16,2375.972078441479,2404.6715947623316,2356.8390675609107,2399.105712890625,362194,,
2023-01-17,2404.6717643967386,2408.1504938931535,2373.9719341259183,2406.28076171875,254062,,
2023-01-18,2406.323745018227,2423.239234727871,2389.4084676333523,2408.976318359375,159791,,
2023-01-19,2402.0625182639365,2417.4993791253355,2393.0179072525216,2408.628662109375,140565,,
2023-01-20,2406.8459185459496,2406.8459185459496,2373.667621617682,2388.5390625,300399,,
2023-01-23,2392.887235896,2445.5465397339603,2391.669765649655,2413.0205078125,434312,,
2023-01-24,2415.107828089904,2423.8046513815493,2402.280013734727,2410.67236328125,129633,,
2023-01-25,2416.8468481752134,2429.0223990476325,2405.5409795079668,2422.06494140625,356744,,
2023-01-27,2424.6741652516625,2443.8942283207616,2360.839571655936,2379.5810546875,464092,,
2023-01-30,2368.1877482369637,2404.6273411946827,2331.7046287118096,2350.141845703125,459196,,
2023-01-31,2369.4059418982038,2410.7593784634264,2334.749229021874,2403.149658203125,579601,,
2023-02-01,2413.8467622166736,2454.982777675904,2326.4436906326464,2371.841064453125,408279,,
2023-02-02,2338.5755374383066,2359.6218051280603,2291.2649086320116,2314.180908203125,453723,,
2023-02-03,2325.7911746666978,2334.3574170329716,2279.480597024046,2308.35400390625,328028,,
2023-02-06,2306.44065015316,2352.316384794495,2300.396401513706,2343.79345703125,252416,,
2023-02-07,2335.9662440577818,2343.619489407208,2274.2623382666243,2306.9189453125,421543,,
2023-02-08,2312.528569069946,2336.792618282791,2254.259859838253,2273.91455078125,793670,,
2023-02-09,2273.3493014966016,2273.3493014966016,2216.9070108843744,2225.690673828125,1266011,,
2023-02-10,2225.69096168136,2252.1727459889316,2217.950873925708,2246.650390625,283858,,
2023-02-13,2255.911991998284,2262.912975837365,2222.081440971198,2227.734375,327921,,
2023-02-14,2238.9100166249063,2241.2583286826,2205.5578279870565,2211.167236328125,409279,,
2023-02-15,2213.3408499283146,2239.4313118135206,2206.383393425593,2236.822265625,643367,,
2023-02-16,2252.476816093744,2252.476816093744,2214.64564176939,2223.516357421875,433077,,
2023-02-17,2224.631954162995,2265.81492717462,2224.631954162995,2262.64697265625,705628,,
2023-02-20,2266.6179792483604,2270.6336410226195,2243.1932855651835,2255.418701171875,182493,,
2023-02-21,2266.618259883867,2271.080106852142,2245.6475791329726,2249.26171875,203273,,
2023-02-22,2237.169804743173,2261.8437284079255,2226.4613732884786,2230.432373046875,310260,,
2023-02-23,2231.413979003172,2242.1670720737748,2215.5744247635484,2226.907470703125,294710,,
2023-02-24,2227.353785233246,2238.5530635834807,2214.3251062350796,2218.11767578125,255112,,
2023-02-27,2218.117905659186,2220.2150608886736,2168.4576358358026,2175.195068359375,293892,,
2023-02-28,2184.475190046772,2205.936713375426,2150.922238069565,2158.73046875,542868,,
2023-03-01,2155.0717328128962,2180.9057789565077,2154.4471179123343,2169.43896484375,293122,,
2023-03-02,2180.5041575312775,2216.0204955462864,2178.1839104474057,2198.2177734375,525446,,
2023-03-03,2209.2385100154816,2212.0049418376234,2192.5512486029024,2196.611572265625,197868,,
2023-03-06,2205.936662061893,2223.5609537591918,2196.2990311306553,2212.807861328125,203422,,
2023-03-08,2192.551518887561,2213.968383540919,2177.916748519878,2211.3359375,286894,,
2023-03-09,2218.4299106725853,2222.9364188667405,2177.380926002055,2180.77197265625,244591,,
2023-03-10,2156.85667676024,2180.772218445156,2146.41599914219,2177.64892578125,224485,,
2023-03-13,2179.076451094907,2179.076451094907,2123.838879975437,2130.130126953125,249618,,
2023-03-14,2137.179836660586,2151.948592322436,2113.487387893522,2117.993896484375,302570,,
2023-03-15,2141.68637771314,2148.6915640523516,2114.9599600306487,2123.34814453125,217071,,
2023-03-16,2114.379723471164,2136.3320953052034,2110.4533857129513,2115.762939453125,577586,,
2023-03-17,2119.3767004530255,2119.8675470511057,2078.1492898948195,2101.6630859375,628419,,
2023-03-20,2101.6634696327123,2102.8235932953676,2056.0188670856896,2087.564208984375,352432,,
2023-03-21,2092.5614134511816,2102.7345545150124,2080.112904890389,2096.22021484375,291142,,
2023-03-22,2096.2200944882616,2114.2459103176393,2093.498324619682,2099.92333984375,166790,,
2023-03-23,2110.4533352967924,2127.274583275356,2103.314381097057,2108.222412109375,371585,,
2023-03-24,2108.6683467922794,2122.6784991758245,2056.107889872507,2064.3623046875,272040,,
2023-03-27,2070.2517944298475,2080.023193183964,2049.370443178213,2060.12353515625,238881,,
2023-03-28,2053.3415354236704,2060.1236285096566,2004.2612292749084,2007.384521484375,456838,,
2023-03-29,2007.8308785587485,2066.281066356792,2007.8308785587485,2056.152587890625,712847,,
2023-03-31,2065.6117992092563,2103.225077367488,2065.6117992092563,2094.703125,302919,,
2023-04-03,2128.3006553866494,2172.472933139957,2116.744517203703,2169.43896484375,787785,,
2023-04-05,2178.095117727853,2178.7643947294987,2158.7307467196315,2170.420654296875,289012,,
2023-04-06,2170.420429789145,2175.7746452484703,2150.8776305080414,2165.289306640625,211340,,
2023-04-10,2168.4573187223664,2202.2335826223875,2156.990286496444,2195.808349609375,261131,,
2023-04-11,2207.721555841513,2212.04963391089,2184.5646170479868,2204.018310546875,575155,,
2023-04-12,2208.6137670356648,2217.537459023688,2185.590598133851,2210.666259765625,464883,,
2023-04-13,2210.666534904708,2210.666534904708,2175.596377454239,2183.67236328125,458472,,
2023-04-17,2168.457452385424,2203.259855942227,2159.087574504746,2200.5380859375,656224,,
2023-04-18,2204.999821152738,2208.5692982602886,2163.995496452471,2177.11328125,397381,,
2023-04-19,2172.9192734402004,2188.1788758118537,2160.515427156147,2182.690673828125,247426,,
2023-04-20,2186.304634010422,2197.236157180474,2170.108219479411,2185.0107421875,315314,,
2023-04-21,2187.152404961049,2209.863159166818,2185.010805871971,2194.6484375,699932,,
2023-04-24,2195.1836449044185,2252.3399376882817,2180.4148905675415,2231.860107421875,686216,,
2023-04-25,2235.2958810032337,2261.263916040061,2225.4353740501424,2228.91552734375,538138,,
2023-04-26,2239.8468769509373,2252.340046782536,2223.8288920609984,2235.518798828125,560280,,
2023-04-27,2230.9231827767794,2254.8833849052385,2228.290736993821,2238.64208984375,685268,,
2023-04-28,2248.770524042593,2290.7118790544982,2244.4424460076316,2283.216064453125,721370,,
2023-05-02,2266.573314750492,2266.573314750492,2200.5826499045406,2227.264404296875,997629,,
2023-05-03,2221.999214894681,2246.9855514477135,2212.0938300443026,2233.28759765625,863935,,
2023-05-04,2238.017486486337,2260.1482881465236,2234.7604257680946,2243.862548828125,684323,,
2023-05-05,2263.9408613724054,2286.250093352819,2242.122476068279,2273.087646484375,1527593,,
2023-05-08,2289.819554939812,2313.0211560420857,2289.819554939812,2299.0556640625,855245,,
2023-05-09,2308.9610715023846,2323.7298280761293,2298.0742088145357,2312.619873046875,556418,,
2023-05-10,2320.1601780738206,2323.8634235203067,2295.2631617699294,2307.711669921875,549062,,
2023-05-11,2320.160041503293,2323.7295184902214,2297.8954723700463,2307.176025390625,506829,,
2023-05-12,2315.6983106993353,2332.653327232394,2307.845417363936,2325.425048828125,718178,,
2023-05-15,2344.254262144588,2427.2446109757443,2325.514505956908,2402.1689453125,1383562,,
2023-05-16,2409.3523160746004,2425.058102040307,2392.04043974769,2396.90380859375,602177,,
2023-05-17,2399.536396784368,2468.650355816999,2393.691334269556,2429.876953125,1169727,,
2023-05-18,2449.598258185826,2462.180533917846,2431.036934175975,2440.763671875,610410,,
2023-05-19,2445.671725631551,2448.7059118341485,2380.1272470476747,2420.997802734375,458137,,
2023-05-22,2418.8113251979107,2429.028908739476,2392.5310964111914,2402.3916015625,241924,,
2023-05-23,2402.391524778117,2425.593122724001,2386.2397738493123,2418.721923828125,224454,,
2023-05-24,2419.2128141069725,2449.330273522727,2414.750968267602,2443.931396484375,402069,,
2023-05-25,2444.1547318296143,2462.0467789974387,2417.4729782022973,2438.666748046875,208718,,
2023-05-26,2440.1391920500505,2453.9262541806243,2421.533422838522,2449.6875,167210,,
2023-05-29,2462.939066739041,2493.9935594141193,2441.5668673232067,2478.02001953125,462628,,
2023-05-30,2477.97531317635,2494.171725788732,2463.1172363994024,2480.027587890625,399817,,
2023-05-31,2479.9388557014627,2487.033147803318,2444.2440850117846,2462.849853515625,773286,,
2023-06-01,2461.913195690207,2509.9224910115563,2451.2047638064378,2498.990966796875,552629,,
2023-06-02,2530.759137813427,2599.159152188939,2530.759137813427,2581.311767578125,2090599,,
2023-06-05,2596.839424710363,2605.540025719312,2556.6381426296257,2561.635498046875,620625,,
2023-06-06,2561.0998027325627,2598.5793120408443,2553.0238172731792,2592.154296875,729992,,
2023-06-07,2603.8889835442214,2658.3681734715706,2594.2069072525915,2639.62841796875,996180,,
2023-06-08,2657.0739965402367,2700.309241382922,2630.882872965662,2645.6962890625,1150017,,
2023-06-09,2666.310126627703,2699.4171145834043,2576.5379063616992,2587.246337890625,826404,,
2023-06-12,2593.4925688236567,2622.0037203036795,2568.327801739495,2614.99853515625,617327,,
2023-06-13,2603.041090907437,2637.7541674357426,2591.484952743009,2634.675537109375,973087,,
2023-06-14,2634.6755926744186,2648.150455720321,2608.9753142716722,2616.06982421875,304861,,
2023-06-15,2623.476371569117,2642.6623111801114,2507.5576886927784,2537.050537109375,951322,,
2023-06-16,2537.0060197876273,2538.70143437894,2503.095985052513,2527.234619140625,1029235,,
2023-06-19,2516.481458702017,2523.3526588285895,2478.1542403416693,2483.10693359375,671364,,
2023-06-20,2476.3244565937975,2507.200517143962,2449.598043418769,2499.25830078125,872568,,
2023-06-21,2499.5262003166204,2525.4049078529224,2498.6338310912306,2519.649169921875,407191,,
2023-06-22,2525.4052217513777,2553.9610405132307,2513.6259900848345,2520.988037109375,578572,,
2023-06-23,2521.166300955476,2534.105655477679,2467.401051992528,2477.573974609375,381689,,
2023-06-26,2477.573991897471,2551.283781869931,2476.3247620458405,2544.367919921875,583691,,
2023-06-27,2550.391394637714,2558.3333940606026,2523.1294696422583,2537.987548828125,415101,,
2023-06-28,2543.2526435801483,2553.3811228324817,2494.1723294057942,2524.289794921875,781032,,
2023-06-30,2534.284194978023,2605.7184022846077,2529.867010437282,2596.884033203125,962194,,
2023-07-03,2565.561601343521,2598.445495448785,2554.3176616148066,2586.75537109375,818522,,
2023-07-04,2633.4710219538947,2712.7132383007483,2601.8810192923233,2703.700439453125,2177103,,
2023-07-05,2721.7264442210712,2830.595501989914,2704.0574879940623,2818.28076171875,3069147,,
2023-07-06,2801.1473027391376,2861.6946484034866,2783.0321619234714,2830.684814453125,1676341,,
2023-07-07,2810.9632418761125,2830.5953661050885,2789.546379080866,2809.35693359375,931135,,
2023-07-10,2816.718743915048,2843.400713960883,2753.7620526979026,2787.49365234375,570281,,
2023-07-11,2765.4526663387956,2791.331377963134,2752.2455561439965,2768.665283203125,663715,,
2023-07-12,2766.2551442840336,2778.2130220589047,2728.3741160240497,2747.470947265625,739038,,
2023-07-13,2747.4712111877143,2793.963519387533,2726.6343016097503,2742.340087890625,665215,,
2023-07-14,2747.5156660081016,2804.270438885639,2742.340098518375,2798.73779296875,811153,,
2023-07-17,2806.188891658017,2817.566599663596,2736.8965061263375,2758.848876953125,909246,,
2023-07-18,2765.452596888907,2784.1923531117745,2753.7624713377695,2780.979736328125,578275,,
2023-07-19,2788.653980667427,2805.296580478613,2750.7282865303496,2763.355224609375,486164,,
2023-07-20,2762.7305786408965,2766.5231480119805,2722.6186238065015,2754.877685546875,735511,,
2023-07-21,2747.649821870323,2788.2972883174557,2721.2802646655746,2768.17431640625,749722,,
2023-07-24,2793.0265172453314,2815.42507327802,2757.465732220182,2796.72998046875,784541,,
2023-07-25,2836.841774440437,2836.841774440437,2791.4647120731433,2802.30712890625,748386,,
2023-07-26,2824.304330690508,2846.5689024001335,2789.6359121614105,2807.126220703125,509747,,
2023-07-27,2804.283208722302,2850.6669775458804,2795.484714456585,2830.81396484375,524436,,
2023-07-28,2839.8384056498253,2865.151043975325,2825.85105409656,2862.89501953125,445865,,
2023-07-31,2878.4617200571083,2914.78371527062,2863.346355589374,2891.05029296875,933273,,
2023-08-01,2910.226388269044,2927.4173387138026,2736.3320669898053,2799.365478515625,3043469,,
2023-08-02,2762.2761806356016,2773.105097384255,2681.8264414163496,2701.318359375,2692656,,
2023-08-03,2681.9617329982643,2726.676179440131,2646.812917875411,2664.2744140625,1250490,,
2023-08-04,2686.473559695066,2693.692836980105,2636.344658984106,2657.32568359375,642027,,
2023-08-07,2662.1088681794367,2675.599850414521,2643.7447409119723,2665.763671875,444210,,
2023-08-08,2711.7412670507983,2787.3180827298347,2689.1810235645185,2767.600341796875,2020469,,
2023-08-09,2779.286715727351,2780.640330332413,2710.9291781716884,2761.10302734375,548711,,
2023-08-10,2753.6128384687763,2763.9905498982316,2718.9603945172375,2739.62548828125,476401,,
2023-08-11,2747.7474734765588,2773.4212081795167,2689.181166401357,2705.60498046875,816082,,
2023-08-14,2716.1630364330063,2729.7895118744314,2664.0940375752702,2716.83984375,526850,,
2023-08-16,2711.7412804521778,2722.434924043473,2667.523203000545,2690.76025390625,753515,,
2023-08-17,2704.8830019782213,2704.8830019782213,2671.809771477261,2699.15283203125,565973,,
2023-08-18,2697.9343188138714,2697.9343188138714,2635.0364048568053,2641.3984375,560922,,
2023-08-21,2643.158038227017,2657.0101153890814,2628.177948928461,2645.4140625,328451,,
2023-08-22,2653.0845882963768,2676.186365354431,2635.0363938181704,2668.199951171875,255764,,
2023-08-23,2679.2545565197024,2684.6690150374247,2648.39218703166,2663.68798828125,325912,,
2023-08-24,2666.620940315195,2681.465537358202,2635.0365975365044,2642.0302734375,273751,,
2023-08-25,2645.6849589244976,2657.5967236056963,2607.964187171634,2626.824462890625,429528,,
2023-08-28,2639.548626516932,2663.191718869251,2627.6820259458973,2645.639892578125,303029,,
2023-08-29,2660.303980681504,2700.9124200066967,2651.3250476047992,2696.53564453125,590653,,
2023-08-30,2714.4487886552874,2714.4487886552874,2655.02501278566,2663.778564453125,415898,,
2023-08-31,2675.645081088983,2675.645081088983,2608.0095100330345,2631.3818359375,920121,,
2023-09-01,2646.7225293089,2659.5367031977767,2624.207450984644,2641.714111328125,331811,,
2023-09-04,2662.1088801529527,2675.599862448716,2637.5182133786584,2655.65673828125,643279,,
2023-09-05,2675.6450340899432,2683.676393115218,2642.4363096713123,2648.888671875,306742,,
2023-09-06,2666.620750557086,2666.620750557086,2632.193907504101,2651.27978515625,275916,,
2023-09-07,2653.084791808867,2678.7583063605016,2644.60222787938,2671.945068359375,242002,,
2023-09-08,2679.976429621372,2731.594221525109,2671.268043637365,2715.125244140625,569352,,
2023-09-11,2733.3086434411107,2760.471263449975,2724.4200401135286,2756.275146484375,486566,,
2023-09-12,2769.7661883258656,2769.7661883258656,2716.2532480472105,2725.322509765625,429664,,
2023-09-13,2725.3227245027506,2738.723377666553,2693.7835464729255,2702.17578125,290774,,
2023-09-14,2713.3655299186294,2733.3538166469134,2685.5712670967246,2705.78515625,311245,,
2023-09-15,2720.404640483976,2800.17757777713,2711.6962538233856,2765.750732421875,949607,,
2023-09-18,2767.465090942611,2822.737687932987,2741.520810722639,2810.6904296875,897322,,
2023-09-20,2810.6453243040964,2827.1143012386146,2750.770352912106,2763.043212890625,575906,,
2023-09-21,2758.6667837357163,2764.0360780316605,2698.205326584819,2708.086669921875,585566,,
2023-09-22,2716.2530644789886,2743.325354158181,2698.34014468198,2727.713623046875,323540,,
2023-09-25,2720.945787609419,2727.7138606186863,2678.712967968615,2684.398193359375,408884,,
2023-09-26,2684.668945210512,2742.423167897394,2680.2020611125486,2738.22705078125,372568,,
2023-09-27,2737.911012578356,2737.911012578356,2707.229082971347,2712.95947265625,222370,,
2023-09-28,2713.0946914621477,2723.652840610586,2671.1778060661422,2680.15673828125,331995,,
2023-09-29,2693.73862950154,2770.398303980293,2682.097409976651,2758.892578125,375842,,
2023-10-03,2759.5689694004923,2765.7955084455234,2699.558722027983,2721.306884765625,387906,,
2023-10-04,2721.6223881397236,2725.277191350036,2685.616330591871,2697.34765625,307263,,
2023-10-05,2725.277555442216,2751.312165910724,2701.2733669934914,2722.25439453125,537209,,
2023-10-06,2743.325327106649,2747.837375342022,2727.5331582828444,2741.5205078125,180660,,
2023-10-09,2726.2702260627993,2752.3046155644715,2638.600985303956,2666.711181640625,976306,,
2023-10-10,2684.6685873904585,2710.02638553511,2676.5469009075964,2686.29296875,467743,,
2023-10-11,2707.229431319316,2807.3969202781304,2695.9944732423196,2798.237548828125,1048795,,
2023-10-12,2812.76581301786,2826.4374518831046,2765.8405095743647,2786.86669921875,927642,,
2023-10-13,2783.0317559711016,2814.616098208128,2779.467281410186,2796.071533203125,374642,,
2023-10-16,2801.0797364362543,2864.5191830351396,2797.334824270253,2852.51708984375,966651,,
2023-10-17,2871.558206945446,2876.476296111332,2857.4805264579745,2863.301025390625,416816,,
2023-10-18,2860.638797296416,2873.272533309713,2841.6881932764713,2845.43310546875,344063,,
2023-10-19,2842.1395458162947,2955.391970963126,2831.806998102927,2947.135009765625,1129769,,
2023-10-20,2941.8557561307903,2946.3678048365123,2890.9147703061635,2897.86328125,458086,,
2023-10-23,2892.719747668355,2917.2652499041606,2833.070372397193,2842.45556640625,313646,,
2023-10-25,2842.590701288356,2861.5413059636116,2788.446116501911,2834.333740234375,391029,,
2023-10-26,2823.6402816386276,2824.587855997458,2783.934250193405,2808.254150390625,461475,,
2023-10-27,2820.2108185711695,2845.207523802629,2801.1249410806104,2808.4794921875,314423,,
2023-10-30,2808.524548873414,2823.233870837146,2756.8615942833253,2806.81005859375,265215,,
2023-10-31,2811.051325711292,2833.2055274810323,2779.557095601144,2786.95703125,207132,,
2023-11-01,2793.815416541326,2837.762727226143,2775.4063457996194,2790.656982421875,473455,,
2023-11-02,2832.6641918242453,2842.5455344769352,2744.6792416162602,2754.244873046875,1268028,,
2023-11-03,2783.9340263163594,2806.674707525077,2772.247864336937,2787.904541015625,411691,,
2023-11-06,2806.494522427496,2865.376762809616,2793.590018020236,2857.841552734375,850503,,
2023-11-07,2865.1054897768963,2870.745550120051,2816.6912999171986,2824.767822265625,355269,,
2023-11-08,2851.8856557302815,2857.390223168338,2821.7000928223156,2826.437744140625,459324,,
2023-11-09,2838.0784076883183,2884.101300785967,2829.054311002505,2864.157958984375,604807,,
2023-11-10,2864.113156662777,2868.8056431089294,2793.093335974675,2802.16259765625,820659,,
2023-11-13,2799.365348249454,2830.81419556322,2799.365348249454,2814.435546875,386501,,
2023-11-15,2838.0334875485805,2871.1069369392326,2824.632835005022,2867.722900390625,570652,,
2023-11-16,2875.0775355719747,2977.0498398781997,2867.9485864942194,2959.94921875,963718,,
2023-11-17,2968.6571893740456,3040.037885812262,2959.94902376784,3009.310791015625,947293,,
2023-11-20,3029.389628756844,3039.316136327987,2992.0299520241356,3019.779052734375,677714,,
2023-11-21,3027.5395977621556,3063.681152922197,3005.069682734129,3046.986572265625,742294,,
2023-11-22,3056.4616343203234,3093.18966481207,3040.037821948508,3080.4658203125,775145,,
2023-11-23,3086.196283683632,3227.017373944612,3086.196283683632,3219.798095703125,1726414,,
2023-11-24,3219.798165897561,3230.4466455988777,3187.9882204525247,3202.29150390625,514405,,
2023-11-28,3212.578912289481,3273.9427791534376,3208.112027808687,3268.5283203125,659645,,
2023-11-29,3280.2592136389835,3418.4631691358186,3271.866759483344,3381.23876953125,1561256,,
2023-11-30,3429.1569510860213,3505.410572761487,3413.0940139363806,3446.347900390625,2909100,,
2023-12-01,3483.301518866356,3487.813567465924,3375.3282840046477,3393.060546875,1060628,,
2023-12-04,3501.349966263574,3501.349966263574,3414.7186268921046,3426.540283203125,1018705,,
2023-12-05,3427.3522057601217,3451.717268834246,3410.2967497341865,3435.248291015625,713163,,
2023-12-06,3415.8014085446744,3451.717361361161,3365.582393099452,3394.00830078125,672675,,
2023-12-07,3411.109118660507,3439.941068338587,3394.2340990941343,3404.476318359375,500651,,
2023-12-08,3418.327759421466,3431.051823631844,3332.057308623746,3353.128662109375,779332,,
2023-12-11,3353.1291413754593,3364.770139416158,3323.5752210686446,3343.1123046875,451738,,
2023-12-12,3364.1835410584845,3423.69741988521,3352.677816769725,3381.464599609375,598126,,
2023-12-13,3375.0123776571613,3492.3256421211804,3370.3198911415757,3486.279541015625,1355603,,
2023-12-14,3499.545027700892,3524.7221717236903,3463.8998424006895,3504.6435546875,1067427,,
2023-12-15,3554.5919168404994,3555.494326568055,3506.89947461325,3516.28466796875,924599,,
2023-12-18,3519.3978929498203,3563.2550932802205,3505.275269018163,3510.148193359375,725829,,
2023-12-19,3530.949127669283,3532.7539472785684,3429.1120930893867,3448.875,560186,,
2023-12-20,3478.293101644988,3524.722037682073,3419.0048270962247,3443.144287109375,595832,,
2023-12-21,3406.641761778408,3490.430369735944,3385.8863388019035,3474.41259765625,410786,,
2023-12-22,3492.3257370820625,3559.104058669678,3474.412815395108,3551.614013671875,573168,,
2023-12-26,3564.4732062465196,3680.9292239173724,3551.0725541806805,3670.50634765625,1149831,,
2023-12-27,3667.393295506745,3697.127873600913,3629.492085267748,3667.6640625,683058,,
2023-12-28,3667.6639482584096,3780.194398709414,3658.5043572136938,3765.9814453125,1714818,,
2023-12-29,3768.463079681776,3784.164921054499,3710.3025956028882,3735.570068359375,383687,,
2024-01-01,3735.570234315513,3773.336171792786,3686.3439569924085,3716.61962890625,392408,,
2024-01-02,3712.558359156951,3716.980519082494,3632.3793914634957,3689.231201171875,507848,,
2024-01-03,3609.6391074372923,3665.5433490507503,3584.100866689196,3600.479736328125,896596,,
2024-01-04,3607.382722869908,3615.1884785345374,3546.334795685748,3561.765869140625,630734,,
2024-01-05,3573.5426821474853,3643.0282343003532,3567.902621096116,3600.8857421875,593042,,
2024-01-08,3623.0848386154194,3654.7595091540406,3603.818522527697,3618.2119140625,508360,,
2024-01-09,3652.909321583991,3743.8722639182415,3637.7038502424466,3711.159912109375,1043602,,
2024-01-10,3694.6460167182213,3769.365589341767,3687.336629808835,3734.216552734375,511944,,
2024-01-11,3767.5609938280586,3966.0911539818726,3755.829666182606,3918.444091796875,2133475,,
2024-01-12,3828.608646626642,3966.090860485228,3828.608646626642,3955.397216796875,905401,,
2024-01-15,3955.396949100418,3982.830115581702,3913.886103313162,3945.696044921875,490217,,
2024-01-16,3916.548555223578,4015.7232963720758,3916.548555223578,3956.750732421875,972808,,
2024-01-17,3921.872637784434,3997.675054161308,3917.3605891905727,3944.297607421875,443836,,
2024-01-18,3911.0436502768334,3981.1156755435936,3877.564162191202,3965.188232421875,570816,,
2024-01-19,3966.090751061406,4007.4663251796574,3947.140146790123,3970.377197265625,383901,,
2024-01-23,3972.0912199226914,4114.98787152585,3972.0912199226914,4010.489013671875,1399043,,
2024-01-24,3996.7728768303045,4018.972245328809,3890.1981947206837,4000.968994140625,596736,,
2024-01-25,4014.6857259061485,4042.84064587902,3951.20111152783,4008.639404296875,664356,,
2024-01-29,4013.9190908348755,4173.64563739013,3994.3820053285153,4145.2197265625,418127,,
2024-01-30,4175.450317715095,4207.034662024588,4133.08199959658,4140.572265625,709726,,
2024-01-31,4121.756183402864,4184.383326613133,4077.222177893026,4170.53125,645505,,
2024-02-01,4170.666857293645,4257.433457049254,4128.524150370222,4139.08251953125,660378,,
2024-02-02,4149.279713032668,4303.862315128427,4142.105379817182,4256.93701171875,994506,,
2024-02-05,4259.373721536129,4308.419776137814,4241.325527800806,4283.4228515625,425966,,
2024-02-06,4283.333050170854,4324.347751739243,4271.10557366065,4316.63232421875,261001,,
2024-02-07,4322.542269202094,4347.13293242459,4268.532962952613,4325.5654296875,265821,,
2024-02-08,4327.911781449997,4353.856059152943,4299.440492323369,4338.6953125,444060,,
2024-02-09,4367.6629493227365,4443.4653641456935,4324.437612805593,4429.7939453125,718094,,
2024-02-12,4466.071003196004,4466.071003196004,4175.946255175171,4230.0458984375,1321957,,
2024-02-13,4266.593111084812,4358.503628221756,4247.010644115797,4281.75341796875,938269,,
2024-02-14,4247.642815209469,4354.127168766876,4206.222294621143,4344.24560546875,735284,,
2024-02-15,4358.819722077729,4381.018649278141,4319.880389117134,4346.86279296875,530347,,
2024-02-16,4358.6392892082085,4439.856170373579,4358.6392892082085,4416.6640625,848705,,
2024-02-19,4447.932764738165,4461.513855380164,4371.137606002816,4379.03369140625,524294,,
2024-02-20,4379.033480328548,4405.564237879299,4198.912412710442,4208.25244140625,1153742,,
2024-02-21,4237.116690839914,4260.448238596435,4157.209460630041,4181.97021484375,1112050,,
2024-02-22,4205.11722686178,4222.500052047878,4095.1002978066667,4145.359375,1441798,,
2024-02-23,4182.107906131583,4246.614910509059,4136.0909764497765,4167.58349609375,819122,,
2024-02-26,4171.918289428364,4177.4973275993425,4122.304474836529,4146.2353515625,605090,,
2024-02-27,4151.491716370863,4167.353476435239,4064.9909546639815,4085.324951171875,830187,,
2024-02-28,4094.500575997907,4112.206704548877,4010.6276870127376,4034.6044921875,569688,,
2024-02-29,4038.2474888235274,4107.411353098879,4011.5041279703914,4082.05126953125,1548190,,
2024-03-01,4112.852089842201,4172.886413158232,4103.722549956715,4156.37939453125,510674,,
2024-03-04,4232.782324248715,4269.715645561,4207.929263648994,4252.83984375,570306,,
2024-03-05,4252.793825942551,4283.318235629213,4216.091047710686,4232.82861328125,442519,,
2024-03-06,4223.606387970034,4287.237139229845,4183.12256526909,4274.60302734375,353334,,
2024-03-07,4288.160226228204,4337.958215952144,4261.232244263224,4290.83447265625,684934,,
2024-03-11,4334.269039330694,4357.323661880326,4242.5575707140215,4308.17138671875,644170,,
2024-03-12,4303.190776720644,4331.502030356675,4272.482202819348,4296.36669921875,312738,,
2024-03-13,4284.471195021287,4322.050231008613,4128.20677814502,4160.99072265625,700123,,
2024-03-14,4108.333576849079,4317.80777904365,4108.333576849079,4311.49072265625,708629,,
2024-03-15,4292.770606730451,4316.609175881871,4150.431280765955,4228.494140625,1278695,,
2024-03-18,4205.624037606081,4225.912104446852,4175.237866473516,4199.814453125,232124,,
2024-03-19,4199.630261729716,4239.83761560138,4158.6853400124,4188.33349609375,388757,,
2024-03-20,4188.563501296144,4231.860259214387,4131.388041789239,4159.46875,418716,,
2024-03-21,4175.468764672562,4191.330525653968,4099.296649341312,4168.18359375,633619,,
2024-03-22,4185.612256671911,4367.790136979646,4166.062208772418,4319.513671875,902115,,
2024-03-26,4319.513739329317,4356.908154033582,4272.989334588883,4307.66357421875,551123,,
2024-03-27,4326.8914930746505,4332.4246024008335,4205.163087898638,4216.736328125,693528,,
2024-03-28,4245.739204468493,4380.378197485956,4226.557939002158,4354.83349609375,1086607,,
2024-04-01,4371.156546677215,4407.813397464223,4299.318431041055,4316.51708984375,664163,,
2024-04-02,4288.159955368643,4320.851591486719,4170.120283478925,4205.90087890625,1342779,,
2024-04-03,4228.125796573169,4245.047980900546,4174.270284157132,4202.58154296875,681469,,
2024-04-04,4228.217977821877,4232.828902552326,4115.480868162395,4170.99658203125,1378250,,
2024-04-05,4131.849513407528,4210.327539764388,4120.645056742654,4172.79443359375,605460,,
2024-04-08,4186.719262461659,4250.21178010038,4172.978798111136,4237.53173828125,711580,,
2024-04-09,4255.882924918703,4309.600190439074,4154.4425951806625,4169.84326171875,945922,,
2024-04-10,4197.509279869771,4197.509279869771,4127.60739277254,4145.12890625,515061,,
2024-04-12,4158.131219929107,4170.857189922457,4086.2008062776385,4095.238037109375,438331,,
2024-04-15,4085.2790537472674,4095.0079242012107,4028.9798464503815,4040.276611328125,645166,,
2024-04-16,4005.971130535634,4100.449151884532,3954.374706233216,3986.512939453125,719918,,
2024-04-18,4018.8819314451393,4056.368658853195,3902.3178461615857,3920.484619140625,1103254,,
2024-04-19,3920.438654767663,3920.438654767663,3843.8049975923545,3885.810791015625,674079,,
2024-04-22,3909.9261360756473,3997.6719481798364,3879.5399604152485,3976.369384765625,619635,,
2024-04-23,4000.4379857331364,4028.933408299153,3953.3142485872772,4006.939208984375,547228,,
2024-04-24,4020.7262440871605,4062.5474201922984,3997.763929676903,4051.481201171875,658601,,
2024-04-25,4058.536227120533,4163.66531821159,4027.089628237043,4148.2646484375,1103462,,
2024-04-26,4159.2841061445315,4187.45667242856,4118.892590931638,4142.08544921875,497777,,
2024-04-29,4177.497517353333,4177.497517353333,4099.665203334375,4110.82373046875,590104,,
2024-04-30,4117.555870133873,4231.169237974998,4117.555870133873,4189.5322265625,828084,,
2024-05-02,4265.105127386653,4265.105127386653,4197.139920701952,4206.54638671875,808478,,
2024-05-03,4221.3011256825375,4223.560658665781,4165.370704920941,4198.47705078125,347594,,
2024-05-06,4216.183816572285,4226.097305147603,4118.017044937791,4158.82373046875,241049,,
2024-05-07,4176.528849594023,4181.600865774846,4087.3074740495435,4128.390625,456294,,
2024-05-08,4143.05326217646,4299.225340970892,4071.1228510662645,4254.8681640625,1313834,,
2024-05-09,4292.770623911528,4538.993987302371,4273.266503722516,4394.11865234375,3589872,,
2024-05-10,4415.973944574836,4568.826065525911,4403.247524966875,4497.86376953125,1520297,,
2024-05-13,4526.0836027323085,4527.882043446659,4362.488087425796,4505.38037109375,624906,,
2024-05-14,4532.446512300556,4657.955968281882,4523.362900903587,4650.99365234375,1335266,,
2024-05-15,4664.411334559515,4705.909656041362,4630.059946221765,4663.765625,882851,,
2024-05-16,4670.821035868359,4753.817684802281,4649.3802348937625,4741.27587890625,1296732,,
2024-05-17,4735.419482240752,4766.404985073585,4678.105780511841,4693.18359375,609690,,
2024-05-21,4680.088103854145,4724.168359476711,4637.898147055854,4660.583984375,480490,,
2024-05-22,4657.033856328554,4673.587255793509,4578.648137954707,4607.18994140625,422368,,
2024-05-23,4610.924262885331,4754.278078332665,4576.849352468379,4744.82568359375,644911,,
2024-05-24,4707.846471816891,4793.6556011819375,4684.745468679841,4720.01904296875,458258,,
2024-05-27,4727.11997423699,4729.70191193934,4657.033919215139,4688.2958984375,380940,,
2024-05-28,4689.264242645731,4818.416056544718,4652.422776127866,4780.560546875,727224,,
2024-05-29,4768.664238196242,4797.344279793083,4708.722217293296,4743.48876953125,409279,,
2024-05-30,4729.886502369914,4783.327299136982,4698.255739409233,4736.341796875,457454,,
2024-05-31,4772.306725426495,4786.093569414183,4614.152019453424,4721.2177734375,1905070,,
2024-06-03,4869.135627906343,4900.48991035877,4753.493746800675,4759.02685546875,962485,,
2024-06-04,4763.084752794008,4932.766765284636,4537.380010635957,4897.447265625,1945233,,
2024-06-05,4901.412601496228,5325.802260295045,4901.412601496228,5218.18310546875,2058534,,
2024-06-06,5215.0476929109345,5289.145336484222,5046.518409711427,5103.6015625,1498100,,
2024-06-07,5149.388345869201,5198.725239674975,5107.060147595763,5147.498046875,637134,,
2024-06-10,5150.40232941772,5334.839297346734,5146.759519186895,5276.92626953125,1018162,,
2024-06-11,5284.119672360637,5391.461908632097,5261.065049008279,5336.3154296875,1015127,,
2024-06-12,5348.672485923397,5403.081395693997,5327.0934490545515,5339.63525390625,668529,,
2024-06-13,5367.3006026924395,5385.559683147782,5285.041531527387,5363.42724609375,547596,,
2024-06-14,5369.882794837588,5408.384015288296,5313.2607307468425,5352.5458984375,573273,,
2024-06-18,5370.805131846584,5435.865099749468,5290.298566079958,5307.0361328125,527069,,
2024-06-19,5325.432968714843,5330.043893031555,5187.289856300399,5208.2236328125,447054,,
2024-06-20,5227.865887559775,5227.865887559775,5068.327909336483,5076.2587890625,840321,,
2024-06-21,5054.495314577793,5178.068088187248,5009.30825557135,5027.751953125,669719,,
2024-06-24,4970.576991983613,5103.371627762024,4970.576991983613,5094.56494140625,464982,,
2024-06-25,5132.788815085166,5145.653474479795,5047.533091745965,5081.23876953125,1118588,,
2024-06-26,5098.760369596581,5112.593143252568,5005.619693646273,5028.67431640625,384494,,
2024-06-27,5035.036618824835,5081.238166622009,4999.163720736463,5058.3681640625,874237,,
2024-06-28,5072.016844985233,5169.076803700632,5027.844279246933,5145.4228515625,539635,,
2024-07-01,5159.624450628048,5282.551516138248,5150.402601743995,5167.09423828125,1018344,,
2024-07-02,5228.788241395525,5232.476980895627,5072.016812641162,5133.8955078125,689851,,
2024-07-03,5164.142970254095,5190.010526062997,5120.9385189806035,5145.56103515625,329072,,
2024-07-04,5158.702462625514,5167.878382729589,5100.236028526315,5125.82666015625,676316,,
2024-07-05,5125.826730339737,5161.4690880678245,4963.752727797675,5125.5498046875,613329,,
2024-07-08,5132.557836772319,5191.900519804461,5060.535112506198,5073.7685546875,478557,,
2024-07-09,5095.11735177892,5163.72826654949,5076.673654321366,5154.2294921875,570084,,
2024-07-10,5159.623887157505,5210.344050480769,5044.904189625267,5080.08544921875,354244,,
2024-07-11,5099.682314344887,5127.808952787477,5074.783322936694,5096.22412109375,491353,,
2024-07-12,5103.279173847589,5164.235688730622,5076.766356695624,5115.267578125,265681,,
2024-07-15,5115.359062621252,5200.200063840137,5098.390952434584,5170.0908203125,249438,,
2024-07-16,5179.91245242779,5218.64421724922,5129.192284209253,5144.03955078125,336316,,
2024-07-18,5113.975832066824,5143.946838205526,4995.567393255954,5074.04541015625,841644,,
2024-07-19,5090.414820441232,5097.607682690517,4953.055196731178,5005.34326171875,370397,,
2024-07-22,5000.086362365176,5062.794933490375,4970.576446541552,5038.0341796875,415035,,
2024-07-23,5058.183523368832,5219.427622370522,4914.968407005529,5084.51171875,908996,,
2024-07-24,5084.005099520961,5084.005099520961,4984.409135300344,4996.1669921875,723617,,
2024-07-25,4980.721012955827,5026.184551771167,4936.456134484825,4982.75,438831,,
2024-07-26,4989.020146269598,5114.621905666994,4977.35459772222,5052.55859375,517306,,
2024-07-29,5076.858576897848,5102.126353878009,4977.30853376628,5002.25390625,418301,,
2024-07-30,5030.51892631395,5116.282127074206,4989.574004395211,5020.6513671875,412385,,
2024-07-31,5028.581780403099,5105.353670721244,4984.593832338105,5061.36572265625,870466,,
2024-08-01,5097.594819268906,5097.594819268906,4947.057373916937,4990.20751953125,868140,,
2024-08-02,4946.685854323661,4992.297639961611,4864.427062539477,4899.4951171875,402666,,
2024-08-05,4812.034271554013,4874.228004525355,4759.037558068113,4815.61083984375,439371,,
2024-08-06,4830.799072772387,4881.752354037574,4791.550717246281,4806.22802734375,552856,,
2024-08-07,4858.435210024339,4937.164155349303,4852.1184967327445,4868.79296875,515480,,
2024-08-08,4863.080297653848,4878.872535487681,4781.239256749647,4792.38671875,243559,,
2024-08-09,4835.165222035383,4873.902379095626,4821.973877652694,4837.25537109375,333635,,
2024-08-12,4844.315330029042,4946.686373121564,4816.632646879871,4934.470703125,569618,,
2024-08-13,4969.909792470928,5023.1387383444,4845.429808883805,4872.833984375,1042924,,
2024-08-14,4904.883576627651,4921.233279268026,4636.415517225115,4712.0791015625,2185163,,
2024-08-16,4756.250275057513,4773.854156242566,4663.4010281928395,4763.77490234375,679493,,
2024-08-19,4783.190150681287,4852.8617881450855,4744.684777606406,4820.25537109375,714915,,
2024-08-20,4829.637541104811,4969.909760513703,4821.276945246003,4871.81201171875,962948,,
2024-08-21,4871.812346644666,4928.293092484127,4844.501155679915,4909.24951171875,612911,,
2024-08-22,4909.528436831298,5000.566050229494,4889.509632872652,4951.28515625,761731,,
2024-08-23,4951.330535373846,5057.045441165365,4937.396209289303,5002.330078125,757678,,
2024-08-26,5025.647281615497,5039.581608644006,4948.544005391082,4964.10400390625,553070,,
2024-08-27,4973.625486613114,5013.52428864174,4947.614744434339,4975.994140625,672259,,
2024-08-28,4983.844825587505,5000.751992266513,4891.878257510493,4934.052734375,688591,,
2024-08-29,4923.461793684297,5004.559388585241,4915.008211961779,4992.6689453125,516725,,
2024-08-30,5016.357270010657,5125.97396591089,5003.212646771396,5067.8212890625,1569946,,
2024-09-02,5141.766904140122,5229.134957090986,5125.0457109559275,5181.89794921875,1054947,,
2024-09-03,5204.007195414195,5294.115852671456,5155.608537241237,5245.345703125,805935,,
2024-09-04,5206.793513838107,5285.104250013789,5206.793513838107,5279.94873046875,532554,,
2024-09-05,5285.754456752003,5387.010561459554,5248.596253189598,5326.814453125,817503,,
2024-09-06,5313.623350788901,5360.349612454569,5248.317986498097,5335.68603515625,683920,,
2024-09-09,5335.732543802331,5360.396575812158,5282.178368771451,5337.1259765625,469914,,
2024-09-10,5385.152776813699,5447.532021779925,5256.260255202021,5266.89697265625,775935,,
2024-09-11,5293.1862828589965,5303.126284096631,5204.331816196529,5252.73046875,592210,,
2024-09-12,5295.044094368537,5404.660796673008,5253.241114676153,5390.86572265625,855863,,
2024-09-13,5412.929172770445,5431.6942499701945,5360.071710571654,5384.03857421875,332581,,
2024-09-16,5369.360353231588,5408.8409440641735,5320.125734075659,5368.849609375,333195,,
2024-09-17,5387.939751672149,5559.750184327968,5354.125875673033,5537.6875,1250736,,
2024-09-18,5560.075198873939,5709.3122098427,5506.93923529226,5540.9853515625,1446956,,
2024-09-19,5573.730589030104,5629.467894920405,5555.244473294759,5579.3505859375,532623,,
2024-09-20,5619.016967413108,5659.1942741030225,5560.492798130691,5586.0390625,993542,,
2024-09-23,5620.178698220558,5768.811523297465,5577.7252661214125,5750.7431640625,887240,,
2024-09-24,5751.161195384079,5802.48596618766,5676.1943351448335,5691.0576171875,631130,,
2024-09-25,5707.500306283553,5730.166720687889,5605.1759896552885,5655.75732421875,341785,,
2024-09-26,5578.932709562054,5634.112550500791,5484.643769104374,5621.525390625,1255943,,
2024-09-27,5636.992121374329,5656.685695901348,5518.457368552323,5534.1103515625,718197,,
2024-09-30,5471.545503694975,5471.545503694975,5286.218962440791,5306.56298828125,1346723,,
2024-10-01,5306.562686169535,5382.365508243106,5262.530307938763,5341.58447265625,742940,,
2024-10-03,5326.024749682348,5326.024749682348,5222.585509814688,5260.4404296875,1219791,,
2024-10-04,5245.8559367096705,5248.550269486106,5094.389982719097,5128.6220703125,943922,,
2024-10-07,5174.234258677228,5209.99903429887,5049.893512973055,5110.693359375,682783,,
2024-10-08,5073.952727972378,5151.056000843434,5026.5760181359465,5136.982421875,473756,,
2024-10-09,5147.386020165977,5191.0006396900935,5137.121248655372,5159.9736328125,439340,,
2024-10-10,5191.001258715137,5197.457678295578,5058.160675322821,5068.47216796875,579335,,
2024-10-11,5072.559506732759,5098.430997920314,5053.515926495048,5087.23681640625,303034,,
2024-10-14,5112.969446243095,5178.925265771303,5109.114372862193,5160.67138671875,407147,,
2024-10-15,5169.635533313568,5190.676277245703,5075.811060920994,5114.501953125,302887,,
2024-10-16,5114.501997113187,5126.903639487047,5004.2815557015265,5014.68603515625,504211,,
2024-10-17,4982.032853924608,4982.032853924608,4737.671377358395,4846.77734375,1947589,,
2024-10-18,4846.777404917193,4912.918741845684,4780.449641923993,4845.6162109375,427617,,
2024-10-21,4845.615842147745,4880.590911435947,4723.783016197648,4869.81494140625,740720,,
2024-10-22,4889.091008919025,4899.681007028731,4788.763851601287,4808.0859375,531833,,
2024-10-23,4808.085697778067,4904.8830020969035,4756.760927727716,4780.12451171875,411524,,
2024-10-24,4793.454870616636,4859.55039282998,4731.726072663826,4750.30517578125,349453,,
2024-10-25,4756.250563801739,4779.195938387889,4528.65654268232,4619.97265625,709797,,
2024-10-28,4619.972538109182,4659.499852512959,4548.210751652522,4577.705078125,419927,,
2024-10-29,4577.751374174425,4607.570922911697,4407.891847357257,4447.326171875,953917,,
2024-10-30,4407.891903082538,4679.611266971188,4403.340113858742,4560.51904296875,1039340,,
2024-10-31,4586.251460621114,4670.321899589357,4570.412957147071,4635.06787109375,897452,,
2024-11-01,4681.6554562745605,4684.720826836532,4654.204559405668,4663.8193359375,49631,,
2024-11-04,4763.217291540305,4763.217291540305,4390.706295166309,4464.6044921875,1676556,,
2024-11-05,4475.705995081028,4531.721810220517,4422.66256432142,4478.21435546875,673746,,
2024-11-06,4512.86394967733,4570.459166820186,4497.0717127188045,4545.19140625,602657,,
2024-11-07,4567.625852823257,4567.625852823257,4447.883180379868,4473.84765625,373373,,
2024-11-08,4486.8529955900185,4488.71090573312,4399.48495254721,4430.09375,333494,,
2024-11-11,4424.613159320809,4446.118379255126,4382.391968417305,4419.50390625,424955,,
2024-11-12,4419.504339048794,4455.455086522388,4368.690308459111,4388.5703125,310558,,
2024-11-13,4358.3324142640895,4363.070176329423,4172.86660607266,4198.505859375,1304908,,
2024-11-14,4198.5059411421635,4301.062502757452,4149.64280773597,4276.90966796875,889483,,
2024-11-18,4490.708848274311,4496.097060779827,4379.1879540044865,4396.7451171875,1783519,,
2024-11-19,4421.780329722419,4509.10211544262,4398.138239279702,4436.50390625,704072,,
2024-11-21,4458.938693260499,4477.564063582198,4404.362575265592,4429.119140625,572418,,
2024-11-22,4438.919129184688,4466.787783252386,4405.105252967489,4453.50390625,394712,,
2024-11-25,4505.431944447516,4559.915066830662,4472.918518044286,4513.14208984375,1174601,,
2024-11-26,4514.722110490594,4534.4624077844055,4459.960021973087,4494.935546875,384827,,
2024-11-27,4498.000912961894,4545.7491177674165,4468.831811473025,4525.1728515625,296689,,
2024-11-28,4546.306277233916,4561.123292573582,4421.919279574251,4443.65673828125,778790,,
2024-11-29,4457.869633683735,4463.1185929674775,4395.90859953937,4423.40576171875,462448,,
2024-12-02,4397.209107340327,4439.476565750379,4361.072843505831,4411.09716796875,510429,,
2024-12-03,4412.536867989208,4444.12134241271,4356.799560183029,4363.30224609375,664696,,
2024-12-04,4370.780498231627,4389.313335975643,4287.592741205413,4306.4970703125,586762,,
2024-12-05,4325.214813992429,4345.698091887622,4262.417360424958,4314.392578125,796988,,
2024-12-06,4326.0979324224045,4384.668374075995,4287.1280818560845,4300.69091796875,733835,,
2024-12-09,4309.376712426282,4328.5595457242025,4263.904175997338,4269.431640625,329145,,
2024-12-10,4273.193663655796,4287.081724499229,4237.614863066691,4262.32470703125,384707,,
2024-12-11,4260.420951007348,4323.682893295782,4260.420951007348,4320.06005859375,571443,,
2024-12-12,4320.059386793164,4329.069979026091,4219.3140256813385,4233.01611328125,821540,,
2024-12-13,4233.016053908203,4257.401124718559,4180.297853203909,4250.3876953125,552194,,
2024-12-16,4263.904549245084,4263.904549245084,4194.883356387774,4216.52783203125,835965,,
2024-12-17,4192.653303855889,4234.688526466724,4083.3155494627686,4101.43017578125,778939,,
2024-12-18,4085.963135770204,4115.178504332842,4061.5780620394,4077.6025390625,738092,,
2024-12-19,4021.9576384782545,4141.37509665705,4017.7310739295194,4093.859130859375,691740,,
2024-12-20,4093.8588886290318,4144.579474578306,4017.7308362036124,4031.618896484375,800108,,
2024-12-23,4054.889072755916,4064.6431014532673,3955.816100562524,3969.0537109375,931177,,
2024-12-24,3969.053833881037,4008.4414412178335,3948.0593569352936,3956.512939453125,561434,,
2024-12-26,3966.6384274488305,4001.7994700357094,3953.261564219737,3971.283203125,375676,,
2024-12-27,3976.3923368956703,4039.7005367414536,3928.132937633701,3936.865478515625,744900,,
2024-12-30,3950.614112244285,3970.354409671877,3872.1174001204495,3890.0927734375,1819173,,
2024-12-31,3866.6829242041904,3917.8221786700683,3855.1639707688464,3865.010986328125,492605,,
2025-01-01,3878.201692687749,3898.8246779964734,3836.584684328195,3887.073486328125,329310,,
2025-01-02,3887.677120441878,4015.08322257154,3851.4478712908067,4005.18994140625,1062633,,
2025-01-03,3962.411650942007,3994.3208952563305,3866.7292771340703,3941.6494140625,1269643,,
2025-01-06,3956.419861597098,3994.5070215702094,3890.2318092048013,3904.21240234375,813031,,
2025-01-07,3901.704435853198,3924.696074752769,3860.0869749023896,3866.357421875,396158,,
2025-01-08,3898.8244946889195,3898.8244946889195,3808.7158513758804,3844.109130859375,438731,,
2025-01-09,3854.560027599853,3868.540620754523,3820.1886880732723,3847.035400390625,340998,,
2025-01-10,3850.519107369988,3868.169255268668,3796.082244711571,3829.339111328125,355269,,
2025-01-13,3808.715850409261,3829.1065959717725,3713.4979541490293,3756.369140625,801718,,
2025-01-14,3778.0605741787267,3840.5328076711094,3769.4677390886964,3811.177734375,242769,,
2025-01-15,3830.2679729349047,3861.8524473506363,3793.0630478286093,3819.7705078125,281045,,
2025-01-16,3873.7429577587172,3878.3877334874446,3769.6534883187965,3784.65625,349664,,
2025-01-17,3786.4208984375,3831.939697265625,3762.26806640625,3806.85791015625,211342,,
2025-01-20,3824.9730570383745,3824.9730570383745,3758.1347753898867,3801.377685546875,254936,,
2025-01-21,3802.120350684428,3826.366170230822,3725.1100613317785,3738.858642578125,287082,,
2025-01-22,3740.902265854016,3782.705246227354,3740.902265854016,3767.563232421875,272889,,
2025-01-23,3767.563518596729,3822.6506067210103,3739.0446396238317,3809.04150390625,282745,,
2025-01-24,3813.407077600282,3831.939913893114,3754.0006691506287,3764.033203125,216273,,
2025-01-27,3757.623644086194,3785.306553374571,3715.8206616427133,3730.637451171875,328160,,
2025-01-28,3734.3998719373653,3773.69472191913,3715.8207680968812,3740.298828125,444089,,
2025-01-29,3749.2629217322597,3822.464404872643,3746.5225494454335,3783.123291015625,479893,,
2025-01-30,3789.3939248615234,3889.535338623729,3771.6045238829684,3880.98876953125,807120,,
2025-01-31,3890.4637780185153,4062.1344910848034,3879.3163173365137,4030.875244140625,1056018,,
2025-02-01,4022.375637547483,4201.61770795973,3935.1001232823955,4089.399658203125,1141242,,
2025-02-03,4105.98172765441,4115.271279074443,3927.808312854736,3982.10546875,846135,,
2025-02-04,4016.8020389553267,4040.9548726770745,3920.1907040683345,3936.075927734375,554233,,
2025-02-05,3936.912195700349,3985.2178668132365,3913.3168239904135,3967.01025390625,408928,,
2025-02-06,3984.2884521574274,4026.6951620549135,3917.3106982541353,3929.5263671875,576470,,
2025-02-07,4013.039947908198,4013.039947908198,3916.10338810317,3970.9580078125,1344288,,
2025-02-10,4000.3593237372097,4013.968879362974,3873.8359062734144,3898.31396484375,779450,,
2025-02-11,3901.6115952199816,3937.8408457470246,3781.776381938225,3795.292724609375,593081,,
2025-02-12,3815.718722216332,3872.473703117973,3766.248694438756,3824.051025390625,619474,,
2025-02-13,3813.814354522012,3832.9549390335474,3756.7738782690626,3767.67724609375,557075,,
2025-02-14,3771.010130243584,3791.0553181564164,3666.2135130676297,3678.021484375,475952,,
2025-02-17,3661.4999054461778,3700.6377860589873,3578.2719567784993,3691.40087890625,913565,,
2025-02-18,3694.7813903625834,3706.1132299828973,3628.1229632168665,3657.1669921875,482022,,
2025-02-19,3657.5478542140436,3712.7791231713436,3632.8843288292946,3693.971923828125,453662,,
2025-02-20,3680.021155564371,3750.0125011288637,3671.4507867197394,3722.4921875,438563,,
2025-02-21,3713.826637727539,3729.87236632346,3645.8825625274767,3668.689453125,426337,,
2025-02-24,3656.5480569904626,3705.3515475317067,3618.695593595059,3699.39990234375,272543,,
2025-02-25,3691.92454143079,3697.9238462749395,3634.88406696801,3645.501708984375,661184,,
2025-02-27,3626.3611526503423,3628.408658101387,3547.41862330483,3580.081298828125,877741,,
2025-02-28,3566.7971981927913,3568.082614043916,3487.3306467540733,3505.376220703125,995134,,
2025-03-03,3470.0950798636204,3537.6581136252626,3444.336311435417,3457.429931640625,691809,,
2025-03-04,3451.95420157193,3466.14283067497,3328.1599819293506,3347.0625,946922,,
2025-03-05,3347.2051590800243,3437.289351092677,3345.776764275296,3417.4345703125,611959,,
2025-03-06,3456.2392461031177,3483.378747002398,3411.673282339704,3474.5703125,654829,,
2025-03-07,3489.0923842830252,3555.4650831964227,3451.954119275646,3478.141357421875,621576,,
2025-03-10,3478.617578833192,3490.7589350144467,3405.0075846645145,3411.81640625,675889,,
2025-03-11,3408.150071804691,3488.6163140699878,3383.153162225235,3476.379638671875,618870,,
2025-03-12,3476.3797901189687,3494.2823859711166,3425.2909590234617,3437.908447265625,385877,,
2025-03-13,3451.9542111535084,3452.478002427601,3356.1090099817297,3360.6796875,359751,,
2025-03-17,3319.58966805235,3379.582252414742,3296.354537896929,3326.350830078125,673556,,
2025-03-18,3326.350830078125,3326.350830078125,3326.350830078125,3326.350830078125,0,,
2025-03-19,3413.86366413042,3417.5299705438165,3346.3957215952005,3368.155029296875,674188,,
2025-03-20,3408.1503519835787,3460.524833503304,3391.247678402213,3425.433837890625,771668,,
2025-03-21,3455.763427734375,3534.705960300449,3439.336886227509,3455.763427734375,1195882,,
2025-03-24,3483.37902963134,3511.328049503788,3411.816538132417,3453.239990234375,663262,,
2025-03-25,3478.1415371300413,3500.2339981376495,3442.4316650855853,3454.763427734375,544164,,
2025-03-26,3475.7610096980607,3494.1397376986265,3433.2899739549594,3471.904296875,755658,,
2025-03-27,3460.5246316952594,3608.1254346431856,3438.0036989495975,3591.984619140625,1525094,,
2025-03-28,3598.602670906801,3626.932501406795,3530.3731048987484,3545.228271484375,509889,,
2025-04-01,3530.3731621238167,3634.407919511811,3530.3731621238167,3582.4619140625,506307,,
2025-04-02,3590.0323806754977,3608.8872391455043,3554.703321812856,3603.31640625,321687,,
2025-04-03,3599.554967886111,3625.36139411594,3557.32200112823,3574.17724609375,339509,,
2025-04-04,3566.178054464717,3566.178054464717,3459.1437628750987,3484.521484375,330498,,
2025-04-07,3312.8761337696405,3375.773166917044,3184.3682567477,3358.537109375,605866,,
2025-04-08,3428.1475913675386,3449.9543261070603,3342.681967388306,3403.531494140625,450859,,
2025-04-09,3418.6251344298125,3503.1384995219146,3369.1074444603555,3438.52734375,584571,,
2025-04-11,3447.6214328298006,3527.278393088438,3447.6214328298006,3490.9970703125,436704,,
2025-04-15,3570.0350477453817,3633.836687702421,3510.5185925615765,3622.314208984375,604277,,
2025-04-16,3627.1706846356856,3634.4079782610775,3563.3690474945483,3601.3642578125,491227,,
2025-04-17,3601.3643013891556,3616.3150204413,3489.3782823944966,3591.74658203125,970749,,
2025-04-21,3612.8865209194296,3744.774971933489,3576.700519919182,3730.014892578125,1031160,,
2025-04-22,3714.778884676801,3716.5880918312514,3638.788231925482,3650.596435546875,927543,,
2025-04-23,3677.7359652601813,3765.43927048398,3640.1215671465916,3752.393310546875,800615,,
2025-04-24,3752.4887312102187,3797.6259171711026,3737.538011896428,3765.72509765625,1227984,,
2025-04-25,3770.9624837552947,3803.4347536932014,3656.595574018662,3709.54150390625,652719,,
2025-04-28,3709.065268188639,3747.155797258612,3662.8805016912966,3724.968017578125,521342,,
2025-04-29,3747.632113525804,3765.15366476686,3662.7853628474027,3668.78466796875,428581,,
2025-04-30,3668.784444525626,3682.8779866148116,3624.789930458767,3644.692138671875,892342,,
2025-05-02,3622.028537605549,3727.15830587018,3547.180554258155,3558.988525390625,881303,,
2025-05-05,3589.0801458519227,3613.3628584333032,3563.6547638815878,3587.7470703125,640182,,
2025-05-06,3604.3165071361614,3721.444890327112,3600.5074540242604,3687.73486328125,1210118,,
2025-05-07,3637.645612083522,3708.874949623643,3631.551220282866,3683.354248046875,448141,,
2025-05-08,3684.306447458085,3690.020026854505,3595.460241346528,3619.076416015625,739365,,
2025-05-09,3556.7032386658857,3710.112941231716,3556.7032386658857,3669.92724609375,859973,,
2025-05-12,3742.299348047314,3808.5769649219005,3723.349401886394,3794.673828125,547435,,
2025-05-13,3808.100645882792,3902.7555176797214,3768.581721950775,3869.616943359375,1197629,,
2025-05-14,3875.7113053882194,3911.7066691152,3745.251244248616,3873.044921875,1199813,,
2025-05-15,3888.0904057532516,4139.487875045159,3873.0446016241635,4118.5380859375,2629014,,
2025-05-16,4123.300186062212,4154.724875701947,4089.304199463023,4137.86962890625,765257,,
2025-05-19,4116.729307150685,4241.9519232506,4116.729307150685,4178.24560546875,753807,,
2025-05-20,4198.528647267802,4225.382656766118,4029.4066019588145,4039.119873046875,842529,,
2025-05-21,4038.548350015151,4084.1616656426536,4010.9327164026918,4060.259765625,396931,,
2025-05-22,4047.1189914844513,4079.495943416327,4002.26729743142,4072.163330078125,394809,,
2025-05-23,4084.161384187852,4128.060808968565,4072.258094657954,4103.111328125,461297,,
2025-05-26,4104.15935507545,4207.38460006349,4094.732041741249,4151.29638671875,765160,,
2025-05-27,4161.866805711974,4166.05667129093,4094.732242206038,4131.10888671875,411809,,
2025-05-28,4159.4858314269,4174.150592325294,4104.730695138657,4153.962890625,424160,,
2025-05-29,4174.721801074766,4174.721801074766,4125.299434790983,4148.6298828125,369150,,
2025-05-30,4134.34627298355,4170.913089264837,4084.5426253772152,4103.587890625,914311,,
2025-06-02,4104.350282265038,4112.539839918729,3995.6969430359663,4030.263916015625,771163,,
2025-06-03,4047.1186725516586,4076.1627006723234,4000.457774915181,4007.695068359375,417447,,
2025-06-04,4011.8851198832385,4038.26299821034,3991.2208211239745,4000.0771484375,353642,,
2025-06-05,4025.978422188067,4025.978422188067,3973.6039429199523,3979.412841796875,394746,,
2025-06-06,3989.030964902325,4091.780082008832,3959.6061219179196,4064.259765625,551467,,
2025-06-09,4099.3982087086615,4151.868009808735,4070.9256288835645,4141.77392578125,495256,,
2025-06-10,4161.485887232587,4182.340360242065,4123.014543397864,4169.9609375,469185,,
2025-06-11,4166.15189341711,4272.519888890534,4157.48620448434,4199.7666015625,1241569,,
2025-06-12,4199.766193280338,4213.764648270277,4132.8222764955935,4154.53369140625,813687,,
2025-06-13,4062.4505113313403,4139.488518438483,4048.452054990209,4126.91845703125,521000,,
2025-06-16,4109.9680657685585,4203.385180832499,4106.63514449187,4156.15283203125,360242,,
2025-06-17,4160.438246888227,4180.435775655599,4126.91839363209,4162.3427734375,331648,,
2025-06-18,4144.2499035571955,4220.43096796082,4142.345376947105,4149.8681640625,370443,,
2025-06-19,4166.056143213715,4193.767095078921,4142.630375709966,4175.00732421875,425692,,
2025-06-20,4171.389098818626,4173.198305969759,4004.1715818423063,4131.39404296875,1159015,,
2025-06-23,4113.777365292711,4118.253188692946,4042.3576193674903,4050.071044921875,580717,,
2025-06-24,4078.6384189319942,4123.299467981035,4058.545573333758,4087.589599609375,469217,,
2025-06-25,4096.160422616251,4149.867977613319,4085.209395100248,4095.49365234375,412213,,
2025-06-26,4100.350278523883,4118.443280465138,4045.3096480809845,4073.7822265625,795726,,
2025-06-27,4093.779965786518,4142.250075224837,4080.44827945923,4114.06298828125,543489,,
2025-06-30,4136.631315109591,4136.631315109591,4009.9803102961528,4034.83447265625,871009,,
2025-07-01,4055.022566600146,4060.450653321699,3990.0784894492576,4024.2646484375,480538,,
2025-07-02,4079.8762166502,4118.157381923881,4028.168512709657,4041.119384765625,808159,,
2025-07-03,4041.4053446780053,4142.345251967324,4035.6917650201194,4104.826171875,650625,,
2025-07-04,4118.538718624137,4165.866390003955,4101.4932987715765,4137.583984375,437195,,
2025-07-07,4132.822637476056,4151.487090768796,4088.066263291408,4101.39794921875,353771,,
2025-07-08,4099.588860646318,4122.34786071517,4037.5964262952925,4095.113037109375,467771,,
2025-07-09,4094.7319467728266,4136.631529483991,4085.3999529760727,4126.251953125,276485,,
2025-07-10,4123.394843312585,4141.297204910572,4104.254260610877,4115.0146484375,368728,,
2025-07-11,4094.8271205473256,4132.822329615466,3989.982848177143,4017.31298828125,556464,,
2025-07-14,4017.5988413757273,4055.6893731735536,3996.8396875348367,4048.738037109375,293675,,
2025-07-15,4071.6868797323873,4251.855266487111,4056.7366261997727,4241.38037109375,1756329,,
2025-07-16,4241.380338924243,4256.616550289934,4162.342492464721,4213.28857421875,791606,,
2025-07-17,4225.192020366369,4250.8078086763635,4201.385439228402,4231.47705078125,414759,,
2025-07-18,4237.571856201639,4269.948809709696,4177.769904534513,4186.81640625,370997,,
2025-07-21,4199.48097772329,4210.908136846348,4138.726767707958,4197.76708984375,269975,,
2025-07-22,4207.099106005857,4220.145298729109,4112.634404101189,4135.10791015625,463290,,
2025-07-23,4151.868041318325,4168.056517626217,4119.3957693768525,4155.3916015625,376802,,
2025-07-24,4166.314433881923,4175.981056698354,4113.244769020328,4158.484375,584473,,
2025-07-25,4135.381139120505,4147.754227219877,4055.1481717182137,4089.658203125,630896,,
2025-07-28,4074.9646738292477,4163.414268813324,4074.9646738292477,4148.04443359375,462891,,
2025-07-29,4146.981596317909,4189.901311445611,4123.395128725488,4181.00830078125,422393,,
2025-07-30,4167.280722623665,4181.587134308381,4075.158004241846,4109.57080078125,547169,,
2025-07-31,4069.6477538055037,4159.547336015459,4060.9477942367985,4118.65771484375,446590,,
2025-08-01,4113.24442549234,4177.914032332607,4098.6477318579955,4167.86083984375,473918,,
2025-08-04,4172.017415314369,4398.313137283798,4166.410963193333,4384.68310546875,1454995,,
2025-08-05,4384.780450192153,4428.763587424019,4365.350442420971,4395.22021484375,803505,,
2025-08-06,4397.926655563433,4398.216465436459,4313.343708908398,4325.716796875,574216,,
2025-08-07,4282.313593111617,4519.049074095443,4274.870105288517,4505.32275390625,2121194,,
2025-08-08,4504.645890456764,4554.912325285896,4435.142972084014,4446.45263671875,972461,,
2025-08-11,4449.546073982173,4470.522832369612,4387.6796936356905,4410.1064453125,455558,,
2025-08-12,4436.013234426917,4513.92630914891,4418.613313263333,4490.33984375,723767,,
2025-08-13,4512.669384623625,4633.695692267428,4495.173174757627,4609.72265625,1342794,,
2025-08-14,4610.9788762696935,4614.362194103434,4534.129228331865,4551.142578125,373862,,
2025-08-18,4736.645096339536,4948.344132277977,4736.645096339536,4817.8447265625,3698091,,
2025-08-19,4817.845016549206,4967.677676574312,4817.845016549206,4947.5712890625,1509894,,
2025-08-20,4949.310747663551,4992.8105491566885,4940.707547991075,4964.77734375,916240,,
2025-08-21,4964.777384046018,4986.913855473805,4871.97780677413,4927.17431640625,819430,,
2025-08-22,4927.1743356908255,4952.500603885235,4815.911414354799,4831.28125,1357460,,
2025-08-25,4842.97813196496,4910.547732459425,4810.111613704121,4894.984375,693190,,
2025-08-26,4894.984108164331,4971.543947093848,4872.944397686193,4904.26416015625,1662083,,
2025-08-28,5055.643796266941,5071.110392966802,4909.097698135147,4921.95458984375,1584393,,
2025-08-29,4929.493827360141,4976.666753330022,4892.66390359932,4918.08740234375,783364,,
2025-09-01,4943.027336207898,5084.16002244753,4939.160687269826,5069.1767578125,659443,,
2025-09-02,5113.643099313758,5169.709507586008,5034.376797963338,5134.90966796875,962257,,
2025-09-03,5147.476862096011,5184.693361474546,5081.260493071865,5170.6767578125,659989,,
2025-09-04,5321.475854487625,5335.009126415477,5162.943240475641,5172.60986328125,1187848,,
2025-09-05,5181.309486003635,5238.825887947146,5170.192870501949,5184.20947265625,517415,,
2025-09-08,5190.976138180633,5340.325451653428,5157.142960371262,5261.54248046875,726543,,
2025-09-09,5283.292686819008,5305.042588100397,5211.276347020634,5242.69287109375,608443,,
2025-09-10,5268.309360508071,5276.042658651936,5140.226610000306,5172.12646484375,536616,,
2025-09-11,5172.126282405961,5184.209560329534,5109.776568320328,5125.2431640625,765635,,
2025-09-12,5129.109745620343,5209.826041089491,5109.776501196595,5124.759765625,537933,,
2025-09-15,5146.509869587312,5177.443061891368,5092.376783055214,5112.193359375,588879,,
2025-09-16,5130.076894652493,5170.676711795023,5107.843661455394,5138.77685546875,925160,,
2025-09-17,5165.843092873832,5208.3762321115655,5133.459907317831,5171.64306640625,616629,,
2025-09-18,5181.309939478585,5207.409821636406,5161.976693435754,5190.9765625,420977,,
2025-09-19,5210.3095520741845,5253.809353529349,5192.909631492118,5227.70947265625,579031,,
2025-09-22,5228.6760996962485,5315.675702020645,5219.976139463809,5248.49267578125,672445,,
2025-09-23,5268.309614953799,5330.176003092705,5172.610045801427,5191.4599609375,507377,,
2025-09-24,5190.976248823017,5196.776222285389,5089.4767132315055,5101.07666015625,410267,,
2025-09-25,5094.310201626553,5194.843078470796,5056.6103728099615,5175.9931640625,640474,,
2025-09-26,5175.993014453052,5272.175908269109,5131.526550980301,5150.37646484375,689941,,
2025-09-29,5150.37666994859,5248.009561026819,5093.343594962297,5123.79345703125,8318930,,
2025-09-30,5145.543077871603,5300.692366618247,5145.543077871603,5290.05908203125,1141788,,
2025-10-01,5290.059067425506,5335.008861237345,5229.642677893465,5251.392578125,701001,,
2025-10-03,5282.809359446784,5397.842170750383,5191.459773999809,5365.458984375,1634394,,
2025-10-06,5342.742200884759,5408.475233209739,5342.742200884759,5395.42529296875,844413,,
2025-10-07,5395.42540801703,5460.675110613312,5386.7254476708595,5427.80859375,858678,,
2025-10-08,5424.908478599773,5470.3416037769275,5309.392341181264,5328.7255859375,789561,,
2025-10-09,5331.142662723802,5352.409233635845,5283.776209328794,5328.24267578125,872880,,
2025-10-10,5328.242525568182,5381.892282492898,5293.926014382102,5316.642578125,835407,,
2025-10-13,5316.642221861508,5394.941861856196,5301.658957418081,5373.67529296875,417645,,
2025-10-14,5396.3920739372525,5404.608703158653,5355.308927830252,5385.7587890625,375269,,
2025-10-15,5393.975726580135,5422.008933761286,5265.409638473476,5352.892578125,484777,,
2025-10-16,5391.0755318016845,5424.9087115780985,5366.425643678869,5393.4921875,294066,,
2025-10-17,5395.908640198927,5437.475116646178,5365.458779545709,5406.05859375,435204,,
2025-10-20,5432.641986751573,5504.174995118053,5419.592046036067,5452.94189453125,368799,,
2025-10-21,5478.075366619531,5479.042028939387,5443.275523104744,5458.2587890625,40575,,
2025-10-23,5524.475166462098,5526.408491104779,5376.092500136301,5402.1923828125,489097,,
2025-10-24,5427.808821917161,5437.475444930371,5301.659391594776,5355.79248046875,546761,,
2025-10-27,5384.309121593576,5473.242055020256,5364.975875196471,5458.2587890625,424721,,
2025-10-28,5451.974896798957,5476.14145219257,5389.141852775565,5422.49169921875,539756,,
2025-10-29,5449.558739403202,5450.525401707309,5342.742554799379,5366.42578125,432099,,
2025-10-30,5384.792335710846,5401.225594791194,5309.876007550431,5331.142578125,402078,,
2025-10-31,5330.659243452945,5437.475427404626,5317.609302427173,5359.17578125,424188,,
2025-11-03,5393.4921068837875,5393.4921068837875,5299.242536058235,5354.34228515625,223771,,
2025-11-04,5292.475695384606,5292.475695384606,5077.393349773086,5132.009765625,2003141,,
2025-11-06,5174.059910074106,5228.192998343914,5128.1434512738215,5148.443359375,815323,,
2025-11-07,5128.1433197666875,5146.509902815805,5082.7101932767655,5119.443359375,436406,,
2025-11-10,5132.976391950042,5229.642614020664,5123.793100853332,5180.826171875,347961,,
2025-11-11,5196.292764875116,5248.975855877942,5153.276296074642,5236.892578125,348232,,
2025-11-12,5258.643019289844,5371.742510697365,5240.75976637498,5349.50927734375,534031,,
2025-11-13,5368.842510438413,5407.992334290188,5302.626141701461,5324.859375,585663,,
2025-11-14,5337.425628422421,5441.825151716747,5280.392555511632,5353.85888671875,938647,,
2025-11-17,5402.675181603406,5616.307533568757,5385.2752615338295,5605.19091796875,1770568,,
2025-11-18,5625.974780961721,5685.907845638632,5596.491579790014,5606.158203125,1182455,,
2025-11-19,5655.941418630483,5719.257802653778,5640.474821006472,5680.59130859375,935374,,
2025-11-20,5751.64045245958,5840.573380463997,5724.090578023429,5799.490234375,1276202,,
2025-11-21,5770.973613696116,5836.7066464819345,5758.890335610487,5802.39013671875,703572,,
2025-11-24,5802.8736382487305,5847.34010290964,5772.907107716378,5782.57373046875,1349305,,
2025-11-25,5799.973375966045,5884.556321032216,5770.49017797155,5878.75634765625,707293,,
2025-11-26,5880.690236770057,5941.106631904129,5850.240373622484,5931.92333984375,452071,,
2025-11-27,5932.406181731121,5993.3059030035765,5893.7396920343235,5945.939453125,352120,,
2025-11-28,5946.906348692201,6031.005967082355,5923.706453963883,5968.65625,504441,,
2025-12-01,6022.30569423348,6122.355235060633,6003.455780744306,6085.6220703125,912454,,
2025-12-02,6118.971969595976,6128.6385919808035,6023.272407986181,6061.45556640625,809216,,
2025-12-03,6084.172490981949,6084.172490981949,5984.606274494638,6004.4228515625,543787,,
2025-12-04,6039.705744775237,6139.271956636928,6031.489115641019,6128.638671875,883433,,
2025-12-05,6123.805309452135,6175.521739453033,6094.805442161912,6138.78857421875,651633,,
2025-12-08,6099.638955326739,6139.2721086022375,5939.6563488122265,5961.40625,707514,,
2025-12-09,5958.505882157661,5958.505882157661,5767.10676394429,5800.93994140625,1186776,,
2025-12-10,5827.040164633441,5842.99009209138,5718.290659238408,5747.29052734375,820197,,
2025-12-11,5747.29070834139,5818.823718587335,5708.624216316555,5780.1572265625,695094,,
2025-12-12,5803.356937649106,5836.223454827431,5752.123837341718,5761.30712890625,679186,,
2025-12-15,5741.490485295602,5777.256988865925,5680.590763000186,5760.82373046875,652031,,
2025-12-16,5761.790106887323,5786.439993260216,5734.723564987677,5748.2568359375,388048,,
2025-12-17,5770.973540645951,5771.940202880565,5589.241040538508,5623.07421875,538205,,
2025-12-18,5592.141573447149,5592.141573447149,5329.2094199505855,5556.8583984375,1016539,,
2025-12-19,5534.141812129038,5604.224830710585,5534.141812129038,5588.27490234375,769295,,
2025-12-22,5600.357954105418,5600.357954105418,5491.608446927225,5509.49169921875,1213460,,
2025-12-23,5519.641296896762,5560.724441400809,5505.141363542392,5552.5078125,351302,,
2025-12-24,5552.5080352834075,5558.308008857868,5500.3082731132645,5508.52490234375,313655,,
2025-12-26,5508.524924691907,5529.308163418042,5423.941976387872,5449.0751953125,249826,,
2025-12-29,5449.075406380536,5462.608678633388,5365.459117103986,5380.4423828125,572147,,
2025-12-30,5384.309014060038,5551.058260904805,5380.925696008115,5520.6083984375,2980473,,
2025-12-31,5519.158664162001,5592.625002453675,5494.992105513424,5578.6083984375,473265,,
2026-01-01,5578.608120506291,5660.774415817855,5538.9749662971835,5646.7578125,384697,,
2026-01-02,5703.307177545087,5828.489936781034,5679.140621708031,5735.20703125,1069537,,
2026-01-05,5761.307143304653,5843.47343645581,5727.473963771824,5785.95703125,653817,,
2026-01-06,5809.6402555338545,5835.740136881511,5761.307141927084,5799.9736328125,453152,,
2026-01-07,5832.3567018622125,5847.3399667795675,5745.840430242643,5781.60693359375,609748,,
2026-01-08,5781.606874916533,5785.473523888221,5635.640876235309,5654.97412109375,562060,,
2026-01-09,5654.974006825957,5694.607157984909,5559.274446710441,5580.541015625,500234,,
2026-01-12,5580.541594928731,5598.908179079717,5439.408895663254,5535.591796875,314329,,
2026-01-13,5587.307839679244,5587.307839679244,5491.124945207257,5543.32470703125,336437,,
2026-01-14,5529.308108952479,5549.608016345487,5451.975128407689,5487.25830078125,368182,,
2026-01-15,5487.25830078125,5487.25830078125,5487.25830078125,5487.25830078125,0,,
2026-01-16,5434.575260024993,5540.908109296204,5430.225279827535,5463.091796875,588398,,
2026-01-19,5437.475532978579,5594.558159486849,5403.64235188449,5570.3916015625,581040,,
2026-01-20,5586.340945959283,5650.140652211803,5369.808609587095,5394.45849609375,394664,,
2026-01-21,5394.45870133321,5453.9084298758125,5320.5090389997295,5353.85888671875,406596,,
2026-01-22,5406.5420863118625,5476.141769883193,5283.292646654297,5305.52587890625,401574,,
2026-01-23,5330.1758632348165,5340.325817272532,5189.0431689961,5204.509765625,460330,,
2026-01-27,5237.376233046294,5243.659537866301,5121.860090586156,5200.64306640625,400942,,
2026-01-28,5226.7427198483565,5339.842201672335,5150.8597341801305,5328.7255859375,547414,,
2026-01-29,5337.909173037075,5408.4755203083,5289.576058467742,5393.9755859375,337842,,
2026-01-30,5355.792582421946,5408.475678846817,5282.809577282905,5349.50927734375,466102,,
2026-02-02,5364.975645854637,5462.125204847141,5237.376225088365,5435.5419921875,449861,,
2026-02-03,5542.84130664503,5597.941054548548,5487.258227619553,5570.87451171875,592655,,
2026-02-04,5555.408108414375,5682.040866758256,5525.924908952632,5656.42431640625,490202,,
2026-02-05,5684.457239315735,5693.640530493952,5553.474507247496,5573.7744140625,331312,,
2026-02-06,5579.5746583601285,5646.274355419527,5524.95823975352,5561.69140625,770475,,
2026-02-09,5606.641116971033,5622.10771315578,5478.075036185317,5564.59130859375,543956,,
2026-02-10,5592.1412679510295,5650.141004524419,5527.374895444077,5561.69140625,816528,,
2026-02-11,5612.44477545507,5666.64749058238,5465.604692655631,5600.1259765625,684908,,
2026-02-12,5621.314428936639,5720.8503260829575,5601.111598327733,5649.89404296875,560676,,
2026-02-13,5619.343169728801,5641.517007210193,5479.401617624015,5503.0537109375,394003,,
2026-02-16,5497.1410350424485,5541.981464783293,5379.866064951008,5412.3876953125,285719,,
2026-02-17,5410.41643377656,5506.995816383136,5367.54701394609,5496.1552734375,288723,,
2026-02-18,5513.894500077538,5546.416129836709,5466.097559370879,5510.93798828125,197770,,
2026-02-19,5518.821711376858,5562.676633904764,5309.402137507647,5336.0107421875,307768,,
2026-02-20,5321.721055152105,5392.677335887466,5297.083457674548,5385.77880859375,560735,,
2026-02-23,5424.706050194797,5468.560972391848,5358.184538997022,5408.93798828125,310190,,
2026-02-24,5400.561196499048,5442.937862821941,5357.691778242166,5431.11181640625,396015,,
2026-02-25,5431.111980443219,5755.342762799564,5420.764189516953,5654.32861328125,898486,,
2026-02-26,5676.5027216174185,5744.50249380346,5635.604307911321,5703.111328125,489797,,
2026-02-27,5691.285295636766,5715.9228943191765,5606.531956169275,5627.2275390625,584546,,
2026-03-02,5484.329457938388,5642.0100892537785,5423.228213303675,5510.4453125,432301,,
2026-03-04,5439.9815625,5448.851097656249,5348.8224511718745,5420.271484375,455955,,
2026-03-05,5433.57597401996,5540.995903496368,5400.561592024917,5507.48876953125,545405,,
2026-03-06,5490.242311065051,5490.735063022605,5410.416493941327,5432.59033203125,431008,,
2026-03-09,5368.0398938255585,5430.126641266537,5260.127213749573,5400.5615234375,306358,,
2026-03-10,5466.097421705728,5650.38665236632,5447.372847467486,5628.70556640625,493375,,
2026-03-11,5646.444430134179,5682.4153214335765,5473.488500735706,5494.18408203125,511965,,
2026-03-12,5507.981289536797,5507.981289536797,5298.068959125035,5316.30078125,476478,,
2026-03-13,5260.619715382491,5299.547118671665,5093.084055656935,5130.533203125,496250,,
2026-03-16,5123.142108575767,5251.75036964514,5050.214818773977,5201.982421875,466610,,
2026-03-17,5200.01147679775,5305.953149072129,5156.1565519957985,5277.37353515625,403766,,
2026-03-18,5292.1560190877835,5408.445480959731,5287.2284995169375,5347.34423828125,390261,,
2026-03-19,5271.460485420946,5288.706804077679,5076.330708619049,5097.51904296875,397483,,
2026-03-20,5142.359404062708,5289.692238655918,5140.388396242062,5199.02587890625,1043098,,
2026-03-23,5115.750637223902,5124.620172137216,4977.7800941279,4991.5771484375,340775,,
2026-03-24,5109.837784751719,5239.924301161985,5050.214798063681,5176.85205078125,435050,,
2026-03-25,5228.098063989537,5286.242792693662,5201.489459328327,5212.82275390625,531702,,
2026-03-27,5136.446549390555,5167.982675557189,5051.200458346372,5068.44677734375,535331,275368.0,51.44
2026-03-30,4994.533965009629,5065.4902486482815,4964.476094857144,4989.6064453125,704213,324821.0,46.13
2026-04-01,5077.316093566967,5167.982452380662,5003.896053005876,5047.7509765625,546972,300333.0,54.91
2026-04-02,5002.418031886037,5003.403535832429,4832.911353106605,4938.85302734375,753867,380055.0,50.41
2026-04-06,4946.736717190485,5048.243616656691,4913.229585327854,5029.51904296875,348536,131619.0,37.76
2026-04-07,5001.432367391668,5010.30190262448,4860.505307581419,4977.7802734375,429282,139616.0,32.52
2026-04-08,5173.895653257979,5271.953294686392,5166.9971257203015,5210.85205078125,790692,447103.0,56.55
2026-04-09,5210.852095829909,5302.011210508729,5128.562516633351,5207.40283203125,760419,353857.0,46.53
2026-04-10,5220.214405266023,5404.996395257977,5218.736149346088,5387.25732421875,855903,423681.0,49.5
2026-04-13,5247.808269066699,5297.08346408141,5127.084041280657,5170.93896484375,743470,318371.0,42.82
2026-04-15,5283.779341893838,5283.779341893838,5198.5332516068265,5210.85205078125,651858,348282.0,53.43
2026-04-16,5237.9533804261255,5271.460513997995,5055.142401673717,5084.70751953125,920301,440747.0,47.89
2026-04-17,5062.040854731637,5173.895548981037,5056.127831247088,5154.67822265625,545014,258848.0,47.49
2026-04-20,5154.678113954167,5240.909704618729,5134.475284141327,5205.92431640625,654258,364220.0,55.67
2026-04-21,5183.7506406428265,5233.025836846656,5175.866609250214,5182.76513671875,321063,187241.0,58.32
2026-04-22,5179.315795122118,5214.3011839008905,5102.939242154377,5113.77978515625,293830,162451.0,55.29
2026-04-23,5075.345125183202,5085.200164261228,4922.5920194738055,4959.0556640625,628266,336694.0,53.59
2026-04-24,4962.504925868642,4987.142523554416,4869.867558570131,4889.57763671875,520325,287771.0,55.31
2026-04-27,4939.838128181622,5024.0987087221765,4932.939601119822,4969.89599609375,448144,223152.0,49.79
2026-04-28,4969.403342327549,5031.490087110223,4946.244001019725,4994.53369140625,667998,397720.0,59.54
2026-04-29,5020.157032662955,5132.997232945623,5007.838233505459,5040.35986328125,474261,219506.0,46.28
2026-04-30,5006.359898233723,5040.359783369365,4947.229663215214,5025.08447265625,478138,225128.0,47.08
2026-05-01,5025.08447265625,5025.08447265625,5025.08447265625,5025.08447265625,0,0.0,0.0
2026-05-04,5110.823383761595,5161.08408421895,4933.43267626505,4993.0556640625,617748,262166.0,42.44
2026-05-05,4986.6497617562145,5060.562554667621,4945.258597725827,5034.939453125,573411,237801.0,41.47
2026-05-06,5164.040448954303,5204.4461089556635,4878.244317237367,5095.05517578125,2717300,806455.0,29.68
2026-05-07,5159.112941564167,5379.373064284242,5114.2725138963215,5265.54736328125,1775531,669296.0,37.7
2026-05-08,5263.576625934359,5320.243103371397,5188.678325321925,5244.85205078125,558660,241514.0,43.23
2026-05-11,5186.21416313534,5206.909744593932,5071.402961234101,5152.70703125,447686,191607.0,42.8
2026-05-12,5154.185560324951,5193.605717574091,4996.504931328394,5008.82373046875,391060,197184.0,50.42
2026-05-13,5043.316020121684,5053.663810685685,4904.852727336712,4922.591796875,494571,239118.0,48.35
2026-05-14,4947.2295977878175,5017.200374967685,4809.259051235966,5003.4033203125,594448,211239.0,35.54
2026-05-15,5008.33079080641,5064.997264728364,4970.881642823206,4991.08447265625,425856,180029.0,42.27
2026-05-18,4961.519622316374,4961.519622316374,4852.621436147745,4885.14306640625,434446,231400.0,53.26
2026-05-19,4872.823900526164,4966.93952040689,4860.997854049005,4934.91064453125,560327,304662.0,54.37
2026-05-20,4894.997894532822,4942.302081957339,4830.940140728789,4895.9833984375,416572,186587.0,44.79
2026-05-21,4947.2298638884695,4966.447191048993,4883.664858665202,4897.4619140625,335986,145800.0,43.39
2026-05-22,4897.954222502077,4941.809144615023,4878.2441451479435,4894.01220703125,284550,113390.0,39.85
2026-05-25,4953.14290488803,4992.070311323183,4876.2735959781085,4906.82421875,445788,209692.0,47.04
2026-05-26,4906.8240975370945,4956.099294339034,4881.200995200086,4910.76611328125,413024,214904.0,52.03
2026-05-27,4920.620811749538,5028.040733335899,4907.809261468596,5001.43212890625,460843,228058.0,49.49
2026-05-28,5001.43212890625,5001.43212890625,5001.43212890625,5001.43212890625,0,0.0,0.0
2026-05-29,5040.852614948755,5065.490213262288,4804.824423105114,4831.92578125,1648645,1081382.0,65.59
2026-06-01,4844.24454493927,4896.969004944203,4691.984188476425,4750.0302734375,856536,351346.0,41.02
2026-06-02,4768.262003759384,4821.18375600624,4678.28568959999,4804.33154296875,703263,385554.0,54.82
2026-06-03,4785.606790608546,4803.148567005582,4745.2011319563735,4770.7255859375,571637,324412.0,56.75
2026-06-04,4780.087913160374,4907.809311977758,4780.087913160374,4811.525390625,783946,357129.0,45.56
2026-06-05,4826.998370241404,4833.404145947114,4721.648093721958,4764.91162109375,654540,316596.0,48.37
2026-06-08,4725.491252040853,4766.4883109686225,4691.590013751708,4706.27392578125,296366,169438.0,57.17
2026-06-09,4722.14066754196,4801.572379536581,4699.47407743846,4785.015625,481952,280730.0,58.25
2026-06-10,4780.285205105803,4912.7368300195785,4772.105234199577,4786.296875,632203,295014.0,46.66
2026-06-11,4770.4303592776205,4804.331597798908,4740.471136426322,4766.09423828125,365084,196122.0,53.72
2026-06-12,4841.780532705329,4896.968749646403,4797.826963686646,4890.66162109375,435472,203347.0,46.7
2026-06-15,4957.084898736067,4999.855674186329,4932.841405177572,4951.171875,575605,234801.0,40.79
2026-06-16,4976.794887323594,4978.765895199761,4923.5776746670645,4958.0703125,456693,298471.0,65.35
2026-06-17,4974.823659934938,4974.823659934938,4899.531258628202,4943.681640625,354200,194924.0,55.03
2026-06-18,4951.763152420674,4974.823848186307,4907.809580817711,4948.806640625,357138,183416.0,51.36
2026-06-19,4937.079027197889,4945.652622313809,4860.702475769553,4902.783203125,461353,243817.0,52.85
2026-06-22,4934.418103430539,4955.113685649841,4889.57767528872,4911.4560546875,569422,318240.0,55.89
2026-06-23,4906.823913884409,4939.444189186999,4881.200812506423,4902.48779296875,332377,167375.0,50.36
2026-06-24,4910.766004291754,4927.519570832585,4812.215612875102,4826.2099609375,554117,306037.0,55.23
2026-06-25,4883.073416229894,4970.88191424676,4806.500048183916,4825.1259765625,1282928,612711.0,47.76
2026-06-25,4883.073416229894,4970.88191424676,4806.500048183916,4825.1259765625,1282928,0.0,0.0
2026-06-26,4825.1259765625,4825.1259765625,4825.1259765625,4825.1259765625,0,,
2026-06-29,4788.563559182342,4854.000923392374,4716.621772843525,4743.82177734375,3355142,2640573.0,78.7
2026-06-30,4745.694145197656,4769.838991331462,4603.781580166306,4724.80126953125,1121686,550389.0,49.07
2026-07-01,4749.04492495991,4822.957721778694,4704.795893505018,4764.81298828125,820162,0.0,0.0
2026-07-02,4808.667892861511,4822.070842865256,4722.534943594995,4796.54638671875,775927,431364.0,55.59
2026-07-03,4828.969136532293,4842.5688979457855,4756.534599484309,4782.25634765625,507590,242335.0,47.74
2026-07-06,4792.407014807026,4877.061707033986,4754.071007771872,4872.7255859375,629194,331381.0,52.67
2026-07-07,4893.027104331045,4951.171837292884,4872.725626751207,4922.986328125,676040,346539.0,51.26
2026-07-08,4902.882152345592,4902.882152345592,4805.317261273791,4821.87353515625,888966,,
2026-07-09,4809.258901002858,4843.751536563329,4758.012699598729,4827.49072265625,534195,,
2026-07-10,4852.0297792980355,4895.983349245646,4817.241684293683,4877.357421875,686707,,
2026-07-13,4846.314080256038,4894.9978767294215,4800.389502224484,4880.31396484375,508201,268937.0,52.92
2026-07-14,4850.650209123271,4886.12834962072,4794.673779930752,4807.58349609375,680383,,
2026-07-15,4843.652871177866,4886.128184187026,4797.432835946439,4805.51416015625,596432,279334.0,46.83
2026-07-16,4828.969054652409,4857.05591548049,4803.740058860958,4826.998046875,289732,,
2026-07-17,4828.9691933996155,4853.606791325124,4800.290933173707,4838.7255859375,434144,,
2026-07-20,4836.853154253394,4912.736954758185,4828.969123032117,4905.54296875,352274,195810.0,55.58
2026-07-21,4937.374747049832,4983.693432301597,4899.925597271809,4961.12548828125,554172,268983.0,48.54
2026-07-22,4976.794740258093,5038.8814865227,4898.6444727586395,4914.806640625,877166,,
2026-07-23,4914.806518189695,5122.944649855584,4907.907990998814,5098.7998046875,1603396,749539.0,46.75
2026-07-24,5101.2001953125,5102.0,4982.0,5011.10009765625,694927,,
2026-07-27,5050.0,5125.5,5034.2001953125,5113.7998046875,564495,328329.0,58.16
2026-07-28,5108.0,5172.7998046875,5096.60009765625,5154.2998046875,633759,374388.0,59.07
2026-07-29,5185.0,5227.89990234375,5127.7001953125,5149.10009765625,682570,370574.0,54.29
2026-07-30,5168.7998046875,5353.60009765625,5161.0,5325.0,1368741,651367.0,47.59
2026-07-31,5375.0,5394.7001953125,5297.5,5386.0,769470,441984.0,57.44
2026-08-03,5425.0,5460.5,5388.0,5460.0,602971,332038.0,55.07
2026-08-04,5460.0,5606.0,5425.0,5548.0,1013842,471679.0,46.52
2026-08-05,5578.0,5705.0,5555.0,5690.0,893125,,
2026-08-06,5680.0,5755.0,5550.5,5550.5,533656,275954.0,51.71
2026-08-07,5541.0,5800.0,5541.0,5725.0,1914675,667935.0,34.89
2026-08-11,5848.0,5937.0,5803.5,5865.5,801344,440051,54.91
2026-08-12,5875.0,5916.0,5844.0,5895.0,996282,669190,67.14
2026-08-13,5919.0,5934.0,5802.0,5850.0,528636,324626,61.39
2026-08-14,5830.0,5849.0,5765.0,5790.0,508192,274418,53.99
2026-08-19,5699.5,5767.5,5664.5,5709.5,348806,189797,54.4
2026-08-26,5630.5,5720.0,5595.0,5595.0,451504,225381,49.9
2026-08-27,5594.5,5610.0,5511.5,5550.0,533055,279902,52.51
2026-09-02,5477.0,5485.0,5167.0,5300.0,1746616,646915,37.03
