date,open,high,low,close,volume,delivery_qty,delivery_pct
2022-01-03,2463.0877858374793,2510.1415464203274,2449.202346939597,2482.861083984375,918554,,
2022-01-04,2496.943026521973,2510.0924832770534,2455.3355828267718,2466.571533203125,514465,,
2022-01-05,2467.9945249914153,2492.5272737487853,2434.679100094432,2477.51318359375,427392,,
2022-01-06,2453.2747398379825,2497.433685155066,2437.5737815030193,2486.786376953125,468923,,
2022-01-07,2507.24668168606,2507.24668168606,2455.2372593262317,2486.05029296875,422618,,
2022-01-10,2492.527122164465,2556.4104918746057,2487.620572711385,2547.18603515625,851299,,
2022-01-11,2557.1461548604134,2579.078284429408,2517.059555005224,2526.480224609375,541537,,
2022-01-12,2531.7791980391644,2598.45914876968,2527.412417492946,2585.162353515625,896356,,
2022-01-13,2595.2700570644406,2617.9384099473323,2561.8075356392137,2607.193115234375,667966,,
2022-01-14,2608.174587251037,2636.3381331815763,2595.8591002146763,2610.13720703125,344796,,
2022-01-17,2610.284017824772,2624.0223547606915,2581.826034171795,2610.185791015625,338506,,
2022-01-18,2609.30318730007,2639.7729095163354,2523.6838931699717,2542.132568359375,502116,,
2022-01-19,2538.6487608656957,2555.772571039506,2487.7677457262275,2519.758544921875,432946,,
2022-01-20,2520.0036172938467,2613.2280501766018,2519.758289838892,2602.090087890625,513012,,
2022-01-21,2603.4149956300785,2604.8869603844864,2409.508076151658,2454.206787109375,761547,,
2022-01-24,2454.20700371221,2460.6837450342673,2296.265219540133,2319.522216796875,928020,,
2022-01-25,2194.2089618999603,2255.9823729073364,2089.2579147907963,2174.582763671875,2015166,,
2022-01-27,2174.9749316432526,2174.9749316432526,2066.6384262140627,2087.147705078125,1097311,,
2022-01-28,2090.091817351781,2239.054705034969,2090.091817351781,2180.078125,1111419,,
2022-01-31,2227.916952923384,2250.781281168034,2173.2578016559346,2189.79296875,512039,,
2022-02-01,2211.773728063621,2235.3251597036547,2181.647569672922,2221.9794921875,501770,,
2022-02-02,2237.386264919045,2339.4424805118438,2229.535786796522,2318.24609375,985564,,
2022-02-03,2325.7042618001738,2329.040619340496,2278.9938187701123,2295.038330078125,393196,,
2022-02-04,2286.452198767319,2357.1065156390987,2284.489578854214,2321.1416015625,595943,,
2022-02-07,2337.7745418590544,2347.194972826784,2283.704272407441,2305.4404296875,391382,,
2022-02-08,2315.645880522686,2320.9448577946555,2219.5266302086484,2277.32568359375,595603,,
2022-02-09,2288.414616544994,2321.6809253026636,2237.9262716555236,2264.127197265625,498481,,
2022-02-10,2276.540496030454,2290.229959323399,2241.2624568398805,2246.9541015625,381875,,
2022-02-11,2242.292720275134,2242.292720275134,2162.659531970351,2170.510009765625,440069,,
2022-02-14,2082.339493239174,2125.7624539252406,2014.1875723491044,2024.7857666015625,1060183,,
2022-02-15,2026.4047937826338,2109.8161291199335,1969.1453893059058,2097.893310546875,1203948,,
2022-02-16,2126.4986586059895,2134.3491381947515,2069.0429132002105,2075.372314453125,545320,,
2022-02-17,2080.377084859371,2103.3887551702387,2041.1246870318355,2046.4727783203125,436369,,
2022-02-18,2041.1248028149553,2063.7440462616773,2017.573362782475,2023.412109375,385073,,
2022-02-21,2011.6852363973624,2017.4259949761724,1962.6197428266948,1967.330078125,912496,,
2022-02-22,1883.1337468091929,1950.8441316605918,1869.3954078538368,1941.57080078125,1400825,,
2022-02-23,1967.5262736892244,2014.4329330173857,1957.713175067333,1976.7506103515625,801634,,
2022-02-24,1893.9280224977558,1937.596311099388,1808.1125234871474,1820.6732177734375,1369200,,
2022-02-25,1903.0052684874263,1971.4516356278145,1874.3019532350054,1959.234375,1125596,,
2022-02-28,1952.8065979580877,1981.264583556472,1909.187423120222,1961.6875,864642,,
2022-03-02,1957.7132096780856,1991.0777455823738,1899.2271648153883,1905.3603515625,1321644,,
2022-03-03,1947.9000973583202,1963.4538348832446,1925.3299702856546,1937.9888916015625,562340,,
2022-03-04,1924.3486211355084,1924.3486211355084,1866.1568989551563,1877.9326171875,657165,,
2022-03-07,1853.399902573537,1853.399902573537,1776.4161912282614,1796.4349365234375,781215,,
2022-03-08,1804.6288296327753,1864.2925169401788,1790.8904916149077,1852.7130126953125,571706,,
2022-03-09,1872.3393223915457,1947.1150901815965,1862.6243302515636,1937.74365234375,782868,,
2022-03-10,2036.2179015263293,2050.9375490072425,1966.5449034500068,1974.5426025390625,828882,,
2022-03-11,1972.4326081837146,2021.4980959494785,1952.708306059635,2012.32275390625,576754,,
2022-03-14,2031.3603465165502,2196.171275219977,1993.2363659481198,2166.388427734375,2378873,,
2022-03-15,2206.965807330133,2230.2719157890438,2139.2554290705602,2159.126953125,2029388,,
2022-03-16,2180.4704782996737,2207.5547258863708,2173.6013093761376,2181.3046875,572603,,
2022-03-17,2209.909808716157,2212.8046248928713,2168.6947945216284,2187.241455078125,1613841,,
2022-03-21,2203.8255187585237,2251.419042374111,2179.488988664316,2227.376953125,805901,,
2022-03-22,2237.386369798934,2242.8326871672525,2149.0684867805553,2213.295166015625,1023348,,
2022-03-23,2228.5546408047258,2237.3864293416004,2168.7438541288543,2179.047607421875,792579,,
2022-03-24,2168.6946903571024,2219.722800718446,2163.2974863765758,2198.4775390625,432601,,
2022-03-25,2196.171693734482,2209.615592290879,2168.695014813765,2186.7021484375,503809,,
2022-03-28,2188.3210289752474,2207.4565716053,2107.3629640019476,2133.36767578125,770790,,
2022-03-29,2149.068543972853,2185.2787811430007,2144.1619947857002,2179.047607421875,502107,,
2022-03-30,2189.3024804863735,2204.218343688461,2169.67628164741,2175.073486328125,367772,,
2022-03-31,2187.143430575687,2237.2882199114742,2172.6199969533427,2201.81396484375,875055,,
2022-04-01,2198.134011600819,2282.4284298753664,2194.846527850646,2257.405029296875,1008587,,
2022-04-04,2270.161857990441,2289.395624736531,2261.9189520007303,2270.456298828125,529930,,
2022-04-05,2286.4519184111728,2313.683266366499,2270.7509610315255,2283.017333984375,508211,,
2022-04-06,2290.524304631258,2310.003401104578,2267.267308958767,2285.814208984375,365534,,
2022-04-07,2295.283842951053,2328.599265949677,2276.6389549578635,2282.575927734375,551000,,
2022-04-08,2298.2274892745277,2346.311668170536,2292.830285520894,2317.657470703125,693818,,
2022-04-11,2324.3794531715766,2335.222974802706,2234.4425023025588,2244.844482421875,557908,,
2022-04-12,2244.8445086783777,2255.05003528728,2160.4518615788534,2216.04296875,686120,,
2022-04-13,2227.57334659532,2298.2276553860083,2225.6107269066893,2254.51025390625,697679,,
2022-04-18,2245.7277462564425,2245.7277462564425,2186.3584962461673,2226.6904296875,707742,,
2022-04-19,2227.573459128579,2262.998842129025,2140.4822060459087,2170.068603515625,373403,,
2022-04-20,2183.512554487434,2209.419037645445,2146.468109152717,2178.262451171875,433208,,
2022-04-21,2190.8235190539967,2259.220772851022,2184.1014502425915,2248.033935546875,559920,,
2022-04-22,2226.591991296299,2246.218187781943,2203.089668920259,2235.767333984375,401951,,
2022-04-25,2198.1339893372674,2222.421407299811,2179.1946619600485,2214.423828125,381293,,
2022-04-26,2231.204309811492,2276.197465325779,2231.155196400131,2241.213623046875,648026,,
2022-04-27,2217.760275369682,2234.687870391862,2171.197170601002,2214.03125,535705,,
2022-04-28,2219.7225884640766,2289.1993646126834,2219.7225884640766,2239.7412109375,925676,,
2022-04-29,2262.115305030634,2315.596689177591,2244.8932701099952,2283.115478515625,1024245,,
2022-05-02,2252.1058682023067,2294.155086670578,2227.033356263886,2255.34423828125,623462,,
2022-05-04,2255.3445591450513,2324.723120176981,2223.6482019084165,2245.2861328125,1056720,,
2022-05-05,2193.227412317352,2227.5732554632614,2101.96560052965,2120.1689453125,1818090,,
2022-05-06,2100.003253042085,2105.841999217963,1983.2273712140436,1990.685302734375,1319779,,
2022-05-09,1935.1430850902973,2015.2180672009388,1910.6594514779267,1960.7552490234375,876485,,
2022-05-10,1967.5264119781573,2009.7227390180879,1884.1150678294573,1898.834716796875,820447,,
2022-05-11,1902.7597738348622,1955.7505050298507,1840.6919266481398,1933.2294921875,926292,,
2022-05-12,1933.2295074706642,1955.60330005659,1874.3018033807903,1882.9373779296875,849909,,
2022-05-13,1905.7037048160903,1996.9655197223192,1905.7037048160903,1946.3299560546875,947827,,
2022-05-16,1982.344052595593,1982.344052595593,1928.5683433713432,1940.834716796875,537092,,
2022-05-17,1952.8065760980974,2020.7622823266368,1950.598628964318,2013.6968994140625,560663,,
2022-05-18,2021.4982507811426,2044.8043592549543,1988.133716544949,1998.044921875,569639,,
2022-05-19,1934.1617344326548,1972.4328189800285,1927.3416788198615,1944.7108154296875,416801,,
2022-05-20,1977.3392986267252,1995.984185313528,1916.4980894382106,1928.1265869140625,585809,,
2022-05-23,1950.1081484070403,1972.040401272475,1899.47258023608,1905.1151123046875,444584,,
2022-05-24,1920.8158777207248,1933.131244165994,1905.2130275267177,1917.8719482421875,339769,,
2022-05-25,1931.217776701909,1936.320539984992,1800.7035671991885,1811.154541015625,763390,,
2022-05-26,1836.7177254226654,1839.956096067267,1747.712963784428,1809.2901611328125,817763,,
2022-05-27,1835.0494538459952,1887.5495318036214,1830.2410115332373,1860.808837890625,615163,,
2022-05-30,1895.0074862613722,1954.7692819411282,1879.208421143203,1949.07763671875,477139,,
2022-05-31,1949.0285932765821,1973.1196783535709,1936.1243447202055,1959.67578125,371962,,
2022-06-01,1959.5775700922454,1995.1009370548231,1948.6850552337928,1975.180419921875,435832,,
2022-06-02,1975.180495948999,2011.6851741199487,1957.7622462706433,2007.563720703125,333662,,
2022-06-03,1933.0331984404374,1962.6197145957283,1895.2037753148854,1921.5028076171875,3399283,,
2022-06-06,1893.9280931480937,1912.033212755153,1833.086879793077,1867.874267578125,1433002,,
2022-06-07,1859.5822933393686,1895.8907602805596,1835.0495454061315,1854.57763671875,771550,,
2022-06-08,1839.9561148916894,1841.869621335653,1756.5447710165995,1764.8367919921875,2024909,,
2022-06-09,1713.366974269399,1776.5633516881833,1668.2267217972383,1751.7852783203125,2492053,,
2022-06-10,1740.7456297328313,1826.561131298695,1727.1053983675088,1818.759765625,2584938,,
2022-06-13,1766.357716143493,1815.42320825859,1719.2548437129997,1793.7852783203125,1446009,,
2022-06-14,1795.9933325561979,1814.2947861641599,1771.2643709711808,1782.6966552734375,879247,,
2022-06-15,1793.8345444579065,1826.6593135621404,1792.4116929809445,1817.533203125,715151,,
2022-06-16,1848.787815980699,1893.8299634806647,1789.467681584101,1807.3765869140625,1455522,,
2022-06-17,1801.68476899781,1830.1427528218494,1768.5164502804814,1812.1357421875,731996,,
2022-06-20,1829.4068676931574,1829.4068676931574,1703.210446332242,1720.8740234375,1042115,,
2022-06-21,1750.6567936283882,1780.930178910222,1726.124047080905,1747.173095703125,670663,,
2022-06-22,1748.6941400076992,1780.7339303354092,1716.6053560611247,1746.927734375,751184,,
2022-06-23,1751.5890874973409,1777.1522587370498,1737.1638796406748,1764.14990234375,541037,,
2022-06-24,1772.0983858451873,1798.7900858972425,1750.2152478513108,1767.8297119140625,440158,,
2022-06-27,1795.797061108025,1806.5914696720624,1775.1895538494084,1780.3414306640625,409729,,
2022-06-28,1780.0961140184804,1780.0961140184804,1755.3180396640334,1762.3834228515625,340584,,
2022-06-29,1746.7316044488118,1774.8461567590775,1735.0539927983873,1761.5003662109375,706137,,
2022-06-30,1766.161604780188,1792.8531861272054,1697.6661258894721,1703.946533203125,1031463,,
2022-07-01,1708.460493909556,1723.1310286384619,1649.7291217958134,1690.747802734375,894640,,
2022-07-04,1712.3857152610071,1741.5305703502152,1674.1146305073228,1709.000244140625,1172209,,
2022-07-05,1707.4789477334468,1732.0116912353642,1680.296715848837,1687.460205078125,647551,,
2022-07-06,1696.4885363065523,1715.1824172929712,1670.5328185991998,1710.717529296875,479374,,
2022-07-07,1726.025980621725,1744.7689754667852,1712.4348626727283,1728.184814453125,778495,,
2022-07-08,1749.2830056539437,1749.2830056539437,1715.3297070353753,1738.83203125,389560,,
2022-07-11,1739.8624175631123,1814.2457543964476,1731.030628641472,1800.1148681640625,843492,,
2022-07-12,1805.6100024118148,1808.5539317635732,1769.3015404067946,1777.1029052734375,633840,,
2022-07-13,1815.423293163296,1815.423293163296,1779.1148273000301,1782.0096435546875,658945,,
2022-07-14,1784.9535605999788,1795.5517552330941,1728.6264692467728,1740.1568603515625,539472,,
2022-07-15,1751.049329042637,1753.5515972993535,1707.9698024547345,1718.4207763671875,446939,,
2022-07-18,1740.8437098550176,1749.7736057166937,1712.9254919614207,1721.8062744140625,521648,,
2022-07-19,1721.8062312214852,1746.6334182319752,1712.3856806609954,1736.52587890625,485261,,
2022-07-20,1754.0914817789535,1754.4349162931485,1717.2923597835909,1724.5540771484375,918988,,
2022-07-21,1726.0258830893467,1855.8041080425292,1722.2968578216758,1831.2713623046875,1797049,,
2022-07-22,1859.6312694696721,1872.7807255601258,1776.2199326542302,1781.9605712890625,1901359,,
2022-07-25,1791.910123953649,1836.2399510992861,1765.3122276662666,1822.3006591796875,1382266,,
2022-07-26,1822.3006431560623,1832.299505908128,1784.8173840172556,1792.2056884765625,552167,,
2022-07-27,1790.925014576825,1821.4633399078932,1763.4404977283934,1808.5091552734375,524764,,
2022-07-28,1815.5527653199174,1886.3327012196555,1805.7016922579537,1874.26513671875,1437791,,
2022-07-29,1896.2820922474841,1913.5707720339806,1878.8950460419478,1890.8148193359375,1298537,,
2022-08-01,1899.8779582660893,1950.5124986968738,1890.5194387016345,1944.798828125,1046013,,
2022-08-02,1951.2019749302397,1967.998102443855,1893.3762247013337,1924.899658203125,1177624,,
2022-08-03,1861.852792461703,1977.701386608849,1847.0761829977214,1935.2432861328125,3046104,,
2022-08-04,1944.4538887445763,1987.7494238072206,1896.3807279023947,1982.47900390625,1967219,,
2022-08-05,1999.7677234178796,2029.320941005336,1981.149172287312,1994.940673828125,1501808,,
2022-08-08,1980.0656256981022,2005.8753882405888,1975.1400893157686,1979.86865234375,470749,,
2022-08-10,1980.2624658102086,2004.742476185148,1972.6771883927327,1988.192626953125,559881,,
2022-08-11,1998.782554462941,2007.0081757203898,1984.0059461253638,1992.2315673828125,334484,,
2022-08-12,1989.9167047554404,2043.5557480277334,1977.2581002632835,2023.21337890625,1050362,,
2022-08-16,2033.9016070563644,2066.755030361465,2024.39541820439,2064.390869140625,987500,,
2022-08-17,2073.5521778014554,2102.9577257487877,2069.2671055182564,2086.063232421875,1087467,,
2022-08-18,2083.4527097570367,2090.39776456873,2044.0977198304026,2072.912109375,682871,,
2022-08-19,2072.66570106782,2091.284132313743,1998.1423118625107,2010.8502197265625,775656,,
2022-08-22,1980.0656570581352,1993.6601857896258,1945.58690183573,1950.9556884765625,712230,,
2022-08-23,1920.9592802863936,1983.612081992955,1920.9592802863936,1957.605224609375,557854,,
2022-08-24,1958.3932258169186,1971.5936871037804,1948.5421532524472,1960.51123046875,370425,,
2022-08-25,1970.9533133356351,1977.0609301316995,1921.2547011053073,1928.8892822265625,466438,,
2022-08-26,1938.5432968162133,1960.8066968334247,1922.4368171717017,1931.499755859375,785075,,
2022-08-29,1866.7782794751147,1919.087451540807,1862.1483234000486,1914.3590087890625,511708,,
2022-08-30,1930.8103178941424,1965.2890735708233,1912.2902524582967,1949.57666015625,580249,,
2022-09-01,1942.5329418346273,2001.6393747506218,1936.7207852140853,1975.435546875,704161,,
2022-09-02,1986.7150958210066,1993.216779782148,1946.5719743856744,1953.270751953125,490402,,
2022-09-05,1959.7723444743917,2005.6783172731002,1945.5867763331892,1988.3404541015625,598653,,
2022-09-06,1998.290083065354,2003.9051463637097,1966.4710703684011,1972.874267578125,361207,,
2022-09-07,1964.3040311379664,1996.664783127054,1961.3487091252214,1988.7347412109375,398301,,
2022-09-08,1998.6842159191224,2025.3805995770847,1990.5077772654129,2004.1514892578125,573998,,
2022-09-09,2013.559387274193,2029.321104591408,2001.6887958187217,2014.2982177734375,508286,,
2022-09-12,2024.2967751578376,2152.459323529603,2014.5443096650058,2145.95751953125,2686496,,
2022-09-13,2166.9406287999,2260.8214090500705,2156.4000280656232,2222.894775390625,2920771,,
2022-09-14,2173.146780637985,2248.0149380851685,2167.2854400966826,2218.65869140625,1338233,,
2022-09-15,2227.5244473133307,2245.404288056875,2180.042326354051,2197.134033203125,596141,,
2022-09-16,2195.6069674008263,2215.11213799016,2063.454692703147,2076.6552734375,1321945,,
2022-09-19,2082.6152475986464,2100.3471773678825,2032.719423139621,2040.8465576171875,772954,,
2022-09-20,2053.948762847458,2178.5648388667405,2053.505512654262,2117.09423828125,1643440,,
2022-09-21,2123.004609587759,2154.380129407884,2096.308108433559,2109.114501953125,916266,,
2022-09-22,2089.4125171281707,2145.2680511682797,2089.4125171281707,2130.442138671875,748023,,
2022-09-23,2138.2741919185155,2183.933775035037,2113.055346591797,2131.476806640625,1254733,,
2022-09-26,2110.0999363024994,2118.1777684432354,1996.3200377763842,2056.263916015625,1457183,,
2022-09-27,2068.380252327975,2083.698717507778,1992.8718810639336,2024.0997314453125,1250578,,
2022-09-28,2014.5444500407912,2058.874279014794,1975.2386443000373,2045.6246337890625,684193,,
2022-09-29,2066.754938707382,2077.591118080967,1967.4560832557745,1980.361083984375,1649759,,
2022-09-30,1978.5880159928897,2021.2432102688344,1945.586921377126,2005.678466796875,1075507,,
2022-10-03,2005.6784336525845,2050.993368794048,2000.9006873674882,2020.307373046875,632316,,
2022-10-04,2044.6884471795831,2088.4271073775085,2041.141965323678,2076.06396484375,498955,,
2022-10-06,2086.4572567070513,2151.474338360812,2083.5019348136984,2143.494873046875,710290,,
2022-10-07,2144.5784612039656,2182.60369686495,2124.383762786565,2172.50634765625,847553,,
2022-10-10,2147.336879287923,2188.8590545946795,2137.682779922814,2173.786865234375,628087,,
2022-10-11,2167.235883539248,2208.6103867704514,2133.6929346044403,2145.760498046875,724712,,
2022-10-12,2145.76041331584,2201.0743258256794,2139.258850224769,2192.651611328125,776466,,
2022-10-13,2191.863634603387,2216.9345660533036,2171.2749892487677,2192.306884765625,780470,,
2022-10-14,2221.416754582746,2227.7213445136103,2183.5887339881792,2191.912841796875,496272,,
2022-10-17,2189.795131737729,2230.2831418666187,2172.7036627404877,2222.156005859375,602882,,
2022-10-18,2233.2873014129523,2240.9711855897735,2209.0042648959684,2216.343505859375,497592,,
2022-10-19,2223.3869766762864,2252.595309299599,2216.5405296563117,2227.376708984375,541361,,
2022-10-20,2216.44205504836,2222.4020021355245,2169.2062095312167,2214.127197265625,505002,,
2022-10-21,2217.476548528062,2251.01950043948,2200.532750945005,2208.561279296875,436187,,
2022-10-24,2211.566113832092,2227.6727160300466,2196.789502826532,2203.48828125,101979,,
2022-10-25,2202.6997107155735,2225.110899632738,2188.464959702093,2219.446533203125,297770,,
2022-10-27,2218.954102535387,2234.2232650611577,2194.8189746720723,2224.86474609375,401610,,
2022-10-28,2229.248704852573,2234.2235452389946,2187.135364218108,2217.1318359375,389540,,
2022-10-31,2217.131672798738,2291.7535515901077,2217.131672798738,2279.489013671875,1049252,,
2022-11-01,2290.916478032023,2303.181016610634,2274.1203493779503,2290.81787109375,526537,,
2022-11-02,2292.8371607033914,2315.494627812383,2276.09033718805,2308.598876953125,549490,,
2022-11-03,2299.1416987922116,2321.5038256174817,2246.0445145835415,2284.75927734375,640706,,
2022-11-04,2282.05063330792,2295.1033065737647,2251.1674196053277,2281.45947265625,335598,,
2022-11-07,2282.93680859126,2302.195703937377,2276.582914762207,2297.861328125,371078,,
2022-11-09,2297.861173049996,2307.613638222036,2253.9252953050236,2264.761474609375,459503,,
2022-11-10,2063.799644429541,2117.8819350912345,2043.1123926238033,2048.3828125,2828479,,
2022-11-11,2066.7549222897064,2103.1545855227077,2051.485760566403,2086.604736328125,1179149,,
2022-11-14,2088.4273846532333,2115.911780919195,2071.7298647495168,2109.656494140625,623260,,
2022-11-15,2111.085013000109,2168.221238270294,2107.144583671131,2154.626708984375,674094,,
2022-11-16,2158.369866268329,2172.309036888772,2117.9804712354667,2128.816650390625,398180,,
2022-11-17,2128.816744109371,2136.697602023705,2091.6782492890134,2115.419189453125,256267,,
2022-11-18,2115.4188696071865,2127.1417882851006,2056.903604642497,2071.827880859375,387533,,
2022-11-21,2068.725159756858,2108.129448514131,2058.8740875675394,2073.89697265625,312253,,
2022-11-22,2077.5419200445576,2125.8614795315134,2074.685205175706,2089.067626953125,443704,,
2022-11-23,2096.1113763635512,2113.0551739464686,2088.4274912664396,2097.29345703125,272242,,
2022-11-24,2107.193941638484,2112.0701749582677,2068.7254512184527,2073.109130859375,381951,,
2022-11-25,2083.5020877956786,2091.7768935027625,2068.725477243936,2077.148193359375,249776,,
2022-11-28,2077.147743992824,2112.0697446075305,2077.147743992824,2091.0869140625,242359,,
2022-11-29,2093.3530069404874,2143.7904524655937,2084.8319250200025,2136.59912109375,522688,,
2022-11-30,2141.5738786673105,2152.5579689134447,2130.2451451831757,2143.150146484375,291269,,
2022-12-01,2145.5143190883014,2156.3998024643593,2114.779020530088,2133.348388671875,265974,,
2022-12-02,2137.682985689153,2184.8204693865405,2121.5763840420927,2178.56494140625,452506,,
2022-12-05,2189.4501749746164,2227.228893853999,2164.2806365397705,2221.860107421875,659986,,
2022-12-06,2228.3124819057657,2229.6915357811095,2197.8234622281957,2205.605712890625,261371,,
2022-12-07,2214.5211611900804,2217.4271795595623,2163.394189658082,2179.746826171875,270482,,
2022-12-08,2183.5888450637567,2216.491331290815,2179.0572554734595,2206.147705078125,286192,,
2022-12-09,2210.5809296928473,2216.195993579089,2143.938512573116,2158.86279296875,298606,,
2022-12-12,2147.6323005576114,2183.8349901177567,2129.8510675162483,2157.384765625,244449,,
2022-12-13,2167.5808840542027,2192.8487894013524,2142.0664613841313,2188.5634765625,344551,,
2022-12-14,2191.863585704488,2211.56573029509,2183.7364510608645,2188.16943359375,232162,,
2022-12-15,2184.96766584471,2198.7591659898076,2137.6825224900904,2143.19921875,183116,,
2022-12-16,2136.6978362866585,2140.6382656758456,2071.680751365073,2076.951171875,343849,,
2022-12-19,2081.9750736861365,2086.2603868459732,2035.7243318616495,2059.21923828125,344559,,
2022-12-20,2060.844543040334,2070.79422331713,2030.404822617009,2056.165283203125,207544,,
2022-12-21,2066.4101616630223,2089.806459245694,2010.3083509288826,2018.6817626953125,301676,,
2022-12-22,2018.6818077099028,2037.8420963723424,1970.2145772114432,1982.429931640625,362995,,
2022-12-23,1953.467710680373,1975.6819276546585,1849.4404073239614,1860.1781005859375,697734,,
2022-12-26,1865.793173371369,1935.7357896909925,1852.050975026412,1922.2398681640625,350046,,
2022-12-27,1945.3898812503,1970.1652328424768,1933.026736934034,1955.6842041015625,325658,,
2022-12-28,1962.7769053380737,1975.1400495095097,1937.7059737582074,1962.4814453125,214525,,
2022-12-29,1960.3633393125394,1964.4515582666,1933.0759178160113,1946.818115234375,239854,,
2022-12-30,1956.4723509638166,1983.0702473799681,1951.0542609531192,1955.7335205078125,239487,,
2023-01-02,1965.535253260225,1979.3267548493209,1951.1527113677812,1959.526123046875,186831,,
2023-01-03,1969.2294792468556,1989.818245726671,1963.4173221660913,1969.18017578125,216858,,
2023-01-04,1974.1548857710338,1978.2922880294952,1920.9590954358862,1930.7608642578125,258255,,
2023-01-05,1939.626876688135,1944.207649462681,1893.031375796795,1914.7037353515625,312180,,
2023-01-06,1920.9592398440316,1939.4793052316754,1901.2570937943492,1907.7095947265625,183624,,
2023-01-09,1920.9591165581367,1943.61658306113,1896.331435576622,1905.7392578125,185438,,
2023-01-10,1914.0635121140067,1923.9145852592153,1882.5893815160089,1900.912353515625,189214,,
2023-01-11,1911.6005707330698,1925.884625500207,1892.2924931672712,1900.2225341796875,173004,,
2023-01-12,1909.1378919240854,1925.8847155374544,1901.355520429755,1912.88134765625,205945,,
2023-01-13,1921.2547338756738,1924.9980693056323,1893.2776636907615,1915.2454833984375,140899,,
2023-01-16,1915.2454943658156,1932.7804517641064,1896.282179535816,1902.98095703125,165608,,
2023-01-17,1904.2122579115414,1917.609692064692,1892.3909712612885,1912.4871826171875,140792,,
2023-01-18,1913.0783550027957,1924.8503390039566,1899.5824332460968,1904.1630859375,149969,,
2023-01-19,1904.0152925084767,1906.1824803024556,1888.4505502531304,1896.774658203125,114276,,
2023-01-20,1905.1975170101682,1905.1975170101682,1854.9570447415445,1859.4393310546875,233415,,
2023-01-23,1859.4392697483345,1871.7038071203667,1832.2995164441484,1857.71533203125,275313,,
2023-01-24,1859.8824938330106,1870.2261199904506,1848.0612067959364,1856.631591796875,136001,,
2023-01-25,1856.6810388128172,1861.6065754590907,1803.2882696681556,1809.937744140625,307378,,
2023-01-27,1809.937631113406,1830.8218570884812,1773.1930819258898,1796.6878662109375,261949,,
2023-01-30,1787.9204135802809,1839.343085858286,1784.2755647373833,1812.0555419921875,179924,,
2023-01-31,1822.399079376032,1859.8824577294097,1813.2376542515492,1852.0509033203125,201036,,
2023-02-01,1852.0509703405608,1876.9249288983387,1794.865445238471,1818.852783203125,349636,,
2023-02-02,1825.1575311107554,1841.1655245694246,1788.3144944231005,1820.478271484375,275399,,
2023-02-03,1824.4186974241022,1830.3293411522582,1773.1931184467517,1796.835693359375,326125,,
2023-02-06,1799.8402078211045,1820.1825758638952,1773.291495892756,1789.0040283203125,387748,,
2023-02-07,1787.9697210607394,1787.9697210607394,1704.2356018926057,1748.5654296875,1074721,,
2023-02-08,1750.5356965990322,1807.6226173320306,1716.204730764036,1786.6890869140625,1499430,,
2023-02-09,1792.895163114143,1799.347663587828,1777.1334473944582,1779.6947021484375,279792,,
2023-02-10,1779.6948459747548,1792.8953080072577,1751.5701043659456,1759.1060791015625,485228,,
2023-02-13,1759.4016211862336,1773.1931232560025,1723.9377587211136,1736.3009033203125,306424,,
2023-02-14,1733.7889161630358,1756.9389386231671,1709.161232694811,1731.2276611328125,298493,,
2023-02-15,1722.9526307835138,1782.059067517082,1722.9526307835138,1771.173583984375,446448,,
2023-02-16,1780.9754535441862,1810.62715825513,1769.1541663303333,1797.6729736328125,452510,,
2023-02-17,1792.8951999727205,1802.5984823616634,1759.7956203313865,1777.3797607421875,237877,,
2023-02-20,1777.3798228215435,1800.6776342128649,1757.4314002569674,1785.014404296875,267871,,
2023-02-21,1785.0142565323413,1820.8228794051345,1774.1780772708316,1777.5274658203125,424165,,
2023-02-22,1775.163193690431,1787.2307570215673,1744.6248701585755,1768.710693359375,349522,,
2023-02-23,1773.193053050502,1777.5767322196034,1730.8334412276288,1766.5435791015625,350401,,
2023-02-24,1767.380972619365,1792.796788912761,1764.3271640575645,1785.063720703125,246159,,
2023-02-27,1783.0440190070112,1787.969554971119,1738.7141953300413,1781.8619384765625,318185,,
2023-02-28,1782.059117881796,1790.8757801761226,1751.2745145463587,1772.3558349609375,313914,,
2023-03-01,1773.1931808081065,1825.4038689096785,1772.3558636343078,1818.2618408203125,432440,,
2023-03-02,1827.3247165015775,1837.1266061724893,1794.9147829153683,1801.76123046875,266524,,
2023-03-03,1810.7257566394412,1820.1827629434783,1792.6490612102004,1797.13134765625,193427,,
2023-03-06,1802.5985608756869,1821.4633896376567,1799.8403325993092,1804.2733154296875,146927,,
2023-03-08,1804.2239602390923,1804.2239602390923,1766.2973304442767,1792.7474365234375,224564,,
2023-03-09,1799.7909142196768,1817.178080928043,1777.1334478666101,1782.157470703125,202958,,
2023-03-10,1777.133437936524,1791.6637695382776,1753.4908644828229,1788.0189208984375,211696,,
2023-03-13,1788.0189679364296,1794.0772813414408,1763.3419831440049,1781.812744140625,266217,,
2023-03-14,1781.812771660357,1807.671837455013,1754.476044963149,1804.076171875,298000,,
2023-03-15,1817.523031528251,1822.4485681990593,1771.4199601885416,1786.3443603515625,218979,,
2023-03-16,1779.645543620645,1801.1701128984005,1749.008612063717,1783.2410888671875,340071,,
2023-03-17,1807.7703330026511,1807.7703330026511,1771.0750870758739,1777.0350341796875,182866,,
2023-03-20,1764.3764056327725,1778.512670759367,1743.6891531785316,1775.4588623046875,261749,,
2023-03-21,1775.4589577860402,1800.7268641549929,1763.3420897388469,1768.9571533203125,214379,,
2023-03-22,1769.2526131110296,1791.9100797600017,1769.2526131110296,1777.822998046875,157465,,
2023-03-23,1769.2526397544216,1786.9845704423835,1766.6913849277419,1783.3397216796875,208886,,
2023-03-24,1783.0935019627473,1797.2789507654818,1750.5356578616215,1753.540283203125,368678,,
2023-03-27,1753.5895029673998,1777.6261454433732,1735.7590846612488,1766.0018310546875,319068,,
2023-03-28,1771.1736450467863,1780.1874010098813,1757.9733032564147,1771.419921875,272018,,
2023-03-29,1779.0052595761672,1791.9101408833503,1761.5196053701864,1775.114013671875,375933,,
2023-03-31,1773.6854594619697,1827.3738002232456,1773.6854594619697,1815.158447265625,537251,,
2023-04-03,1822.4482544269856,1830.476901868578,1772.7988292829393,1777.2318115234375,325047,,
2023-04-05,1777.1335451922412,1784.1770863425593,1757.0866359585314,1779.103759765625,542930,,
2023-04-06,1778.2170912902682,1791.9101062571622,1769.0063624581082,1780.3843994140625,276973,,
2023-04-10,1783.044227875564,1799.7910521152792,1774.178262101597,1795.505859375,383070,,
2023-04-11,1795.8998064055165,1812.1047724424834,1787.9696450030483,1807.3270263671875,271544,,
2023-04-12,1812.4496099303033,1825.3544912825275,1807.918140480591,1818.9512939453125,332113,,
2023-04-13,1822.4483922571314,1870.7186469709688,1821.4632850180735,1843.7266845703125,876901,,
2023-04-17,1848.6030097553135,1854.4643496386243,1814.5675070567577,1825.4036865234375,317549,,
2023-04-18,1837.963867677414,1849.0463243363292,1828.1620985555808,1840.919189453125,254568,,
2023-04-19,1840.8698078581363,1847.0760314246616,1810.6763678663244,1820.92138671875,167719,,
2023-04-20,1820.9215202683981,1834.9592991367813,1807.671875332164,1810.1346435546875,128975,,
2023-04-21,1810.134568578033,1816.5377656913702,1785.7531641849412,1804.4208984375,233003,,
2023-04-24,1808.9526370424803,1819.4932373659087,1802.0075822694037,1812.4005126953125,188861,,
2023-04-25,1815.0600848765835,1841.1161232044014,1812.0554597016285,1826.9798583984375,268315,,
2023-04-26,1826.3395041870424,1843.4803940698218,1822.9902358009979,1830.3785400390625,175226,,
2023-04-27,1830.4278456955467,1842.3969234123513,1830.4278456955467,1833.333984375,129999,,
2023-04-28,1837.175724131832,1865.7438344805012,1837.175724131832,1860.0794677734375,238650,,
2023-05-02,1871.4575188066538,1883.0325291216839,1854.6122086965272,1867.0245361328125,384075,,
2023-05-03,1865.5468715901818,1929.6281468842265,1857.1241564254283,1923.1263427734375,812215,,
2023-05-04,1928.7415497616003,1928.7415497616003,1893.3268712210397,1906.970703125,322921,,
2023-05-05,1907.0198569623713,1918.9396307062837,1882.5399657078492,1886.184814453125,191545,,
2023-05-08,1891.3566916435948,1912.093248180497,1888.4506732416346,1907.6109619140625,199584,,
2023-05-09,1908.5959751465148,1939.676156687521,1906.280997181639,1919.53076171875,433066,,
2023-05-10,1934.2583134396323,1940.6615113196208,1916.6741710042902,1929.382080078125,309010,,
2023-05-11,1935.686469286104,1939.6762018041634,1893.4746470961943,1898.055419921875,356881,,
2023-05-12,1859.882574104603,1924.7026822564367,1835.895235507062,1904.7049560546875,992774,,
2023-05-15,1914.9991692003227,1914.9991692003227,1880.5697192973632,1903.2764892578125,242187,,
2023-05-16,1901.257005976839,1929.6773262903232,1894.8045053426613,1900.4688720703125,196317,,
2023-05-17,1900.2718352193729,1949.9704465724608,1900.222531757231,1943.51806640625,388694,,
2023-05-18,1955.3886825186498,1976.273029381837,1931.253553724383,1937.2135009765625,618375,,
2023-05-19,1942.6316123437732,1955.142427060663,1905.1975346211245,1912.1917724609375,220849,,
2023-05-22,1912.0438240219405,1925.8846286613407,1890.2729783571078,1915.9842529296875,179201,,
2023-05-23,1919.4814585275192,1938.691049721405,1906.7735510718635,1921.0084228515625,187633,,
2023-05-24,1918.989058667615,2127.831810432263,1904.0154755099609,2103.302734375,3981657,,
2023-05-25,2096.2097236781233,2096.2097236781233,2026.4150159021406,2047.98876953125,1158889,,
2023-05-26,2049.1706307812333,2057.3470685819325,2027.3506026638636,2043.6541748046875,365356,,
2023-05-29,2044.2945088468393,2065.5236180995835,2034.2464630383404,2051.48583984375,474055,,
2023-05-30,2048.5306388829217,2058.381711923955,2037.2019048857333,2042.12744140625,180598,,
2023-05-31,2044.0976079799536,2062.8146463180833,2037.2018570132743,2042.91552734375,281283,,
2023-06-01,2050.9439333323544,2062.174299969203,2039.1226466649516,2044.8856201171875,205129,,
2023-06-02,2053.899340362831,2061.8295019327434,2039.1720348785377,2055.573974609375,174525,,
2023-06-05,2063.7995038687923,2093.3527187213285,2063.7995038687923,2080.300048828125,638001,,
2023-06-06,2088.4273349473765,2104.189050682828,2080.5464770796502,2098.623291015625,494351,,
2023-06-07,2103.20395203803,2116.946149900056,2088.427343475702,2094.73193359375,335351,,
2023-06-08,2098.2785857282192,2103.2041223144356,2039.1721466936215,2055.032470703125,550208,,
2023-06-09,2053.012893950959,2066.75509253297,1981.3463386688936,1989.8182373046875,569619,,
2023-06-12,1995.8273798911043,2014.3966283534403,1972.283291487525,1997.748291015625,280214,,
2023-06-13,2014.6428628119852,2042.4722635659587,1999.0782400279772,2038.4332275390625,503123,,
2023-06-14,2038.4331996713697,2108.6713954763422,2030.6016450479476,2083.10791015625,805221,,
2023-06-15,2095.323134630488,2147.3368458759933,2081.0883828746296,2104.73095703125,788922,,
2023-06-16,2120.9360620438374,2145.563745068034,2113.3014803063365,2130.8857421875,644214,,
2023-06-19,2146.9919424875566,2181.0274459900115,2128.96443175716,2142.06640625,466638,,
2023-06-20,2146.3022961884294,2218.9046481926384,2143.691858329535,2210.48193359375,1163364,,
2023-06-21,2215.4571061347942,2230.283019715739,2208.70926515271,2226.5888671875,494853,,
2023-06-22,2224.2734655428817,2244.074216597084,2195.4590797503156,2234.22314453125,658243,,
2023-06-23,2234.2233066048443,2248.113415427154,2163.344886050487,2178.76171875,760629,,
2023-06-26,2151.523350182722,2208.6102622501157,2143.2483057002087,2199.3994140625,426322,,
2023-06-27,2198.8582129906517,2212.452502022151,2157.3850973376593,2166.595947265625,304339,,
2023-06-28,2172.40769623846,2182.8989919263645,2140.145434793359,2144.775390625,263598,,
2023-06-30,2147.681543524612,2170.14203764338,2133.299121517776,2141.376953125,247752,,
2023-07-03,2141.9681867562304,2155.41480540525,2123.6943979604666,2132.806640625,209854,,
2023-07-04,2138.6680039311686,2151.7206759956957,2123.8913940467983,2138.815673828125,291049,,
2023-07-05,2142.6084066033964,2169.8958310831035,2090.8409691842885,2099.31298828125,485956,,
2023-07-06,2100.3475085056184,2111.87321657181,2085.5215945657483,2103.69677734375,333960,,
2023-07-07,2103.2039301862137,2106.8980822884146,2024.3953520059342,2031.635986328125,568498,,
2023-07-10,2040.157177671181,2051.3382415053998,1946.5719860348881,1957.2603759765625,804326,,
2023-07-11,1962.2844292517775,1963.3188400130377,1898.3017585073376,1903.7198486328125,1091064,,
2023-07-12,1911.108068556588,1922.0920384649994,1882.5892617169543,1907.3154296875,638838,,
2023-07-13,1918.939707353328,1923.9145472944324,1871.90083401318,1896.8240966796875,521291,,
2023-07-14,1905.1480382218242,1917.0186281879548,1887.7609921896212,1914.8514404296875,304419,,
2023-07-17,1920.9590898353115,1971.2488618009133,1914.8514731377995,1958.294677734375,543917,,
2023-07-18,1970.1651079081644,1977.1101618091793,1926.032377244897,1946.818115234375,472683,,
2023-07-19,1948.7885993948655,1966.8652950708665,1947.1139650143382,1962.6785888671875,339551,,
2023-07-20,1962.3337641853632,1973.1699446100815,1948.7392351879555,1961.4471435546875,327154,,
2023-07-21,1950.5124029675794,1964.9442485854618,1926.5742481029454,1949.8228759765625,337174,,
2023-07-24,1952.4825932773165,1970.2145239932559,1931.8938274511167,1960.06787109375,382462,,
2023-07-25,1952.4825121515544,1989.522519613143,1952.4825121515544,1977.947509765625,466524,,
2023-07-26,1989.7689189362995,1989.7689189362995,1967.7517952402773,1975.9774169921875,288795,,
2023-07-27,1992.4409041351132,1992.4409041351132,1949.2795671082774,1955.4595947265625,330626,,
2023-07-28,1957.832922874957,2000.9447752177311,1948.2415674433528,1990.61181640625,330636,,
2023-07-31,2002.3290390266818,2006.2842568815493,1973.6537095788924,1988.1890869140625,192022,,
2023-08-01,1988.1892049957264,2025.9614894715983,1984.975590297785,2022.79736328125,462091,,
2023-08-02,2017.1611411840336,2021.9074509741706,1969.8468709102306,1990.6611328125,352652,,
2023-08-03,1990.4633413072643,2009.2011371975673,1968.7096435880592,2003.268310546875,346006,,
2023-08-04,1923.1751970566313,2027.0491544477254,1916.5502554186846,2018.4959716796875,1541713,,
2023-08-07,2013.205923119351,2060.9652278284548,2000.4009533731205,2023.8355712890625,481482,,
2023-08-08,2027.0492402108296,2080.4446836115053,2008.954069443575,2068.529541015625,508825,,
2023-08-09,2050.7806210648287,2100.220848187896,2031.1035072327916,2042.3262939453125,529721,,
2023-08-10,2042.3260543749348,2051.7691849292078,2013.255300799593,2042.91943359375,237054,,
2023-08-11,2049.791837841828,2075.995158489589,2036.9868671652437,2060.322509765625,258420,,
2023-08-14,2060.2237389169077,2060.2237389169077,2022.2041320919107,2031.0045166015625,191970,,
2023-08-16,2022.1545387601013,2025.7635783504402,2005.2953750229442,2020.12744140625,150722,,
2023-08-17,2020.127629281879,2031.399904218602,1972.6650124411888,1976.867431640625,264944,,
2023-08-18,1975.8784593575208,1982.7506018892832,1940.0342986410387,1972.6153564453125,394479,,
2023-08-21,1972.6154515393382,1991.8971389232354,1962.7768952326132,1983.739501953125,471940,,
2023-08-22,1992.3914676094403,1992.3914676094403,1953.8775827690179,1965.792724609375,242286,,
2023-08-23,1965.7926754434739,1981.7124024645873,1962.7767736810372,1971.3299560546875,274244,,
2023-08-24,1973.7032563156088,2020.7703260364633,1973.7032563156088,2005.1966552734375,558028,,
2023-08-25,2002.2795961235076,2002.2795961235076,1970.2917951344855,1995.90185546875,474946,,
2023-08-28,1992.5893680652912,2028.9773004350013,1983.7889840699909,2015.7274169921875,397176,,
2023-08-29,2026.0605024851113,2159.944540639827,2018.7433247482847,2145.903564453125,2995207,,
2023-08-30,2155.5442978782444,2206.962131314931,2143.728132514167,2193.267333984375,1442442,,
2023-08-31,2180.31368606155,2207.357582766784,2170.425642133833,2195.145751953125,586343,,
2023-09-01,2208.0498049140515,2208.0498049140515,2179.2754991224806,2201.128173828125,325696,,
2023-09-04,2213.883566965852,2239.54299290921,2193.8107893293227,2217.443359375,434531,,
2023-09-05,2219.866029846618,2290.071147048894,2217.7401968041336,2255.364013671875,976414,,
2023-09-06,2249.5795847652557,2287.005687896026,2233.3138000429826,2266.290283203125,421114,,
2023-09-07,2266.2406458775463,2328.634298375721,2262.582117978972,2313.4560546875,751841,,
2023-09-08,2320.081364510966,2346.1362163253907,2278.6998026663728,2293.28466796875,530366,,
2023-09-11,2298.920789450786,2325.915198415316,2286.2147974901513,2316.571044921875,329330,,
2023-09-12,2316.5711025922756,2323.640957812815,2214.921957340025,2222.239013671875,507216,,
2023-09-13,2222.238918383882,2258.824681289031,2202.6607843334727,2254.07861328125,267457,,
2023-09-14,2259.3686750500556,2279.9853443526395,2227.7764212196857,2242.16357421875,278618,,
2023-09-15,2242.1635288236025,2257.539485959308,2207.01148312939,2217.146728515625,496926,,
2023-09-18,2206.0226826890566,2250.6178590320324,2206.0226826890566,2223.227783203125,327785,,
2023-09-20,2223.7223745103593,2237.318436575039,2185.356952501,2188.91650390625,241660,,
2023-09-21,2188.9164678417983,2207.258839551956,2146.5955870671837,2156.1376953125,294980,,
2023-09-22,2156.0882026384347,2165.481845346559,2099.2319441418927,2104.47265625,264047,,
2023-09-25,2102.940057832813,2132.8513952017765,2097.2049432128297,2114.1630859375,219732,,
2023-09-26,2123.9519072917674,2129.8847338484484,2076.4892948383203,2084.44921875,263970,,
2023-09-27,2091.2227171658774,2125.8308775897785,2076.4896254340783,2117.772216796875,249896,,
2023-09-28,2117.771999564593,2132.3568656757534,2058.888644373321,2076.934326171875,230858,,
2023-09-29,2077.4782500167235,2116.0416254335023,2067.9856302742696,2096.71044921875,155386,,
2023-10-03,2067.590310606312,2107.142492540436,2067.590310606312,2095.771240234375,160340,,
2023-10-04,2095.771091761346,2097.600476609142,2042.8700521721823,2066.799072265625,188937,,
2023-10-05,2066.848477747612,2095.276605356866,2066.848477747612,2080.246826171875,131245,,
2023-10-06,2080.2469542433873,2105.5109574860353,2076.6871614823954,2084.894287109375,155897,,
2023-10-09,2046.8251581612851,2069.9630851253937,2041.1395327219482,2045.786865234375,422727,,
2023-10-10,2040.892525644517,2070.507172684293,2036.9373075715625,2042.375732421875,518036,,
2023-10-11,2061.6572154534942,2101.209392248765,2061.6572154534942,2070.259765625,677149,,
2023-10-12,2075.4509538329703,2088.3054110746807,2054.6365728639666,2064.326904296875,194627,,
2023-10-13,2056.663798880543,2070.0126591592452,2039.557433353034,2060.02587890625,222918,,
2023-10-16,2057.7019785670655,2097.25415499315,2052.461266909144,2087.465087890625,282380,,
2023-10-17,2106.5490029516513,2143.5799244744603,2089.5416138919404,2101.60498046875,478314,,
2023-10-18,2100.220761738194,2108.9717781417094,2064.871000800275,2082.02685546875,205438,,
2023-10-19,2056.7133990877205,2092.211384749418,2049.791767456175,2069.2216796875,137807,,
2023-10-20,2069.221646011478,2071.199255016877,2051.7693431017688,2061.261962890625,130738,,
2023-10-23,2051.7693862302463,2066.8486552133845,1983.0969603557219,1996.544677734375,364127,,
2023-10-25,1999.362658827718,2007.273094668777,1938.5016947940996,1956.8935546875,332507,,
2023-10-26,1956.8440305739182,1956.8440305739182,1900.3338314219163,1928.168701171875,266494,,
2023-10-27,1938.1062494809748,1981.564157650984,1935.238692377572,1965.7432861328125,138814,,
2023-10-30,1960.799330797526,1975.5819098460727,1947.9448722496854,1968.6602783203125,145786,,
2023-10-31,1968.6601324747594,1991.3532665752307,1960.7991855343407,1964.5072021484375,103168,,
2023-11-01,1965.7432371348339,1971.626575302538,1933.1621789456808,1938.106201171875,106262,,
2023-11-02,1945.9672068240739,1985.024983587057,1943.9895978740494,1977.9056396484375,143969,,
2023-11-03,1991.4026834441227,2008.162991375025,1969.4512728292382,1999.06591796875,154883,,
2023-11-06,1999.065968820191,2120.8373853696326,1995.704130151321,2114.41015625,666246,,
2023-11-07,2114.4102385357824,2114.4102385357824,2067.5902480254454,2076.143310546875,225300,,
2023-11-08,2157.5711949869824,2185.2577181123884,2092.507817360814,2117.326904296875,1168842,,
2023-11-09,2120.9361611176864,2125.039844631531,2043.8588987286676,2053.153564453125,478796,,
2023-11-10,2056.565254661339,2093.2992473949084,2032.0428533636202,2088.355224609375,279373,,
2023-11-13,2095.276589880043,2104.126341258523,2071.545283529349,2089.68994140625,144923,,
2023-11-15,2101.2095649307375,2112.08641444332,2088.454083428921,2095.8701171875,131703,,
2023-11-16,2095.869933897936,2141.7503621757032,2091.815739234857,2125.286865234375,238362,,
2023-11-17,2116.3875034288253,2148.0292428731727,2114.1626936241446,2123.852783203125,176457,,
2023-11-20,2123.853173056404,2130.873781847243,2084.7953937603643,2094.238525390625,152898,,
2023-11-21,2094.287985055851,2139.921217345755,2091.3215714792846,2101.30859375,167899,,
2023-11-22,2101.3084968020657,2127.907240748484,2096.3149858970933,2109.515380859375,129670,,
2023-11-23,2110.0591254172564,2200.0403268543023,2110.0591254172564,2181.500244140625,1155315,,
2023-11-24,2198.606750079158,2214.724311302515,2165.4818001679137,2170.62353515625,483262,,
2023-11-28,2170.425672447451,2196.6289892218733,2143.7279534697373,2153.4677734375,236310,,
2023-11-29,2165.4820444081747,2184.2693315514416,2150.6994641216565,2179.572509765625,248651,,
2023-11-30,2180.115977686685,2185.208223756392,2154.703753024701,2171.513427734375,233380,,
2023-12-01,2184.268909955418,2204.044997868097,2167.6074593260564,2189.41064453125,293066,,
2023-12-04,2208.0003280465194,2209.9779369386347,2179.918378341419,2185.60400390625,182278,,
2023-12-05,2196.381948288056,2228.7652949651224,2176.1609449803336,2210.472412109375,563712,,
2023-12-06,2221.7942649531915,2299.909821928442,2211.164616377446,2227.9248046875,735572,,
2023-12-07,2244.53658466203,2245.9210557189544,2214.921940039839,2234.5498046875,170605,,
2023-12-08,2244.5862663638413,2250.4696049920026,2157.6704453878483,2190.44921875,306753,,
2023-12-11,2190.449282793299,2218.4324998832803,2186.2468634492648,2198.2607421875,145160,,
2023-12-12,2205.0340096680634,2218.92676101493,2173.392266031571,2202.2158203125,271031,,
2023-12-13,2202.2157346366007,2224.810012885955,2177.5451118862884,2220.55810546875,202467,,
2023-12-14,2230.5948247442634,2252.991151078812,2216.8997852616617,2244.339111328125,284494,,
2023-12-15,2249.530180029026,2383.0187841186603,2238.801554915181,2280.529296875,1965334,,
2023-12-18,2280.183239696281,2316.769007202249,2259.4183446253264,2286.01708984375,249742,,
2023-12-19,2286.0170662628525,2300.7009099030734,2241.2736618691215,2262.532958984375,343965,,
2023-12-20,2288.4396339343393,2367.148321883063,2171.4145328354,2192.673828125,1628301,,
2023-12-21,2190.2019569933354,2264.3622941375793,2155.000420399262,2259.12158203125,557361,,
2023-12-22,2269.3060647982034,2373.081036778426,2262.631635195856,2352.810546875,1244623,,
2023-12-26,2360.820295611615,2459.898460889014,2352.810882383734,2444.72021484375,1731032,,
2023-12-27,2456.0914155231026,2467.067242101001,2404.822046739081,2437.2548828125,767732,,
2023-12-28,2428.553148630144,2449.6639781927997,2398.394613762924,2405.711669921875,409432,,
2023-12-29,2417.6269569157516,2473.9888123530513,2405.3658779098732,2453.421630859375,682479,,
2024-01-01,2460.145363696419,2492.924133213286,2432.4588403107678,2446.203125,499429,,
2024-01-02,2446.3021130001243,2466.0782012216287,2397.7024727587072,2451.44384765625,361687,,
2024-01-03,2451.4440875741393,2472.011269618838,2407.788465115611,2452.28466796875,401471,,
2024-01-04,2450.257497973839,2490.798481596489,2445.5111881950843,2459.15673828125,301557,,
2024-01-05,2447.389885681157,2480.910258534051,2388.556023432143,2420.543701171875,292318,,
2024-01-08,2424.498923406538,2432.4093586819326,2374.1193870278335,2403.8330078125,252063,,
2024-01-09,2414.6111714789226,2431.5198254889474,2387.9629377019805,2412.13916015625,265428,,
2024-01-10,2410.705130379836,2422.570783195488,2368.1865411237522,2402.30029296875,225912,,
2024-01-11,2402.795111614338,2452.5815184117628,2402.795111614338,2442.940673828125,234273,,
2024-01-12,2457.8216704423357,2470.033501892529,2395.9721455764593,2406.255615234375,247469,,
2024-01-15,2406.255707406507,2424.944015556938,2384.996411039447,2400.916259765625,159205,,
2024-01-16,2402.7949307091467,2428.7015602814135,2346.433074309796,2376.294921875,191471,,
2024-01-17,2354.3435244860852,2393.2530782890617,2291.0600362176647,2299.316650390625,367496,,
2024-01-18,2299.365606505735,2320.624900655548,2235.686701057128,2267.3779296875,293820,,
2024-01-19,2274.2505031832966,2380.497505583148,2273.4594112485424,2330.315673828125,457836,,
2024-01-23,2292.988027135603,2313.9506331583866,2213.9826482782723,2221.398681640625,235127,,
2024-01-24,2219.618837109676,2266.3398483819474,2202.1170462478804,2258.57763671875,135521,,
2024-01-25,2258.5774705817494,2269.2566063684844,2206.9124407530126,2211.362060546875,125374,,
2024-01-29,2211.3622264184974,2224.8100638115843,2198.112343045845,2215.02099609375,134590,,
2024-01-30,2224.8099367710447,2239.988181124836,2189.707379990879,2193.66259765625,164594,,
2024-01-31,2183.329618043813,2294.0262230695166,2183.329618043813,2280.083984375,393059,,
2024-02-01,2323.690232465702,2331.5511788004533,2213.9329491449816,2225.30419921875,406784,,
2024-02-02,2244.5861169839595,2254.474161552171,2220.2614307832246,2224.958251953125,144886,,
2024-02-05,2224.957968123387,2242.6082219890013,2179.6709229039525,2187.28466796875,186156,,
2024-02-06,2197.123442821642,2241.322952548334,2187.284887027467,2223.227783203125,176374,,
2024-02-07,2229.753841832296,2243.3499018434686,2196.678384122943,2205.2314453125,206048,,
2024-02-08,2210.96669696331,2222.189723763511,2170.969606205346,2178.484375,137498,,
2024-02-09,2175.369806686774,2197.5189299737403,2153.6161086199063,2190.35009765625,145845,,
2024-02-12,2191.1906700710174,2225.798825961128,2164.492949812932,2173.293212890625,154953,,
2024-02-13,2164.591784388632,2213.2409120429515,2138.783893274403,2205.775390625,180054,,
2024-02-14,2158.560049019608,2245.129924278475,2158.560049019608,2231.484375,413434,,
2024-02-15,2244.635519491492,2307.869513801106,2237.664400056514,2257.143798828125,420659,,
2024-02-16,2263.373504543611,2297.240058729115,2247.6021210219046,2286.313720703125,205382,,
2024-02-19,2269.553481063587,2288.9341454203795,2250.0740811032724,2256.056396484375,299424,,
2024-02-20,2256.056458878138,2341.5385601943844,2251.2111719512664,2330.216796875,798999,,
2024-02-21,2345.3945950838274,2351.3769101046255,2286.1653069052672,2300.70068359375,748700,,
2024-02-22,2307.8695113455115,2326.0141689766474,2294.02624949511,2315.384521484375,228509,,
2024-02-23,2317.312604382026,2335.555997315835,2274.2501243972993,2279.738037109375,188350,,
2024-02-26,2281.1719331012005,2288.6869437046967,2249.9751035066224,2258.083251953125,129553,,
2024-02-27,2258.4295903904977,2278.8977962776257,2230.792551521613,2237.763671875,145591,,
2024-02-28,2239.5928416656134,2249.2831746427664,2156.3850344386087,2166.02587890625,319676,,
2024-02-29,2166.0257828657536,2198.7550675320763,2144.7169972442125,2188.076171875,214547,,
2024-03-01,2181.4507925101193,2209.7801842198455,2181.4507925101193,2196.3818359375,184530,,
2024-03-04,2193.5144799111504,2212.993879576111,2159.6479270093646,2163.009765625,99205,,
2024-03-05,2151.687859592937,2202.0673954140066,2151.687859592937,2176.75390625,215185,,
2024-03-06,2175.3698236150785,2177.100231429318,2110.94930926505,2165.036865234375,222308,,
2024-03-07,2175.369735726536,2224.809956993048,2172.403322450545,2181.35205078125,244118,,
2024-03-11,2181.3521001078966,2190.3500757374736,2133.3950843949337,2141.20654296875,126299,,
2024-03-12,2150.105925020197,2150.6498157838196,2097.7487743381025,2105.510986328125,183290,,
2024-03-13,2101.308387532413,2121.924815021887,2031.2020087085607,2042.078857421875,396878,,
2024-03-14,2028.0379995865096,2085.3886597405894,2012.315984127674,2076.093994140625,138189,,
2024-03-15,2084.3997147533696,2099.7756717466073,2056.713191027993,2075.154296875,234166,,
2024-03-18,2082.867285320936,2097.155462713254,2077.4783488327084,2085.635986328125,102446,,
2024-03-19,2085.833643633294,2115.0528654415516,2073.226386020213,2092.013671875,201055,,
2024-03-20,2092.0135113260803,2106.1534631394225,2036.096571804926,2076.538818359375,165795,,
2024-03-21,2086.9214282184803,2130.873740856296,2086.427025958421,2125.781494140625,198270,,
2024-03-22,2135.8175613161666,2158.8567527359046,2124.1001322987913,2136.95458984375,225223,,
2024-03-26,2130.0825863987684,2147.3866649926335,2110.6526747120242,2115.102294921875,138132,,
2024-03-27,2124.841751237005,2156.335269016574,2106.1534440010555,2132.40625,273112,,
2024-03-28,2132.406283860458,2144.6673624713794,2093.2990196010865,2101.703857421875,214589,,
2024-04-01,2108.0816948823253,2131.6647786515573,2096.2655294482724,2118.31591796875,273839,,
2024-04-02,2133.7904227588424,2189.262446579291,2116.5358341304377,2178.28662109375,359037,,
2024-04-03,2175.36986140246,2182.9836076358997,2153.6161627884353,2159.153564453125,412580,,
2024-04-04,2165.4322500372264,2205.775519749047,2139.4266448043304,2189.657958984375,662523,,
2024-04-05,2192.129950189836,2197.8650642107796,2162.7130181640705,2195.046875,314918,,
2024-04-08,2200.08994305045,2232.671002015504,2172.4529064293292,2182.09375,364870,,
2024-04-09,2188.174632258523,2209.4834151998925,2160.587086268721,2167.459228515625,232323,,
2024-04-10,2170.425780976822,2281.171880051721,2165.9266724204367,2271.3828125,803752,,
2024-04-12,2272.2728311323935,2320.2298512846655,2268.8615037535487,2290.763427734375,830564,,
2024-04-15,2264.31260235901,2293.3835967541945,2222.387392086788,2273.162353515625,434128,,
2024-04-16,2262.3354059984367,2328.486577697172,2244.8336130942403,2295.9052734375,405585,,
2024-04-18,2296.646506723723,2338.522470786791,2268.0206668321334,2279.44140625,461042,,
2024-04-19,2265.351282542858,2271.2841099960474,2220.459651376671,2246.415771484375,202028,,
2024-04-22,2254.424627829313,2298.723114887842,2244.635560466065,2276.07958984375,244590,,
2024-04-23,2285.4237858611787,2369.1754749452634,2275.189563185688,2344.653076171875,646643,,
2024-04-24,2356.3209163479787,2398.295615401373,2342.13147645748,2372.4384765625,779402,,
2024-04-25,2384.9964004676035,2399.8284676346907,2361.462805614357,2395.675537109375,337195,,
2024-04-26,2412.682621530442,2506.6190350736356,2378.766583938121,2449.31787109375,873725,,
2024-04-29,2480.861018775406,2481.8993117888995,2397.850928720351,2416.489990234375,355463,,
2024-04-30,2414.6603853354713,2447.0932184813937,2393.0056651748782,2403.338623046875,258833,,
2024-05-02,2403.3386631419144,2471.318967917235,2389.7920906899712,2451.98779296875,337409,,
2024-05-03,2457.179224740196,2472.011292495167,2386.776391411404,2421.236083984375,257008,,
2024-05-06,2484.865480760542,2590.469839963307,2482.887871941791,2535.343994140625,2112066,,
2024-05-07,2536.283539103684,2539.8925789609116,2452.284645222636,2485.360107421875,386722,,
2024-05-08,2484.8657935389315,2499.203459279606,2444.324807651508,2475.966552734375,209481,,
2024-05-09,2481.899525881281,2496.7315947610496,2395.2308999567817,2408.5302734375,211563,,
2024-05-10,2405.76111106272,2475.6695340316182,2383.7107246075193,2466.6220703125,284452,,
2024-05-13,2474.829093752364,2483.876557100852,2410.705034320015,2454.904541015625,169202,,
2024-05-14,2467.0672852834955,2467.0672852834955,2422.571081741308,2441.506591796875,121988,,
2024-05-15,2441.5066017071413,2457.179250025781,2389.940542177993,2397.109375,119207,,
2024-05-16,2412.880692951998,2427.51504783549,2394.8844993309804,2421.038330078125,164601,,
2024-05-17,2429.986924543264,2455.3496620045557,2426.5755974881395,2446.94482421875,181347,,
2024-05-21,2501.6753176995508,2538.953198065226,2456.7836911701716,2488.524169921875,459331,,
2024-05-22,2511.563467246803,2526.395534966765,2425.9823882211554,2435.919921875,248335,,
2024-05-23,2431.519744525098,2431.519744525098,2301.343487763293,2308.759521484375,845859,,
2024-05-24,2296.9927157280054,2350.289178518382,2294.4712161227735,2338.72021484375,424506,,
2024-05-27,2338.8687671243024,2349.102748620738,2304.062656394792,2318.35107421875,179388,,
2024-05-28,2318.7466378837416,2334.9629357179388,2255.0182337935257,2273.70654296875,954366,,
2024-05-29,2256.501135273328,2272.2725172136024,2238.3564779223784,2242.26220703125,360699,,
2024-05-30,2241.619501163844,2242.262127439804,2145.903190106615,2159.99365234375,919607,,
2024-05-31,2175.4688618050154,2180.561108381478,2140.761727534701,2166.767333984375,554665,,
2024-06-03,2254.474108682473,2254.474108682473,2181.994695415732,2219.519775390625,270605,,
2024-06-04,2218.8772978662746,2219.8661023662153,1998.3738943795638,2118.661865234375,696813,,
2024-06-05,2144.716901831611,2214.872530906045,2126.473507587126,2203.20458984375,189613,,
2024-06-06,2222.8326005024787,2261.3464889601405,2200.0900961379075,2252.941650390625,253051,,
2024-06-07,2252.9414281560025,2269.306189920337,2240.680349662286,2256.501220703125,114417,,
2024-06-10,2259.418189983066,2305.2986203414494,2248.9367661493116,2276.623291015625,222425,,
2024-06-11,2284.5338871374033,2310.8361841705796,2274.4481292235214,2290.0712890625,340586,,
2024-06-12,2290.071209791619,2332.1943778299997,2282.7541530935655,2325.470458984375,377841,,
2024-06-13,2343.4664160707825,2393.895440214078,2326.2118276600804,2384.056884765625,502975,,
2024-06-14,2391.9179579457473,2414.0670810016577,2361.2650200803823,2386.67724609375,450097,,
2024-06-18,2391.91812120324,2406.6512119102154,2363.2427902752142,2395.230712890625,306853,,
2024-06-19,2403.7343309949674,2498.7090546623995,2380.3986888627164,2458.069091796875,918506,,
2024-06-20,2462.024075116023,2610.443717913348,2441.3581589121427,2576.082763671875,1649662,,
2024-06-21,2585.6742880836077,2616.3767161980136,2503.0596235367016,2517.44677734375,474787,,
2024-06-24,2515.5183090872856,2515.5183090872856,2457.1788514472896,2480.91015625,214453,,
2024-06-25,2480.9105365922605,2499.549598326491,2426.526288081868,2432.2119140625,158358,,
2024-06-26,2433.4477948846484,2496.7312808141965,2420.593336805209,2477.202392578125,602699,,
2024-06-27,2491.8860997148495,2506.6191889171514,2448.774130711371,2485.211669921875,262310,,
2024-06-28,2484.865791496418,2505.4329740648473,2469.687545351513,2473.939453125,150785,,
2024-07-01,2491.7871765696677,2615.3877309630043,2481.8991322182005,2586.71240234375,614193,,
2024-07-02,2615.387752604041,2708.3353702769255,2600.7533985613113,2656.620849609375,2094904,,
2024-07-03,2689.4988680838105,2689.5483565924255,2606.7854646361084,2630.46728515625,496918,,
2024-07-04,2648.0184896094097,2674.7162114986754,2588.294793501548,2647.128662109375,386465,,
2024-07-05,2649.996016978119,2689.548196336001,2641.6406673702354,2657.708740234375,302861,,
2024-07-08,2669.7719070490366,2695.5797987134415,2640.157263250458,2663.9873046875,381917,,
2024-07-09,2664.778770590927,2724.1565320297073,2640.2563694984433,2670.662109375,1009589,,
2024-07-10,2674.715955019133,2707.3465008659473,2601.643404973594,2694.39306640625,655708,,
2024-07-11,2706.3085771543824,2748.827172997837,2671.7993947653144,2731.6220703125,559474,,
2024-07-12,2731.6217235835975,2772.360417776457,2706.85212435597,2743.536865234375,467034,,
2024-07-15,2737.6041002618426,2798.2671085009224,2721.239338312378,2770.086181640625,449236,,
2024-07-16,2769.6413272471605,2795.350243530069,2751.397933012488,2767.7626953125,266498,,
2024-07-18,2743.981835423935,2810.182245025817,2743.981835423935,2798.61328125,505315,,
2024-07-19,2769.937968952527,2819.4276802224595,2730.089101121906,2761.483642578125,493169,,
2024-07-22,2729.1003762036526,2831.9360425533555,2690.537001322514,2819.279296875,358664,,
2024-07-23,2820.1199401844015,2837.868932789191,2715.3561510341588,2800.244873046875,368157,,
2024-07-24,2798.3165655757016,2892.3519643952604,2788.972411897914,2867.137451171875,493866,,
2024-07-25,2852.7009610203354,2928.8389069470477,2838.9071866306663,2920.087890625,525815,,
2024-07-26,2920.0877082616857,2948.6148126532726,2870.5487511228757,2887.2099609375,230661,,
2024-07-29,2893.8026619217476,2991.8967772361298,2893.753045974905,2971.474853515625,514281,,
2024-07-30,2987.931617776665,3095.047131113051,2962.3547161065467,3051.031005859375,525062,,
2024-07-31,3051.378077051737,3089.049411336326,3024.611602691634,3065.554443359375,225469,,
2024-08-01,3056.3843364002246,3141.590894943098,3039.5313716750643,3062.18359375,472498,,
2024-08-02,3033.5335928657423,3101.936801332323,3013.8058078152476,3069.172607421875,304664,,
2024-08-05,3023.6199993205114,3082.9028267293843,2914.5714091810833,2927.905029296875,565084,,
2024-08-06,2940.445785341877,3053.063094093332,2905.64927449588,2996.605712890625,1625957,,
2024-08-07,3021.6375252296734,3089.7432832488284,2969.740209111707,3075.765380859375,469413,,
2024-08-08,3106.397854801974,3106.397854801974,3013.7561672795036,3028.874267578125,252128,,
2024-08-09,3053.360765606437,3119.0873785446147,3030.658926855585,3049.742431640625,304475,,
2024-08-12,3023.7193695880146,3061.7375300363105,2974.548269881515,2989.567138671875,404211,,
2024-08-13,2989.5176631827817,2989.5176631827817,2815.436360423844,2823.1689453125,682293,,
2024-08-14,2845.1769478205515,2873.8765066061787,2793.7753092861244,2822.02880859375,335907,,
2024-08-16,2835.2139129272628,2881.8570204357516,2820.3932656139364,2875.710693359375,240372,,
2024-08-19,2875.8591556002016,2894.59583159398,2839.030568901638,2849.39013671875,107996,,
2024-08-20,2877.841865740987,2877.841865740987,2825.7959467645296,2864.557861328125,105519,,
2024-08-21,2864.5577945213627,2944.3119191442324,2864.0125031675716,2928.35107421875,216714,,
2024-08-22,2974.0523967078616,3066.9915341049823,2914.670580665196,2925.575439453125,1392991,,
2024-08-23,2916.554228676867,2923.6422905107524,2759.3755014958365,2796.650390625,862698,,
2024-08-26,2803.5402109320885,2817.518354764255,2774.1467549664194,2794.71728515625,459165,,
2024-08-27,2798.3851924654937,2878.7342262496577,2798.3851924654937,2844.829833984375,769076,,
2024-08-28,2853.7025496697665,2884.3848089538005,2810.479557372644,2861.583740234375,389112,,
2024-08-29,2860.6421875894553,2905.649420595324,2825.34999955533,2857.519287109375,449373,,
2024-08-30,2860.047089144852,2891.7703150903067,2858.1140034696027,2885.871826171875,464194,,
2024-09-02,2901.1387274642557,2910.606176751524,2865.0040363800763,2886.56591796875,297684,,
2024-09-03,2898.71008139075,2924.2373675042286,2879.874413967212,2908.573974609375,447430,,
2024-09-04,2906.244351476908,2994.9702556904926,2892.117601364689,2962.850341796875,649944,,
2024-09-05,2973.9532998830327,2992.3429064436696,2946.046870438112,2972.714111328125,262633,,
2024-09-06,2978.8606959659032,2997.6467461520347,2893.7531287523148,2903.765869140625,220403,,
2024-09-09,2903.76593316289,2927.161668501925,2856.0818594544544,2917.149169921875,181018,,
2024-09-10,2946.88953682493,2951.994896723301,2917.2480021651522,2943.518798828125,139811,,
2024-09-11,2962.057059081042,2962.1562909760128,2888.0032002124444,2894.050537109375,130451,,
2024-09-12,2894.050744654048,2925.972195381319,2884.930364736117,2897.768310546875,100273,,
2024-09-13,2904.707545840614,2943.568449943965,2898.4123712628584,2905.550048828125,97196,,
2024-09-16,2903.666770815077,2923.4937887107076,2876.5532270311915,2898.660400390625,145860,,
2024-09-17,2899.7010954961384,2920.420230443808,2859.154944510888,2878.089599609375,188324,,
2024-09-18,2878.8829101982556,2898.5117057190473,2844.730921325709,2861.23681640625,277084,,
2024-09-19,2881.559413236613,2894.942649460569,2785.4976144851566,2799.97119140625,211490,,
2024-09-20,2803.4905155306087,2854.5946989355875,2788.273425593071,2819.5009765625,189228,,
2024-09-23,2820.393230897406,2857.965332135362,2810.479722177204,2843.442138671875,105721,,
2024-09-24,2855.0903324973656,2879.9733346373305,2820.343438204747,2837.097412109375,147717,,
2024-09-25,2844.185627030694,2856.4289070050168,2788.9674323463587,2804.878662109375,411566,,
2024-09-26,2804.878727979712,2816.378253047539,2757.9381666848076,2795.064208984375,199666,,
2024-09-27,2805.5229219936778,2889.5895229737084,2799.0791414307946,2871.44775390625,733029,,
2024-09-30,2873.926259724768,2912.093269383065,2862.277886647236,2881.956298828125,199147,,
2024-10-01,2884.236030519678,2949.268742287265,2875.958396241927,2931.3251953125,413474,,
2024-10-03,2914.571320998688,2961.0655762125425,2825.448981838254,2863.814208984375,448720,,
2024-10-04,2853.0085240152584,2898.56128934944,2791.6440030051263,2804.035888671875,335238,,
2024-10-07,2804.035922382606,2823.862939687768,2726.214879459843,2738.75537109375,349617,,
2024-10-08,2738.755359484188,2785.1010122385464,2725.9670301881756,2766.51318359375,114088,,
2024-10-09,2775.7824578343448,2801.2601269879483,2753.9231225730946,2758.235595703125,205128,,
2024-10-10,2769.834287334181,2814.6432975495322,2744.6044564942245,2746.587158203125,203271,,
2024-10-11,2760.3172127546572,2818.9061448612524,2735.6326733759897,2805.12646484375,203049,,
2024-10-14,2805.1266366825857,2830.306853029272,2780.7393074420697,2823.615234375,271138,,
2024-10-15,2829.315322183862,2918.536898566675,2811.2727851433633,2907.235595703125,478022,,
2024-10-16,2907.235609484943,2985.106025396098,2899.7012461875156,2973.556884765625,987813,,
2024-10-17,2973.061192044526,2973.061192044526,2815.5850130867802,2843.937744140625,536081,,
2024-10-18,2825.399339620675,2853.0083136328803,2795.658816213561,2814.84130859375,213553,,
2024-10-21,2815.4364304475976,2833.2807458518428,2745.2983574003556,2752.43603515625,158632,,
2024-10-22,2750.9987817836172,2769.2891577107507,2617.2656405186135,2627.873046875,280923,,
2024-10-23,2627.1292987819606,2760.366752677157,2617.1661745978604,2711.542724609375,342007,,
2024-10-24,2712.0882067260286,2734.046532204094,2681.604166752776,2693.599609375,180298,,
2024-10-25,2696.5240438777705,2702.5711391053387,2628.0712163365306,2648.294677734375,182605,,
2024-10-28,2636.9933449415453,2696.474397834964,2624.9485285422375,2668.914794921875,126271,,
2024-10-29,2676.5975429799737,2693.0540630649703,2630.152903236016,2683.63623046875,106369,,
2024-10-30,2683.6363945022813,2721.0598894747204,2672.037637843779,2688.692138671875,267922,,
2024-10-31,2682.0004894481563,2682.0004894481563,2588.5162980324485,2613.498291015625,309481,,
2024-11-01,2640.958537287435,2641.94988808972,2618.2070847807936,2623.362060546875,37542,,
2024-11-04,2623.3622056116615,2635.9523130910798,2578.3053575620847,2624.75,119501,,
2024-11-05,2618.108000729409,2681.10839617796,2600.3133012293542,2671.789794921875,156886,,
2024-11-06,2691.5176872203656,2830.7528723947075,2678.5308936490537,2821.48388671875,356455,,
2024-11-07,2825.349972464822,2860.146484726786,2770.13177754912,2791.64404296875,161430,,
2024-11-08,2791.7923797237368,2809.2898660667315,2646.9065612092204,2655.085205078125,200978,,
2024-11-11,2654.738439165891,2654.738439165891,2543.8559878527844,2599.322021484375,261073,,
2024-11-12,2605.2700125766255,2631.3425881250328,2529.035229644265,2550.646484375,403641,,
2024-11-13,2541.823470748261,2549.952498964978,2454.237530083067,2472.032470703125,545515,,
2024-11-14,2431.7836178448338,2643.9326982438533,2431.7836178448338,2615.67919921875,1152662,,
2024-11-18,2611.217984515747,2611.217984515747,2490.0253502685755,2547.07763671875,688509,,
2024-11-19,2557.437338512628,2690.5261892521644,2527.9446509185773,2648.195556640625,548742,,
2024-11-21,2627.0797976891463,2652.755688334198,2585.0959916578645,2596.546142578125,178368,,
2024-11-22,2589.210195682692,2667.9729722256398,2583.113242744265,2647.74951171875,336826,,
2024-11-25,2681.6042727077406,2704.355728205313,2661.7772540555575,2673.128173828125,175000,,
2024-11-26,2676.49881963479,2704.157412886244,2672.0871145140536,2691.41845703125,107505,,
2024-11-27,2706.387844705417,2720.9110379762033,2675.705584029304,2697.366455078125,117498,,
2024-11-28,2687.651445241963,2720.01895439334,2672.7315662161604,2682.595458984375,229491,,
2024-11-29,2686.7590405989745,2715.3099936477333,2683.685998163845,2703.66162109375,209005,,
2024-12-02,2725.223642559832,2753.97281885457,2691.7159335070555,2735.186767578125,158213,,
2024-12-03,2741.085232493993,2747.3307915561136,2570.82071579206,2604.27880859375,2000610,,
2024-12-04,2627.0795608295925,2686.064932101049,2617.166053052877,2670.897216796875,461387,,
2024-12-05,2690.5262440128417,2698.6552726891696,2666.3867536707576,2685.866943359375,138864,,
2024-12-06,2689.2375126621064,2704.355613744528,2673.0784447386964,2678.431884765625,156480,,
2024-12-09,2690.526258833243,2691.963669187685,2638.331732384877,2651.169677734375,111268,,
2024-12-10,2663.6111627370024,2714.269046612688,2658.852630189381,2705.5947265625,172851,,
2024-12-11,2716.301424816723,2725.0253610102604,2702.075442805799,2713.129150390625,85299,,
2024-12-12,2704.752181947036,2713.3272699674426,2643.089965601144,2656.423828125,180485,,
2024-12-13,2637.984813239284,2661.7772354556473,2602.2961799147392,2656.671875,208877,,
2024-12-16,2656.8203074217663,2680.513496187539,2641.0083095949667,2668.96435546875,100590,,
2024-12-17,2669.360888150724,2678.5308839210247,2626.881647556528,2639.620361328125,100452,,
2024-12-18,2627.0798123119043,2648.889531508456,2604.9230234983447,2610.623291015625,61201,,
2024-12-19,2595.406143150354,2620.041066573498,2572.6050735836443,2615.87744140625,92539,,
2024-12-20,2633.9694417545857,2641.9498640461543,2563.831373131222,2574.389404296875,225161,,
2024-12-23,2567.5988890416256,2603.2875222483817,2549.3581288808973,2572.357421875,99057,,
2024-12-24,2571.613549376301,2609.8301705013673,2558.032092042699,2579.3955078125,81879,,
2024-12-26,2579.3955473683327,2595.3563920454544,2526.308905699697,2549.0107421875,111832,,
2024-12-27,2552.728583196046,2582.469110378913,2547.771828665568,2557.4375,86248,,
2024-12-30,2557.437381734677,2557.6852194497396,2484.5730935061665,2491.859619140625,175823,,
2024-12-31,2480.359915913754,2527.9447584252885,2468.46370528587,2472.7265625,234884,,
2025-01-01,2478.376933258392,2494.833452906827,2462.8623904677934,2476.44384765625,54938,,
2025-01-02,2476.890046202488,2497.212738196545,2456.022062846691,2493.445556640625,73027,,
2025-01-03,2493.44575998914,2505.490818760947,2423.8529745251444,2431.486328125,653753,,
2025-01-06,2423.8527220923365,2446.703406589847,2392.6747876311424,2400.060302734375,231747,,
2025-01-07,2399.0691440790474,2446.5053807849476,2395.698647878315,2438.475341796875,147824,,
2025-01-08,2434.807302873958,2434.807302873958,2381.2247410404952,2415.574951171875,116130,,
2025-01-09,2432.57678335836,2487.4975240707445,2416.9630073474777,2437.236083984375,536319,,
2025-01-10,2433.7663017805235,2440.8049895259946,2382.2160583212208,2397.829833984375,196812,,
2025-01-13,2359.4151616476524,2379.638623364449,2298.9427562440783,2307.71630859375,166330,,
2025-01-14,2301.2724179762736,2354.160841192806,2301.2724179762736,2320.603759765625,95029,,
2025-01-15,2337.605426330458,2351.9800144058577,2305.3865220235284,2340.6787109375,135250,,
2025-01-16,2340.678477347797,2365.313399580449,2318.1252465836624,2345.436767578125,158998,,
2025-01-17,2344.5445751357975,2371.311045972443,2319.760805842607,2338.3486328125,83299,,
2025-01-20,2344.5446446305614,2353.367569948859,2307.8646649894067,2339.587890625,77567,,
2025-01-21,2344.544739352441,2384.198772998994,2323.775987635862,2328.88134765625,86692,,
2025-01-22,2319.860228188891,2326.3533826535886,2250.465668470755,2295.472900390625,109039,,
2025-01-23,2291.507489654705,2363.826485752605,2260.2799378813443,2348.8076171875,86149,,
2025-01-24,2348.807613149578,2356.1931285631904,2266.822946405628,2272.721435546875,128968,,
2025-01-27,2272.721395184414,2272.721395184414,2190.4888921888137,2196.883056640625,145212,,
2025-01-28,2212.6949353495042,2224.5911446793402,2159.062761475894,2174.875,120641,,
2025-01-29,2174.87534318792,2262.5602848871717,2171.157777185727,2257.157470703125,113914,,
2025-01-30,2260.2799563547023,2290.0204820962117,2217.6518694585393,2253.19189453125,189253,,
2025-01-31,2251.7541868924714,2314.754580780969,2251.7541868924714,2305.485595703125,164152,,
2025-02-01,2329.6745005088537,2336.961026077371,2264.096738508264,2305.882080078125,122487,,
2025-02-03,2280.106852973125,2360.1584305285946,2263.7991806261402,2310.09521484375,223017,,
2025-02-04,2320.90085194425,2334.135482068921,2287.194924405349,2321.793212890625,95172,,
2025-02-05,2321.7933483962834,2346.1804345273763,2311.632002001073,2331.211181640625,80112,,
2025-02-06,2331.211265077414,2371.212128808434,2325.3621495304847,2359.31591796875,323977,,
2025-02-07,2372.302562201886,2379.1924021401296,2292.7962731699154,2330.6162109375,161113,,
2025-02-10,2304.8907739204674,2335.126975470822,2251.5560486815784,2268.557861328125,98355,,
2025-02-11,2258.64432701015,2273.9606493799374,2180.9718903754006,2192.273193359375,95880,,
2025-02-12,2192.2732401026674,2219.634621213288,2131.40439285778,2183.99560546875,170521,,
2025-02-13,2184.937345547582,2238.3216873944625,2166.4487483961866,2218.89111328125,192219,,
2025-02-14,2032.3685687893285,2081.8368816902625,1856.1063310670809,1884.0623779296875,5900163,,
2025-02-17,1869.6877042113838,1933.0350477669406,1794.2954236182659,1882.07958984375,2185516,,
2025-02-18,1885.7475567472377,1891.993115568594,1844.5570011390844,1882.8231201171875,501345,,
2025-02-19,1882.8231939754949,1922.179776240126,1871.2244368688544,1896.3055419921875,390086,,
2025-02-20,1894.917569425181,1960.8920181378999,1885.4997361732549,1948.5992431640625,681458,,
2025-02-21,1956.9266717901146,1993.2100904380316,1904.6329119436461,1916.033447265625,350416,,
2025-02-24,1904.930292865323,1946.3686861921424,1894.3723820065998,1931.5975341796875,263976,,
2025-02-25,1941.065054430089,1945.0304580142158,1900.469283643396,1906.7147216796875,220692,,
2025-02-27,1900.5187535794385,1913.753263664468,1858.1385033315667,1868.151123046875,202870,,
2025-02-28,1858.7828080852705,1870.629402109665,1811.3466950258355,1835.287841796875,290439,,
2025-03-03,1838.9558016991075,1856.4035522185266,1775.3111264019005,1835.386962890625,191630,,
2025-03-04,1828.0509990802345,1863.7396302987208,1802.9697737347722,1841.731689453125,138737,,
2025-03-05,1861.7072423679099,1923.0223880010242,1856.9488309936992,1920.593505859375,211719,,
2025-03-06,1919.2551613122303,1950.9287711729196,1913.3070564734526,1940.4700927734375,140510,,
2025-03-07,1947.8556067643676,1980.669294236667,1930.2096350280976,1971.7967529296875,209244,,
2025-03-10,1970.8054930511842,1987.608841580601,1916.4299230418837,1927.38427734375,173961,,
2025-03-11,1927.1861254984465,1968.6741359416912,1905.4260219213859,1943.1468505859375,318387,,
2025-03-12,1945.8730184343308,1967.831464266198,1891.9931232000197,1940.37109375,171596,,
2025-03-13,1942.0562887229169,1959.8509878324671,1920.6431348572041,1931.7462158203125,175519,,
2025-03-17,1952.9612238338605,1988.451633566189,1931.151504582924,1959.751953125,226724,,
2025-03-18,1959.751953125,1959.751953125,1959.751953125,1959.751953125,0,,
2025-03-19,1986.6671472173134,2027.3125329637755,1971.3508246528047,2007.882080078125,239531,,
2025-03-20,2016.3580621064966,2055.7146434051288,2007.485520188505,2013.7310791015625,356550,,
2025-03-21,2013.731033484372,2047.1395087811964,1998.761538811944,2040.0018310546875,290375,,
2025-03-24,2051.154558474664,2085.653617030245,2043.4219733111515,2072.8154296875,264986,,
2025-03-25,2095.6164260567334,2095.6164260567334,2005.800185933362,2019.8773193359375,171309,,
2025-03-26,2017.3989710308322,2032.2692337165631,1983.5443154467498,1999.2572021484375,274287,,
2025-03-27,1982.9991069228572,2014.6727174280284,1962.9737476161365,1973.92822265625,243872,,
2025-03-28,1977.7450278778294,2030.2866251096716,1953.5065469946057,1966.443603515625,227720,,
2025-04-01,1957.5213112092138,1981.7102954972233,1928.6730264581531,1965.15478515625,161922,,
2025-04-02,1961.4868037318442,2020.7200181102437,1949.342755595687,2015.36669921875,110814,,
2025-04-03,1981.6111895201223,2012.4421759937761,1952.5645619238683,1987.2618408203125,377054,,
2025-04-04,1967.9304859528659,1984.18866358207,1899.5768954108867,1912.26611328125,145164,,
2025-04-07,1766.5872312455028,1862.1534782834588,1766.5872312455028,1807.926513671875,321919,,
2025-04-08,1848.8693328812506,1858.73322542031,1795.881678422441,1812.3875732421875,193922,,
2025-04-09,1811.9414766100958,1811.9414766100958,1770.5029635771282,1791.7178955078125,145764,,
2025-04-11,1843.912561820655,1924.3110907164928,1833.9990534237695,1916.1324462890625,787021,,
2025-04-15,1924.3111397358402,1950.1853731079223,1908.3504150131776,1917.1734619140625,361118,,
2025-04-16,1923.2207073375253,1965.3531197405382,1916.3803620621338,1953.4569091796875,243680,,
2025-04-17,1962.8747265128015,1965.4522145770375,1933.1342003535167,1942.8494873046875,111568,,
2025-04-21,1958.4135433681738,2012.4421630156378,1930.3582667784594,2002.231201171875,324679,,
2025-04-22,1992.615181675378,2049.5186228877365,1991.5247199579594,2011.847412109375,248331,,
2025-04-23,2022.2566685877102,2025.5280538575614,1974.6718267177798,1996.283203125,129165,,
2025-04-24,2000.942608763561,2021.1661905987646,1978.438871534598,1985.67578125,324096,,
2025-04-25,1985.6757068694346,2001.0416446909405,1903.3935882123387,1944.33642578125,162712,,
2025-04-28,1933.1341441649158,1963.8660203029222,1926.690363684366,1960.8919677734375,103629,,
2025-04-29,1972.7881813532165,1992.3177445919655,1958.0170295612884,1970.210693359375,95789,,
2025-04-30,1970.2106639841634,1985.279148196191,1908.5485697419717,1918.858642578125,226352,,
2025-05-02,1919.1561735258217,1987.6584944431293,1919.0570626417193,1966.0469970703125,172012,,
2025-05-05,1972.7882716774216,2007.4855528375772,1972.7882716774216,2002.4296875,148156,,
2025-05-06,1995.0936276686218,2004.4123500579014,1933.1341982379192,1938.1900634765625,95066,,
2025-05-07,1900.419586889339,1977.744953492035,1900.419586889339,1969.2193603515625,207145,,
2025-05-08,1974.671766046685,1991.623841239099,1870.6790385356794,1887.730224609375,161434,,
2025-05-09,1829.0423423604973,1901.1135016997384,1829.0423423604973,1891.5965576171875,112713,,
2025-05-12,1943.0477305341105,1970.607333485246,1929.466271843835,1963.9652099609375,138995,,
2025-05-13,1979.6284666741474,1981.6111683041452,1923.2205810978107,1931.349609375,171416,,
2025-05-14,1939.3796777302714,1968.8227489845094,1934.2245808039852,1962.9737548828125,157095,,
2025-05-15,1972.788173271949,2050.113538857483,1962.5772112054926,2031.67431640625,353717,,
2025-05-16,2065.9750939309383,2105.6291264440083,2037.7215957653762,2092.642333984375,344457,,
2025-05-19,2108.60323996563,2155.196729518232,2095.1207717090165,2100.1767578125,372045,,
2025-05-20,2113.75811035294,2130.313620173981,2050.4108915540523,2059.7294921875,193162,,
2025-05-21,2077.6732438272866,2085.802272720105,2033.4588973182822,2072.12158203125,127268,,
2025-05-22,2072.1215141224548,2116.534080948154,2042.1827666291322,2052.889404296875,346367,,
2025-05-23,2069.9406678801333,2083.819580404234,2046.643921857536,2051.30322265625,176598,,
2025-05-26,2052.096168512902,2078.6644185207056,2017.3988903013308,2027.5106201171875,285438,,
2025-05-27,2027.0150287210915,2093.9312109023726,2014.4249213683424,2020.1748046875,642885,,
2025-05-28,2037.2259663045406,2064.2898925108852,1975.7622145230898,1982.80078125,374741,,
2025-05-29,2057.0531816044145,2110.48689996797,2004.015906801602,2082.2333984375,2460546,,
2025-05-30,2081.836783331433,2081.836783331433,2002.528715394997,2009.765625,354683,,
2025-06-02,2007.485489194938,2018.5885704083855,1959.2067507741772,1977.447509765625,291382,,
2025-06-03,1988.6498341738236,2015.4163075151462,1973.977792973517,2001.9339599609375,171910,,
2025-06-04,2006.59329481593,2015.713795533413,1965.8487977937575,1970.9046630859375,217845,,
2025-06-05,1974.7709063902632,2002.2312767128783,1957.9179418276956,1963.469482421875,217814,,
2025-06-06,1968.7236714671233,1975.7622382786615,1918.363000028427,1923.8154296875,506995,,
2025-06-09,1936.9014233727862,1946.517478630191,1928.8713843269488,1935.116943359375,166093,,
2025-06-10,1938.0908826471455,1949.6896390121724,1927.5825879978422,1938.6856689453125,173857,,
2025-06-11,1947.8061143192913,1965.2538643224561,1931.151372353155,1945.12939453125,255541,,
2025-06-12,1948.0044407082823,1951.2759469534435,1909.34175715224,1913.6046142578125,149948,,
2025-06-13,1903.3937233784109,1906.9625624068426,1882.674465415816,1893.381103515625,173099,,
2025-06-16,1902.4022153420326,1912.2166126204343,1873.653041686525,1891.8939208984375,200053,,
2025-06-17,1898.337730683809,1914.6950193970238,1877.1227986952838,1887.531982421875,146674,,
2025-06-18,1897.2472980141345,1907.8547036635146,1878.6098536982904,1894.7689208984375,163538,,
2025-06-19,1904.8807459643044,1905.7729859732794,1853.8261748390578,1863.1448974609375,188660,,
2025-06-20,1863.2438835176276,1883.5665755166226,1848.869296493948,1878.2132568359375,135037,,
2025-06-23,1863.7395999646772,1874.1487839006502,1857.4940411972902,1862.3516845703125,99010,,
2025-06-24,1878.6099633371089,1891.4975250908726,1867.3085388270592,1881.8814697265625,113116,,
2025-06-25,1885.5492513895251,1932.142739725649,1883.6656606368663,1927.8798828125,211646,,
2025-06-26,1944.9313234484082,1957.1248667124364,1927.1861184225818,1952.366455078125,168289,,
2025-06-27,1961.8832740604025,1972.7881330875196,1939.0822051855218,1967.434814453125,208188,,
2025-06-30,1972.7881496146747,1977.7449037594351,1948.0043788908722,1969.9132080078125,150347,,
2025-07-01,1972.8872817490983,1984.1887055238064,1931.448889261177,1942.2545166015625,173913,,
2025-07-02,1942.9485935864639,1994.597949691171,1942.9485935864639,1977.6458740234375,298691,,
2025-07-03,1977.744945254149,1990.6325063009176,1950.9784723108596,1954.0516357421875,199256,,
2025-07-04,1957.9178365175537,1970.8053969604541,1934.8193143948622,1946.2198486328125,94339,,
2025-07-07,1951.8707852188234,1968.6246394086065,1929.1688257082544,1962.874755859375,214403,,
2025-07-08,1970.8054582885927,1980.6198557495711,1952.9611432739073,1961.88330078125,119221,,
2025-07-09,1967.8314606270694,1972.8873258192295,1958.9093028710777,1963.568603515625,101489,,
2025-07-10,1963.8660149440443,1973.1847370472356,1953.2586093569641,1966.641845703125,96248,,
2025-07-11,1954.943938098482,1982.2060873366709,1954.943938098482,1970.9046630859375,130857,,
2025-07-14,1970.904532252072,1970.904532252072,1942.6510340080365,1947.6077880859375,61975,,
2025-07-15,1949.3924374921066,1978.7363999823285,1949.3924374921066,1958.5128173828125,87897,,
2025-07-16,1969.8141401329042,1971.7968418340947,1939.0822637644492,1942.452880859375,93701,,
2025-07-17,1943.04762784907,1952.6636824994598,1939.8753535971596,1943.245849609375,65912,,
2025-07-18,1945.0303731402973,1946.715621184208,1921.7336281001358,1932.043701171875,70876,,
2025-07-21,1922.2292417590404,1934.323673368432,1911.3243827289477,1919.8499755859375,73008,,
2025-07-22,1929.1687578019444,1936.1082137652606,1904.880661930337,1911.126220703125,57672,,
2025-07-23,1911.1262589860253,1921.3371003564537,1903.0962201131554,1910.3331298828125,69708,,
2025-07-24,1918.2638653727265,1929.0696136751433,1897.4454978415497,1906.16943359375,75569,,
2025-07-25,1906.1695254763663,1906.8634226883842,1881.5839751819876,1886.1441650390625,77431,,
2025-07-28,1885.4501735964077,1888.9199015121117,1836.9730936569576,1841.13671875,112325,,
2025-07-29,1848.3737409965538,1872.5627270017178,1834.9905039338273,1849.1668701171875,102842,,
2025-07-30,1863.7396653737658,1900.1221944781828,1854.817507401232,1872.2652587890625,95813,,
2025-07-31,1848.8692613970154,1863.7395235530234,1819.1287370849989,1824.4820556640625,148957,,
2025-08-01,1819.1287870606277,1839.748932889243,1796.9225040946976,1804.060302734375,101500,,
2025-08-04,1811.8247268279777,1826.159280231796,1791.9156586324823,1809.236572265625,95906,,
2025-08-05,1822.8742773249542,1828.6479558406465,1800.7752597254923,1816.7025146484375,60147,,
2025-08-06,1826.557457681294,1826.557457681294,1795.7979234913792,1804.25927734375,47405,,
2025-08-07,1791.8161159716835,1822.2769656401408,1785.8433955851112,1815.8065185546875,62572,,
2025-08-08,1816.702500906841,1822.973906091438,1793.8070721282888,1797.58984375,40791,,
2025-08-11,1797.5898879192353,1846.3671069503253,1785.8434886076634,1837.2088623046875,74630,,
2025-08-12,1851.0455725134402,1862.1946018380254,1818.792858482261,1855.6246337890625,85670,,
2025-08-13,1857.4165792994736,1868.46608806917,1838.6024851698226,1864.782958984375,64615,,
2025-08-14,1791.81617365255,1862.5928882087635,1766.9298379073757,1848.1588134765625,474235,,
2025-08-18,1841.6883640896795,1846.4665891534466,1796.7934387594717,1802.2684326171875,717730,,
2025-08-19,1811.1279263285765,1821.5801869481586,1802.7660935298493,1805.354248046875,96708,,
2025-08-20,1805.354244323744,1812.5215816430034,1800.8747040674468,1806.44921875,100649,,
2025-08-21,1806.7479945158693,1808.1416536356382,1796.7934601108232,1802.567138671875,143239,,
2025-08-22,1802.7661099749948,1814.4128661655077,1793.8070293621981,1796.992431640625,74663,,
2025-08-25,1796.7934068289744,1832.6297296244554,1795.7979534179888,1821.8787841796875,72758,,
2025-08-26,1815.9060749125338,1857.516076354465,1798.5852826668138,1835.2178955078125,130949,,
2025-08-28,1826.6570665943927,1833.6252406903932,1795.7980098835337,1801.4720458984375,84644,,
2025-08-29,1803.7616439775927,1815.109837563958,1776.8844009381914,1779.771240234375,113754,,
2025-09-01,1791.8161099373858,1797.7888303038437,1757.9706945274572,1780.7666015625,374880,,
2025-09-02,1797.7888180876162,1799.779724862907,1742.1429494151764,1750.803466796875,345475,,
2025-09-03,1764.8393795268994,1768.422987509249,1737.7629737946058,1754.28759765625,286344,,
2025-09-04,1771.9071403177081,1771.9071403177081,1738.0617230307405,1741.4462890625,118185,,
2025-09-05,1755.4821243918464,1761.9525716890093,1740.0525962216884,1741.5457763671875,115300,,
2025-09-08,1749.608872078669,1754.6856601171794,1734.0798233369221,1737.3648681640625,118065,,
2025-09-09,1744.0343663977928,1753.9889004525749,1726.0166840616992,1731.1929931640625,252881,,
2025-09-10,1741.5458045689334,1772.8030670906096,1727.1117295953698,1729.8990478515625,448365,,
2025-09-11,1743.038990278824,1756.9753385734577,1732.5867290578487,1741.4462890625,240984,,
2025-09-12,1742.1429903774003,1768.6220268082968,1740.052562517255,1741.645263671875,181602,,
2025-09-15,1747.9167010467384,1751.2016244546849,1735.0753275039738,1738.658935546875,141177,,
2025-09-16,1747.9166884335696,1787.635304284446,1744.631643534017,1779.1739501953125,901143,,
2025-09-17,1792.811654422913,1857.3170862642437,1792.811654422913,1836.5120849609375,661105,,
2025-09-18,1838.303783368522,1840.5933748422162,1798.2866044632037,1806.6484375,184887,,
2025-09-19,1811.6257461823059,1829.4443871245458,1776.8843967000657,1797.490234375,416791,,
2025-09-22,1797.7888676299033,1823.5711353834715,1796.8929352532716,1803.0648193359375,144273,,
2025-09-23,1814.4128915912197,1823.670656960297,1797.490183529907,1812.8201904296875,138134,,
2025-09-24,1821.6797459861402,1895.7415042243763,1801.7706777239966,1860.900634765625,650500,,
2025-09-25,1862.4932939348057,1891.3614422640999,1835.616052386842,1853.4346923828125,228339,,
2025-09-26,1846.566061904388,1847.1633096429127,1829.9420386863585,1839.99609375,295582,,
2025-09-29,1841.4892444744082,1844.77416774154,1820.4852023167875,1825.2633056640625,124628,,
2025-09-30,1831.5348169368565,1851.4438858279245,1818.7929642404479,1826.756591796875,88652,,
2025-10-01,1826.756515324747,1836.014280577668,1819.290614803136,1833.12744140625,58353,,
2025-10-03,1833.1275182192473,1849.552500055043,1833.1275182192473,1843.3807373046875,67837,,
2025-10-06,1843.480262875771,1851.0456847702096,1813.716180506223,1835.4171142578125,148270,,
2025-10-07,1831.6342356149416,1834.4215537100436,1776.8842992242776,1793.8070068359375,157967,,
2025-10-08,1790.820702289466,1806.747957006882,1773.9975151911333,1787.1375732421875,99615,,
2025-10-09,1786.8388811071657,1786.8388811071657,1764.042973585522,1772.7034912109375,112233,,
2025-10-10,1763.943402711403,1783.852470462096,1750.0070552859179,1781.164794921875,200353,,
2025-10-13,1767.0293504461115,1780.567492723292,1758.966202006529,1764.3416748046875,103060,,
2025-10-14,1765.0384075686234,1771.6083757365748,1743.138432665247,1751.7989501953125,75030,,
2025-10-15,1751.9979966249646,1771.4093380648435,1745.228864850063,1760.4593505859375,67528,,
2025-10-16,1765.8348228193238,1783.852505181319,1753.9889029740423,1767.3280029296875,115300,,
2025-10-17,1765.9343829642744,1770.8121290692109,1754.9843952457811,1762.151611328125,70386,,
2025-10-20,1756.9752624890073,1771.9070635866476,1747.0207284239136,1750.703857421875,80100,,
2025-10-21,1764.9389172033586,1773.7984769622074,1756.9752898273705,1762.5498046875,25462,,
2025-10-23,1766.9298515343544,1771.907118721775,1755.1834523659165,1757.771728515625,84849,,
2025-10-24,1758.8666983222465,1766.92984684139,1742.143032010806,1749.1112060546875,91215,,
2025-10-27,1744.0343713337177,1756.5770599751793,1732.0889304341717,1739.853515625,136031,,
2025-10-28,1739.8535802858319,1780.7666925842316,1737.2653041158246,1743.63623046875,113353,,
2025-10-29,1750.0070917834908,1754.3871110830528,1733.582110546615,1739.853515625,92873,,
2025-10-30,1742.0435236788344,1754.4866917051118,1729.9985613324604,1732.0889892578125,92454,,
2025-10-31,1733.980369471627,1741.8444759417666,1717.1571820516526,1720.541748046875,176334,,
2025-11-03,1721.0394703215027,1734.0798860339655,1718.0531100126038,1728.50537109375,63822,,
2025-11-04,1728.5052869416656,1761.9524964698974,1719.148000792945,1743.934814453125,138600,,
2025-11-06,1738.0616680194805,1742.0434816919192,1707.2026120580808,1724.623046875,114411,,
2025-11-07,1731.49167217781,1731.49167217781,1709.1934916643343,1712.777099609375,69374,,
2025-11-10,1712.677620855783,1727.8084643374284,1703.220813300927,1713.3743896484375,85948,,
2025-11-11,1713.3743874696306,1727.111693348498,1710.1889851139595,1717.356201171875,83267,,
2025-11-12,1732.0889356487182,1732.0889356487182,1714.7680219891693,1718.152587890625,71092,,
2025-11-13,1697.2480349557322,1722.0348487428978,1693.564906007992,1714.270263671875,125497,,
2025-11-14,1714.2702572271185,1737.5638908373082,1703.7184756047284,1733.0843505859375,121913,,
2025-11-17,1732.984887443642,1740.749351229554,1714.6685201675277,1722.43310546875,103875,,
2025-11-18,1722.1343656149284,1726.7134269082997,1693.2662172895914,1698.7412109375,121850,,
2025-11-19,1698.741272461376,1710.1889868670635,1688.3885325218657,1703.6190185546875,124688,,
2025-11-20,1707.2025722505389,1722.1343731740128,1693.266224721963,1696.55126953125,97605,,
2025-11-21,1697.2480909107046,1705.609923990101,1680.325382672885,1684.108154296875,60156,,
2025-11-24,1675.3481372655199,1684.1081761318567,1612.7340916707158,1617.9105224609375,264808,,
2025-11-25,1617.9104475061074,1620.0008753273862,1567.8390932550765,1573.3140869140625,288615,,
2025-11-26,1567.8391295278404,1587.748197839305,1557.884595372108,1562.3641357421875,189341,,
2025-11-27,1562.9614163567621,1582.7709640463163,1550.5182484004233,1552.5091552734375,153084,,
2025-11-28,1550.9164241276917,1561.766890679144,1547.9300638758414,1551.513671875,103019,,
2025-12-01,1557.7851090139181,1569.7305502667332,1533.2969787487098,1538.77197265625,183204,,
2025-12-02,1538.771897651118,1538.771897651118,1508.1118846572444,1517.668212890625,174213,,
2025-12-03,1516.0755400972168,1523.0437139518988,1507.1164594269117,1515.77685546875,89894,,
2025-12-04,1512.7905473401984,1540.9619283575105,1507.1165113264024,1526.8265380859375,100438,,
2025-12-05,1535.9846655102274,1573.5132117775536,1535.9846655102274,1561.866455078125,462994,,
2025-12-08,1566.8436242602065,1566.8436242602065,1528.020942337622,1537.5772705078125,125962,,
2025-12-09,1537.5773202858315,1541.8578185758424,1513.1887116218227,1519.360595703125,151335,,
2025-12-10,1523.9396495963178,1538.5727661164672,1519.161424622432,1521.550537109375,47082,,
2025-12-11,1522.0483161751015,1532.9983040612533,1510.102874844754,1525.7314453125,52253,,
2025-12-12,1539.1699797377325,1539.1699797377325,1518.0664165207468,1521.6500244140625,69400,,
2025-12-15,1523.8401725425238,1581.2777873484254,1518.1660150328414,1568.0382080078125,174868,,
2025-12-16,1557.8845549533316,1596.4085525304001,1543.052275143047,1588.1463623046875,139503,,
2025-12-17,1594.7163921438682,1598.2004791429342,1568.8346030079504,1593.024169921875,91857,,
2025-12-18,1593.02417337934,1625.1772462741742,1572.816420134775,1575.3050537109375,224842,,
2025-12-19,1575.3050820499964,1677.3390605082109,1567.8391811872,1659.4208984375,683067,,
2025-12-22,1655.239998685308,1676.2440415861613,1639.5117860117969,1672.560791015625,140516,,
2025-12-23,1672.2622686881775,1690.2799517625604,1653.4481742506553,1686.8953857421875,133560,,
2025-12-24,1677.6376899846564,1734.9757824224737,1676.9407996845225,1732.586669921875,343799,,
2025-12-26,1722.134404867101,1761.8530203575601,1712.5780764032702,1757.17431640625,244687,,
2025-12-29,1757.1743606070065,1791.816188864512,1734.3785740831468,1744.034423828125,350797,,
2025-12-30,1742.0434870988936,1744.0343939412924,1710.1889776205137,1726.4149169921875,122549,,
2025-12-31,1732.1884932908674,1741.9439855338064,1718.1526241981053,1723.82666015625,57666,,
2026-01-01,1723.8266279717748,1729.600306377605,1687.393057331861,1693.56494140625,66231,,
2026-01-02,1698.7412510983725,1709.989923283407,1687.3930578749932,1703.3203125,52890,,
2026-01-05,1703.3203381945987,1709.8903065234601,1654.7422837647134,1662.4072265625,128751,,
2026-01-06,1662.3076522069155,1664.5971221111804,1609.648143194522,1618.1094970703125,123335,,
2026-01-07,1617.611844929169,1643.3941134067948,1607.6573104988356,1632.3446044921875,71622,,
2026-01-08,1633.0412842543344,1661.4117058338825,1599.5940746951917,1608.752197265625,103270,,
2026-01-09,1597.702690543193,1608.7521988663184,1579.7845295277555,1588.1463623046875,80778,,
2026-01-12,1587.748170728776,1587.748170728776,1547.9300347857345,1567.142333984375,87568,,
2026-01-13,1572.8164353634102,1596.7073179258923,1557.8846337618588,1564.056396484375,67328,,
2026-01-14,1560.8709738650896,1576.7982287004475,1553.3055521213566,1556.88916015625,58920,,
2026-01-15,1556.88916015625,1556.88916015625,1556.88916015625,1556.88916015625,0,,
2026-01-16,1552.907282373399,1562.662774163662,1537.9754815813474,1539.369140625,65021,,
2026-01-19,1533.9937590399086,1540.0660007525132,1521.2519063353336,1528.6182861328125,59157,,
2026-01-20,1530.111377173583,1619.602660986598,1514.0846019426035,1596.1099853515625,1653279,,
2026-01-21,1596.010550827071,1596.010550827071,1554.8982751008032,1583.5673828125,203624,,
2026-01-22,1573.6128608477595,1611.5396129531016,1573.6128608477595,1592.924560546875,122336,,
2026-01-23,1590.8341103073303,1607.6572976633404,1543.948277817858,1556.490966796875,50860,,
2026-01-27,1542.95277439195,1560.8709356429533,1519.6591404625842,1548.3282470703125,93984,,
2026-01-28,1545.5410117103993,1578.789181448764,1535.5864771489316,1563.2601318359375,70594,,
2026-01-29,1567.0426995539287,1586.75272555401,1548.1290848829588,1574.707763671875,83850,,
2026-01-30,1574.7077741960413,1666.389008989726,1554.3009792830846,1635.0322265625,247998,,
2026-02-02,1582.8704523552867,1617.2135952046126,1557.0881845798324,1612.236328125,87567,,
2026-02-03,1692.1713404084628,1692.1713404084628,1636.525468367126,1649.6654052734375,124811,,
2026-02-04,1649.6653642668177,1649.765006821383,1601.78407891553,1618.706787109375,123960,,
2026-02-05,1612.634565649865,1627.168161506363,1594.7164038093108,1599.49462890625,58975,,
2026-02-06,1592.7255062713782,1624.4804953557264,1578.1919103297143,1609.9468994140625,68055,,
2026-02-09,1610.6436440214354,1678.3344770211002,1610.6436440214354,1670.370849609375,201968,,
2026-02-10,1678.931686419206,1730.894427002826,1674.2531040278227,1701.9266357421875,182522,,
2026-02-11,1717.1572015717354,1726.116282623414,1654.1449495688037,1665.194580078125,122536,,
2026-02-12,1677.3390259948696,1677.4385470345965,1631.5481683119237,1649.7650146484375,100761,,
2026-02-13,1620.5981436212428,1655.3394917648334,1572.8163801729506,1634.33544921875,156667,,
2026-02-16,1634.2358476169622,1634.2358476169622,1594.417710412282,1615.421875,78997,,
2026-02-17,1604.6709347040262,1656.633555323429,1604.6709347040262,1643.5931396484375,89957,,
2026-02-18,1644.4890264374603,1649.7649780945028,1618.8062799608244,1637.22216796875,50312,,
2026-02-19,1646.4799947771355,1662.1085652266338,1625.5754724734356,1632.3446044921875,71493,,
2026-02-20,1630.552691452521,1641.0049522951654,1587.7481946683583,1596.707275390625,55745,,
2026-02-23,1596.7073110120698,1621.991852584276,1596.7073110120698,1609.25,63649,,
2026-02-24,1605.6663522687563,1605.765873306815,1573.2145953666345,1581.17822265625,63380,,
2026-02-25,1591.6305391732292,1592.7255136608085,1566.8437240638202,1574.5086669921875,45615,,
2026-02-26,1567.8391919680491,1598.0014802672745,1559.17879551378,1586.7528076171875,70237,,
2026-02-27,1586.4540781459093,1586.4540781459093,1558.8800668216634,1573.51318359375,112234,,
2026-03-02,1505.1255648584695,1560.5722715186266,1505.1255648584695,1538.8714599609375,87884,,
2026-03-04,1515.0801334836528,1519.0619472378805,1454.456994772473,1482.0311279296875,171688,,
2026-03-05,1482.0310402384364,1561.8663526807504,1478.3477898245249,1528.9168701171875,267261,,
2026-03-06,1526.5278310627575,1536.5818863773895,1503.7319232700722,1516.7723388671875,84409,,
2026-03-09,1488.1033384294549,1503.1346607337302,1453.3619898485074,1471.2801513671875,162248,,
2026-03-10,1483.1260311701617,1502.6368933256513,1469.5878893591262,1483.3250732421875,95216,,
2026-03-11,1486.2119585147773,1498.057878535405,1475.3614919157935,1482.827392578125,70652,,
2026-03-12,1463.3165378435283,1489.0988059085955,1448.882463150514,1473.768798828125,82431,,
2026-03-13,1455.3528389058745,1478.8455143279698,1435.4437713421826,1441.814697265625,95726,,
2026-03-16,1433.452883945223,1438.430150903366,1377.2097673182054,1385.3724365234375,209728,,
2026-03-17,1384.6757367311789,1409.4625517205147,1384.6757367311789,1388.060302734375,84390,,
2026-03-18,1388.5580221237105,1423.4984134228453,1381.5898480719904,1406.8743896484375,132495,,
2026-03-19,1397.6165448066602,1397.6165448066602,1375.2188437680918,1377.1102294921875,104769,,
2026-03-20,1393.5352099740805,1425.389718111428,1373.7256634231067,1383.9788818359375,137812,,
2026-03-23,1373.7257267700427,1376.513044966715,1306.0348938567363,1311.5098876953125,195886,,
2026-03-24,1343.8621217898694,1349.7353212918651,1295.084904036015,1315.49169921875,319164,,
2026-03-25,1331.4189285551295,1375.3183993917173,1326.2426194577113,1363.2734375,376366,,
2026-03-27,1363.2734720939004,1382.2866082997782,1322.758566107676,1339.6812744140625,809673,548966.0,67.8
2026-03-30,1323.9530004650208,1335.0025087222316,1274.1803312746065,1280.949462890625,290832,141055.0,48.5
2026-04-01,1323.8534646511914,1351.5269955029519,1304.3426028494148,1346.052001953125,93708,39844.0,42.52
2026-04-02,1333.8080900613684,1376.5130669885307,1296.5781070603728,1371.4361572265625,132396,43407.0,32.79
2026-04-06,1383.6802378717694,1385.2729390223728,1338.8848344874314,1381.6893310546875,95527,36429.0,38.13
2026-04-07,1385.7706496462993,1402.7928784317617,1365.1648129347352,1383.1824951171875,262543,205454.0,78.26
2026-04-08,1443.407495033359,1464.8097440976467,1405.9784698100393,1416.2315673828125,201536,89104.0,44.21
2026-04-09,1427.4802614963985,1442.5115844378233,1405.5802853786015,1416.5302734375,68600,32566.0,47.47
2026-04-10,1420.7110566108563,1496.6642003179156,1419.118355459639,1455.05419921875,294708,116233.0,39.44
2026-04-13,1419.1183291346463,1476.854625781242,1399.7069880207046,1466.7010498046875,220572,103974.0,47.14
2026-04-15,1495.171051809813,1537.278780503524,1483.225610650214,1515.6773681640625,292054,148120.0,50.72
2026-04-16,1537.8759574521123,1537.8759574521123,1501.2432243098485,1526.726806640625,189706,78049.0,41.14
2026-04-17,1534.2924575563616,1559.477357038298,1523.043784917836,1531.10693359375,385762,273132.0,70.8
2026-04-20,1536.9800644729046,1538.97097129217,1503.3336906211955,1528.419189453125,121763,50365.0,41.36
2026-04-21,1540.961841005501,1647.176668649564,1534.989120691526,1637.32177734375,622735,172369.0,27.68
2026-04-22,1629.2585828804213,1759.961667054569,1614.7249870822411,1737.56396484375,800958,239253.0,29.87
2026-04-23,1731.5911783249253,1771.9070407693976,1700.234396423669,1724.0257568359375,334195,139837.0,41.84
2026-04-24,1715.5644746385806,1730.9940028851865,1667.981751826794,1682.614990234375,129232,52127.0,40.34
2026-04-27,1682.6149747571726,1709.2930536676915,1672.859482575186,1677.239501953125,100643,43040.0,42.77
2026-04-28,1677.3390637556581,1686.298144808359,1667.0858446114416,1674.949951171875,62779,29356.0,46.76
2026-04-29,1674.949913217413,1750.007125972302,1672.5608006877674,1716.26123046875,275307,99859.0,36.27
2026-04-30,1704.0171954752825,1750.0070944012043,1701.7276040266547,1729.0030517578125,258917,122655.0,47.37
2026-05-04,1741.944017298597,1760.0612214912135,1717.7544498457994,1744.3331298828125,153713,65068.0,42.33
2026-05-05,1727.3107381695118,1768.9207400301436,1727.3107381695118,1763.2467041015625,170927,85312.0,49.91
2026-05-06,1776.884301319339,1825.4624753620913,1758.9661402976315,1813.31787109375,333528,156900.0,47.04
2026-05-07,1816.7025168114924,1851.5433869969183,1804.3588699284508,1845.9688720703125,371083,221776.0,59.76
2026-05-08,1845.9688452329633,1879.4160558216424,1833.6251985293777,1867.37109375,254014,135489.0,53.34
2026-05-11,1856.520612203979,1886.384214545062,1806.0511728536728,1855.126953125,311146,163265.0,52.47
2026-05-12,1845.9688480097066,1889.2710718186147,1775.391176165229,1839.8966064453125,333512,155489.0,46.62
2026-05-13,1831.6342567273307,1866.2760836672098,1795.5988922391443,1847.959716796875,165337,70680.0,42.75
2026-05-14,1848.5570404429398,1869.3620416685965,1786.8389270840478,1831.8333740234375,181332,94533.0,52.13
2026-05-15,1851.244718127229,1851.244718127229,1793.8071031099123,1818.09619140625,119062,41238.0,34.64
2026-05-18,1801.770677880147,1827.0552188783226,1710.1889638663497,1740.55029296875,322808,179315.0,55.55
2026-05-19,1760.4593823856153,1851.543370787246,1752.097549311256,1797.58984375,397231,120217.0,30.26
2026-05-20,1788.3320623029742,1842.584273488898,1772.703492273887,1815.70703125,199127,78225.0,39.28
2026-05-21,1817.6978877111785,1846.3669939109932,1750.4052629401567,1777.1829833984375,229989,130588.0,56.78
2026-05-22,1795.4992683109353,1811.7252075118074,1725.1207607791002,1731.889892578125,215366,116062.0,53.89
2026-05-25,1738.658926994177,1756.1788829629752,1732.1884797346831,1737.962158203125,101746,56229.0,55.26
2026-05-26,1747.916665382624,1750.803504572143,1714.9671818437052,1719.24755859375,107415,58117.0,54.11
2026-05-27,1729.1025569273477,1732.0889171292947,1688.288967500738,1707.0035400390625,142911,77925.0,54.53
2026-05-28,1707.0035400390625,1707.0035400390625,1707.0035400390625,1707.0035400390625,0,0.0,0.0
2026-05-29,1708.994488934788,1724.9217437374784,1648.7695567121157,1674.3526611328125,188681,124803.0,66.14
2026-06-01,1667.3844598737605,1675.5471292204518,1642.7968092805515,1662.5067138671875,111984,68631.0,61.29
2026-06-02,1642.498104345399,1687.2935071911827,1629.8558948150453,1678.8321533203125,65617,29958.0,45.66
2026-06-03,1678.9316559999038,1710.985327928271,1666.0902830214552,1691.17578125,87044,33661.0,38.67
2026-06-04,1691.1757984525188,1703.4198023118543,1662.407171010415,1669.07666015625,35584,17083.0,48.01
2026-06-05,1682.316317090447,1708.1981065841462,1667.3845154594667,1672.4613037109375,58651,19892.0,33.92
2026-06-08,1662.4072663803206,1663.9999676019336,1630.0550291603442,1657.23095703125,84762,42400.0,50.02
2026-06-09,1667.384510708482,1677.1400030190507,1637.5209075316136,1670.6695556640625,74996,32986.0,43.98
2026-06-10,1684.3071519991388,1694.2616859944055,1649.5658040525961,1657.1312255859375,69608,25403.0,36.49
2026-06-11,1643.5930898987713,1657.1312318806984,1600.6890725192582,1605.069091796875,49274,25651.0,52.06
2026-06-12,1622.5891223284282,1677.6377466798065,1622.4896012865627,1662.3077392578125,121379,50075.0,41.26
2026-06-15,1692.171319351418,1697.1485865290415,1645.8827345995219,1659.1221923828125,96136,54434.0,56.62
2026-06-16,1662.4072334820569,1673.2577002072476,1630.5527236189278,1633.8377685546875,71628,40711.0,56.84
2026-06-17,1642.2990750665047,1651.755882407621,1602.6799809681258,1607.9559326171875,115927,75330.0,64.98
2026-06-18,1611.9377268510898,1664.7962776822271,1605.666321873113,1650.6607666015625,203931,85810.0,42.08
2026-06-19,1660.3167387231922,1684.6058258188975,1627.2676131617218,1636.923583984375,248472,125679.0,50.58
2026-06-22,1642.5976631455246,1681.3208254655249,1623.5845271369278,1663.900390625,289024,123126.0,42.6
2026-06-23,1678.334408556712,1678.334408556712,1612.6344850900794,1630.453125,155166,83658.0,53.92
2026-06-24,1617.6118595778826,1647.4754631393203,1608.652778509451,1637.719970703125,144639,65070.0,44.99
2026-06-25,1644.2900370123045,1648.0726871664078,1609.0509610143765,1615.023681640625,90108,53625.0,59.51
2026-06-26,1615.023681640625,1615.023681640625,1615.023681640625,1615.023681640625,0,,
2026-06-29,1607.9559474509952,1610.643623061352,1544.9436977696034,1556.5904541015625,166880,,
2026-06-30,1557.884549304083,1568.9340575871404,1534.0931890723525,1539.369140625,104910,,
2026-07-01,1549.3237224470226,1565.2509771182533,1527.0255416042378,1541.75830078125,404250,,
2026-07-02,1552.708287816421,1577.6941442699808,1537.8760076060419,1565.2509765625,166533,,
2026-07-03,1569.0336742955928,1595.8113963185237,1545.9392029351404,1551.0159912109375,126571,,
2026-07-06,1551.015934185107,1616.5168171847363,1551.015934185107,1594.9154052734375,256779,,
2026-07-07,1602.7795089147673,1616.417293522036,1592.7254537907747,1605.765869140625,150770,,
2026-07-08,1602.6800045680227,1605.367680193162,1542.9527994288417,1564.156005859375,199541,,
2026-07-09,1564.2554738180402,1627.466763778713,1564.2554738180402,1613.8289794921875,202711,,
2026-07-10,1619.6026828144009,1661.710410266897,1619.6026828144009,1636.525390625,153220,,
2026-07-13,1618.6072412474662,1672.3617252741346,1605.9650315732433,1659.619873046875,151399,,
2026-07-14,1656.3349764263162,1700.134927080456,1639.213104625057,1661.71044921875,314981,,
2026-07-15,1670.3708091830251,1732.088920130193,1661.7104131884973,1689.284423828125,450134,,
2026-07-16,1697.2481239872152,1755.9798772512888,1688.6872486619552,1733.880859375,387052,,
2026-07-17,1746.9212883011257,1746.9212883011257,1688.9858244496118,1700.2344970703125,153400,,
2026-07-20,1694.2617036730617,1707.2025980019394,1675.348088884702,1682.017578125,78757,,
2026-07-21,1681.3207819502582,1718.6502842138073,1672.4612224433145,1700.5330810546875,184795,,
2026-07-22,1696.3520885425935,1708.1980081234337,1673.8548663517213,1688.2889404296875,95795,,
2026-07-23,1672.461235335865,1687.2935153193146,1640.5072054550033,1646.2808837890625,124390,,
2026-07-24,1639.5118209367017,1655.9368027493645,1627.0686528968056,1642.0999755859375,91731,,
2026-07-27,1664.0,1698.800048828125,1659.0,1678.9000244140625,95397,,
2026-07-28,1685.0999755859375,1694.800048828125,1647.0,1651.300048828125,75838,,
2026-07-29,1654.5999755859375,1686.300048828125,1652.199951171875,1674.5999755859375,54921,,
2026-07-30,1679.9000244140625,1681.4000244140625,1635.0,1643.9000244140625,114821,,
2026-07-31,1652.0,1671.0,1645.5,1662.199951171875,137803,,
2026-08-03,1667.0,1725.0,1656.0999755859375,1713.800048828125,179743,,
2026-08-04,1720.0,1753.5,1710.4000244140625,1717.699951171875,281164,,
2026-08-05,1845.0,1851.0,1712.199951171875,1736.699951171875,3771929,,
2026-08-06,1737.0,1763.699951171875,1720.5,1750.4000244140625,429324,,
2026-08-07,1770.9000244140625,1835.0,1762.0,1796.5,1628102,,
