date,open,high,low,close,volume,delivery_qty,delivery_pct
2022-01-03,1110.4597929147535,1114.4230889163596,1103.4115143658576,1110.70751953125,320478,,
2022-01-04,1114.6708083038577,1117.7783314241508,1104.3122512973976,1115.0311279296875,281850,,
2022-01-05,1116.92256676072,1121.876658790707,1111.0226495433674,1116.764892578125,262040,,
2022-01-06,1111.5179855677834,1111.5179855677834,1099.4479951761482,1103.5013427734375,321872,,
2022-01-07,1111.4056510890127,1111.4056510890127,1096.8360709660515,1099.24560546875,466362,,
2022-01-10,1107.9152421696615,1139.441285646034,1101.1596614247246,1134.1494140625,571308,,
2022-01-11,1126.1326324815593,1143.0441228782415,1117.3729191729383,1120.187744140625,324198,,
2022-01-12,1129.9835265594675,1129.9835265594675,1110.1896960224758,1122.011962890625,325920,,
2022-01-13,1127.6865393857659,1129.2404109317156,1111.1804476270004,1114.220458984375,380320,,
2022-01-14,1112.418941778007,1125.4797309729713,1105.6633611599218,1112.689208984375,1178016,,
2022-01-17,1118.9043117976053,1123.4981948136071,1109.4015272198653,1121.0435791015625,361658,,
2022-01-18,1123.227958771082,1128.1595110178455,1094.6968437436649,1103.1864013671875,750070,,
2022-01-19,1109.3564337912421,1109.3564337912421,1075.7362035669241,1078.28076171875,529226,,
2022-01-20,1075.4884589464052,1080.4425515127414,1061.414332337496,1077.785400390625,483362,,
2022-01-21,1075.8937048321195,1075.8937048321195,1057.0906724686993,1067.1114501953125,443462,,
2022-01-24,1071.7953495165582,1071.7953495165582,1006.5814593747466,1017.3228759765625,836278,,
2022-01-25,1002.0777564913183,1015.1385452276096,977.5999929297636,1004.622314453125,1141066,,
2022-01-27,1006.4463408299171,1006.4463408299171,953.887947578791,964.1339111328125,1967572,,
2022-01-28,979.5140838987165,1013.9675441878552,964.606835680718,983.5224609375,1610088,,
2022-01-31,1003.8792152371121,1003.8792152371121,987.328043788048,993.1603393554688,925676,,
2022-02-01,1003.8792673798382,1004.2845582302452,984.6933746811097,998.1370239257812,723238,,
2022-02-02,1002.595719679214,1040.3594609781856,1000.2988881404334,1033.739013671875,465478,,
2022-02-03,1036.3285442037845,1050.7404486434164,1027.2985633375067,1039.79638671875,708646,,
2022-02-04,1041.3501054180426,1044.4126569765388,1031.3518691143913,1035.99072265625,325362,,
2022-02-07,1036.7564975359992,1037.769834686067,989.1296514828142,995.1871337890625,695744,,
2022-02-08,999.8259098132169,1003.3162930569341,980.0095404295314,995.074462890625,552252,,
2022-02-09,996.2230588890836,1010.6349657084555,996.2230588890836,1005.5908203125,403778,,
2022-02-10,1010.0942913640475,1011.0850877219983,992.484703092908,1000.2310791015625,409024,,
2022-02-11,990.8185645103645,1001.6500348995859,986.4725179704101,996.155517578125,504344,,
2022-02-14,968.8628288483657,983.7926176506029,961.5442833660712,978.36572265625,919224,,
2022-02-15,978.2080941858574,995.8851971770152,976.04628635153,991.31396484375,541674,,
2022-02-16,998.4748345940698,1005.2078747490211,986.7877018903881,993.3406372070312,680230,,
2022-02-17,995.3221248274242,999.7357924396513,982.734249357192,993.453125,516916,,
2022-02-18,990.8184308659913,997.0785578793663,982.2613625994214,990.4806518554688,278678,,
2022-02-21,986.3148136799268,988.5666739851322,973.344076331121,977.8252563476562,351516,,
2022-02-22,969.2006325253241,986.2696889027453,948.9338906741905,982.57666015625,588930,,
2022-02-23,990.7508790696464,993.5206228625323,978.0503008231732,983.1395263671875,392026,,
2022-02-24,955.2390893224523,967.3090818902859,905.2477932758741,910.2244262695312,1213858,,
2022-02-25,925.5145881638107,950.2399704061023,923.8482335238768,937.2017211914062,658860,,
2022-02-28,934.9723891247298,953.1673762223895,914.2552745294805,939.566162109375,557100,,
2022-03-02,932.2700921612462,956.5901815219745,925.5370523753477,954.0680541992188,571486,,
2022-03-03,961.5442963498912,964.5392264060582,936.7738343830322,940.5344848632812,570808,,
2022-03-04,933.1483268799144,948.1682784050996,922.3619385058852,937.4494018554688,382966,,
2022-03-07,936.7737940845046,936.7737940845046,895.2720017790523,918.1058959960938,606024,,
2022-03-08,914.2552100509957,950.2849720234489,903.9191940759698,947.5376586914062,513640,,
2022-03-09,957.0405882663268,970.9795809610775,936.8413582217435,960.8236694335938,517234,,
2022-03-10,984.0628960645574,984.0628960645574,963.9987999228539,977.0370483398438,637904,,
2022-03-11,978.658379751172,981.3606118167528,963.7961033904778,976.3164672851562,568852,,
2022-03-14,975.0103562406232,978.9736520648579,953.8879521782809,970.39404296875,482520,,
2022-03-15,968.8177497345475,979.0862540240138,954.1806587386726,960.2606811523438,520738,,
2022-03-16,968.2999106077513,1002.9785585690521,966.4533412151792,994.9619140625,961796,,
2022-03-17,1011.0851602153762,1013.111834255897,1002.9784640532929,1007.9325561523438,757724,,
2022-03-21,1011.8733232236993,1015.9266713527807,966.3182379546116,969.5834350585938,735788,,
2022-03-22,969.583452507426,975.888660821689,955.239059610835,972.9612426757812,554896,,
2022-03-23,977.1271732159246,1010.0943829083398,977.1271732159246,999.3529663085938,1190516,,
2022-03-24,981.811089246972,1002.0778319149141,977.307368654096,981.8786010742188,578194,,
2022-03-25,982.7342711082151,990.2554617203413,964.7643618508671,967.1063842773438,432250,,
2022-03-28,969.1105744908481,975.7985332904912,937.7420960350528,943.394287109375,878392,,
2022-03-29,944.0698183737064,951.83873581779,938.8230282554322,943.1015625,1049630,,
2022-03-30,951.1858079059217,977.3073878578836,950.2850637696472,974.2899169921875,879084,,
2022-03-31,974.2897296699551,987.1027905541283,961.4990994215816,966.5208129882812,827048,,
2022-04-01,972.7810881953698,1032.2978206235919,972.105530119822,1025.27197265625,1497586,,
2022-04-04,1035.8557569499735,1116.922729233015,1030.7439899938122,1060.626220703125,4182148,,
2022-04-05,1069.678768060768,1070.5344310286166,1045.6739142761596,1054.523681640625,719118,,
2022-04-06,1049.3443628536984,1058.8247167404754,1038.4002997668335,1046.7998046875,371754,,
2022-04-07,1044.8632574383778,1060.1533680294638,1027.343826974186,1029.8658447265625,352644,,
2022-04-08,1031.3520551491797,1045.0884034819526,1016.9401487016803,1023.515625,487762,,
2022-04-11,1023.4929307522133,1030.2259702940246,1012.9091885437282,1016.4896240234375,291488,,
2022-04-12,1015.5889036960039,1015.5889036960039,995.840046664663,1000.4563598632812,325994,,
2022-04-13,1001.8526004933123,1005.4555768043693,987.8459861024335,990.0303344726562,292608,,
2022-04-18,969.6510773179077,1001.875221269761,969.5159437046057,983.4774780273438,629102,,
2022-04-19,986.7651162224154,994.9844057573579,935.9631293252091,950.0823364257812,412086,,
2022-04-20,958.8420399078794,968.2998524198877,939.4760428594817,944.2724609375,489726,,
2022-04-21,948.0331709267859,952.536891453754,938.8230844399591,942.51611328125,825382,,
2022-04-22,943.0565141210652,943.0565141210652,919.2093365191922,921.7089233398438,632786,,
2022-04-25,918.7589315286004,918.7589315286004,893.9884701393489,902.9959106445312,1034722,,
2022-04-26,914.2326857956654,943.079036481147,898.4922052434997,940.0841064453125,1649262,,
2022-04-27,927.7663916051303,958.8420620035545,921.6863691358733,933.1483154296875,878176,,
2022-04-28,922.3619262145379,942.1782957230533,921.0108101116846,924.7263793945312,808210,,
2022-04-29,933.4861118858879,940.8046575873867,916.5071078492332,919.547119140625,564870,,
2022-05-02,914.2553292944074,918.2186256191188,904.7975155430859,913.7149047851562,428378,,
2022-05-04,918.7589449048369,926.3927288532979,889.4847628367907,898.67236328125,599054,,
2022-05-05,903.2210653494873,911.0125231072221,874.6224427368259,878.4055786132812,774850,,
2022-05-06,873.7217941517971,894.5515018731994,864.1739284951883,881.8284912109375,1008670,,
2022-05-09,880.9277185602077,888.2462642793301,861.1113486130456,870.3665161132812,723322,,
2022-05-10,867.4166016259448,885.8818563853756,857.9587882125778,863.656005859375,342030,,
2022-05-11,869.1954880754339,869.1954880754339,829.630315745204,845.2357177734375,1026448,,
2022-05-12,844.8979450950629,855.5042286034698,821.0282270300105,828.7070922851562,804694,,
2022-05-13,836.340920156549,838.1424084067515,788.6014815261806,797.1810913085938,1050734,,
2022-05-16,802.9232342603497,813.6870812217428,789.3669928985688,793.1051025390625,710618,,
2022-05-17,798.4196046726352,817.4252834879788,785.4714080333628,815.803955078125,711520,,
2022-05-18,818.8214431975498,824.4510940294139,797.226124597343,799.4554443359375,773028,,
2022-05-19,789.7948824777399,789.7948824777399,766.2629450700748,768.6724243164062,908994,,
2022-05-20,776.8467918022517,781.9134775719061,767.434004576993,768.695068359375,922912,,
2022-05-23,771.0369070558997,792.1593660308209,766.7583728169798,781.508056640625,1010950,,
2022-05-24,782.0035068055861,783.3996491808563,761.1287730490316,766.6908569335938,1556362,,
2022-05-25,771.1945102417367,774.6398671579369,762.5248489377889,767.6140747070312,789928,,
2022-05-26,767.8843641637272,785.2687147265091,761.556614714546,782.814208984375,1438536,,
2022-05-27,789.0292383776916,817.267597015401,784.7732447798932,813.9122924804688,1946848,,
2022-05-30,820.0825023763952,830.3734930439279,814.8131162410813,826.56787109375,1463004,,
2022-05-31,822.7396440259283,876.0636482427503,814.3401946952017,854.2656860351562,13577036,,
2022-06-01,835.4401349873497,850.5951651430433,826.4326941788606,835.1023559570312,1351464,,
2022-06-02,826.477700065679,851.2256760647213,826.477700065679,848.9738159179688,816324,,
2022-06-03,849.4016839874671,854.8061485727532,836.363435166287,838.6152954101562,1210156,,
2022-06-06,831.4767869952885,844.1547701350815,818.7763182411153,836.7911987304688,1145434,,
2022-06-07,826.5227774109518,845.5285112116779,815.848981645769,842.5785522460938,1095938,,
2022-06-08,843.0964987073075,863.81361352597,836.543563224929,856.0897216796875,1499808,,
2022-06-09,852.4743691276252,868.3402256331474,847.9609761280705,866.3368530273438,1141286,,
2022-06-10,854.7771478308844,862.1459163466678,848.9051604198694,860.4649047851562,1056070,,
2022-06-13,844.691132312262,850.5170761475639,828.986455700888,835.342041015625,1202352,,
2022-06-14,831.289177368869,840.9606858036315,828.4567957976975,838.4967651367188,1091066,,
2022-06-15,835.8946737766005,844.1384947508077,828.088407162086,842.3423461914062,739502,,
2022-06-16,846.7175450390533,855.099496617014,817.9793369986661,822.05517578125,1167180,,
2022-06-17,814.2489376966104,819.5221902861903,788.9648389643319,814.3640747070312,1566354,,
2022-06-20,814.2489291912954,826.6606762973231,808.7223527488205,823.1605224609375,569824,,
2022-06-21,827.1442765045007,858.0240449496738,821.7558869459269,854.3396606445312,575904,,
2022-06-22,847.8688493853291,851.6453204147226,838.0822046001915,842.1119995117188,497476,,
2022-06-23,841.8817859508758,847.6155863488951,831.0589074115729,836.2631225585938,558512,,
2022-06-24,845.1055971527212,851.0236278289891,831.8417919958165,836.3782348632812,612724,,
2022-06-27,834.9735520680814,848.1452140670061,806.6498491159649,809.620361328125,2570418,,
2022-06-28,807.3406663988713,824.6803103237903,803.1957342838742,806.0050659179688,1487020,,
2022-06-29,815.0318265447271,817.3115730257273,800.3633830269308,803.5872192382812,1114752,,
2022-06-30,805.9590588554832,828.0653644698051,805.9590588554832,825.4632568359375,1267064,,
2022-07-01,820.6965607931928,846.9477975862411,819.6372778734966,844.6911010742188,895768,,
2022-07-04,846.3952045139343,864.3565779490325,844.0003209910424,861.3399658203125,454204,,
2022-07-05,865.8302779714206,872.1628132491371,855.2376735068766,857.9088745117188,521942,,
2022-07-06,861.2247930940489,881.9034103325082,856.7114000329187,880.0612182617188,442132,,
2022-07-07,880.7980664504412,886.3015926655338,874.5806683343204,877.8045043945312,403752,,
2022-07-08,881.9494990642263,903.9406680356711,881.7883184936246,901.4076538085938,1269312,,
2022-07-11,898.0685937001437,906.5426880845464,891.1834236361376,902.098388671875,899494,,
2022-07-12,900.3253019352842,900.3253019352842,879.0940502496342,882.9165649414062,382724,,
2022-07-13,887.9135976107406,890.7229857136037,873.1760598928796,878.196044921875,276530,,
2022-07-14,878.1960204465109,890.2393629585259,870.4127473123368,873.9819946289062,531770,,
2022-07-15,878.6335333125523,882.847502711857,868.1560658781957,874.0740966796875,254356,,
2022-07-18,879.6467384328337,891.1604391976613,877.0676807053607,889.1110229492188,294758,,
2022-07-19,887.9365652762534,892.0354538183165,882.0185345782965,889.571533203125,179236,,
2022-07-20,895.3054001488703,899.6575566896742,882.8706029245805,885.03515625,212444,,
2022-07-21,884.2522129028454,892.0815293712559,870.8963201037919,886.5780029296875,546774,,
2022-07-22,892.5420953382782,893.3711042922337,862.1459249088011,875.8472290039062,1346888,,
2022-07-25,870.2055039154561,877.9196834288638,847.4083763982213,856.780517578125,1300298,,
2022-07-26,858.9220460171571,869.9751983519623,851.1618232259439,857.6785888671875,1063332,,
2022-07-27,856.6193105735998,882.4099994940954,853.0961070040055,877.8966064453125,1269298,,
2022-07-28,886.3016439118372,901.753052981521,880.6369368100463,895.8350219726562,897814,,
2022-07-29,906.8190650090062,914.1878334397549,892.2887522719271,896.8251953125,730708,,
2022-08-01,903.3188682003419,931.2971595025276,894.8447736649679,921.0269165039062,789388,,
2022-08-02,921.0269905747537,929.3859487811283,917.6880172701633,925.517333984375,585892,,
2022-08-03,925.5633580112304,935.8336016190577,916.0300362304654,921.8099365234375,1076640,,
2022-08-04,921.8098345982415,931.7346098652172,904.9767833914841,915.27001953125,648396,,
2022-08-05,917.6880094763678,925.1489214251511,909.8586928286494,922.0402221679688,383160,,
2022-08-08,921.0960668477921,928.8793398565044,913.750348202378,923.2606201171875,446366,,
2022-08-10,926.8068201653331,927.4745922875243,910.96395748693,913.95751953125,249620,,
2022-08-11,920.3361256551925,942.2812500790338,914.6483688450445,933.6229248046875,889022,,
2022-08-12,935.373022074106,939.4949043365641,897.2166301279789,901.0621948242188,1864974,,
2022-08-16,907.0493684672646,1021.8870676834881,891.3907350436103,1004.6165161132812,10922088,,
2022-08-17,1001.692019551478,1014.6564023233805,992.2738343151173,1000.5406494140625,1546116,,
2022-08-18,994.7837704439154,1010.3503167468925,990.1782900251936,1004.6165161132812,928660,,
2022-08-19,1007.6791319364354,1019.1928331697128,985.5728255685428,993.4482421875,1051182,,
2022-08-22,985.572774205603,989.1881211798343,966.0685203574961,968.8548583984375,1040126,,
2022-08-23,962.5454330747672,997.5009854057706,960.7953279814787,994.046875,1906038,,
2022-08-24,983.2700342087884,989.9940803548833,968.0719493709007,973.6906127929688,879180,,
2022-08-25,978.6415040659169,979.954110913673,969.5917803423861,973.6906127929688,528602,,
2022-08-26,979.7928596953956,985.0661120207368,959.966245006716,962.338134765625,643744,,
2022-08-29,937.2152690848634,951.1007476293254,935.0046159870395,941.613525390625,584042,,
2022-08-30,947.7388104761296,958.861000448299,942.2121778854275,955.591064453125,662106,,
2022-09-01,949.6500274504178,951.0316715252729,935.0276276582013,939.84033203125,439428,,
2022-09-02,944.1003698694888,944.1003698694888,921.9019782926384,927.7509155273438,560312,,
2022-09-05,930.3070386318174,934.6362014415764,920.1289382153872,921.9711303710938,419436,,
2022-09-06,927.9811378868809,929.2476448428997,907.302578380363,908.6381225585938,664098,,
2022-09-07,905.4374248144045,928.4648262593283,904.9308332264645,925.7015380859375,549996,,
2022-09-08,930.3300949027774,937.8369942572273,926.208156194565,930.8596801757812,337060,,
2022-09-09,932.8400384235312,943.4326431550745,923.8593518033096,928.2345581054688,389858,,
2022-09-12,934.4289528829062,946.1959781655074,930.5603941997039,938.3206176757812,317286,,
2022-09-13,943.0181270173999,953.0810901440382,939.5410231518201,942.0049438476562,418618,,
2022-09-14,923.3987704821006,941.5443735249486,923.3987704821006,935.6263427734375,362474,,
2022-09-15,941.2681090714609,945.4360913319261,923.4218724753551,925.58642578125,411116,,
2022-09-16,928.4648542979298,928.4648542979298,886.6701194132388,895.4205322265625,704046,,
2022-09-19,899.7957397128656,908.7073331080156,889.5254958582599,893.8316650390625,287422,,
2022-09-20,898.3219842578121,901.6379075929574,893.2329060281144,895.466552734375,535040,,
2022-09-21,895.466570183567,900.5786421828815,887.4991228244171,893.3941040039062,395122,,
2022-09-22,891.6209583810821,891.7821389427265,876.4228738632228,882.8014526367188,389762,,
2022-09-23,886.4628610843254,886.4628610843254,865.8302870748453,868.9620361328125,371136,,
2022-09-26,868.5935842623134,868.9159453954987,850.6322110988827,852.5204467773438,741134,,
2022-09-27,854.3166086500221,862.7446602149674,838.6579753917467,857.5173950195312,485374,,
2022-09-28,852.9348442149496,862.8135757274774,843.2633368021451,856.4349975585938,395950,,
2022-09-29,860.7181293735716,870.8501849136508,847.7076489641518,859.9121704101562,1252934,,
2022-09-30,863.0669880228841,879.0940815795218,855.2376716961023,870.2515258789062,653374,,
2022-10-03,872.7385160183751,875.0412561661809,842.8028940969006,846.6715087890625,781916,,
2022-10-04,858.438511991908,882.5942908525916,855.5600866905331,871.5411376953125,361406,,
2022-10-06,875.5018080659512,885.0351298323128,873.1990679079661,880.3836059570312,390740,,
2022-10-07,875.5938977054153,886.5319134873354,868.8008142198017,883.0548095703125,307562,,
2022-10-10,872.7385402207102,883.6535063363008,869.560747484765,882.5021362304688,455792,,
2022-10-11,886.9234490007372,894.3843048542543,874.8570564704362,877.5973510742188,596638,,
2022-10-12,877.8044588955967,888.8576105291194,869.7679190497507,886.5548706054688,218128,,
2022-10-13,886.4858588866732,890.6998845792808,877.919676824847,884.3442993164062,297862,,
2022-10-14,891.3907699307453,893.3941427474483,870.4818767675699,873.590576171875,424174,,
2022-10-17,871.8173965262232,885.4496065909733,870.5278395904164,881.6500854492188,256152,,
2022-10-18,884.8048676963524,896.2264815210079,884.6897306869073,890.7919921875,256372,,
2022-10-19,895.2593180323225,916.0300227389656,893.4862193779582,902.8123168945312,899214,,
2022-10-20,895.3052950154037,943.6628340980258,882.4330011472958,937.3763427734375,1352236,,
2022-10-21,937.215180337051,963.9039144589537,935.8335363365541,953.1271362304688,1215872,,
2022-10-24,961.6242929559684,961.6242929559684,947.8078519652216,949.0282592773438,82958,,
2022-10-25,951.0317377198498,954.6009851616556,938.5278467282556,948.7980346679688,328664,,
2022-10-27,951.0316796156985,971.5491167895354,947.3933951630222,957.318115234375,712260,,
2022-10-28,958.8149228219468,966.2297912670265,946.8177362891776,953.0120849609375,460058,,
2022-10-31,957.7786805667083,963.7888549397344,951.2619708158646,955.4530029296875,209184,,
2022-11-01,956.5582610459835,966.2067198143836,954.7621686992399,962.6605224609375,237362,,
2022-11-02,962.5453616819402,973.9669750642356,958.4004295024487,969.8450927734375,290154,,
2022-11-03,968.9009522804514,972.6543736886554,957.96293674543,966.3218383789062,340766,,
2022-11-04,965.5389589156886,972.9767647328001,953.6798469709812,961.8776245117188,192728,,
2022-11-07,962.0848089973168,968.0258334503905,957.0187808025009,961.900634765625,164952,,
2022-11-09,963.4664797301548,977.2829206440671,958.6768251887254,967.0587768554688,316028,,
2022-11-10,965.3086625695809,967.0587675562108,949.1204444298401,959.8281860351562,163298,,
2022-11-11,964.640978946744,989.9250229210503,963.1211478336534,968.2332763671875,1345344,,
2022-11-14,973.091821706193,973.091821706193,948.7288775446362,954.2785034179688,313790,,
2022-11-15,954.4857652057374,963.2592274170376,949.8341852587755,957.4332275390625,157966,,
2022-11-16,958.4004851547899,966.2298019484618,948.7289761743715,954.8312377929688,275166,,
2022-11-17,954.8312037809181,954.8312037809181,935.4421429499195,942.8800048828125,433848,,
2022-11-18,942.9260789211913,947.7388397247452,935.0276687027082,945.2979125976562,270904,,
2022-11-21,942.7417600695561,958.4003921371501,936.2480444853721,954.0021362304688,302092,,
2022-11-22,951.7224348683932,984.4903798474602,948.9130471140543,969.8679809570312,732076,,
2022-11-23,969.9601767140621,983.7305167816359,962.5683589106624,980.2533569335938,668864,,
2022-11-24,983.2699795004847,984.1910755000168,972.6543256181823,978.457275390625,400450,,
2022-11-25,979.6778620474795,998.0076982830635,978.5956415129012,996.1424560546875,619012,,
2022-11-28,998.0074593202268,999.8496512156033,988.2208148760391,997.6620483398438,532162,,
2022-11-29,996.6259468712057,1005.3763595285776,990.6618723108518,1001.0701904296875,340700,,
2022-11-30,999.8959404945774,1008.6002538745364,995.8430950689358,1007.2647094726562,586172,,
2022-12-01,1008.7383523622134,1014.6793768546477,1003.9946852606707,1013.1595458984375,882018,,
2022-12-02,1013.1366735187007,1026.9760524806657,1006.7580380460782,1010.4193725585938,717518,,
2022-12-05,1013.6892129058238,1015.7386290484912,1001.6919148403847,1007.1264038085938,443760,,
2022-12-06,1001.5998974881427,1011.7319543439501,997.1095541088645,1009.5213012695312,172734,,
2022-12-07,1010.9028859766241,1057.418235171904,1008.6001459174519,1047.194091796875,3790416,,
2022-12-08,1054.1713218221005,1058.7077645962422,1034.2066334906826,1057.118896484375,763662,,
2022-12-09,1057.8787574525982,1058.1090314529142,1027.022041410228,1037.6376953125,541712,,
2022-12-12,1037.56871040384,1037.56871040384,1020.6206312401806,1030.614501953125,274230,,
2022-12-13,1035.7724922359118,1047.746740701067,1030.752563816297,1035.3809814453125,344990,,
2022-12-14,1036.3020732055747,1049.4507415497987,1032.6407389661465,1045.766357421875,531526,,
2022-12-15,1044.8452060034545,1052.2600736432369,1033.285518877952,1039.6409912109375,393512,,
2022-12-16,1036.6937622347054,1058.3395227078424,1016.5678329633399,1030.9599609375,732356,,
2022-12-19,1031.6275753568884,1059.1914196113482,1025.295040017086,1055.0234375,556018,,
2022-12-20,1056.4971607386547,1066.0074324019947,1030.9597954482524,1047.2171630859375,760928,,
2022-12-21,1046.8256055916372,1064.7408778434858,1021.3342287774885,1026.3773193359375,458696,,
2022-12-22,1029.324821504817,1033.8612644631278,1001.9683141771284,1005.4224243164062,484168,,
2022-12-23,992.619142163699,1000.7708194014547,949.5348536129541,956.0286254882812,495826,,
2022-12-26,953.3805238588923,992.2507326962456,951.0316839256194,983.5924072265625,434092,,
2022-12-27,986.4707995317596,1001.6919339351134,985.4806662736067,996.8331298828125,195842,,
2022-12-28,996.8331198416262,1001.9452477387094,973.2991839444936,992.20458984375,356148,,
2022-12-29,990.1782757065246,1012.2615315072591,978.065839892743,1005.53759765625,567966,,
2022-12-30,1013.2055624892563,1016.7978592439581,995.6586393634851,1004.6854248046875,363530,,
2023-01-02,1008.6001800914001,1011.363468256034,1000.7708636249372,1008.6232299804688,301434,,
2023-01-03,1008.6002016321905,1013.2056820049403,1000.310336961241,1008.43896484375,339002,,
2023-01-04,1010.9029337005405,1014.7255048669228,998.122725768791,1004.4552612304688,244484,,
2023-01-05,1004.0177236176097,1015.508374115942,995.2442614351704,1012.9292602539062,313906,,
2023-01-06,1013.2056715079394,1029.3248526455657,979.9310761595536,983.4542236328125,554884,,
2023-01-09,987.4149401332281,1007.6790527105891,987.0925790117387,1000.3563842773438,328170,,
2023-01-10,1000.3563589219657,1001.2083052615595,983.2699830928307,986.9774169921875,168142,,
2023-01-11,987.875493005296,997.5931011053557,980.9442228860244,987.16162109375,154994,,
2023-01-12,987.8524196918698,993.0796845179511,976.8684172484399,990.5236206054688,121008,,
2023-01-13,990.5237463316244,997.086556228277,980.9673740259723,991.3987426757812,159516,,
2023-01-16,991.3757021852772,1000.6787496017156,967.1508316179312,972.6543579101562,3371700,,
2023-01-17,968.0719826683973,969.0391785303779,953.6568064901572,965.28564453125,416212,,
2023-01-18,963.4434734239504,966.6213224409961,951.9528220317775,953.4035034179688,266080,,
2023-01-19,953.1962067161542,956.5351798338659,946.4261733651796,949.5579223632812,225374,,
2023-01-20,948.7289734847577,952.3443206163932,928.718183400653,931.2972412109375,282894,,
2023-01-23,932.6097786261525,934.6822448008774,919.7144335389761,921.4645385742188,324428,,
2023-01-24,924.365907848591,925.7015083333179,901.2924635862204,904.3781127929688,604790,,
2023-01-25,909.6284247824224,911.8851214277843,886.9003901967452,890.7229614257812,761048,,
2023-01-27,893.4631752326824,901.568809289914,876.4459480683958,882.1797485351562,361980,,
2023-01-30,873.2220862588326,884.7127367444705,857.17194296197,862.4452514648438,451390,,
2023-01-31,863.1360685163838,875.0412233907734,857.079850910647,870.596923828125,964406,,
2023-02-01,874.5806968666345,881.7882846802368,842.8028832364092,857.1259155273438,440378,,
2023-02-02,854.2245011018915,866.5441607972385,845.7964497384995,851.0697021484375,1431272,,
2023-02-03,853.9711785467589,858.9220698340058,849.7571528584166,854.8231811523438,517762,,
2023-02-06,858.8990644798588,882.1337473642049,853.3494942016684,880.498779296875,374950,,
2023-02-07,884.2522145669292,886.9464092893394,871.9325548066868,877.343994140625,241960,,
2023-02-08,881.7192179361979,884.3904190418266,872.3010330554985,880.1072998046875,208500,,
2023-02-09,884.7357947342114,889.9169599499909,874.1201404044068,883.239013671875,315894,,
2023-02-10,883.6994925679534,898.8745261252581,882.7783966016408,887.1996459960938,285786,,
2023-02-13,887.0155555165016,887.0155555165016,868.1330852277288,870.1134643554688,208422,,
2023-02-14,863.5275634296917,874.5807162415916,861.0866363627001,868.9850463867188,272660,,
2023-02-15,870.4357635967056,878.7025781230625,866.7513794121692,876.5380249023438,179454,,
2023-02-16,878.2651018047081,883.1008561670308,870.0903741922101,872.738525390625,131960,,
2023-02-17,871.3108431244336,875.0412709831977,852.0138691152188,854.9153442382812,463290,,
2023-02-20,854.777081866,882.8244661085757,852.0137938858297,855.8363647460938,1843700,,
2023-02-21,861.4781702805732,863.0670385522167,842.7108373985013,844.253662109375,635752,,
2023-02-22,844.8062419073278,845.5661573775773,832.3944953638007,837.6217041015625,447640,,
2023-02-23,837.6217138384701,841.3751914563572,812.0152550950088,819.5912475585938,821366,,
2023-02-24,829.0325126349269,852.7737865008536,829.0325126349269,836.0098266601562,2504458,,
2023-02-27,839.6480838868519,841.5132695251934,820.0287506474741,830.6443481445312,774822,,
2023-02-28,833.9833371632046,836.7236315033139,822.0781825698365,833.4767456054688,820108,,
2023-03-01,833.5919089581537,840.5001291981383,824.841496654173,833.2925415039062,887272,,
2023-03-02,839.486917550094,839.486917550094,822.5387286490256,824.8875122070312,706140,,
2023-03-03,830.3680986185412,832.417514865649,825.6244314188251,827.2593994140625,725752,,
2023-03-06,828.9864512182842,832.3714679835771,825.1178365354172,827.3975830078125,621150,,
2023-03-08,819.7755009349972,831.6806563760755,817.9333087980647,828.7101440429688,486920,,
2023-03-09,828.802226909256,835.2038557960963,819.7754967284541,821.2722778320312,358764,,
2023-03-10,817.4727390075069,819.2458376482665,806.1893124690934,809.3440551757812,483118,,
2023-03-13,809.3440438143181,809.3670937027897,784.313270415146,788.6884765625,695654,,
2023-03-14,787.5370951312607,798.0836557777436,783.092795602023,788.9647827148438,497762,,
2023-03-15,797.6461046564609,797.6691545446921,769.1151778808521,772.223876953125,2143064,,
2023-03-16,771.4178976411445,781.1354491675822,757.4863206837447,774.9411010742188,1311204,,
2023-03-17,776.6221298599598,793.2479017366354,768.7006703757014,772.86865234375,1697922,,
2023-03-20,792.142538543769,793.0636345188199,732.0410261716981,773.7666625976562,12673650,,
2023-03-21,782.0105234271632,814.6633886821925,778.3952327811977,812.498779296875,3766286,,
2023-03-22,813.7883682701679,819.5221687507585,807.5709698708204,814.3410034179688,825532,,
2023-03-23,811.48560569899,820.5353854740441,801.652916782978,803.1266479492188,427420,,
2023-03-24,786.6160083193307,786.6160083193307,761.3319110937899,770.427734375,3935362,,
2023-03-27,769.1152113949726,775.9543384081393,752.3052082716692,773.9970092773438,1526448,,
2023-03-28,778.3261528971499,780.9512541204085,768.5625573721719,776.1385498046875,1223066,,
2023-03-29,779.2473158062663,780.3526423916846,767.5263901927415,772.8226928710938,618712,,
2023-03-31,773.720684737376,787.6753124319432,769.6217960565261,786.5469360351562,902898,,
2023-04-03,794.4222964866714,803.1727089974763,785.280429396863,796.7250366210938,899034,,
2023-04-05,794.6756018929218,806.8801243212976,789.7477606076511,804.2089233398438,829226,,
2023-04-06,804.5774264160879,809.2289503793386,797.4389317913315,802.0213623046875,545278,,
2023-04-10,802.7351600365855,807.8011880115725,799.0507760547767,806.1892700195312,336286,,
2023-04-11,806.9952948950887,811.9461862748132,805.9821117050747,810.3112182617188,300738,,
2023-04-12,809.6664868649378,822.999329849623,803.7023561431562,821.9170532226562,1039048,,
2023-04-13,823.0223578525371,833.5919123753459,815.4002656688122,825.2099609375,734168,,
2023-04-17,825.394131343119,833.7991326305939,821.2952989783181,832.2793579101562,746624,,
2023-04-18,835.434135992471,838.9573397061886,827.1903149171643,833.9833984375,1181168,,
2023-04-19,834.0524376030252,834.0524376030252,812.8672293591052,814.502197265625,308242,,
2023-04-20,814.9396949109022,818.8543529537067,811.7389087635987,817.104248046875,384836,,
2023-04-21,818.1405348859377,822.515741221635,811.9461862983579,815.14697265625,229222,,
2023-04-24,821.2953900808242,822.9303019865531,812.8903878610213,820.1900634765625,230562,,
2023-04-25,822.0781973195832,822.0781973195832,804.1398748293531,813.1435546875,1745618,,
2023-04-26,815.4233149560386,815.4233149560386,797.5309794989342,802.0443725585938,820700,,
2023-04-27,804.4622848339957,804.4622848339957,795.8270091273191,798.4060668945312,434814,,
2023-04-28,798.5442503458405,814.640381705894,798.5442503458405,812.544921875,737656,,
2023-05-02,816.1602261928108,838.6579868645769,814.2489405692322,833.0623168945312,691590,,
2023-05-03,832.4175075057013,837.7138098072444,823.7592383442887,825.3020629882812,1005008,,
2023-05-04,825.7395902645806,841.8818216409627,823.7592674134919,838.4737548828125,586264,,
2023-05-05,837.9671786052775,845.0365799426821,827.9502584982894,840.29296875,683020,,
2023-05-08,844.1845199196666,849.7110961548199,840.5922228791208,846.003662109375,546628,,
2023-05-09,851.7605380248743,856.5732987062462,836.9309138346374,838.9573364257812,838278,,
2023-05-10,840.5001613810911,851.9217751028982,837.43750571358,849.1354370117188,363862,,
2023-05-11,854.7540814494993,856.6193234317649,842.8028827312526,846.9478149414062,604038,,
2023-05-12,847.4083467867343,851.0927309031985,838.1973864955742,839.2796630859375,552918,,
2023-05-15,839.3257036370264,855.4218904197152,838.197383493097,848.582763671875,396182,,
2023-05-16,849.7111002051763,856.6193205320476,846.9478120744277,848.0991821289062,415416,,
2023-05-17,849.2505663400152,851.0697085687193,832.7859742865144,837.0,394416,,
2023-05-18,838.8421749738204,844.8062493458492,830.9437651860121,835.2498779296875,326998,,
2023-05-19,832.6478051565413,834.9045017929376,803.1957805312934,831.10498046875,1558850,,
2023-05-22,825.3251169937438,840.3619651494698,822.0782309049938,823.0684204101562,543252,,
2023-05-23,818.3017942502519,822.9993618525914,811.9462086995627,813.5811767578125,877554,,
2023-05-24,813.558063094926,813.5811129832189,801.3535407784722,802.2515869140625,598192,,
2023-05-25,802.2747025866132,816.1371876388935,801.3536064872026,812.4298095703125,473976,,
2023-05-26,814.2259068467635,856.6193775627694,812.8903624700453,854.6620483398438,2876044,,
2023-05-29,852.0368777919484,871.356844536983,852.0368777919484,862.9518432617188,1395728,,
2023-05-30,867.1199183096854,901.7531102716435,865.8073113504917,898.5753173828125,2787760,,
2023-05-31,902.674102464066,907.2795825786786,891.6900436345629,904.0787963867188,927370,,
2023-06-01,902.6740835336539,913.128500686884,895.7889133943961,898.068603515625,546834,,
2023-06-02,900.3482997522054,906.3584737042509,888.8806994048141,904.9307861328125,644040,,
2023-06-05,909.4672023164196,910.9179398229829,899.4502828833865,904.101806640625,1000932,,
2023-06-06,905.8979056327596,910.3191551383145,901.7529736801948,908.1546020507812,321998,,
2023-06-07,911.8850276793237,920.8426636705998,907.2795477415493,918.9774780273438,650232,,
2023-06-08,921.0960385026165,925.7015186951295,914.2338617719238,918.1715698242188,1038588,,
2023-06-09,917.8412224398005,917.8412224398005,899.8142856234525,912.7918090820312,929776,,
2023-06-12,911.9896115335998,920.3660132803684,904.9109621701335,917.8176879882812,484678,,
2023-06-13,925.4154315916395,933.343541962389,922.2300393615307,932.5884399414062,529990,,
2023-06-14,938.5816926229666,938.5816926229666,898.0682357332328,912.60302734375,2123676,,
2023-06-15,916.0243472165425,927.6805569700076,897.2423666971794,901.2536010742188,1136844,,
2023-06-16,908.4029823090294,922.3243250233179,897.1243812457966,905.2175903320312,1450668,,
2023-06-19,914.3726626859286,914.3726626859286,889.8097855586432,893.06591796875,1474618,,
2023-06-20,960.3367226129045,1004.0827507675849,937.260315152712,993.3231811523438,13175512,,
2023-06-21,1000.9917308511983,1003.0445851909553,961.4928916116328,966.70751953125,4267908,,
2023-06-22,972.134485621781,973.9277664532699,944.1502028718413,952.2906494140625,2954366,,
2023-06-23,955.6176124557857,956.0659038487817,941.4603144934778,951.4176025390625,3322258,,
2023-06-26,943.819914379828,953.2344949832884,941.5075440683582,946.8873291015625,1083154,,
2023-06-27,946.8873589284784,971.4266774753415,943.3480341380655,968.783935546875,2104108,,
2023-06-28,973.8804871548602,977.7973625666921,962.6962449980945,967.4153442382812,1066218,,
2023-06-30,1014.6064461252824,1108.9412040312282,1014.6064461252824,1083.340087890625,12373348,,
2023-07-03,1090.6311156592624,1091.504079926625,1064.3692581964867,1078.597412109375,1829276,,
2023-07-04,1079.9659236396647,1092.3771784023627,1068.8760397831945,1081.3109130859375,1300530,,
2023-07-05,1074.1850123213987,1093.604060473467,1074.1850123213987,1082.93896484375,1139106,,
2023-07-06,1084.4491160051236,1084.4491160051236,1060.0041564051749,1066.3985595703125,1002536,,
2023-07-07,1065.5726213125738,1069.5602371762488,1055.662512788409,1063.189453125,521722,,
2023-07-10,1063.2368776996907,1073.3593244347987,1046.9559822532187,1061.2076416015625,476006,,
2023-07-11,1063.1187614062937,1086.9738324886737,1061.7973905000822,1077.25244140625,983164,,
2023-07-12,1081.971527463734,1108.9883718415767,1079.9659101955099,1097.5445556640625,1621344,,
2023-07-13,1108.964744247856,1119.3703815028707,1096.2940314430157,1099.314208984375,1010370,,
2023-07-14,1099.550132077839,1126.2602800836537,1098.9366261290525,1123.05126953125,715316,,
2023-07-17,1127.8646569643377,1132.1118460491405,1111.3714290608284,1124.8916015625,921168,,
2023-07-18,1125.0333453538308,1135.8872744407176,1113.7075063066445,1119.4884033203125,921764,,
2023-07-19,1119.4883546442275,1143.1782105787297,1114.6512777614776,1136.4063720703125,841018,,
2023-07-20,1142.0220781060154,1221.940074160911,1135.1557652964125,1189.2838134765625,3632144,,
2023-07-21,1188.7411251849333,1189.2130351195044,1154.1737224775904,1179.5625,1328446,,
2023-07-24,1188.0096137353617,1200.2792717449443,1156.1793124414405,1178.61865234375,2410862,,
2023-07-25,1177.887212356691,1197.8961477636924,1162.668116764342,1192.5400390625,1485610,,
2023-07-26,1192.5164635966566,1192.5164635966566,1156.1793968388638,1173.2861328125,1282862,,
2023-07-27,1139.7098429881705,1180.435582242519,1130.554720214952,1154.5985107421875,3016510,,
2023-07-28,1158.5389358248485,1206.8860875177088,1153.7254773417,1197.825439453125,2076590,,
2023-07-31,1203.3467649474987,1219.415321934195,1188.174906001424,1195.81982421875,1178222,,
2023-08-01,1198.6513501368834,1208.0423126612643,1190.4636658925247,1206.343505859375,835482,,
2023-08-02,1203.3704046884407,1203.3704046884407,1166.655786553899,1175.763671875,1249000,,
2023-08-03,1174.1592354703157,1174.1592354703157,1126.4727102424783,1132.560302734375,1276424,,
2023-08-04,1142.7062741023165,1150.4927879278712,1119.1580147390782,1135.556884765625,873656,,
2023-08-07,1146.929971369169,1165.098505631835,1131.451416167257,1156.6041259765625,1329226,,
2023-08-08,1164.201791330443,1183.7860533248547,1158.656849681423,1176.943359375,1356486,,
2023-08-09,1183.1019484091892,1193.7435415906846,1168.4491203637633,1189.96826171875,997382,,
2023-08-10,1187.7736309560153,1226.021952397974,1184.5174986454533,1217.0556640625,1379696,,
2023-08-11,1223.6153453990012,1245.7951145377056,1204.314273233471,1208.49072265625,2347534,,
2023-08-14,1207.0983662327221,1207.0983662327221,1170.8792790340897,1177.273681640625,1446058,,
2023-08-16,1175.0556875290629,1207.8770451368591,1164.2253780298556,1204.88037109375,1621806,,
2023-08-17,1203.3467350563214,1210.8972941377076,1193.3186487763553,1200.9400634765625,976068,,
2023-08-18,1185.2253851741639,1193.318594234662,1167.977054518495,1180.5770263671875,1197650,,
2023-08-21,1175.0557225239218,1186.8534707420336,1161.2051200309047,1166.6793212890625,908582,,
2023-08-22,1170.1950472088051,1199.3118672660996,1161.9602418543454,1179.7041015625,1396386,,
2023-08-23,1184.470399114536,1202.4265964087228,1179.3030080162473,1194.94677734375,1158304,,
2023-08-24,1205.7063238331068,1209.977131994364,1168.000764283762,1177.3446044921875,1128098,,
2023-08-25,1175.008549040478,1194.8523856598167,1166.2310930185763,1179.1142578125,1311594,,
2023-08-28,1175.032197725732,1202.4029757753137,1171.1625590439596,1192.6580810546875,1341948,,
2023-08-29,1192.6344297595542,1204.0782461297863,1165.711943874942,1168.7086181640625,1403424,,
2023-08-30,1179.5860996425804,1197.7073947548633,1174.0646613266397,1176.8489990234375,2145634,,
2023-08-31,1177.415320912615,1207.3108622199413,1140.158053539842,1191.195068359375,21147286,,
2023-09-01,1165.4759690446044,1165.4759690446044,1142.9658876928022,1147.3310546875,2482368,,
2023-09-04,1152.8759919332467,1179.3029487683928,1143.9097030070366,1157.500732421875,1238872,,
2023-09-05,1153.135583499581,1172.2006994299168,1151.4602801315016,1166.3726806640625,948218,,
2023-09-06,1167.977048685639,1171.8939240530005,1154.2916610444738,1159.5299072265625,352634,,
2023-09-07,1165.5939936903796,1192.9176497603987,1159.5771416434377,1190.41650390625,1503244,,
2023-09-08,1190.6287194786917,1201.4826475595519,1184.493890563423,1196.669189453125,640430,,
2023-09-11,1197.2355239973408,1268.2815888757661,1191.643345094345,1257.120849609375,2426732,,
2023-09-12,1266.346742681064,1266.346742681064,1221.3501977066,1241.5478515625,1123864,,
2023-09-13,1241.1703267075698,1244.82762858766,1206.6736654697659,1238.3388671875,608116,,
2023-09-14,1241.1231150897872,1268.753464515727,1238.7871839802892,1257.8995361328125,998006,,
2023-09-15,1265.1197676887004,1300.1118425194707,1249.428762692776,1286.4500732421875,1301094,,
2023-09-18,1285.4826565722087,1285.4826565722087,1241.1231229019488,1249.8770751953125,1426032,,
2023-09-20,1238.7636975208638,1284.5389655816348,1236.9232946837917,1266.6300048828125,1393160,,
2023-09-21,1264.223234727538,1288.3142625700923,1249.4053072430102,1262.996337890625,1314084,,
2023-09-22,1269.7209624287698,1291.6175381078635,1249.617552396647,1253.8175048828125,1173830,,
2023-09-25,1253.8174634933898,1275.5725576387013,1249.1692197489235,1260.5186767578125,610708,,
2023-09-26,1260.9197198123807,1288.3141144084889,1250.2546244762107,1256.177001953125,1608594,,
2023-09-27,1261.8872778243588,1279.1592290582971,1252.9209882661453,1260.046875,2231738,,
2023-09-28,1260.0940067525905,1265.662567564369,1209.340065312815,1216.890625,3433218,,
2023-09-29,1229.183760826047,1251.5051233613567,1219.0613159589836,1249.35791015625,866700,,
2023-10-03,1250.5377544237201,1261.415301861223,1237.9850188263104,1255.7760009765625,939806,,
2023-10-04,1254.336629053658,1259.0557284857637,1235.4602313252358,1255.115234375,875812,,
2023-10-05,1262.3118216003122,1274.156806890059,1247.6826138175004,1249.5938720703125,631764,,
2023-10-06,1251.2692813919728,1291.617583695957,1249.8771700274722,1286.497314453125,960630,,
2023-10-09,1281.1882541942116,1283.9725919767136,1261.6039916204206,1269.3433837890625,824556,,
2023-10-10,1271.9389314839586,1307.1669637261477,1270.3816055817404,1304.02880859375,1700342,,
2023-10-11,1317.5726197066242,1321.3006623378853,1293.977121502709,1296.4310302734375,1403308,,
2023-10-12,1302.424194936678,1311.909630798268,1286.8984040240564,1300.32421875,2436808,,
2023-10-13,1313.30161059004,1373.2577853970135,1310.2814333669005,1347.5386962890625,5301926,,
2023-10-16,1352.4466773830177,1352.4466773830177,1330.7860567988018,1348.95458984375,891964,,
2023-10-17,1352.4465768659747,1382.6960484476838,1352.4465768659747,1368.2320556640625,1482018,,
2023-10-18,1370.4029176696624,1370.4029176696624,1347.4445439933825,1350.4647216796875,500464,,
2023-10-19,1348.7186840550314,1359.1007033164767,1334.9625546185741,1352.8006591796875,846032,,
2023-10-20,1350.535574395009,1365.2591422057453,1346.2411476445307,1358.6287841796875,964020,,
2023-10-23,1348.7186507837537,1363.5365772791365,1329.7950155118033,1335.0096435546875,1472334,,
2023-10-25,1325.9489601090597,1352.2579393869598,1311.6264472781982,1327.5770263671875,1010856,,
2023-10-26,1321.3479491430337,1321.3479491430337,1271.6321864715678,1279.418701171875,1165360,,
2023-10-27,1289.2579694990097,1314.1276005533832,1289.2579694990097,1298.79052734375,644314,,
2023-10-30,1304.3590843473476,1305.6332181528214,1269.720940565771,1277.8377685546875,782822,,
2023-10-31,1296.761161648538,1306.7185065737585,1278.356675640457,1290.20166015625,1493156,,
2023-11-01,1296.5489211284785,1310.4938826776624,1280.291646994778,1285.0579833984375,494626,,
2023-11-02,1293.9770707667567,1311.6736937258206,1286.3085341511623,1288.43212890625,872670,,
2023-11-03,1297.7287168052653,1305.4208718717864,1281.4007020043605,1300.277099609375,752506,,
2023-11-06,1307.1905198389954,1323.471412595113,1301.739937047731,1306.199462890625,1028830,,
2023-11-07,1315.66139449823,1316.5815959089168,1296.7378735887655,1309.927734375,1125030,,
2023-11-08,1313.7736420036385,1316.4163837276164,1291.263561120866,1295.841064453125,459652,,
2023-11-09,1297.7287521647652,1305.0905935162657,1285.8366443920568,1303.6512451171875,291048,,
2023-11-10,1301.5983126878289,1315.6612514859494,1293.528722103128,1307.1197509765625,649250,,
2023-11-13,1310.6354919154578,1316.6287250767348,1292.5376997349142,1312.5938720703125,840820,,
2023-11-15,1318.0209214462554,1328.4029407372389,1305.562544382033,1307.1669921875,620668,,
2023-11-16,1301.0556178355853,1328.4263925307118,1301.0556178355853,1324.2264404296875,488696,,
2023-11-17,1324.5096867025597,1401.5253705865034,1317.1007232331217,1371.70068359375,2673806,,
2023-11-20,1370.4028454859279,1386.4714019650664,1355.2546055585344,1358.4635009765625,680696,,
2023-11-21,1367.052294702667,1377.0331434028303,1355.0420950962969,1358.487060546875,885784,,
2023-11-22,1359.1005851350294,1369.954513419094,1336.8972001027598,1346.6893310546875,615294,,
2023-11-23,1349.6624498672252,1361.2714806608292,1340.318609864128,1346.7130126953125,397090,,
2023-11-24,1347.2084950669803,1366.1792512648651,1336.7792394991407,1340.9556884765625,492292,,
2023-11-28,1344.9432996190772,1386.565732375338,1343.9994797596953,1367.736572265625,1131592,,
2023-11-29,1370.874776920794,1390.9545681997085,1360.1388256310422,1383.993896484375,529216,,
2023-11-30,1386.4950659141484,1415.8242235236405,1375.8534733896138,1401.3602294921875,2303334,,
2023-12-01,1410.9635632882143,1414.786080103271,1380.1714379624177,1381.7760009765625,496440,,
2023-12-04,1393.0544683538924,1412.6623486153323,1390.7657743643072,1393.8095703125,748316,,
2023-12-05,1392.1343426612275,1431.8455185881166,1383.2860311612621,1429.721923828125,1270268,,
2023-12-06,1438.829843032673,1438.829843032673,1409.595044184548,1412.0018310546875,829826,,
2023-12-07,1412.0252637540268,1427.5275511798936,1405.6544796413232,1413.8421630859375,1209934,,
2023-12-08,1413.842223393184,1421.7230965892459,1402.9410573615044,1409.61865234375,974538,,
2023-12-11,1413.0162909165845,1420.448872224737,1399.944409055199,1404.451171875,436790,,
2023-12-12,1410.5389018612743,1429.8872106522788,1406.4096896192916,1423.681640625,1009402,,
2023-12-13,1428.3297997961422,1429.7455296235173,1398.056823072396,1420.9915771484375,767166,,
2023-12-14,1430.5712994290523,1446.7342141380693,1430.5712994290523,1439.1129150390625,777614,,
2023-12-15,1444.0444304142707,1449.2118212649418,1423.6107067714863,1427.385986328125,770918,,
2023-12-18,1427.527569179155,1444.9409998884844,1424.271436676561,1428.87255859375,950546,,
2023-12-19,1432.2467523444202,1478.1163781743885,1421.4400601662192,1473.3265380859375,1921968,,
2023-12-20,1477.0309490179732,1543.8534459501063,1460.5613373729418,1470.754638671875,2335116,,
2023-12-21,1454.025175175721,1490.102780016342,1439.3488460813142,1485.8555908203125,573692,,
2023-12-22,1498.3141214529699,1524.2455506857168,1481.8680132789937,1520.2579345703125,829196,,
2023-12-26,1520.257876628626,1552.796044054422,1504.4488935874779,1507.964599609375,1151172,,
2023-12-27,1523.7971575966367,1533.3769521780457,1511.1735670219355,1516.9072265625,725380,,
2023-12-28,1519.5500245018,1526.5814366047564,1507.7522758643636,1516.6949462890625,1220506,,
2023-12-29,1517.190535189767,1521.9096348326589,1504.9208761182479,1512.471435546875,580172,,
2024-01-01,1512.4714188433086,1523.6556618309664,1501.381534804988,1520.16357421875,303928,,
2024-01-02,1524.269044777096,1543.1454416164408,1511.76343187103,1538.8746337890625,748530,,
2024-01-03,1538.4263806568074,1546.7791634234177,1522.8533528771527,1527.6904296875,366900,,
2024-01-04,1531.3478703798169,1581.9602152483021,1527.6905680699729,1569.73779296875,1209976,,
2024-01-05,1575.7072746159236,1575.7072746159236,1551.6398679057072,1559.001708984375,609926,,
2024-01-08,1545.505009249965,1592.2240919723304,1545.505009249965,1580.968994140625,896504,,
2024-01-09,1596.4005936490748,1627.617390232688,1578.0668463143254,1611.6904296875,932218,,
2024-01-10,1613.9083702745147,1625.7297372701466,1587.2218402240178,1613.412841796875,921458,,
2024-01-11,1618.651139935312,1671.7410096853769,1610.675907808925,1652.487060546875,2238284,,
2024-01-12,1672.9208064629654,1679.9994558556155,1609.684871888625,1630.3309326171875,2237674,,
2024-01-15,1642.2466472056876,1668.3669093604244,1633.2803580399093,1652.6759033203125,1162702,,
2024-01-16,1658.6691949027,1658.6691949027,1613.035523590199,1621.482666015625,1037288,,
2024-01-17,1600.718558363625,1603.927569082068,1549.0680371216401,1573.5364990234375,770634,,
2024-01-18,1562.4938855243063,1612.3276236392746,1536.5388375920088,1605.697265625,1300702,,
2024-01-19,1613.9319666876158,1646.4937519804362,1605.0836554667408,1641.633056640625,803434,,
2024-01-23,1603.1016973500039,1634.4837086072566,1572.8758424123828,1588.968017578125,1833300,,
2024-01-24,1582.5972673976246,1626.1780825104765,1570.7050443900807,1621.3646240234375,803830,,
2024-01-25,1619.1230725767691,1648.8534000534046,1607.4669196085665,1618.0140380859375,650550,,
2024-01-29,1617.7073186542464,1670.1836823779151,1607.4668957180788,1656.451171875,1409190,,
2024-01-30,1663.4589642193534,1667.7297723324623,1641.3028149893335,1656.5926513671875,1149726,,
2024-01-31,1664.8983251605473,1704.5387614738936,1662.5860124605588,1690.1455078125,1506634,,
2024-02-01,1690.145412980719,1699.4420155520127,1668.2252197917414,1693.189208984375,374652,,
2024-02-02,1697.884767480141,1706.7095757382344,1676.1534063954678,1683.2320556640625,429416,,
2024-02-05,1686.606161567078,1701.7072799694693,1657.8903950200747,1679.1263427734375,1124312,,
2024-02-06,1684.7184661320014,1713.0330622014467,1675.752177376677,1710.319580078125,698934,,
2024-02-07,1713.4814307408906,1727.1196975891255,1703.594940210678,1719.16796875,519448,,
2024-02-08,1727.1903843166751,1734.1510559474596,1708.809515154471,1719.3331298828125,355616,,
2024-02-09,1730.8714517577655,1741.347830295928,1688.3523163747946,1716.17138671875,511562,,
2024-02-12,1718.6961484025867,1738.9175371451654,1686.7006286929752,1715.982666015625,1638454,,
2024-02-13,1722.4242022964775,1783.3478272373077,1709.8242287823982,1776.646728515625,1431082,,
2024-02-14,1769.6623182829974,1791.9836820334183,1737.1241501666454,1782.9937744140625,749592,,
2024-02-15,1783.017397826669,1802.3657058927706,1757.392664345427,1785.2353515625,634966,,
2024-02-16,1800.1948115789244,1830.9869349330666,1785.2352896355578,1828.8397216796875,536504,,
2024-02-19,1833.393720167678,1835.6116738247256,1741.3476640949257,1762.34765625,2124130,,
2024-02-20,1767.7746874068587,1807.415123536644,1757.9353187825448,1781.22412109375,1312970,,
2024-02-21,1783.8195955906103,1797.8825350216066,1758.3364585107445,1765.580322265625,470884,,
2024-02-22,1771.0779903766147,1789.9307692833902,1753.1690313421423,1785.211669921875,406832,,
2024-02-23,1785.7073200428138,1811.3320543639197,1781.932040296423,1801.6815185546875,380830,,
2024-02-26,1802.6487954092754,1845.144310002987,1766.1230108882858,1831.435302734375,2308838,,
2024-02-27,1845.639857206021,1919.0218561309855,1822.0915962404588,1842.2657470703125,2879020,,
2024-02-28,1842.265606953936,1849.3913776946156,1805.9992831296272,1810.6240234375,539766,,
2024-02-29,1800.3364191784592,1806.1173159372893,1751.8476728952123,1771.0780029296875,3165748,,
2024-03-01,1771.077895486203,1797.0329405839225,1756.9205981601742,1786.06103515625,503454,,
2024-03-04,1779.1004451443587,1829.2644940008531,1779.1004451443587,1819.920654296875,1019990,,
2024-03-05,1818.2453452726154,1819.4959757169688,1779.1004395457762,1790.756591796875,516942,,
2024-03-06,1789.8128255979943,1800.6903728741745,1761.2151520546092,1775.8443603515625,345596,,
2024-03-07,1779.1004954963557,1787.57125598018,1760.2240976661556,1767.6802978515625,291510,,
2024-03-11,1769.6622415842078,1809.6093711659476,1757.8644933069797,1778.203857421875,1111168,,
2024-03-12,1767.7747265917583,1779.100565737034,1727.166851113823,1740.923095703125,786888,,
2024-03-13,1740.9229054406032,1770.0868458824953,1692.2925658828253,1715.8880615234375,678648,,
2024-03-14,1691.820721854006,1783.3476299657655,1690.546588082271,1772.04541015625,620838,,
2024-03-15,1769.6622667456886,1808.0993081369277,1736.6285710997693,1802.058837890625,1278930,,
2024-03-18,1802.672374887774,1804.9139471309104,1753.4050226183224,1765.580322265625,1056494,,
2024-03-19,1757.8173614786979,1760.2241483563137,1720.5837117713456,1730.0926513671875,764134,,
2024-03-20,1727.1903620898827,1744.0139051875797,1692.4577447891315,1704.2554931640625,465324,,
2024-03-21,1713.1038447784492,1737.5724215690968,1709.2814433424091,1732.4993896484375,417580,,
2024-03-22,1732.4995195992506,1802.224219366575,1730.9658121593602,1780.705078125,1686008,,
2024-03-26,1781.106101764903,1820.628559477776,1768.576869740016,1798.3780517578125,989612,,
2024-03-27,1798.2601047165272,1810.742099873494,1782.8757942345235,1791.1578369140625,305874,,
2024-03-28,1793.234169787315,1797.8589102838994,1766.9015718530882,1771.59716796875,662492,,
2024-04-01,1792.785942806169,1804.7960282776196,1780.0443738522954,1786.2264404296875,1484820,,
2024-04-02,1798.920740112571,1798.920740112571,1725.727460346749,1772.8240966796875,1434838,,
2024-04-03,1769.6386502311414,1784.2914768590388,1756.4724090364434,1766.7364501953125,360558,,
2024-04-04,1771.549964698983,1773.4376045121946,1741.3477276875992,1745.7601318359375,449102,,
2024-04-05,1745.7600906078826,1748.6386721276147,1727.7802757267,1734.12744140625,511864,,
2024-04-08,1732.2870266390053,1739.9319446061888,1706.5443164312803,1727.3555908203125,1431236,,
2024-04-09,1731.9802656694274,1758.312864055119,1722.9432361661663,1747.9072265625,731756,,
2024-04-10,1755.009461650335,1772.2341745911617,1745.0049938888255,1748.7802734375,1052856,,
2024-04-12,1748.7802221379866,1761.1678577936898,1727.1903428523324,1736.722900390625,949218,,
2024-04-15,1713.0330689419295,1748.5679101913843,1697.743233089221,1721.00830078125,1201260,,
2024-04-16,1722.4006286601668,1781.7433066493534,1722.4006286601668,1759.7286376953125,2934572,,
2024-04-18,1762.6071440287722,1805.0554176711375,1760.223975925057,1780.23291015625,1205268,,
2024-04-19,1778.180322662401,1778.180322662401,1720.1353984036332,1750.054443359375,973044,,
2024-04-22,1760.2240739055003,1770.1341826325822,1710.8151262943838,1721.29150390625,1533888,,
2024-04-23,1722.4478191983787,1745.0758798379904,1715.8883165204377,1720.4658203125,659864,,
2024-04-24,1720.5836931346219,1730.4701836333313,1698.002755739602,1727.379150390625,798326,,
2024-04-25,1727.1903278578907,1748.426274511881,1715.888108181188,1740.215087890625,675132,,
2024-04-26,1743.7073444254447,1786.745510777174,1743.7073444254447,1754.419677734375,717404,,
2024-04-29,1761.1679610540405,1786.6510987541794,1749.8893591568988,1779.501708984375,637550,,
2024-04-30,1787.5948025906432,1861.1891326273667,1784.2914331032794,1837.9239501953125,3433536,,
2024-05-02,1849.8869715168025,1864.0915068473332,1837.1454030905388,1858.570068359375,468392,,
2024-05-03,1859.3251930483466,1880.018490330046,1838.4667964124649,1848.9195556640625,531308,,
2024-05-06,1863.9970629174886,1863.9970629174886,1827.4948974614297,1834.644287109375,447032,,
2024-05-07,1834.644419389508,1855.57367323789,1769.945629793942,1776.646728515625,1028066,,
2024-05-08,1785.6128846590445,1785.6128846590445,1749.3937961424551,1753.4993896484375,453526,,
2024-05-09,1760.176892107039,1764.2117452579764,1699.7724179687043,1706.6151123046875,435590,,
2024-05-10,1711.6173651890467,1746.0667910668521,1706.6150737026564,1717.5634765625,338488,,
2024-05-13,1717.5635093558872,1742.6218587084193,1664.8983125672723,1733.39599609375,945940,,
2024-05-14,1738.9880576936328,1756.4014876816498,1719.2621999668702,1735.637451171875,352882,,
2024-05-15,1735.684822020802,1778.3690545932723,1734.835361055638,1775.348876953125,292902,,
2024-05-16,1783.3476719100056,1821.572377235412,1776.7645512575523,1819.189208984375,519840,,
2024-05-17,1819.1891464839478,1828.5802231402895,1781.4835894754342,1785.943115234375,567618,,
2024-05-21,1786.9342168016615,1797.9768632627297,1774.381366369518,1791.6060791015625,449644,,
2024-05-22,1792.0780223472088,1805.055545879677,1777.9679610277717,1792.6915283203125,495070,,
2024-05-23,1794.8859499271628,1809.774732503011,1775.1129682958558,1806.0230712890625,345272,,
2024-05-24,1812.1342573489758,1814.4938071632323,1794.3196562513394,1800.9736328125,308854,,
2024-05-27,1809.3027040510317,1897.077952604368,1789.4824866357621,1849.8397216796875,2289480,,
2024-05-28,1852.6948570671696,1906.988120206087,1845.9465216963206,1893.114013671875,1694452,,
2024-05-29,1878.4611911805603,1887.097166384656,1831.270195761885,1837.3577880859375,642100,,
2024-05-30,1826.763377864236,1827.235287804268,1758.3600550990616,1769.0723876953125,1215110,,
2024-05-31,1779.100465974649,1842.7846890550572,1776.2690063471032,1833.039794921875,1269932,,
2024-06-03,1887.6396808563534,1975.8633326102836,1887.6396808563534,1930.2059326171875,2950286,,
2024-06-04,1923.0565278113886,1924.4250204839554,1611.8319379547986,1631.581298828125,3167694,,
2024-06-05,1655.460017112378,1765.6273660752845,1623.9600296145868,1748.614990234375,1916838,,
2024-06-06,1769.1904670178708,1797.5050650496319,1746.5860256741391,1774.617431640625,903012,,
2024-06-07,1792.7387414284672,1812.1342873072608,1762.7960768330177,1804.2061767578125,626870,,
2024-06-10,1823.459920602131,1838.089128039674,1765.4857411719474,1788.9161376953125,1866114,,
2024-06-11,1797.976965383632,1816.6881493977455,1762.5837180335604,1801.2095947265625,1173968,,
2024-06-12,1806.3769584762142,1901.6555328165855,1801.2095674837378,1889.57470703125,1277902,,
2024-06-13,1901.7970736603775,1930.0880517508872,1875.7947896700407,1885.8228759765625,939574,,
2024-06-14,1887.1678138126042,1899.4374720169371,1866.4273953904492,1894.4351806640625,788392,,
2024-06-18,1894.7234128455793,1907.234854523759,1880.8191922407407,1902.4320068359375,756348,,
2024-06-19,1905.0976652751453,1916.5523869842025,1866.218518323948,1873.2547607421875,337688,,
2024-06-20,1874.3113365222198,1887.4951301592287,1856.9970469128068,1869.3643798828125,397838,,
2024-06-21,1880.3149038403042,1896.3324480721244,1865.9063605158574,1879.25830078125,393214,,
2024-06-24,1856.3006084784936,1918.7376276511209,1827.9878451589261,1906.2021484375,1162756,,
2024-06-25,1918.7376426661133,1982.5674412477413,1914.0548661915213,1975.699462890625,2904328,,
2024-06-26,1982.6155947442594,1994.4064924238533,1935.571723451188,1942.4398193359375,1031658,,
2024-06-27,1931.4653003227395,1953.2942207727804,1916.336329301935,1942.2236328125,607586,,
2024-06-28,1934.1549139111921,1965.517416717436,1913.382596859688,1917.9212646484375,545160,,
2024-07-01,1921.1150451725612,1981.1266038220735,1912.806095187776,1973.826416015625,1101036,,
2024-07-02,1973.8264450609188,1976.3718605775487,1934.1308378229282,1967.222412109375,895980,,
2024-07-03,1971.5450015763286,2015.250914341925,1957.4725175268934,1981.6309814453125,955596,,
2024-07-04,1989.3156456546767,2040.6099665420088,1972.9618081270023,2027.1859130859375,847864,,
2024-07-05,2031.5566748163212,2048.3907981475795,2017.7965618862183,2033.8621826171875,816536,,
2024-07-08,2032.0849040366838,2042.2670351775869,1970.920590405187,1997.5283203125,1450420,,
2024-07-09,1997.504413301,2017.148014030796,1984.0564393715874,2010.928466796875,566662,,
2024-07-10,2017.1960660000518,2017.1960660000518,1945.1533493571928,1997.8165283203125,644216,,
2024-07-11,2007.1101957293713,2016.2356070045228,1984.2005167750756,2008.2869873046875,403540,,
2024-07-12,2007.1338914907242,2017.1959508128944,1988.3788658012816,2002.283203125,668850,,
2024-07-15,2003.26773295027,2063.495394921104,1981.1746340014058,2015.4669189453125,3190482,,
2024-07-16,2028.7230043011655,2054.6344631830334,1957.7368870913047,1963.332275390625,1636448,,
2024-07-18,1963.3322123773678,2003.3639962549466,1950.436518950591,1999.1854248046875,1378636,,
2024-07-19,2001.322758662015,2016.235507281619,1941.311081570344,1952.909912109375,1113458,,
2024-07-22,1940.3504461188957,1990.3000615635406,1910.4527195666924,1947.3145751953125,1841682,,
2024-07-23,1948.0591501595234,1969.1676432744375,1778.758761317026,1900.4388427734375,3027068,,
2024-07-24,1900.4388538516018,1962.0114582278024,1892.4661966280382,1949.8602294921875,1416578,,
2024-07-25,1942.4398568996262,1962.107495796773,1922.2198201341994,1949.23583984375,1044172,,
2024-07-26,1949.235748140443,1995.1029438894666,1945.1533275763938,1971.6170654296875,762104,,
2024-07-29,1973.9704642761535,2025.33701578356,1971.6651911161973,1991.188720703125,941626,,
2024-07-30,1993.157997889945,2006.1256874790429,1965.7096512388025,1971.9053955078125,1263734,,
2024-07-31,1971.9052557398209,1997.8645535123849,1969.167538770546,1976.0115966796875,1237700,,
2024-08-01,1987.8025433578248,2022.9355624440118,1978.9172749738673,2008.959228515625,994864,,
2024-08-02,1993.1818215456155,1997.984669308376,1969.167582731813,1980.5982666015625,1619870,,
2024-08-05,1945.1293210858462,1954.230694214394,1899.790484761872,1935.3795166015625,1630134,,
2024-08-06,1945.1532823281802,1978.3890815997509,1902.6961563525172,1913.5025634765625,1409020,,
2024-08-07,1953.798483567805,1966.7902103084211,1931.2250989248141,1954.494873046875,915732,,
2024-08-08,1952.8378217575869,2007.5182882391214,1947.7467564311114,1973.3699951171875,772820,,
2024-08-09,2000.7462174225177,2011.9848337826725,1975.0749034713735,1985.136962890625,1489786,,
2024-08-12,1983.6001778712305,2025.2409645387797,1954.7591689506926,2021.0865478515625,840346,,
2024-08-13,2021.9989707551103,2043.7079371208597,1981.7270441141002,1989.363525390625,1051192,,
2024-08-14,2013.7378719134829,2017.7243761774027,1985.6892884981285,1990.34814453125,732968,,
2024-08-16,2000.386021794834,2038.7368067145255,1998.9690879497705,2025.0245361328125,940164,,
2024-08-19,2035.7830585275076,2038.2564780809998,1998.969044921059,2015.3468017578125,1768752,,
2024-08-20,2024.256424264833,2073.3655446742227,2005.5253172138189,2064.624267578125,1905824,,
2024-08-21,2065.705003994528,2111.2359109744566,2058.500731718332,2108.234130859375,1658900,,
2024-08-22,2110.8754589422524,2131.9120723211513,2096.4429955846813,2125.4521484375,1683236,,
2024-08-23,2122.858688962478,2131.0235300738723,2102.7106490025653,2106.408935546875,991610,,
2024-08-26,2106.0486988956354,2129.510656617385,2096.7312213381083,2115.91845703125,1065858,,
2024-08-27,2115.9186336109537,2174.7056814861435,2106.192866287876,2164.811767578125,1658922,,
2024-08-28,2165.3639489811885,2166.060455723712,2142.6704929338644,2149.25048828125,277566,,
2024-08-29,2149.250291532661,2158.375701594631,2125.6921843221544,2139.188232421875,1017062,,
2024-08-30,2139.188417135894,2151.603825642423,2118.296029137373,2123.098876953125,1232220,,
2024-09-02,2128.5982372655935,2151.4837602667453,2109.5789129609584,2114.837890625,448112,,
2024-09-03,2115.222171341417,2145.9362412226337,2094.041566393209,2141.998046875,1030320,,
2024-09-04,2120.937401984128,2168.461670591899,2119.784765516291,2163.37060546875,701830,,
2024-09-05,2168.0054374131796,2183.4707007103143,2157.5592437349037,2168.173583984375,748700,,
2024-09-06,2164.1632547028844,2180.348945863919,2115.7025664970583,2121.898193359375,648946,,
2024-09-09,2121.898066877027,2121.921987309378,2098.84439842748,2113.92529296875,639202,,
2024-09-10,2127.613570622017,2136.498839346866,2076.511315237048,2101.582275390625,1025578,,
2024-09-11,2101.7501135545876,2141.5659093490453,2101.7501135545876,2114.1416015625,555186,,
2024-09-12,2114.1416649497046,2129.2945563774215,2097.835902406461,2106.673095703125,466108,,
2024-09-13,2115.1742811006866,2137.26738212944,2106.8412928315934,2124.011474609375,636528,,
2024-09-16,2131.503718669813,2144.2793399116513,2111.956035555982,2129.102294921875,764594,,
2024-09-17,2132.2003789050545,2139.0922779467014,2113.2530503637845,2123.771240234375,557156,,
2024-09-18,2123.771193191104,2154.5574940775,2109.4588007453845,2128.7421875,380498,,
2024-09-19,2132.4643933301522,2154.55749290069,2065.176449691857,2108.35400390625,897240,,
2024-09-20,2109.4108060014555,2120.433435781062,2094.041692660826,2102.830810546875,1475934,,
2024-09-23,2106.2887111290906,2129.102236104266,2079.6329082633592,2119.400390625,831256,,
2024-09-24,2123.819349178523,2177.755237487949,2108.450235842089,2151.267578125,1116268,,
2024-09-25,2156.4304026605773,2164.019042244941,2125.2838904346713,2147.44921875,522548,,
2024-09-26,2156.6706515619503,2180.9731074577926,2120.9375121192716,2174.51318359375,536208,,
2024-09-27,2173.2886421018843,2173.2886421018843,2118.5361768644,2123.122802734375,993054,,
2024-09-30,2122.858648176495,2122.858648176495,2053.4814204955164,2064.88818359375,797224,,
2024-10-01,2073.869730030248,2108.786528183532,2066.0651021671188,2096.443115234375,671976,,
2024-10-03,2061.3821996685747,2089.238715880312,2017.700206734379,2029.5152587890625,462290,,
2024-10-04,2029.2032064643436,2060.253570756307,2009.82366858382,2026.5377197265625,571368,,
2024-10-07,2018.6369847071835,2035.4230320258969,1970.2482918189494,1984.9208984375,966506,,
2024-10-08,1969.1675833339743,2018.1566305291121,1969.1675833339743,2012.129150390625,743846,,
2024-10-09,2041.1621940811726,2107.9459319586695,2036.0952835708358,2098.748291015625,1384092,,
2024-10-10,2094.2816555517447,2134.1692102941333,2090.3193063582344,2118.27197265625,771062,,
2024-10-11,2118.5361156827353,2139.668645514982,2086.837320934365,2136.97900390625,1435862,,
2024-10-14,2150.211135514643,2162.2421759845424,2119.977113459745,2152.660400390625,994138,,
2024-10-15,2161.2335462965593,2211.351312582104,2144.5436493291427,2187.745361328125,3133600,,
2024-10-16,2190.098369270655,2336.1049272220316,2190.098369270655,2318.7666015625,6730060,,
2024-10-17,2316.917755026633,2316.917755026633,2252.6796641525098,2271.0986328125,1340284,,
2024-10-18,2256.834258421432,2281.448853370636,2211.7114095821003,2262.021240234375,687266,,
2024-10-21,2276.981947878689,2305.366823799529,2204.530945690431,2210.726806640625,1214348,,
2024-10-22,2210.726702389126,2232.3153603980154,2156.742510866327,2166.492431640625,1134084,,
2024-10-23,2155.0378520530603,2194.877569176669,2132.4883873640206,2160.80126953125,959870,,
2024-10-24,2160.8011152911654,2180.901079214408,2094.7858818330105,2129.798828125,876938,,
2024-10-25,2137.2672869947896,2168.677864939048,2067.649913807169,2085.5166015625,1132414,,
2024-10-28,2096.6591600176785,2119.6405977413497,2067.6258530146793,2083.235107421875,805170,,
2024-10-29,2084.4361658188413,2130.231371341663,2025.1449096467736,2122.402587890625,1342094,,
2024-10-30,2131.9841345347,2131.9841345347,2094.6180725244167,2105.856689453125,651610,,
2024-10-31,2113.6851984512814,2113.6851984512814,2045.2926940717575,2064.96044921875,1040584,,
2024-11-01,2084.435811153869,2093.6332171965905,2070.027268680455,2076.198974609375,110624,,
2024-11-04,2085.4203634596265,2085.4203634596265,2030.163695226952,2057.251708984375,1120384,,
2024-11-05,2062.3427734375,2078.6724553883328,2008.7910223340343,2062.3427734375,1719128,,
2024-11-06,2065.2245033174404,2165.604019874032,2065.2245033174404,2160.537109375,1237050,,
2024-11-07,2165.8922543245467,2180.0125797159976,2141.1095131909933,2169.518310546875,553968,,
2024-11-08,2175.209590370933,2186.688348769487,2142.093863698003,2153.86083984375,531956,,
2024-11-11,2153.8610852053857,2161.281579099251,2109.7229594150376,2137.291259765625,594912,,
2024-11-12,2148.7940304771887,2180.4928248472143,2103.671183170603,2112.05224609375,955806,,
2024-11-13,2094.4979804319546,2099.8531087629544,2026.8017476841358,2040.802001953125,728754,,
2024-11-14,2040.7540025531077,2094.0416940549226,2040.2737177608933,2055.0185546875,787290,,
2024-11-18,2053.6977393956863,2055.0185225536234,2001.3706182965284,2008.7191162109375,1369562,,
2024-11-19,2008.5508141011978,2031.1241972343294,1994.0222004889163,2012.465087890625,910972,,
2024-11-21,2017.1961990049913,2035.2549547369922,1981.9433409061462,2023.96826171875,1747022,,
2024-11-22,2029.0109801365245,2036.407318304919,2010.0397327136366,2028.362548828125,945050,,
2024-11-25,2067.6020535828584,2100.45348557034,2051.872727067404,2086.093017578125,1409054,,
2024-11-26,2101.486020142515,2101.486020142515,2032.5651553521022,2035.6630859375,538878,,
2024-11-27,2035.663104518766,2045.2446451003655,2017.6763458353703,2037.3199462890625,591086,,
2024-11-28,2045.3165868448739,2055.330571071787,2010.952305804466,2021.8787841796875,378764,,
2024-11-29,2033.5256540884038,2034.3661524102401,2011.4325553429937,2019.2371826171875,687334,,
2024-12-02,2014.3143845855666,2063.3754283802796,2007.4222510306806,2041.2342529296875,675400,,
2024-12-03,2046.0370315468926,2057.3478785385923,2036.8637800918673,2045.196533203125,739190,,
2024-12-04,2052.7372469180227,2099.5650151853383,2046.2294816464982,2095.29052734375,995192,,
2024-12-05,2110.8514058286232,2110.8514058286232,2073.8934017434863,2092.6005859375,791510,,
2024-12-06,2105.976855302405,2116.615116735351,2088.230238110492,2095.914794921875,410454,,
2024-12-09,2092.1443460631267,2166.444492633909,2080.641666708685,2146.464599609375,1193452,,
2024-12-10,2149.6107219019605,2152.036066278496,2113.253069603388,2140.38916015625,619290,,
2024-12-11,2146.008544369543,2185.1995947436235,2137.939619370016,2182.342041015625,659634,,
2024-12-12,2183.8549053582915,2199.6803827424387,2161.2815205877087,2181.74169921875,566166,,
2024-12-13,2180.0365900780353,2181.9818841929605,2113.2530835941657,2179.940673828125,383296,,
2024-12-16,2185.2958859514238,2198.743860634202,2159.1442842358947,2169.326416015625,367930,,
2024-12-17,2161.2814811455974,2165.3399812880352,2114.2135733339824,2120.457275390625,625680,,
2024-12-18,2118.056020973017,2120.625591620095,2084.4360841321754,2097.9560546875,356458,,
2024-12-19,2070.5077407498034,2116.61508083609,2052.2329981983103,2110.467529296875,789838,,
2024-12-20,2112.7727923966127,2130.2311914257293,2024.0640978281674,2047.35791015625,837392,,
2024-12-23,2053.217380010509,2079.24890820129,2036.4074131566215,2041.0421142578125,530572,,
2024-12-24,2041.2102877774403,2054.8022530645503,2022.4791816072475,2025.1688232421875,225676,,
2024-12-26,2063.303223734577,2063.303223734577,2023.7517288628362,2050.5517578125,572788,,
2024-12-27,2050.9842620987583,2076.967716928814,2042.6273534020515,2047.502197265625,419692,,
2024-12-30,2040.7300658265049,2064.7203848117074,2006.5097746544318,2048.606689453125,1026418,,
2024-12-31,2031.6045311241592,2043.5635747237127,2008.5747831182102,2016.7396240234375,795528,,
2025-01-01,2017.1721892693006,2025.7450851242934,1990.8285217433431,1999.2093505859375,594116,,
2025-01-02,2007.5902948810608,2061.646250761775,1998.0085201226022,2056.555419921875,607908,,
2025-01-03,2064.263969439498,2070.0273867576166,1998.3688042967208,2029.0350341796875,953024,,
2025-01-06,2017.19601714679,2035.6630602046212,1931.705328801045,1971.5450439453125,1650778,,
2025-01-07,1964.7968834201863,1983.5279891139448,1951.1328054103744,1955.575439453125,577822,,
2025-01-08,1959.393686974321,1960.3542565005682,1917.296774389348,1951.1328125,995150,,
2025-01-09,1951.1328260647947,1959.537809477891,1893.2825493957728,1897.31689453125,358956,,
2025-01-10,1901.9037461377707,1911.0291572217982,1840.907577312956,1846.5989990234375,947064,,
2025-01-13,1825.082041830685,1875.4879026661577,1821.33579734605,1841.6759033203125,796840,,
2025-01-14,1850.2251137942644,1895.732096567887,1831.4940074283406,1856.32470703125,1325996,,
2025-01-15,1873.9992057863321,1976.3479387632044,1844.797867866119,1943.95263671875,3728602,,
2025-01-16,1944.1207952484142,1977.8127256907235,1942.751936721461,1964.700927734375,715796,,
2025-01-17,1964.3647301615797,1969.1195025322659,1924.0448467432868,1935.9559326171875,595028,,
2025-01-20,1939.701982146084,1964.3406135705009,1921.4272409931596,1940.54248046875,823842,,
2025-01-21,1942.24762260327,1962.203478766151,1926.78247605926,1935.403564453125,821218,,
2025-01-22,1949.8601291960347,1949.8601291960347,1885.3578612494568,1897.6531982421875,1012250,,
2025-01-23,1893.2825887045196,1937.0365787405062,1875.2478718980017,1921.95556640625,597190,,
2025-01-24,1935.0193249768456,1942.7519569245233,1855.964519654974,1862.4483642578125,593050,,
2025-01-27,1854.067473115544,1855.8204657313443,1777.0537585936786,1783.873779296875,1153368,,
2025-01-28,1813.7234862450841,1813.7234862450841,1758.6108074243907,1771.6024169921875,717374,,
2025-01-29,1777.0295711608119,1822.4164809003637,1768.5045166859225,1818.2139892578125,258272,,
2025-01-30,1829.8851026389998,1830.821634555086,1803.7336185211955,1810.361572265625,811496,,
2025-01-31,1810.3613922455004,1921.1390243333117,1803.0609701474173,1858.6539306640625,718238,,
2025-02-01,1858.6300839140306,1924.7652739971154,1811.1538869902743,1877.0009765625,502460,,
2025-02-03,1873.1106824675262,1873.1106824675262,1818.3582163646295,1830.3172607421875,815874,,
2025-02-04,1846.6709338087924,1884.6374689629292,1844.317585299289,1857.90966796875,1078436,,
2025-02-05,1868.3077429541108,1939.36585075465,1863.5289329755944,1917.705078125,1567432,,
2025-02-06,1928.247399593296,1942.2476543280593,1883.6769476009997,1890.2327880859375,549530,,
2025-02-07,1890.2327866741844,1906.730616111868,1844.4617399973235,1883.8450927734375,495928,,
2025-02-10,1884.6374778943784,1899.6944526595714,1842.252346032967,1859.854736328125,462162,,
2025-02-11,1859.1823527630474,1859.1823527630474,1752.0548108968148,1769.585205078125,1233914,,
2025-02-12,1769.849498027376,1809.2088141589666,1711.2787897869403,1778.8067626953125,1542350,,
2025-02-13,1792.1585449736217,1815.4763935324333,1767.9522399626646,1803.8775634765625,890224,,
2025-02-14,1808.2721039672324,1820.2792228514768,1774.6521710913476,1802.2445068359375,1322252,,
2025-02-17,1798.6664096260206,1822.6566097155564,1754.3841786134676,1791.726318359375,838260,,
2025-02-18,1789.060715858425,1803.9495432924148,1769.945359120802,1795.232421875,921626,,
2025-02-19,1791.9425717249,1840.4272983714916,1777.582103244551,1821.119873046875,468990,,
2025-02-20,1808.2721839094493,1870.3249535951227,1805.8707600264354,1863.3128662109375,480598,,
2025-02-21,1855.7962937123677,1886.5585563527732,1814.5398793140812,1821.7681884765625,935990,,
2025-02-24,1819.0544397673423,1829.8848842528407,1787.7879731229023,1817.13330078125,440498,,
2025-02-25,1816.9172664951593,1843.3088908877698,1796.2650215944743,1808.3922119140625,434252,,
2025-02-27,1798.714493799013,1807.2395482521406,1751.358369765029,1771.6744384765625,1480148,,
2025-02-28,1763.1494841373503,1766.4154441280741,1729.5055114831143,1742.6173095703125,1271818,,
2025-03-03,1746.0513102538832,1792.8790771152803,1739.975754584421,1783.1292724609375,736396,,
2025-03-04,1767.7841260307132,1801.067883978032,1754.7684791433794,1774.6522216796875,741638,,
2025-03-05,1767.4720078380428,1863.9132140083882,1762.6451224029458,1855.9644775390625,997838,,
2025-03-06,1865.3780463208366,1879.0902005072085,1831.3499393520292,1845.2781982421875,862932,,
2025-03-07,1845.2780947875615,1876.5206420323618,1834.9519723962007,1841.5078125,712230,,
2025-03-10,1837.6415298291915,1852.5543954215289,1792.5187990409636,1801.115966796875,887760,,
2025-03-11,1787.6199179548491,1822.2004214725143,1766.967672798466,1815.1402587890625,527654,,
2025-03-12,1810.6736380216705,1832.2864533296215,1761.828698877107,1809.544921875,599140,,
2025-03-13,1805.9668121975424,1811.8743384622242,1757.8423005359152,1789.10888671875,859344,,
2025-03-17,1789.5892256209352,1822.1764786815543,1785.890938885403,1799.458984375,484400,,
2025-03-18,1799.458984375,1799.458984375,1799.458984375,1799.458984375,0,,
2025-03-19,1825.0821385902032,1913.9828970332885,1825.0821385902032,1909.4921875,813080,,
2025-03-20,1919.0258903671875,1941.9114129510824,1894.7954297073334,1905.6739501953125,836320,,
2025-03-21,1899.7183868066431,1956.6802090641443,1892.4180815447999,1918.5216064453125,1709870,,
2025-03-24,1925.94193758736,1983.5280349031848,1917.5369540692107,1969.3837890625,593836,,
2025-03-25,1983.5760853432503,1988.3789330075197,1946.233944753556,1975.074951171875,1233648,,
2025-03-26,1976.3718542837867,2011.6247099579948,1949.9561915898357,1955.407470703125,1112578,,
2025-03-27,1955.4074622823684,1987.8266845398803,1947.8909352121527,1956.343994140625,1924882,,
2025-03-28,1966.742168991858,1981.6550351093192,1918.4495101114069,1927.8150634765625,524930,,
2025-04-01,1927.8150310176816,1954.7590540712033,1883.7249820312297,1909.87646484375,622060,,
2025-04-02,1916.3362606524531,1964.8209854498864,1894.2671985958432,1957.32861328125,605100,,
2025-04-03,1938.6214253240275,1963.4041666988685,1928.967771668789,1942.031494140625,876714,,
2025-04-04,1942.6559171727672,1948.9956528681978,1863.504961342683,1876.136474609375,836150,,
2025-04-07,1753.0393989356226,1808.2961848110117,1713.103767476378,1792.4708251953125,1869488,,
2025-04-08,1815.5004712965642,1863.721015381613,1813.3151521380403,1842.54052734375,1292042,,
2025-04-09,1842.5405416153292,1849.0963818846556,1816.1487994500826,1825.05810546875,964922,,
2025-04-11,1813.4352712237176,1936.0279622069272,1813.0750576361077,1915.0155029296875,1333996,,
2025-04-15,1935.067371168287,1988.8111909405154,1924.020821270826,1985.0650634765625,1014002,,
2025-04-16,1985.0169040781534,1987.7065456247647,1957.6406728823017,1983.5760498046875,811810,,
2025-04-17,1983.5762457307226,2042.6032013945696,1950.4846695510062,2025.84130859375,1570204,,
2025-04-21,2034.0059568059717,2159.8886391937494,2019.5974140186802,2141.973876953125,2154574,,
2025-04-22,2139.2365281627885,2175.401879012399,2130.207033410285,2165.892333984375,1129072,,
2025-04-23,2165.6040176674387,2221.317050723421,2156.958891848407,2189.8583984375,1645778,,
2025-04-24,2186.256231803137,2209.309900328302,2166.6126319834616,2184.046875,1124494,,
2025-04-25,2187.26506344811,2209.7903737565957,2097.451805484084,2104.84814453125,1451192,,
2025-04-28,2103.6472504317508,2134.2414834730994,2085.44450491644,2127.3251953125,849918,,
2025-04-29,2134.337397900181,2158.495862034784,2108.930381000906,2120.9375,536718,,
2025-04-30,2111.3319621631135,2142.0701890917853,2093.7054163530797,2100.957763671875,569200,,
2025-05-02,2102.206473673711,2158.8800774876245,2102.206473673711,2109.026611328125,850824,,
2025-05-05,2114.741856053188,2151.1473467524884,2096.586951567905,2144.471435546875,478010,,
2025-05-06,2144.471507866078,2150.715209904658,2070.507652947517,2083.475341796875,690696,,
2025-05-07,2066.1850588623975,2132.3682056684106,2065.2244893324755,2127.373291015625,667894,,
2025-05-08,2125.260155995378,2137.267275520776,2041.930746489119,2059.364990234375,842560,,
2025-05-09,2032.5651488408466,2057.5880322877506,2005.1889169212038,2051.58447265625,566858,,
2025-05-12,2109.3145724525198,2182.9423688687166,2089.2868381249814,2175.2578125,854130,,
2025-05-13,2175.6899011264695,2195.861860474662,2156.5265866484942,2159.6484375,938474,,
2025-05-14,2168.005459807182,2203.6426836787505,2153.2606235079693,2194.373046875,1213162,,
2025-05-15,2204.507245978019,2263.726268387881,2181.357424665609,2258.4912109375,2404438,,
2025-05-16,2266.9440970357628,2291.918904884462,2251.671135272369,2275.2529296875,1996018,,
2025-05-19,2286.5398276465044,2326.979902418832,2275.5894277936895,2311.466796875,1785064,,
2025-05-20,2315.741121640049,2320.7360364049982,2276.0214768802293,2288.7490234375,1954260,,
2025-05-21,2286.155474914988,2320.7359778968953,2254.504755894079,2312.811279296875,852190,,
2025-05-22,2312.811210838688,2338.9386543044043,2281.3525597515873,2297.970458984375,1267304,,
2025-05-23,2305.366853979252,2321.7446112405387,2291.0063865208153,2312.138916015625,741624,,
2025-05-26,2310.1695950605035,2349.072658927427,2305.3667476695255,2320.159423828125,577424,,
2025-05-27,2320.159454441812,2326.9795916326034,2293.4077348295036,2309.401123046875,309984,,
2025-05-28,2320.9280351362113,2345.710775738468,2305.366855762622,2318.526611328125,597830,,
2025-05-29,2319.7754444383418,2339.4190446737366,2299.0270485209758,2326.931640625,571128,,
2025-05-30,2335.1446468122776,2345.374619024158,2291.9670911341714,2297.2021484375,1029842,,
2025-06-02,2281.3527021664772,2317.374060621737,2281.3527021664772,2315.549072265625,690620,,
2025-06-03,2324.0499960530933,2372.318616879535,2296.0014115502904,2300.323974609375,1027216,,
2025-06-04,2306.2312369935917,2315.6448650708894,2269.82574646113,2276.357666015625,861856,,
2025-06-05,2287.116035609414,2355.3164717825634,2273.7642130374716,2346.5751953125,1773732,,
2025-06-06,2365.7559591907248,2523.7012666498886,2358.9057868166465,2489.3037109375,4772156,,
2025-06-09,2496.8876977500618,2582.9551682963183,2485.7317988993223,2552.765625,1731976,,
2025-06-10,2563.9216835343595,2563.9216835343595,2498.355747352374,2505.646240234375,1011332,,
2025-06-11,2505.205799225005,2547.725748307749,2490.135516155059,2507.114013671875,777532,,
2025-06-12,2504.7166191862534,2514.991877831089,2456.9610836062943,2461.75634765625,618352,,
2025-06-13,2412.7283988714858,2457.694836559233,2411.309482477505,2431.419677734375,1067046,,
2025-06-16,2299.7006093028767,2457.64590877579,2299.7006093028767,2431.957763671875,1212002,,
2025-06-17,2424.4716399790063,2446.0007524228163,2407.737552468028,2438.6123046875,578248,,
2025-06-18,2452.410638408721,2452.410638408721,2400.9853690469795,2418.60009765625,781590,,
2025-06-19,2414.196362742664,2449.327864024017,2382.979245511157,2386.551025390625,465524,,
2025-06-20,2382.1473559195656,2434.4042876950725,2381.3154537385617,2426.233154296875,814140,,
2025-06-23,2407.8354782872298,2440.2271017261614,2402.4532002418814,2416.398193359375,426042,,
2025-06-24,2444.043538798032,2492.973339374569,2438.5145668989,2477.511474609375,809230,,
2025-06-25,2493.7072467669573,2507.162941711741,2478.147665996822,2491.652099609375,514844,,
2025-06-26,2485.633990147783,2509.805265024871,2452.361724137931,2483.1875,734016,,
2025-06-27,2494.832671524819,2534.465811505669,2474.9183852785336,2519.15087890625,646350,,
2025-06-30,2519.8848403704537,2554.037747106929,2518.6126177165766,2540.33740234375,388280,,
2025-07-01,2541.658564826243,2554.13566433593,2504.4719153071755,2516.459716796875,347666,,
2025-07-02,2495.909208353342,2519.395513391758,2467.7745721094057,2483.6767578125,252610,,
2025-07-03,2485.14467783116,2506.1844929811386,2463.6155646544385,2468.508544921875,655578,,
2025-07-04,2468.5085190454424,2487.346492877603,2438.9059887377616,2462.881591796875,459094,,
2025-07-07,2462.636864628785,2502.7593011278036,2438.661262330591,2446.000732421875,734382,,
2025-07-08,2457.2545602544224,2529.426015379378,2456.765262253575,2499.823486328125,1744412,,
2025-07-09,2507.652432601801,2531.1387383120227,2482.208934749061,2515.481201171875,781838,,
2025-07-10,2515.725860762722,2560.741280229837,2515.725860762722,2548.01953125,1330220,,
2025-07-11,2544.349566616986,2554.1355264885897,2490.526787323165,2503.24853515625,473158,,
2025-07-14,2501.291351087597,2518.416780917031,2472.1781203775595,2491.2607421875,331236,,
2025-07-15,2507.1630215233745,2593.279471911375,2500.5574983402043,2585.2060546875,1814928,,
2025-07-16,2585.4508178061083,2625.083958654385,2582.7596786127065,2619.45703125,1613654,,
2025-07-17,2633.6464873658333,2714.869955438797,2614.074567348252,2696.031982421875,3217284,,
2025-07-18,2705.0841961309607,2752.7907547133555,2696.2768314695954,2735.176025390625,3387632,,
2025-07-21,2735.175959296347,2766.980330916072,2709.2431639756483,2750.83349609375,819598,,
2025-07-22,2764.5338060006425,2764.5338060006425,2718.784441246473,2736.399169921875,605784,,
2025-07-23,2739.57958984375,2749.610199165378,2726.8578414358312,2739.57958984375,890700,,
2025-07-24,2730.2829099631495,2741.536764251528,2709.487744430276,2721.96484375,377622,,
2025-07-25,2716.093241621071,2735.175863927542,2693.0962352517336,2716.337890625,800432,,
2025-07-28,2703.3714993126237,2764.289101423831,2694.8087841564297,2722.20947265625,973040,,
2025-07-29,2708.7538885495337,2775.7877185226703,2699.701875013015,2753.524658203125,1632592,,
2025-07-30,2756.705095176091,2786.5522749428187,2731.50624668451,2774.31982421875,773452,,
2025-07-31,2742.5152814746957,2785.573505340846,2724.166606531734,2764.53369140625,1122856,,
2025-08-01,2761.5980901811554,2778.2342232545357,2733.2188043500946,2747.408447265625,559116,,
2025-08-04,2747.1636700713225,2801.231100037104,2741.2920939664414,2781.6591796875,796510,,
2025-08-05,2788.9986236725567,2790.955815689169,2754.0138163756114,2776.0322265625,879702,,
2025-08-06,2784.595128807923,2796.093632678418,2765.02320732623,2779.7021484375,834734,,
2025-08-07,2769.916119022186,2788.509443968811,2728.815084929647,2771.628662109375,769596,,
2025-08-08,2772.851878012911,2772.851878012911,2706.062698314877,2721.4755859375,504560,,
2025-08-11,2724.6560344408263,2747.1637434440186,2665.940271823802,2691.62841796875,1468858,,
2025-08-12,2708.753790477497,2730.282902974067,2664.4723204561437,2674.5029296875,927894,,
2025-08-13,2690.6498737497004,2700.9251324055913,2677.9281249376454,2682.087158203125,596870,,
2025-08-14,2683.799563525826,2705.817973800879,2644.166425030732,2686.7353515625,1737370,,
2025-08-18,2700.9249449285026,2804.1668223524002,2698.7231039407893,2797.316650390625,1141554,,
2025-08-19,2798.784708182156,2808.5706687002753,2760.1301641355844,2798.29541015625,788962,,
2025-08-20,2794.136270663546,2798.050654721914,2759.396112145533,2793.64697265625,552500,,
2025-08-21,2807.8366361702974,2842.821443957381,2782.3931395978734,2834.99267578125,950302,,
2025-08-22,2841.5982966792853,2871.9347744053493,2835.237422317369,2851.62890625,1186878,,
2025-08-25,2857.500351376867,2900.3139268469827,2850.894828304335,2882.94384765625,957974,,
2025-08-26,2878.2954700945857,2897.622740994498,2806.6133134657957,2818.11181640625,915742,,
2025-08-28,2811.0170497368076,2811.0170497368076,2724.9006005194574,2731.261474609375,926700,,
2025-08-29,2734.93135747014,2748.876351420922,2666.6742818163098,2673.03515625,928214,,
2025-09-01,2673.0351101741726,2735.1759593398547,2662.7598516507137,2730.038330078125,590140,,
2025-09-02,2738.11176497802,2739.5796590621753,2697.2553796356924,2706.062744140625,300678,,
2025-09-03,2710.7110666033946,2759.6408692496652,2709.487821537238,2738.845703125,641778,,
2025-09-04,2759.6407733386077,2764.5337534331798,2715.6039524874595,2725.145263671875,572552,,
2025-09-05,2734.686698771871,2760.619494448183,2712.4236383327725,2726.61328125,524070,,
2025-09-08,2728.5704583005677,2811.017176174439,2724.656074069167,2795.114990234375,844332,,
2025-09-09,2793.891716452206,2802.699080882353,2755.2371725643384,2765.757080078125,498592,,
2025-09-10,2774.5644360904657,2854.075364732508,2774.5644360904657,2840.13037109375,969338,,
2025-09-11,2825.696056541605,2856.766480713101,2800.7418576007176,2837.439208984375,741338,,
2025-09-12,2852.607467768469,2857.0111499657105,2833.524844913757,2837.194580078125,359580,,
2025-09-15,2833.5248390133997,2833.5248390133997,2795.6042423938975,2810.52783203125,350410,,
2025-09-16,2822.0263728902396,2857.500479874989,2813.4636574111623,2827.89794921875,413052,,
2025-09-17,2841.5981244384093,2857.2556603802136,2824.7173435011514,2841.8427734375,309696,,
2025-09-18,2852.6073505108175,2872.423919583834,2841.1088474684498,2862.393310546875,311378,,
2025-09-19,2871.200657455925,2886.8581934202384,2857.9896114860358,2865.57373046875,709726,,
2025-09-22,2874.6259338300356,2889.304874768742,2842.8215617961714,2851.38427734375,318136,,
2025-09-23,2852.607467935354,2888.5708725482614,2843.310805518412,2878.784912109375,635528,,
2025-09-24,2869.243452140004,2886.858180018081,2809.54909655319,2833.035400390625,562108,,
2025-09-25,2834.5033974645035,2846.491198817495,2808.570602700889,2813.952880859375,495084,,
2025-09-26,2811.9957903224235,2828.1426253808263,2744.4726618963764,2750.34423828125,444412,,
2025-09-29,2750.588806879599,2782.393178034482,2717.07189266253,2751.32275390625,716636,,
2025-09-30,2742.5153657453825,2754.258518069716,2660.802597488562,2707.041259765625,1120878,,
2025-10-01,2702.8822782954394,2735.1759478044,2702.8822782954394,2718.295166015625,486324,,
2025-10-03,2732.240196996289,2756.460449458917,2718.0505541393954,2735.665283203125,871432,,
2025-10-06,2738.6009431996335,2777.989432734665,2735.6651551597556,2769.916015625,537854,,
2025-10-07,2783.371761890811,2783.371761890811,2703.3715363358933,2718.784423828125,682296,,
2025-10-08,2705.8181098615423,2723.432838967332,2662.5152341431435,2679.1513671875,658820,,
2025-10-09,2688.2032396066234,2705.573318785006,2657.132816287544,2680.86376953125,832926,,
2025-10-10,2688.6925984258237,2715.1146912947947,2667.6527837338654,2700.925048828125,883626,,
2025-10-13,2716.338047169571,2781.6593349831596,2715.359451097457,2773.83056640625,1287142,,
2025-10-14,2788.020049470554,2795.1148705862656,2734.1972685927444,2737.133056640625,620692,,
2025-10-15,2748.386913461043,2842.332131083354,2745.451125410346,2820.313720703125,2416320,,
2025-10-16,2833.2802388998152,2903.739155124938,2720.7416921513554,2839.64111328125,3245468,,
2025-10-17,2839.6409883596757,2884.4117560748323,2790.466538574176,2796.582763671875,965010,,
2025-10-20,2810.038438694222,2824.4727298210682,2777.9894194125795,2796.827392578125,514468,,
2025-10-21,2808.3259937154376,2815.1761660147695,2779.7020594646574,2792.66845703125,84866,,
2025-10-23,2811.0170649598517,2811.0170649598517,2738.1116615344354,2745.9404296875,658268,,
2025-10-24,2748.142339577567,2759.640843090444,2694.319557176867,2712.423583984375,605608,,
2025-10-27,2720.496866356921,2743.24922324282,2716.337833377778,2720.007568359375,721390,,
2025-10-28,2727.8364803902305,2780.92531592787,2712.6682416651906,2762.8212890625,886968,,
2025-10-29,2652.7292163646766,2675.9708723228655,2587.407930671661,2641.230712890625,4400454,,
2025-10-30,2642.9431372614163,2651.5058522298646,2613.340608370494,2624.839111328125,1488562,,
2025-10-31,2637.3163603176126,2665.9402948405404,2622.637419536624,2631.93408203125,932400,,
2025-11-03,2631.934033379302,2655.9096362117216,2598.172470207119,2644.4111328125,931202,,
2025-11-04,2639.762881948461,2678.6620754822707,2637.805689820974,2643.4326171875,1240214,,
2025-11-06,2565.1447673258517,2654.4416524068183,2565.1447673258517,2636.582275390625,978448,,
2025-11-07,2632.9127234903503,2664.9617447482237,2591.0777415430493,2658.111572265625,909932,,
2025-11-10,2658.111460878686,2696.032056961171,2650.282692655205,2689.181884765625,369724,,
2025-11-11,2703.371437239821,2703.371437239821,2654.4416374707744,2681.35302734375,594370,,
2025-11-12,2693.585500490284,2702.6375135255375,2667.408057388335,2684.044189453125,653398,,
2025-11-13,2691.1390881732086,2726.368545327476,2674.0136576121063,2680.1298828125,878676,,
2025-11-14,2683.799524284347,2690.1603982708007,2624.5944664104354,2648.570068359375,814572,,
2025-11-17,2660.802714263756,2675.9709533483783,2646.1237732141217,2661.04736328125,626530,,
2025-11-18,2671.567251162501,2690.1605763537423,2634.869898811368,2640.496826171875,532134,,
2025-11-19,2640.49676296336,2647.591584248076,2612.6067758441327,2638.294921875,853640,,
2025-11-20,2648.81479188764,2651.7505799639907,2632.6679574677096,2641.719970703125,723608,,
2025-11-21,2642.2092456486976,2654.6863448642607,2618.4782922387044,2639.02880859375,849466,,
2025-11-24,2651.7504840084484,2667.163370851564,2617.7442733545895,2628.01953125,1086588,,
2025-11-25,2632.912678174848,2636.337764357198,2599.151114377401,2611.138916015625,790564,,
2025-11-26,2624.594479414544,2639.7627174573945,2601.597473349577,2621.65869140625,430478,,
2025-11-27,2647.5916508005625,2647.5916508005625,2599.6404436709277,2622.637451171875,271818,,
2025-11-28,2622.637281378601,2637.316221386317,2602.0867653677983,2615.787109375,298038,,
2025-12-01,2622.539417940843,2634.674152120681,2581.634294820638,2592.105224609375,333366,,
2025-12-02,2592.3008954766256,2592.3008954766256,2536.031623491006,2543.37109375,819741,,
2025-12-03,2563.9214917009394,2571.5545881996977,2520.373970181591,2540.630859375,483519,,
2025-12-04,2550.808516254548,2553.157051168715,2528.10489714738,2540.435302734375,533045,,
2025-12-05,2527.713577060348,2541.1202950557845,2509.1202522581234,2522.331298828125,471729,,
2025-12-08,2523.701130160579,2549.3405365060876,2487.9823761418033,2496.8876953125,746623,,
2025-12-09,2493.9520909425532,2510.098926139945,2456.27614214864,2504.12939453125,809645,,
2025-12-10,2504.22719637219,2569.5974578002406,2504.22719637219,2553.54833984375,751288,,
2025-12-11,2549.2426596788473,2613.3406996822882,2544.643306118098,2607.664794921875,895280,,
2025-12-12,2618.7229061817043,2623.9095127848777,2596.8024512624925,2617.45068359375,1304915,,
2025-12-15,2612.655832070956,2612.655832070956,2541.6096619153373,2551.199951171875,626759,,
2025-12-16,2552.1783680837884,2552.1783680837884,2508.239503248362,2528.3984375,989338,,
2025-12-17,2526.0499006040222,2546.013163422367,2481.3281112220666,2486.80810546875,501390,,
2025-12-18,2547.187612348926,2670.784343642505,2547.187612348926,2664.619140625,2915803,,
2025-12-19,2660.8024903952196,2679.4937693251727,2576.0559822995156,2615.004150390625,2244048,,
2025-12-22,2604.0441433527562,2617.353145476313,2584.6678933756884,2605.8056640625,522476,,
2025-12-23,2621.658794897098,2655.616029750493,2608.1541217428376,2651.310302734375,493486,,
2025-12-24,2651.0166581091985,2665.69559863029,2584.6677991708534,2599.2490234375,1008479,,
2025-12-26,2599.150999300835,2616.6677722918535,2586.2335797680407,2590.539306640625,407924,,
2025-12-29,2590.539306640625,2599.9339238908615,2568.9124781957685,2590.539306640625,573768,,
2025-12-30,2590.3437819743053,2598.172550488017,2566.466133573507,2573.9033203125,1265693,,
2025-12-31,2583.4934073716,2624.5944388525118,2583.395452206821,2615.004150390625,502461,,
2026-01-01,2617.548817450497,2624.5946613758774,2579.089944092515,2591.51806640625,344128,,
2026-01-02,2591.518074789146,2607.7628651798414,2570.869840981518,2600.325439453125,347752,,
2026-01-05,2600.129730643342,2629.096269576711,2580.3621380202576,2603.75048828125,981827,,
2026-01-06,2615.9829216097023,2616.472219636298,2560.2029465777614,2565.976806640625,930786,,
2026-01-07,2591.713735168236,2591.713735168236,2551.8849229184407,2568.42333984375,501844,,
2026-01-08,2563.041036379831,2569.0103289969566,2512.0560860864607,2527.713623046875,831429,,
2026-01-09,2526.734983861021,2536.1296014429454,2464.202792258676,2469.38916015625,1138292,,
2026-01-12,2459.2117665475816,2479.272984698885,2411.6519050228653,2434.257568359375,879934,,
2026-01-13,2448.4472567548733,2458.7225150266268,2402.5511987070613,2432.49609375,975174,,
2026-01-14,2444.8264245473897,2547.579004125607,2433.8661971753872,2499.43212890625,2340909,,
2026-01-15,2499.43212890625,2499.43212890625,2499.43212890625,2499.43212890625,0,,
2026-01-16,2524.9734521070686,2638.2949212090734,2524.7777806822737,2540.82666015625,2869514,,
2026-01-19,2524.973488892312,2543.1754710493574,2488.667718664623,2524.386474609375,814597,,
2026-01-20,2541.4138861519536,2541.4138861519536,2466.0619919533783,2472.814208984375,827106,,
2026-01-21,2476.8264413565544,2479.3708864869805,2401.572505575149,2423.003662109375,1087574,,
2026-01-22,2455.2974898915477,2464.59415236822,2430.832588637148,2445.41357421875,684139,,
2026-01-23,2459.2119246575403,2459.2119246575403,2368.2024901198756,2377.69482421875,417907,,
2026-01-27,2380.9241096176156,2395.8966764623383,2355.7742397610136,2384.642822265625,1437206,,
2026-01-28,2407.3461946641046,2428.581680386873,2375.5418242061437,2424.569580078125,1300327,,
2026-01-29,2433.670297877328,2500.312781071914,2418.1107170366727,2489.743896484375,1550271,,
2026-01-30,2489.743990976705,2498.9429370787966,2452.4596252947044,2461.85400390625,1084243,,
2026-02-02,2416.055620518853,2525.1690768530357,2379.9455229123923,2515.285400390625,1442403,,
2026-02-03,2691.1389923544402,2710.612957133099,2601.7931300252653,2614.12353515625,2576323,,
2026-02-04,2622.637252723624,2686.24599206207,2603.4566757570933,2666.674072265625,2931893,,
2026-02-05,2666.674102630979,2713.15741267684,2662.6617634610047,2703.17578125,2336539,,
2026-02-06,2713.2553658140996,2713.2553658140996,2640.0563372136075,2661.58544921875,479617,,
2026-02-09,2691.1391427291946,2698.087270263716,2656.888280912641,2687.81201171875,604024,,
2026-02-10,2694.0748043811145,2763.946463639948,2676.460076274009,2756.50927734375,916277,,
2026-02-11,2771.384001806031,2772.0689712551057,2753.867228151596,2766.39306640625,669732,,
2026-02-12,2769.1330626522927,2783.0290781156295,2759.249386368353,2775.004638671875,574333,,
2026-02-13,2756.70504085485,2771.775324283919,2737.5244629314448,2752.986328125,1046968,,
2026-02-16,2747.7018719830285,2786.747756467438,2730.7721135515917,2781.365478515625,272866,,
2026-02-17,2764.5337158055218,2807.591940051696,2762.772195212443,2802.3076171875,344823,,
2026-02-18,2803.7757079617622,2839.3965094992277,2740.0690079606543,2752.3994140625,1032735,,
2026-02-19,2754.7477681130463,2766.2952488139,2666.6741272142276,2673.719970703125,337142,,
2026-02-20,2683.603992653994,2697.402053594312,2643.579270905363,2657.5732421875,456524,,
2026-02-23,2680.374615195148,2712.66828525774,2654.7354461405857,2668.435791015625,924223,,
2026-02-24,2661.5855554769814,2669.5120400462997,2609.4263387991678,2624.00732421875,654112,,
2026-02-25,2631.444848720715,2707.481716053211,2625.377600831704,2685.169677734375,849803,,
2026-02-26,2696.0321776593332,2703.860946233299,2681.940489792218,2694.85791015625,579732,,
2026-02-27,2660.508992422117,2692.8026615753042,2629.585501066882,2640.83935546875,1193019,,
2026-03-02,2568.8145115423195,2632.6189232460006,2545.7195502725326,2593.083740234375,816022,,
2026-03-04,2544.349604167643,2568.8145042077167,2484.655248069864,2492.6796875,1001078,,
2026-03-05,2524.777811996263,2532.606580405554,2469.3891799345106,2504.227294921875,600390,,
2026-03-06,2504.3251474281033,2504.4228636801827,2441.792718973382,2450.208740234375,689587,,
2026-03-09,2401.279052563052,2416.5450077039413,2356.459305367324,2408.4228515625,615536,,
2026-03-10,2453.535875275562,2495.811175241489,2414.685661354109,2480.447265625,1570912,,
2026-03-11,2495.4199548915235,2496.6921775534984,2387.5787167807907,2395.798828125,1185276,,
2026-03-12,2386.795725961044,2426.330910152641,2356.850591766731,2377.009765625,848681,,
2026-03-13,2365.3645210470386,2365.3645210470386,2306.8444316258006,2330.037109375,1177208,,
2026-03-16,2332.9729317636634,2346.4776047389287,2273.2785740297777,2316.532470703125,1973365,,
2026-03-17,2328.080015111029,2356.36134553774,2305.083007815901,2332.3857421875,1214120,,
2026-03-18,2335.41944605025,2448.055945655818,2331.9943599152502,2416.0556640625,1251975,,
2026-03-19,2327.199376739149,2388.752973106095,2322.208441286671,2349.609130859375,1095550,,
2026-03-20,2357.7315668516444,2390.7102067341843,2329.058654124993,2334.832275390625,771952,,
2026-03-23,2309.38874746995,2310.758925303601,2188.7280443495524,2206.3427734375,1483046,,
2026-03-24,2250.770890364278,2311.1502182053882,2235.4069803304533,2301.3642578125,822856,,
2026-03-25,2324.3613648829787,2367.7132190743364,2314.9669858500697,2335.223876953125,826687,,
2026-03-27,2319.272624659017,2329.645838293132,2250.770901567822,2264.373291015625,5308340,4080550.0,76.87
2026-03-30,2206.8320636144845,2263.9819777748744,2158.391558795009,2168.960205078125,2088678,1174164.0,56.22
2026-04-01,2236.0919720136926,2318.2940401314822,2226.5016829502733,2290.404052734375,2438152,1449791.0,59.46
2026-04-02,2248.81375416248,2307.823144580825,2193.22944996675,2298.330810546875,1124725,613245.0,54.52
2026-04-06,2299.504953018682,2348.6304249577056,2265.6454354928583,2335.517333984375,885512,404776.0,45.71
2026-04-07,2328.6672655740754,2328.6672655740754,2281.4010283846987,2295.00341796875,861846,477733.0,55.43
2026-04-08,2436.704083168948,2504.9121777943233,2379.260544734279,2485.046630859375,2035265,1138533.0,55.94
2026-04-09,2482.6980573589713,2494.1475828006774,2438.5632820976894,2461.1689453125,996857,498623.0,50.02
2026-04-10,2479.6643298096574,2569.988789156727,2475.9458561102338,2563.236572265625,919481,419814.0,45.66
2026-04-13,2495.126318080223,2537.4016199482658,2471.1507146901577,2491.603515625,1006209,495962.0,49.29
2026-04-15,2534.7594688300915,2620.6802507489338,2534.7594688300915,2606.686279296875,2160698,1358374.0,62.87
2026-04-16,2643.383506279853,2665.4019166035664,2550.31916866065,2605.21826171875,2949659,1394507.0,47.28
2026-04-17,2589.658616827227,2739.0901767580285,2589.658616827227,2732.63134765625,2259343,1112380.0,49.23
2026-04-20,2732.0444245977806,2749.659153010513,2694.4661939682583,2708.949462890625,1049876,685463.0,65.29
2026-04-21,2695.0534250290802,2756.509302547683,2675.3835495636135,2734.197265625,1593751,951332.0,59.69
2026-04-22,2734.19733453921,2751.224810061588,2700.2400997493814,2707.18798828125,1161510,735609.0,63.33
2026-04-23,2686.2460232040876,2703.7627960589653,2642.2092031515613,2650.233642578125,1161552,734608.0,63.24
2026-04-24,2642.2093432215493,2704.8394906164303,2635.261215678909,2676.460205078125,1081669,581919.0,53.8
2026-04-27,2691.041210653647,2717.0719614236555,2661.3899411585926,2697.0107421875,483814,261954.0,54.14
2026-04-28,2697.010550091241,2729.1085463659,2679.493777425531,2701.12060546875,1098502,665435.0,60.58
2026-04-29,2710.7110097889195,2748.1912856134145,2701.120720888245,2728.227783203125,832683,514086.0,61.74
2026-04-30,2710.809068944201,2715.506138947933,2645.8301465502554,2654.539794921875,1255481,849046.0,67.63
2026-05-01,2654.539794921875,2654.539794921875,2654.539794921875,2654.539794921875,0,0.0,0.0
2026-05-04,2666.674167500536,2714.918999304747,2666.674167500536,2694.662109375,489137,272500.0,55.71
2026-05-05,2690.258484827765,2765.0231271539997,2649.0594957373482,2746.234130859375,981595,488804.0,49.8
2026-05-06,2769.4267173207113,2804.656173795462,2747.310351856656,2755.62841796875,940065,609793.0,64.87
2026-05-07,2769.4268293880327,2793.7937755364155,2720.497026748668,2773.928466796875,814891,498110.0,61.13
2026-05-08,2759.640820723108,2810.9191574286815,2755.0414671382455,2792.9130859375,1044961,752843.0,72.05
2026-05-11,2784.1056638724212,2784.1056638724212,2680.276531070248,2688.39892578125,1319247,877124.0,66.49
2026-05-12,2654.9311101155986,2700.2401554652706,2567.24880759552,2576.44775390625,894165,488675.0,54.65
2026-05-13,2573.7075343932856,2631.640371034643,2573.7075343932856,2595.5302734375,548007,276968.0,50.54
2026-05-14,2612.851487293096,2647.1023494860765,2561.9644920349533,2633.9892578125,649261,358668.0,55.24
2026-05-15,2642.2091913549566,2679.7871820659893,2632.6189028033273,2645.63427734375,429762,212098.0,49.35
2026-05-18,2606.0012925474384,2623.126723497337,2544.447696299252,2568.91259765625,990806,548977.0,55.41
2026-05-19,2568.814548539508,2638.588492440942,2545.2302889278517,2596.802490234375,593711,309612.0,52.15
2026-05-20,2573.707566213586,2640.7413944590726,2549.438336817612,2627.823974609375,1035717,682619.0,65.91
2026-05-21,2652.9737858704334,2714.8210059837775,2647.102209804324,2669.511962890625,898831,455499.0,50.68
2026-05-22,2680.37443712913,2707.7751250588913,2661.781113176792,2680.080810546875,525571,241439.0,45.94
2026-05-25,2708.7539235019576,2749.6592870372747,2694.074982442518,2699.06591796875,767309,433580.0,56.51
2026-05-26,2699.0658259682273,2706.6009676722188,2659.2367761191845,2681.157470703125,685263,390949.0,57.05
2026-05-27,2669.6099259704665,2680.4724372909823,2646.1236216364155,2658.160400390625,548519,304094.0,55.44
2026-05-28,2658.160400390625,2658.160400390625,2658.160400390625,2658.160400390625,0,0.0,0.0
2026-05-29,2658.160358102598,2709.1450662676384,2595.823840790676,2617.059326171875,2092882,1291804.0,61.72
2026-06-01,2629.9767718660614,2654.3437169026365,2539.554596280292,2548.948974609375,912721,301364.0,33.02
2026-06-02,2519.004173607482,2539.163108774304,2485.633952925416,2528.202880859375,1342853,803709.0,59.85
2026-06-03,2528.202933821355,2528.3008889938733,2410.7714060262856,2456.276123046875,1184566,627481.0,52.97
2026-06-04,2442.086465886018,2493.952057026855,2432.594131894196,2468.89990234375,661317,330057.0,49.91
2026-06-05,2483.800048828125,2506.199951171875,2465.60009765625,2495.89990234375,1100160,609069.0,55.36
2026-06-08,2465.0,2478.10009765625,2436.5,2453.0,1025312,690002.0,67.3
2026-06-09,2468.0,2509.199951171875,2447.10009765625,2503.300048828125,994452,598891.0,60.22
2026-06-10,2503.300048828125,2510.39990234375,2436.300048828125,2447.800048828125,673825,372118.0,55.22
2026-06-11,2438.0,2450.0,2384.199951171875,2389.800048828125,1069770,674281.0,63.03
2026-06-12,2419.89990234375,2463.60009765625,2380.800048828125,2455.89990234375,1107972,668234.0,60.31
2026-06-15,2500.0,2637.199951171875,2499.0,2622.89990234375,2029867,1055733.0,52.01
2026-06-16,2622.89990234375,2669.0,2622.89990234375,2658.60009765625,680815,364554.0,53.55
2026-06-17,2677.699951171875,2716.10009765625,2654.60009765625,2711.10009765625,912665,523186.0,57.33
2026-06-18,2709.89990234375,2735.0,2681.800048828125,2728.199951171875,609955,365962.0,60.0
2026-06-19,2720.10009765625,2729.89990234375,2685.60009765625,2719.0,430133,203070.0,47.21
2026-06-22,2730.0,2732.89990234375,2678.699951171875,2689.89990234375,922796,605517.0,65.62
2026-06-23,2662.0,2725.0,2656.0,2680.0,666444,364917.0,54.76
2026-06-24,2671.0,2690.0,2621.0,2625.10009765625,538871,280768.0,52.1
2026-06-25,2638.800048828125,2691.800048828125,2638.800048828125,2649.699951171875,824774,477218.0,57.86
2026-06-25,2638.800048828125,2691.800048828125,2638.800048828125,2649.699951171875,824774,0.0,0.0
2026-06-26,2649.699951171875,2649.699951171875,2649.699951171875,2649.699951171875,0,,
2026-06-29,2638.0,2679.89990234375,2594.39990234375,2606.60009765625,1613740,1114341.0,69.05
2026-06-30,2625.800048828125,2669.60009765625,2605.60009765625,2653.199951171875,753577,425713.0,56.49
2026-07-01,2663.0,2752.39990234375,2655.60009765625,2745.800048828125,1139695,0.0,0.0
2026-07-02,2747.0,2770.10009765625,2742.89990234375,2759.60009765625,395005,200951.0,50.87
2026-07-03,2777.0,2808.300048828125,2765.199951171875,2800.199951171875,504864,273833.0,54.24
2026-07-06,2821.5,2838.39990234375,2760.300048828125,2773.39990234375,396364,200455.0,50.57
2026-07-07,2785.0,2806.0,2734.199951171875,2783.39990234375,538949,291300.0,54.05
2026-07-08,2768.5,2776.10009765625,2645.800048828125,2659.199951171875,651746,,
2026-07-09,2675.0,2744.89990234375,2662.300048828125,2737.10009765625,1437375,,
2026-07-10,2755.0,2789.800048828125,2748.0,2761.199951171875,846266,,
2026-07-13,2751.0,2758.199951171875,2681.0,2749.0,914005,431443.0,47.2
2026-07-14,2735.0,2741.89990234375,2642.0,2659.800048828125,1148370,,
2026-07-15,2681.699951171875,2767.300048828125,2673.699951171875,2729.199951171875,1658894,823535.0,49.64
2026-07-16,2722.300048828125,2729.0,2587.60009765625,2602.199951171875,2845724,,
2026-07-17,2601.699951171875,2669.0,2588.39990234375,2651.199951171875,1533879,790197.0,51.52
2026-07-20,2655.39990234375,2659.0,2603.0,2644.89990234375,655096,289679.0,44.22
2026-07-21,2632.0,2695.0,2578.300048828125,2581.10009765625,1230158,724306.0,58.88
2026-07-22,2588.0,2593.89990234375,2537.699951171875,2546.0,852280,,
2026-07-23,2542.0,2563.199951171875,2497.60009765625,2508.699951171875,828744,405152.0,48.89
2026-07-24,2499.89990234375,2530.60009765625,2468.5,2505.699951171875,717284,,
2026-07-27,2515.89990234375,2558.0,2515.89990234375,2552.39990234375,554072,335874.0,60.62
2026-07-28,2552.39990234375,2558.39990234375,2515.300048828125,2531.199951171875,544077,298040.0,54.78
2026-07-29,2535.10009765625,2557.199951171875,2528.300048828125,2541.89990234375,470968,248251.0,52.71
2026-07-30,2535.0,2554.89990234375,2529.199951171875,2546.300048828125,293137,161066.0,54.95
2026-07-31,2550.10009765625,2630.0,2550.10009765625,2615.800048828125,825760,452506.0,54.8
2026-08-03,2640.0,2644.800048828125,2562.199951171875,2600.60009765625,534990,251628.0,47.03
2026-08-04,2589.0,2589.0,2533.0,2556.0,1035685,709495.0,68.5
2026-08-05,2562.0,2581.5,2540.89990234375,2562.0,582394,,
2026-08-06,2560.0,2566.0,2533.89990234375,2538.10009765625,400755,244673.0,61.05
2026-08-07,2534.0,2552.39990234375,2521.199951171875,2545.0,310098,173062.0,55.81
