date,open,high,low,close,volume,delivery_qty,delivery_pct
2022-01-03,1212.9839608598768,1237.8669757289567,1195.3234925992874,1207.3939208984375,392781,,
2022-01-04,1215.9519264742776,1234.2059978093448,1199.3797582330699,1216.5455322265625,434450,,
2022-01-05,1218.920200562463,1280.2619639024572,1212.786072538194,1253.30126953125,1415943,,
2022-01-06,1251.569822345211,1279.2725535907966,1232.0790204571533,1245.0399169921875,589605,,
2022-01-07,1245.1387171694612,1263.0465283588715,1223.1744591453269,1233.41455078125,430419,,
2022-01-10,1242.6159523780145,1245.1884456707467,1223.8671864729838,1229.25927734375,204122,,
2022-01-11,1236.7290048107882,1237.124782247191,1177.8607041817947,1187.2103271484375,268555,,
2022-01-12,1191.415358703889,1208.6801702918797,1172.4192470612372,1189.09033203125,238591,,
2022-01-13,1195.4224021086882,1200.4682329099603,1175.7831672676039,1179.1470947265625,197507,,
2022-01-14,1176.3766098283336,1202.1005727009465,1171.1328306253442,1174.843017578125,187017,,
2022-01-17,1181.768574730663,1189.2384653141958,1154.1153658810395,1158.66650390625,239691,,
2022-01-18,1166.4828752713977,1174.002163968155,1127.8969277433362,1132.101806640625,231287,,
2022-01-19,1122.9500953204051,1129.5789154147656,1108.9502968494292,1123.543701171875,175450,,
2022-01-20,1131.557552807218,1172.0233511036254,1127.9464006340913,1136.306640625,393403,,
2022-01-21,1136.3065554509374,1162.5252091030486,1093.2683881352075,1102.8653564453125,220145,,
2022-01-24,1102.8656418488147,1106.7737787936626,1028.9587492283965,1036.77490234375,454606,,
2022-01-25,1028.6616649393382,1122.949932228228,1016.1954607716679,1086.886962890625,409886,,
2022-01-27,1086.8870617033963,1104.7453576259973,1051.7144374288528,1058.1949462890625,341535,,
2022-01-28,1030.937279061958,1103.162251587412,1029.9478958766779,1055.2266845703125,478548,,
2022-01-31,1055.2267864685923,1083.325175024427,1055.2267864685923,1064.427978515625,173188,,
2022-02-01,1064.576324098591,1083.3746049144581,1034.5979648035602,1050.27978515625,363332,,
2022-02-02,1062.8449673256855,1071.5515883256326,1053.1489630654867,1063.8343505859375,182348,,
2022-02-03,1068.5339408626544,1093.169608654075,1028.958609719593,1038.4566650390625,647206,,
2022-02-04,1028.9586100965985,1039.4460486984872,959.8996693040864,967.2210693359375,2257150,,
2022-02-07,967.6168949949305,967.6168949949305,892.07750204053,937.6880493164062,2374028,,
2022-02-08,934.9672025156574,960.6417107891549,871.7455865716381,880.9468994140625,1310097,,
2022-02-09,898.755855911537,910.1337643937053,877.2367681300447,899.7452392578125,721538,,
2022-02-10,906.1760404381224,951.7865789545767,888.9112925989896,947.9774780273438,1104663,,
2022-02-11,942.8823059903384,959.0586991523054,911.7167313432286,949.9564208984375,564583,,
2022-02-14,913.1018296587672,940.4087833258851,895.9359939622892,911.5682373046875,575871,,
2022-02-15,901.7239183354766,968.4577702479138,895.4412984647698,964.8465576171875,630690,,
2022-02-16,987.4045004127861,994.3301832814128,946.295637748584,988.4927978515625,740265,,
2022-02-17,989.3832254887187,1002.5420103102867,952.8255032294786,959.35546875,506514,,
2022-02-18,949.807910080956,975.5318743123153,943.5748077484818,962.4225463867188,275756,,
2022-02-21,959.7016848380249,959.7016848380249,918.1475912677187,924.825927734375,238258,,
2022-02-22,907.2644264278642,915.1794923072786,895.3918276087428,911.6177368164062,283487,,
2022-02-23,938.9246569164108,938.9246569164108,895.3917961110135,901.0807495117188,207857,,
2022-02-24,865.7103014960811,885.0032739294223,831.0818894362378,851.5621337890625,743636,,
2022-02-25,888.3672418421276,926.2606081335807,868.6784910673983,918.9391479492188,502668,,
2022-02-28,908.5506194192902,909.243199766403,867.9364493961665,884.3107299804688,884633,,
2022-03-02,870.6573247608029,883.6677396209017,851.8590416125583,858.1416015625,675431,,
2022-03-03,864.671527531287,870.6572842833021,813.371968355706,841.4210205078125,982342,,
2022-03-04,840.9758352573015,853.3925840416083,819.3578335293774,839.4917602539062,408978,,
2022-03-07,836.028880551742,845.4280218123829,801.0542053841175,841.7178344726562,646741,,
2022-03-08,840.9757875811084,852.2547811223556,822.6227398236828,846.3184814453125,338364,,
2022-03-09,850.5727406767726,869.4204783723054,843.9438612251226,854.5302734375,265748,,
2022-03-10,882.5298483248145,919.1370281320097,877.582932134653,916.0204467773438,785408,,
2022-03-11,909.243263578581,927.7447435873736,895.886588868776,901.625,260783,,
2022-03-14,901.6249186198916,911.2219479559255,880.6005251409954,885.99267578125,191948,,
2022-03-15,895.391819970845,898.7062296247129,865.7103231762313,870.4593505859375,202401,,
2022-03-16,884.5086795148301,892.4237459981842,875.6042297210565,889.7029418945312,210848,,
2022-03-17,895.3918498793013,959.7017617490853,894.6992695201943,953.2213134765625,1301442,,
2022-03-21,953.2212629692092,973.5036187149992,940.111935474979,946.4934692382812,412352,,
2022-03-22,949.6099982240478,949.6099982240478,921.4620336637267,924.0839233398438,303265,,
2022-03-23,930.9106613389591,936.055405582488,895.3917809029728,900.1408081054688,393239,,
2022-03-24,899.3493583506819,920.3737520414982,892.4236757231189,895.9359741210938,382228,,
2022-03-25,900.3387634715687,909.1937556952323,883.5192481100119,887.87255859375,182080,,
2022-03-28,887.8725273663036,897.6673850294761,865.7103190439155,873.575927734375,283143,,
2022-03-29,881.5404556548384,889.3566073065298,868.5795595301531,872.0918579101562,233706,,
2022-03-30,882.4803412713715,913.7448256680289,860.7633683488175,869.4204711914062,698649,,
2022-03-31,877.038752343993,887.476733057821,868.1837606000423,878.5228271484375,372766,,
2022-04-01,882.331939727401,889.4555109582246,871.4981814375192,884.2117919921875,325501,,
2022-04-04,895.3918218713537,900.3387380142894,885.4979895854824,891.533203125,277897,,
2022-04-05,899.3493471305051,915.1794786531542,892.423664589346,910.18310546875,417088,,
2022-04-06,909.24321924206,919.1370518779911,897.42007716469,909.0947875976562,685553,,
2022-04-07,913.6459493816254,917.1087906622196,888.5650484455977,893.0172729492188,243277,,
2022-04-08,894.402433037521,908.2537981509339,894.402433037521,900.53662109375,136580,,
2022-04-11,902.3175345814336,913.0028617293077,897.2717041021259,907.95703125,562905,,
2022-04-12,916.1689583947598,926.0627916387637,891.483832373537,910.5789184570312,533204,,
2022-04-13,920.1264666402251,920.1264666402251,907.4623725101366,912.607177734375,151637,,
2022-04-18,907.2644525466975,913.2502092128938,891.879554878109,896.6780395507812,199602,,
2022-04-19,895.8865042930474,923.9354943808207,887.1304869647598,896.1338500976562,419111,,
2022-04-20,896.1338334848314,908.995815086049,872.635982482607,877.385009765625,232443,,
2022-04-21,882.5298623823222,896.7770053917893,879.8585155196519,886.7347412109375,157209,,
2022-04-22,887.2294609217196,893.4131064536524,880.0564321046775,882.0846557617188,143154,,
2022-04-25,880.5510860014916,881.5404692441899,834.2479623206432,841.1736450195312,285685,,
2022-04-26,857.4984427709727,876.593526704139,851.9578605459649,857.7457885742188,266469,,
2022-04-27,857.7458379283279,896.8264770898833,847.3573135942436,886.0421752929688,269311,,
2022-04-28,888.4661469406213,900.338745786153,880.5510810436002,896.5791015625,217256,,
2022-04-29,900.3388348291022,906.2256777496489,879.8585877176444,890.2965698242188,273189,,
2022-05-02,889.257683917879,889.257683917879,865.7103738272116,868.035400390625,167347,,
2022-05-04,876.5935036493526,879.8584560888995,838.9969425447528,842.6082153320312,170610,,
2022-05-05,858.2405189672244,859.7740509392233,838.0076192698759,840.9757690429688,115983,,
2022-05-06,838.0075375916722,838.0075375916722,796.4534448185314,821.5838012695312,455737,,
2022-05-09,811.2941958679482,819.8028669380423,793.6831875960507,800.1636352539062,141659,,
2022-05-10,800.0152909623193,814.7076688091238,790.7151244217979,796.00830078125,139702,,
2022-05-11,796.4535134561214,808.3261124144735,747.0832652994428,770.08642578125,368934,,
2022-05-12,754.8994439596521,761.7756698451052,715.5220014242484,731.9457397460938,348583,,
2022-05-13,746.4896884606959,782.5032641860971,737.3378930753262,752.52490234375,239876,,
2022-05-16,760.8357397248718,831.5766440035823,752.8712164254705,820.34716796875,536770,,
2022-05-17,821.188055181691,831.3292329715853,811.29422319155,821.3364868164062,149158,,
2022-05-18,829.0042665271533,834.0500970519621,811.2942818299038,816.4390869140625,247056,,
2022-05-19,810.3048342967083,831.6260300081585,781.6127217269836,812.0362548828125,216163,,
2022-05-20,819.2092519263698,834.0994563241704,814.7570277311179,830.587158203125,192962,,
2022-05-23,833.0606662063183,867.6890786970797,812.2836187118614,815.7464599609375,141458,,
2022-05-24,822.6720792643229,826.0360060884556,810.5521358235677,816.2410888671875,125024,,
2022-05-25,816.2411493217937,819.2092989556912,767.860286134402,780.128662109375,161554,,
2022-05-26,769.7401575860538,797.2449994686375,757.1255213274134,777.9520263671875,152607,,
2022-05-27,790.5171940386455,809.5133639703226,782.701042433337,806.7431030273438,111657,,
2022-05-30,817.2305951973357,818.9125588629469,803.6265749988328,807.0894165039062,178505,,
2022-05-31,761.3304241351393,804.5170279046876,752.5248889019083,795.8599243164062,904773,,
2022-06-01,795.9588092562741,811.1458176956721,782.3053327473338,786.4607543945312,90303,,
2022-06-02,790.6160878540203,791.3086681687266,770.234818169085,778.1993408203125,130941,,
2022-06-03,788.7857581432623,803.3297032965246,768.7507482939038,776.7152709960938,146794,,
2022-06-06,780.6233483923804,783.5914980060396,764.7932171195312,776.2205810546875,65406,,
2022-06-07,775.6764898565164,780.1287146069683,770.036993095178,775.5775756835938,38877,,
2022-06-08,781.6127169938691,811.4921012905598,779.4855189889596,804.3685302734375,368500,,
2022-06-09,823.6615513692767,825.937120755087,804.3685780939603,819.1104125976562,447661,,
2022-06-10,816.2412084576112,819.3082724799806,792.4960096661171,801.05419921875,110618,,
2022-06-13,786.5596786463283,789.5278283770691,764.1006669396236,783.4926147460938,165969,,
2022-06-14,787.4501699824,795.2662615953562,769.9875310846577,778.694091796875,95550,,
2022-06-15,784.5809286306885,818.2199596186373,776.5669483443066,807.1388549804688,217289,,
2022-06-16,806.2484917914634,825.1456890525487,803.972861845255,811.5911254882812,313474,,
2022-06-17,811.591029639193,813.8665989294905,786.11441215266,798.2838134765625,367119,,
2022-06-20,805.3578907422184,819.1597978759812,782.7009922654928,790.8634033203125,697609,,
2022-06-21,794.4747122984879,807.5840397430146,788.0931785593809,798.2838134765625,148313,,
2022-06-22,800.5099748499005,800.5099748499005,777.6552456034427,783.9378051757812,131006,,
2022-06-23,787.895382746945,802.1919837987376,785.7682448411908,797.5418701171875,88879,,
2022-06-24,804.3686207155748,822.6227546284349,801.4499279110682,817.03271484375,171056,,
2022-06-27,826.135033542067,831.0819499105825,807.8809000648127,813.8171997070312,114076,,
2022-06-28,813.2730658973389,837.5129565475638,802.4393067741935,825.5414428710938,189270,,
2022-06-29,821.1881342241518,857.7953161112525,809.7113121657642,851.5127563476562,262439,,
2022-06-30,850.8696470943768,865.7103967529996,833.5554391593168,863.2369384765625,174448,,
2022-07-01,862.7421453215252,889.3565773997244,851.1168927899565,864.3251342773438,257073,,
2022-07-04,856.0144188720946,899.349394101188,856.0144188720946,880.1553344726562,541847,,
2022-07-05,885.4979780952292,895.3918102527178,878.6217526683428,884.2117919921875,267021,,
2022-07-06,886.3884794641253,895.1939541730635,870.9540645033718,881.8372802734375,147314,,
2022-07-07,890.3459442533467,895.3917742961751,885.9431770426357,892.9677734375,190898,,
2022-07-08,898.3105241434806,903.0100945298607,870.8056821700992,876.1483154296875,214166,,
2022-07-11,882.4309412051084,908.1549055994423,876.4451242574673,904.889892578125,265805,,
2022-07-12,896.3812255859375,907.7591329747214,877.8797467110912,896.3812255859375,116706,,
2022-07-13,895.3918032743763,910.2325513949462,892.3741965672923,895.3423461914062,146703,,
2022-07-14,899.745214300863,907.0171575394135,883.7666495468569,889.356689453125,124164,,
2022-07-15,896.4306777384916,914.1901190772182,891.7311073211574,903.2574462890625,147163,,
2022-07-18,905.7803861594228,929.228781799912,903.3069279776659,922.7977905273438,244655,,
2022-07-19,946.8397792629459,946.8397792629459,928.2393860633214,937.0448608398438,276927,,
2022-07-20,944.8610228635898,946.1472090371758,930.0202738133764,932.4442749023438,96808,,
2022-07-21,938.3311803096797,938.3311803096797,910.331583582421,924.9249877929688,148858,,
2022-07-22,925.9638837478079,938.3311753867777,922.5504991780191,933.4337158203125,88154,,
2022-07-25,933.4336575675668,965.6380709082316,930.1687048560677,961.0374145507812,378462,,
2022-07-26,961.0373395260033,972.5636778692456,951.786630834399,967.1220703125,187328,,
2022-07-27,967.1221115480496,968.60618639953,946.8397552444843,958.5144653320312,300369,,
2022-07-28,956.7335727343838,973.5530874567049,944.9598882738952,952.1824340820312,826427,,
2022-07-29,958.0198266353422,967.5673995287992,929.0309083458593,930.7623291015625,247423,,
2022-08-01,930.0201788104697,944.762012182647,921.9566818286866,929.9212646484375,173602,,
2022-08-02,929.921362290358,931.009659735609,916.1689106431179,924.4302368164062,122573,,
2022-08-03,917.6529728542998,924.4302240245585,902.9606556109044,919.2359619140625,125568,,
2022-08-04,923.3419539612951,929.9708340714528,905.3846231207639,911.3209228515625,166439,,
2022-08-05,919.3349379900917,922.6988048444315,908.253833391973,911.7166748046875,71606,,
2022-08-08,916.1688677535406,918.8896716264587,901.7733538851691,906.5718383789062,136790,,
2022-08-10,910.2326441481815,918.1477106190353,898.6073902691151,904.2468872070312,181183,,
2022-08-11,903.801578849998,946.7408351034825,903.801578849998,936.7974853515625,534430,,
2022-08-12,936.5996967341468,950.797322504294,918.5929091420649,927.0521240234375,270132,,
2022-08-16,925.0733459363572,947.73024669223,920.1264296479276,942.9317016601562,225012,,
2022-08-17,949.7584227768479,957.5250568062548,932.543130799525,935.2144775390625,195522,,
2022-08-18,935.9565133811213,959.4049074534079,931.0095973484516,950.2531127929688,255319,,
2022-08-19,953.1718725945168,960.6911613399437,940.9034958128594,946.6419067382812,140313,,
2022-08-22,939.9140798661815,964.0550551249772,932.6421371926075,952.7760620117188,204760,,
2022-08-23,953.2707414335148,987.4044628444709,946.9881820823042,981.5670776367188,429023,,
2022-08-24,989.383166697947,1028.7111475741904,989.383166697947,1018.6688842773438,852612,,
2022-08-25,1035.8843595580518,1057.799224748459,1020.3015719142702,1026.1883544921875,736066,,
2022-08-26,1033.905525077033,1040.3860338549496,1015.107242802905,1026.53466796875,319608,,
2022-08-29,985.5244956596997,1053.693016366336,985.5244956596997,1044.64013671875,483822,,
2022-08-30,1056.3149793652385,1056.3149793652385,1032.9160429350743,1035.7852783203125,238215,,
2022-09-01,1033.9055039824839,1050.329241900451,1013.8209755475444,1027.0787353515625,234820,,
2022-09-02,1032.8171839522317,1038.8523975354306,1010.45708659203,1015.7008056640625,99223,,
2022-09-05,1021.0436742029909,1040.8313423077,1010.4078025967098,1026.83154296875,154021,,
2022-09-06,1026.9798626299307,1034.4497548345137,1016.0966463592861,1020.598388671875,72812,,
2022-09-07,1021.6371611065553,1042.612159319304,1012.336994412786,1020.9446411132812,128447,,
2022-09-08,1021.2908654481563,1037.0220833648284,1007.1921540578572,1009.7645263671875,271669,,
2022-09-09,1013.1284218400343,1071.9967236949972,1011.149655391128,1055.276123046875,767947,,
2022-09-12,1073.2830486813455,1131.6566631927074,1060.618894172539,1123.1973876953125,1284252,,
2022-09-13,1123.1973312878317,1126.2643951990253,1095.6430320105305,1100.1446533203125,834919,,
2022-09-14,1088.3216375962086,1113.0562202688498,1075.4596546064354,1084.6114501953125,268883,,
2022-09-15,1094.2579666378065,1097.127202459264,1063.587083305282,1079.96142578125,112229,,
2022-09-16,1085.4029592889203,1093.9610279125857,1055.6719438629018,1069.3748779296875,278906,,
2022-09-19,1074.4702202031447,1074.4702202031447,1032.1740858443193,1039.0008544921875,151394,,
2022-09-20,1053.09948796038,1073.1838941835513,1045.7780282247572,1069.27587890625,142007,,
2022-09-21,1071.3099368193587,1125.083731633102,1062.827114208078,1104.149658203125,750180,,
2022-09-22,1104.1495811788361,1104.1495811788361,1067.7877263677653,1089.61474609375,240692,,
2022-09-23,1092.343002361294,1103.9509585743426,1072.1530355769871,1082.421630859375,190835,,
2022-09-26,1067.5396218859898,1080.2390264269739,1034.05499155267,1059.8009033203125,171228,,
2022-09-27,1058.5113717150678,1085.0013907355362,1019.917204257913,1043.9268798828125,261077,,
2022-09-28,1042.438649217773,1058.0152780402568,1017.1391471806736,1027.010986328125,119451,,
2022-09-29,1037.229856991539,1056.0804650581888,1025.1754860899548,1030.9298095703125,156666,,
2022-09-30,1031.8228971087983,1046.9529924750573,1017.0400256108082,1036.585205078125,136458,,
2022-10-03,1035.7914027186196,1077.3619822797175,1034.0551623404992,1070.0201416015625,352257,,
2022-10-04,1085.0012620577431,1086.390278416632,1066.5475336053694,1071.359375,149788,,
2022-10-06,1077.7587728694,1091.3510051253952,1057.6183376942465,1064.9105224609375,115408,,
2022-10-07,1051.6654569969887,1085.3981225987789,1049.6315272444451,1055.5843505859375,214869,,
2022-10-10,1051.6655043400785,1064.8113231443294,1041.7937869652399,1047.3497314453125,73494,,
2022-10-11,1052.6079796641502,1055.137978126427,1018.0320203058977,1025.522705078125,102017,,
2022-10-12,1016.9903962657523,1041.7441736623825,1013.9643290313857,1037.0811767578125,70507,,
2022-10-13,1042.2898265986164,1058.4120567590176,1037.527519399343,1054.4930419921875,170935,,
2022-10-14,1056.626150140771,1076.4688947443535,1021.9510023902112,1026.8123779296875,252307,,
2022-10-17,1025.8700670831317,1035.7914410394483,1015.9486931268151,1024.8779296875,62605,,
2022-10-18,1031.8228354569217,1051.6655822926316,1022.4967202220349,1045.018310546875,141560,,
2022-10-19,1050.2765290630864,1081.429664727806,1044.720584365486,1053.947509765625,157021,,
2022-10-20,1050.276523514119,1064.3152905573693,1038.8669445428677,1045.1669921875,77412,,
2022-10-21,1050.4254544664138,1057.4696056650525,1023.0920211149568,1028.003173828125,86654,,
2022-10-24,1038.470039114947,1042.736277849113,1034.7991796352283,1038.370849609375,17336,,
2022-10-25,1043.5795910471284,1060.59476990332,1033.85671820824,1053.2529296875,162229,,
2022-10-27,1054.691597985651,1070.1192602286812,1038.2716773389063,1047.3992919921875,78044,,
2022-10-28,1056.626313111434,1057.320760835468,1024.1338138115284,1028.003173828125,104074,,
2022-10-31,1033.1621344839543,1049.7308997611883,1017.9825067342581,1033.658203125,167439,,
2022-11-01,1035.7913169642857,1045.9607240513392,1029.0943903459822,1041.744140625,80864,,
2022-11-02,1046.655084300195,1076.4688554222166,1038.8172973564865,1060.2474365234375,273265,,
2022-11-03,1059.6026269243375,1075.377634075369,1052.21125254964,1057.965576171875,172900,,
2022-11-04,1063.2734660444935,1063.5215003625135,1018.2305307804432,1029.5904541015625,389518,,
2022-11-07,1037.6764631202484,1049.4332663204068,997.0980218879781,1016.89111328125,227681,,
2022-11-09,1017.3375549784737,1039.660642985123,1016.940675858477,1033.360595703125,130755,,
2022-11-10,1036.684249968929,1046.7544674069647,993.1293999163313,1000.2232055664062,278595,,
2022-11-11,1010.9878303439083,1027.55647352556,987.1765369893903,993.178955078125,266668,,
2022-11-14,996.9987415997016,999.9254980278894,969.516527805539,976.0150146484375,139536,,
2022-11-15,962.2739592432869,977.0567681847156,922.6876580778458,970.657470703125,792169,,
2022-11-16,977.2552238025233,977.2552238025233,933.3035542745367,943.4729614257812,632706,,
2022-11-17,943.4729786056886,954.3864889179458,921.9931818144621,950.8147583007812,249946,,
2022-11-18,922.9852737722408,982.1166903468671,922.9852737722408,975.9158325195312,393462,,
2022-11-21,972.6417443894138,1014.1627252999023,958.4045988460484,1011.13671875,516235,,
2022-11-22,1016.5935150174064,1021.7030463664258,989.2600837874598,1012.674560546875,264601,,
2022-11-23,1016.9406951889504,1028.8463423521382,1007.0193225529607,1023.3895874023438,137787,,
2022-11-24,1023.3897155625881,1048.8380637829282,1022.8936468686654,1039.7103271484375,203063,,
2022-11-25,1042.7363817736048,1056.0805810314473,1034.303214080859,1042.8355712890625,137522,,
2022-11-28,1042.8354171983492,1062.281282664995,1038.8173340871288,1057.6182861328125,140224,,
2022-11-29,1057.61837972388,1065.5554782583931,1047.448972226535,1054.6419677734375,113213,,
2022-11-30,1054.6419552683478,1071.9547027972692,1041.3969464680301,1051.0206298828125,188340,,
2022-12-01,1056.2293781760936,1060.2971170103808,1047.9450556857928,1051.0703125,143677,,
2022-12-02,1055.9813119039827,1140.9578959411824,1049.6812642658879,1125.2325439453125,1531794,,
2022-12-05,1121.1150814912398,1121.1150814912398,1087.3824153224768,1101.71875,304637,,
2022-12-06,1102.2645886674804,1109.804808256244,1081.4297044532436,1087.0848388671875,244998,,
2022-12-07,1091.350997946394,1097.353476879302,1052.7568338878248,1059.9498291015625,170945,,
2022-12-08,1059.6026204323227,1085.3981898435966,1059.6026204323227,1076.1712646484375,226887,,
2022-12-09,1075.3777433441794,1087.8289949466941,1068.730350151879,1080.884033203125,245928,,
2022-12-12,1080.8839509858535,1086.2911720269315,1051.665555459968,1081.181640625,182294,,
2022-12-13,1089.0194704328887,1089.2675047439648,1060.5947141614654,1063.719970703125,153761,,
2022-12-14,1064.7121134027304,1080.4374645834278,1054.6418960993424,1059.00732421875,131953,,
2022-12-15,1062.5789942400781,1083.4138764800796,1058.6601005486605,1062.380615234375,139298,,
2022-12-16,1062.380739511807,1064.5137379593984,1041.7442338634476,1045.514404296875,119975,,
2022-12-19,1046.655157747099,1050.4253277928246,1031.921943605353,1038.5693359375,92898,,
2022-12-20,1041.4464432604066,1051.6655055795807,1034.2039138599832,1046.9031982421875,82936,,
2022-12-21,1049.681279309181,1056.5765852044835,1008.3587359157863,1028.5487060546875,150233,,
2022-12-22,1019.9667406935368,1032.814869540935,971.3519552511518,1013.5673828125,446479,,
2022-12-23,992.1372410648112,1009.9957114039778,961.0833575305329,970.161376953125,173623,,
2022-12-26,969.3677016517466,1009.9957347224068,957.4124597319475,1003.1499633789062,106351,,
2022-12-27,1011.8807743674372,1011.8807743674372,983.2079845024307,990.6986083984375,139145,,
2022-12-28,990.1530415139446,990.6987049267738,974.2788444556047,977.1560668945312,129144,,
2022-12-29,977.2552187336466,1001.56258204225,974.27880689994,976.4119262695312,141658,,
2022-12-30,988.8136569761558,1016.9407250016609,986.3333137444445,1004.4398193359375,483005,,
2023-01-02,1015.9485154521983,1025.869887673411,1009.0035548973493,1017.2383422851562,132512,,
2023-01-03,1022.3477271387436,1039.5117491067283,1013.0216738115702,1035.295166015625,225048,,
2023-01-04,1031.8724966095835,1044.3734029647449,1014.7084720553238,1040.3056640625,171488,,
2023-01-05,1041.7441308156372,1047.3992647958623,1000.2232103952293,1005.6303100585938,144103,,
2023-01-06,1006.9200487169916,1076.2704618564155,1006.870393413768,1063.819091796875,811865,,
2023-01-09,1056.6260542383548,1061.6859294309193,1041.743997136406,1057.6678466796875,153354,,
2023-01-10,1056.6262772702562,1071.2603031761118,1043.7284917261122,1065.952392578125,144829,,
2023-01-11,1070.5159510784927,1070.5159510784927,1056.6260314166773,1063.4718017578125,83723,,
2023-01-12,1066.5474924361395,1066.5474924361395,1047.1511616876364,1058.01513671875,135258,,
2023-01-13,1051.665460815583,1078.4531659495647,1051.665460815583,1061.43798828125,100710,,
2023-01-16,1061.5868478356756,1073.938908041525,1056.6261616308361,1061.2396240234375,595546,,
2023-01-17,1061.98364991622,1107.1754252977255,1060.0489097703799,1091.003662109375,470998,,
2023-01-18,1084.4060486262424,1109.0111016504372,1056.6262047456066,1060.6444091796875,466047,,
2023-01-19,1059.6026394930316,1069.4743572126436,1033.807069617733,1058.213623046875,138041,,
2023-01-20,1053.5506491849358,1053.5506491849358,1036.783504177569,1042.736328125,92183,,
2023-01-23,1051.6158091133666,1051.6158091133666,1017.4367299639466,1033.5589599609375,129802,,
2023-01-24,1033.5589907899196,1033.5589907899196,1018.9249662023012,1020.9092407226562,97150,,
2023-01-25,1022.8438915464615,1046.7048418353477,1018.9249976918503,1041.5457763671875,195860,,
2023-01-27,1043.6786902780764,1062.5789525847783,1029.838424633987,1055.7828369140625,268372,,
2023-01-30,1055.782859987381,1092.938350893281,1047.9946069358289,1090.4580078125,621055,,
2023-01-31,1061.5869119312513,1122.1072872843413,1061.5869119312513,1118.4859619140625,402447,,
2023-02-01,1123.8436269929687,1150.4824916561095,1063.6209359461393,1107.8702392578125,413888,,
2023-02-02,1077.4610554755159,1144.926388599213,1077.3618659724348,1132.3262939453125,212952,,
2023-02-03,1132.3264586590471,1164.7693030686237,1106.9772997434557,1141.4044189453125,362554,,
2023-02-06,1125.877424669435,1220.3288445162457,1121.115117319803,1169.92822265625,653000,,
2023-02-07,1177.716468461105,1180.7920694460763,1141.2057723974963,1154.4012451171875,347924,,
2023-02-08,1154.897513766943,1170.7220558230572,1141.255625404598,1145.3233642578125,153123,,
2023-02-09,1145.3233218825553,1150.5320427009176,1101.2724015965896,1105.8858642578125,145367,,
2023-02-10,1091.3509659033944,1133.0207300560694,1082.272885919461,1128.2584228515625,108444,,
2023-02-13,1134.6579396978777,1146.9108121278316,1126.4231509935823,1132.822509765625,67857,,
2023-02-14,1138.527164664532,1142.4460584094022,1106.233048307845,1108.96142578125,73343,,
2023-02-15,1073.9389043210356,1119.1308039347655,1062.727826203239,1109.3582763671875,127851,,
2023-02-16,1095.5675835895468,1115.9063976838058,1081.9256960872997,1092.78955078125,163326,,
2023-02-17,1092.7896351460386,1125.0837543159817,1082.9179169628694,1115.2120361328125,174614,,
2023-02-20,1118.089061902653,1124.0418855967662,1096.3116969992245,1100.2305908203125,71216,,
2023-02-21,1099.1889987264956,1106.87806322005,1080.4375785136594,1084.4061279296875,73261,,
2023-02-22,1081.4296047517464,1096.3116635327337,1072.7484037961704,1091.8470458984375,137824,,
2023-02-23,1091.8470629941605,1126.0757987263717,1091.7974076865778,1124.4884033203125,163174,,
2023-02-24,1129.0521111750054,1166.7533240261919,1117.3448440033335,1162.983154296875,267771,,
2023-02-27,1153.7564249232885,1170.8211370707634,1122.1072226270903,1168.291259765625,191064,,
2023-02-28,1170.722000022919,1208.4232169728095,1140.9578813782684,1151.9705810546875,338056,,
2023-03-01,1145.9185245098597,1189.5229082320723,1145.0255767621668,1169.43212890625,245527,,
2023-03-02,1165.7117508833278,1187.6876177839326,1162.8346494075145,1182.280517578125,104373,,
2023-03-03,1189.5725276495134,1205.4467231811166,1178.6093629162997,1185.10791015625,242929,,
2023-03-06,1189.5726204523924,1205.4468172223992,1178.6591101730126,1202.3712158203125,204407,,
2023-03-08,1198.4522144648938,1215.3682040346416,1190.5647712992409,1208.9193115234375,180699,,
2023-03-09,1208.919330095652,1211.3500180968585,1192.3010299076323,1197.7081298828125,152457,,
2023-03-10,1190.5647656802462,1197.9561401563067,1180.6433926329107,1190.465576171875,157618,,
2023-03-13,1190.4655999822169,1190.564789492572,1136.5429606135517,1145.0753173828125,122907,,
2023-03-14,1145.075363712463,1151.6731014099475,1116.1545353088025,1133.913818359375,81575,,
2023-03-15,1143.9341540547698,1177.666817747625,1143.9341540547698,1170.3746337890625,245581,,
2023-03-16,1170.3251689657625,1175.7323900746562,1134.0129669495846,1170.275634765625,112123,,
2023-03-17,1175.6827903799206,1188.183697093502,1161.048764086162,1179.6016845703125,172354,,
2023-03-20,1185.5047912125385,1199.4939018256255,1160.6021711535607,1167.795166015625,119082,,
2023-03-21,1165.7613015995619,1189.5725962705314,1153.6572752526886,1181.635498046875,119052,,
2023-03-22,1187.5881484087777,1191.556696941472,1173.8966075267863,1180.6431884765625,206633,,
2023-03-23,1175.6826778772677,1195.5254234954496,1169.9778885120404,1187.4891357421875,158022,,
2023-03-24,1190.3167853899058,1212.3918414223504,1175.682759480757,1183.8182373046875,115096,,
2023-03-27,1183.6694300285237,1204.454657594707,1165.7613036851571,1174.4425048828125,125517,,
2023-03-28,1179.65117473801,1180.3456223596766,1154.1532961924995,1166.7037353515625,62655,,
2023-03-29,1166.7038390680668,1194.4836841723177,1160.850325738082,1171.16845703125,101862,,
2023-03-31,1171.1683867893003,1215.3681504180954,1169.8290257027775,1185.2071533203125,578423,,
2023-04-03,1190.564814569185,1195.4758459850766,1138.4279486203031,1168.73779296875,204491,,
2023-04-05,1169.18402459273,1196.9143317546643,1150.8791418582355,1156.4847412109375,227384,,
2023-04-06,1156.832016694593,1187.5386156918137,1140.8089761177605,1143.537353515625,170483,,
2023-04-10,1144.9263870385205,1161.2469963644953,1096.559696078271,1102.413330078125,382524,,
2023-04-11,1107.1259449858155,1116.6007827445478,1066.5475085769283,1070.86328125,949898,,
2023-04-12,1077.5107331292977,1096.2124964918507,1060.148330862377,1079.7430419921875,441593,,
2023-04-13,1071.5081687294828,1104.248696107328,1068.5317571496787,1094.426513671875,160520,,
2023-04-17,1096.3116504847965,1110.30076135033,1092.2934462175515,1101.71875,150958,,
2023-04-18,1106.6794075508717,1108.2172686776591,1093.3352104590695,1102.1156005859375,92764,,
2023-04-19,1108.7631701571327,1109.209583530983,1081.4793923869163,1089.16845703125,86483,,
2023-04-20,1087.3824390015288,1111.1937332862337,1077.4610663829017,1106.03466796875,145101,,
2023-04-21,1104.2487378678125,1124.1906719845647,1091.1525748656024,1114.517333984375,136663,,
2023-04-24,1114.5668922652626,1133.6158769939598,1111.7393256257594,1128.952880859375,152938,,
2023-04-25,1123.8931942189088,1142.8925268340179,1117.146612060661,1119.1805419921875,116654,,
2023-04-26,1120.122962242611,1133.1199360766466,1109.3086419279994,1114.1204833984375,45427,,
2023-04-27,1114.1206425406697,1137.9815954046537,1109.7553348782762,1131.28466796875,103136,,
2023-04-28,1131.978950675614,1139.2712563755613,1105.488934457474,1118.38671875,127941,,
2023-05-02,1122.00799437143,1133.3183827810815,1083.6618670046917,1089.9619140625,212900,,
2023-05-03,1089.366808560076,1107.1756255199252,1086.489586027568,1092.4920654296875,172136,,
2023-05-04,1094.3273930414096,1106.2330401098566,1074.4846479273315,1080.8343505859375,138664,,
2023-05-05,1081.7768072851031,1123.000157741616,1081.7768072851031,1110.6976318359375,328946,,
2023-05-08,1114.1700271511722,1125.1331911786467,1096.311558327734,1101.3218994140625,157804,,
2023-05-09,1104.2488960623555,1120.8175417459477,1098.2960718248225,1115.2615966796875,123545,,
2023-05-10,1111.2930872663123,1123.0995466519848,1106.233210704031,1112.18603515625,54441,,
2023-05-11,1113.1781380602504,1121.0160475681616,1096.8078713240702,1100.8756103515625,50410,,
2023-05-12,1107.3244218705584,1107.3244218705584,1091.351035482418,1100.7266845703125,76138,,
2023-05-15,1100.7265757430007,1108.7133287026872,1088.9202398693758,1097.6014404296875,63844,,
2023-05-16,1096.3117264706068,1106.1339100520383,1087.432145999054,1096.4605712890625,66187,,
2023-05-17,1098.2960505843218,1120.4207620168124,1093.682587667352,1113.87255859375,141917,,
2023-05-18,1121.1151361305906,1121.1151361305906,1109.7055573115624,1111.9378662109375,151218,,
2023-05-19,1113.1282711231788,1152.8634139999936,1113.1282711231788,1146.8114013671875,378488,,
2023-05-22,1151.8712735605118,1164.7690569853926,1138.6758005354734,1157.8240966796875,169033,,
2023-05-23,1160.800639811021,1169.3826516693327,1141.1562728469382,1148.8453369140625,58157,,
2023-05-24,1149.8871002972087,1154.798131358158,1127.0679430005428,1129.4490966796875,57080,,
2023-05-25,1135.501201576901,1140.313043521375,1121.214399458155,1130.29248046875,66640,,
2023-05-26,1093.5832728560893,1165.6124122623416,1087.779294223839,1152.3177490234375,280645,,
2023-05-29,1152.2682364144143,1165.2652102805853,1134.8066448843329,1150.33349609375,108246,,
2023-05-30,1146.5139036783944,1168.7378046614629,1133.2688942059049,1162.685791015625,151276,,
2023-05-31,1164.769309354236,1182.6277825811324,1150.8793857333167,1159.4117431640625,207476,,
2023-06-01,1157.0802259044842,1177.1213526485037,1155.8400541725396,1163.8763427734375,99534,,
2023-06-02,1169.6802090776814,1190.5647474670359,1164.967556952291,1188.18359375,135864,,
2023-06-05,1194.3348905046837,1207.2326749761792,1180.643347775355,1201.6270751953125,156579,,
2023-06-06,1208.4231680299604,1208.4231680299604,1184.4134950732384,1197.311279296875,135750,,
2023-06-07,1200.486064742686,1215.368123396521,1179.700837933698,1185.1575927734375,246297,,
2023-06-08,1185.55438088899,1215.3681542601455,1185.55438088899,1197.807373046875,304112,,
2023-06-09,1205.446777669494,1210.308274492896,1178.063813361819,1181.8338623046875,57617,,
2023-06-12,1175.682645985138,1187.786672039686,1161.0486214886985,1182.0323486328125,142442,,
2023-06-13,1189.3743290108807,1200.4862191238526,1184.7112107000387,1193.9876708984375,293140,,
2023-06-14,1203.8593901646077,1205.8931989060686,1170.8211705601234,1176.6748046875,126649,,
2023-06-15,1181.6355826971487,1186.149856079451,1171.7142092068284,1177.5181884765625,87820,,
2023-06-16,1178.6094763779806,1195.5254660640041,1171.8133599838686,1190.26708984375,136877,,
2023-06-19,1184.6118167200032,1193.6402410172939,1177.9148906204555,1187.985107421875,90105,,
2023-06-20,1183.6198102485068,1230.2502637955981,1183.6198102485068,1202.1727294921875,351673,,
2023-06-21,1201.4286894775669,1228.8117775436854,1178.212772106623,1216.4595947265625,530867,,
2023-06-22,1225.289456828203,1226.2815940402095,1200.486026528037,1208.0262451171875,189613,,
2023-06-23,1210.4075012704172,1216.360325047157,1183.7189837825988,1186.3978271484375,187674,,
2023-06-26,1181.6354102657597,1201.478154350827,1168.8368161087917,1193.3922119140625,99902,,
2023-06-27,1193.3922184604064,1221.7673184356042,1190.11823833471,1215.665771484375,299271,,
2023-06-28,1225.3888201473865,1225.4384754592302,1196.0215787283782,1202.718505859375,76115,,
2023-06-30,1203.462473983297,1220.5271860935168,1186.5961408771832,1199.0970458984375,146610,,
2023-07-03,1205.4468197583712,1278.7657904661883,1201.0813914153334,1268.0506591796875,611955,,
2023-07-04,1277.9225710878513,1384.031612971456,1251.0852071376387,1319.2449951171875,2054017,,
2023-07-05,1312.3496006286862,1367.165185912931,1302.0313485883735,1347.8681640625,571993,,
2023-07-06,1351.2908883377859,1437.4579813345822,1345.6357546501758,1369.49658203125,957995,,
2023-07-07,1362.9982577313478,1365.8258247863375,1331.5474329654628,1344.494873046875,310049,,
2023-07-10,1324.5529399048698,1349.306716891881,1324.5529399048698,1337.3018798828125,126514,,
2023-07-11,1344.3460789401427,1355.9045030291477,1299.699899196743,1322.3206787109375,406029,,
2023-07-12,1331.4483296280341,1388.9922961842383,1328.3727280514438,1382.4442138671875,467226,,
2023-07-13,1407.7930220280564,1407.7930220280564,1335.416662219004,1343.353759765625,436431,,
2023-07-14,1354.416235106263,1380.9062520985372,1348.7609799310474,1370.3399658203125,384765,,
2023-07-17,1375.1022192041587,1388.0000033669683,1362.1052455391205,1366.867431640625,155029,,
2023-07-18,1368.0084426383414,1395.9371308500872,1350.2988166929415,1379.9637451171875,304372,,
2023-07-19,1379.9637342587264,1384.8747652340955,1362.2044531456515,1365.776123046875,177805,,
2023-07-20,1373.1178913235763,1379.0707145518575,1319.5921375734788,1325.842529296875,272641,,
2023-07-21,1325.7931294558946,1397.921463103698,1315.574066767568,1389.2899169921875,593974,,
2023-07-24,1398.9135042158282,1407.7930840430681,1382.3943949971365,1392.712646484375,241180,,
2023-07-25,1392.9608171018835,1403.477448621433,1359.2281477418665,1376.094482421875,177470,,
2023-07-26,1379.070750760183,1392.9110166851224,1346.1318431430614,1351.092529296875,216144,,
2023-07-27,1351.1421460068966,1378.8724559665168,1351.1421460068966,1370.5880126953125,101289,,
2023-07-28,1371.133677666202,1383.7834275867838,1368.0084211107808,1378.57470703125,91968,,
2023-07-31,1383.0393760043162,1458.44180970326,1378.5747582195102,1439.392822265625,488770,,
2023-08-01,1440.5336810250133,1466.378905716796,1417.7641788019632,1436.4659423828125,439169,,
2023-08-02,1458.3426165844098,1458.3426165844098,1401.0962226858405,1426.7926025390625,1040799,,
2023-08-03,1391.9684932261266,1439.0950102811807,1390.0338741280657,1436.0194091796875,211933,,
2023-08-04,1461.4182325111399,1461.4182325111399,1355.2595421657957,1373.514892578125,510051,,
2023-08-07,1368.0084182786727,1392.9110389467119,1315.5243337104207,1328.86865234375,337560,,
2023-08-08,1335.5158945894943,1388.9921152486681,1335.5158945894943,1383.2376708984375,259564,,
2023-08-09,1373.8621556047424,1382.7417361857495,1339.5837627112548,1354.0194091796875,143983,,
2023-08-10,1360.2201591100725,1383.7834186132557,1336.7065549132024,1343.7010498046875,150434,,
2023-08-11,1348.959473311968,1356.003623758743,1325.4954024815663,1328.7198486328125,98508,,
2023-08-14,1299.6997907783546,1346.8263099096307,1283.825594860451,1325.9417724609375,208433,,
2023-08-16,1322.518913323964,1325.9417382863412,1275.8388087118024,1287.1988525390625,389421,,
2023-08-17,1291.7131799157673,1297.368435501277,1233.970834342884,1277.6248779296875,325444,,
2023-08-18,1269.9358160874658,1294.1439918037365,1246.1741748478487,1270.431884765625,175491,,
2023-08-21,1273.9042584700992,1308.5794077155615,1238.8322300933548,1249.9937744140625,134878,,
2023-08-22,1255.0535180142567,1270.0347650348576,1237.1950489832238,1245.4793701171875,220348,,
2023-08-23,1235.2109303477362,1264.975049151296,1204.9010875885738,1210.4571533203125,363287,,
2023-08-24,1210.4572068194432,1230.1014534317128,1194.0869407539612,1213.9296875,293523,,
2023-08-25,1217.3524075750875,1252.0772113771477,1213.4830480721855,1233.0777587890625,382483,,
2023-08-28,1245.1322537518963,1260.0143125616798,1232.234469450084,1249.0511474609375,120745,,
2023-08-29,1259.0223485735387,1259.0223485735387,1232.234639029421,1240.3701171875,123538,,
2023-08-30,1253.9127586587058,1277.8728997511428,1244.1402300372151,1247.910400390625,234209,,
2023-08-31,1255.053642440106,1259.8654839617475,1225.3391797451138,1251.779541015625,176985,,
2023-09-01,1261.8994724254603,1264.2806261983828,1228.2659932980243,1247.6126708984375,166615,,
2023-09-04,1255.0535482378807,1255.0535482378807,1230.250118430808,1237.8895263671875,199087,,
2023-09-05,1244.0904721745387,1250.3906406813721,1233.3754624031992,1239.6258544921875,196177,,
2023-09-06,1240.171747971037,1294.7393048817623,1240.171747971037,1280.2044677734375,442071,,
2023-09-07,1284.668738734257,1292.90352535858,1257.0377438820724,1264.726806640625,198041,,
2023-09-08,1271.9200280550795,1271.9200280550795,1239.1794969116959,1246.0252685546875,204224,,
2023-09-11,1255.0536494632481,1257.8316822698991,1218.5429493982963,1223.4541015625,215226,,
2023-09-12,1239.1296303465379,1239.1296303465379,1192.5488401508965,1203.3631591796875,275764,,
2023-09-13,1195.5253830004121,1217.6004367529094,1190.6638862665254,1200.6844482421875,103691,,
2023-09-14,1217.3938865448742,1221.3722979388117,1197.7007015802913,1210.4814453125,162248,,
2023-09-15,1220.3777563200413,1235.2967997958365,1193.7223500786927,1220.2783203125,575528,,
2023-09-18,1218.3884658127397,1241.2643308851423,1197.501806398807,1234.7496337890625,307687,,
2023-09-20,1232.3628030869404,1232.3628030869404,1186.6110685257622,1201.9278564453125,230062,,
2023-09-21,1193.5233419259248,1207.3980022112244,1172.139382049752,1179.648681640625,107024,,
2023-09-22,1188.5503779704147,1206.4532288519774,1151.700294674607,1175.9686279296875,196164,,
2023-09-25,1178.6043337886226,1185.317902778558,1148.7662493889106,1152.09814453125,150079,,
2023-09-26,1158.7123332183082,1175.6205818575454,1154.8333577775986,1163.5361328125,126487,,
2023-09-27,1169.35459527161,1200.9332377329517,1155.8280199484195,1191.9818115234375,181928,,
2023-09-28,1193.5235073367005,1211.426359946751,1161.0000403263714,1167.21630859375,186716,,
2023-09-29,1178.3059915660535,1203.4694931696495,1172.0400662253671,1197.3526611328125,120157,,
2023-10-03,1198.4964388149544,1209.5862849169907,1182.1352704347287,1193.970947265625,201533,,
2023-10-04,1197.8003277168934,1197.8003277168934,1160.7015907753319,1187.0087890625,218678,,
2023-10-05,1180.742658804823,1203.3200922801313,1180.742658804823,1199.59033203125,80698,,
2023-10-06,1200.5354241532718,1217.0954645524007,1188.600189898631,1213.564697265625,376994,,
2023-10-09,1213.5646376446575,1237.2858902780633,1202.5245707837964,1209.43701171875,311393,,
2023-10-10,1217.393956304635,1224.8036993858484,1203.4695156279479,1206.6025390625,105923,,
2023-10-11,1214.3601997230753,1249.8178126465548,1214.1115490313418,1218.7862548828125,287660,,
2023-10-12,1224.9032821973829,1256.0840596481755,1221.372393245148,1250.56396484375,257383,,
2023-10-13,1249.1714119048615,1258.4710457635263,1241.3141464497812,1247.3314208984375,106626,,
2023-10-16,1248.2763859471097,1260.0624057251953,1236.8384528927302,1247.132568359375,322370,,
2023-10-17,1252.205022170325,1256.5812991115174,1226.3951260762055,1238.8773193359375,226211,,
2023-10-18,1245.0935401047182,1254.194180366677,1239.1757017754308,1250.1163330078125,96725,,
2023-10-19,1232.3128581609985,1252.5530006773934,1232.3128581609985,1244.098876953125,154977,,
2023-10-20,1238.3303508843194,1251.2104094760978,1223.5107438506764,1229.179931640625,153066,,
2023-10-23,1237.2362743888277,1237.8827905799,1163.6854357936463,1180.9417724609375,177938,,
2023-10-25,1186.4617977423409,1211.3765269955209,1177.7092438491795,1184.8206787109375,185963,,
2023-10-26,1183.5774294653356,1222.715028585947,1135.0905389725328,1218.58740234375,283419,,
2023-10-27,1218.388459279253,1235.2967072855774,1198.5958388013191,1233.55615234375,171660,,
2023-10-30,1236.2913591232807,1246.78446789604,1219.3831104466149,1245.6903076171875,128080,,
2023-10-31,1249.2212239231326,1252.2050325789999,1201.4305067203964,1210.332275390625,136147,,
2023-11-01,1221.8696918398182,1241.811529025813,1211.4761398511166,1216.7972412109375,141751,,
2023-11-02,1223.3615124829,1277.965233541872,1212.8684037909136,1272.345703125,578874,,
2023-11-03,1285.0766129083704,1336.7461804713753,1285.0766129083704,1313.0745849609375,1148619,,
2023-11-06,1313.0746696889278,1326.4521512318565,1286.4690427284054,1295.7686767578125,266846,,
2023-11-07,1312.8757553259918,1366.5345302461249,1295.967506961945,1358.478271484375,1142111,,
2023-11-08,1367.6286492268134,1402.2905330446442,1361.0145162252688,1384.835205078125,515202,,
2023-11-09,1380.5086192266158,1406.8655921441268,1356.7375891809818,1374.988525390625,306092,,
2023-11-10,1367.5789661514473,1389.4602296098706,1364.8438082191444,1386.67529296875,214799,,
2023-11-13,1383.4925974578325,1401.8927506231596,1369.717371937979,1398.2127685546875,144436,,
2023-11-15,1398.212762160544,1438.1957489399235,1371.6567927045974,1399.853759765625,340115,,
2023-11-16,1396.8699541044707,1451.4736760239434,1382.4979911780406,1426.0616455078125,319277,,
2023-11-17,1427.1556097510893,1442.1740880408051,1393.6872005980538,1432.5264892578125,190445,,
2023-11-20,1437.2509204637117,1447.1471704184753,1409.3522615003296,1423.9232177734375,155951,,
2023-11-21,1424.2214578388446,1432.4767097996073,1377.5249040600286,1414.822509765625,208266,,
2023-11-22,1414.8225959579543,1432.2281463475952,1404.8765671638737,1423.7242431640625,82676,,
2023-11-23,1426.260498841569,1447.1471588664456,1409.9489876827024,1428.1502685546875,219407,,
2023-11-24,1452.1201906004153,1469.1776541079153,1412.336075789445,1422.2821044921875,276009,,
2023-11-28,1432.128769768233,1507.7682490389902,1414.8724333767473,1471.763671875,615705,,
2023-11-29,1471.8132285997433,1517.2665266547026,1457.938447102036,1507.917236328125,306883,,
2023-11-30,1511.597426261293,1529.5499344562706,1478.4771035308247,1498.1702880859375,413139,,
2023-12-01,1525.6709957450646,1583.4077398487393,1501.900084719485,1563.86376953125,393779,,
2023-12-04,1587.7342459940303,1654.0245506746835,1539.4960074445883,1640.597412109375,428521,,
2023-12-05,1637.514123724575,1874.9257706998721,1637.1162583102478,1711.562255859375,2719845,,
2023-12-06,1719.6682351714198,1719.6682351714198,1657.3066883946283,1664.7164306640625,294945,,
2023-12-07,1665.9597430316126,1680.8787855065225,1594.3483391520447,1598.9732666015625,349388,,
2023-12-08,1609.0685738289894,1618.1690929726235,1553.5696850432605,1560.3826904296875,220478,,
2023-12-11,1578.8821935336703,1664.9651159233292,1564.5102313903205,1654.869873046875,682082,,
2023-12-12,1654.1240668494265,1674.7620771260085,1596.337662357295,1606.28369140625,236944,,
2023-12-13,1632.1432842595325,1700.7708812210851,1607.2782128966512,1685.205322265625,483756,,
2023-12-14,1705.743870395718,1705.743870395718,1621.2026290058427,1635.8232421875,220129,,
2023-12-15,1660.9867036993576,1660.9867036993576,1587.3860952719608,1602.7030029296875,214900,,
2023-12-18,1613.2458953787832,1621.1529398279135,1545.6128985318305,1555.260498046875,295882,,
2023-12-19,1571.4724617883464,1571.4724617883464,1505.2815952921007,1533.3294677734375,669395,,
2023-12-20,1536.661404411522,1600.3159868596367,1533.3295091437994,1577.7882080078125,880019,,
2023-12-21,1571.4725407409294,1586.3915838492294,1543.8723109905745,1572.666015625,217271,,
2023-12-22,1586.988168696206,1610.21211928609,1569.5329627847707,1593.8509521484375,337713,,
2023-12-26,1611.2566610000567,1629.1097340804947,1597.6803074445188,1606.432861328125,175938,,
2023-12-27,1606.4825111060559,1660.9370183757242,1606.2836390961481,1642.536865234375,443473,,
2023-12-28,1649.8473587173899,1659.7933878357453,1624.5346417642825,1643.1337890625,204766,,
2023-12-29,1656.0137401151203,1674.9111942065242,1639.1552704244866,1649.3001708984375,331261,,
2024-01-01,1660.2905974607002,1683.4151138818554,1651.090521035079,1676.9501953125,432273,,
2024-01-02,1680.8788038067423,1693.8086407591018,1644.0287199279255,1647.1617431640625,130216,,
2024-01-03,1651.0407250623655,1660.3900161010388,1636.221118368365,1647.410400390625,72925,,
2024-01-04,1641.094728227422,1685.8518571790787,1641.094728227422,1665.4127197265625,252580,,
2024-01-05,1666.9543140788562,1675.9057393931223,1642.1886797604254,1668.545654296875,75523,,
2024-01-08,1676.900419694221,1681.8734339875016,1637.8622574919682,1649.101318359375,150380,,
2024-01-09,1656.0137485130158,1676.6019789839906,1651.6374716820967,1671.9771728515625,162153,,
2024-01-10,1687.8410217959668,1690.824830320061,1666.059195287783,1675.95556640625,190052,,
2024-01-11,1677.845224869889,1685.802047649151,1628.2146399134274,1651.18994140625,164129,,
2024-01-12,1664.9152824979212,1664.9152824979212,1639.10538880553,1647.21142578125,52407,,
2024-01-15,1666.6062614576763,1675.855994958016,1633.137851843747,1640.05029296875,75437,,
2024-01-16,1644.376999445707,1659.9922161861596,1628.4135745660813,1648.9521484375,70877,,
2024-01-17,1631.1487037479226,1646.0677467700073,1582.114733784078,1602.156005859375,117408,,
2024-01-18,1611.2566275395473,1615.2350389655708,1564.7589439978967,1603.2998046875,48396,,
2024-01-19,1603.2997774287899,1626.1756427394985,1591.3645433536376,1617.1744384765625,77799,,
2024-01-23,1611.256621067609,1618.368055745358,1567.593531560086,1603.9959716796875,118657,,
2024-01-24,1595.3926929382453,1667.4516182740142,1595.3926929382453,1659.3455810546875,303752,,
2024-01-25,1658.9976117593328,1660.9868175288284,1636.1217454101334,1644.227783203125,66535,,
2024-01-29,1644.2277231535074,1651.388815097564,1597.0835238559403,1602.802490234375,93572,,
2024-01-30,1613.146382819953,1644.0785070983088,1611.2566131271992,1617.6717529296875,131921,,
2024-01-31,1619.2135311920495,1658.0030445314167,1619.2135311920495,1654.9197998046875,88314,,
2024-02-01,1660.9370651592626,1670.9328728740863,1641.0947858584775,1666.705810546875,74858,,
2024-02-02,1678.143649875944,1682.8680133887078,1649.3996033791482,1675.25927734375,85912,,
2024-02-05,1659.9922154606093,1810.1772511314014,1631.1487317887354,1727.3267822265625,786550,,
2024-02-06,1758.4578120934098,1787.3012943053493,1700.770847669531,1716.5352783203125,294893,,
2024-02-07,1781.5326092236812,1787.3013544247035,1721.3591356885145,1735.5322265625,427694,,
2024-02-08,1715.6898648474,1752.4901691948517,1710.7168507463932,1733.24462890625,150004,,
2024-02-09,1732.299767252691,1732.299767252691,1682.8680532599442,1715.9385986328125,184314,,
2024-02-12,1714.496429277143,1730.6089467686734,1661.0365264674788,1719.8671875,84136,,
2024-02-13,1719.8670982242452,1728.4207793589665,1684.8571285335913,1690.4268798828125,246039,,
2024-02-14,1690.6259735149076,1720.6629310295596,1683.0668947233967,1700.7708740234375,91250,,
2024-02-15,1712.706068677897,1726.580729554686,1698.085455680604,1716.0379638671875,102188,,
2024-02-16,1729.6143782752458,1764.9227799019113,1698.8811255348096,1707.18603515625,162624,,
2024-02-19,1713.70070223945,1718.3256297518176,1690.824836800386,1711.612060546875,54618,,
2024-02-20,1715.6898885965993,1715.6898885965993,1690.8248177473731,1694.1070556640625,48378,,
2024-02-21,1697.787126648234,1705.7439497373882,1644.0785707964446,1651.7867431640625,98168,,
2024-02-22,1652.0352354557112,1658.0028522002833,1605.4381189908054,1611.35595703125,121237,,
2024-02-23,1616.2296077401331,1621.202621917795,1611.2565935624712,1615.98095703125,47476,,
2024-02-26,1621.2026668524095,1623.7389527179066,1598.1775862893564,1615.831787109375,73853,,
2024-02-27,1617.2242144204934,1620.9041963561203,1583.4077179319959,1608.670654296875,123062,,
2024-02-28,1614.2404970558257,1628.9606684524756,1579.4293957638022,1590.66845703125,81183,,
2024-02-29,1582.4132927552073,1600.5647965847375,1550.2379116191332,1561.3277587890625,187305,,
2024-03-01,1583.4076969996136,1594.994844190229,1556.6031994372324,1586.4412841796875,157988,,
2024-03-04,1607.2780884197325,1607.2780884197325,1555.5587439903845,1561.2777099609375,151406,,
2024-03-05,1581.418610699132,1581.418610699132,1499.8611729146483,1518.2115478515625,511793,,
2024-03-06,1511.7963189924312,1527.6601857488454,1472.3106347517603,1502.6956787109375,498841,,
2024-03-07,1502.894809242636,1573.4618387165606,1483.1021866098579,1555.6087646484375,440075,,
2024-03-11,1564.510306052201,1572.8152156895078,1534.672220113507,1548.7955322265625,130913,,
2024-03-12,1541.634390178396,1541.634390178396,1519.1066117428481,1533.8267822265625,114405,,
2024-03-13,1539.396559665628,1539.396559665628,1477.979833734856,1516.172607421875,244977,,
2024-03-14,1493.8934620481791,1562.3221858384131,1465.3980664691587,1556.503662109375,162805,,
2024-03-15,1541.5845978836257,1590.3699149460942,1530.8429602355668,1581.7169189453125,88450,,
2024-03-18,1589.3754685098584,1589.3754685098584,1537.4074658630248,1566.201171875,97029,,
2024-03-19,1576.4455198085295,1626.3745343949709,1559.7361433368185,1617.92041015625,993834,,
2024-03-20,1614.2404347640218,1665.959783259234,1592.408950646501,1635.873046875,269660,,
2024-03-21,1624.4351541311514,1638.1607224428813,1591.3646083635956,1601.9571533203125,152006,,
2024-03-22,1610.2620104392288,1657.6050817078328,1592.110508468558,1634.430908203125,120504,,
2024-03-26,1646.5152780960004,1695.7978990342883,1615.1852875859827,1664.9652099609375,197200,,
2024-03-27,1665.9596954208778,1689.83016269855,1651.0406533723326,1661.4342041015625,109290,,
2024-03-28,1661.4840365026091,1732.5981392322926,1647.360724804802,1718.425048828125,222442,,
2024-04-01,1732.5980828586898,1742.4943321841365,1698.9308022587995,1722.80126953125,118328,,
2024-04-02,1724.6412498936545,1737.5710862538722,1691.8193575946402,1698.2344970703125,95981,,
2024-04-03,1705.6940801084634,1715.6898871459923,1666.1089601968517,1673.5684814453125,83536,,
2024-04-04,1678.8895823202522,1690.7750376115416,1642.089277494512,1673.5684814453125,88303,,
2024-04-05,1678.8896911123786,1707.733175142153,1671.529605388001,1691.7200927734375,235050,,
2024-04-08,1697.7373695237484,1705.7439714235968,1651.040811990187,1658.201904296875,74266,,
2024-04-09,1666.506884073838,1670.8830395639352,1648.1067310154863,1658.1024169921875,46318,,
2024-04-10,1665.9100472747382,1720.6132057398645,1661.0365902861236,1704.64990234375,118905,,
2024-04-12,1709.5730991951032,1790.2851454515048,1686.9458841623134,1759.1043701171875,775922,,
2024-04-15,1750.5010018621483,1754.479413230017,1656.2126038790727,1715.142822265625,307685,,
2024-04-16,1715.6402426282707,1763.331525053817,1687.3936170873098,1746.7713623046875,387795,,
2024-04-18,1775.316136170943,1805.2039974761133,1716.6843524208107,1732.5482177734375,452613,,
2024-04-19,1710.7169081457537,1788.9921041573652,1692.8140567814378,1769.945556640625,189798,,
2024-04-22,1757.4633128929902,1784.4170270257466,1721.8068234417199,1730.6588134765625,147436,,
2024-04-23,1735.6814916854237,1745.528084650364,1697.041193410076,1711.313720703125,80803,,
2024-04-24,1718.673739476536,1734.9852506381235,1705.9427743232282,1722.7515869140625,64820,,
2024-04-25,1706.7383916183148,1770.3431916224847,1706.7383916183148,1724.889892578125,99110,,
2024-04-26,1731.6036339264863,1766.414735125468,1715.6899876640948,1719.3203125,65770,,
2024-04-29,1738.56588672958,1777.355400220686,1722.6522401691261,1762.5855712890625,203031,,
2024-04-30,1762.336747334549,1779.3444311419844,1739.063017245254,1747.6165771484375,116793,,
2024-05-02,1755.4241428934786,1772.3821690009786,1743.538688136204,1754.3798828125,163993,,
2024-05-03,1760.2978086172802,1835.0422361780477,1725.6359239939907,1766.1162109375,614372,,
2024-05-06,1762.4361937458336,1785.3120585630763,1732.5981092016038,1741.499755859375,83300,,
2024-05-07,1743.2404694134834,1752.4405463184285,1665.9100932665126,1691.5211181640625,167926,,
2024-05-08,1695.0519194782526,1711.711517337288,1645.8688567515444,1661.135986328125,151826,,
2024-05-09,1665.661419736193,1680.8788925946922,1590.9667666020043,1597.282470703125,141510,,
2024-05-10,1616.2296516601575,1641.2935952320793,1586.3915657833547,1630.701171875,788541,,
2024-05-13,1617.2242078677396,1631.645948958811,1596.3375483565326,1608.4219970703125,192238,,
2024-05-14,1617.2242052278991,1623.1918222213599,1584.5017477647928,1601.807861328125,478570,,
2024-05-15,1630.8006714451324,1661.782576103804,1601.3106711384528,1608.86962890625,508737,,
2024-05-16,1624.9821594198322,1728.6197262005192,1608.521433945794,1714.6455078125,891030,,
2024-05-17,1714.6454916832763,1748.0642437341953,1692.0182774133502,1721.4586181640625,172200,,
2024-05-21,1713.3527102072433,1716.7343843500144,1677.8950925349802,1686.2994384765625,96017,,
2024-05-22,1684.906972121517,1700.7708386897334,1664.9651368225811,1691.9686279296875,104609,,
2024-05-23,1692.8140755208333,1693.5600276692708,1666.0095768849055,1678.392333984375,81274,,
2024-05-24,1669.987973389319,1679.486357814147,1621.4015267603047,1635.873046875,224487,,
2024-05-27,1631.1486922297204,1654.9693821888482,1608.3722624278748,1625.0318603515625,131786,,
2024-05-28,1626.1757516867422,1636.171559458953,1605.2890906559032,1613.8426513671875,71689,,
2024-05-29,1613.2458710172446,1616.2296796566106,1596.38740076942,1601.01220703125,73605,,
2024-05-30,1601.0121908461933,1608.0739683504912,1563.5157112218155,1571.4725341796875,117707,,
2024-05-31,1571.4725651908896,1584.3029667459477,1543.6236842887727,1567.991455078125,281571,,
2024-06-03,1584.402352055387,1612.2512320664046,1574.804410197865,1608.024169921875,148487,,
2024-06-04,1619.1636570564115,1621.2026414584209,1422.1328572448958,1563.6151123046875,275620,,
2024-06-05,1563.6151638459671,1715.6899685269739,1563.6151638459671,1700.870361328125,1013525,,
2024-06-06,1717.6791304918859,1717.6791304918859,1678.7404044384502,1686.1502685546875,360580,,
2024-06-07,1698.7816838399465,1725.586182335943,1690.3773382426848,1708.8271484375,320098,,
2024-06-10,1719.4694372485458,1728.5699560994979,1682.8680041955404,1701.9146728515625,124328,,
2024-06-11,1704.848687165601,1709.622829315718,1673.270047303008,1678.044189453125,137067,,
2024-06-12,1689.6810442427777,1718.7731778945765,1670.9825833237244,1711.6617431640625,176356,,
2024-06-13,1718.6737760718424,1738.416618951019,1705.7439386361168,1716.6845703125,171015,,
2024-06-14,1720.6629868514583,1725.4867865496408,1690.8746790829878,1713.1536865234375,96202,,
2024-06-18,1712.706126517757,1782.3283267827064,1695.151361740084,1771.3876953125,530260,,
2024-06-19,1785.3620153733707,1785.3620153733707,1735.5820907948594,1763.0828857421875,381711,,
2024-06-20,1780.3391162504088,1796.7002847038714,1752.5896722232037,1776.8082275390625,170205,,
2024-06-21,1776.8081875066964,1811.1219853428852,1750.5009910635433,1772.481689453125,329340,,
2024-06-24,1772.5314988873151,1832.5557567880073,1757.9605428074915,1823.0572509765625,542841,,
2024-06-25,1835.0423371943352,1857.918203728465,1792.9209289670496,1809.033447265625,348007,,
2024-06-26,1824.9969449433768,1824.9969449433768,1773.3770284695095,1790.2852783203125,175171,,
2024-06-27,1772.4321073661658,1839.9655456555283,1771.8850272186532,1805.2042236328125,559778,,
2024-06-28,1810.2766380011499,1811.1718048558628,1765.4200733768018,1776.8082275390625,159239,,
2024-07-01,1776.4600230700541,1782.129331833129,1747.467327391801,1770.4427490234375,84613,,
2024-07-02,1776.4602519724372,1798.142644203319,1720.6630524162654,1739.013427734375,275605,,
2024-07-03,1750.500969362097,1757.4134104208395,1706.1417077162396,1714.844482421875,296300,,
2024-07-04,1722.652077308179,1729.6142970201636,1709.4735899962081,1715.2919921875,97667,,
2024-07-05,1721.657575009673,1726.6305893800072,1696.7925031580025,1706.9871826171875,208314,,
2024-07-08,1708.727804950856,1708.727804950856,1627.1703660649596,1630.1541748046875,353371,,
2024-07-09,1630.2038865987279,1677.8950457665019,1630.2038865987279,1661.1856689453125,195945,,
2024-07-10,1672.822464719947,1675.9057091012808,1641.0946112861204,1657.157470703125,105790,,
2024-07-11,1665.9597907805824,1670.93280508142,1642.1391008441633,1656.6602783203125,73875,,
2024-07-12,1660.9868546812077,1675.3588181226867,1651.1402616196624,1659.6441650390625,353543,,
2024-07-15,1674.9113308273327,1674.9113308273327,1638.1110224896775,1670.336181640625,101255,,
2024-07-16,1674.9111852885146,1699.627041620482,1666.3576251328761,1694.6043701171875,139576,,
2024-07-18,1702.7601562089167,1717.231676895497,1672.176117188225,1678.4918212890625,173430,,
2024-07-19,1678.8896614506218,1687.8410873706785,1636.91746847895,1679.386962890625,161131,,
2024-07-22,1670.38556708739,1715.6897716512324,1655.8643909835346,1710.169677734375,132082,,
2024-07-23,1710.1698141152558,1715.689908472324,1642.1390766128418,1695.7978515625,107279,,
2024-07-24,1702.7101569880654,1748.2630122434516,1695.7977163277399,1710.169677734375,205454,,
2024-07-25,1708.9742238033884,1779.6645824874538,1695.1749226655522,1733.235107421875,516030,,
2024-07-26,1755.8521509723046,1755.9018950582533,1703.743457397743,1725.6629638671875,279970,,
2024-07-29,1728.5523570442222,1762.5275673415015,1700.4057183910863,1713.457763671875,129924,,
2024-07-30,1713.4577948508472,1739.1135809926757,1708.725174106238,1722.4747314453125,81915,,
2024-07-31,1723.670309723582,1767.4594576708434,1713.7068975286481,1717.194091796875,236017,,
2024-08-01,1738.2666533977251,1738.2666533977251,1685.9088760589548,1704.0423583984375,91396,,
2024-08-02,1703.7434825595546,1722.6739656991053,1668.8216742236998,1699.8079833984375,107512,,
2024-08-05,1670.8642150657495,1683.717041044838,1622.6911417170043,1665.4342041015625,197372,,
2024-08-06,1673.753635571892,1697.7654345884591,1656.915444671718,1663.341796875,103915,,
2024-08-07,1666.8789171900114,1687.9016933151895,1653.9264808938547,1663.690673828125,112357,,
2024-08-08,1751.5180668643677,1753.5606150939243,1668.8716081149564,1697.267333984375,734155,,
2024-08-09,1702.6475085668962,1702.6475085668962,1661.8971289811707,1688.3001708984375,208392,,
2024-08-12,1663.8897845368913,1681.8239259271093,1653.976238362326,1659.7052001953125,81914,,
2024-08-13,1668.8714628956234,1683.617360888889,1643.9629335986738,1649.3929443359375,183194,,
2024-08-14,1653.9263688689632,1657.6626483167095,1622.0434509148627,1642.3189697265625,140571,,
2024-08-16,1644.9593620203884,1663.8898452901567,1629.0677681355041,1659.7550048828125,245038,,
2024-08-19,1687.0048646589075,1709.5222729906716,1658.908091577163,1692.58447265625,221501,,
2024-08-20,1693.7801086466438,1734.8293191008408,1684.8130374832206,1706.43359375,200380,,
2024-08-21,1703.7434803838314,1724.7662557293281,1693.8299339281475,1718.6885986328125,120497,,
2024-08-22,1718.887866344639,1789.4288751040044,1717.2937446781925,1758.7913818359375,319553,,
2024-08-23,1773.487394285035,1850.2056692063538,1759.1400562087786,1837.7015380859375,686094,,
2024-08-26,1873.1215582903137,1903.0117959226059,1816.3799725011543,1825.94482421875,567254,,
2024-08-27,1835.2604888875776,1860.5177139620268,1793.4141585220627,1801.2852783203125,232156,,
2024-08-28,1817.3264400864562,1848.6115796626818,1798.3959563355554,1828.236328125,221059,,
2024-08-29,1842.2348444526947,1842.2348444526947,1800.9862952170115,1810.94970703125,73076,,
2024-08-30,1811.846455249938,1968.521107484226,1805.8684081058632,1934.9444580078125,3272326,,
2024-09-02,1974.748317912988,2042.499521554806,1953.6259324858954,2003.14404296875,1958399,,
2024-09-03,2012.609276940024,2015.3990810228804,1979.7798821859467,1987.1527099609375,313334,,
2024-09-04,1974.5988696622355,2032.1874422022404,1967.7240907554108,1994.8743896484375,329925,,
2024-09-05,2013.4062583406858,2034.5286422156876,1983.8148530090823,1992.13427734375,256850,,
2024-09-06,2029.4971350249718,2061.4299187620827,1986.7043296334427,1991.58642578125,517606,,
2024-09-09,2001.5499088375534,2007.577700267396,1933.1011937875646,1970.3643798828125,236307,,
2024-09-10,1973.7518889595187,2044.3923817298478,1973.7518889595187,2011.6627197265625,601001,,
2024-09-11,2032.4365307387407,2032.4365307387407,1993.7286976811633,2012.061279296875,158635,,
2024-09-12,2027.554419985813,2057.444657135481,2002.994584136432,2016.3455810546875,202802,,
2024-09-13,2027.45471233335,2036.8203438462924,2007.677364031927,2027.3551025390625,76611,,
2024-09-16,2055.4518865961486,2166.0457593116953,2053.8576433841868,2115.8798828125,1459401,,
2024-09-17,2132.8176958698537,2180.99089026534,2129.3305016643126,2167.341064453125,568002,,
2024-09-18,2172.0237994074073,2280.326038370589,2172.0237994074073,2247.04833984375,1217312,,
2024-09-19,2290.5885692409456,2324.1652212367158,2083.9971105535164,2108.208251953125,900598,,
2024-09-20,2124.846994873709,2143.6779897856545,2094.25936822264,2122.007568359375,259725,,
2024-09-23,2122.206789963809,2152.0970264421726,2109.0551345628023,2139.692626953125,202461,,
2024-09-24,2142.183474184172,2166.0457975918866,2122.206784209162,2141.486083984375,128907,,
2024-09-25,2147.1153239096843,2158.075077303191,2066.411685284773,2102.130615234375,243905,,
2024-09-26,2110.94813012057,2150.0545236716744,2107.759886811738,2126.142333984375,207670,,
2024-09-27,2126.1921212102584,2129.9782664204618,2037.9163151979617,2057.843017578125,465729,,
2024-09-30,2067.407995642959,2112.2433497653365,2013.605570696106,2037.966064453125,321886,,
2024-10-01,2022.572654841663,2077.2716899322772,1998.2121609242008,2070.745849609375,191616,,
2024-10-03,2062.4262862791525,2062.4262862791525,2007.9264712283982,2038.96240234375,169280,,
2024-10-04,2038.962332726419,2038.962332726419,1965.482171654088,2023.12060546875,162822,,
2024-10-07,2027.554352655147,2042.4994707336862,1920.696758393592,1999.8062744140625,222709,,
2024-10-08,1992.68239704238,1999.8062609365427,1942.8653371163205,1985.5087890625,88655,,
2024-10-09,1987.800491112717,2162.0606077385987,1987.800491112717,2108.55712890625,460871,,
2024-10-10,2132.170127856024,2132.170127856024,2081.356727612726,2106.763427734375,214838,,
2024-10-11,2112.243427290829,2153.3923691229033,2085.392079541489,2142.8310546875,107539,,
2024-10-14,2142.8309475030737,2185.9227039468356,2115.6307843815857,2175.311767578125,204896,,
2024-10-15,2165.0494232640535,2265.6798842625208,2158.423851596268,2206.2978515625,583296,,
2024-10-16,2207.942125998669,2271.6581017378485,2140.19091945561,2211.728271484375,249842,,
2024-10-17,2229.811549124605,2233.199011819864,2169.0347374639255,2184.87646484375,98056,,
2024-10-18,2184.976277712045,2255.4175527443963,2094.8073980344616,2233.896728515625,220716,,
2024-10-21,2199.921371197448,2230.0108268098243,2172.1731714583534,2186.2216796875,104164,,
2024-10-22,2154.0895395075845,2186.420760773481,2075.478321049286,2172.422119140625,171283,,
2024-10-23,2197.7792620266846,2238.7786037777896,2123.252894034722,2226.822509765625,225709,,
2024-10-24,2232.5017680986502,2380.259222658665,2223.186123451905,2287.69921875,1016005,,
2024-10-25,2341.402009691151,2514.765392536368,2192.4988539370775,2260.2001953125,3052806,,
2024-10-28,2251.731076844158,2305.483635095457,2229.66221690766,2289.392822265625,500520,,
2024-10-29,2287.250688923267,2300.0039055485413,2197.928793329214,2227.868896484375,267162,,
2024-10-30,2241.169810483199,2454.6857794837497,2223.9333022249375,2403.224853515625,546789,,
2024-10-31,2381.255652486602,2422.1056448514346,2345.08841547509,2370.2958984375,280060,,
2024-11-01,2396.798349534914,2416.1272703991676,2381.2553304140247,2393.60986328125,29747,,
2024-11-04,2383.9457777820544,2416.476467147125,2345.4871495840175,2390.720947265625,385226,,
2024-11-05,2365.314203893296,2394.706271717581,2355.0019743237885,2384.792724609375,107401,,
2024-11-06,2384.792473307725,2440.238762519292,2361.3784556438077,2405.466552734375,223887,,
2024-11-07,2401.1324861134044,2428.5318697960447,2353.5571926280923,2370.9931640625,131401,,
2024-11-08,2376.2738318810093,2376.2738318810093,2314.500675664396,2331.4384765625,104067,,
2024-11-11,2297.7120287717544,2331.2390541695836,2248.1440569260303,2281.322265625,215343,,
2024-11-12,2276.4405140871127,2316.1445665576707,2271.1598568649756,2287.69921875,91735,,
2024-11-13,2253.424818719714,2275.842495474282,2207.294173015286,2249.240234375,158274,,
2024-11-14,2241.767641593753,2275.244802340496,2219.89800147301,2240.920654296875,111556,,
2024-11-18,2266.5270293509343,2266.5270293509343,2178.101741872809,2215.11572265625,137735,,
2024-11-19,2221.542025366407,2287.0015965145926,2209.5360647144694,2247.945068359375,228088,,
2024-11-21,2247.9450066235836,2326.6060971079673,2195.4877388129985,2303.042724609375,174769,,
2024-11-22,2272.9532947161833,2322.4714051556125,2259.502688122618,2276.7890625,114570,,
2024-11-25,2271.6581159583025,2410.0996880160214,2271.6581159583025,2333.13232421875,435116,,
2024-11-26,2347.429924002915,2399.1898049069755,2333.3315489268134,2349.621826171875,278439,,
2024-11-27,2353.0090654784062,2387.2334825289654,2332.783533993098,2380.209228515625,83016,,
2024-11-28,2403.2745743297132,2418.0700943917946,2371.341791967364,2391.41796875,209392,,
2024-11-29,2400.8335793553133,2470.826551689454,2356.3470401458017,2448.857421875,223806,,
2024-12-02,2439.0931117337077,2464.6491660934753,2399.3389520939604,2410.59765625,275123,,
2024-12-03,2416.1273920441417,2421.457914723472,2341.4018025994774,2375.825439453125,423902,,
2024-12-04,2386.2372237235586,2395.40351430509,2331.4384565816817,2337.41650390625,255690,,
2024-12-05,2361.2288446443913,2365.8121113314683,2312.5078586651243,2354.204833984375,140817,,
2024-12-06,2363.6702770885518,2363.6702770885518,2310.415642332261,2330.791015625,75169,,
2024-12-09,2331.438461390535,2400.186005764871,2311.5116369342054,2390.6708984375,248521,,
2024-12-10,2390.8206505803523,2458.9702973405947,2368.10402057781,2416.974609375,1059742,,
2024-12-11,2421.109183563376,2446.0177142584726,2391.2189467292606,2423.64990234375,169959,,
2024-12-12,2406.1640643064047,2497.628237636346,2406.1640643064047,2423.84912109375,486195,,
2024-12-13,2431.0725707884753,2442.2315437754078,2372.288438953836,2431.022705078125,155372,,
2024-12-16,2441.0358843026397,2459.0697569101044,2413.138331339181,2423.749267578125,140269,,
2024-12-17,2443.3774924359623,2456.977452813782,2417.572108844444,2446.316650390625,100634,,
2024-12-18,2474.9116334654723,2599.4044224172503,2441.0360313971046,2543.8583984375,2309928,,
2024-12-19,2528.713986292171,2550.5337614517744,2492.3475321945884,2511.327880859375,442129,,
2024-12-20,2529.6106412686095,2545.0539302708535,2446.0177097102496,2479.694091796875,336713,,
2024-12-23,2490.9527402075487,2514.8150633822675,2416.6754548360104,2459.66748046875,258755,,
2024-12-24,2450.899655602963,2535.688390233489,2407.2102393070845,2525.027587890625,277711,,
2024-12-26,2531.4039875873964,2543.360081748392,2477.900514866411,2532.6494140625,152295,,
2024-12-27,2535.688515683778,2570.3612403040966,2518.999799519651,2542.214599609375,303352,,
2024-12-30,2560.5970123267307,2594.4726148244386,2525.7250685790905,2570.66015625,454946,,
2024-12-31,2570.610204020127,2620.1781795359852,2497.428990325082,2596.365478515625,263835,,
2025-01-01,2596.365559119818,2628.0492594344055,2555.1171287792818,2572.65283203125,152523,,
2025-01-02,2590.437237777026,2607.424903778206,2567.5712560322645,2577.53466796875,119622,,
2025-01-03,2585.5054470910222,2627.3517780265997,2569.5639876869927,2581.07177734375,216863,,
2025-01-06,2576.588248729367,2588.4446118936557,2465.9943738201932,2505.748291015625,166885,,
2025-01-07,2505.6489280188657,2556.761040324329,2481.8860915455416,2486.967529296875,100180,,
2025-01-08,2487.0668089202845,2510.779777692407,2383.4473260313916,2402.2783203125,184040,,
2025-01-09,2416.2767953275325,2421.0592817992465,2362.623966957689,2379.561767578125,296578,,
2025-01-10,2371.291949128323,2380.9564096832833,2261.644556360545,2272.554443359375,157884,,
2025-01-13,2227.12158531305,2245.30481264008,2139.9915939762896,2152.99365234375,262724,,
2025-01-14,2152.097196058941,2200.4696145550206,2105.9166797612215,2143.92724609375,413212,,
2025-01-15,2158.872364829309,2221.841085970567,2144.226196454675,2197.779541015625,246212,,
2025-01-16,2241.7676239121683,2247.7456709092676,2184.1790558573093,2190.6552734375,197605,,
2025-01-17,2205.301587423768,2300.5519065802623,2179.0481418873965,2274.39794921875,193945,,
2025-01-20,2275.144989139492,2356.346791904926,2256.862031954102,2340.754150390625,182943,,
2025-01-21,2345.9849701995026,2349.4721642261534,2267.3236417718845,2275.942138671875,155354,,
2025-01-22,2276.39062631461,2280.973893273717,2154.3388255821274,2203.059814453125,233782,,
2025-01-23,2188.961617618257,2241.219664937869,2168.5864887163902,2223.18603515625,98583,,
2025-01-24,2242.1662069350045,2248.7421563526627,2186.9690000859964,2203.45849609375,126730,,
2025-01-27,2159.3704385810856,2179.3967517465926,2082.353211349174,2136.45458984375,288714,,
2025-01-28,2130.526396663793,2144.524796545785,2058.0921936183413,2103.4755859375,210103,,
2025-01-29,2107.3614410322366,2204.2556260249376,2099.7392846447988,2146.41796875,398774,,
2025-01-30,2146.4678082974333,2235.0424456088163,2146.4678082974333,2190.755126953125,242621,,
2025-01-31,2195.2885963518183,2213.8702634150145,2159.320579831769,2170.4296875,102629,,
2025-02-01,2170.1310292664716,2393.61018274272,2122.804818684562,2371.491455078125,559663,,
2025-02-03,2361.328646581192,2361.328646581192,2263.288769692969,2332.883056640625,260942,,
2025-02-04,2344.6397432387057,2399.0896882081183,2282.6175084499628,2296.466552734375,179946,,
2025-02-05,2291.584763786393,2314.749696724669,2264.982502351911,2295.9189453125,128647,,
2025-02-06,2295.9190324407236,2323.7667214340604,2231.804376382743,2251.731201171875,140467,,
2025-02-07,2251.730999405457,2257.310607145402,2211.877353398281,2238.778564453125,77864,,
2025-02-10,2231.9041503603657,2249.140659533707,2157.626860893191,2202.810791015625,83582,,
2025-02-11,2200.967531749512,2220.595404340877,2086.238698954276,2200.17041015625,198496,,
2025-02-12,2211.7777140533467,2256.164762790996,2117.225032264345,2228.964599609375,247347,,
2025-02-13,2179.994593799136,2186.6700313372558,2107.2616845910293,2117.42431640625,230415,,
2025-02-14,2116.278525886128,2132.020765133909,2022.572589529631,2035.4254150390625,143612,,
2025-02-17,1998.1622290366943,2033.4824750864752,1895.2401368771302,1943.3135986328125,706694,,
2025-02-18,1917.9568399532468,1943.2639311532107,1858.2759768164585,1883.8321533203125,540664,,
2025-02-19,1862.859186366882,2019.1851528075026,1838.7477767677633,2009.3712158203125,599779,,
2025-02-20,2005.6350003619245,2211.279743636593,1983.914711768141,2187.66650390625,1202774,,
2025-02-21,2143.926992146493,2151.4990391391407,2068.8027214933313,2091.270263671875,441330,,
2025-02-24,2089.327536660228,2089.327536660228,2012.8583480867076,2027.903076171875,173163,,
2025-02-25,2014.6019037496724,2067.407987280203,2014.6019037496724,2040.556640625,126427,,
2025-02-27,2048.328210492798,2102.279990679779,2025.163155322523,2077.47119140625,177343,,
2025-02-28,2046.534847776527,2102.280093550827,1988.6971880224887,2065.46533203125,215011,,
2025-03-03,2065.4652358540875,2073.8842705995526,1980.1285851652613,2057.79345703125,138721,,
2025-03-04,2037.218850408635,2073.5354393444636,1995.7213357616884,2043.695068359375,172994,,
2025-03-05,2027.5545102261544,2104.2727889914686,2022.821889133489,2097.44775390625,155405,,
2025-03-06,2114.0868608490487,2232.2527917472567,2097.298412834531,2201.1669921875,315827,,
2025-03-07,2201.1667337388812,2251.7310482063467,2172.0237544645292,2186.869140625,267114,,
2025-03-10,2186.769722625268,2206.89576629141,2167.8891054638057,2184.22900390625,86049,,
2025-03-11,2142.133502856934,2185.972514078192,2137.0520656209824,2173.568115234375,95291,,
2025-03-12,2186.1219551412532,2191.9506484827552,2139.742466699657,2165.746826171875,84588,,
2025-03-13,2155.1358935077224,2218.8019992491327,2143.7278353526244,2183.033447265625,164602,,
2025-03-17,2181.9872848644177,2243.212404550523,2174.0165550566935,2206.248291015625,125995,,
2025-03-18,2206.248291015625,2206.248291015625,2206.248291015625,2206.248291015625,0,,
2025-03-19,2251.7310389723552,2276.639568164527,2224.032705861189,2263.986083984375,162765,,
2025-03-20,2276.6398264486807,2297.4136394506772,2229.811786254769,2278.08447265625,94542,,
2025-03-21,2276.6396946829773,2322.4713909435536,2243.4116175951117,2299.256591796875,139318,,
2025-03-24,2299.256490322121,2333.4310414141655,2276.7889480843105,2293.178955078125,261482,,
2025-03-25,2281.6213206580774,2361.9265177146813,2281.6213206580774,2323.7666015625,307193,,
2025-03-26,2323.4677708302547,2360.3323966967723,2286.752498850733,2342.348388671875,185936,,
2025-03-27,2325.460433504032,2386.2372486041804,2313.504338730232,2366.609375,132532,,
2025-03-28,2366.659244162159,2441.0360198770145,2322.620767083216,2420.06298828125,207212,,
2025-04-01,2420.1626924063135,2452.095477200538,2296.616380957044,2318.735107421875,654911,,
2025-04-02,2321.475204166271,2392.215435709535,2302.8935364190015,2361.9267578125,125992,,
2025-04-03,2331.438388275804,2380.906631138352,2312.5079056359577,2358.140380859375,86320,,
2025-04-04,2345.238020974992,2364.1186395955883,2291.5849457080485,2331.936767578125,160695,,
2025-04-07,2191.9505272047377,2263.3881389191674,2191.9505272047377,2239.77490234375,180520,,
2025-04-08,2239.92460959937,2340.405727600101,2239.92460959937,2314.7998046875,211830,,
2025-04-09,2314.7994466295036,2339.1599391415757,2299.1070734886325,2312.30859375,68624,,
2025-04-11,2358.5888313602504,2373.2848648432214,2329.844288909861,2351.06640625,146153,,
2025-04-15,2362.6240077171574,2420.4117990661753,2342.497963517491,2403.573486328125,452127,,
2025-04-16,2401.1825218544914,2450.9995866232566,2394.507083824954,2429.080078125,194649,,
2025-04-17,2419.1164699506985,2486.8676725687574,2411.1457402309265,2451.29833984375,157061,,
2025-04-21,2451.2984204140203,2496.8311667853313,2401.381626604318,2427.38623046875,150688,,
2025-04-22,2451.7967006573394,2510.780056510002,2431.670655203046,2502.809326171875,368689,,
2025-04-23,2510.7800052652597,2511.9755661421004,2457.6749668218795,2481.786376953125,130948,,
2025-04-24,2481.7862023478765,2494.8383693908395,2451.4975271110866,2460.863037109375,121066,,
2025-04-25,2455.9810337592544,2455.9810337592544,2341.6010164787226,2432.865966796875,186189,,
2025-04-28,2432.8661184708085,2469.9299644062103,2409.352367618011,2460.165771484375,86854,,
2025-04-29,2479.893308058337,2496.332938264429,2448.6082909044794,2480.6904296875,182234,,
2025-04-30,2466.7416437327397,2472.918910653795,2428.681457737985,2446.715087890625,126879,,
2025-05-02,2446.7152328489506,2460.763742197066,2398.0937297314517,2440.039794921875,70542,,
2025-05-05,2465.9446302271263,2535.6885187588027,2455.483046947375,2523.333984375,272979,,
2025-05-06,2513.7689949675587,2558.106180966788,2495.0377306599817,2527.9169921875,251771,,
2025-05-07,2530.6070037608406,2655.2493894737345,2416.1274932359497,2436.950927734375,985972,,
2025-05-08,2434.061540565159,2497.827377076076,2427.0871521967774,2465.6455078125,253880,,
2025-05-09,2366.310541026501,2450.9995498632393,2363.8196878254207,2439.840576171875,178962,,
2025-05-12,2467.9372014587257,2527.7176746470677,2457.6748382452533,2520.6435546875,211564,,
2025-05-13,2516.7579645237706,2595.4689222424477,2506.9937717522325,2580.424072265625,269619,,
2025-05-14,2582.616029773897,2609.2182902163136,2539.77335970082,2563.286865234375,175702,,
2025-05-15,2589.0921907286056,2606.2292097336385,2552.725739019923,2580.623291015625,270034,,
2025-05-16,2605.432273479262,2605.432273479262,2556.6115540144497,2562.191162109375,116453,,
2025-05-19,2575.1435406455043,2602.144240984595,2551.8290108178376,2579.328125,118851,,
2025-05-20,2599.2549185957478,2599.2549185957478,2497.9270692562836,2551.330810546875,176428,,
2025-05-21,2531.802703320573,2566.475182245785,2426.5889760204936,2430.474609375,387954,,
2025-05-22,2436.054103139354,2469.1325805529623,2432.168469967029,2465.346435546875,172358,,
2025-05-23,2485.8712333948843,2487.4654765749624,2428.0834452037407,2443.62646484375,113277,,
2025-05-26,2452.4938454049534,2508.7871227827227,2427.3860960027478,2431.072509765625,222874,,
2025-05-27,2454.5861114077234,2470.9260086823288,2429.278900692972,2438.544921875,175831,,
2025-05-28,2451.597305822206,2472.918910653795,2440.1393817800954,2446.715087890625,131491,,
2025-05-29,2447.0139045847923,2496.3327923197057,2446.5157340016112,2487.56494140625,260576,,
2025-05-30,2505.69854854379,2540.5704927978345,2495.3366966929684,2523.533203125,309061,,
2025-06-02,2543.5593393893323,2569.563941877499,2510.5805917836024,2539.573974609375,111456,,
2025-06-03,2568.468070111602,2693.3096802555283,2564.8813874775883,2661.0283203125,1198819,,
2025-06-04,2690.121501964223,2776.7034633766357,2625.4590490863343,2713.435791015625,880428,,
2025-06-05,2715.926591612018,2730.8717107776747,2680.158037041165,2693.210205078125,230716,,
2025-06-06,2717.9191490096587,2717.9191490096587,2596.9634207644654,2620.77587890625,243911,,
2025-06-09,2643.8911248638046,2646.182515042593,2611.4103042084316,2640.30419921875,90517,,
2025-06-10,2640.304304485644,2668.2018594009637,2625.3591857810084,2645.186279296875,142119,,
2025-06-11,2566.674875923201,2645.186374410031,2523.7324693355145,2545.751708984375,473663,,
2025-06-12,2560.397882158274,2642.3968185413387,2559.700491908437,2579.926025390625,559502,,
2025-06-13,2560.5970399072567,2609.4177616798074,2546.5485308329385,2598.4580078125,216599,,
2025-06-16,2598.358126167219,2628.1488740872,2578.132594342945,2606.9267578125,203317,,
2025-06-17,2620.3772825835854,2650.1677863299847,2582.616049460506,2594.472412109375,248410,,
2025-06-18,2605.4321179744297,2655.1494442651347,2603.240216084878,2645.983154296875,211485,,
2025-06-19,2645.2860107205224,2700.0847793041867,2631.735672462703,2645.186279296875,312112,,
2025-06-20,2646.2821801724313,2678.563537179808,2611.21101920516,2623.2666015625,491400,,
2025-06-23,2626.654492249324,2655.747608168796,2617.488201377076,2641.001708984375,150117,,
2025-06-24,2659.2346938989044,2686.0361751933942,2629.045506536379,2673.482421875,203233,,
2025-06-25,2673.4825204195236,2724.9933143111402,2669.1982044020274,2680.357177734375,225813,,
2025-06-26,2684.3426002580877,2695.7010366814425,2648.57404597372,2663.41943359375,103357,,
2025-06-27,2675.176098965222,2675.176098965222,2546.7478166900078,2579.328125,362063,,
2025-06-30,2582.5165167591085,2620.3774842115954,2570.560421774113,2607.624267578125,178537,,
2025-07-01,2630.3408114625604,2639.3078824107283,2553.622537794902,2559.7998046875,145781,,
2025-07-02,2570.4605281875924,2587.6972793530213,2498.823694220797,2509.783447265625,152001,,
2025-07-03,2527.119724094599,2578.531027348404,2492.845684090304,2571.955078125,176621,,
2025-07-04,2577.534645067643,2663.219986960112,2577.534645067643,2621.27392578125,271805,,
2025-07-07,2610.4141363749136,2640.30437457768,2583.612653418719,2624.661865234375,87049,,
2025-07-08,2612.40668660596,2639.2081682046864,2595.369154394365,2627.750244140625,157771,,
2025-07-09,2630.3408224781274,2670.6926419138713,2625.3591163749493,2666.109375,150341,,
2025-07-10,2684.541490878226,2736.9491325425606,2658.2381818797057,2688.52685546875,382895,,
2025-07-11,2701.4795915540085,2743.923826473796,2682.1506684340807,2708.3544921875,353928,,
2025-07-14,2724.8936320393304,2769.8287204506287,2712.6388290611394,2738.14501953125,425929,,
2025-07-15,2738.145026287615,2749.802170483188,2718.5171519415812,2736.15234375,239012,,
2025-07-16,2739.0416556200407,2746.6137026959746,2723.29941620942,2729.974853515625,118211,,
2025-07-17,2731.9676647193555,2738.9420533601415,2717.1222776257737,2727.882568359375,66940,,
2025-07-18,2731.967731369335,2767.836016682718,2691.6159103917794,2708.3544921875,276188,,
2025-07-21,2710.0481909034947,2729.9750158366087,2664.5154445808043,2717.919189453125,132632,,
2025-07-22,2732.465889397444,2758.8689326313665,2716.225478305971,2748.1083984375,161886,,
2025-07-23,2768.732478277164,2775.706866714687,2729.974902687589,2751.994140625,157234,,
2025-07-24,2750.896390098438,2774.8432574768794,2694.621349199154,2720.264404296875,184179,,
2025-07-25,2718.9673703956755,2718.9673703956755,2674.1668678611404,2696.1181640625,80138,,
2025-07-28,2704.8985043844864,2733.934180161294,2645.1312086159087,2673.568115234375,197624,,
2025-07-29,2701.6059840718076,2724.954083465545,2668.7786722778815,2681.1513671875,250733,,
2025-07-30,2694.92066070677,2718.9674056611166,2684.0448885241844,2705.59716796875,107869,,
2025-07-31,2701.007169315117,2765.863270536204,2666.982563388306,2728.4462890625,1115600,,
2025-08-01,2761.8720724819345,2933.491290858702,2743.911921721575,2832.515380859375,2609065,,
2025-08-04,2858.657266719113,2929.1010650423655,2774.3443386082004,2792.10498046875,661531,,
2025-08-05,2808.7680171141124,2917.626583707683,2799.0895401623784,2880.70849609375,629435,,
2025-08-06,2892.5820882385588,2911.5400253467105,2565.0088420129364,2831.318115234375,509089,,
2025-08-07,2834.311365773403,2862.1495012371397,2799.38885137797,2830.71923828125,234142,,
2025-08-08,2842.692677527773,2855.0651280699412,2801.7834462962396,2817.847900390625,158615,,
2025-08-11,2817.8478979393076,2877.6151894904056,2815.852325685847,2849.9765625,209442,,
2025-08-12,2860.652938018045,2908.5466739876533,2839.3004115049835,2889.08984375,211968,,
2025-08-13,2908.5466084777554,2909.0455015495354,2784.8211266763,2817.648193359375,233643,,
2025-08-14,2841.2960638399663,2864.644163342512,2771.151645672714,2851.27392578125,185108,,
2025-08-18,2864.943516633385,2888.2916158809517,2835.708332744666,2844.98779296875,226303,,
2025-08-19,2846.583981308924,2855.5640565687445,2808.8678600977855,2815.552978515625,125396,,
2025-08-20,2818.845744576849,2838.701591484968,2790.3089632997235,2827.22705078125,283667,,
2025-08-21,2837.703772954283,2898.5687272968325,2815.951986452821,2888.391357421875,220793,,
2025-08-22,2898.468875667481,2915.0322231173745,2860.852386714557,2884.0009765625,172629,,
2025-08-25,2898.568804247361,2918.3250189997802,2877.7151708754473,2906.251708984375,228332,,
2025-08-26,2902.559861818676,2907.54879248526,2843.6904799529825,2898.06982421875,227390,,
2025-08-28,2898.5687457877148,2898.5687457877148,2823.734785053092,2833.712646484375,78575,,
2025-08-29,2839.3004314398368,2877.116429957959,2812.160452653064,2846.18505859375,124344,,
2025-09-01,2846.1850791848215,2870.0320714529216,2810.7636697856765,2850.375732421875,145580,,
2025-09-02,2858.6573369497196,2909.344922394719,2843.6905446096684,2890.287109375,186740,,
2025-09-03,2890.2871015807805,2942.47136611906,2853.6683984742326,2895.67529296875,246083,,
2025-09-04,2902.5600469577917,2908.347255620191,2812.85916529111,2834.11181640625,170830,,
2025-09-05,2840.697202201996,2853.668422303375,2757.980826841718,2781.029541015625,160970,,
2025-09-08,2778.834570150957,2828.723880207527,2744.0119291715296,2753.7900390625,148659,,
2025-09-09,2748.9009966677995,2780.3312621469413,2718.5683934549725,2751.594970703125,138558,,
2025-09-10,2751.5947889047375,2826.5286254410007,2704.998224897826,2803.779052734375,578859,,
2025-09-11,2804.2780779539235,2885.5976521767466,2799.4886555373355,2870.630859375,189549,,
2025-09-12,2855.6639900687173,2896.972239654814,2841.6949838279897,2864.544189453125,353904,,
2025-09-15,2897.5709491177404,2980.1876901886444,2897.5709491177404,2974.00146484375,703289,,
2025-09-16,2979.9882148584575,3014.3119609994633,2960.0324918462134,2987.770751953125,445388,,
2025-09-17,2994.256512990501,3010.2210922056993,2974.001647991335,3004.234375,213655,,
2025-09-18,3007.4273326587804,3028.9793673423096,2971.7065397627703,3003.835205078125,338157,,
2025-09-19,3010.220903532511,3060.2100865069615,2996.3517736486488,3045.7421875,539820,,
2025-09-22,3053.9240365146907,3055.2212072364837,3003.3363271658445,3020.8974609375,94151,,
2025-09-23,3023.99051350669,3027.283256606019,2940.276350818452,2951.052490234375,125042,,
2025-09-24,2973.3029498818496,2978.3917568562338,2918.524585864149,2962.7265625,127858,,
2025-09-25,2962.8262094781912,3031.074930903721,2943.469254869278,2956.240966796875,327244,,
2025-09-26,2958.4359417541523,2964.4226586683258,2866.5397396815324,2876.41796875,131442,,
2025-09-29,2887.8926217486564,2919.0235021923263,2855.364694477298,2880.209716796875,143795,,
2025-09-30,2873.6241784696012,2896.373751935847,2853.3690704360547,2881.506591796875,131698,,
2025-10-01,2878.413476236808,2915.5310715488204,2847.881123222015,2907.748291015625,100145,,
2025-10-03,2933.4913561047124,2962.3272791379304,2890.586550556242,2951.052490234375,183044,,
2025-10-06,2966.418291189321,2966.418291189321,2912.5378378680216,2944.66650390625,121532,,
2025-10-07,2943.4691932705346,3007.826401055602,2943.4691932705346,2990.76416015625,264311,,
2025-10-08,2993.3584286795785,2998.9461285198336,2959.43369982121,2976.0966796875,67344,,
2025-10-09,2975.3983384089056,2990.3651308556305,2945.464753515456,2981.185546875,100710,,
2025-10-10,2978.3918040509175,3003.3364590262186,2968.413942060797,2981.7841796875,87885,,
2025-10-13,2981.385028627148,3033.2699086434172,2965.6199586714088,2989.8662109375,121570,,
2025-10-14,2991.362994326475,2991.362994326475,2880.7086034173644,2904.85498046875,144673,,
2025-10-15,2908.446704749463,2958.435887506231,2903.158633119017,2945.165283203125,88009,,
2025-10-16,2946.5623157426103,3010.3207519619446,2945.265145054553,2991.262939453125,142577,,
2025-10-17,2990.7642637463805,3123.070811541187,2989.8663536048457,3101.618408203125,701637,,
2025-10-20,3123.070741072987,3274.6343642619995,3123.070741072987,3247.49462890625,1496122,,
2025-10-21,3272.738623221698,3307.062369878846,3269.2463716420407,3294.789794921875,75031,,
2025-10-23,3294.7896779677535,3415.421923668672,3243.2039401563993,3276.03125,670210,,
2025-10-24,3283.6142770519536,3319.5345777240227,3200.997780386298,3212.871337890625,287492,,
2025-10-27,3221.652049731229,3235.221795547654,3181.0422011392043,3206.884765625,128685,,
2025-10-28,3222.949209906236,3281.519209451514,3169.9666667611077,3181.24169921875,194331,,
2025-10-29,3201.895714973757,3225.8425822717845,3138.1372782328117,3157.09521484375,634434,,
2025-10-30,3179.944439704361,3179.944439704361,3121.1749332854283,3137.738037109375,352004,,
2025-10-31,3142.028640739761,3169.1683757695337,3105.210428607477,3124.5673828125,754095,,
2025-11-03,3142.9265785230555,3196.308138942125,3113.591762387025,3186.530029296875,348002,,
2025-11-04,3202.8934798828163,3208.980072720776,3178.048702665833,3192.5166015625,264233,,
2025-11-06,3199.9003098675607,3250.787405534304,3161.9844346648892,3178.846923828125,316849,,
2025-11-07,3167.9710279420055,3321.6300951240746,3156.496487210877,3303.570068359375,596731,,
2025-11-10,3308.5589536861207,3311.652188150357,3239.8115862983454,3252.3837890625,188149,,
2025-11-11,3252.383810377911,3296.6854177036084,3242.4059489441834,3268.348388671875,222817,,
2025-11-12,3280.7210193423807,3349.568267011062,3265.7542263709283,3295.388427734375,357217,,
2025-11-13,3311.65233337332,3311.65233337332,3171.962268090926,3180.04443359375,239572,,
2025-11-14,3178.9468034195716,3258.470314094565,3172.960086275655,3252.68310546875,163688,,
2025-11-17,3272.23962409744,3307.6610318289413,3266.35278335113,3278.12646484375,234414,,
2025-11-18,3291.6964459912324,3304.5677896403854,3269.346134098091,3283.5146484375,268061,,
2025-11-19,3291.6964785842674,3293.6920508659186,3218.059812671298,3222.350341796875,214939,,
2025-11-20,3254.7783709093396,3583.9479192580648,3254.478986348948,3360.543701171875,5902795,,
2025-11-21,3387.4840403448507,3439.56842959419,3246.397173630337,3265.85400390625,1111713,,
2025-11-24,3282.117685693256,3324.7233494551647,3229.8337885336314,3248.8916015625,445431,,
2025-11-25,3272.73872188499,3309.4573026066555,3262.7608599280234,3277.228759765625,271029,,
2025-11-26,3293.692022456787,3305.6654560434217,3260.765080093541,3286.70751953125,259136,,
2025-11-27,3300.1778113930595,3300.6767044862404,3138.037556109198,3153.203857421875,324504,,
2025-11-28,3175.9532732620023,3237.816013740244,3158.79140043,3200.997802734375,405458,,
2025-12-01,3182.937946693105,3235.0223371007814,3179.2461865094456,3209.878173828125,116018,,
2025-12-02,3221.8516166904124,3241.8073405472746,3189.8225824600904,3204.490234375,198692,,
2025-12-03,3206.8846373945994,3266.352788471465,3206.7847613410627,3253.481201171875,309614,,
2025-12-04,3253.4813648450804,3258.4702957702884,3200.1996800039165,3208.88037109375,143040,,
2025-12-05,3210.1775770155314,3215.6654010933685,3172.960103185807,3194.8115234375,138176,,
2025-12-08,3194.811314181448,3252.782785810328,3132.0506640057115,3141.130615234375,233498,,
2025-12-09,3133.048463040713,3211.175166109812,3086.0526386550505,3202.09521484375,238790,,
2025-12-10,3207.8824922660483,3282.1176848491955,3197.5056136813537,3225.34375,210573,,
2025-12-11,3228.536758274279,3228.536758274279,3165.7761037410573,3192.616455078125,160219,,
2025-12-12,3205.387985640373,3250.6873791102257,3197.505572547645,3216.96240234375,198068,,
2025-12-15,3211.3748901643726,3262.760879551809,3172.960121399007,3215.066650390625,146630,,
2025-12-16,3207.8824697050477,3207.8824697050477,3123.070647022332,3162.28369140625,122863,,
2025-12-17,3170.86444673252,3190.9200453959797,3055.2211316455564,3061.90625,245981,,
2025-12-18,3082.9598112659814,3182.9379385466987,3075.2769063412425,3156.396728515625,416210,,
2025-12-19,3143.026403164834,3240.809446818851,3118.0817491714624,3187.826904296875,389886,,
2025-12-22,3187.8269423609354,3268.647622264494,3143.1263167511775,3263.65869140625,297980,,
2025-12-23,3262.760868546718,3316.042554097606,3232.8272825967483,3260.06689453125,306249,,
2025-12-24,3260.066832247978,3327.6169078645094,3238.813937909504,3294.590087890625,363315,,
2025-12-26,3294.5900468882455,3318.038021809265,3257.8717108282062,3297.982666015625,303155,,
2025-12-29,3255.7762197997395,3281.319642776684,3212.3725221101017,3242.505615234375,209239,,
2025-12-30,3242.8050651369504,3391.375328988861,3144.0242339220094,3368.526123046875,672965,,
2025-12-31,3377.406406579187,3382.4952136326756,3247.2951837072396,3291.097900390625,331304,,
2026-01-01,3274.7341776026874,3300.4771092545093,3238.813875837393,3246.6962890625,168345,,
2026-01-02,3246.6962527908904,3246.796128845844,3079.1680558138523,3087.349853515625,592140,,
2026-01-05,3092.1393507712296,3116.98412904405,3008.3253122217675,3097.72705078125,469055,,
2026-01-06,3105.50949770916,3156.3965910623956,3067.1946072126593,3121.673828125,229834,,
2026-01-07,3132.050861297329,3231.8294806441695,3108.103992654087,3200.19970703125,442543,,
2026-01-08,3201.895699766483,3207.7825405092362,3050.9306091721446,3072.58251953125,249814,,
2026-01-09,3084.3565769280635,3084.3565769280635,2912.5378462301956,2939.278564453125,435632,,
2026-01-12,2955.4427201944845,2955.4427201944845,2775.142802831076,2825.531005859375,963017,,
2026-01-13,2849.178348989275,2959.433718473889,2839.599504517074,2921.41796875,718456,,
2026-01-14,2921.4179951493193,2943.269658173948,2883.1031041145516,2900.96337890625,296806,,
2026-01-16,2916.129971533385,2941.373766872448,2864.2450904504954,2884.69970703125,363997,,
2026-01-19,2884.5998218956497,2921.3184017280128,2822.2381861749727,2831.21826171875,278320,,
2026-01-20,2846.5841475407615,2846.5841475407615,2715.974031630198,2747.404296875,397891,,
2026-01-21,2753.6902661830986,2845.686100516226,2694.0226056780543,2826.12939453125,654467,,
2026-01-22,2842.8922714193754,2994.0568742907494,2694.022625430432,2980.187744140625,1014149,,
2026-01-23,2984.8773188826044,3042.250023490911,2882.604236754753,2955.442626953125,882356,,
2026-01-27,2894.9767898571477,2970.110139608913,2868.535455496709,2917.52685546875,654595,,
2026-01-28,2913.5355033596,2913.5355033596,2726.350727690007,2740.718994140625,960964,,
2026-01-29,2740.719094860734,2754.887609725677,2671.871849271791,2695.31982421875,709175,,
2026-01-30,2694.022607933875,2842.6927444457815,2688.9338011232794,2821.839111328125,626081,,
2026-02-02,2721.66118990261,2772.847667313966,2684.0447013582475,2747.104736328125,306607,,
2026-02-03,2903.557751941027,2913.5356136315463,2738.9230340474637,2761.672607421875,775731,,
2026-02-04,2763.7678930862035,2839.699520212911,2733.834307138773,2747.404296875,292451,,
2026-02-05,2752.891932922027,2792.204609007574,2704.5991816656574,2761.07373046875,329810,,
2026-02-06,2762.570478952989,2762.570478952989,2689.033688040878,2721.162353515625,308315,,
2026-02-09,2721.1624338786232,2833.712764219775,2715.874118380297,2824.6328125,301864,,
2026-02-10,2798.7901832432754,2834.211591979509,2746.5062858163255,2757.48193359375,399620,,
2026-02-11,2772.8477865675386,2827.227133227463,2737.5262533330747,2808.668212890625,241404,,
2026-02-12,2793.8012494184713,2833.7126958387353,2763.8676646032736,2824.93212890625,342863,,
2026-02-13,2824.732610953402,2824.732610953402,2761.6725745401704,2783.224609375,201146,,
2026-02-16,2784.721344837738,2851.373510202632,2773.9454490028124,2785.12060546875,323065,,
2026-02-17,2803.5796746259757,2843.590754531385,2779.8323146750545,2816.052001953125,447241,,
2026-02-18,2833.7128089053617,2833.7128089053617,2777.1383800673157,2781.62841796875,235770,,
2026-02-19,2803.6791386023942,2803.6791386023942,2704.998188160102,2719.3662109375,292015,,
2026-02-20,2719.3664308273246,2725.6525326507826,2688.0360413709295,2700.208984375,184503,,
2026-02-23,2717.171316568999,2748.6015817006837,2690.330965372793,2709.9873046875,214157,,
2026-02-24,2711.982676705982,2728.845164709762,2692.425971295572,2714.078125,171103,,
2026-02-25,2723.9561268249986,2739.9207048576723,2698.113563574659,2715.075927734375,134818,,
2026-02-26,2715.075907731001,2718.9671761577447,2666.5834048739716,2694.82080078125,190238,,
2026-02-27,2689.5326864167328,2689.5326864167328,2623.9781821790248,2643.634521484375,294688,,
2026-03-02,2494.465428414862,2634.3550009203395,2494.465428414862,2603.22412109375,278720,,
2026-03-04,2556.328220233832,2574.1884956049316,2499.454407371487,2535.57421875,299602,,
2026-03-05,2569.199443940091,2594.2439735866924,2524.0995589654567,2560.71826171875,253867,,
2026-03-06,2546.8491599299828,2787.7146402400163,2534.4767090514742,2760.7744140625,2100819,,
2026-03-09,2729.9429831044686,2753.8898513773147,2649.1223026836124,2745.508544921875,373124,,
2026-03-10,2758.7788666966812,2788.5129430962907,2707.293246807556,2756.38427734375,381745,,
2026-03-11,2763.8677729650785,2914.5334891086623,2726.8498075188813,2887.59326171875,699402,,
2026-03-12,2873.6242618110236,2873.6242618110236,2775.042936331644,2851.174072265625,549459,,
2026-03-13,2843.6905549728363,2873.7240158180425,2778.8344545962627,2793.901123046875,445608,,
2026-03-16,2781.8279458735537,2849.677407968031,2750.996449508917,2821.140625,283160,,
2026-03-17,2833.0142560264367,2833.0142560264367,2704.1003345481795,2733.0361328125,453538,,
2026-03-18,2732.93635576255,2782.4266478889244,2684.0448327861486,2703.701171875,360017,,
2026-03-19,2690.2310220427303,2690.2310220427303,2576.2838901822715,2588.25732421875,409085,,
2026-03-20,2614.3992760184788,2700.00937819342,2583.1685201523114,2654.610107421875,407415,,
2026-03-23,2644.133413208695,2644.2332892681193,2546.749383267064,2600.82958984375,399468,,
2026-03-24,2649.122191672373,2663.889475208501,2555.3302948674,2631.46142578125,358955,,
2026-03-25,2647.82519965995,2754.887708021677,2631.46160336167,2740.918701171875,494679,,
2026-03-27,2697.016000264096,2723.956226681828,2605.219673211082,2634.35498046875,1304758,914589.0,70.1
2026-03-30,2615.1975740446755,2652.015786594031,2562.4147826381227,2623.479248046875,432760,246362.0,56.93
2026-04-01,2673.967084693216,2699.0116152358305,2613.700896898432,2678.05810546875,342760,165291.0,48.22
2026-04-02,2636.649899526526,2658.601194811137,2581.4722767501826,2617.392578125,322074,202203.0,62.78
2026-04-06,2637.148715172085,2689.0335934123223,2595.341574183944,2678.75634765625,178418,82082.0,46.01
2026-04-07,2678.75657451146,2678.75657451146,2611.505881767959,2623.179931640625,508369,325325.0,63.99
2026-04-08,2664.0891012950683,2769.355543312533,2651.117880951684,2756.184814453125,449022,234217.0,52.16
2026-04-09,2753.889891153414,2775.6416788687848,2692.027147221707,2711.0849609375,362108,220545.0,60.91
2026-04-10,2731.040570172613,2804.7768692598825,2716.173410368999,2786.517333984375,425148,282143.0,66.36
2026-04-13,2753.889780118656,2816.4509231426287,2704.0004725078106,2801.484130859375,289424,155574.0,53.75
2026-04-15,2828.7236758455488,2908.546566169233,2824.433146770625,2900.264892578125,573925,328906.0,57.31
2026-04-16,2913.6354013140926,3048.037145488773,2911.539952982586,3029.677734375,1034273,597500.0,57.77
2026-04-17,3033.3699080554447,3219.856050411451,3007.527099451708,3179.8447265625,1189319,652410.0,54.86
2026-04-20,3213.7692642536776,3357.550343723618,3184.035432315665,3332.70556640625,1253847,582760.0,46.48
2026-04-21,3349.368727292721,3428.3933447258614,3163.1817270220913,3242.0068359375,1099710,471636.0,42.89
2026-04-22,3242.805059846448,3300.1777647514236,3202.4945959271818,3235.820556640625,401276,196629.0,49.0
2026-04-23,3235.820514131531,3250.388289495212,3182.9378476964494,3192.117431640625,196159,94173.0,48.01
2026-04-24,3205.088697302403,3232.727325584063,3155.4987732071286,3180.14404296875,237218,102838.0,43.35
2026-04-27,3217.8602893192415,3331.607908848666,3210.975662419355,3308.06005859375,592198,371399.0,62.72
2026-04-28,3347.572462370691,3412.0295437359728,3281.31956085354,3391.674560546875,627277,336184.0,53.59
2026-04-29,3397.4619451933418,3467.3069778404883,3359.5460703277477,3450.843505859375,308361,133419.0,43.27
2026-04-30,3434.3800340317657,3441.3645372967926,3285.4105085305223,3415.52197265625,457179,242187.0,52.97
2026-05-01,3415.52197265625,3415.52197265625,3415.52197265625,3415.52197265625,0,0.0,0.0
2026-05-04,3425.3998595175694,3474.29138096131,3350.6657741793347,3381.69677734375,331690,165035.0,49.76
2026-05-05,3406.6414019560198,3406.6414019560198,3318.9360973943085,3331.508056640625,277744,165038.0,59.42
2026-05-06,3352.5614280350555,3389.479515189013,3294.689831955879,3349.767578125,739701,340164.0,45.99
2026-05-07,3392.473016262474,3455.3335456814552,3319.934009605361,3399.45751953125,807879,359244.0,44.47
2026-05-08,3413.2269116877787,3514.2028213787485,3406.741301710788,3469.501953125,866740,459163.0,52.98
2026-05-11,3472.2958880595243,3516.0986036901045,3434.579521934712,3481.974365234375,277473,120248.0,43.34
2026-05-12,3478.681611467367,3509.7128588463343,3393.271261332569,3421.009765625,483851,288575.0,59.64
2026-05-13,3422.306592013072,3490.5553103060397,3414.424178929005,3442.861083984375,465546,290976.0,62.5
2026-05-14,3455.9322320741917,3525.078617899172,3413.0274273076866,3453.337890625,420937,251381.0,59.72
2026-05-15,3483.371447203811,3521.1874461677658,3460.422364953355,3491.453369140625,489194,309278.0,63.22
2026-05-18,3491.453348241499,3491.453348241499,3417.41766249235,3463.71484375,154912,89467.0,57.75
2026-05-19,3460.3225184619528,3665.7665982281565,3460.3225184619528,3591.930419921875,764359,321734.0,42.09
2026-05-20,3592.3296057299704,3670.8553287891505,3547.8282449944545,3558.005615234375,302978,125707.0,41.49
2026-05-21,3576.9634072161793,3597.0190059097085,3530.0674590115314,3563.9921875,218325,118796.0,54.41
2026-05-22,3576.0655136825285,3586.941285131745,3519.790473016639,3553.21630859375,147243,66264.0,45.0
2026-05-25,3577.562248032093,3580.0567134121184,3527.7728164868445,3531.564208984375,119213,60313.0,50.59
2026-05-26,3545.1343553981865,3582.0524446607064,3527.7729730228975,3570.47802734375,191917,98079.0,51.1
2026-05-27,3596.0213692077295,3640.9217470141525,3419.3133404450627,3431.68603515625,463766,240574.0,51.87
2026-05-28,3431.68603515625,3431.68603515625,3431.68603515625,3431.68603515625,0,0.0,0.0
2026-05-29,3434.380028123423,3561.098872856623,3402.5507464533293,3510.810546875,647859,346662.0,53.51
2026-06-01,3555.511086555251,3555.511086555251,3472.2958186854303,3498.338134765625,228462,121179.0,53.04
2026-06-02,3458.1273855255836,3500.034405014831,3418.9143399977597,3479.779296875,263853,116861.0,44.29
2026-06-03,3477.284785756582,3501.8304228608013,3443.3600561394446,3456.43115234375,159441,85402.0,53.56
2026-06-04,3442.362341530605,3552.1188219852042,3442.362341530605,3494.646240234375,247899,120035.0,48.42
2026-06-05,3514.502308680175,3539.8459801987497,3457.628496450175,3482.97216796875,191865,89501.0,46.65
2026-06-08,3458.426629941112,3508.116184727362,3419.512970563846,3477.184814453125,148039,58863.0,39.76
2026-06-09,3493.2493357390094,3516.198417350548,3456.3312479291426,3492.949951171875,162504,98410.0,60.56
2026-06-10,3492.151673248214,3501.730517794931,3459.42448218056,3469.40234375,119101,58847.0,49.41
2026-06-11,3462.318050866229,3468.4046440153015,3428.8922137757336,3442.262451171875,95250,45519.0,47.79
2026-06-12,3477.184829266403,3549.7240766793107,3452.539560275836,3533.859130859375,302638,177568.0,58.67
2026-06-15,3567.085487008891,3632.1410952827046,3552.3182032657223,3584.0478515625,300882,158541.0,52.69
2026-06-16,3606.99703070365,3613.382764797896,3548.5266632776365,3570.77734375,174365,105485.0,60.5
2026-06-17,3591.0324664251957,3611.985976232067,3552.1188053552924,3564.291748046875,204287,138003.0,67.55
2026-06-18,3587.0413662876863,3726.731433403201,3558.7043358271685,3681.8310546875,1199579,558940.0,46.59
2026-06-19,3690.8109304684353,3769.6360354987155,3677.839710653326,3760.85546875,746962,320125.0,42.86
2026-06-22,3761.653804906925,3797.7736150032456,3731.7202202524936,3770.23486328125,331345,143465.0,43.3
2026-06-23,3775.622722665985,3795.4785692484097,3701.78654891406,3710.666748046875,239175,124431.0,52.03
2026-06-24,3715.7557577575576,3766.6428532585337,3710.666950767403,3749.381103515625,139138,68394.0,49.16
2026-06-25,3766.642802215179,3834.4922619636905,3749.6804372780507,3821.321533203125,353857,177891.0,50.27
2026-06-25,3766.642802215179,3834.4922619636905,3749.6804372780507,3821.321533203125,353857,0.0,0.0
2026-06-26,3821.321533203125,3821.321533203125,3821.321533203125,3821.321533203125,0,,
2026-06-29,3833.2949899604055,3905.933872488102,3777.6184724702143,3868.317138671875,760918,484330.0,63.65
2026-06-30,3866.421455032335,3966.399581743078,3847.264009059042,3936.765380859375,691271,402482.0,58.22
2026-07-01,3937.2641233859486,3967.7964768259026,3904.63656520412,3943.849609375,223713,0.0,0.0
2026-07-02,3949.7365824675267,3977.4750869138647,3892.4637533359937,3963.605712890625,310353,183946.0,59.27
2026-07-03,3970.1911165129018,3975.18004729515,3872.009056158317,3883.68310546875,203961,108303.0,53.1
2026-07-06,3931.277259604101,4127.841122584306,3894.5586821649313,4097.6083984375,975908,368370.0,37.75
2026-07-07,4126.544330388454,4152.586158858959,4066.97630300361,4089.5263671875,675691,382538.0,56.61
2026-07-08,4094.615314612357,4130.834757826228,4049.0162916084146,4068.572998046875,312100,,
2026-07-09,4089.9253711247975,4135.823533376991,4073.461899882163,4079.947509765625,262676,,
2026-07-10,4111.676978058081,4133.72814944541,4051.0117749293936,4064.681396484375,303434,,
2026-07-13,4059.792434433981,4084.537580274955,4002.419729415658,4036.444091796875,150502,77462.0,51.47
2026-07-14,4050.911891954726,4114.371188519268,4020.37978193227,4042.231201171875,367386,,
2026-07-15,4067.674708118299,4112.874468979217,4043.1293152349795,4080.9453125,253488,125440.0,49.49
2026-07-16,4096.810280189477,4140.014715170547,4081.5443461386103,4096.91015625,236052,,
2026-07-17,4106.887908118905,4125.14720029384,4054.504133780654,4088.827880859375,261239,,
2026-07-20,4098.40668669072,4183.717404088664,4078.949856406978,4123.25146484375,574582,307398.0,53.5
2026-07-21,4130.834740726878,4151.78825028129,4070.967570571416,4079.348876953125,221185,130262.0,58.89
2026-07-22,4079.4489722253616,4147.8972045546625,4062.9854995479204,4138.318359375,252702,,
2026-07-23,4153.683830056074,4165.457998843227,4043.328828991605,4056.300048828125,217188,106431.0,49.0
2026-07-24,4065.0,4118.0,4038.89990234375,4091.300048828125,343711,,
2026-07-27,4120.0,4201.0,4117.7001953125,4149.5,515365,284624.0,55.23
2026-07-28,4171.0,4350.0,4080.10009765625,4289.7001953125,1546434,423920.0,27.41
2026-07-29,4338.60009765625,4454.0,4270.0,4373.7998046875,1449623,610216.0,42.09
2026-07-30,4374.5,4494.39990234375,4341.0,4366.60009765625,692504,278903.0,40.27
2026-07-31,4374.89990234375,4390.0,4321.0,4340.7998046875,366998,214676.0,58.5
2026-08-03,4350.7998046875,4459.10009765625,4349.89990234375,4459.10009765625,352530,204577.0,58.03
2026-08-04,4455.0,4484.7998046875,4414.2998046875,4450.0,338977,212918.0,62.81
2026-08-05,4472.0,4590.2998046875,4452.7001953125,4550.0,642588,,
2026-08-06,4561.0,4577.10009765625,4410.7998046875,4470.0,434263,259014.0,59.64
2026-08-07,4477.60009765625,4499.0,4431.7001953125,4499.0,299219,168188.0,56.21
2026-08-11,4564.0,4566.2998046875,4508.0,4545.0,210891,133627,63.36
