date,open,high,low,close,volume,delivery_qty,delivery_pct
2022-02-08,225.82035106648271,269.8403974748169,225.82035106648271,266.8559875488281,135533461,,
2022-02-09,272.22791412819464,320.2271728515625,270.5864947721463,320.2271728515625,70655011,,
2022-02-10,354.8463425203772,384.2427673339844,343.20713198763656,384.2427673339844,56509643,,
2022-02-11,406.5761130752379,417.717891606688,349.4246524400285,379.0200500488281,88580117,,
2022-02-14,362.307386368268,396.8270438409478,350.2702599556726,374.344482421875,43047644,,
2022-02-15,392.64887707018073,402.89533897964833,376.8314802156415,381.8552551269531,17777133,,
2022-02-16,387.97329118958584,390.9079730998714,373.2502143341915,375.090576171875,11831948,,
2022-02-17,380.0148511534339,380.9101680293802,354.498153214536,357.9302062988281,10520787,,
2022-02-18,350.7676538546605,368.07722541026465,349.32517690878194,352.45880126953125,10072444,,
2022-02-21,350.0712922303499,354.74688011142797,323.510061043449,325.8975830078125,14932711,,
2022-02-22,306.9962960546325,321.9183451464748,303.41499820079304,312.6666564941406,13158494,,
2022-02-23,324.30587573733493,343.9035128871431,321.3214658379116,343.2568664550781,9030118,,
2022-02-24,322.41577187645635,363.50113809673735,320.47589319994165,331.21978759765625,27347337,,
2022-02-25,356.78621272031137,364.29699617167404,348.6785715506322,364.197509765625,18895946,,
2022-02-28,365.1922913713672,393.84261378682345,365.14253299181007,377.3786315917969,23433903,,
2022-03-02,379.4677349303043,390.9577010228777,374.145531147381,380.31329345703125,13334439,,
2022-03-03,389.96289511937044,392.9473050309983,376.03564886510725,378.2739562988281,8165851,,
2022-03-04,374.29474143118307,376.9807224833872,357.233870916815,358.9250183105469,8905308,,
2022-03-07,344.2019506177571,349.17596724518137,335.4974215197647,339.0289611816406,9228324,,
2022-03-08,345.1967406370767,355.9406039945782,336.5419398953765,341.0185546875,9620159,,
2022-03-09,345.79363849473464,349.7230933750571,337.48702473958974,338.63104248046875,8115674,,
2022-03-10,348.181155866178,352.1603690760772,340.2724574679084,341.6154479980469,6619860,,
2022-03-11,342.1128567056778,356.9354201464838,336.2435231718136,342.41131591796875,10801113,,
2022-03-14,343.75427971395527,345.54494392947447,338.5315622135873,339.3274230957031,3889204,,
2022-03-15,341.71492214048726,353.15515970850936,336.69117778681994,338.4818115234375,8759343,,
2022-03-16,348.18116556436144,350.1210442018154,340.3222253277064,344.4506530761719,4512997,,
2022-03-17,348.1811667485986,378.87085566095135,346.2910464866182,377.8262939453125,31782591,,
2022-03-21,387.9732927316294,396.67782173522363,380.3132950648713,389.216796875,19955446,,
2022-03-22,392.40018049100587,395.6332912708996,384.9888836365773,391.05718994140625,9561082,,
2022-03-23,391.7535244077444,417.12100836421763,388.12249846224273,395.18560791015625,30739072,,
2022-03-24,394.93691647126843,412.5449473089227,392.99703786137866,404.98443603515625,11671061,,
2022-03-25,411.84857166815743,421.69711839712016,407.869358415325,417.0712890625,17327956,,
2022-03-28,422.69193296480535,458.75355402876596,421.84634405426647,458.6043395996094,29209300,,
2022-03-29,471.9346858364877,504.36527992727787,471.53677058289884,497.3519287109375,37794382,,
2022-03-30,506.056467649858,511.3289131712581,477.65481427680066,489.7416687011719,25219865,,
2022-03-31,490.7364720945988,514.2138671875,490.438043238252,514.2138671875,17742646,,
2022-04-01,523.2665335597194,539.8797607421875,518.2925170810148,539.8797607421875,18150045,,
2022-04-04,557.0898224052019,566.8388821536985,520.033401182713,549.4795532226562,31396534,,
2022-04-05,557.0401511484116,576.9362182617188,550.6236573607745,576.9362182617188,14412302,,
2022-04-06,593.300737042265,605.7357788085938,586.9339713707138,605.7357788085938,9965188,,
2022-04-07,635.9777423302766,635.9777423302766,575.4937133789062,575.4937133789062,10867407,,
2022-04-08,546.743896484375,546.743896484375,546.743896484375,546.743896484375,2282751,,
2022-04-11,547.2412485208736,574.0512084960938,547.2412485208736,574.0512084960938,5734232,,
2022-04-12,600.3637905701443,602.7513427734375,569.0274866712883,602.7513427734375,22706296,,
2022-04-13,619.6630328199278,632.8441772460938,602.9502879165199,632.8441772460938,16821307,,
2022-04-18,633.6897073044721,664.4788818359375,619.3645153796298,664.4788818359375,19453143,,
2022-04-19,686.9614228766997,697.6555586039724,648.1640932614778,674.377197265625,25254020,,
2022-04-20,699.7446547928502,705.3155289003602,651.5961515228997,664.4291381835938,23058972,,
2022-04-21,675.4714626847705,697.6058368301846,663.7825235293271,696.0639038085938,17843608,,
2022-04-22,702.579815060667,728.1959994681886,702.579815060667,724.763916015625,19690115,,
2022-04-25,739.1388480165989,760.9747924804688,732.7720826428596,760.9747924804688,21441429,,
2022-04-26,794.8478602548406,798.976318359375,782.9102203010758,798.976318359375,9075524,,
2022-04-27,827.9747767589507,838.9176130895142,772.5642206505933,836.6295776367188,37860816,,
2022-04-28,855.5308240330384,873.4372831407065,794.798095703125,794.798095703125,29004435,,
2022-04-29,780.9206144904214,829.8152224746875,755.1054559187669,776.3445434570312,32673177,,
2022-05-02,754.0609358627072,778.93101949934,744.3118752207426,749.6837768554688,11750710,,
2022-05-04,741.1284547266121,767.8388989084283,712.2294311523438,712.2294311523438,12572099,,
2022-05-05,677.4610526706829,690.841169305351,676.6652221679688,676.6652221679688,1088061,,
2022-05-06,642.8419189453125,656.5701926479935,642.8419189453125,642.8419189453125,2695071,,
2022-05-09,610.7097778320312,610.7097778320312,610.7097778320312,610.7097778320312,624222,,
2022-05-10,580.2190551757812,580.2190551757812,580.2190551757812,580.2190551757812,978990,,
2022-05-11,551.2205069757842,609.2175903320312,551.2205069757842,609.2175903320312,6256562,,
2022-05-12,585.9391462274597,608.819622226155,578.7765502929688,578.7765502929688,3280219,,
2022-05-13,591.9079734502426,605.0393893745827,552.3645416104995,565.6451416015625,2779961,,
2022-05-16,556.5427429297313,591.9079896644039,537.3927785582358,574.3994750976562,2551705,,
2022-05-17,580.9651143685567,603.0994873046875,576.8864452158299,603.0994873046875,1723099,,
2022-05-18,631.700071481753,633.2420043945312,624.736448646521,633.2420043945312,984525,,
2022-05-19,624.7364792266718,664.8767685331062,601.6073022489328,664.6778564453125,4692335,,
2022-05-20,686.3148139440557,697.9042358398438,681.4402535366766,697.9042358398438,1327185,,
2022-05-23,728.1960237823337,732.7720947265625,717.253187359375,732.7720947265625,2321841,,
2022-05-24,765.0037298778259,765.0037298778259,696.163330078125,696.163330078125,4060741,,
2022-05-25,662.5390065934679,680.8434118436008,661.3949584960938,661.3949584960938,1260744,,
2022-05-26,632.6948923265678,694.4224243164062,628.3675223030334,694.4224243164062,2297423,,
2022-05-27,705.3155466331268,726.1566881165865,673.0838951091055,706.4595947265625,2998870,,
2022-05-30,716.0594285065534,719.939185800879,686.4143012622989,692.7810668945312,1894859,,
2022-05-31,666.5182215803993,687.5085472564126,658.1618494405592,665.0757446289062,1897011,,
2022-06-01,653.5857949161971,671.4922550508874,631.8493662065555,642.4937133789062,2009818,,
2022-06-02,640.6533417221798,674.5761108398438,627.7208984886574,674.5761108398438,1887742,,
2022-06-03,683.4298890012024,684.4246923330819,648.2138267654781,659.305908203125,1525390,,
2022-06-06,661.5442115040388,686.4640226659716,632.6949150625093,676.3170166015625,1438315,,
2022-06-07,662.7876899355017,671.4922186963807,651.5961529572287,659.4053344726562,851786,,
2022-06-08,665.5234402811233,665.5234402811233,646.6221766557999,648.3133544921875,933358,,
2022-06-09,646.6221330818796,655.4759065758826,629.6110212526074,639.8574829101562,1148628,,
2022-06-10,625.731267274587,636.475130626327,617.275439338444,619.364501953125,1052098,,
2022-06-13,588.4261474609375,609.6154454456909,588.4261474609375,588.4261474609375,2232214,,
2022-06-14,586.9339259542321,617.8225551680595,576.98589331094,617.7728271484375,1786917,,
2022-06-15,627.8701172016148,645.6273315399857,617.7728395783222,629.6110229492188,940691,,
2022-06-16,644.6325597239623,646.622166389777,598.1752319335938,598.1752319335938,1342407,,
2022-06-17,577.9807146864863,618.1707921119447,568.5300833792202,581.6614990234375,6004473,,
2022-06-20,575.9910972176319,584.6458978686418,552.6132202148438,552.6132202148438,1690266,,
2022-06-21,552.1158424005355,576.4885237317303,529.8820124937583,571.0668334960938,1533006,,
2022-06-22,564.0534738071779,570.7186680927624,548.634022583172,556.144775390625,762390,,
2022-06-23,552.1158323574916,568.9280324407925,547.3407886536704,555.94580078125,852711,,
2022-06-24,563.9540005547838,583.7008212647928,558.084636948528,582.0096435546875,1085340,,
2022-06-27,595.8872019563888,606.6310659081673,588.9235785612391,595.2903442382812,1020577,,
2022-06-28,583.9992952517209,599.8664208489496,579.2242513089567,588.923583984375,694084,,
2022-06-29,580.9651071485748,593.8975496022246,569.0274679605903,581.4127807617188,579496,,
2022-06-30,581.9599119750089,590.8136853503648,568.2813670354253,571.1663208007812,758969,,
2022-07-01,568.0326629742827,586.9339249646705,555.1996765988831,582.9547119140625,980990,,
2022-07-04,585.789890782902,590.9131519939448,572.5092911995206,577.582763671875,649489,,
2022-07-05,588.9235738740374,588.9235738740374,577.9807371973238,579.0252685546875,822251,,
2022-07-06,577.2346034667587,584.3474712089888,571.0170829641008,573.7030639648438,1011855,,
2022-07-07,578.9755537769995,595.8872108460872,576.9859470629892,592.8033447265625,1209630,,
2022-07-08,592.6043669185669,592.6043669185669,577.9807455502071,585.2427978515625,573367,,
2022-07-11,580.9651509183485,614.4900356406226,576.9859375558941,614.4403076171875,2029258,,
2022-07-12,607.5263893299467,645.1299420424907,604.8404082680561,644.9309692382812,2448406,,
2022-07-13,657.8634231748039,663.533814240696,627.4224658791378,635.6793212890625,1650122,,
2022-07-14,635.6793001716587,641.3496910491791,607.8248081453576,624.5872192382812,926766,,
2022-07-15,627.7209146250585,640.6533581910264,612.8983204045657,620.4588623046875,609670,,
2022-07-18,625.7313061112294,632.1975278754949,616.7780759760926,620.2598876953125,672360,,
2022-07-19,592.106957009938,617.7728709038959,592.106957009938,614.0423583984375,830374,,
2022-07-20,621.6028111365601,624.7364657855724,608.6206403526045,610.8589477539062,874479,,
2022-07-21,612.0527169328395,617.7728357826791,609.8144095568153,611.8040161132812,556245,,
2022-07-22,616.7780483021587,618.5686821052474,606.8300152650271,608.3719482421875,620535,,
2022-07-25,607.8248355714035,634.7839815689673,596.8819989244552,619.0661010742188,1075997,,
2022-07-26,626.7260637593826,641.6481128965107,612.3511442803544,630.7550048828125,1754433,,
2022-07-27,627.7209066081319,646.6221700400725,619.7624798999465,642.2947998046875,1108726,,
2022-07-28,645.3289360364591,653.5857915794843,631.700118193261,642.0958251953125,1274752,,
2022-07-29,646.6718749081966,661.5441964301845,636.6741138576211,655.3764038085938,2051352,,
2022-08-01,656.5701913549619,688.10546875,651.596174753788,688.10546875,2550658,,
2022-08-02,720.2376244842944,720.2376244842944,688.6526181619514,706.1611328125,2731848,,
2022-08-03,708.2999567795197,710.6875090109105,672.4870376165103,694.2732543945312,1934068,,
2022-08-04,679.450646934785,714.268762077856,675.4714337755769,689.19970703125,2455100,,
2022-08-05,689.3986726821662,699.3467054770026,667.513000533526,670.9948120117188,1521515,,
2022-08-08,665.5234077535558,676.4662440544364,648.6117516521949,662.1410522460938,1158499,,
2022-08-10,658.5597968837847,671.492240025007,655.575386928118,663.5338134765625,855572,,
2022-08-11,671.9896614447598,672.4870631186641,656.7691823668827,658.7587890625,727260,,
2022-08-12,656.6696239345902,664.4788661501661,653.5857580392505,657.4655151367188,746051,,
2022-08-16,690.2940673828125,690.2940673828125,676.5160045838542,690.2940673828125,4377972,,
2022-08-17,696.3622910370362,719.9391407485991,695.9146174206321,705.216064453125,5804715,,
2022-08-18,706.2108967382705,732.9710694481164,699.2472735418238,727.7483520507812,7286706,,
2022-08-19,732.9710431349774,757.6421522874041,719.2924980615784,729.9866333007812,7951280,,
2022-08-22,729.9866739862417,736.1544667976008,709.3445048159035,720.6355590820312,5111365,,
2022-08-23,709.2947366121343,720.5857295206641,684.6236274822635,686.4639892578125,5749579,,
2022-08-24,676.4662599577157,683.4298832219862,660.4996787596618,674.377197265625,4141226,,
2022-08-25,675.4714510175626,703.0275149920657,675.4714510175626,682.4848022460938,3040841,,
2022-08-26,692.3830774234931,696.3622905121338,674.9740201606897,679.1024780273438,1902555,,
2022-08-29,651.596191699344,695.3675389280022,651.596191699344,679.649658203125,3072094,,
2022-08-30,688.4039168316992,698.3519503119261,683.4299000915859,688.5531616210938,2323376,,
2022-09-01,685.4194754406515,692.8307721880677,677.9087226501725,679.7490844726562,1818618,,
2022-09-02,684.1262754693184,688.2546729381999,671.5419888132595,672.885009765625,1441457,,
2022-09-05,676.6652168172222,680.7438860601145,666.518211013423,667.36376953125,1386420,,
2022-09-06,670.4974360821132,697.8545273169175,661.5442062234499,687.906494140625,3307095,,
2022-09-07,684.4246959778761,703.0275305266841,682.9324909721104,694.7208862304688,2771232,,
2022-09-08,701.1373501757865,705.0668353346504,691.487746070645,693.0794677734375,1677011,,
2022-09-09,698.3022144406201,711.2843858428273,693.5768985906153,699.943603515625,3197290,,
2022-09-12,708.3993849841822,730.9814313792305,707.3548536932382,725.907958984375,5254631,,
2022-09-13,732.0260014137816,740.1336727886434,714.2687863739865,718.0987548828125,3471491,,
2022-09-14,708.8967861673483,721.9287454397746,703.1766673628106,705.01708984375,2672338,,
2022-09-15,711.8812323885296,731.8768155761375,698.7000883821667,726.6043701171875,3981260,,
2022-09-16,735.1596260162698,739.8352135891968,700.3415111169877,718.1982421875,4018178,,
2022-09-19,722.9235474497262,739.6362302189472,708.4989000547367,729.1907958984375,4202247,,
2022-09-20,738.1440548595529,765.650390625,736.7513059405522,765.650390625,3888432,,
2022-09-21,788.8790532696084,803.9005595049534,734.1648692471261,777.7372436523438,19255724,,
2022-09-22,779.9257997423051,816.5842776496352,759.9800054001437,811.7097778320312,9333238,,
2022-09-23,824.6422300086934,837.3259724271505,788.0832077437288,805.740966796875,8596406,,
2022-09-26,808.5761315576718,814.9428971338488,765.5011596679688,765.5011596679688,9041128,,
2022-09-27,765.8990861949742,778.7320123549288,732.8218764165174,747.6444091796875,6148645,,
2022-09-28,733.1700509468595,759.0349374117419,727.201230993425,730.4840698242188,3718478,,
2022-09-29,746.102456905504,757.0452929401181,732.2746670836659,741.9739990234375,3181847,,
2022-09-30,744.1128886214634,763.3125806896252,731.2301733927773,751.5739135742188,3568857,,
2022-10-03,751.0267760914996,760.974809258569,714.0200805664062,714.0200805664062,4478444,,
2022-10-04,726.2063926526736,732.7720699976863,682.4350484379918,707.3548583984375,7522019,,
2022-10-06,719.3920639201496,742.7201538085938,711.2843923633621,742.7201538085938,3712267,,
2022-10-07,750.1314123134629,757.7416818060058,737.8953439308037,747.0475463867188,3873046,,
2022-10-10,737.1492396763393,754.3095964704241,731.727549589106,736.4031372070312,3580781,,
2022-10-11,744.1128755563759,746.9978294413113,712.428414433846,715.1641235351562,2543214,,
2022-10-12,722.2271865855174,724.0178203590767,688.4038748170497,704.6688842773438,3425164,,
2022-10-13,692.3831340526818,698.3519541738256,677.1129268632801,680.2465209960938,3852695,,
2022-10-14,696.3622915032088,698.8492996871488,626.9250351511977,651.4468994140625,3980730,,
2022-10-17,651.5961392552281,672.9844094750562,632.8938499972985,657.8136596679688,5269766,,
2022-10-18,665.3244568210371,693.3779229490862,661.5442163000607,689.1002807617188,4330387,,
2022-10-19,697.3074081149069,713.1247446721283,688.5531509318063,692.5820922851562,4063210,,
2022-10-20,687.6080826194426,695.8649382202765,679.5999278542844,689.8961181640625,2114063,,
2022-10-21,698.5508822143886,700.0430871490315,673.9792288136753,678.7542724609375,1756549,,
2022-10-24,689.3987028345173,690.3935061575107,682.4350795735625,684.8226318359375,559848,,
2022-10-25,685.4194632865092,685.4194632865092,671.5419453187535,674.8745727539062,1075083,,
2022-10-27,680.2465129302443,681.4402890839137,661.544222249347,667.0653686523438,1668705,,
2022-10-28,668.5078194217955,690.3934920814376,660.599121021648,667.562744140625,2049394,,
2022-10-31,671.4424979845103,677.5107738138173,663.5337996235137,668.90576171875,1347016,,
2022-11-01,675.1730414543562,720.5360496359594,668.6570916972805,712.7268676757812,7386356,,
2022-11-02,718.6459587823833,726.2064398968582,692.3831262578265,695.1188354492188,5093989,,
2022-11-03,689.3489517840912,705.0171035978409,675.1232768840912,678.7542724609375,4653694,,
2022-11-04,668.806273822277,690.1945456477512,663.5338282600579,680.9926147460938,4267362,,
2022-11-07,684.3251915984728,690.3934672394691,676.9636231361077,680.4454345703125,2412228,,
2022-11-09,686.4142648383357,699.7446531093423,680.2464723440197,685.1210327148438,2886575,,
2022-11-10,680.4454432351048,684.6236291529502,673.4818202780205,676.217529296875,1392887,,
2022-11-11,685.1210377836935,686.9613995825125,667.6622521924492,671.7906494140625,1490967,,
2022-11-14,667.7119907740238,674.8745867169916,661.5441981365243,664.2799072265625,1620233,,
2022-11-15,665.7224172860258,670.4974612462611,661.5442310515781,664.578369140625,1172371,,
2022-11-16,666.7171660604146,669.3533583044733,647.6169310651294,649.7059936523438,1812221,,
2022-11-17,649.6065657070733,654.8790111411924,641.6978671969066,644.1848754882812,1417564,,
2022-11-18,646.6221363762834,649.3578454147985,631.7000870752922,633.291748046875,1292186,,
2022-11-21,630.5062986379432,632.2969323753944,616.7780256935208,617.9718017578125,1410288,,
2022-11-22,619.6630121757465,639.608806593663,611.8537696847183,633.9384155273438,1981078,,
2022-11-23,639.559076666704,644.6325492952633,630.7053028598718,637.2212524414062,1223140,,
2022-11-24,637.2710019883731,640.5041128772205,627.9198869252631,629.1633911132812,956519,,
2022-11-25,629.7104666159441,638.6636959991092,626.8255128608464,628.21826171875,1328014,,
2022-11-28,627.720882619111,637.6689156241682,624.7862007390241,627.3229370117188,1079637,,
2022-11-29,626.7260565771152,631.7000728991558,616.778023933034,619.5137329101562,1049196,,
2022-11-30,620.7572422546301,630.7052749830697,619.7624389817862,627.07421875,1127679,,
2022-12-01,632.694923221472,664.9265756727756,630.2079148754756,644.0357055664062,4043896,,
2022-12-02,646.5227230268448,650.2532355984307,635.6793421982438,638.06689453125,1375382,,
2022-12-05,639.608782051937,643.1403215580423,631.7000838195776,636.3756713867188,1074443,,
2022-12-06,635.6793246064474,657.5649977540871,633.0430715082911,644.7817993164062,2736249,,
2022-12-07,643.6377666096962,659.4551641412369,642.8419360743308,648.3133544921875,2662884,,
2022-12-08,653.386774582255,661.4447174875811,646.920553337252,649.30810546875,1265394,,
2022-12-09,652.5909471613733,657.8136643452106,628.7653966267499,635.7787475585938,1746933,,
2022-12-12,636.6741209971841,641.6481375674746,630.8047571570511,635.2813720703125,1159625,,
2022-12-13,638.4647581111733,662.5390105791147,636.6741242802303,647.8656616210938,4167135,,
2022-12-14,650.6013921659423,651.844896355862,642.1952916984902,643.2896118164062,1201310,,
2022-12-15,642.5931937373747,650.5516200130156,636.674102051272,638.3155517578125,1482082,,
2022-12-16,634.6845093013262,648.9101844351746,626.7260828524068,632.943603515625,2950809,,
2022-12-19,636.1767003100244,636.6741019521746,622.9955567930458,626.1292114257812,1279734,,
2022-12-20,623.3935038382548,632.19748863752,614.3407574993643,619.364501953125,1461360,,
2022-12-21,622.4981934900674,627.621455006941,577.7817709631262,585.0438232421875,3477994,,
2022-12-22,591.3110974081052,594.7431201699764,545.1522006565642,549.728271484375,5191349,,
2022-12-23,537.1937863486104,547.0920914073325,494.81515935375575,497.053466796875,7533918,,
2022-12-26,502.8730608306227,521.873779296875,489.99034613953717,521.873779296875,3587337,,
2022-12-27,541.172972063118,547.9376220703125,539.3823383432683,547.9376220703125,2452403,,
2022-12-28,575.2947387695312,575.2947387695312,569.2761909217301,575.2947387695312,1060556,,
2022-12-29,596.8820031713673,604.0445993530191,582.5568108080636,602.0549926757812,5672387,,
2022-12-30,610.8092511367569,624.5375250936293,605.8352344336888,614.4403076171875,3993319,,
2023-01-02,615.2361101856898,620.0608818812054,594.8923706510999,600.8114624023438,1904864,,
2023-01-03,603.2487565952049,608.670386106376,591.957702500013,597.180419921875,1217265,,
2023-01-04,596.3845879826489,596.3845879826489,578.9755299514622,581.3132934570312,1596696,,
2023-01-05,585.9391231887117,586.6852256375937,567.0378611503662,570.9673461914062,1615969,,
2023-01-06,570.8678414131238,570.8678414131238,559.875277245856,565.3964233398438,1385827,,
2023-01-09,574.4989253830477,593.6488895624825,571.0171137140594,582.507080078125,2765775,,
2023-01-10,582.9547222646783,585.7401593059659,561.5167237174815,568.4803466796875,1452148,,
2023-01-11,581.9599190910749,593.7483136777815,575.1952689272862,577.1848754882812,1709903,,
2023-01-12,580.8657060596847,580.8657060596847,567.0379150716238,568.4306640625,1003738,,
2023-01-13,569.9725828660747,574.4989258962071,565.24726702537,570.3207397460938,1116306,,
2023-01-16,572.0118736633456,575.1952562342839,560.8203370047149,565.3466796875,863149,,
2023-01-17,564.9985420682601,574.2502005440848,562.0638602120536,569.2761840820312,1032218,,
2023-01-18,570.9673529809453,570.9673529809453,562.1135795284063,563.0586547851562,870228,,
2023-01-19,557.9852224057756,560.7209316138807,552.6629880610392,555.4484252929688,853177,,
2023-01-20,556.8908991829859,556.9904159480571,549.5791189002405,551.5687255859375,668493,,
2023-01-23,553.7573073664219,557.0898742915103,538.188610699477,543.0631713867188,865429,,
2023-01-24,545.2516637427576,570.1715349501427,544.1574044013524,569.6741333007812,3755007,,
2023-01-25,569.5248830033269,570.6689310729687,541.2227172851562,541.2227172851562,3376652,,
2023-01-27,522.2717337008315,524.9079867390828,514.1640625,514.1640625,981654,,
2023-01-30,488.44842529296875,497.40165508448956,488.44842529296875,488.44842529296875,3176559,,
2023-01-31,464.0260009765625,464.0260009765625,464.0260009765625,464.0260009765625,879002,,
2023-02-01,472.53156759948376,486.1603849559481,440.8470764160156,440.8470764160156,10404690,,
2023-02-02,418.81219482421875,418.81219482421875,418.81219482421875,418.81219482421875,362700,,
2023-02-03,397.87158203125,397.87158203125,397.87158203125,397.87158203125,807229,,
2023-02-06,377.97552490234375,377.97552490234375,377.97552490234375,377.97552490234375,665662,,
2023-02-07,359.0742597215633,396.8270263671875,359.0742597215633,396.8270263671875,17681627,,
2023-02-08,414.13661835862274,416.6236267089844,412.84338616003015,416.6236267089844,919480,,
2023-02-09,437.4150390625,437.4150390625,404.1885833468547,437.4150390625,12704925,,
2023-02-10,432.5404758898243,454.57539394412686,415.5790912510604,433.634765625,8116825,,
2023-02-13,422.79140915080734,440.8968416392135,411.94805908203125,411.94805908203125,3499118,,
2023-02-14,391.3556213378906,399.41353432890145,391.3556213378906,391.3556213378906,2889765,,
2023-02-15,382.99927004990747,406.7750628201692,381.25836427695333,395.4840393066406,5281042,,
2023-02-16,407.8693575654898,415.23089599609375,404.58651878233826,415.23089599609375,7344862,,
2023-02-17,419.90649679333984,435.9725646972656,416.67338593135213,435.9725646972656,4909261,,
2023-02-20,436.6689110490375,452.6354915183426,418.81218006422466,427.5664367675781,6612934,,
2023-02-21,431.99332607651064,440.6481267908956,406.2279270927372,408.7149353027344,4314226,,
2023-02-22,406.8745629762263,406.8745629762263,388.271728515625,388.271728515625,3393638,,
2023-02-23,372.05642955575763,392.2509241500823,368.87304689189966,372.3548583984375,6272834,,
2023-02-24,374.04604059347287,385.38679213541366,355.39347872877175,360.6659240722656,4274178,,
2023-02-27,358.1291826002765,360.21827557057554,342.6600036621094,342.6600036621094,2731387,,
2023-02-28,326.29547513713925,359.7705993652344,325.5493726787464,359.7705993652344,14317673,,
2023-03-01,367.0824293663162,377.7268371582031,366.9829429613569,377.7268371582031,992060,,
2023-03-02,396.5783386230469,396.5783386230469,378.0252627217883,396.5783386230469,7268869,,
2023-03-03,415.28064910609584,416.3749084472656,412.9925833041332,416.3749084472656,952505,,
2023-03-06,437.16632080078125,437.16632080078125,437.16632080078125,437.16632080078125,755826,,
2023-03-08,445.9205707098049,459.0022277832031,423.53749688722684,459.0022277832031,9279040,,
2023-03-09,477.4061106827711,481.9324840372207,460.743154951079,471.9346923828125,16404681,,
2023-03-10,452.63551554317115,466.56276217526874,448.3578733640508,451.143310546875,7471742,,
2023-03-13,447.6614950992484,469.2984673623787,429.90424972184724,433.2368469238281,5813550,,
2023-03-14,440.69786786802723,441.6926711814991,411.59987094897576,411.84857177734375,5125469,,
2023-03-15,416.57387692377654,432.4410015137815,406.22792879854165,424.58203125,7078235,,
2023-03-16,419.80701035900034,428.7602404377468,412.0475564343489,418.4640197753906,2731224,,
2023-03-17,427.1685486694879,436.7186668174765,421.6971302925036,425.4276428222656,2423287,,
2023-03-20,420.8017847012732,420.8017847012732,407.1729677103796,411.6993408203125,2158387,,
2023-03-21,417.56868635946245,423.5872341979395,408.1180549826551,416.5738830566406,2787019,,
2023-03-22,418.5634834704201,426.1737225526303,415.8775024489402,417.618408203125,1894070,,
2023-03-23,416.6733763041412,433.2368454964441,412.84337745355754,419.1106262207031,3167155,,
2023-03-24,426.3229544665673,426.3229544665673,404.3875532073996,405.5813293457031,2942880,,
2023-03-27,406.87456960370463,409.6600068363692,385.33708317692003,385.4862976074219,2784324,,
2023-03-28,384.98889612741334,384.98889612741334,366.2368469238281,366.2368469238281,2613054,,
2023-03-29,356.13957700922197,384.54119873046875,355.5426889647834,384.54119873046875,6223991,,
2023-03-31,399.8612093763274,403.7409362792969,396.976255441233,403.7409362792969,4081988,,
2023-04-03,403.7409241503423,405.63104434280314,389.16706192141123,393.6436767578125,3348736,,
2023-04-05,392.8975699417103,403.3927324652129,389.81367368337243,394.8871765136719,2052727,,
2023-04-06,396.9265111831408,412.5946629403701,394.290288546579,407.0735168457031,3426105,,
2023-04-10,409.8589608541349,417.4692000506241,405.92947566351603,407.8693542480469,2208915,,
2023-04-11,410.10767365666806,423.78621947299115,410.10767365666806,414.48480224609375,3076342,,
2023-04-12,416.6236004538369,418.41426456864485,408.5159598143901,410.1573791503906,1839128,,
2023-04-13,410.15739407488365,412.8433751653376,406.2776672234407,408.36676025390625,1164398,,
2023-04-17,408.3667594194055,411.8485710100704,402.2984531467349,404.78546142578125,1524545,,
2023-04-18,404.8849330383313,408.41647252197515,399.21454222564944,401.3533935546875,960774,,
2023-04-19,403.6911837852414,414.83299335220545,396.7773187780978,406.1781921386719,1750568,,
2023-04-20,408.6154697645334,413.7387008668984,404.9346852822191,409.361572265625,2142458,,
2023-04-21,409.41129875965703,410.80404771035046,401.4031440881116,402.198974609375,1289899,,
2023-04-24,403.6414421559443,403.6414421559443,396.13068932534986,397.6228942871094,1045860,,
2023-04-25,398.12029662524344,412.7438870602262,396.92652051018916,401.20416259765625,2637540,,
2023-04-26,403.7409153435584,406.27765155192384,398.9161133866606,401.3533935546875,1301597,,
2023-04-27,401.204167895776,405.38235399465356,398.4187307358497,400.0601501464844,1314856,,
2023-04-28,402.6466377758039,416.02675437420953,400.9554600133853,409.7097473144531,3529935,,
2023-05-02,412.34597085709106,421.0007717738024,411.05273870125495,413.2910461425781,2441446,,
2023-05-03,412.44545299056256,416.82258142538006,388.271714659092,395.38458251953125,4578768,,
2023-05-04,390.55977867224385,399.4135219029018,387.02820876879355,396.926513671875,1678816,,
2023-05-05,397.9213301420812,401.4528698034969,393.9918448633329,394.9369201660156,1147292,,
2023-05-08,397.3244244892077,397.92131252979976,389.96288627920376,391.2063903808594,1414041,,
2023-05-09,392.44991465555324,395.1358957967912,387.9732996594823,388.271728515625,935375,,
2023-05-10,388.9681057762707,391.8530293892586,385.73499492263164,386.82928466796875,607567,,
2023-05-11,390.95770692191945,399.8114504470813,390.46030525916893,393.1960144042969,1420899,,
2023-05-12,395.9317280737134,395.9814560969614,389.56499278955187,390.21160888671875,706405,,
2023-05-15,392.89758768505544,392.89758768505544,382.999282398942,384.6904602050781,820378,,
2023-05-16,384.4914716051912,390.46029134550463,380.3132856433769,381.15887451171875,906136,,
2023-05-17,386.7795299163121,386.7795299163121,375.53826421711716,383.7453918457031,946145,,
2023-05-18,386.18265025743415,386.18265025743415,375.0408412388393,376.03564453125,837536,,
2023-05-19,376.7817446074281,410.05792667080766,364.09800270975234,401.8507995605469,6990238,,
2023-05-22,413.8381679506762,441.9910888671875,410.953244486279,441.9910888671875,9234176,,
2023-05-23,467.3585931325547,486.160400390625,465.8663881348658,486.160400390625,13103654,,
2023-05-24,496.40686439796764,506.35489775263636,461.8871765136719,461.8871765136719,12837676,,
2023-05-25,450.84488430596014,466.51303685793994,440.3496908890821,449.7008361816406,5556002,,
2023-05-26,452.63551915489614,455.5204427656241,444.9257932791809,448.0594177246094,2297571,,
2023-05-29,453.5805857193194,455.2717331472619,442.0905891624426,445.3236999511719,1481961,,
2023-05-30,446.6666936330822,447.0646088919154,432.73944706100394,433.4358215332031,1301678,,
2023-05-31,430.70011580259063,447.661500511717,423.3385468403183,433.833740234375,2571533,,
2023-06-01,437.7134425223613,446.0200559692989,437.7134425223613,439.7527770996094,1825488,,
2023-06-02,441.69267769209966,444.3786588216604,433.73425106701677,435.27618408203125,1215288,,
2023-06-05,437.7134486607143,438.65852393209934,428.7602190290179,430.00372314453125,1707574,,
2023-06-06,433.5352706165265,435.1269619852864,426.3229466146658,427.417236328125,1098423,,
2023-06-07,433.73423367460776,439.70305340407486,430.7498238098742,431.545654296875,1848769,,
2023-06-08,433.7342443371873,434.72904764988726,426.5716483421524,427.5167236328125,1373618,,
2023-06-09,428.7602216140619,430.65034180924056,422.5427009990088,423.3385314941406,1078061,,
2023-06-12,423.78620696533636,425.6265991471946,418.6132176475166,420.0556945800781,984979,,
2023-06-13,421.0504856197839,423.18930658657496,415.87749645262664,416.92205810546875,927783,,
2023-06-14,417.91688671882577,421.7966136499403,415.82779364546,416.3251953125,922993,,
2023-06-15,421.79661653025715,435.62437689659754,420.40389792483234,428.9094543457031,2488565,,
2023-06-16,431.14775080437266,433.4358166450889,415.8277858196566,417.1707763671875,2857160,,
2023-06-19,418.0163652570394,421.6971193084714,414.13660803995276,417.1707763671875,1245437,,
2023-06-20,417.1707720359258,419.707508320156,412.84337158724986,414.9324645996094,869554,,
2023-06-21,416.07649447898,421.4981847933117,414.38531666744854,416.3251953125,1005144,,
2023-06-22,417.2702522388106,420.25466210955955,406.17817126533726,415.97698974609375,1558796,,
2023-06-23,414.53455758124755,414.7335000308115,400.01042296759795,401.9005432128906,1944691,,
2023-06-26,397.921324647411,408.6154602473101,391.9525047776998,404.78546142578125,1288275,,
2023-06-27,406.9242947309105,409.1626022494721,403.89015668267797,404.4372863769531,609697,,
2023-06-28,407.0237549240759,414.33556508561946,405.183362788873,411.8982849121094,1397787,,
2023-06-30,413.2413010973875,415.62882304004825,407.1232666321354,407.81964111328125,1029091,,
2023-07-03,411.69936640082415,411.69936640082415,403.4922388842977,404.13885498046875,899110,,
2023-07-04,404.3378268201192,413.2412984346065,403.4922379153161,405.7802734375,1040901,,
2023-07-05,405.7802499743875,407.86934292457903,404.08910262155564,404.835205078125,788982,,
2023-07-06,407.8196306498744,410.35636695655614,403.98963181981566,404.88494873046875,1054692,,
2023-07-07,404.88495227992155,406.1781844556479,399.71196285903983,401.8010559082031,763419,,
2023-07-10,401.80105873803143,405.78027205627683,394.2405473615675,398.6177062988281,1501529,,
2023-07-11,399.9109191894531,403.79064591576235,399.31403114871625,399.9109191894531,702017,,
2023-07-12,402.3979239080372,403.24351276184154,398.02079557885713,399.51300048828125,676793,,
2023-07-13,400.01042313898756,401.9005433850901,394.93692010861577,396.6778259277344,876459,,
2023-07-14,401.850799526938,401.850799526938,395.434306188585,396.6280822753906,845027,,
2023-07-17,400.40832609873706,408.8144260821688,398.96584917789204,400.5078125,1426265,,
2023-07-18,401.90054568633025,412.3459806608512,400.06015345235505,403.93988037109375,1905701,,
2023-07-19,404.8849453485577,407.32222559068833,397.92132220988475,399.2643127441406,1040685,,
2023-07-20,399.5130292089729,401.30366308541454,398.21976664577505,399.3140563964844,698744,,
2023-07-21,399.31402765590747,401.7513078180195,397.02599227191433,397.7720947265625,891058,,
2023-07-24,401.5026263032488,401.5026263032488,395.93172163557375,396.4788513183594,730674,,
2023-07-25,396.9265303677546,417.46921314832315,395.93172703349956,414.58428955078125,4321691,,
2023-07-26,417.22049827142087,420.5033673793565,410.4060895893443,411.2516784667969,3248464,,
2023-07-27,413.440267736627,414.6340135106417,403.34302006468545,405.3823547363281,1008306,,
2023-07-28,405.38234783644856,411.5501404870031,397.9213230296428,404.5865173339844,1301848,,
2023-07-31,405.8797640003559,414.23610601091843,405.2331478991139,409.7594909667969,1625215,,
2023-08-01,411.8485639636534,414.2858441790139,406.2776594421061,410.9532470703125,1149582,,
2023-08-02,409.85896992772706,412.2962502177372,393.5939294910791,398.4187316894531,2378610,,
2023-08-03,393.94211863592886,398.41873362042804,386.18266480639227,395.1358947753906,2294230,,
2023-08-04,395.98143058581286,399.91091565688185,394.83741289391514,396.03118896484375,812495,,
2023-08-07,399.71197111825154,399.91094393046916,387.97330381314174,392.2509460449219,1177593,,
2023-08-08,392.8478071548833,394.34001206711434,387.97327718005937,390.907958984375,1210905,,
2023-08-09,373.29995188528267,382.8003116017924,373.29995188528267,376.18487548828125,5535060,,
2023-08-10,374.1455444883859,382.00448484969377,370.06684469814087,371.3600769042969,3080541,,
2023-08-11,385.9836916168111,387.9732982746297,379.417983574212,381.1091613769531,2303623,,
2023-08-14,376.9807311687803,377.82628970563366,369.27100542014546,373.8470764160156,1282172,,
2023-08-16,373.0512267348822,374.2947308239985,367.1818935060507,368.17669677734375,1195922,,
2023-08-17,368.17670988490295,371.95695030680315,364.89384075736973,366.1871032714844,1264158,,
2023-08-18,366.1871165562134,391.50484341506194,365.09282680733645,379.96514892578125,5306006,,
2023-08-21,380.0148664088031,389.8634131575478,379.02006309359683,380.51226806640625,2739213,,
2023-08-22,382.9992755196103,386.9784887717621,375.0408490153067,376.93096923828125,2180081,,
2023-08-23,380.0148763930234,381.0096797343664,371.2606191328005,372.90203857421875,1820623,,
2023-08-24,376.1351406192961,379.0200641697882,373.0512442616026,373.64813232421875,1209180,,
2023-08-25,375.0408482146869,376.7817540087869,371.0616349710297,371.6087646484375,1039562,,
2023-08-28,371.60876302734977,376.03564988520185,368.4751386834373,369.6689147949219,984070,,
2023-08-29,370.4150067099147,372.902014905417,366.3860352178088,368.4751281738281,1394066,,
2023-08-30,370.5642238460766,371.16111188916966,366.73422512513184,367.0326843261719,1087363,,
2023-08-31,366.33630349871515,366.33630349871515,356.1395700001087,357.63177490234375,2190297,,
2023-09-01,353.00595877557265,355.1447798090678,346.1915500659821,350.4194641113281,3418923,,
2023-09-04,353.304384139992,355.8411507575808,349.37492934021736,350.02154541015625,1853264,,
2023-09-05,351.8619401578177,353.1551723071786,348.18115579580984,348.5790710449219,1614088,,
2023-09-06,349.1759634152515,353.45360552432186,346.58946872556317,350.8173828125,2208978,,
2023-09-07,351.96138834178174,353.65256606147915,350.4691834216911,351.1655578613281,1267899,,
2023-09-08,352.40907594995423,359.91982886894806,350.6681701407449,352.75726318359375,2293208,,
2023-09-11,356.5872505274952,366.2865825800633,353.5530822854022,361.909423828125,3939397,,
2023-09-12,366.5850287734688,367.57983210799654,350.4194745873932,351.6132507324219,2104982,,
2023-09-13,353.10546092612344,356.8359734854543,348.4796010653621,350.4692077636719,1201859,,
2023-09-14,354.19970801025187,354.19970801025187,350.1707667298249,350.8173828125,976710,,
2023-09-15,352.8070017059836,352.8070017059836,349.82259165851895,350.4692077636719,878952,,
2023-09-18,352.6080532345241,356.18932094317864,349.1759695949104,349.7728576660156,1334125,,
2023-09-20,349.77285246138246,350.8173838010326,347.1863577644059,347.43505859375,885643,,
2023-09-21,347.43506306672356,349.3251833222753,344.0029794339938,344.4506530761719,929624,,
2023-09-22,344.6993389935074,346.5894591672733,340.222724201384,341.0185546875,874464,,
2023-09-25,342.2123388251217,343.75427181286074,338.13363918011777,338.4320983886719,861396,,
2023-09-26,338.4320974596187,345.94285028996836,337.7357230005586,340.0735168457031,756091,,
2023-09-27,341.8144199117944,342.8589512330772,338.48182278538695,339.7750549316406,556402,,
2023-09-28,340.2227197792646,342.3615407470153,336.2435066824311,337.0393371582031,797043,,
2023-09-29,338.2828597116084,339.92430949081813,335.24872170328973,335.6466369628906,647550,,
2023-10-03,336.54194960947586,336.5917079906613,330.9710753278894,331.66741943359375,915189,,
2023-10-04,331.667405790095,362.10839207477153,330.87157531374515,350.9665832519531,8003426,,
2023-10-05,353.9509992961373,356.9354091733694,344.74906884133816,348.18115234375,1937238,,
2023-10-06,351.1158411891962,353.15517583563786,345.19674933793334,347.236083984375,1261269,,
2023-10-09,340.3222061461514,341.61543825890476,334.054927303842,335.2984313964844,1429316,,
2023-10-10,335.4974052338309,347.086857341349,335.4476772135659,344.1024475097656,1251808,,
2023-10-11,347.1863516069906,352.16036810565816,345.94284748232377,346.7386779785156,983621,,
2023-10-12,348.13144363763007,351.16558170422684,346.1915649662066,346.887939453125,562174,,
2023-10-13,346.1915580615099,347.5842766485804,342.2123447504581,342.6102600097656,800721,,
2023-10-16,342.61025222791216,344.3511580119554,339.32741346445425,339.9740295410156,537842,,
2023-10-17,342.46104127601745,344.3511615032015,339.82481856239326,340.3719482421875,607246,,
2023-10-18,340.3719378519749,342.11284360052554,336.7409119339381,337.4372863769531,521923,,
2023-10-19,336.79064596214556,339.9740286741599,333.25910638140033,336.3927307128906,646916,,
2023-10-20,338.23313357503264,339.8248249813011,333.3088449279184,334.1047058105469,496643,,
2023-10-23,334.1046891919925,335.5471357392155,321.3214609135716,323.5100402832031,1211617,,
2023-10-25,326.29548083594256,330.7720956644844,316.3474478836272,318.68524169921875,1031276,,
2023-10-26,318.68523199799375,318.68523199799375,301.5248756776351,315.85003662109375,1621419,,
2023-10-27,319.3318771027454,334.00522659578434,318.6355026103276,329.6778259277344,1272301,,
2023-10-30,331.96586822986916,332.662212313729,324.4550852154019,326.9918518066406,833574,,
2023-10-31,328.28509621867033,330.22497483992134,323.4105660132816,324.90277099609375,528865,,
2023-11-01,325.300680201416,330.27469671825725,311.3734339542606,313.7609558105469,1946403,,
2023-11-02,313.71121743463243,321.2717283624866,310.2294059877641,314.30810546875,1892363,,
2023-11-03,316.5961381609822,320.8240520248759,315.3526340833664,315.75054931640625,802628,,
2023-11-06,316.2977234083765,319.2323749468166,309.68225713373306,310.3786315917969,1430479,,
2023-11-07,308.1900478452444,308.1900478452444,302.4699289138828,302.9176025390625,2754359,,
2023-11-08,302.96732966116184,310.7268135343348,302.9176016402837,304.55902099609375,1468075,,
2023-11-09,305.4046222836511,306.2999392087762,298.4409989742519,298.9881286621094,1428993,,
2023-11-10,298.7891695593762,298.98811199887854,291.47735942021177,291.8752746582031,2470854,,
2023-11-13,297.39646615828036,298.19229667470097,292.47217755583677,293.56646728515625,910497,,
2023-11-15,293.7156789659732,297.4461913999187,293.51670615923433,295.0089111328125,1191632,,
2023-11-16,295.00890167402883,296.94878022107787,292.7705942854277,295.6555480957031,1120058,,
2023-11-17,296.9487916073557,297.0482780113501,292.9695783194849,293.46697998046875,881014,,
2023-11-20,293.4669646984221,315.4023646619468,284.3147624693174,309.08538818359375,5475091,,
2023-11-21,312.3682448842021,325.79808980756746,312.3682448842021,318.1380920410156,6570568,,
2023-11-22,318.33706336734457,320.724585270802,309.4335614826939,312.7164306640625,1782582,,
2023-11-23,316.3474504711018,319.1328875769379,312.36823725762883,313.7609558105469,1056512,,
2023-11-24,313.76095415300136,319.3318586942309,309.18485290988474,315.30291748046875,2001218,,
2023-11-28,318.4365416327227,346.7884356142484,318.4365416327227,346.63922119140625,16678984,,
2023-11-29,355.144782495686,370.01710415835817,342.212339435619,345.49517822265625,12432730,,
2023-11-30,347.9821741369956,347.9821741369956,335.34819073499625,338.8797302246094,2821944,,
2023-12-01,342.01335097692805,345.1967335742331,337.2383074399568,338.4818115234375,2140231,,
2023-12-04,359.12400219638425,362.9042427074877,342.56053282062015,344.4506530761719,3412455,,
2023-12-05,346.1915529042048,378.87084780618375,340.57092025787375,378.671875,23471509,,
2023-12-06,384.98886653166096,408.3667434399143,382.9992599862777,394.290283203125,23410807,,
2023-12-07,395.93171128859547,403.89013764615515,388.22198575470946,393.544189453125,7533237,,
2023-12-08,395.6332805843404,396.9265127177709,370.11655190815117,375.9361572265625,6850140,,
2023-12-11,377.7765484593555,380.9599311232135,367.08241311784644,372.3548583984375,4205380,,
2023-12-12,373.89681657258774,377.5278424505786,369.3704434608845,371.75799560546875,2271626,,
2023-12-13,372.8522592342832,373.00150401428675,361.56126623188123,363.5508728027344,2727607,,
2023-12-14,365.8389176530897,372.5538400029425,365.8389176530897,368.126953125,1871370,,
2023-12-15,370.9621416681579,371.95694496056865,365.78918276301454,367.33111572265625,1964938,,
2023-12-18,369.9673321230496,369.9673321230496,363.3518964121211,364.8938293457031,1273909,,
2023-12-19,365.14252751916854,367.28137883339747,359.17370790882507,361.11358642578125,1654248,,
2023-12-20,362.90424002800887,367.6793141930281,342.2123430565565,344.1522216796875,3136444,,
2023-12-21,337.7854566891217,351.16557354719214,334.35340343500235,349.4743957519531,1703123,,
2023-12-22,351.66295964778243,367.7787849350662,351.4142588276638,363.3518981933594,3648100,,
2023-12-26,363.5508674888479,366.08760368601236,358.37787833664663,361.21307373046875,1522711,,
2023-12-27,363.79958416418543,365.04308830699574,354.1499798723821,356.04010009765625,1773339,,
2023-12-28,358.228677021382,358.4276194674443,351.16556746793475,352.2598571777344,1377610,,
2023-12-29,352.2598640622998,354.84635878356175,350.76765907222426,353.0556945800781,1402154,,
2024-01-01,354.89607032962977,373.6481182394468,353.2048926091314,365.0928039550781,3843900,,
2024-01-02,367.1321350526883,368.77358473717834,359.1239808639971,364.69488525390625,1767457,,
2024-01-03,380.01486825651267,395.73274856960046,374.39423557006603,378.9703369140625,18543241,,
2024-01-04,384.93914705823886,387.3763969150545,379.0200553107103,379.616943359375,2615581,,
2024-01-05,381.407573647596,381.6562744690093,374.0460354055606,375.7372131347656,2316000,,
2024-01-08,376.03565527239437,376.7320297405681,366.6845101284235,368.52490234375,1884609,,
2024-01-09,371.06162279387183,376.43355442472034,369.0720162373363,370.2160339355469,1624709,,
2024-01-10,371.061631556522,372.1559212602556,365.59021339684136,367.7290344238281,1539317,,
2024-01-11,369.07202239206083,370.81292815806114,366.5850141549176,367.43060302734375,950598,,
2024-01-12,369.072022396382,369.2709951989507,365.0928092169062,365.689697265625,1233417,,
2024-01-15,365.689697265625,365.689697265625,365.689697265625,365.689697265625,0,,
2024-01-16,361.561268770269,362.1083984375,356.23906508407424,358.6265869140625,1157077,,
2024-01-17,353.1551740565343,356.6369856317396,351.36454024716664,354.0007629394531,1282462,,
2024-01-18,353.15516536530504,361.5612652478768,346.7386720481717,354.7468566894531,1383535,,
2024-01-19,355.9903748810615,358.2784103782691,352.16037601922426,352.85675048828125,812083,,
2024-01-23,364.89385103804557,366.0876271833257,349.17597049279163,349.8723449707031,1641849,,
2024-01-24,351.16555964454045,352.5582781718999,344.7490663119732,347.8827209472656,1215375,,
2024-01-25,349.67336601409477,353.15517762447695,348.2806474417395,349.17596435546875,1018148,,
2024-01-29,351.11585038189725,362.3571159606217,350.07128866133274,358.77581787109375,2266795,,
2024-01-30,361.11359606366835,361.7602121335827,354.1499729990797,355.2442626953125,1326663,,
2024-01-31,356.13958050329916,361.1135969907754,352.1603673133182,353.60284423828125,2398210,,
2024-02-01,353.35413369531926,356.68670036308015,348.181144547026,349.0267333984375,1752886,,
2024-02-02,352.85674254609074,357.1841126125824,348.1811548939203,348.4795837402344,1532480,,
2024-02-05,353.1054597467325,353.1054597467325,340.62065954114513,341.56573486328125,1834038,,
2024-02-06,344.9480434694074,349.17595748453357,338.9294956620582,341.41650390625,1257367,,
2024-02-07,343.1076477250261,356.13957686072143,342.2620588590063,353.20489501953125,3522792,,
2024-02-08,355.14477892939976,355.5924525590402,346.14182118696937,346.8381652832031,1287732,,
2024-02-09,347.1863508798564,352.558282615369,340.5709150222812,343.15740966796875,1199105,,
2024-02-12,345.0972774849358,346.5894825161699,335.2487303505887,336.6414489746094,1142901,,
2024-02-13,338.2331309006672,338.2331309006672,327.0913215038735,332.0653381347656,963337,,
2024-02-14,330.2746939683591,339.37713804659325,328.7327610045716,336.09429931640625,1019035,,
2024-02-15,339.0289436744114,342.21232629517044,334.2539001022595,335.2984313964844,861690,,
2024-02-16,337.23831612723217,351.16556222098217,334.9005223182695,344.6993408203125,2547871,,
2024-02-19,346.1915516153871,372.8025401375468,346.04233719079866,364.5456848144531,8004738,,
2024-02-20,367.43062135138814,376.98073953008736,359.9198378852546,367.77880859375,5721766,,
2024-02-21,368.77359356920584,371.0616290039193,354.4981602153541,358.72607421875,2925334,,
2024-02-22,361.46179902798684,361.5115270513043,353.75207315648424,358.77581787109375,1330394,,
2024-02-23,360.21827588364886,391.654065788792,360.1685175039634,387.9235534667969,22868786,,
2024-02-26,388.9680848295264,406.82481595698306,384.0935547998796,396.6280822753906,17113132,,
2024-02-27,398.7171573988788,401.6021113060122,383.9940804475922,385.83447265625,5944017,,
2024-02-28,386.6800678278794,396.628101161666,378.0252666838897,379.56719970703125,6361852,,
2024-02-29,378.9703428920969,382.750583424297,370.812943395469,379.66668701171875,3172514,,
2024-03-01,382.9992798764212,386.68006432012754,376.03565660594086,379.1692810058594,2306169,,
2024-03-04,386.48108625668107,386.7795151063344,370.0668316280189,373.34967041015625,2068156,,
2024-03-05,373.8968414322987,376.4335778058491,363.1032191208803,364.0980224609375,2098762,,
2024-03-06,364.69488514035373,370.36524556841727,354.4483932359107,359.47216796875,2233595,,
2024-03-07,361.4617841810161,365.8389126177657,359.1737183816105,360.56646728515625,1118321,,
2024-03-11,362.10840836454065,362.3571091944614,350.170768528347,351.016357421875,1539837,,
2024-03-12,352.160370881325,357.0349010166418,342.01336500047137,345.2962341308594,2473806,,
2024-03-13,347.08687905014136,351.8619532947272,323.6592725505105,330.82183837890625,3833297,,
2024-03-14,331.26948974821966,348.1811453810117,323.16184914900197,345.6444091796875,2508962,,
2024-03-15,346.68894207530354,353.9509938546635,339.7253191354839,342.3615417480469,2180481,,
2024-03-18,336.2932373926711,339.725320859739,332.4632690435209,335.5968933105469,1526899,,
2024-03-19,337.03933709382994,342.8589423186347,332.36377992133555,333.5575256347656,1444260,,
2024-03-20,335.29843940404595,337.7357196274265,328.28508829764576,329.23016357421875,1373270,,
2024-03-21,332.71198384062313,335.74612183509316,330.772105215314,331.96588134765625,1222130,,
2024-03-22,333.2591004105555,336.293238285624,332.3140251463935,333.9554748535156,1503391,,
2024-03-26,334.2539106721698,339.82481525517017,328.7824924915242,329.5285949707031,2004044,,
2024-03-27,331.2695098358107,333.6570317628297,319.97848593627594,321.8188781738281,3554876,,
2024-03-28,325.3006712632939,329.230156347225,318.43653473045293,319.7297668457031,2237150,,
2024-04-01,326.2954858565114,340.2227322040454,324.45509366021827,338.4320983886719,3007473,,
2024-04-02,339.27767085480843,360.61621488615,335.49743026304577,352.3096008300781,6117873,,
2024-04-03,351.1158360034222,358.8255615592053,349.32517185249304,351.8619384765625,2381515,,
2024-04-04,354.5478961094216,356.93541799844024,350.22049560864446,352.65777587890625,1654777,,
2024-04-05,352.16038485766694,353.4038890414864,348.4298723062086,350.3697509765625,1269063,,
2024-04-08,361.1135897843176,364.7943740551905,352.75724832391586,354.5478820800781,2576180,,
2024-04-09,356.08987022213194,356.63699991941695,349.7231045137853,350.3697509765625,921028,,
2024-04-10,351.0660968486383,352.55830187663673,346.8381826026427,348.8277893066406,897962,,
2024-04-12,347.03713720974014,349.17595823252935,342.31182153565317,343.2568664550781,1196013,,
2024-04-15,334.20418077867424,340.17300057867567,329.52859312507815,334.5523376464844,1360743,,
2024-04-16,330.27469486507727,338.08390682449783,330.27469486507727,334.452880859375,874725,,
2024-04-18,337.53674588361304,340.91910137414067,333.10988943581333,334.3533935546875,989250,,
2024-04-19,331.0705183481887,335.19897623375823,328.3845677164419,333.6570129394531,847877,,
2024-04-22,338.2331124811034,339.4766165711074,335.34818906409123,336.93988037109375,795858,,
2024-04-23,338.2331116519608,347.2858274767959,337.7357100171785,340.32220458984375,1431610,,
2024-04-24,342.16262548112286,343.20715685840065,340.67042045130376,341.8641662597656,742111,,
2024-04-25,340.2227347174032,342.06312692729205,338.78025776287166,340.471435546875,728211,,
2024-04-26,342.1626185957332,345.19675661838005,340.5709271908248,341.0683288574219,774168,,
2024-04-29,342.9087236472241,346.63923617446113,340.919116966031,341.36676025390625,935698,,
2024-04-30,343.30662736205784,357.63178891291966,343.30662736205784,355.7416687011719,4020028,,
2024-05-02,359.12398593855636,359.4224147805061,348.8775242451231,349.6236267089844,2632127,,
2024-05-03,346.19154135178377,350.07126807099775,340.81960971295,342.4610290527344,1392909,,
2024-05-06,342.21234850750244,343.20715184618706,334.25392179802566,336.0445556640625,1045201,,
2024-05-07,336.2435302734375,344.40092983786786,333.75652191342687,336.2435302734375,1542634,,
2024-05-08,336.2435215800028,339.17820351253584,333.8062413066117,335.24871826171875,750561,,
2024-05-09,336.24352972457353,339.8248278289407,328.2851029855304,329.180419921875,1122343,,
2024-05-10,331.2695103827254,333.209389028562,325.59911923257886,330.6228942871094,663071,,
2024-05-13,332.36380276108775,333.1596332913966,325.7980946295794,329.180419921875,827737,,
2024-05-14,332.9606809468679,340.6704066212789,330.2746998586393,336.7906494140625,1752983,,
2024-05-15,339.2279430732296,342.01338031557253,331.56794511830304,333.0601501464844,1197943,,
2024-05-16,336.1937910359825,336.7409207133396,332.2643058146394,333.2093811035156,723290,,
2024-05-17,334.6518407382197,337.93471000733797,333.25912212055846,334.70159912109375,800719,,
2024-05-21,335.84560526213664,349.17596361317834,333.3088385931439,342.11285400390625,2818680,,
2024-05-22,345.0475200795313,346.19153776759816,337.5864955586779,338.581298828125,1386775,,
2024-05-23,340.6206566937616,352.0608950751983,336.64144334369666,344.74908447265625,3270416,,
2024-05-24,344.69934338339436,351.6629664820488,341.86414790714474,343.2568664550781,2621886,,
2024-05-27,344.55014059607106,345.7936447628253,338.73053502386335,339.3274230957031,1546857,,
2024-05-28,339.3274135094794,341.11804731542355,335.24871388595363,336.4922180175781,1100792,,
2024-05-29,338.2828594621991,346.04234363414315,336.5419536386139,342.6102600097656,2113385,,
2024-05-30,342.2620736721887,350.8671467671298,341.26727034181295,342.7097473144531,2499768,,
2024-05-31,346.1915500236077,359.67112265823073,342.21233680494555,353.9012756347656,7024587,,
2024-06-03,379.96512063617456,381.9547271736406,362.20787621749275,366.3363037109375,10215851,,
2024-06-04,367.08242176515984,367.08242176515984,329.7275695800781,329.7275695800781,7245279,,
2024-06-05,333.25911787948314,337.0393584163117,314.3578544773632,332.4632873535156,3686678,,
2024-06-06,340.222745169124,346.3407796902797,335.2487284268853,341.66522216796875,3458914,,
2024-06-07,338.2828646290777,345.09727360013386,338.2828646290777,343.2071533203125,1758072,,
2024-06-10,346.0423225582498,349.1759467780504,343.057912756728,343.70452880859375,2083460,,
2024-06-11,345.69415201019797,346.14182564560485,341.5159659430263,342.11285400390625,1004598,,
2024-06-12,343.15740530460977,345.09725349496904,342.26205806091946,342.6600036621094,955655,,
2024-06-13,344.6496241413382,346.8879316229226,342.2123438511288,342.5107727050781,1031957,,
2024-06-14,344.10246500141005,346.8879325345393,341.21754142269515,342.6102600097656,1071246,,
2024-06-18,342.7594648312914,344.898316213231,339.1284388585138,339.7750549316406,1467029,,
2024-06-19,340.7201374277765,341.21753908825497,334.00521501131664,335.34820556640625,1210968,,
2024-06-20,337.2383369512118,341.26727839066166,335.49743108199465,338.3823547363281,942532,,
2024-06-21,339.1782016520381,340.12324658383125,335.4974172509822,336.7906494140625,1022030,,
2024-06-24,336.1938057891042,338.5315693849339,334.2539271042784,334.9005432128906,920363,,
2024-06-25,336.0445330671214,337.089094717893,333.2590960497036,333.45806884765625,809296,,
2024-06-26,334.2539272132512,336.1440475155759,332.6622357737712,333.1596374511719,830867,,
2024-06-27,335.2487042262616,336.04453470397556,329.3793709659078,331.9161071777344,995756,,
2024-06-28,333.2590994714054,333.95547391240314,329.3296143638941,330.3741760253906,851711,,
2024-07-01,331.4187116999753,333.2093758465974,329.42910510972,330.87158203125,911492,,
2024-07-02,333.1596296024013,341.81443072887373,331.76691101028774,334.0052185058594,2169382,,
2024-07-03,335.2984497895326,337.0891139965578,333.25911510932457,333.9057312011719,828736,,
2024-07-04,334.303646524736,335.9450963045698,331.7669101797009,332.1648254394531,896649,,
2024-07-05,332.76170478399945,333.458079239549,330.2746965270189,331.1700134277344,1170818,,
2024-07-08,343.1574060232777,345.1967406182054,336.34299743495376,337.5367431640625,2850289,,
2024-07-09,339.1284564556279,344.05274518916406,335.04975664266715,336.5419616699219,1816798,,
2024-07-10,336.74090567062154,338.13362417176035,330.77208607232393,333.25909423828125,992976,,
2024-07-11,334.900537313659,335.19899653013823,332.0653417315433,332.4632873535156,752675,,
2024-07-12,338.2331326641614,341.21754265825695,332.2643126759703,334.0052185058594,1894394,,
2024-07-15,334.6518189240858,335.64662220885356,331.5679226695083,332.2145690917969,1241569,,
2024-07-16,333.15961655655076,334.85079429724385,327.68819844829187,329.03118896484375,2168694,,
2024-07-18,329.0311934118925,329.5783230865183,321.42095419389113,322.5649719238281,2079538,,
2024-07-19,323.31106744084053,325.00224516797203,317.3422477342404,318.2873229980469,1133458,,
2024-07-22,316.3474632203818,325.10172049923716,313.86045486173106,322.216796875,1114641,,
2024-07-23,323.3608165504064,329.7275822731971,315.15368891857895,320.67486572265625,1651906,,
2024-07-24,322.9628802613018,326.6933925784098,321.61988975534547,323.5100402832031,983727,,
2024-07-25,321.71937523728826,328.08611016851546,320.475871135135,321.6696472167969,1082813,,
2024-07-26,323.7587558452092,332.1648257670988,322.31627887332274,323.4602966308594,2465354,,
2024-07-29,326.29549321975765,347.88273768917236,325.40017629186696,342.8092346191406,14356770,,
2024-07-30,345.9925926924749,352.7572736821215,345.34597658732196,350.4692077636719,8155099,,
2024-07-31,352.40906541701355,353.95099837263217,344.59985352016724,346.34075927734375,2695268,,
2024-08-01,348.0816668503813,355.84115076681104,340.7201285391432,346.53973388671875,7025096,,
2024-08-02,342.2123317779709,381.15887451171875,341.416501289524,381.15887451171875,26955054,,
2024-08-05,367.0824073567835,396.92650551587155,360.61618608898107,380.363037109375,34428978,,
2024-08-06,391.9525009465558,399.9109273617143,358.47737590959287,362.5063171386719,12339179,,
2024-08-07,372.9517515996312,389.41576445215935,365.2420260142656,385.1380920410156,9614242,,
2024-08-08,385.08838233975393,401.8508248365454,380.0646072136058,385.4862976074219,14683067,,
2024-08-09,391.35562605172737,393.8923927722425,381.00967743596874,383.14849853515625,4656937,,
2024-08-12,373.0512488601383,376.88124775356675,358.1291989057328,367.1819152832031,12993594,,
2024-08-13,371.0616271339548,374.9413538927805,356.33855058697986,358.527099609375,4596839,,
2024-08-14,360.11881239406983,360.3177852074964,349.4246763906548,350.4692077636719,3362861,,
2024-08-16,354.9457965319323,363.3518963529603,350.96658343018873,361.4120178222656,3905895,,
2024-08-19,363.1031954738308,367.08240857491387,356.6867022047397,357.9302062988281,2445290,,
2024-08-20,360.1187988458248,361.8597046413502,355.1945103091722,355.94061279296875,1599189,,
2024-08-21,359.521902145779,391.50482177734375,357.9302108134721,391.50482177734375,13224588,,
2024-08-22,399.2642982837434,399.81142793837125,376.5330375039781,378.52264404296875,9587023,,
2024-08-23,380.114350353138,386.97848711185924,372.9517543863928,374.9911193847656,4143715,,
2024-08-26,376.03566375427886,383.4966888287685,374.0460570677483,376.48333740234375,2847370,,
2024-08-27,377.4781321302701,381.9547470727923,371.0616385690598,372.0067138671875,2710949,,
2024-08-28,373.05124708965036,375.88644263932935,364.09801715949874,365.2420349121094,3403542,,
2024-08-29,365.78919507392567,368.3756594340532,360.01931756836166,361.7602233886719,2126465,,
2024-08-30,363.10321491726194,367.08242823142376,359.12400160310017,360.1188049316406,1706883,,
2024-09-02,361.11361022393237,378.3236957576759,360.2182932951749,374.344482421875,6193965,,
2024-09-03,375.09057278505543,376.83147856313565,366.58501669860146,367.7290344238281,2154336,,
2024-09-04,363.20268990020645,374.84187026271707,363.20268990020645,371.01190185546875,2872489,,
2024-09-05,373.5486273667985,374.74240343273704,363.6503227004352,364.59539794921875,1809572,,
2024-09-06,364.5954252080746,367.3808624248682,359.12400682159597,360.7156982421875,1792270,,
2024-09-09,360.1188068029517,361.5612837804263,353.5530987286693,358.5768737792969,1724586,,
2024-09-10,360.1188031305739,364.5954180866169,359.27321423374593,359.9198303222656,1195332,,
2024-09-11,360.1187936842627,363.15293159795226,354.19970192071924,355.34375,1311768,,
2024-09-12,357.5820538063068,361.5115085762191,355.1447736085358,360.16851806640625,1529924,,
2024-09-13,361.11359423492115,367.9280028425566,352.65776627074257,358.527099609375,1957219,,
2024-09-16,362.10841235891775,374.04605232679415,360.1685337205425,363.7001037597656,4164002,,
2024-09-17,363.30218250706133,363.5011249545182,354.9458103801856,356.04010009765625,1766163,,
2024-09-18,355.99038008240404,358.42763004173776,350.6681761596723,351.71270751953125,1620308,,
2024-09-19,353.1551841368802,355.54270607051495,339.6258527009654,342.9087219238281,1948937,,
2024-09-20,344.2019366232257,350.1707563334551,342.9087044962708,344.4009094238281,1689807,,
2024-09-23,347.18634561844976,353.55308055512825,346.58945757710774,349.5241394042969,1485356,,
2024-09-24,351.1655745129472,353.75206923554845,347.43506203582666,347.8329772949219,1027612,,
2024-09-25,348.181172606827,348.97700314347554,340.5211746658812,343.5055847167969,1113704,,
2024-09-26,345.19675031270253,345.6941519702136,341.21753705261375,343.853759765625,903375,,
2024-09-27,345.2464642668178,349.6733509818757,341.26725116887326,342.2620544433594,1084642,,
2024-09-30,342.51077688521656,348.6288416967385,338.8797507759072,346.489990234375,1557076,,
2024-10-01,348.1811445079419,353.90126331057235,345.9925651702974,347.28582763671875,1527163,,
2024-10-03,343.7045587511613,345.64443743474175,336.7906632983889,338.3823547363281,1547709,,
2024-10-04,340.17301754396857,341.2175489174673,333.25912212055846,334.70159912109375,1376292,,
2024-10-07,343.7542691552162,344.69934443651596,326.2954833338448,329.4291076660156,2037223,,
2024-10-08,329.3793728145135,338.7305175955749,327.6384670706302,337.3377990722656,1323665,,
2024-10-09,339.72532786665886,341.9636352976983,333.7565080505536,334.6518249511719,856557,,
2024-10-10,336.3430202204779,337.8352252521935,333.25912374980135,334.9005432128906,748054,,
2024-10-11,335.0497341928942,337.6859871849285,332.46326993948145,335.6963806152344,718030,,
2024-10-14,336.24351812001566,338.0839103117009,333.5078090228854,334.8507995605469,592059,,
2024-10-15,335.8456125490274,337.23833114864,333.2591178017534,334.2041931152344,757519,,
2024-10-16,333.7564992834024,335.0994897785458,329.32961255914853,330.1752014160156,1039393,,
2024-10-17,330.8218413670018,332.015617528678,325.2509669031499,325.8975830078125,1033669,,
2024-10-18,324.35560134691855,330.07572027828013,320.62508900037835,327.290283203125,1129658,,
2024-10-21,329.2799094375371,330.62290003423124,321.32148262333686,322.5152587890625,1002742,,
2024-10-22,322.8136818713854,325.2509621831931,311.02525629211186,313.1143493652344,1277301,,
2024-10-23,313.213835626545,319.2323836506683,308.5880061975341,316.5961608886719,1005761,,
2024-10-24,319.33186338383723,342.85895565792055,315.8003237672684,338.53155517578125,7969726,,
2024-10-25,334.0549379628706,334.7015843988671,320.2769364639542,322.5649719238281,3190430,,
2024-10-28,323.4105495139958,328.1855930717932,314.55680647279536,323.01263427734375,1831305,,
2024-10-29,324.0571665114848,334.65181530798316,323.9079520921794,333.5575256347656,2343363,,
2024-10-30,334.2539261050602,340.5211750759345,331.26951605055075,336.5419616699219,1676383,,
2024-10-31,335.1989781567479,346.19154228395104,333.95547405371644,344.3014221191406,1996743,,
2024-11-01,346.93764121976614,350.9665823290462,340.8693351868489,342.16259765625,415048,,
2024-11-04,340.91910589633795,341.06832032078466,328.03639091032085,329.6280822753906,1085400,,
2024-11-05,326.2954891303137,341.6652125759313,324.50485529697426,340.5709228515625,1782176,,
2024-11-06,341.21753455098707,347.18635439736,339.3771423598912,341.8144226074219,1557333,,
2024-11-07,341.81441047409686,345.69413716472377,340.073504747368,343.90350341796875,1315477,,
2024-11-08,343.107644039887,343.107644039887,330.2746878430827,331.9161071777344,954831,,
2024-11-11,330.27469841028415,333.2093803138501,325.3006818679606,326.1462707519531,873339,,
2024-11-12,327.2405637824486,335.7461200125035,326.94210457148915,331.76690673828125,1251804,,
2024-11-13,333.2591003140919,334.85079164112074,314.357837908218,321.7691345214844,1588687,,
2024-11-14,322.3162692390729,332.2643022402789,321.8188675890126,329.3296203613281,1111772,,
2024-11-18,332.2145841489846,332.2145841489846,322.415765278106,323.4602966308594,729819,,
2024-11-19,325.30068006745256,330.0259957565058,324.305876764494,325.9472961425781,715804,,
2024-11-21,300.4306023118644,305.3548908840812,293.36749267578125,293.36749267578125,12427128,,
2024-11-22,279.63921243732466,298.3912606293291,277.55011944497363,290.83074951171875,7166108,,
2024-11-25,297.446183522293,300.23162058894036,291.47736378605964,295.8544921875,2733765,,
2024-11-26,295.8545083336123,295.90426671618866,287.4484382950522,288.9406433105469,1928044,,
2024-11-27,288.94064049349953,316.29773217751523,285.55828487083045,313.1143493652344,7848095,,
2024-11-28,313.76096899502886,323.31108718046494,308.5880098155347,311.7713623046875,6114139,,
2024-11-29,312.36823727682594,318.9836731728338,308.5879968673893,312.0200500488281,3306230,,
2024-12-02,313.3630530030657,314.00966910413143,306.99631768051546,308.1900634765625,1485539,,
2024-12-03,309.3838421299245,315.35266223532494,309.0854132682501,311.9703369140625,1752131,,
2024-12-04,313.910157048834,314.3081026406561,309.0356271388759,310.52783203125,1043933,,
2024-12-05,312.2687562236192,312.2687562236192,307.9413557077787,309.1351318359375,1058792,,
2024-12-06,309.38382050416385,312.7661455890036,307.49370034136984,311.2242126464844,1072280,,
2024-12-09,311.0252573414054,312.8656495872457,309.38383790662454,309.7320251464844,799567,,
2024-12-10,308.3890303532483,310.6770658542094,304.55903148512806,305.7528076171875,893670,,
2024-12-11,304.40980133681495,308.14031360809946,304.40980133681495,305.7030334472656,646577,,
2024-12-12,305.90202294461216,313.1640750855556,303.4150146279893,305.852294921875,2014507,,
2024-12-13,305.8522825797035,307.1952427292963,301.47512383188985,304.45953369140625,1019376,,
2024-12-16,307.1952551861856,307.7921432540903,303.7134435422276,304.11138916015625,777347,,
2024-12-17,304.40982418187144,304.8077394488735,300.57982522412533,301.325927734375,826133,,
2024-12-18,302.86788875075507,302.86788875075507,296.6503678810072,297.5456848144531,774279,,
2024-12-19,293.4669817186406,297.19749419811484,292.5219064135785,295.4068603515625,549823,,
2024-12-20,294.36229166793987,298.78917851563034,288.49295824441987,289.3882751464844,1010277,,
2024-12-23,293.3674775628679,317.24275598684886,288.6919204202302,314.2086181640625,5245677,,
2024-12-24,314.20864236939536,318.3370701764484,309.03565283543253,316.99407958984375,2201189,,
2024-12-26,316.9940534993913,320.32665050030664,311.37342113849684,319.23236083984375,1722984,,
2024-12-27,319.2323722245319,328.83221797747603,315.5516182376918,327.4892578125,2781761,,
2024-12-30,325.30068962764375,335.2984509726044,319.331869634476,327.0415954589844,3104722,,
2024-12-31,308.3890363775886,312.7164369921041,301.5248993816271,306.44915771484375,4531223,,
2025-01-01,306.39941167087954,327.8871686910244,306.39941167087954,326.9918518066406,5168533,,
2025-01-02,324.30587154347216,330.27469126513114,323.0623674347932,328.83221435546875,1555415,,
2025-01-03,328.28508302480645,330.5233904090665,324.703785138193,326.8923645019531,1080726,,
2025-01-06,329.279886269221,331.2694928327812,320.32665673319985,323.4105529785156,1968042,,
2025-01-07,324.504847023656,328.2850874016559,317.8396528025123,327.3897705078125,2120008,,
2025-01-08,324.30586370736137,327.2902734960794,321.7691275305455,324.455078125,1143463,,
2025-01-09,318.3370510462967,327.0415797858439,318.3370510462967,321.7691345214844,1189208,,
2025-01-10,292.47217328448704,300.03268451601963,289.5872497558594,289.5872497558594,17146054,,
2025-01-13,270.4870046102868,272.9740127997139,260.6384582519531,260.6384582519531,21163348,,
2025-01-14,261.8322473013083,269.0942994307043,256.2115842274875,265.61248779296875,9750729,,
2025-01-15,268.049749808398,272.97400771637166,262.13065828419275,272.2279052734375,15002432,,
2025-01-16,273.57092410526724,274.2672986011309,267.60210394297053,268.44769287109375,3348626,,
2025-01-17,269.3927220197679,269.3927220197679,262.13067005925456,266.6570129394531,3066191,,
2025-01-20,268.49739716178124,268.69636995986536,260.9866445983973,262.2798767089844,4498503,,
2025-01-21,265.3140684760158,269.2435235358868,263.07576091415626,266.706787109375,3354228,,
2025-01-22,267.30365334089737,267.9502694007645,260.98664644437775,265.9606628417969,2061558,,
2025-01-23,265.61248537152306,265.61248537152306,259.34523662432946,260.0913391113281,2089263,,
2025-01-24,261.93169341394866,266.40830820699443,249.49666750164843,250.5412139892578,2965651,,
2025-01-27,250.54123382241647,268.5969088452135,239.69786802430175,259.8426513671875,14223348,,
2025-01-28,259.64367332326935,263.3244578473097,251.28733128811132,259.2457580566406,4555061,,
2025-01-29,260.43950099573806,265.3140616251089,257.25614853868706,262.4291076660156,2078020,,
2025-01-30,262.32965459689984,264.1202884768764,256.4105625420523,257.5048522949219,1217171,,
2025-01-31,260.53896675903127,267.1046743225561,256.6592401311712,265.2642822265625,2020195,,
2025-02-01,266.3585884795909,270.88493143434164,259.7928805068958,265.41351318359375,2287952,,
2025-02-03,265.41349657960603,265.41349657960603,260.29026588257085,263.52337646484375,1017274,,
2025-02-04,264.91611563856543,271.5813101183999,263.72236985343807,271.1336364746094,2142672,,
2025-02-05,271.5813172649374,272.42690619268836,267.05497412078415,270.1885986328125,1804801,,
2025-02-06,270.18859529558785,273.4714341992622,267.10469884605163,268.0497741699219,1626139,,
2025-02-07,270.0890868596882,270.0890868596882,262.18038874727404,265.562744140625,931733,,
2025-02-10,264.2694850068857,265.36377468563416,256.5100315739183,257.2561340332031,1030161,,
2025-02-11,256.7089742106255,258.10172308954486,242.0853842128533,243.3786163330078,2923132,,
2025-02-12,245.41797367852226,245.9651185352274,230.34670959538067,239.00149536132812,2623532,,
2025-02-13,239.7973448323407,250.14329335371045,237.90720940473867,242.93096923828125,2738948,,
2025-02-14,244.4231677050163,245.4677142056198,232.2368272834607,235.2212371826172,1293322,,
2025-02-17,234.77358791962155,237.8574843412109,230.59541693322205,234.52488708496094,1353405,,
2025-02-18,234.7735830316311,257.65405934403583,234.4253957985578,254.91835021972656,6032589,,
2025-02-19,253.3763950875048,259.1959852299928,248.80030905830395,252.381591796875,2172569,,
2025-02-20,248.85004167138692,262.6280735726592,248.70082724683638,261.6332702636719,1676625,,
2025-02-21,261.63326241283556,262.9762529114669,256.1618443775862,258.9970397949219,1000368,,
2025-02-24,256.1618520642415,262.6280735726592,251.3370499438553,261.6332702636719,1442637,,
2025-02-25,262.0311820740774,263.0259853699995,254.27172850948014,256.01263427734375,983434,,
2025-02-27,257.6540596264425,257.7535460301422,242.68226663927743,244.47291564941406,1464119,,
2025-02-28,243.62733018431342,246.11433851685845,238.90201435247786,244.87083435058594,2014703,,
2025-03-03,245.02006166077967,249.3772898964865,232.7242919727898,241.4586639404297,1876678,,
2025-03-04,241.23979635651634,244.16452044003182,236.60400941025702,238.6234588623047,1693378,,
2025-03-05,244.32370154932232,259.544180207055,244.32370154932232,257.07708740234375,4698429,,
2025-03-06,259.64365916881934,260.3400336166984,254.32145548570702,257.2859802246094,1648512,,
2025-03-07,257.2859902105448,261.8322487168377,255.95295739082647,259.4844970703125,1348933,,
2025-03-10,260.3400343904041,263.4239003170665,249.3076543147566,251.10824584960938,1704806,,
2025-03-11,247.70603045295266,257.35563494752654,247.62644436460116,253.6748504638672,1939401,,
2025-03-12,256.3608240028713,257.35562730849523,246.2138181419126,248.9793701171875,1552392,,
2025-03-13,249.6956261680165,251.3171603906093,244.7216097104863,245.7860565185547,942694,,
2025-03-17,245.97506593408932,248.70083252316104,243.2294142076515,244.08494567871094,1577992,,
2025-03-18,244.08494567871094,244.08494567871094,244.08494567871094,244.08494567871094,0,,
2025-03-19,248.7008346694992,254.8686275128982,248.2034330001602,253.7743377685547,1733594,,
2025-03-20,256.36081824323094,259.69338495500836,252.18263230988657,253.5554656982422,1914761,,
2025-03-21,253.555476405506,265.3140589965053,253.21723173849432,263.87158203125,2999650,,
2025-03-24,266.3088624394555,268.7262272348035,259.64366801352077,260.3897705078125,1896034,,
2025-03-25,263.3642031808389,263.5134479558057,252.7795123677896,258.201171875,2435621,,
2025-03-26,258.64886740251495,261.03638933750966,248.70083404087976,249.50662231445312,2048951,,
2025-03-27,249.3772802902421,256.65924762530295,246.98975847715298,254.65969848632812,3491989,,
2025-03-28,254.66964911638192,260.6285112695024,253.67484579952105,256.97760009765625,2878108,,
2025-04-01,256.65924520546434,268.49739811795,255.86341472826686,264.1202697753906,2571238,,
2025-04-02,264.1202871162201,267.10469714013215,258.1514670683959,266.1098937988281,1280240,,
2025-04-03,262.3296327288886,269.9398716228763,261.7824727185711,268.945068359375,1461193,,
2025-04-04,270.83521327275605,272.924306389082,261.3845814046525,264.76690673828125,2039939,,
2025-04-07,248.70083926450997,269.9896250337542,244.87084026803868,268.34820556640625,3240382,,
2025-04-08,271.5813049402246,275.80921902812184,268.99481024994867,274.0185852050781,3005106,,
2025-04-09,274.56572825586153,274.56572825586153,269.3430105988207,270.2880859375,933340,,
2025-04-11,273.570916785934,278.2465045982344,269.89013230740056,271.1336364746094,1553155,,
2025-04-15,274.26729701672093,283.02155439392146,273.0735208475622,278.79364013671875,3379856,,
2025-04-16,281.38012859386833,283.7179224964133,278.54493302520694,281.5790710449219,1581195,,
2025-04-17,281.7282976726736,285.8567251635376,279.68893275765384,282.9718017578125,1999708,,
2025-04-21,282.9718095706214,289.6867318157697,280.2858285289672,283.86712646484375,2188740,,
2025-04-22,284.016340892962,287.7965812726359,281.62881905532646,282.126220703125,1170170,,
2025-04-23,283.5686698280835,284.4142587087775,276.903505902763,282.4246520996094,1216106,,
2025-04-24,280.63402878178664,284.81218460177786,280.63402878178664,281.8775329589844,857186,,
2025-04-25,282.9718014928879,282.9718014928879,269.49219900720976,272.5263671875,1505433,,
2025-04-28,272.32740984500896,285.5085538831692,269.5917007050134,277.798828125,2516895,,
2025-04-29,273.57092238613063,275.5605290943934,259.74316183550224,266.5078125,5928772,,
2025-04-30,267.303650609298,268.2984538786158,262.2301478639797,265.6622009277344,1873412,,
2025-05-02,265.6124912307612,271.2828824006313,263.82185736605936,266.0104064941406,1371506,,
2025-05-05,267.7015660039582,278.9925891892078,267.1046779702163,272.6258239746094,2688915,,
2025-05-06,272.5760974994711,274.46621765121023,255.36601297612836,257.1566467285156,1640141,,
2025-05-07,254.17224884289215,263.12547874342454,253.37640314916823,260.290283203125,1618598,,
2025-05-08,260.6384675687733,265.06535444779223,251.18783611112696,252.97848510742188,1778079,,
2025-05-09,249.39718759518078,255.51523707934757,246.71122168531207,251.28732299804688,1627356,,
2025-05-12,258.40017421538084,266.9057308476908,257.0074555753345,261.58355712890625,2682671,,
2025-05-13,263.62287779015156,263.8715786182555,260.0913381746711,261.7327575683594,2151291,,
2025-05-14,264.51817978432075,269.49219606593255,263.4238901305689,265.2642822265625,2169760,,
2025-05-15,266.30886226411116,268.94508500374184,264.8166572765102,265.61248779296875,1577098,,
2025-05-16,267.10467625010034,271.4818045377088,265.9606585688711,268.945068359375,1729990,,
2025-05-19,269.1440299526294,274.3667474577308,266.90572245044314,267.6518249511719,1548977,,
2025-05-20,269.4922202805694,271.1336397291903,259.74315963622405,260.9866638183594,1638768,,
2025-05-21,260.9866454409154,264.07054166725544,257.405347576746,258.8975524902344,1312941,,
2025-05-22,259.6436769948422,262.2301718029872,254.86863300979715,256.161865234375,1698030,,
2025-05-23,258.25093387891536,260.48924122701254,255.4157384995284,258.59912109375,1186946,,
2025-05-26,259.3452436525969,264.26950198484286,256.65926248301633,257.4053649902344,2194361,,
2025-05-27,260.09134660563825,274.81442396304953,255.86343239082208,266.2093811035156,6702440,,
2025-05-28,266.35857527773834,267.99999459980944,261.1855861352857,262.1803894042969,1702213,,
2025-05-29,263.52338352625856,264.81664600921385,260.93688891933493,262.5783386230469,932581,,
2025-05-30,263.62288929332385,278.39572519910604,262.4291131227396,273.5709228515625,17924411,,
2025-06-02,267.5523637758789,272.4766219708963,266.7067748861321,268.7958679199219,2373477,,
2025-06-03,270.13882720209267,272.1781922068746,265.66221229855523,268.6963806152344,1716464,,
2025-06-04,268.04975235235884,269.2434980569912,264.81664173562666,267.30364990234375,845015,,
2025-06-05,267.70158090538627,268.7958706349949,263.67260922259817,263.87158203125,1416431,,
2025-06-06,264.1202706574274,265.11507393673975,261.8322352586037,262.4788513183594,1296719,,
2025-06-09,264.1202896321139,267.10469968445415,263.274700712153,266.4083251953125,1162357,,
2025-06-10,267.9999991525751,277.798817590594,265.4135045374096,276.60504150390625,4605354,,
2025-06-11,278.5449174521626,279.2412918893877,271.1336208977872,274.5657043457031,1726034,,
2025-06-12,279.440253443933,279.440253443933,265.6124930249203,266.2093811035156,2360592,,
2025-06-13,262.37937016399013,265.86118171119,261.53378128787267,264.816650390625,1056492,,
2025-06-16,264.8166670365057,266.06017123866997,260.9866680220418,263.2249755859375,1159919,,
2025-06-17,263.3244550303616,264.4187144121374,259.643670545697,260.6882019042969,1119640,,
2025-06-18,260.63847648303465,263.62288651909995,258.74835619865775,262.7275695800781,1358406,,
2025-06-19,260.63847465104396,261.8819788239974,253.6748512825046,255.51524353027344,1374153,,
2025-06-20,255.51524226024628,257.3058761168036,253.37640598570076,255.36602783203125,1632206,,
2025-06-23,254.86862002228008,256.9576826849152,253.72458710872706,254.66964721679688,894768,,
2025-06-24,257.7037820485511,259.24574537491753,252.4313367159122,254.3214569091797,1747242,,
2025-06-25,255.66445046720705,258.5493739921212,254.96807600716434,258.1514587402344,826794,,
2025-06-26,258.44990172362225,259.84265071987494,255.06757635912857,256.2613525390625,1439756,,
2025-06-27,257.5048401171683,263.8218471400499,256.90795206574086,257.85302734375,2487215,,
2025-06-30,258.6488491134465,259.64365237926745,256.9576714179563,258.59912109375,1090525,,
2025-07-01,258.6488507308925,259.54416760393286,256.6592441868087,257.0571594238281,1266092,,
2025-07-02,258.20118422364584,258.2509426040098,255.36601910745821,256.11212158203125,1006354,,
2025-07-03,256.7089875130001,257.156661155706,254.66965282731425,255.31626892089844,932814,,
2025-07-04,255.31626457224547,256.4105542898971,253.67484517526194,254.81886291503906,1099740,,
2025-07-07,254.81885690819885,256.55976266738287,253.6748391953896,255.86341857910156,1327747,,
2025-07-08,256.5100264794495,262.5285740545531,255.16703600761218,261.8819580078125,2514875,,
2025-07-09,262.5286003103308,265.9606840417186,260.29029275307505,261.38458251953125,1849784,,
2025-07-10,262.5285725085121,269.6911680768061,261.58352763314474,268.6466064453125,2933261,,
2025-07-11,268.5968924081784,271.92948955244776,266.10988414513974,268.4974060058594,1716249,,
2025-07-14,268.497420112102,270.0393835315898,265.11509476846726,266.6072998046875,965397,,
2025-07-15,268.8953079106008,269.392709538522,260.1410514027823,261.782470703125,3135066,,
2025-07-16,261.83225273400916,262.03119518775753,258.59914186045734,260.9866638183594,1906804,,
2025-07-17,263.0259992921904,282.2257221351366,262.5783560007237,276.853759765625,31430970,,
2025-07-18,280.53452660348177,284.5137397467936,266.3088517597369,273.12322998046875,13431891,,
2025-07-21,273.52119710683564,280.4350622720367,271.6310464278269,277.3511657714844,4243661,,
2025-07-22,277.6496093215225,280.7335056479748,275.8589451518142,279.0423278808594,2678379,,
2025-07-23,278.7439130095285,280.4848188857433,275.56053012085437,278.89312744140625,7536041,,
2025-07-24,279.0423244375956,279.0423244375956,274.3170087831265,275.16259765625,1234128,,
2025-07-25,275.16258689988945,275.51077411156314,267.701562473965,268.74609375,1601115,,
2025-07-28,267.10467781183985,272.32739497575847,263.17519275443976,265.6622009277344,1599739,,
2025-07-29,265.3637685603963,265.51298297701163,261.4342835552702,263.52337646484375,873625,,
2025-07-30,263.7720851198174,267.70157024175234,261.0363760842642,266.15960693359375,1052032,,
2025-07-31,261.83223614400447,265.01558843317656,259.7431431785868,260.8374328613281,830652,,
2025-08-01,260.88716381440565,264.26948894172733,254.86861603015632,255.96287536621094,1177272,,
2025-08-04,256.8582226178734,257.8032675316467,254.27172798204376,255.96287536621094,753893,,
2025-08-05,256.41054640248916,257.8032649280283,251.23757236256657,252.18263244628906,994237,,
2025-08-06,252.13289925825325,253.87380507405425,250.93913830617421,251.58575439453125,699759,,
2025-08-07,250.69043361559355,251.18783526959274,245.86563150000384,249.39718627929688,982652,,
2025-08-08,252.6800397262868,255.36602079610614,250.34224588536813,252.82925415039062,924491,,
2025-08-11,252.8292485239526,254.66964067091087,249.29770900980623,253.9235382080078,635151,,
2025-08-12,254.7193762133571,254.81886261647938,250.34224770686686,251.28732299804688,523944,,
2025-08-13,252.5308262332204,252.63029745649177,250.49147641248447,251.18783569335938,442708,,
2025-08-14,251.1878282181483,252.77951953806067,247.70601673789673,248.60133361816406,633770,,
2025-08-18,251.33705452366254,252.38160105303152,248.94953261038557,249.9443359375,876276,,
2025-08-19,249.94431702820975,259.34521990182037,249.3474290053004,258.201171875,1369271,,
2025-08-20,258.64885782750406,261.6829957468856,256.70897925020284,259.59393310546875,686658,,
2025-08-21,262.03118998251426,262.03118998251426,257.65406142014723,258.64886474609375,484167,,
2025-08-22,258.4996363118835,259.54416760393286,255.91314173277726,257.0571594238281,466635,,
2025-08-25,257.6540431355076,259.14624801853176,254.27171813911667,258.3006591796875,679911,,
2025-08-26,257.5545658690485,258.0022394934212,249.99406996805237,250.64068603515625,946938,,
2025-08-28,251.18784106846732,251.88420036424344,246.26356761609324,248.30291748046875,1569139,,
2025-08-29,248.3526466974996,253.32666337623579,248.10394586356279,250.1930389404297,746956,,
2025-09-01,251.1878286752056,251.9339311366171,248.4521196500301,248.6510772705078,729499,,
2025-09-02,250.09355778979273,258.35044386537396,248.70083916228177,256.0623779296875,1831058,,
2025-09-03,254.6696386810103,266.9057068334173,254.27172344236857,265.8611755371094,2412811,,
2025-09-04,268.29847429187,269.7906793093798,263.4736719967903,264.4684753417969,1557168,,
2025-09-05,264.3689925958722,265.11509511495746,260.04159191337993,261.38458251953125,533381,,
2025-09-08,260.8871818577619,262.92651660762056,258.5991462672381,259.7431640625,814336,,
2025-09-09,259.2457409461437,260.8871602870197,254.8686125841455,255.56495666503906,697324,,
2025-09-10,256.7587424296959,259.7928804057891,254.22199093307393,254.91835021972656,737852,,
2025-09-11,255.11731469143533,265.0653475457087,255.11731469143533,257.455078125,1662201,,
2025-09-12,258.5493817776822,260.538988456016,257.6540648442297,259.0467834472656,685947,,
2025-09-15,259.046780063851,259.54418172693784,256.2613428941597,256.907958984375,681054,,
2025-09-16,258.6488551253902,260.538975302586,257.0571637912827,259.29547119140625,630666,,
2025-09-17,260.4394923864943,261.43429568874825,257.355626436697,257.9524841308594,1064316,,
2025-09-18,259.096534932502,260.04157986416044,257.4053571573417,258.2509460449219,789325,,
2025-09-19,262.62806657404303,266.4580652833786,250.74017038433638,255.61471557617188,12640297,,
2025-09-22,252.68004937296004,277.25170411305993,252.43134853696301,269.6911926269531,30273044,,
2025-09-23,270.78547840841395,271.9792241883104,258.15146398133885,258.74835205078125,5377628,,
2025-09-24,259.64366653727683,259.64366653727683,250.69043665668104,251.4862823486328,4296168,,
2025-09-25,252.43134302889973,261.086144076343,251.48628290863124,260.290283203125,5237063,,
2025-09-26,259.8426382823286,263.22496348492496,256.06236746614263,260.0913391113281,2943487,,
2025-09-29,260.1410644260387,261.5337829821435,256.8582256610069,259.7928771972656,1687064,,
2025-09-30,259.54417981299054,261.4343000469848,256.90795708986786,260.1907958984375,1623151,,
2025-10-01,260.1907785198477,263.37416107110033,258.6985736412579,261.6829833984375,1516887,,
2025-10-03,261.68298870834485,264.96585772324795,259.24573890591796,264.0207824707031,1908970,,
2025-10-06,265.015606678299,265.6124947607952,262.62808470730306,264.66741943359375,1378695,,
2025-10-07,264.6176679390574,267.05494807682743,261.93168698555513,263.72235107421875,1480139,,
2025-10-08,263.72237372855966,265.6622220425163,260.9369061376894,264.5679626464844,1077699,,
2025-10-09,262.1306709462976,267.50260272311493,261.1358676409986,266.7565002441406,1190828,,
2025-10-10,265.1150878581688,268.84560035148263,264.26949895455334,267.5523681640625,1253187,,
2025-10-13,263.523379273542,268.59688200544207,263.523379273542,267.30364990234375,980125,,
2025-10-14,266.1098885020691,268.7461112322546,263.7720946247393,267.25390625,1113807,,
2025-10-15,264.86639303748103,268.4974192082628,264.86639303748103,266.5078125,843568,,
2025-10-16,266.20938374595585,269.7409235109673,263.6228889523613,264.76690673828125,1088227,,
2025-10-17,264.76688132895936,265.5627421516049,258.6488473574928,260.14105224609375,2335217,,
2025-10-20,260.09134434246874,261.68300539288816,256.510046261048,257.2063903808594,2704721,,
2025-10-21,258.6488464553669,260.538966569205,258.6488464553669,260.04156494140625,202647,,
2025-10-23,259.1959953336218,260.2902850677681,257.95249117186194,258.74835205078125,1877668,,
2025-10-24,258.9472762493157,262.8767612671015,257.4053433410123,261.8819580078125,1071643,,
2025-10-27,261.63326337759855,264.7668876466355,259.64365681198944,264.3192443847656,1193409,,
2025-10-28,264.31925304089947,267.4031190313969,262.6778032833269,267.0549621582031,1192675,,
2025-10-29,266.85598991806825,275.31181811677686,265.6124857711993,274.1180419921875,7702429,,
2025-10-30,273.5708958039659,275.4610159213597,270.18857080036867,273.96881103515625,1585401,,
2025-10-31,273.5709063170886,274.26728076767245,271.3325989017669,273.42169189453125,1525168,,
2025-11-03,273.5709237485436,274.76469992304203,265.21458160402227,273.67041015625,3690105,,
2025-11-04,273.57089766351,276.6547938544232,269.98959984048133,275.90869140625,3322377,,
2025-11-06,275.90869922190905,279.8381540115391,268.69637535193135,269.84039306640625,3217128,,
2025-11-07,269.691189928494,271.0839085243443,265.6124901871557,269.3927307128906,2601124,,
2025-11-10,267.5026113428688,270.8352085948046,266.10989274237,269.4922180175781,1438368,,
2025-11-11,269.49219900720976,273.5708984744442,267.05494921801113,272.5263671875,1177054,,
2025-11-12,271.1833826803025,273.27247565920874,270.5864946350454,271.4818115234375,960840,,
2025-11-13,270.5865076820015,273.5709176932001,270.2383204422307,271.2331237792969,949872,,
2025-11-14,270.28807712221635,273.27248711461925,268.6963857211371,272.77508544921875,1268052,,
2025-11-17,272.27767507548884,273.96882246836907,269.0942923751454,273.52117919921875,2379897,,
2025-11-18,273.5211898296044,273.57091785289134,265.01560307733047,267.7513122558594,1771260,,
2025-11-19,268.34818209611734,275.56050580398335,265.91090194089907,274.3667297363281,2814297,,
2025-11-20,273.67040914863134,275.9584447225083,272.0289896839814,275.31182861328125,1700275,,
2025-11-21,279.2413061779489,281.42985528309595,265.06535876081483,272.67559814453125,58517098,,
2025-11-24,273.0237852594784,277.55012825407687,269.9896168965051,276.15740966796875,2693587,,
2025-11-25,276.0081874701932,276.0081874701932,259.69338907827733,270.03936767578125,26240183,,
2025-11-26,271.08389718191967,272.5761021205357,260.7379490126457,262.87677001953125,2653613,,
2025-11-27,263.02598976632186,265.3140556005786,259.6436645754507,259.9918518066406,1311530,,
2025-11-28,260.3400337674788,262.7275555974671,257.15665108816967,257.654052734375,1238984,,
2025-12-01,258.64885426697117,260.1410591954345,253.724581038941,253.97328186035156,1049787,,
2025-12-02,254.22199241984384,255.117324518914,247.60654120921947,248.10394287109375,2006702,,
2025-12-03,249.09874541964038,249.89459111206133,245.41797616912416,246.26356506347656,1037508,,
2025-12-04,246.2138213652187,248.9495304914989,244.224214727924,247.95472717285156,1575472,,
2025-12-05,247.95472752649903,252.68004329681344,247.4573258664659,251.4862823486328,911245,,
2025-12-08,252.48108177258797,252.48108177258797,248.15368132527982,249.29771423339844,922289,,
2025-12-09,248.6510892186581,249.1982340858832,243.7268157726203,244.7713623046875,1076367,,
2025-12-10,245.417972651537,248.10393854290245,243.82629646900267,245.86563110351562,1231962,,
2025-12-11,245.8656332776476,247.50706785540902,243.27915376584747,246.1143341064453,1378466,,
2025-12-12,247.60653866830623,248.99927241495857,246.21382010114783,247.80551147460938,1630348,,
2025-12-15,246.71122839969343,249.69563842065745,244.273963251805,245.06980895996094,1030886,,
2025-12-16,245.716411928795,246.46251439416582,240.84188189350294,241.83668518066406,2379959,,
2025-12-17,241.78694280150424,242.48330206898314,238.9020041512438,240.19525146484375,857143,,
2025-12-18,239.8470908554335,239.94656208153353,235.967348729669,238.00669860839844,832985,,
2025-12-19,238.75278892767201,245.71641193806246,236.46473833121647,243.5775909423828,1309983,,
2025-12-22,243.7765515930972,246.51226066688744,238.90200631755658,240.44395446777344,1770672,,
2025-12-23,240.24499163013843,242.1351117864871,237.01188097673077,238.10617065429688,1170393,,
2025-12-24,237.75799302648537,239.25019800363904,235.27098473122925,235.71864318847656,1209241,,
2025-12-26,236.51448887885732,236.51448887885732,234.2761814131268,235.71864318847656,1020301,,
2025-12-29,235.86787758315668,236.71345131301663,233.77878450092516,236.2657928466797,721276,,
2025-12-30,236.46474172906505,241.7372022628784,234.82332235339854,238.75279235839844,1430706,,
2025-12-31,239.74760278511158,239.74760278511158,235.2212445928963,236.06683349609375,1302946,,
2026-01-01,236.86266737797393,241.14030934448652,235.7683776966142,238.2056427001953,1249175,,
2026-01-02,238.75278727832796,238.75278727832796,232.88345399619976,235.04217529296875,2541764,,
2026-01-05,234.42539902848839,236.20610549263557,232.0876203068377,232.58502197265625,1302112,,
2026-01-06,232.78396867214622,233.57981433598385,228.27751100580133,229.60060119628906,1346201,,
2026-01-07,228.8047645743458,232.28657620917278,227.36230279010198,227.84974670410156,1583661,,
2026-01-08,227.90944346348425,229.38174810602257,226.3177521021769,226.6659393310547,850152,,
2026-01-09,226.4172450137774,226.56645944216118,220.9458266737911,221.8212432861328,2380641,,
2026-01-12,220.84633729377867,221.4034247248998,216.36972234863453,218.67767333984375,1609235,,
2026-01-13,219.85152437233668,224.32813912199964,217.87186038509034,218.6378631591797,890658,,
2026-01-14,218.34937890546018,219.48345404534209,216.36971489991913,216.777587890625,849535,,
2026-01-15,216.777587890625,216.777587890625,216.777587890625,216.777587890625,0,,
2026-01-16,216.77759826581882,217.36452859010018,209.90350358128669,211.32606506347656,1831714,,
2026-01-19,210.89829731579323,213.3256197702223,205.87453766930605,210.91819763183594,1769529,,
2026-01-20,209.9035042110961,212.33082678329896,208.17254093923975,208.948486328125,1745251,,
2026-01-21,208.90868800710766,209.36630419314793,204.35248718046105,207.82435607910156,1654274,,
2026-01-22,209.09770977003976,211.77373309769854,207.42643231900078,208.93853759765625,764013,,
2026-01-23,210.4108367831788,210.4108367831788,206.85939695856052,207.97357177734375,997078,,
2026-01-27,207.97357728810948,208.21233554681527,203.0592465144123,206.51121520996094,1172041,,
2026-01-28,206.90914947990882,209.70454440049969,205.0289717987627,208.6997833251953,1229507,,
2026-01-29,209.80401475762284,211.176848200858,206.02377427366096,207.5458221435547,866855,,
2026-01-30,206.91908584471878,214.5591678820591,206.78975655862786,212.85806274414062,2048383,,
2026-02-02,207.24737938634698,213.77328679694602,206.91909246618346,211.544921875,2429081,,
2026-02-03,215.82258239473774,217.38443093061204,212.39051389463432,214.00209045410156,4237926,,
2026-02-04,212.88790657974053,218.85672639038748,211.0972576006477,215.75294494628906,1407707,,
2026-02-05,215.68329833623812,216.6084732869587,212.89784609531253,213.66384887695312,530310,,
2026-02-06,210.99778710774194,212.01247554982496,208.21233481724326,210.26162719726562,946031,,
2026-02-09,211.89310605992202,214.32042857683922,208.31180805471732,210.1422576904297,2375206,,
2026-02-10,210.87839638583372,211.66429948255026,208.39138817001037,208.7594757080078,1274817,,
2026-02-11,209.90350029740043,210.6396602180376,207.91389365951036,208.50082397460938,1280193,,
2026-02-12,208.65004625802436,208.898747079033,204.63103249000844,205.22792053222656,980045,,
2026-02-13,203.93467471687555,204.38233316206265,199.15961588272805,200.5225067138672,1524928,,
2026-02-16,200.95027280979497,203.17863773527395,198.36377807806923,202.84039306640625,1091640,,
2026-02-17,202.93988082067085,206.52117890695098,201.9450774833146,202.9896240234375,1229815,,
2026-02-18,203.87499859990513,204.10379911747816,200.75131672451673,201.61679077148438,1170168,,
2026-02-19,202.04456033841566,202.3827898240946,198.05538931084064,198.74180603027344,916805,,
2026-02-20,199.55755025230138,199.657021475702,193.7777302647931,197.4883575439453,1799156,,
2026-02-23,200.40312347167284,200.4926521263639,194.29503176435028,194.64321899414062,1396622,,
2026-02-24,196.971048092524,196.98099066063835,188.83356460394924,190.73362731933594,2699339,,
2026-02-25,192.99184163179845,193.67825834260992,188.71418437416395,189.73883056640625,2314746,,
2026-02-26,190.10692503547295,190.62421184491367,187.10261468751543,188.4257049560547,1421520,,
2026-02-27,187.81886554525695,189.01262646598548,187.1225062731231,188.1173095703125,1183715,,
2026-03-02,179.26355972094098,183.48153136807284,178.12948451489768,179.35308837890625,2799429,,
2026-03-04,179.17403207442064,185.53082487724402,177.09489671485352,178.7661590576172,3428303,,
2026-03-05,181.0442534368385,181.0442534368385,176.01053611581605,177.91061401367188,1863040,,
2026-03-06,178.0896878370136,181.0442547996284,176.02049518841343,176.31893920898438,1501513,,
2026-03-09,173.0957780948099,176.97550498030975,171.11611401864795,174.68746948242188,2105247,,
2026-03-10,176.09013572926355,180.0096633616655,175.37387610204826,178.07974243164062,3607758,,
2026-03-11,179.0049147042877,197.77684879672162,177.07499380377467,178.46771240234375,36726500,,
2026-03-12,180.05940619703492,180.1588926037482,174.68747418339632,175.23460388183594,5229605,,
2026-03-13,176.08018891279386,178.71641165805215,171.31508765452674,171.99154663085938,3318069,,
2026-03-16,172.10097660676243,175.0456011513816,170.3003850027749,171.4046173095703,2930835,,
2026-03-17,172.64812054453373,177.07499231654862,172.1606614493815,174.10052490234375,7193126,,
2026-03-18,175.08538095799233,179.06459416158305,174.3691213669865,176.34878540039062,6886693,,
2026-03-19,174.09057512685794,177.8210874510049,173.40415843049595,175.36392211914062,2471187,,
2026-03-20,177.8111427344589,194.9714992182049,176.33882295908202,191.10171508789062,25383780,,
2026-03-23,188.2167898635434,188.34611915584907,173.0957820533983,174.44871520996094,6266809,,
2026-03-24,177.02525094196176,181.05420749632273,172.79733675592124,179.20387268066406,3962812,,
2026-03-25,180.08924617979653,188.91314688710548,180.08924617979653,181.89979553222656,5810302,,
2026-03-27,183.0438049067461,186.9732748566172,179.59183628463438,184.4365234375,5301802,2650684.0,50.0
2026-03-30,180.6363896472971,184.24753057592974,174.09058194463938,176.84619140625,4499593,1842750.0,40.95
2026-04-01,182.03906853004452,186.1973392023193,180.20861884924724,181.68093872070312,2087071,774809.0,37.12
2026-04-02,178.8357977923962,183.34225563542046,176.27914596374976,182.7553253173828,1639682,532933.0,32.5
2026-04-06,185.02346966601334,186.51567460338683,178.50750507025043,178.94522094726562,2948455,1239050.0,42.02
2026-04-07,179.62167572791435,179.73110469462682,177.37342580576856,178.1294708251953,1353041,589180.0,43.54
2026-04-08,183.04381322075466,183.8396589228307,177.22420765253625,178.04989624023438,8423584,4100202.0,48.68
2026-04-09,179.8902843365874,181.04425981905902,174.68746727647846,176.17967224121094,3065571,1629843.0,53.17
2026-04-10,177.07499419611773,183.8993457032153,176.88597913314436,181.31285095214844,4284850,1717191.0,40.08
2026-04-13,179.06459112718332,181.3526417163738,176.68701188550767,178.79598999023438,1958372,712232.0,36.37
2026-04-15,180.88508111444563,183.40193218304856,180.45730781333287,181.7107696533203,2468231,1265042.0,51.25
2026-04-16,182.04901248172155,184.22763424013993,180.3578498278995,181.14373779296875,2615893,1157712.0,44.26
2026-04-17,181.75056026754135,185.80935956186676,181.2233157317595,184.04855346679688,5821739,2735697.0,46.99
2026-04-20,184.53601527234403,187.9083979092249,181.5516053218479,183.66058349609375,3460303,1377691.0,39.81
2026-04-21,184.03861374524695,190.1566480763319,183.91924220458,187.51048278808594,3780000,1561343.0,41.31
2026-04-22,187.47067827206996,199.96540525289242,186.33660312074036,198.562744140625,12333012,4008590.0,32.5
2026-04-23,196.99095115681868,199.9057175017911,194.9814442666693,196.25479125976562,2808011,1434587.0,51.09
2026-04-24,196.26474395665747,198.62243819075402,193.59867829586608,196.71241760253906,2974983,1417798.0,47.66
2026-04-27,199.75651433803483,208.6102580201664,198.7915538808313,204.87974548339844,6702429,2248276.0,33.54
2026-04-28,207.42643668565083,207.8044668081463,202.98962233838952,203.84515380859375,2708182,1127611.0,41.64
2026-04-29,209.93334701061133,209.93334701061133,197.45851984254747,199.1397247314453,8854816,2851013.0,32.2
2026-04-30,198.96065863390905,201.4576094351469,193.9965847363753,195.34951782226562,2537711,1016554.0,40.06
2026-05-01,195.34951782226562,195.34951782226562,195.34951782226562,195.34951782226562,0,0.0,0.0
2026-05-04,196.96111396917402,204.92948306449102,196.41396910955936,204.23312377929688,4062588,1699934.0,41.84
2026-05-05,203.1388293482921,208.90869148227264,202.09428285498203,204.74046325683594,4353116,2005939.0,46.08
2026-05-06,205.37713279985158,208.11284180226528,203.2780972853653,206.72012329101562,2374842,1167929.0,49.18
2026-05-07,207.3667539134953,214.88746476152082,207.18769659782532,210.838623046875,5675541,2444993.0,43.08
2026-05-08,210.40090195692974,210.40090195692974,203.93468038378532,205.70542907714844,3660874,1964450.0,53.66
2026-05-11,204.92948284370883,205.9242861584841,200.45286792722004,203.8650360107422,4551393,2691059.0,59.13
2026-05-12,203.93467261240258,204.5315606528216,195.9762463641137,197.16006469726562,2889393,1761457.0,60.96
2026-05-13,197.25954865964988,200.94033318083842,194.51389689125253,195.1207275390625,2272432,1006119.0,44.27
2026-05-14,196.06577947072057,200.9502673346563,192.01693791825508,199.76644897460938,1804072,679379.0,37.66
2026-05-15,201.14922778680992,202.7210188501884,198.26430423751032,198.6920623779297,1579468,471135.0,29.83
2026-05-18,195.4788428086765,199.10986867709124,192.42478947965643,198.33392333984375,1280438,552057.0,43.11
2026-05-19,199.14967844832836,202.34298859521144,198.4831620475132,201.119384765625,1461706,537451.0,36.77
2026-05-20,198.3936228428975,199.45806970303107,195.3097415960834,195.70765686035156,1414324,603724.0,42.69
2026-05-21,197.97579594852908,198.9606566636317,195.07097218277926,197.20980834960938,1566676,617891.0,39.44
2026-05-22,198.85123120654325,198.85123120654325,193.54892779129173,194.12591552734375,1491497,882657.0,59.18
2026-05-25,196.96110493444064,197.070533901344,191.33051478194662,192.0567169189453,1955714,1131314.0,57.85
2026-05-26,191.99703115145132,197.06057615376616,191.59911591516274,192.0567169189453,2723114,1045700.0,38.4
2026-05-27,192.64365075295328,195.27988857526645,191.30067542112752,192.45465087890625,2692167,1051633.0,39.06
2026-05-28,192.45465087890625,192.45465087890625,192.45465087890625,192.45465087890625,0,0.0,0.0
2026-05-29,192.7132932794005,194.36467037296399,190.10691353426557,191.30067443847656,2026013,1072302.0,52.93
2026-06-01,192.9918378081511,194.7824867618574,188.8136670358321,189.65924072265625,1187192,570422.0,48.05
2026-06-02,189.65924072265625,190.9922886645503,186.35650170092555,189.65924072265625,1161980,487451.0,41.95
2026-06-03,189.65923966516092,190.36555667444614,184.78470965455026,189.19168090820312,1536314,645560.0,42.02
2026-06-04,186.52561665798265,190.23622867510724,186.52561665798265,188.2864227294922,1105028,479880.0,43.43
2026-06-05,188.02776686614445,191.12160574615987,187.53036521456315,187.89845275878906,1205409,551221.0,45.73
2026-06-08,185.1329067756279,186.82406940978015,184.08836023763865,184.74493408203125,666397,307240.0,46.1
2026-06-09,184.78470897477996,188.51522126902182,184.78470897477996,187.71937561035156,742733,343036.0,46.19
2026-06-10,187.7193865032774,191.74834305074842,185.07320598593165,186.16749572753906,2893648,1187451.0,41.04
2026-06-11,185.0334086178172,188.91313530736122,183.6008894772184,184.4564208984375,2384058,1127831.0,47.31
2026-06-12,186.7743157854334,190.78337178873196,185.48106848577405,189.828369140625,3754363,2122566.0,56.54
2026-06-15,191.99704522607288,195.42911372400798,189.61946584314742,190.16661071777344,4405486,2397728.0,54.43
2026-06-16,190.99229740321738,197.9161201016831,190.6142672791681,196.24485778808594,5460601,2660599.0,48.72
2026-06-17,197.25954163673893,197.25954163673893,191.80802374886557,192.58396911621094,4323886,2660696.0,61.53
2026-06-18,193.46934248672534,194.9416623072131,190.4451471188061,191.42999267578125,3853927,2331528.0,60.5
2026-06-19,192.42999267578125,192.42999267578125,183.1300048828125,184.30999755859375,11691354,6018674.0,51.48
2026-06-22,186.4499969482422,190.1300048828125,186.22000122070312,187.10000610351562,5261866,3061994.0,58.19
2026-06-23,187.0,188.89999389648438,183.3000030517578,183.82000732421875,4962867,2946483.0,59.37
2026-06-24,184.9499969482422,185.5800018310547,182.22000122070312,183.08999633789062,4718091,2600163.0,55.11
2026-06-25,184.0,185.6999969482422,181.6999969482422,182.02999877929688,4721053,2680404.0,56.78
2026-06-25,184.0,185.6999969482422,181.6999969482422,182.02999877929688,4721053,0.0,0.0
2026-06-26,182.02999877929688,182.02999877929688,182.02999877929688,182.02999877929688,0,,
2026-06-29,182.49000549316406,184.0,179.5,182.6699981689453,1888530,994987.0,52.69
2026-06-30,183.0,184.1999969482422,179.7100067138672,183.61000061035156,1645958,712526.0,43.29
2026-07-01,184.0,186.27999877929688,183.5,184.1999969482422,1417576,0.0,0.0
2026-07-02,185.5,190.89999389648438,180.0,183.9600067138672,16363736,7770890.0,47.49
2026-07-03,188.8000030517578,194.6999969482422,187.0,191.11000061035156,15405298,3740904.0,24.28
2026-07-06,191.99000549316406,192.25999450683594,187.4499969482422,190.77000427246094,3449927,1706002.0,49.45
2026-07-07,191.0,191.35000610351562,185.00999450683594,185.3699951171875,2264863,1171262.0,51.71
2026-07-08,184.9499969482422,185.27000427246094,180.27000427246094,181.44000244140625,3236785,,
2026-07-09,182.10000610351562,186.89999389648438,181.0500030517578,185.67999267578125,1651684,,
2026-07-10,187.75,192.52999877929688,186.49000549316406,190.0,5195267,,
2026-07-13,188.00999450683594,191.5,187.02000427246094,189.3800048828125,2744960,1661248.0,60.52
2026-07-14,187.10000610351562,190.69000244140625,186.39999389648438,189.27000427246094,2189721,,
2026-07-15,189.0,190.0,185.57000732421875,188.94000244140625,2190015,1109733.0,50.67
2026-07-16,188.5,191.0,188.0,189.83999633789062,1583149,,
2026-07-17,188.5,189.6699981689453,185.0,188.66000366210938,1980401,932204.0,47.07
2026-07-20,188.0,190.8000030517578,187.00999450683594,189.3699951171875,1408368,699637.0,49.68
2026-07-21,189.0500030517578,198.60000610351562,189.00999450683594,193.92999267578125,8433389,3464361.0,41.08
2026-07-22,194.5500030517578,194.5500030517578,189.17999267578125,189.89999389648438,1461479,,
2026-07-23,189.0,190.25,186.1300048828125,187.4199981689453,1017769,462560.0,45.45
2026-07-24,186.10000610351562,189.17999267578125,185.35000610351562,188.16000366210938,1118052,,
2026-07-27,188.19000244140625,190.7100067138672,187.1199951171875,187.63999938964844,790854,372954.0,47.16
2026-07-28,187.3000030517578,188.60000610351562,185.85000610351562,186.1699981689453,907838,485742.0,53.51
2026-07-29,187.58999633789062,191.10000610351562,186.64999389648438,189.91000366210938,2126346,1315995.0,61.89
2026-07-30,189.5500030517578,189.85000610351562,187.0,187.5800018310547,1092465,637365.0,58.34
2026-07-31,199.89999389648438,199.89999389648438,188.4499969482422,189.44000244140625,13726473,3372385.0,24.57
2026-08-03,190.25,193.89999389648438,189.36000061035156,190.3000030517578,3413191,1537315.0,45.04
2026-08-04,190.5500030517578,192.89999389648438,189.66000366210938,190.58999633789062,2329922,1089295.0,46.75
2026-08-05,191.9499969482422,194.25,190.3000030517578,193.5399932861328,2584392,,
2026-08-06,193.00999450683594,199.3300018310547,192.14999389648438,197.3800048828125,4418267,2099798.0,47.53
2026-08-07,198.0,201.5,195.05999755859375,197.5,3167471,1215365.0,38.37
2026-08-11,196.14999389648438,196.2100067138672,192.1999969482422,192.86000061035156,1060555,559053,52.71
2026-08-12,192.86000061035156,195.0,191.3000030517578,194.24000549316406,1428435,838311,58.56
2026-08-13,194.25,194.25,191.0500030517578,192.11000061035156,1196918,721035,60.24
2026-08-14,192.0,193.0,190.3000030517578,192.16000366210938,3033820,2425756,79.95
2026-08-19,189.6999969482422,191.27000427246094,186.9600067138672,188.72000122070312,1235568,616962,49.93
2026-08-26,202.52000427246094,204.5,199.25,201.89999389648438,4578549,1963126,42.85
2026-08-27,202.0,203.8800048828125,198.1199951171875,199.74000549316406,3438906,1641349,47.7
2026-09-02,194.00999450683594,194.02000427246094,189.7100067138672,191.25,2934421,1586198,54.04
2026-09-03,192.0,193.19000244140625,190.10000610351562,190.7899932861328,1051029,457885,43.38
