date,open,high,low,close,volume,delivery_qty,delivery_pct
2022-01-03,1540.5253466987951,1543.9755645310952,1512.4866618673545,1518.3665771484375,168373,,
2022-01-04,1522.934374678014,1540.4281964675508,1505.5863584642375,1527.9395751953125,203075,,
2022-01-05,1530.7092833945535,1539.7963274763993,1513.2154630129016,1533.1876220703125,166495,,
2022-01-06,1530.51510169077,1550.1470101003342,1519.0468819980078,1539.01904296875,336787,,
2022-01-07,1533.624924651399,1550.1468661717247,1533.624924651399,1541.254150390625,200253,,
2022-01-10,1549.369315395088,1568.4182369968094,1534.6454447756066,1554.4716796875,209156,,
2022-01-11,1554.4717507887756,1592.8609696018866,1546.259421054669,1559.962890625,548306,,
2022-01-12,1565.162334053298,1613.999248996819,1545.0931295885473,1600.3929443359375,479657,,
2022-01-13,1600.1014113316367,1623.4265044453994,1579.3031795776865,1607.3905029296875,302898,,
2022-01-14,1597.671871331168,1626.5852708482971,1589.0221247228992,1609.480224609375,329389,,
2022-01-17,1609.4314967389462,1624.0096805862192,1601.7536295185364,1616.9149169921875,196451,,
2022-01-18,1618.1298037477231,1635.2349681080113,1571.576897142649,1579.3519287109375,327627,,
2022-01-19,1571.67404212482,1595.5335987762196,1545.2875053345197,1567.0576171875,295196,,
2022-01-20,1555.0062082690272,1587.418345195123,1550.1468138681867,1557.2415771484375,121244,,
2022-01-21,1551.1188477079795,1564.5308250492044,1514.2846107422872,1522.3026123046875,132104,,
2022-01-24,1516.1799563108568,1526.2388807302964,1466.468319277373,1480.9493408203125,285079,,
2022-01-25,1469.4808842562318,1521.9623444082401,1431.6262488793905,1514.138671875,210818,,
2022-01-27,1512.1950171688623,1512.1950171688623,1419.2348897509016,1464.81591796875,566836,,
2022-01-28,1473.6114918191977,1530.7093814445088,1473.4171634797565,1506.2666015625,352731,,
2022-01-31,1506.4609290677759,1612.2984458525943,1506.4609290677759,1573.666259765625,959716,,
2022-02-01,1575.4157493333803,1608.5567971988767,1571.7225619354383,1603.989013671875,200962,,
2022-02-02,1615.7487262378957,1631.0558194338337,1605.009416572386,1623.8638916015625,279976,,
2022-02-03,1605.5439220677322,1625.90473730479,1581.7328893252022,1610.30615234375,281009,,
2022-02-04,1610.160405428188,1625.5646626278137,1600.7332273315892,1612.8817138671875,105058,,
2022-02-07,1616.0887560295948,1620.9967917804793,1552.0905561368124,1562.1981201171875,128297,,
2022-02-08,1560.5945967006742,1573.2776642316423,1535.568714175348,1552.5279541015625,162883,,
2022-02-09,1552.576597820784,1562.1982229995806,1545.2875058122356,1553.840087890625,147262,,
2022-02-10,1559.865768850309,1590.4799568370906,1536.3463448996195,1579.4005126953125,214598,,
2022-02-11,1572.5001753274012,1574.3467691001078,1539.6506186473632,1548.5433349609375,90806,,
2022-02-14,1524.2950254468258,1527.6966018979974,1475.263659418109,1484.2535400390625,143686,,
2022-02-15,1484.2534418228722,1535.7630246749732,1482.1153556500747,1525.7041015625,218831,,
2022-02-16,1520.0187041913366,1557.8733424960612,1506.5095628242707,1515.3536376953125,315874,,
2022-02-17,1516.131188044004,1537.220914166255,1493.097703988363,1507.38427734375,241152,,
2022-02-18,1506.4123232992233,1514.2845188095969,1491.83413952536,1501.7958984375,148089,,
2022-02-21,1486.974827354154,1506.266601223359,1474.3404007165045,1482.45556640625,214417,,
2022-02-22,1457.7697044475333,1479.1996815865148,1450.820865242376,1473.368408203125,131222,,
2022-02-23,1475.4579506074128,1504.8572868311833,1474.1944606039299,1488.72412109375,215548,,
2022-02-24,1457.8182925676597,1470.501359168021,1410.2933925024429,1423.365234375,367659,,
2022-02-25,1430.897550614706,1476.6730294334247,1430.5572980424108,1459.37353515625,469393,,
2022-02-28,1442.9973072879789,1474.9235078705576,1419.186272414394,1458.74169921875,521052,,
2022-03-02,1448.0995528311676,1461.5115290305341,1426.7182171517813,1456.1175537109375,628359,,
2022-03-03,1467.537072121754,1467.537072121754,1342.6506391630485,1355.96533203125,1186103,,
2022-03-04,1355.9654462914737,1356.0140876933801,1272.9670799300588,1301.5888671875,1650856,,
2022-03-07,1263.4425646678078,1281.0335489560553,1238.6596528224009,1264.7060546875,759895,,
2022-03-08,1263.4426854237302,1319.811666773404,1251.3913622352509,1309.7041015625,481107,,
2022-03-09,1313.9803492659516,1374.4798143116657,1286.7677384823373,1360.2904052734375,414597,,
2022-03-10,1396.5900978698407,1396.5900978698407,1359.464368192908,1366.4132080078125,213781,,
2022-03-11,1365.489851661206,1393.2855644159079,1357.0345527038087,1388.912109375,227150,,
2022-03-14,1400.9634638210546,1418.4086429880117,1376.4721624808733,1404.1220703125,337769,,
2022-03-15,1404.1707887829618,1414.0839068605646,1375.6946873959653,1391.2447509765625,233251,,
2022-03-16,1397.5618326850688,1441.6851576670326,1397.5618326850688,1424.0455322265625,249519,,
2022-03-17,1433.5213518498686,1454.6110761474838,1361.699478697472,1441.19921875,690848,,
2022-03-21,1441.199254600925,1461.4629060799073,1397.5132265583436,1405.0452880859375,318318,,
2022-03-22,1392.7996613969194,1404.0734331808458,1365.05258931639,1394.9378662109375,175151,,
2022-03-23,1401.4493640935916,1416.0275474926234,1383.2266348448018,1396.6871337890625,315277,,
2022-03-24,1390.7587234937832,1430.8973700265813,1384.6358388913013,1413.1119384765625,259931,,
2022-03-25,1426.6211027546267,1426.6211027546267,1394.3546511485577,1408.3497314453125,236336,,
2022-03-28,1403.393248122353,1414.0839169099888,1371.4670473340645,1376.9095458984375,339026,,
2022-03-29,1389.7868893123316,1389.7868893123316,1360.2417457001366,1367.8709716796875,276278,,
2022-03-30,1376.1318451984155,1425.1632056103483,1341.192847107416,1414.5697021484375,532213,,
2022-03-31,1418.9432827689386,1457.8184412009643,1400.1859713704587,1447.662353515625,358730,,
2022-04-01,1447.6624874386532,1475.312398976293,1430.2171872958786,1458.5474853515625,374389,,
2022-04-04,1464.6217107118682,1489.0644922525248,1448.1484084677845,1480.65771484375,290827,,
2022-04-05,1483.6218318453534,1520.5045898782662,1483.573190443703,1515.4993896484375,205798,,
2022-04-06,1514.1387738015303,1524.1005331120857,1500.6297512075146,1511.02880859375,182928,,
2022-04-07,1511.0289176092915,1542.3720162379454,1507.3357298507294,1527.9881591796875,475514,,
2022-04-08,1530.8064929531015,1550.1469075649675,1529.7374498478111,1546.0650634765625,231642,,
2022-04-11,1546.016371103672,1552.8681648521315,1526.8704040933553,1530.46630859375,150728,,
2022-04-12,1530.4663722280295,1537.5124945958041,1480.851904514396,1498.8316650390625,295966,,
2022-04-13,1513.8958184837006,1513.8958184837006,1474.4375561759623,1483.5732421875,188706,,
2022-04-18,1443.7261942870884,1478.6651954248723,1443.7261942870884,1466.1280517578125,208565,,
2022-04-19,1477.256039176768,1482.2612396159664,1409.2731524604703,1420.303955078125,145201,,
2022-04-20,1426.7181513721252,1460.7825525094313,1420.8382368763666,1440.130126953125,160227,,
2022-04-21,1453.6879920692145,1459.1791320629436,1436.5343042534357,1441.879638671875,269104,,
2022-04-22,1441.8796124151243,1519.5814070471156,1425.9407736210565,1502.1361083984375,1153370,,
2022-04-25,1498.6373423713508,1504.760227217389,1466.2737258495497,1488.33544921875,287510,,
2022-04-26,1490.4250614025077,1554.9577309449385,1473.4171792049394,1489.404541015625,858808,,
2022-04-27,1496.6449192515609,1535.5687180729292,1453.104814124184,1464.0384521484375,1602291,,
2022-04-28,1480.1229080926757,1534.548125933492,1458.5958855889007,1525.947021484375,722339,,
2022-04-29,1532.6531100296168,1569.5845102712942,1526.8218363072465,1541.3028564453125,626891,,
2022-05-02,1540.4281482160202,1548.932089097339,1494.6526730280925,1509.716796875,201256,,
2022-05-04,1520.9904648391912,1543.7809773844733,1448.3911591162678,1457.3323974609375,485552,,
2022-05-05,1483.865018969493,1488.2869975776107,1434.8336484596546,1442.07421875,344683,,
2022-05-06,1423.802567822492,1451.938414113858,1410.099099259016,1439.984375,244683,,
2022-05-09,1420.8868713847046,1443.677382844848,1383.469535852344,1425.5032958984375,458962,,
2022-05-10,1420.8870275259344,1443.9691526310924,1409.9533893182281,1416.99951171875,224359,,
2022-05-11,1415.0558430909814,1435.5139437720177,1392.313850456647,1422.8795166015625,175637,,
2022-05-12,1410.9254369652665,1421.8104350718052,1376.5208942306413,1415.3475341796875,256947,,
2022-05-13,1416.9994304554073,1473.3684064268843,1379.1447949088965,1387.5029296875,370150,,
2022-05-16,1389.7869252396802,1434.3961936304818,1388.3777481900943,1395.0836181640625,137735,,
2022-05-17,1402.0325665491666,1457.8184426833639,1397.1246489746738,1454.3197021484375,261495,,
2022-05-18,1465.5932915111323,1467.5370491921815,1441.2963204980167,1456.9921875,99419,,
2022-05-19,1426.7668461873873,1430.8000486546357,1390.8558501636262,1417.58251953125,198860,,
2022-05-20,1431.4804579250215,1450.1404853811193,1426.7182275795665,1435.22216796875,112438,,
2022-05-23,1437.068722870092,1473.3197337407937,1412.9175565433695,1422.5390625,256811,,
2022-05-24,1433.5214351088962,1433.5214351088962,1401.5465942864116,1420.546875,200168,,
2022-05-25,1422.830752637196,1437.2631310112283,1380.4082136415043,1389.884033203125,158662,,
2022-05-26,1394.11164031572,1443.1915247539525,1367.0934780847347,1433.81298828125,253063,,
2022-05-27,1423.802616924456,1450.9665852667265,1419.4778031881408,1435.8052978515625,220427,,
2022-05-30,1438.6237996194184,1498.6373241095378,1438.6237996194184,1495.916015625,233339,,
2022-05-31,1499.1231651365802,1506.4122567012637,1480.9976003848888,1499.0260009765625,105532,,
2022-06-01,1498.2971985387396,1517.1030323875875,1483.1359107318222,1490.76513671875,182194,,
2022-06-02,1480.2688708323271,1502.767893252679,1472.4938388866383,1496.353515625,131574,,
2022-06-03,1497.5682332378112,1515.4021874741602,1471.2788613183477,1476.3812255859375,62460,,
2022-06-06,1476.381274276145,1493.7292896305653,1455.1457431610672,1477.4503173828125,127990,,
2022-06-07,1453.0561233409444,1472.2507316645363,1444.0662434931862,1451.0638427734375,93351,,
2022-06-08,1452.959018815564,1458.5473227340851,1434.930616979916,1440.5189208984375,130710,,
2022-06-09,1457.8183182340772,1467.4884656233398,1435.2707757004134,1456.943603515625,432337,,
2022-06-10,1452.8617210514317,1476.6241115518378,1445.232495783028,1457.3809814453125,613610,,
2022-06-13,1428.661986616702,1467.7801124407308,1408.8356332789988,1451.0638427734375,464185,,
2022-06-14,1448.0997616477464,1461.657426726263,1391.3906437026806,1418.3116455078125,472442,,
2022-06-15,1425.7463321218688,1425.7463321218688,1399.6027662443375,1418.9918212890625,245360,,
2022-06-16,1427.738971803171,1446.8363003051359,1398.3881531883956,1405.67724609375,173379,,
2022-06-17,1399.5056454403875,1422.782098130013,1370.349277827046,1404.1220703125,313928,,
2022-06-20,1414.0839370975093,1448.925775325284,1400.1374972529625,1407.7667236328125,429225,,
2022-06-21,1406.794770205045,1447.662327219396,1406.794770205045,1443.14306640625,331439,,
2022-06-22,1443.1429970892254,1485.1281179615135,1428.7591419665107,1435.02783203125,899550,,
2022-06-23,1436.437141383381,1460.7827574389873,1430.751673042497,1448.5369873046875,131935,,
2022-06-24,1458.498678050346,1476.7214081784368,1448.3912319826845,1452.3272705078125,235310,,
2022-06-27,1467.537222320351,1478.2278908273206,1437.2146463737922,1452.813232421875,312354,,
2022-06-28,1443.3373774497811,1451.112408901817,1407.426498385717,1420.3524169921875,321724,,
2022-06-29,1409.9047886108594,1414.909989084592,1388.572092458218,1394.063232421875,242836,,
2022-06-30,1394.5976664322682,1421.7131131483568,1385.3162935452433,1411.94580078125,227042,,
2022-07-01,1412.917642182568,1466.5653119025044,1399.5056654338014,1453.4449462890625,174055,,
2022-07-04,1453.542218909921,1511.2718556440311,1453.542218909921,1502.087646484375,258850,,
2022-07-05,1502.5246937696743,1535.5685744864718,1491.688220924743,1524.3919677734375,224137,,
2022-07-06,1528.7655261811756,1577.3594717050528,1516.2769059090515,1571.5281982421875,565038,,
2022-07-07,1579.2061619272495,1586.106478886066,1567.0576748034287,1578.91455078125,188839,,
2022-07-08,1585.426254840707,1589.848233093341,1557.9220317778716,1573.2291259765625,360734,,
2022-07-11,1555.152081870461,1603.6002224390616,1555.152081870461,1570.60498046875,570574,,
2022-07-12,1564.725130278651,1582.7048910924118,1557.484679460029,1574.6868896484375,200819,,
2022-07-13,1575.4158424488464,1580.9555052356181,1560.060106955143,1569.00146484375,187767,,
2022-07-14,1572.3057852962222,1606.2242651485992,1569.6331182304148,1602.677001953125,319738,,
2022-07-15,1614.291027045468,1619.6363615721084,1596.845846363552,1606.6131591796875,388465,,
2022-07-18,1614.2909303130223,1629.112084248768,1594.4160533099507,1599.226806640625,259194,,
2022-07-19,1598.5951735871454,1607.925188400665,1589.9940680346442,1601.6566162109375,130024,,
2022-07-20,1608.4596894080053,1618.810224127782,1597.769020777499,1609.1885986328125,197538,,
2022-07-21,1607.4878735862267,1628.772047514188,1598.7409625449475,1622.454833984375,181805,,
2022-07-22,1631.784791451537,1643.3986976938565,1611.278168901727,1638.442138671875,170488,,
2022-07-25,1637.7131577245882,1659.1916583042923,1620.9482462178237,1628.917724609375,277461,,
2022-07-26,1632.6107540880598,1637.7617597372223,1611.7639990403943,1621.4827880859375,143587,,
2022-07-27,1623.0378241017697,1624.7386122407986,1552.1393031327095,1592.27783203125,709603,,
2022-07-28,1613.7563546704025,1639.9485635489168,1554.374574567711,1572.888916015625,623303,,
2022-07-29,1585.2803691990352,1608.362494205901,1570.847990553835,1576.824951171875,142362,,
2022-08-01,1584.1626467107806,1598.060562784189,1565.6969471478942,1572.01416015625,323535,,
2022-08-02,1581.796412645324,1591.7743014349526,1563.503576726762,1572.7967529296875,277200,,
2022-08-03,1570.0575902025637,1570.0575902025637,1540.7107193576558,1543.547607421875,281088,,
2022-08-04,1537.776090135006,1591.5786887084316,1537.776090135006,1577.0030517578125,210593,,
2022-08-05,1590.8450775453123,1595.442706560827,1568.9816809924166,1582.041015625,141440,,
2022-08-08,1581.7963998812613,1584.6821278611608,1562.2318185592915,1571.6717529296875,86752,,
2022-08-10,1571.6718088115813,1608.991272892704,1571.6718088115813,1603.953369140625,202801,,
2022-08-11,1608.7955071966499,1618.5289581062582,1584.8778541622237,1599.4534912109375,168640,,
2022-08-12,1601.3610768913027,1613.73569919943,1588.8886555532672,1608.502197265625,131955,,
2022-08-16,1614.0779900668078,1634.816398901362,1607.1814272532486,1624.78955078125,117169,,
2022-08-17,1628.751497915086,1633.1045697690442,1601.361082334532,1612.0238037109375,162980,,
2022-08-18,1612.0238132007962,1669.2990573275242,1602.1925626426632,1665.239501953125,400273,,
2022-08-19,1677.6627791973513,1683.825669824798,1623.762383759911,1632.3707275390625,444768,,
2022-08-22,1626.794979440027,1636.8707868492756,1602.8283666942177,1607.57275390625,106117,,
2022-08-23,1595.4916637566484,1622.392964034581,1580.8182272414126,1587.372314453125,448549,,
2022-08-24,1581.7964916798635,1618.9691983489017,1574.9488878197774,1583.0682373046875,229687,,
2022-08-25,1589.2310385508142,1602.2903737003273,1570.8892421574708,1577.590087890625,812414,,
2022-08-26,1577.8835288271819,1593.4373953063507,1566.1447796976554,1580.3291015625,296033,,
2022-08-29,1564.7264433066123,1587.8614665626812,1555.3353481845402,1572.992431640625,284532,,
2022-08-30,1574.948815832846,1616.0344371154422,1574.948815832846,1605.9097900390625,255263,,
2022-09-01,1602.3392043359977,1632.0773917178192,1592.5569137112357,1626.7459716796875,181735,,
2022-09-02,1626.8928821296488,1681.5759157206214,1626.8928821296488,1668.0274658203125,402636,,
2022-09-05,1682.2605202712643,1695.85792852068,1654.1853931205903,1659.6634521484375,308529,,
2022-09-06,1665.1415938533623,1673.4077017315742,1635.9904371375749,1653.94091796875,275422,,
2022-09-07,1651.1529860485157,1654.1854724940176,1636.4795489773092,1645.6749267578125,94283,,
2022-09-08,1650.27243588771,1667.8805590922022,1641.3705752613175,1652.7669677734375,97093,,
2022-09-09,1654.4789458114512,1664.8969903298623,1633.642617949162,1639.365234375,61815,,
2022-09-12,1639.365234375,1639.365234375,1639.365234375,1639.365234375,0,,
2022-09-13,1666.4133160019448,1680.5976383277612,1654.4300092094447,1658.7830810546875,72801,,
2022-09-14,1643.4247341133575,1671.4020598710765,1639.1205025938498,1644.35400390625,88694,,
2022-09-15,1646.261943563786,1664.9460973899018,1634.5231931709077,1653.451904296875,53977,,
2022-09-16,1651.7397971540063,1651.9353952043903,1596.4698542821072,1599.991455078125,654363,,
2022-09-19,1595.4916601012308,1615.1052012967525,1585.758328333517,1607.52392578125,70242,,
2022-09-20,1617.061690805801,1643.4249177631577,1609.3336568932964,1626.305908203125,260123,,
2022-09-21,1630.3166277896835,1658.6852722745598,1617.8442065075396,1628.0667724609375,220257,,
2022-09-22,1627.7732632017544,1643.424929194079,1599.013303058311,1603.7576904296875,222913,,
2022-09-23,1606.2521398116673,1611.7301987445571,1577.003066610992,1608.893310546875,206811,,
2022-09-26,1600.4806186466392,1638.5337548049545,1575.340178352934,1610.40966796875,378546,,
2022-09-27,1611.2902001812129,1631.3927379637587,1594.6113450786597,1616.4259033203125,159356,,
2022-09-28,1614.5180997252544,1659.3210383110654,1607.9150535890128,1650.468017578125,167468,,
2022-09-29,1662.0112102592786,1679.6193337346565,1629.6318515287685,1662.6959228515625,263550,,
2022-09-30,1662.6960582713737,1675.2663985286163,1638.5338457440055,1669.7393798828125,196223,,
2022-10-03,1652.0333450642227,1677.1248258460475,1617.0126956628742,1634.1806640625,130673,,
2022-10-04,1640.4902263130837,1666.364338646965,1638.4359690535568,1658.8809814453125,96740,,
2022-10-06,1668.3208342906566,1716.1074231735818,1653.0116438235007,1700.11328125,328927,,
2022-10-07,1709.9444638060968,1712.8301918809514,1658.734194393306,1689.2060546875,356499,,
2022-10-10,1688.4234538366863,1699.6241294472766,1645.9194465211287,1672.478271484375,208097,,
2022-10-11,1662.9895105076075,1669.9349134042393,1600.5296048337364,1615.00732421875,369343,,
2022-10-12,1608.2086213345178,1641.4194511207072,1588.7907978122646,1633.0556640625,238158,,
2022-10-13,1633.0556596340036,1643.42486406041,1608.1596577540217,1618.871337890625,96499,,
2022-10-14,1628.7513880057497,1643.71834041738,1609.2846057920847,1625.5721435546875,164841,,
2022-10-17,1615.7898847205943,1638.1913545605198,1612.7573984517046,1632.517578125,83942,,
2022-10-18,1638.5337369032309,1653.2071733531106,1627.1373440446114,1647.7779541015625,143234,,
2022-10-19,1656.0439448425861,1667.7826931747502,1623.8601859493585,1632.957763671875,240962,,
2022-10-20,1629.729684277298,1646.3595790148213,1611.5834866662603,1623.468994140625,124814,,
2022-10-21,1614.0779794596306,1651.00612717151,1598.4263142042644,1606.4967041015625,483409,,
2022-10-24,1606.4967041015625,1606.4967041015625,1606.4967041015625,1606.4967041015625,0,,
2022-10-25,1594.5133634427,1607.670496498655,1556.9983029767623,1580.62255859375,517782,,
2022-10-27,1589.5244176631575,1618.920129161012,1566.4382358141363,1609.626953125,310794,,
2022-10-28,1612.8552517884377,1635.0610049122588,1604.3935460693665,1617.452880859375,255192,,
2022-10-31,1620.9256415015288,1624.1538453420326,1595.5406437645313,1616.865966796875,193635,,
2022-11-01,1617.159633713261,1660.054960458953,1613.295556706856,1653.4029541015625,207318,,
2022-11-02,1643.424831046846,1661.424269745619,1629.7296241214558,1635.0120849609375,178552,,
2022-11-03,1626.9417628169492,1638.3381557934354,1588.1549548507367,1621.6593017578125,301220,,
2022-11-04,1628.1644479447623,1631.6860486276007,1616.0343838925637,1622.1483154296875,88522,,
2022-11-07,1627.7243059803295,1635.5012991774618,1605.3229545314796,1615.5943603515625,61918,,
2022-11-09,1620.5343569012607,1667.782871762732,1618.9692141719197,1640.3924560546875,329340,,
2022-11-10,1640.4903170038313,1649.2454203044383,1608.600069965494,1616.4259033203125,150701,,
2022-11-11,1619.06703545139,1646.5552505678659,1614.2736887540661,1642.642333984375,202603,,
2022-11-14,1648.3161089551047,1690.3799621806652,1638.778374793495,1653.3050537109375,380847,,
2022-11-15,1656.8756731791718,1659.0766888335797,1617.012834104898,1638.827392578125,306094,,
2022-11-16,1641.2239530549432,1663.9188215234196,1634.6209063059514,1643.8162841796875,117994,,
2022-11-17,1652.2290282442561,1667.538338267729,1638.5827794172806,1648.5606689453125,295997,,
2022-11-18,1653.2072299930514,1653.7941435886082,1607.3772191269745,1626.2081298828125,131306,,
2022-11-21,1632.7133205568848,1632.7133205568848,1604.3446767709215,1617.599609375,63711,,
2022-11-22,1612.219326573361,1631.6861091926783,1612.219326573361,1627.186279296875,67139,,
2022-11-23,1629.3384622081935,1662.2069380450555,1625.8168611208046,1629.5341796875,278893,,
2022-11-24,1630.70804483979,1641.370766795976,1621.9529414343313,1628.1646728515625,279374,,
2022-11-25,1634.9143197757276,1637.506531324361,1615.5942953203873,1620.045166015625,108038,,
2022-11-28,1623.8603402693693,1648.3160682854743,1614.0780490629274,1641.6640625,125361,,
2022-11-29,1649.2451899452533,1680.5974782089438,1635.8434999621106,1643.571533203125,415385,,
2022-11-30,1651.7888228273903,1664.5546411531373,1635.1589278429012,1649.39208984375,231120,,
2022-12-01,1661.0330310910147,1668.8099047612416,1649.2453225340212,1661.864501953125,172339,,
2022-12-02,1667.0978766739656,1719.237532098134,1653.402670159386,1698.010009765625,705911,,
2022-12-05,1702.6566192063488,1725.1558873360484,1690.91787061694,1710.335693359375,406142,,
2022-12-06,1717.2322208041116,1719.2376382183352,1685.6843324214422,1694.537353515625,221758,,
2022-12-07,1697.2275257987549,1709.9445043782268,1691.0646345682246,1707.9390869140625,194766,,
2022-12-08,1714.5911176774925,1744.1335898119046,1703.4392816474494,1727.3570556640625,505335,,
2022-12-09,1731.4655268031709,1748.8780527474146,1716.7920901353473,1737.62841796875,329161,,
2022-12-12,1739.0468093620266,1760.323292615366,1731.905689056732,1742.9107666015625,429097,,
2022-12-13,1738.3131415963608,1767.1219413383087,1725.2048475408305,1744.671630859375,341408,,
2022-12-14,1758.7581449340232,1758.8069847419995,1739.5359189942646,1744.7205810546875,141231,,
2022-12-15,1746.1388355127194,1755.9211259077488,1724.9601529249362,1734.693603515625,169745,,
2022-12-16,1738.3130452159207,1738.3130452159207,1698.0588953847905,1707.2542724609375,225942,,
2022-12-19,1711.9010692649704,1736.3567988258985,1701.4829045894667,1716.3031005859375,228731,,
2022-12-20,1716.7921339375227,1716.7921339375227,1683.7769005925704,1693.0211181640625,119748,,
2022-12-21,1695.2710188592746,1716.743099694275,1667.8806042441217,1673.2608642578125,225196,,
2022-12-22,1679.6194694124035,1689.5973590893618,1646.9955507760792,1681.575927734375,123423,,
2022-12-23,1670.619736368716,1674.58149265107,1643.9140336681037,1662.402587890625,203039,,
2022-12-26,1647.8269970094423,1671.793611094768,1625.2299276115398,1666.3155517578125,197553,,
2022-12-27,1666.3155724708022,1681.3313661712236,1656.9734362420352,1666.2177734375,109141,,
2022-12-28,1665.924152435466,1673.6521861854467,1650.2724868811695,1665.5328369140625,151215,,
2022-12-29,1659.9080372362678,1676.6846903130197,1631.7839503946695,1657.1690673828125,246495,,
2022-12-30,1666.315424016494,1681.380175597797,1655.9462197427524,1662.7938232421875,143971,,
2023-01-02,1661.0329178055047,1671.9890353404273,1640.5879068899003,1649.9788818359375,130102,,
2023-01-03,1652.718087255196,1657.6581920434553,1628.8982322240615,1633.447021484375,225635,,
2023-01-04,1631.4905492261864,1650.7126556109245,1618.5778533914222,1642.9847412109375,171819,,
2023-01-05,1650.1258655112538,1651.6421685026955,1628.6537828129458,1644.15869140625,85550,,
2023-01-06,1643.9628913835652,1649.440950226475,1615.056174951118,1621.463623046875,54852,,
2023-01-09,1614.5670666087028,1636.7728185479546,1610.26283485395,1625.5721435546875,75493,,
2023-01-10,1621.0233574081317,1637.5064932472371,1614.5670694709206,1633.251220703125,152223,,
2023-01-11,1630.5122988796713,1642.7401625339382,1627.773209656023,1637.7510986328125,202406,,
2023-01-12,1642.7401223162212,1643.816150408907,1600.8229112054303,1608.3553466796875,138474,,
2023-01-13,1609.2846046544796,1609.2846046544796,1574.4596739592375,1584.7310791015625,401576,,
2023-01-16,1578.8618133134753,1584.7311880841573,1569.7153948450427,1583.019287109375,78851,,
2023-01-17,1586.6875976042581,1588.93757229567,1567.6121301854646,1573.18798828125,102153,,
2023-01-18,1569.0794744936104,1582.1877683002306,1560.3732116316419,1578.5194091796875,105042,,
2023-01-19,1578.714984995295,1582.6768605547638,1556.4114335042182,1560.275390625,107173,,
2023-01-20,1555.3841779376987,1560.1285649123852,1525.645991156219,1534.5478515625,118585,,
2023-01-23,1531.417658149374,1548.9279829459247,1517.4289342351044,1546.53125,141783,,
2023-01-24,1554.30823641895,1554.6995519403752,1537.7761407937735,1541.8358154296875,238450,,
2023-01-25,1536.7979862339257,1540.7109028124971,1521.8310325557952,1537.9229736328125,110987,,
2023-01-27,1539.830431881978,1548.5366949210613,1497.032907938329,1509.114013671875,196453,,
2023-01-30,1517.0377689063464,1545.6020114799967,1503.391401018107,1540.46630859375,160956,,
2023-01-31,1532.9340213014873,1560.8623915953685,1527.8471581268427,1557.487548828125,85688,,
2023-02-01,1569.8621754014628,1569.8621754014628,1526.0374620592809,1541.4935302734375,116942,,
2023-02-02,1533.9120638211236,1568.2967183718551,1532.7870765646662,1554.8460693359375,92432,,
2023-02-03,1557.5364877750276,1560.2755773059287,1538.0208629587753,1549.3194580078125,124306,,
2023-02-06,1549.319442098201,1561.6451060351985,1539.4881909532278,1552.3519287109375,114897,,
2023-02-07,1544.4770154453709,1561.2047094413479,1543.64554457957,1553.525634765625,172886,,
2023-02-08,1548.5856600233299,1563.1123386088254,1543.6455551899792,1547.5584716796875,81664,,
2023-02-09,1551.8627422267361,1553.427884978928,1506.37508690462,1516.0106201171875,189109,,
2023-02-10,1462.4525828041901,1476.1477909374735,1424.0570885733778,1448.5128173828125,1203132,,
2023-02-13,1447.7789867967547,1455.4092211138816,1420.0462172497807,1427.9698486328125,224987,,
2023-02-14,1435.0620513279675,1437.9477793307135,1408.6498663342013,1428.3612060546875,181846,,
2023-02-15,1428.2145017159398,1440.6869228781852,1420.8288241645757,1436.9696044921875,196540,,
2023-02-16,1435.0619511125865,1447.289813681712,1425.670976542042,1430.0240478515625,260224,,
2023-02-17,1420.3886003634775,1457.5613047807035,1418.432142236255,1443.817138671875,269200,,
2023-02-20,1441.8607852119112,1446.9476483595904,1417.0138607226856,1427.3341064453125,378443,,
2023-02-21,1427.2851840964636,1441.7629028039914,1421.5624484596774,1432.4697265625,246328,,
2023-02-22,1430.2198186518117,1432.0783583014716,1404.736904342076,1414.3724365234375,303593,,
2023-02-23,1414.3724078666357,1426.6492298603462,1398.1827891968442,1415.6929931640625,257183,,
2023-02-24,1421.3669168339854,1422.4429449875827,1394.5145751516652,1400.188232421875,154359,,
2023-02-27,1390.0635104248345,1411.4867509705073,1389.3787978399628,1403.51416015625,122184,,
2023-02-28,1406.6443151074504,1430.1707698596263,1401.8021294178143,1415.3995361328125,230334,,
2023-03-01,1417.0138081877985,1442.8389608541954,1416.5246936386206,1432.322998046875,228944,,
2023-03-02,1437.9968660495795,1444.844470173625,1421.3669703197543,1425.964599609375,168287,,
2023-03-03,1430.121974053815,1440.3933795253417,1419.4593724754625,1432.9588623046875,77162,,
2023-03-06,1440.1487994381541,1442.887888618929,1424.3993351805204,1430.708984375,104191,,
2023-03-08,1428.2144288984086,1430.1708870201871,1415.1550948180816,1423.127685546875,178208,,
2023-03-09,1424.790682474772,1431.0513725899573,1402.927285998025,1408.64990234375,248788,,
2023-03-10,1403.7099201376602,1423.3234630464556,1396.7645168122156,1409.8238525390625,344566,,
2023-03-13,1406.8889904702737,1417.404952896244,1398.6230026540209,1402.97607421875,121402,,
2023-03-14,1398.8677622053838,1421.3670339051907,1391.677801436038,1413.834716796875,207466,,
2023-03-15,1419.9973406377314,1428.214488977408,1406.6934487325432,1410.9976806640625,264187,,
2023-03-16,1406.9868320402788,1432.1272698177563,1401.8021705251672,1422.2960205078125,339037,,
2023-03-17,1437.996704169135,1442.887849421411,1412.1714333545726,1414.9105224609375,211946,,
2023-03-20,1414.9106072115887,1420.9267401147893,1391.775464900024,1416.8670654296875,242874,,
2023-03-21,1419.410480965852,1419.410480965852,1402.7805855996085,1406.595703125,120648,,
2023-03-22,1407.2315300666567,1417.4539764728133,1400.0904098182982,1409.18798828125,125867,,
2023-03-23,1405.7151977862907,1412.5138421747229,1395.8351078917722,1405.1771240234375,123285,,
2023-03-24,1409.1389399751365,1412.0736271114956,1397.5957894737003,1405.4705810546875,72986,,
2023-03-27,1407.084777284375,1412.7095946731822,1380.2812757577724,1383.1181640625,159926,,
2023-03-28,1379.3030329011046,1385.3680055643713,1367.5642836849252,1376.0748291015625,529957,,
2023-03-29,1376.3193863768995,1391.8732529708839,1371.4772000903183,1376.0748291015625,343617,,
2023-03-31,1387.4223412267775,1400.090359949967,1384.1941375225874,1393.4383544921875,203026,,
2023-04-03,1394.0253638420497,1418.872286331134,1392.704659086435,1401.8511962890625,264766,,
2023-04-05,1401.802330982445,1402.0958474839622,1389.0853524040976,1391.3353271484375,136056,,
2023-04-06,1396.9110872165263,1396.9110872165263,1373.433589952383,1376.417236328125,122942,,
2023-04-10,1377.248700441273,1379.6453138435731,1358.4666310736804,1367.564208984375,147030,,
2023-04-11,1366.585982223219,1371.08581196861,1324.0330185677358,1339.733642578125,608120,,
2023-04-12,1339.1956325513777,1363.5046017067434,1337.2881335790887,1353.62451171875,304139,,
2023-04-13,1357.7820328685148,1365.754624163078,1350.1029580781383,1357.5374755859375,95326,,
2023-04-17,1363.6513265478352,1390.0635114953184,1359.0536976739202,1381.014892578125,248165,,
2023-04-18,1385.1724901245314,1385.1724901245314,1365.6568661537624,1369.765380859375,217183,,
2023-04-19,1369.7653578711402,1383.754082385071,1358.0266081518375,1379.93896484375,275947,,
2023-04-20,1380.134458179594,1412.9051319926016,1380.134458179594,1407.084716796875,509749,,
2023-04-21,1415.497616320081,1420.3887621954095,1402.8295962680766,1412.8564453125,217505,,
2023-04-24,1419.4103773421398,1419.4103773421398,1404.2478267916208,1412.416015625,146562,,
2023-04-25,1418.4322146018342,1430.6600785208157,1408.3075671594645,1421.5625,210230,,
2023-04-26,1390.6016753243148,1424.5951377826757,1390.6016753243148,1416.08447265625,159967,,
2023-04-27,1418.1387614405185,1425.7689966318428,1405.2751435534137,1423.0299072265625,204463,,
2023-04-28,1423.0299081823318,1450.518243048553,1418.4812381284469,1447.2900390625,219198,,
2023-05-02,1447.6322451417636,1454.9201232591304,1405.128240408894,1414.274658203125,532129,,
2023-05-03,1401.313153755166,1429.1926824686198,1393.6829191842871,1403.4652099609375,214135,,
2023-05-04,1406.6934790307337,1409.4814081490474,1391.1885713120032,1399.014404296875,196126,,
2023-05-05,1349.956198172048,1389.0853633364552,1342.4238816429938,1368.2001953125,1294282,,
2023-05-08,1367.7598650235896,1372.308654171811,1350.5430569328266,1365.510009765625,558912,,
2023-05-09,1369.5206668232734,1370.4499366535274,1343.1084825345388,1355.7276611328125,405763,,
2023-05-10,1355.3364343286212,1363.1622672226154,1347.0214868787523,1354.7005615234375,135821,,
2023-05-11,1359.7384520684002,1397.889387054492,1356.608166706429,1394.4166259765625,377799,,
2023-05-12,1399.4545501426066,1400.3349802299786,1377.3465959928815,1381.3084716796875,204290,,
2023-05-15,1388.498376825701,1406.9379710585408,1375.1455260320135,1391.628662109375,178266,,
2023-05-16,1394.954598721899,1421.4645815892586,1390.356970039588,1417.4049072265625,188343,,
2023-05-17,1428.067791844206,1430.171008386145,1393.976530061735,1398.86767578125,203989,,
2023-05-18,1403.7587189716699,1413.5410096962112,1389.1830819095578,1393.4383544921875,98647,,
2023-05-19,1402.7805371369689,1402.7805371369689,1371.428246543954,1384.3409423828125,219506,,
2023-05-22,1391.6286762139423,1391.6286762139423,1363.2600326719783,1370.25439453125,409141,,
2023-05-23,1374.4119463016975,1391.0418417373764,1364.8252529325055,1379.93896484375,270817,,
2023-05-24,1383.9495576619668,1395.394789857749,1376.1237252100877,1391.1884765625,0,,
2023-05-25,1395.8351999819083,1412.6606936204917,1389.0853949548618,1410.6553955078125,148425,,
2023-05-26,1417.3560784209965,1433.8392138448032,1412.1225769451448,1428.018798828125,373576,,
2023-05-29,1428.2145446589286,1435.7958204953031,1420.241953283936,1426.111328125,253187,,
2023-05-30,1428.2633695835216,1433.1055556070012,1416.6224200274453,1418.4810791015625,68948,,
2023-05-31,1416.475819638359,1429.1927986820738,1413.3943739106035,1423.0299072265625,110787,,
2023-06-01,1428.2144619657652,1442.3987836770689,1424.1059475799966,1431.2469482421875,245109,,
2023-06-02,1437.3119963823208,1440.050966085075,1413.5899418298347,1417.25830078125,195312,,
2023-06-05,1417.4049576571667,1423.274332054167,1413.5410006108993,1417.160400390625,172989,,
2023-06-06,1420.3887364350912,1422.3451947497401,1401.3622270902265,1410.01953125,211169,,
2023-06-07,1413.4922277593737,1476.1478554734952,1413.4922277593737,1468.908935546875,1200650,,
2023-06-08,1478.9356258599116,1479.0823841059603,1443.7683378388867,1448.365966796875,244663,,
2023-06-09,1461.6210763875706,1461.6210763875706,1439.8554782761114,1445.137939453125,206743,,
2023-06-12,1447.7791792220917,1456.094127210867,1428.2635549429444,1450.126953125,167651,,
2023-06-13,1457.5613909545302,1462.45253656176,1431.6872784573775,1433.9371337890625,226190,,
2023-06-14,1436.0403711417857,1462.4525578044752,1435.0621420061304,1451.59423828125,306469,,
2023-06-15,1456.876595937147,1463.4306829150578,1447.8279770755398,1456.82763671875,203287,,
2023-06-16,1459.5177746230972,1491.6037359321817,1450.664753761264,1479.2779541015625,876318,,
2023-06-19,1488.86478547249,1492.728742899652,1450.7628073544363,1457.90380859375,368572,,
2023-06-20,1461.474366131594,1473.6044316072018,1447.7791578813649,1462.648193359375,392744,,
2023-06-21,1463.4797004177449,1472.1370041151429,1446.409530886486,1454.7734375,242444,,
2023-06-22,1456.0939463452362,1480.598631904044,1441.5183095634338,1475.2672119140625,644709,,
2023-06-23,1482.0170993459737,1482.0170993459737,1449.7355387661605,1457.7081298828125,188147,,
2023-06-26,1457.5613610850041,1469.2511510816332,1448.2681846217104,1463.67529296875,306059,,
2023-06-27,1466.6099641546994,1474.8759522055864,1454.4310597412184,1466.120849609375,131504,,
2023-06-28,1472.234833545536,1475.8542335439759,1458.1483102589652,1472.381591796875,494524,,
2023-06-30,1479.0822844116055,1488.81561543613,1471.2564522189516,1479.0333251953125,206940,,
2023-07-03,1487.7887999774932,1487.7887999774932,1473.2131611539132,1477.223876953125,137379,,
2023-07-04,1486.5658284654771,1505.8368933580925,1479.4247084972765,1482.2615966796875,563560,,
2023-07-05,1482.2617702806265,1501.5817966545203,1477.566222434786,1488.5224609375,569220,,
2023-07-06,1497.473115234273,1514.7387628716044,1496.3969677219786,1510.0433349609375,559707,,
2023-07-07,1511.3639032476756,1519.874448335824,1460.5937909647712,1471.6478271484375,590646,,
2023-07-10,1472.2348578495016,1475.9032171298577,1438.0457971216795,1450.9583740234375,266082,,
2023-07-11,1451.0073341652717,1465.3872547882863,1448.3660438340992,1452.1322021484375,93601,,
2023-07-12,1452.6701458254286,1466.658869068838,1441.0781554130033,1453.3548583984375,152345,,
2023-07-13,1456.583100020816,1475.658567079517,1454.3331253718773,1468.56640625,175494,,
2023-07-14,1468.5175631175616,1481.8215751865246,1462.5503891408075,1477.4683837890625,151252,,
2023-07-17,1486.4680714607387,1495.5166906040276,1478.6422386881645,1482.6529541015625,135887,,
2023-07-18,1489.6472223020744,1489.6472223020744,1460.1046337966668,1470.0826416015625,131848,,
2023-07-19,1470.0337847105247,1474.9249302261146,1465.3871964707143,1471.3543701171875,218625,,
2023-07-20,1471.10986328125,1481.6258265003282,1465.7296030296284,1471.10986328125,102409,,
2023-07-21,1477.1260554706384,1504.5164723932728,1465.436264584825,1488.5712890625,357735,,
2023-07-24,1503.146865612334,1503.146865612334,1453.8440933043396,1464.0177001953125,232598,,
2023-07-25,1464.4089477557027,1469.3978922322442,1438.1435205712878,1448.365966796875,150121,,
2023-07-26,1455.555860716921,1471.1097264253767,1442.9368015581547,1467.6370849609375,331977,,
2023-07-27,1482.0170912596147,1529.118846458432,1465.9252702780273,1517.52685546875,777000,,
2023-07-28,1524.8145450848237,1539.977095493045,1509.945511159272,1536.2109375,354009,,
2023-07-31,1516.255018336106,1529.6078686704498,1490.821063189823,1506.71728515625,511889,,
2023-08-01,1516.2061258930185,1569.910926661161,1508.478211634565,1556.704833984375,1438430,,
2023-08-02,1565.1175996822699,1565.1665589023282,1505.20106734929,1525.841796875,403720,,
2023-08-03,1535.4746630671712,1535.4746630671712,1513.7513719225813,1529.036376953125,354962,,
2023-08-04,1538.5217917119023,1556.9031302547342,1537.342293191258,1553.069580078125,320229,,
2023-08-07,1557.8860591561574,1580.2973705944985,1549.4326665963533,1556.3133544921875,455309,,
2023-08-08,1558.7216616524306,1568.7477596120073,1529.5279317191996,1532.6241455078125,127221,,
2023-08-09,1532.4275671997407,1539.0133208076134,1516.946018653624,1522.7945556640625,147074,,
2023-08-10,1524.8097218164417,1529.3804888966972,1502.3000168324634,1510.9500732421875,74891,,
2023-08-11,1511.785591756076,1521.0744734364655,1499.007169979204,1507.6572265625,97256,,
2023-08-14,1506.870695010837,1516.0122286320186,1474.6297084654839,1512.86669921875,95855,,
2023-08-16,1515.7172964749875,1527.0212840946128,1497.680088053782,1520.779541015625,121681,,
2023-08-17,1528.249997632308,1528.249997632308,1507.902867656809,1520.337158203125,57437,,
2023-08-18,1530.2651270816525,1549.875040755719,1485.098251141292,1493.404296875,476028,,
2023-08-21,1498.0733790481922,1510.704333236025,1466.7170745735195,1505.6912841796875,121111,,
2023-08-22,1508.8365551720917,1523.5808863301252,1494.092224014058,1506.03515625,162497,,
2023-08-23,1511.7854604560914,1518.6661485075822,1496.156445026913,1505.19970703125,90889,,
2023-08-24,1513.7022492019862,1513.7022492019862,1501.3662298747577,1506.2318115234375,61819,,
2023-08-25,1498.0732899283646,1506.8214973736478,1482.296807082576,1489.0792236328125,83105,,
2023-08-28,1490.1605184371335,1498.712183178993,1479.3480080790805,1492.912841796875,67466,,
2023-08-29,1500.9730387451398,1506.035283535177,1490.1605283154106,1500.6290283203125,119631,,
2023-08-30,1507.8536553954068,1518.1254918186241,1502.3982046697802,1507.46044921875,155964,,
2023-08-31,1510.7041645045206,1510.7041645045206,1486.2285512694114,1490.7501220703125,63549,,
2023-09-01,1490.2096805235287,1528.4957478846381,1484.803425466702,1520.0914306640625,168419,,
2023-09-04,1520.828678254728,1540.2912448517918,1513.7514467592594,1532.67333984375,237525,,
2023-09-05,1533.3613663606425,1552.0867164133074,1532.4276066423977,1548.4498291015625,251640,,
2023-09-06,1559.4096474994706,1577.6435193482462,1550.1207663627317,1554.59326171875,266215,,
2023-09-07,1556.018499158208,1643.747274300261,1533.4105234913484,1634.0159912109375,1405902,,
2023-09-08,1646.4504554612847,1658.2459214108583,1634.016044441506,1651.4144287109375,557692,,
2023-09-11,1655.346186385172,1656.820619571588,1624.2356221538573,1631.6077880859375,295153,,
2023-09-12,1631.6077569534314,1631.6077569534314,1577.8400224542536,1581.9193115234375,151328,,
2023-09-13,1587.2764980926256,1611.8994599574537,1567.9613996307307,1573.8099365234375,188561,,
2023-09-14,1579.5601409870533,1600.2514002702,1578.6263813476298,1596.3687744140625,315861,,
2023-09-15,1604.0850530553685,1609.8353185482013,1580.5431975908045,1583.541259765625,216474,,
2023-09-18,1592.2894914585265,1592.2894914585265,1572.1389055686925,1585.6053466796875,95645,,
2023-09-20,1573.7117201918668,1581.9685702045515,1563.1941445737154,1572.6304931640625,116657,,
2023-09-21,1558.9673364427574,1567.8139354515752,1539.3082275342738,1544.6162109375,121317,,
2023-09-22,1544.6162297865008,1559.4096374268522,1530.8548533826317,1536.2611083984375,69522,,
2023-09-25,1536.261120821464,1556.4607836409662,1524.66219833425,1551.89013671875,69311,,
2023-09-26,1551.152934309814,1558.4267088283332,1544.2722459892934,1551.5460205078125,64388,,
2023-09-27,1554.00330816028,1557.2471090106458,1534.7374061133303,1551.1036376953125,74923,,
2023-09-28,1548.2039680405258,1564.8650142605584,1508.9348273785622,1513.9478759765625,253045,,
2023-09-29,1528.4956370643415,1537.1456925239827,1512.0311342213654,1530.4615478515625,119365,,
2023-10-03,1536.3593587294752,1552.6763950993638,1528.6922582716143,1531.3953857421875,171144,,
2023-10-04,1530.510966863712,1545.2552999185384,1513.5549838506615,1522.9913330078125,67521,,
2023-10-05,1529.4295680650018,1538.8660368927567,1519.9441434455562,1526.7264404296875,69872,,
2023-10-06,1534.393443938461,1543.1908471426214,1524.5638895250179,1534.147705078125,79148,,
2023-10-09,1527.5128521931445,1567.814027830158,1527.4636564221032,1537.3424072265625,564001,,
2023-10-10,1551.1037020883944,1564.8158826376007,1529.4786821606726,1554.986328125,316817,,
2023-10-11,1566.4869457014188,1574.5963280024598,1545.1567408672995,1553.069580078125,147625,,
2023-10-12,1570.713552302493,1579.6093467752237,1555.0354614800274,1572.286376953125,352524,,
2023-10-13,1548.1548054237119,1574.645406320647,1544.321255240918,1555.6744384765625,458958,,
2023-10-16,1548.1547393340163,1558.0825647756208,1514.7342560722027,1538.521728515625,362528,,
2023-10-17,1547.9582395245698,1564.3243512347303,1538.6201630580201,1545.5499267578125,202368,,
2023-10-18,1545.5500234853148,1557.345489233907,1528.8889761113014,1540.8319091796875,306510,,
2023-10-19,1532.476725344275,1549.0395004953857,1520.5337927611222,1539.5047607421875,205974,,
2023-10-20,1582.5583205659655,1606.640729791969,1558.9673890792678,1583.197265625,2109714,,
2023-10-23,1583.148090594465,1617.4040654749247,1574.7438931360434,1601.28369140625,647131,,
2023-10-25,1617.7480579887442,1626.6437324346261,1561.6704039835822,1567.1258544921875,494630,,
2023-10-26,1557.9844102824586,1563.5381326514332,1531.4446127571423,1543.977294921875,118916,,
2023-10-27,1552.0867807751933,1587.4731798302325,1552.0375850028524,1584.08203125,152114,,
2023-10-30,1579.6092782084147,1587.4729211615368,1563.4887861565803,1581.72265625,222473,,
2023-10-31,1575.677550951308,1603.3968460227031,1575.677550951308,1587.6204833984375,102136,,
2023-11-01,1597.302595625924,1597.4008671723345,1576.3165209059437,1579.117919921875,274912,,
2023-11-02,1582.3125216109784,1591.7488698493933,1573.8591288138498,1584.4749755859375,63190,,
2023-11-03,1592.3877615650485,1598.2854940152895,1578.7738531570105,1585.654541015625,206266,,
2023-11-06,1588.9475254337483,1594.2555089970062,1553.8068672003697,1562.11279296875,153446,,
2023-11-07,1572.6796824292583,1573.711833751455,1556.0678296449962,1570.1732177734375,71852,,
2023-11-08,1570.1731337576723,1572.7287940500669,1550.6614911544257,1566.68359375,107255,,
2023-11-09,1575.677649107722,1575.677649107722,1554.0526283464183,1559.0166015625,70691,,
2023-11-10,1562.8009566840926,1562.8009566840926,1533.4597593217668,1548.400634765625,103919,,
2023-11-13,1583.0497785572263,1583.0497785572263,1543.2400821700376,1546.532958984375,140684,,
2023-11-15,1554.6424016291237,1557.0015188374205,1526.2841593275282,1529.3804931640625,367664,,
2023-11-16,1524.7604463141129,1546.238118892159,1520.6320814192534,1536.5068359375,305251,,
2023-11-17,1536.6542525109642,1557.9843370795268,1535.7203728703291,1556.1658935546875,126249,,
2023-11-20,1562.8991900486706,1562.8991900486706,1543.3383522884901,1546.5821533203125,152421,,
2023-11-21,1538.3744741562396,1559.5570920980613,1538.3744741562396,1555.084716796875,125392,,
2023-11-22,1564.8651022931049,1575.3336020067582,1553.1188324671164,1570.36962890625,355598,,
2023-11-23,1577.5942241098219,1583.2954134360832,1565.2090100451803,1577.9383544921875,294322,,
2023-11-24,1584.5240887552366,1608.60649581138,1552.67631011979,1557.099609375,409804,,
2023-11-28,1562.8500588000356,1595.3859820410341,1554.0526550170343,1584.8682861328125,314501,,
2023-11-29,1585.7037691457635,1625.562662780798,1582.4108922092694,1619.3699951171875,311376,,
2023-11-30,1629.6418605719734,1632.4924553679457,1610.572500890621,1618.7310791015625,175094,,
2023-12-01,1621.8764455694902,1651.2668366719877,1615.143224929758,1643.50146484375,198248,,
2023-12-04,1654.3139594646234,1679.7725286498037,1644.5826768816025,1672.9901123046875,252596,,
2023-12-05,1672.0564131348515,1697.9572651966507,1658.8355903629254,1674.317138671875,286917,,
2023-12-06,1676.184797020792,1694.6152118832108,1671.614030136976,1684.49072265625,196620,,
2023-12-07,1687.243023239357,1704.1498089164927,1671.0242583786232,1695.59814453125,176678,,
2023-12-08,1708.1800386288785,1713.7336409609215,1681.8367844246027,1695.254150390625,159813,,
2023-12-11,1695.598121144143,1725.086784120563,1685.7685668186698,1719.9754638671875,234356,,
2023-12-12,1721.9414241319666,1739.6836982046368,1680.9521094250206,1687.0955810546875,210867,,
2023-12-13,1687.0955026533695,1693.9761905588427,1652.7903346695746,1680.853759765625,329778,,
2023-12-14,1685.7686491471052,1696.8268983033179,1671.0243169388214,1686.3583984375,172715,,
2023-12-15,1687.2921649292982,1693.0915058837047,1675.9389818947861,1688.815673828125,146023,,
2023-12-18,1689.2090072426497,1694.7135339811452,1669.4024301484433,1675.496826171875,251146,,
2023-12-19,1679.870906585474,1685.5229005660863,1666.1095299370265,1668.0262451171875,237101,,
2023-12-20,1669.9920314497836,1732.7538298298234,1647.2857856721541,1654.8546142578125,542638,,
2023-12-21,1645.4674362567894,1686.75156548187,1634.6549262216492,1673.97314453125,161896,,
2023-12-22,1679.8216598392733,1696.5810981734162,1645.5656865768708,1655.88671875,354584,,
2023-12-26,1671.0242520599343,1684.7856282533692,1660.0642748793703,1679.8216552734375,336099,,
2023-12-27,1690.1919515951108,1690.7326251061786,1663.4064147059182,1678.3472900390625,147871,,
2023-12-28,1687.7344125011152,1746.7117361761689,1676.4796212289948,1721.400634765625,485581,,
2023-12-29,1731.37770905414,1758.5072547777622,1707.7867788614813,1754.722900390625,551866,,
2024-01-01,1762.6356427578764,1777.134235462883,1741.8953070218702,1762.1441650390625,364690,,
2024-01-02,1760.7680777698201,1791.5837059426067,1754.5754106774418,1781.7049560546875,286287,,
2024-01-03,1784.064245193475,1810.260033452793,1772.8585284158103,1793.8446044921875,289694,,
2024-01-04,1798.1204332346522,1865.747695469473,1798.0712374668126,1860.1448974609375,490520,,
2024-01-05,1873.709676591005,1874.1520785481255,1845.4006309328877,1856.065673828125,324201,,
2024-01-08,1875.4791013245167,1875.4791013245167,1822.5960472221127,1831.049560546875,155055,,
2024-01-09,1833.6541463975652,1847.169783467929,1781.0660312510597,1783.9166259765625,444379,,
2024-01-10,1783.86751368293,1803.723164831252,1769.2214541776461,1782.0489501953125,168705,,
2024-01-11,1782.0980917937272,1792.9106009000323,1759.4901182078167,1767.3045654296875,98554,,
2024-01-12,1759.5885073826719,1771.4822441968167,1748.6285302397198,1764.7490234375,209080,,
2024-01-15,1765.3880654281613,1800.6761916248013,1750.0539837352967,1794.4344482421875,371316,,
2024-01-16,1811.5868395307723,1811.5868395307723,1783.1303281102475,1802.5927734375,414883,,
2024-01-17,1794.876658740882,1821.514727542441,1782.9337259785968,1795.9578857421875,316473,,
2024-01-18,1795.9578708877116,1824.8567849899864,1773.6939060440861,1812.1766357421875,310329,,
2024-01-19,1823.382421174064,1823.382421174064,1780.8204007594106,1813.3563232421875,194333,,
2024-01-23,1808.6381155817269,1828.1989539818792,1792.566817193924,1810.112548828125,406350,,
2024-01-24,1824.2178056833056,1852.6744372963003,1791.9769396629697,1844.71240234375,333305,,
2024-01-25,1830.2629787793458,1857.7857303399376,1804.7061380445107,1810.849609375,299148,,
2024-01-29,1819.4504725964775,1819.4504725964775,1765.338729021766,1770.99072265625,219353,,
2024-01-30,1775.5124610225607,1788.9789025679981,1762.1441710336069,1764.699951171875,45370,,
2024-01-31,1774.1854045929322,1781.1152885625158,1763.4712861004975,1777.28173828125,90597,,
2024-02-01,1777.2817191605518,1785.1945585022702,1758.5564898949324,1772.4161376953125,147381,,
2024-02-02,1776.2004803615907,1818.3692927422114,1769.6147269084177,1815.076416015625,120945,,
2024-02-05,1823.3823285302658,1831.0494289048622,1740.568333285697,1746.4168701171875,292810,,
2024-02-06,1750.6435198481126,1772.2193422961898,1729.3134362433605,1767.3045654296875,111679,,
2024-02-07,1782.098257794046,1791.927812442662,1747.4982734267908,1761.1121826171875,95380,,
2024-02-08,1769.2706630606463,1771.7280517534664,1710.1950628831908,1726.21728515625,115705,,
2024-02-09,1739.8311152846666,1794.0411313774885,1715.896174504533,1746.466064453125,691104,,
2024-02-12,1736.8823105494437,1742.0920225214973,1680.903044688049,1697.4658203125,301746,,
2024-02-13,1695.3032425603426,1716.4859808278486,1678.8879342900302,1708.130859375,186072,,
2024-02-14,1696.581171576081,1713.438882186144,1688.815799226203,1701.9874267578125,78139,,
2024-02-15,1704.4448086050663,1741.2564434709345,1698.694543023799,1733.88427734375,134566,,
2024-02-16,1738.1602506597649,1747.5474036478238,1693.9763291439601,1704.3465576171875,196409,,
2024-02-19,1718.2062164720514,1742.3868978089042,1709.4088127302682,1735.8502197265625,97509,,
2024-02-20,1734.9163854712126,1734.9163854712126,1690.6833898076407,1700.4146728515625,58705,,
2024-02-21,1701.3482642818897,1712.3082405658793,1683.5567962280195,1690.781494140625,67518,,
2024-02-22,1690.830848297282,1706.410668246179,1677.069471940458,1703.2652587890625,115018,,
2024-02-23,1703.21601848416,1707.2953075097732,1678.8878716323445,1685.6702880859375,103919,,
2024-02-26,1685.7193612484607,1696.482795166069,1664.6350153388,1677.7574462890625,134808,,
2024-02-27,1685.1789079810392,1685.1789079810392,1657.2629482008347,1659.7203369140625,97529,,
2024-02-28,1665.0772880979828,1670.729281771078,1619.1733179141056,1632.885498046875,94333,,
2024-02-29,1632.8855758005604,1677.6592453735625,1621.8765225524405,1668.27197265625,137645,,
2024-03-01,1668.2229431173205,1683.8519594930663,1664.0944580425792,1669.943115234375,62449,,
2024-03-04,1678.5930159821094,1688.078560309956,1664.1436185013315,1683.9501953125,135506,,
2024-03-05,1683.9009607064356,1687.2430332409397,1664.4875905307827,1674.169677734375,115089,,
2024-03-06,1676.8728037219437,1690.4376369422978,1645.3691535096161,1684.8348388671875,142810,,
2024-03-07,1691.666386180665,1695.59820811252,1666.1095436236067,1670.3853759765625,83909,,
2024-03-11,1686.063469695873,1686.063469695873,1649.7923909199226,1670.2869873046875,139865,,
2024-03-12,1685.7686515196465,1720.1720933873944,1663.7013489460642,1688.9632568359375,688104,,
2024-03-13,1690.5358725938233,1715.552160285661,1651.463394244245,1659.081298828125,380387,,
2024-03-14,1659.081435250897,1705.4278115926932,1638.1936306420525,1693.1900634765625,170937,,
2024-03-15,1693.189829682049,1716.1908894718329,1667.3380553163536,1708.867919921875,272331,,
2024-03-18,1720.171992788036,1720.4177316441487,1657.508584479329,1701.6923828125,152191,,
2024-03-19,1700.5129224873592,1700.5129224873592,1638.734196671231,1658.4915771484375,192237,,
2024-03-20,1671.024306823546,1695.6473894582011,1652.3481528061066,1683.9501953125,186459,,
2024-03-21,1690.3885044730798,1695.5982165545993,1674.3664020148087,1691.3714599609375,108867,,
2024-03-22,1688.7667670255817,1711.227276498631,1682.377556191384,1701.0537109375,237277,,
2024-03-26,1694.6151267556472,1707.0495366894631,1672.9901077367235,1683.704345703125,159064,,
2024-03-27,1675.939181653247,1687.1448987132653,1659.2781333857663,1668.6162109375,270850,,
2024-03-28,1664.1927577585852,1714.8640387598277,1659.9168055975226,1706.3614501953125,144921,,
2024-04-01,1730.0015571329932,1757.770048035838,1706.4106268084522,1749.2183837890625,245203,,
2024-04-02,1743.7630107777654,1793.795468399483,1743.124065721765,1773.9888916015625,345100,,
2024-04-03,1780.5745365111363,1795.6629981062226,1742.8291446091614,1771.0399169921875,344673,,
2024-04-04,1781.1151718662268,1781.1151718662268,1743.9103342443286,1750.6435546875,574579,,
2024-04-05,1755.6566535289596,1789.4211482438898,1738.8481398270403,1776.052978515625,547860,,
2024-04-08,1781.459343688146,1817.386414548767,1763.2746672723363,1805.4434814453125,418716,,
2024-04-09,1814.0442761618958,1822.2028543621257,1765.6829161994008,1793.5987548828125,634094,,
2024-04-10,1793.8936909040524,1820.4334879749617,1770.3027601743554,1809.4735107421875,288958,,
2024-04-12,1807.5567305391,1832.2780831408254,1793.1564097600308,1818.8607177734375,385699,,
2024-04-15,1782.3931861958993,1846.3343669677183,1782.3931861958993,1816.845703125,358265,,
2024-04-16,1813.208704184459,1825.7904613215949,1800.4793597495877,1821.95703125,244412,,
2024-04-18,1832.7204360723592,1832.7204360723592,1798.8084730557348,1809.375244140625,152768,,
2024-04-19,1808.5398177949544,1817.7304275662455,1794.0903001960485,1802.7403564453125,108830,,
2024-04-22,1805.6891776437324,1828.0022185604967,1804.5096790891566,1822.251953125,112922,,
2024-04-23,1815.5678843641629,1837.094512400718,1805.7383300133424,1828.49365234375,133309,,
2024-04-24,1840.5348186869612,2011.3233220307843,1823.480566235887,1996.333251953125,2492686,,
2024-04-25,1987.9292006530295,2070.1042553578054,1977.7064395915975,1987.8800048828125,1441742,,
2024-04-26,1977.7556827829678,2027.3949360603458,1944.2859996565048,2010.6846923828125,416180,,
2024-04-29,2022.0867960253304,2038.6496920707868,1984.243129542148,2003.509033203125,332961,,
2024-04-30,2008.4238269938016,2020.3176845451362,1991.861050803389,2003.1650390625,359413,,
2024-05-02,2003.1649325477317,2038.1089267490004,1993.187910747264,2018.695556640625,304045,,
2024-05-03,2029.8029295678057,2035.2583801104556,1958.3421189779226,2004.3443603515625,428648,,
2024-05-06,2011.520129551518,2011.520129551518,1927.5757070907805,1950.8717041015625,500431,,
2024-05-07,1965.910773282633,1990.1406475612757,1932.244551290168,1971.0712890625,383461,,
2024-05-08,1926.5928081979412,2004.6395000381829,1905.5084604102212,1981.392578125,1343822,,
2024-05-09,1975.7404589721202,1975.7404589721202,1869.92528054217,1878.1329345703125,691969,,
2024-05-10,1880.0988238793407,1914.4039927658866,1868.6965647624372,1886.58642578125,180121,,
2024-05-13,1886.3406815021353,1918.1883417051788,1853.4116743254283,1913.17529296875,149030,,
2024-05-14,1913.1753614044121,1925.5115005898444,1869.9253205804578,1882.5562744140625,184543,,
2024-05-15,1892.2874822165122,1897.1039878416104,1848.6442369438787,1855.033447265625,129015,,
2024-05-16,1855.3776189065902,1873.31655597799,1854.8861411786067,1867.4188232421875,270122,,
2024-05-17,1873.6605080460768,1898.676675625594,1854.3454099398364,1895.187255859375,220911,,
2024-05-21,1892.1892923667554,1892.1892923667554,1835.374417826052,1861.275390625,376575,,
2024-05-22,1859.702470168377,1865.1579207783818,1813.8476955386097,1847.41552734375,352309,,
2024-05-23,1861.0296646504246,1861.0296646504246,1838.1267538921518,1847.759765625,110841,,
2024-05-24,1847.75975591012,1851.8881209226734,1825.4465945612444,1842.6483154296875,333393,,
2024-05-27,1842.6974734255518,1854.689482017852,1825.4957529097312,1835.5218505859375,158725,,
2024-05-28,1839.2079370742326,1852.8710419651745,1816.9439719089166,1835.4727783203125,132590,,
2024-05-29,1833.2611424661702,1850.9051451100886,1820.040319435861,1845.74462890625,177400,,
2024-05-30,1828.3954030982989,1838.1266860222347,1798.9067396861774,1809.4735107421875,171464,,
2024-05-31,1820.4335795189588,1844.8109238280456,1809.1787870799017,1828.6904296875,205198,,
2024-06-03,1858.2772551583698,1861.7175991906652,1825.6922583974088,1844.3193359375,163910,,
2024-06-04,1856.7537040490386,1945.3671644782457,1799.3982758477,1892.926513671875,910113,,
2024-06-05,1897.103987271008,2034.7177480056926,1892.6806878188218,1982.277099609375,852233,,
2024-06-06,1985.520776230613,2011.1268132218054,1932.146368284075,2000.904052734375,261573,,
2024-06-07,2010.143839737383,2064.2063879943785,2007.29324501317,2035.799072265625,279780,,
2024-06-10,2039.6325150760786,2116.253842767042,2039.6325150760786,2109.71728515625,348493,,
2024-06-11,2121.9551974362353,2136.4537911419375,2098.708395723587,2103.4755859375,180921,,
2024-06-12,2103.4752043133526,2145.250805716723,2075.608564776584,2093.203369140625,234585,,
2024-06-13,2093.302024671518,2105.8347066731462,2078.950779093597,2082.194580078125,84849,,
2024-06-14,2094.7271906072797,2098.2167303355213,2061.601641031059,2073.1513671875,148313,,
2024-06-18,2064.501185055819,2081.997838412666,2044.5471433055752,2057.2763671875,315481,,
2024-06-19,2068.2365723689973,2081.0639484748317,2030.0486587320622,2060.225341796875,135847,,
2024-06-20,2081.064078366994,2087.1585942675542,2047.3978535025367,2054.77001953125,214763,,
2024-06-21,2054.42609497815,2063.518432929197,2027.001493819268,2031.6705322265625,150469,,
2024-06-24,2033.7347504737018,2056.588463836927,2002.329373009139,2046.80810546875,178548,,
2024-06-25,2049.5113589264497,2051.0349879069236,1957.0643486068818,1961.9791259765625,550763,,
2024-06-26,1949.6921627328238,1976.7234379912825,1923.7421144867674,1930.622802734375,420755,,
2024-06-27,1930.6228176349152,1965.5669326436935,1930.6228176349152,1956.7694091796875,186125,,
2024-06-28,1960.9962564203618,1970.7766158186637,1941.8778196105343,1952.1988525390625,108371,,
2024-07-01,1963.8958348067856,1987.5359618744087,1939.1746007089455,1975.3472900390625,132347,,
2024-07-02,1987.53582503788,2009.1608439057502,1967.1886961898897,1996.8739013671875,192997,,
2024-07-03,2015.0586270873766,2017.9091018363933,1994.4165631025792,2001.1007080078125,139825,,
2024-07-04,2003.2632633156143,2010.9794398167098,1971.2189387443216,1977.7064208984375,90734,,
2024-07-05,1985.5700069616473,2087.2075043955647,1982.1296628901791,2037.2735595703125,907664,,
2024-07-08,2051.821078083032,2097.3319626984594,2034.7177495136445,2074.9697265625,443325,,
2024-07-09,2076.935798764583,2089.66502463489,2056.834406562511,2066.2216796875,226023,,
2024-07-10,2069.022749495954,2084.2096025857963,2033.1940727457425,2054.819091796875,110845,,
2024-07-11,2074.0360587473224,2074.0360587473224,2008.2763132658806,2043.9085693359375,240933,,
2024-07-12,2050.445039811317,2051.968668733223,2022.9714833667633,2029.9013671875,72203,,
2024-07-15,2035.9954969564549,2041.0576210980407,1990.4846155289865,2033.046630859375,174898,,
2024-07-16,2039.1412188723327,2100.03526512044,2032.5554649080027,2047.39794921875,654117,,
2024-07-18,2049.46208823515,2064.206419805187,2037.7158187468915,2056.244384765625,383907,,
2024-07-19,2066.565535967736,2067.3519483593327,1994.613241754975,2006.064697265625,280420,,
2024-07-22,2006.0646598322292,2015.058726438415,1978.0996245270421,1980.4095458984375,291928,,
2024-07-23,1985.5701600992272,2004.148043515915,1945.5639182356774,1988.863037109375,376361,,
2024-07-24,1985.569951231705,2005.818808914648,1963.994127727805,1985.4716796875,314716,,
2024-07-25,1980.6313082441923,2123.8689839027497,1975.6426375124486,2083.6142578125,419567,,
2024-07-26,2109.051345877631,2109.051345877631,2000.38827887691,2012.242431640625,1027129,,
2024-07-29,2019.157192535752,2021.8737689934198,1944.0808977056556,1972.0369873046875,664660,,
2024-07-30,1980.5326210119533,2000.3883030134173,1966.801536444303,1991.3494873046875,541364,,
2024-07-31,2003.845687131669,2003.845687131669,1970.802285410926,1990.509765625,452567,,
2024-08-01,1990.4109946787746,2018.1200035339014,1974.6547781109507,1977.0750732421875,532595,,
2024-08-02,1973.7163274548238,2007.9945357580345,1957.2686672753662,1973.37060546875,258639,,
2024-08-05,1940.8211844798204,1963.838046845021,1912.2230881188377,1929.1646728515625,230467,,
2024-08-06,1948.0324550235703,1985.5706057796026,1929.8560631717348,1959.6890869140625,331470,,
2024-08-07,1985.570606035555,1985.570606035555,1935.1904563301755,1941.5126953125,356103,,
2024-08-08,1948.032420309172,1951.3416804758303,1911.482116277002,1921.706298828125,210198,,
2024-08-09,1936.6721850288438,1937.660031080886,1897.6522659731747,1921.8050537109375,303629,,
2024-08-12,1921.8049494780619,1921.8049494780619,1878.685568114423,1898.73876953125,147990,,
2024-08-13,1900.6158908854509,1908.8150617263343,1877.8954306513733,1881.599853515625,207720,,
2024-08-14,1891.5277262049915,1895.9235930355837,1865.0534029705261,1868.5108642578125,117154,,
2024-08-16,1881.0070331974962,1952.2801480404216,1876.9568886110897,1947.785400390625,312571,,
2024-08-19,1960.8744479364748,2002.36398285503,1941.1175265466866,1964.3319091796875,683150,,
2024-08-20,1965.714804119247,1965.714804119247,1910.7411494138898,1914.149169921875,372747,,
2024-08-21,1934.893991202608,1990.5592120515316,1921.9039122399777,1985.866943359375,331017,,
2024-08-22,2000.388208064171,2028.838221924642,1985.8669196773376,1999.9437255859375,257739,,
2024-08-23,2007.5005998437168,2010.464137853871,1968.33260227885,1980.4337158203125,276279,,
2024-08-26,1985.4717781644304,1996.1898835716543,1964.0354467633076,1983.644287109375,123130,,
2024-08-27,1985.5705034329535,2013.1807515022404,1974.259714720206,2007.0067138671875,185861,,
2024-08-28,2006.3152273789613,2016.1936873857508,2001.6723994104382,2005.52490234375,290995,,
2024-08-29,2009.2789020529988,2027.9985368045143,1992.63371992668,2009.822265625,288803,,
2024-08-30,2010.2666359315426,2059.6589365686814,2003.8950773840204,2025.52880859375,650616,,
2024-09-02,2035.8518346824014,2035.8518346824014,1991.7940454112725,2005.8214111328125,212638,,
2024-09-03,2019.1078275868272,2022.6147291981279,1985.2741013474933,1991.1024169921875,151614,,
2024-09-04,1995.4489805972773,2018.8608832735758,1981.7673371991307,2002.1663818359375,450358,,
2024-09-05,2014.217995384393,2028.7392833597055,2001.9193609106078,2005.52490234375,503253,,
2024-09-06,2013.2302573534637,2022.1703123737323,1980.9277396335424,1985.373046875,96860,,
2024-09-09,1992.4855195439495,2051.459881580361,1978.7051151273376,2041.5814208984375,333356,,
2024-09-10,2043.853342536188,2065.78347516392,2036.6420186125338,2053.8798828125,159048,,
2024-09-11,2042.02587521572,2069.981966794457,2038.0252916334318,2055.757080078125,173083,,
2024-09-12,2063.314019801227,2069.4386171460183,2038.963710861901,2057.7822265625,102426,,
2024-09-13,2064.598300246447,2064.598300246447,2036.000204561437,2054.867919921875,120973,,
2024-09-16,2063.610435828531,2093.196377327256,2050.768436945922,2089.29443359375,279881,,
2024-09-17,2100.160556577912,2102.1362485408263,2054.719641430883,2060.84423828125,209411,,
2024-09-18,2074.4766947085272,2078.8231208376237,1992.979395987835,2024.2940673828125,258860,,
2024-09-19,2052.5465197294034,2123.868954525786,2050.7683486490846,2104.60595703125,1263253,,
2024-09-20,2113.496660188962,2113.496660188962,2032.048800205554,2064.351318359375,575889,,
2024-09-23,2066.573779703984,2136.6119628622855,2049.483996101784,2117.9912109375,330927,,
2024-09-24,2131.7717789639896,2135.7231631696686,2098.678936241425,2128.561279296875,235451,,
2024-09-25,2145.601709276714,2153.5044780033318,2085.1455767527605,2104.26025390625,399057,,
2024-09-26,2113.2002386939466,2143.1814630186936,2100.4571210171684,2130.58642578125,198480,,
2024-09-27,2146.5894233785284,2178.101615268957,2125.8940972828805,2154.393310546875,901729,,
2024-09-30,2153.504268996076,2169.4578853452203,2141.650117056648,2149.009521484375,138230,,
2024-10-01,2154.4922713727283,2159.8265436633187,2123.572641251782,2137.056884765625,138743,,
2024-10-03,2114.0401399242633,2146.0462577820304,2092.752007777573,2121.25146484375,217965,,
2024-10-04,2107.272975497457,2137.64923908257,2073.7356530422185,2079.5146484375,94440,,
2024-10-07,2080.2556652888725,2093.7396671714514,2029.5791155557856,2042.9644775390625,295547,,
2024-10-08,2036.9385985406107,2099.1729010178456,2025.084445687804,2091.418212890625,145649,,
2024-10-09,2104.260053461902,2115.1263594259153,2067.4135907225996,2073.8837890625,179172,,
2024-10-10,2086.3309108001763,2088.849966526581,2031.7524151459575,2059.510986328125,147981,,
2024-10-11,2060.2023701601834,2079.4159275266497,2049.681665062748,2060.597412109375,76300,,
2024-10-14,2071.36508318901,2071.36508318901,2039.013125101846,2058.276123046875,159922,,
2024-10-15,2055.7076509504773,2076.946341241412,2030.4186953440224,2044.1993408203125,188792,,
2024-10-16,2050.076938444079,2059.16507379247,1978.1616983782308,2003.993896484375,257770,,
2024-10-17,2014.218080961815,2017.8730630849473,1950.9959342322634,1958.5035400390625,210804,,
2024-10-18,1955.7377214462992,1958.6023786148548,1937.2649273602487,1952.5272216796875,182227,,
2024-10-21,1962.2573576837203,1968.9253183168119,1921.3605083500909,1943.4388427734375,143415,,
2024-10-22,1940.2778754027509,1943.142653112596,1902.097600819727,1914.4951171875,187739,,
2024-10-23,1914.4951277407292,1997.4247572360098,1892.2685911246015,1966.505126953125,409293,,
2024-10-24,1979.6435686228972,2027.0601810450025,1914.4951670817811,1954.404052734375,169580,,
2024-10-25,1995.4985169525537,1996.881404991616,1883.5260676062162,1959.491455078125,693861,,
2024-10-28,1946.0567172552996,1947.538486329352,1882.0936855587106,1905.99951171875,265451,,
2024-10-29,1907.8270396265004,1912.766269656511,1872.9560273799584,1907.580078125,234692,,
2024-10-30,1911.4821147034456,1921.1136137310211,1890.7867881045051,1905.8514404296875,178661,,
2024-10-31,1906.5428072251545,1916.3718268308435,1878.784358346102,1898.195556640625,279005,,
2024-11-01,1898.6401106532082,1919.4836382189026,1896.6644185505513,1912.766357421875,9825,,
2024-11-04,1906.5428359405503,1906.5428359405503,1880.167395201327,1897.6522216796875,198985,,
2024-11-05,1897.652337055216,1938.1540267060561,1889.4038463290274,1927.2877197265625,121442,,
2024-11-06,1933.758092984989,1962.0104660375134,1918.2488375712069,1951.242919921875,261150,,
2024-11-07,1955.9352516351744,1955.9352516351744,1901.6037168675307,1911.482177734375,246231,,
2024-11-08,1913.457886344456,1919.3849629154765,1893.1082809012885,1902.09765625,207680,,
2024-11-11,1900.665323624601,1910.988267062611,1877.1545383746322,1888.564208984375,111000,,
2024-11-12,1882.6369795810183,1900.6157287807623,1850.2355821238918,1859.5706787109375,285470,,
2024-11-13,1858.1383906722078,1865.9917184108738,1827.6139240924747,1833.83740234375,67083,,
2024-11-14,1832.4544178168794,1867.5723930345093,1829.6390806992938,1860.657470703125,294046,,
2024-11-18,1848.2599510539258,1865.003893289787,1812.7469339543422,1860.706787109375,125003,,
2024-11-19,1847.9142246779707,1875.376272324675,1821.1929409769307,1831.26904296875,192913,,
2024-11-21,1836.4058226462123,1837.5911896816735,1788.0013657824875,1805.733154296875,286533,,
2024-11-22,1805.0416058043472,1848.1116673419972,1801.8805468349797,1837.245361328125,292335,,
2024-11-25,1855.4711682515667,1890.9841832999784,1844.8518238762372,1874.092041015625,165597,,
2024-11-26,1874.0920833737562,1897.6027460771277,1860.41044024248,1880.117919921875,120398,,
2024-11-27,1888.3665394794218,1918.9404479599707,1858.1384735956797,1902.6903076171875,136934,,
2024-11-28,1911.3832603245755,1932.078585906922,1898.2448602156212,1909.85205078125,301005,,
2024-11-29,1911.1856855039748,1933.2147004323813,1905.6044518468748,1926.793701171875,131271,,
2024-12-02,1938.0552421662965,1940.277895839068,1914.099974804205,1936.8204345703125,99312,,
2024-12-03,1934.2026285451866,1937.4131283116687,1918.3476506945033,1932.0787353515625,84649,,
2024-12-04,1940.129606410582,1949.0202206965776,1907.6788883840331,1929.362060546875,63446,,
2024-12-05,1926.596222953064,1948.921519836926,1921.3605905897937,1941.9078369140625,102767,,
2024-12-06,1942.1053339866735,1956.923024734283,1936.1782576876296,1944.6243896484375,87133,,
2024-12-09,1944.6243194701879,1947.3902159579193,1924.3734761792741,1934.5482177734375,54347,,
2024-12-10,1934.5482509307485,1983.1009074777376,1931.3871918658272,1970.308349609375,230065,,
2024-12-11,1979.6435629173814,1996.3875058960073,1952.4283549230413,1961.3189697265625,176044,,
2024-12-12,1958.8986254148626,1968.6783249692148,1943.6857728399445,1946.3035888671875,81524,,
2024-12-13,1931.8316662152101,1980.6312840646103,1931.8316662152101,1968.1844482421875,294410,,
2024-12-16,1975.6920696676464,1998.1655669601157,1965.8136093193082,1974.7042236328125,307402,,
2024-12-17,1972.9260897858621,2000.3882583074196,1970.4564746521492,1989.9171142578125,272704,,
2024-12-18,2001.8205992680046,2002.7096848389915,1965.8630991674347,1991.942138671875,260981,,
2024-12-19,1988.5340468372694,2009.3775738318407,1975.6920485218773,1995.5477294921875,206620,,
2024-12-20,1998.4125946476624,2024.7880364164973,1990.559266645335,2000.7340087890625,218386,,
2024-12-23,2013.5266017989838,2016.3419388540274,1964.9245049975052,1975.0499267578125,168751,,
2024-12-24,1974.6054196340667,2043.4089185614168,1954.799058837434,2027.8009033203125,281552,,
2024-12-26,2039.111736696713,2039.111736696713,1980.2361371429354,1990.6085205078125,239507,,
2024-12-27,1990.60857653173,2022.1208900444826,1988.3366029398662,2005.4757080078125,154132,,
2024-12-30,2010.266702698819,2027.0106449362593,1993.9672429472068,2010.661865234375,56673,,
2024-12-31,2010.6619020561318,2022.8617768247864,2000.98096239776,2012.242431640625,121138,,
2025-01-01,2022.1208796017022,2071.760143988603,2013.7736286509141,2066.968994140625,164563,,
2025-01-02,2067.5617690149525,2116.4107076306354,2044.643789040761,2110.68115234375,256463,,
2025-01-03,2104.1121626560885,2121.4489096957436,2091.0726425588073,2102.2353515625,149472,,
2025-01-06,2075.464597698121,2108.063518080814,2015.2059872937493,2050.521484375,117565,,
2025-01-07,2030.023458838482,2074.4765272802006,2030.023458838482,2050.126220703125,73329,,
2025-01-08,2054.719780673673,2058.9181263793766,1895.8740878561537,1976.482421875,1198258,,
2025-01-09,1966.9002598396528,2010.9088499106372,1955.8857521875275,1998.8570556640625,344496,,
2025-01-10,1988.8798798642435,2020.1452323949288,1956.67612179279,2004.8336181640625,123973,,
2025-01-13,1987.546311636422,1993.9178706135071,1911.926646028108,1920.8172607421875,165906,,
2025-01-14,1907.5307718051065,1959.6890928265775,1906.542925729599,1941.4139404296875,210753,,
2025-01-15,1958.9974531568364,1958.9974531568364,1911.778484908919,1924.6204833984375,89650,,
2025-01-16,1924.175889749491,1939.1417814105703,1888.1195091985558,1906.2464599609375,90256,,
2025-01-17,1908.5185079808948,1936.178196502357,1898.887009299314,1927.583984375,117060,,
2025-01-20,1935.9806763259928,2049.7804894833644,1927.8309466690107,2034.3699951171875,932221,,
2025-01-21,2035.5555780974737,2093.146807355695,2030.4185859234,2039.4080810546875,482072,,
2025-01-22,2030.0236919314361,2059.3132316984756,1965.8136968095173,2038.914306640625,156388,,
2025-01-23,2033.5306855962247,2056.399226883997,2013.82308308203,2048.5458984375,150061,,
2025-01-24,2058.7699417190547,2058.7699417190547,2028.7392786639205,2039.75390625,107086,,
2025-01-27,2042.8655951244234,2042.8655951244234,1988.2376612947924,1999.7955322265625,97337,,
2025-01-28,1995.4490296238073,2044.8413323372679,1962.1586658296055,2005.77197265625,155791,,
2025-01-29,2005.3275390560832,2056.20161209125,2002.4134413596144,2048.00244140625,118239,,
2025-01-30,2048.0518485114476,2113.7436116495214,2039.5562759069564,2098.580078125,238369,,
2025-01-31,2098.580152440327,2138.3409578529677,2089.985939629286,2119.917724609375,234243,,
2025-02-01,2113.0026759593993,2232.779008105298,2032.4932238365893,2208.626220703125,929822,,
2025-02-03,2208.7741427815777,2271.7493232092643,2140.168288573847,2166.0498046875,816037,,
2025-02-04,2165.4079554279924,2165.4079554279924,2087.368118440573,2104.112060546875,268221,,
2025-02-05,2103.1242272497448,2111.520918622043,2024.0965437457621,2033.431640625,398342,,
2025-02-06,2052.7439173299567,2062.6223769898697,2010.6122627630937,2047.8046875,265739,,
2025-02-07,2048.7926029075456,2050.8671759757754,2010.2666089280883,2023.7506103515625,164882,,
2025-02-10,2020.1946370742685,2051.5587495388327,2016.9841373731715,2030.4681396484375,74532,,
2025-02-11,2032.9377539350469,2065.4872334252927,1990.0653313372757,1998.708984375,420130,,
2025-02-12,2021.9233925897163,2072.994986383165,2007.3526629975545,2032.2957763671875,1175662,,
2025-02-13,2033.0365078456737,2039.4575068434974,1982.6069213280962,2005.5743408203125,322310,,
2025-02-14,2015.2059004839202,2139.6745002196917,1988.5834982195497,2015.798583984375,2023122,,
2025-02-17,1975.6921094422648,2043.853487218023,1974.7537039249503,2003.5,564875,,
2025-02-18,2025.0844528844693,2025.0844528844693,1993.0288959990917,1998.215087890625,281591,,
2025-02-19,1995.4489582654646,2024.0964928148205,1976.0377598758944,2002.5614013671875,329993,,
2025-02-20,1995.695988519781,2026.0228141113978,1978.6556441059874,2003.54931640625,213767,,
2025-02-21,2003.5492960681058,2020.0463973373066,1987.5956789438706,1994.8563232421875,194876,,
2025-02-24,1990.5592375032797,2046.5700604785197,1985.0272031366635,2010.365478515625,315107,,
2025-02-25,2015.2058880698107,2034.9628085410834,1996.189852116211,2013.7735595703125,891431,,
2025-02-27,2016.5395517341715,2041.778946481391,1936.1782980228545,1982.4588623046875,407862,,
2025-02-28,1947.587895397108,1955.5399836140255,1895.6765381069308,1922.49658203125,144303,,
2025-03-03,1926.201063244992,1926.201063244992,1845.2964465308285,1889.601318359375,135894,,
2025-03-04,1884.8102926049824,1903.5793678458076,1853.1992185151712,1889.552001953125,146370,,
2025-03-05,1886.7859223834332,1886.7859223834332,1854.5821658360037,1867.9674072265625,193727,,
2025-03-06,1880.9576342532541,1910.0990926440595,1863.7197689652278,1876.561767578125,248614,,
2025-03-07,1891.1325154705562,1908.1728599522962,1825.5395131742332,1898.9365234375,176597,,
2025-03-10,1923.2868896737998,1926.2504279329873,1859.570817101265,1877.450927734375,170472,,
2025-03-11,1857.1506035536152,1871.9682945394154,1829.8366357191214,1855.4713134765625,157995,,
2025-03-12,1856.1132445046796,1931.238983105153,1856.1132445046796,1881.7972412109375,130849,,
2025-03-13,1904.3201905724673,1911.4820743134349,1872.5609164865655,1888.4158935546875,95875,,
2025-03-17,1903.8756695351562,1904.0237499678035,1847.4202457616589,1861.8427734375,69289,,
2025-03-18,1861.8427734375,1861.8427734375,1861.8427734375,1861.8427734375,0,,
2025-03-19,1888.1194491606996,1904.5671093625183,1861.6945683643057,1882.3900146484375,296933,,
2025-03-20,1899.4303824350459,2005.32742793154,1892.4165791980654,1943.2906494140625,379793,,
2025-03-21,1932.6219437777736,1957.614375293799,1893.10810367022,1909.9508056640625,163667,,
2025-03-24,1916.4214198052437,1956.7255886213873,1916.4214198052437,1938.499755859375,175701,,
2025-03-25,1954.107690653442,1954.107690653442,1863.1764133893003,1901.4061279296875,224980,,
2025-03-26,1896.664325955891,1937.0178110652746,1887.6749514449966,1907.6788330078125,149663,,
2025-03-27,1907.6788961207756,1963.7391586514932,1893.7996110833467,1951.934326171875,240882,,
2025-03-28,1962.8007388127899,2002.7591854752086,1960.23236309806,1974.9512939453125,86344,,
2025-04-01,1974.9512548249268,1984.1875914591794,1919.4836738945762,1927.9791259765625,94303,,
2025-04-02,1948.0324338784267,1960.8744326818849,1916.4213599006835,1946.451904296875,95346,,
2025-04-03,1932.2268367424954,1979.6434462331088,1923.3856629992276,1958.9481201171875,55497,,
2025-04-04,1965.8136328367211,1990.460343466009,1937.66002050715,1965.1715087890625,136763,,
2025-04-07,1911.4821030777644,1941.1174845208304,1850.2850886325032,1921.9532470703125,109801,,
2025-04-08,1950.995929277603,1991.4976169233657,1924.2746456571308,1972.234619140625,195943,,
2025-04-09,1967.8387181795952,2010.266656629063,1950.0574897671513,1977.4207763671875,120007,,
2025-04-11,1998.4125392655978,2008.290999667306,1973.27190577792,1994.955078125,171626,,
2025-04-15,2010.2664758376675,2076.9460763875654,1963.5413149213703,2062.72119140625,297643,,
2025-04-16,2080.9966750514036,2097.888698530123,2044.9402926730472,2083.762451171875,208406,,
2025-04-17,2097.197189665463,2132.660766822589,2064.59826961885,2121.300537109375,152003,,
2025-04-21,2147.577255427891,2217.7143231074588,2125.3507198956336,2191.04248046875,310563,,
2025-04-22,2204.8723787414674,2267.0077986802085,2191.3389361209597,2203.68701171875,403166,,
2025-04-23,2211.8862387158033,2246.95477431035,2204.872435127551,2211.6884765625,147094,,
2025-04-24,2224.6292456811025,2227.493902680892,2140.4648126848524,2150.145751953125,143532,,
2025-04-25,2168.322118173398,2168.322118173398,2084.6516044903988,2098.382568359375,98621,,
2025-04-28,2098.38267253449,2139.773569521831,2089.590938566569,2132.759765625,68623,,
2025-04-29,2143.6258691751327,2152.516483379085,2115.966180540615,2141.057373046875,64228,,
2025-04-30,2133.74755859375,2150.6398232352954,2109.248927278927,2133.74755859375,61281,,
2025-05-02,2104.1121647742434,2148.5652386779248,2104.1121647742434,2133.945068359375,76240,,
2025-05-05,2153.5043039363336,2167.8280710955432,2054.7197028383366,2105.19873046875,121545,,
2025-05-06,2096.308057980854,2126.4373604765424,2082.774375068712,2110.829345703125,52466,,
2025-05-07,2105.1000836666703,2172.2736198887883,2085.3431612484005,2155.28271484375,129326,,
2025-05-08,2183.1396289926824,2217.7142385016164,2102.1362581431804,2142.5390625,421284,,
2025-05-09,2074.4767673415013,2160.3204951969083,2064.6971876219495,2147.873779296875,128911,,
2025-05-12,2184.621568564897,2184.621568564897,2064.5982718971895,2094.0361328125,234240,,
2025-05-13,2094.2336048972047,2118.9297558983512,1990.9049332257437,2010.859375,437506,,
2025-05-14,2039.7045667901355,2059.955410760683,2020.7378503291293,2049.187744140625,102394,,
2025-05-15,2059.9554613906207,2064.5982896925784,2025.084446827649,2041.4827880859375,73522,,
2025-05-16,2039.8032519454814,2045.8292094373098,2015.205981290252,2025.67724609375,138227,,
2025-05-19,2025.6771288050059,2064.598165210937,2004.3395584751154,2027.850341796875,103352,,
2025-05-20,2032.987220951072,2036.9386052483528,1982.7058316508355,1995.9429931640625,122186,,
2025-05-21,2012.2423726185561,2045.2363337071254,1995.5477505153335,2006.5128173828125,99526,,
2025-05-22,2006.8093058989314,2014.1193909877918,1954.9473868441964,1970.8516845703125,109623,,
2025-05-23,1970.8515841979413,2005.3274346549097,1968.7771316587364,1999.9930419921875,70744,,
2025-05-26,1999.9929907025492,2044.0508982561462,1993.5719916922117,2021.4293212890625,72422,,
2025-05-27,2036.7409869580765,2036.7409869580765,1983.5948224641584,2006.8092041015625,88387,,
2025-05-28,2006.3152344342575,2043.8533825920624,1996.4367743927298,2034.9627685546875,73227,,
2025-05-29,2031.011529627355,2041.0875113548423,1975.6921494429523,1980.0386962890625,197687,,
2025-05-30,1986.9534958036054,1986.9534958036054,1944.0809546975147,1952.7740478515625,106799,,
2025-06-02,1946.056745845488,1994.2636819975496,1946.056745845488,1989.52197265625,64976,,
2025-06-03,1985.6692643138404,2007.5006372784067,1976.482368663053,1997.9185791015625,85307,,
2025-06-04,1999.4990922997488,2035.0616693811662,1990.5097176920224,2005.031005859375,61077,,
2025-06-05,2020.1451250587636,2031.1103124269541,1990.806146293802,1999.9930419921875,165323,,
2025-06-06,2007.5994822406547,2049.7804583783995,1992.584150627278,2044.0509033203125,116432,,
2025-06-09,2059.658825453323,2080.6011115589977,2054.917116613297,2061.7333984375,70218,,
2025-06-10,2056.794245361343,2060.4492273129777,2031.1102494575957,2042.0751953125,37583,,
2025-06-11,2024.0964720353481,2108.7548267550133,2010.4641488792117,2039.3092041015625,260680,,
2025-06-12,2030.023502361673,2055.6086169440014,2029.430698300408,2040.1983642578125,36360,,
2025-06-13,2039.9020995008455,2039.9020995008455,1994.4611810616013,2021.7257080078125,152265,,
2025-06-16,2015.601063487684,2024.9854801848853,1991.497596241239,2006.71044921875,43095,,
2025-06-17,2006.7104591089105,2006.7104591089105,1983.594837778421,1990.6085205078125,108936,,
2025-06-18,1994.4611495898487,1994.4611495898487,1950.9959239425216,1956.4290771484375,124589,,
2025-06-19,1956.4291741606635,1958.4048663335095,1904.7647756060708,1929.6585693359375,76434,,
2025-06-20,1931.239002398449,1948.6250685328853,1896.0717075974285,1920.0762939453125,257072,,
2025-06-23,1920.076357728843,1942.5992963560482,1895.7753685279183,1916.618896484375,87248,,
2025-06-24,1930.2510971265026,1931.6341056532417,1895.3800848546973,1905.258544921875,217439,,
2025-06-25,1914.4457108768402,1925.3120178013216,1889.255635733724,1913.85302734375,622462,,
2025-06-26,1917.4091588775173,1943.0931558537231,1907.5306985020536,1940.5247802734375,216590,,
2025-06-27,1950.9958435650562,1959.4912950197017,1926.200933164171,1935.1903076171875,193205,,
2025-06-30,1938.6479441090517,1960.8744810478815,1914.6432359804433,1927.386474609375,190026,,
2025-07-01,1944.5749412055864,1960.5779989132734,1917.9030979683241,1926.59619140625,147712,,
2025-07-02,1935.6842830316914,1939.141744113912,1901.1096722094871,1916.026123046875,283788,,
2025-07-03,1910.000328927924,1963.8379384063683,1910.000328927924,1958.40478515625,124368,,
2025-07-04,1960.8743795751684,1970.752839925673,1934.4989386739908,1954.255859375,59476,,
2025-07-07,1965.813593030295,1982.409454512657,1951.1934236012294,1965.912353515625,95414,,
2025-07-08,1955.9351653352128,1968.8759243824693,1947.0445509473257,1956.2315673828125,50614,,
2025-07-09,1958.8986921799612,1958.8986921799612,1921.854465777163,1945.06884765625,182328,,
2025-07-10,1945.0689222274118,1954.848622490025,1917.4092321195562,1945.9580078125,96239,,
2025-07-11,1944.0809852863576,1946.0566773445755,1925.0155086898862,1936.2769775390625,170109,,
2025-07-14,1935.2892162036837,1940.1296860754849,1918.3970724840078,1932.4244384765625,158636,,
2025-07-15,1939.141893591448,1970.9504897651525,1934.2026630932528,1947.341064453125,106970,,
2025-07-16,1949.0202734153927,1995.4490381647709,1949.0202734153927,1985.1754150390625,174424,,
2025-07-17,1993.967252678978,2013.2302506612618,1985.570561250803,1999.10400390625,80548,,
2025-07-18,2001.3761143251559,2009.6740453330794,1966.7027417925342,1978.3592529296875,91155,,
2025-07-21,1980.6313582313921,2000.3882795105083,1975.889648889733,1996.338134765625,53576,,
2025-07-22,1996.33807679309,2038.9142167958626,1995.4489912440129,2011.0570068359375,184951,,
2025-07-23,2064.499359682579,2084.3551617209196,1976.8774634411136,1992.38671875,675787,,
2025-07-24,1990.5097500631684,2010.2666706593288,1987.2498099301326,1995.3502197265625,336520,,
2025-07-25,2000.388220812139,2014.2180653017044,1985.1753677562822,2008.784912109375,251419,,
2025-07-28,2014.2181780968779,2017.1817163677413,1950.996028318457,1974.90185546875,78957,,
2025-07-29,1963.8379381263665,1985.1753885882715,1946.056709310333,1951.588623046875,376353,,
2025-07-30,1952.971573143756,1953.070333627997,1914.6430994978693,1927.6827392578125,111442,,
2025-07-31,1925.1011465575468,1945.158371739116,1918.7463425410342,1931.85302734375,30880,,
2025-08-01,1931.8530085578675,1937.016339799489,1897.696043358093,1911.29931640625,255459,,
2025-08-04,1911.2993513631181,1931.2573075232108,1890.7455376277762,1925.6968994140625,68023,,
2025-08-05,1931.2572875129642,1932.5481506355552,1905.440994723588,1913.5830078125,17866,,
2025-08-06,1920.3349997592882,1930.2643430879298,1904.4480504334617,1915.966064453125,49757,,
2025-08-07,1915.9660588754787,1925.2003966273546,1904.3487756979093,1919.7392578125,64259,,
2025-08-08,1921.4272182338477,1923.1152793375336,1900.2777895039671,1906.533203125,61699,,
2025-08-11,1897.4975651457262,1911.0014482228364,1881.8091537482637,1905.4410400390625,159713,,
2025-08-12,1901.4692881902058,1926.1933778500106,1891.8378734381092,1906.4339599609375,377666,,
2025-08-13,1912.391592198309,1914.575999324135,1892.5329048442247,1906.334716796875,79722,,
2025-08-14,1908.3205573284374,1920.33503875853,1896.60388347957,1911.59716796875,54747,,
2025-08-18,1921.824424540098,1921.9236937330263,1858.2766264669563,1889.1568603515625,462144,,
2025-08-19,1888.5611003627953,1916.2639924803402,1878.3338282552063,1912.689453125,79907,,
2025-08-20,1912.6895375857412,1918.3492150476338,1895.6109935883746,1911.8951416015625,89204,,
2025-08-21,1911.8950250786163,1919.3420324471385,1869.8938550370299,1879.525390625,159594,,
2025-08-22,1879.5254764000695,1884.589417400205,1859.7660583722782,1861.8511962890625,122252,,
2025-08-25,1873.6670606704135,1877.4402595671793,1831.9638192564457,1841.992431640625,105805,,
2025-08-26,1839.9073862480268,1850.9289335053065,1833.0561148585368,1840.7017822265625,44622,,
2025-08-28,1848.3472283045771,1852.616894344351,1809.2255920322887,1842.4888916015625,130192,,
2025-08-29,1847.3543735990302,1868.7024623022708,1823.0274818209189,1837.02783203125,166777,,
2025-09-01,1827.8928876624368,1840.3045671630946,1779.338373214302,1783.111572265625,559117,,
2025-09-02,1792.74293000053,1841.694640875801,1788.3739947138279,1827.3963623046875,586549,,
2025-09-03,1844.872071216671,1860.7590212379125,1813.6939075584226,1816.2755126953125,356517,,
2025-09-04,1820.1479695201458,1838.9144533558901,1799.0978093579427,1823.8218994140625,312211,,
2025-09-05,1829.97799069264,1834.7441240131602,1807.140500846774,1812.3037109375,174636,,
2025-09-08,1817.0698737934224,1824.0204142942716,1785.990979927931,1790.161376953125,52568,,
2025-09-09,1799.1969813471067,1813.9917269032765,1787.3810387401873,1791.8492431640625,35812,,
2025-09-10,1803.6652992891213,1807.1405696153045,1781.3242757636574,1785.79248046875,199587,,
2025-09-11,1800.189971345457,1803.168774386845,1763.153471714411,1781.32421875,417034,,
2025-09-12,1794.2323028110213,1807.636916030694,1778.444622999624,1783.90576171875,111295,,
2025-09-15,1759.7775863376155,1796.1189590861093,1759.7775863376155,1785.097412109375,215748,,
2025-09-16,1803.7645660519208,1834.8434605529826,1796.5162178203464,1811.1123046875,225592,,
2025-09-17,1825.5097427290523,1832.5595521417624,1783.8065013939313,1786.68603515625,137380,,
2025-09-18,1789.1683709500073,1803.665187743989,1782.3170999176768,1786.68603515625,120328,,
2025-09-19,1793.93440745303,1793.93440745303,1774.37364961416,1783.31005859375,121676,,
2025-09-22,1783.3101440779049,1789.5656791466026,1755.507981475354,1762.3592529296875,96605,,
2025-09-23,1771.3948279196752,1790.1613108202503,1760.4725503932648,1782.912841796875,87968,,
2025-09-24,1786.2888283104744,1797.7075729050105,1768.8132086508317,1783.90576171875,194808,,
2025-09-25,1789.168480332767,1790.9556894888537,1748.8553688191246,1770.7991943359375,182104,,
2025-09-26,1772.2884892423688,1777.3524300249017,1749.550269108311,1764.642822265625,81812,,
2025-09-29,1775.863117341615,1787.2818625747313,1749.8482853805951,1782.11865234375,81139,,
2025-09-30,1782.1185659552136,1802.374329116245,1765.5364900871266,1788.076171875,508241,,
2025-10-01,1788.0762007031958,1791.8492784552102,1772.4870589037378,1786.09033203125,122921,,
2025-10-03,1797.2111146802201,1811.608662284012,1782.6150286960487,1786.68603515625,59580,,
2025-10-06,1798.2040792000819,1798.2040792000819,1768.9125163417702,1779.536865234375,131501,,
2025-10-07,1779.536946213978,1786.586877273714,1765.4373265101256,1777.3525390625,134552,,
2025-10-08,1777.3524937150362,1780.3312967771285,1729.7909139154021,1733.46484375,185155,,
2025-10-09,1735.7484914448837,1752.529105993121,1726.117076852576,1747.167236328125,188904,,
2025-10-10,1756.5008296928952,1776.4587854834583,1751.734696425983,1768.3167724609375,57716,,
2025-10-13,1762.5577609243946,1762.5577609243946,1741.2096721513294,1749.351806640625,46487,,
2025-10-14,1755.5079017658895,1758.2881663830296,1741.4082827122038,1747.6636962890625,41008,,
2025-10-15,1748.1601249595046,1762.06120532348,1737.6350454969124,1743.5926513671875,159023,,
2025-10-16,1747.5644433154634,1774.274401378153,1732.6704281735704,1761.6640625,124628,,
2025-10-17,1768.71399437385,1792.147220636427,1759.5789256899263,1773.3807373046875,97310,,
2025-10-20,1784.600967885024,1785.6931714358968,1768.2175509985102,1778.4447021484375,58971,,
2025-10-21,1787.6789910972207,1789.7641289476378,1780.4305220086524,1785.1966552734375,8403,,
2025-10-23,1797.0126650049338,1826.0063000240964,1782.3171878973642,1815.87841796875,202336,,
2025-10-24,1815.8783398884727,1823.1266877276903,1787.281782879283,1816.1761474609375,251391,,
2025-10-27,1822.0345341814952,1822.0345341814952,1798.3033789497772,1809.42431640625,70153,,
2025-10-28,1819.0557500340692,1829.9780280091645,1807.537735683712,1821.5380859375,112427,,
2025-10-29,1830.970927725064,1830.970927725064,1815.878374200908,1827.297119140625,198805,,
2025-10-30,1753.522076838256,1806.94199380037,1743.1955352699008,1776.55810546875,750111,,
2025-10-31,1786.288866004573,1789.2676690051364,1765.4372450006285,1784.7001953125,176587,,
2025-11-03,1784.700277539308,1800.9844256008782,1771.394932615544,1797.5091552734375,64267,,
2025-11-04,1800.0906954278157,1814.9847105791168,1782.3171464390352,1801.977294921875,42990,,
2025-11-06,1801.9772576075845,1805.154598957612,1783.3100438547146,1792.742919921875,86577,,
2025-11-07,1787.3810828703856,1792.2464853825143,1747.564440040568,1771.9906005859375,184295,,
2025-11-10,1761.5647589533348,1771.3948329968398,1752.6283500424763,1767.423095703125,314335,,
2025-11-11,1766.3309348922455,1775.3666132123353,1755.1107282831167,1772.88427734375,59277,,
2025-11-12,1774.2744206790587,1799.197048712712,1767.5224185914954,1782.2178955078125,87751,,
2025-11-13,1791.0550818081902,1802.1758983728769,1773.0828725771769,1797.5091552734375,88902,,
2025-11-14,1790.260589306554,1806.1475385183703,1782.3171147006458,1797.40966796875,111162,,
2025-11-17,1802.672338675287,1804.1617402219756,1769.3097682710268,1774.1751708984375,37362,,
2025-11-18,1779.3383354839511,1779.3383354839511,1744.5856336190302,1753.7205810546875,88050,,
2025-11-19,1747.5645045230262,1747.5645045230262,1725.7199482164885,1735.6492919921875,73922,,
2025-11-20,1738.7273054657185,1739.323041830533,1723.7340211134929,1727.904296875,59537,,
2025-11-21,1727.9043184728562,1727.9043184728562,1701.8894868190714,1714.6983642578125,172888,,
2025-11-24,1717.7763871526959,1720.655920944975,1681.63355337798,1692.853759765625,490677,,
2025-11-25,1692.853768147923,1692.9530373396371,1666.143810355373,1687.1939697265625,152888,,
2025-11-26,1692.9530489898953,1694.839648476665,1664.7536895041624,1688.087646484375,409397,,
2025-11-27,1699.903628591795,1699.903628591795,1678.1583418115883,1683.71875,255203,,
2025-11-28,1679.151252330448,1686.0025235759397,1665.349440646186,1678.65478515625,135288,,
2025-12-01,1678.0589892548903,1687.8890631968195,1654.5264945159158,1659.1932373046875,178674,,
2025-12-02,1661.179118429624,1713.3081702631896,1660.285453299488,1708.8399658203125,91970,,
2025-12-03,1694.9388770851228,1707.8470231906333,1683.6194016433453,1689.1798095703125,156339,,
2025-12-04,1698.1163092987308,1728.4008075517693,1668.2290090348347,1681.3358154296875,656237,,
2025-12-05,1681.3358379632205,1681.3358379632205,1650.2569433153724,1671.406494140625,332292,,
2025-12-08,1671.406447067445,1671.406447067445,1650.2568968378446,1664.55517578125,68089,,
2025-12-09,1654.2286354703485,1671.0092503118192,1604.5819177191377,1647.67529296875,415828,,
2025-12-10,1656.7109045486739,1656.7109045486739,1638.5401581013691,1648.86669921875,22771,,
2025-12-11,1644.2993244108607,1653.930739361786,1628.412374416553,1635.3629150390625,53280,,
2025-12-12,1636.0578541219188,1644.2992575796245,1624.0433729186045,1636.5543212890625,65612,,
2025-12-15,1636.5542995431254,1636.8522283225745,1615.206211639616,1617.88720703125,56295,,
2025-12-16,1617.8872531395155,1625.4335299533268,1609.5465803630684,1613.0218505859375,40965,,
2025-12-17,1613.021864121355,1613.1211333155659,1592.1702426091676,1600.312255859375,65555,,
2025-12-18,1607.0642304919998,1607.0642304919998,1572.807995736378,1576.978271484375,35470,,
2025-12-19,1578.765658079611,1597.0356748423458,1562.977977257253,1589.886474609375,80615,,
2025-12-22,1583.7303212801435,1610.9367472791196,1579.7585837973093,1607.2628173828125,46606,,
2025-12-23,1619.9723262345485,1619.9723262345485,1602.7945141940527,1609.050048828125,36758,,
2025-12-24,1603.5889360635279,1617.4900166238308,1590.482251446935,1608.9508056640625,59055,,
2025-12-26,1604.5819416974637,1617.4900885056734,1593.4611252381296,1612.4261474609375,56075,,
2025-12-29,1603.5890130387913,1610.2416248574386,1594.3546748830604,1608.6529541015625,22372,,
2025-12-30,1608.752173837115,1608.752173837115,1589.7871521298323,1595.248291015625,28816,,
2025-12-31,1595.2482927959081,1613.518308966692,1587.702016023225,1610.2415771484375,35682,,
2026-01-01,1618.1850281723446,1618.1850281723446,1588.6949270716977,1596.7376708984375,38178,,
2026-01-02,1589.7871041155547,1595.6454408031254,1576.7796888583466,1585.120361328125,69176,,
2026-01-05,1594.5532893322802,1596.6384272158143,1573.8009372742945,1576.4818115234375,50675,,
2026-01-06,1570.4249967712951,1581.446544187069,1552.9493758624865,1579.0635986328125,54015,,
2026-01-07,1570.8221674349304,1574.0988993267358,1559.502691417921,1564.1695556640625,46963,,
2026-01-08,1555.0344519549633,1571.8150666107517,1539.246771643212,1549.77197265625,84001,,
2026-01-09,1539.0481909398072,1544.012862523484,1522.168307555306,1535.870849609375,58624,,
2026-01-12,1525.147195142419,1525.2464643380408,1484.8340838873778,1506.47998046875,121829,,
2026-01-13,1504.2955541194551,1531.1047818166335,1495.4584140814163,1522.9627685546875,72147,,
2026-01-14,1513.0334341678806,1518.891649956287,1499.3308914450606,1508.863037109375,103190,,
2026-01-15,1508.863037109375,1508.863037109375,1508.863037109375,1508.863037109375,0,,
2026-01-16,1504.3947742448734,1511.2460453411343,1487.0184235264308,1509.55810546875,57692,,
2026-01-19,1501.9124471850619,1509.558114270438,1486.1247670558353,1495.4583740234375,40390,,
2026-01-20,1487.018442212558,1493.968982587277,1439.4568631211357,1444.322265625,80314,,
2026-01-21,1429.8255129398658,1447.3011338564577,1416.4208987560546,1439.8541259765625,183245,,
2026-01-22,1435.7830911305296,1440.7477629532493,1418.1088109585241,1433.4000244140625,162520,,
2026-01-23,1433.4992263523234,1443.4285695318997,1415.0306722798719,1431.3148193359375,61929,,
2026-01-27,1436.6766776765114,1441.7406184169943,1391.2002377860229,1413.541259765625,528049,,
2026-01-28,1408.5766781924904,1423.7686225921802,1395.5692621394758,1417.413818359375,107707,,
2026-01-29,1407.9808901001204,1454.1523367782977,1400.0374154027995,1417.6123046875,121239,,
2026-01-30,1410.9597621835899,1477.2878276363579,1405.0021558689511,1458.1241455078125,145408,,
2026-02-02,1440.8470509145002,1467.656279106364,1431.6128339286552,1453.953857421875,36576,,
2026-02-03,1465.5710764370901,1505.1891805904665,1462.7908118198059,1498.735107421875,52325,,
2026-02-04,1503.3026238952411,1509.2602300665565,1485.4298053812952,1504.1962890625,36402,,
2026-02-05,1488.4085937069376,1496.352068523252,1467.6562415077544,1473.3160400390625,554673,,
2026-02-06,1469.542859183157,1533.9843236686286,1463.287324204862,1514.0263671875,183243,,
2026-02-09,1529.118841930325,1529.118841930325,1482.1530004450588,1522.7640380859375,160151,,
2026-02-10,1535.0765233240447,1618.9794768951197,1519.3881119246732,1608.2557373046875,158265,,
2026-02-11,1643.3063306965278,1646.185864520578,1599.1207526203975,1615.9013671875,347405,,
2026-02-12,1618.8801859177165,1618.9794551109978,1600.7094388583712,1609.7451171875,51970,,
2026-02-13,1604.2839670664528,1637.3487291212782,1558.211910587441,1617.29150390625,121184,,
2026-02-16,1610.638816350176,1610.638816350176,1573.304508302576,1600.70947265625,54794,,
2026-02-17,1593.6596847305984,1594.6526191136081,1580.95007614495,1587.5035400390625,59641,,
2026-02-18,1587.2055537154367,1612.5253795645099,1582.7373491538356,1603.1917724609375,35821,,
2026-02-19,1611.035956754184,1613.0218254219858,1588.694934241414,1596.2412109375,34633,,
2026-02-20,1596.241283222452,1608.553693761945,1588.6950061846371,1591.276611328125,32199,,
2026-02-23,1596.1419846088575,1624.4406138849708,1591.7730491808081,1621.8590087890625,52406,,
2026-02-24,1615.504207319563,1615.504207319563,1581.0494334339162,1588.0992431640625,88296,,
2026-02-25,1576.7796963099224,1587.4040450248594,1563.0771542442592,1576.1839599609375,238007,,
2026-02-26,1576.1840321419047,1587.1063101354184,1568.7370244190543,1582.9359130859375,39908,,
2026-02-27,1582.9359282619114,1604.18474807639,1575.3896512719703,1593.65966796875,34657,,
2026-03-02,1558.9069635971885,1581.1487177652325,1558.9069635971885,1578.6663818359375,40176,,
2026-03-04,1547.3888882357032,1634.5684499172614,1545.700827145524,1618.284423828125,126108,,
2026-03-05,1626.227898402549,1649.661124410163,1596.9363355910805,1638.44091796875,91242,,
2026-03-06,1629.1073152271272,1766.5294514559487,1616.2985592697028,1745.777099609375,866202,,
2026-03-09,1710.9250964460211,1716.286965996451,1658.2003084836988,1709.33642578125,96507,,
2026-03-10,1709.3365021447516,1727.7057878198477,1668.3282645599274,1685.6053466796875,164800,,
2026-03-11,1685.605327153029,1686.9954594836292,1630.8946687474167,1641.618408203125,76801,,
2026-03-12,1637.348683183659,1670.9099114676335,1600.6101135791744,1633.8734130859375,69375,,
2026-03-13,1633.873526472992,1663.5622887525622,1594.0568819746165,1631.09326171875,79039,,
2026-03-16,1631.0931476087565,1636.3557479511862,1573.9001554170716,1605.27685546875,67953,,
2026-03-17,1609.3480469383378,1643.306353309095,1594.4540316515483,1605.9720458984375,42955,,
2026-03-18,1605.972012665855,1612.1281570405488,1588.7942002407644,1606.5677490234375,59189,,
2026-03-19,1598.5250499944154,1598.5250499944154,1548.9776012015975,1558.112548828125,69154,,
2026-03-20,1567.8433097743625,1595.1490038964619,1543.4171494557909,1557.814697265625,282618,,
2026-03-23,1558.4104703323073,1561.5878117855102,1526.1401037914982,1546.8924560546875,89814,,
2026-03-24,1558.4104613616523,1584.6239524270095,1534.0835698016901,1572.708740234375,1818591,,
2026-03-25,1587.7020660688838,1620.1709716573375,1587.7020660688838,1595.0498046875,171041,,
2026-03-27,1599.5179350649303,1600.0144022295037,1535.1757420530641,1547.984619140625,89205,49169.0,55.12
2026-03-30,1547.6867203157058,1554.7366511553525,1513.2319469105114,1529.118896484375,336787,276762.0,82.18
2026-04-01,1568.8363158959717,1587.7020690618094,1536.367410246312,1573.006591796875,49620,22333.0,45.01
2026-04-02,1553.942292082839,1553.942292082839,1467.55700172424,1474.6068115234375,216613,95770.0,44.21
2026-04-06,1474.5074445839318,1484.436787645103,1430.9176043038299,1471.230712890625,98455,25592.0,25.99
2026-04-07,1483.146039130429,1488.1107110445134,1448.691264529808,1456.7340087890625,97466,23764.0,24.38
2026-04-08,1483.344664437174,1507.6715562537565,1469.642121787976,1485.92626953125,214866,153613.0,71.49
2026-04-09,1485.4298101503732,1485.4298101503732,1442.8329016471464,1456.833251953125,324392,181537.0,55.96
2026-04-10,1464.1809333262868,1464.2802025173564,1436.478041380845,1443.925048828125,142575,73585.0,51.61
2026-04-13,1429.8254437064345,1457.131137943884,1414.931428667826,1451.3720703125,176555,122924.0,69.62
2026-04-15,1461.1028676273704,1487.7135561732944,1446.4073910498655,1460.3084716796875,185039,92718.0,50.11
2026-04-16,1470.0393208717655,1470.0393208717655,1436.8752889860857,1448.8897705078125,337363,255785.0,75.82
2026-04-17,1454.847392539449,1504.2955727199,1445.116708424098,1483.0467529296875,344331,173439.0,50.37
2026-04-20,1483.0466579527256,1532.693373344875,1465.7695767546973,1511.5439453125,464632,205154.0,44.15
2026-04-21,1519.2888368751912,1523.5585030975483,1477.4863246465773,1487.8128662109375,293131,150070.0,51.2
2026-04-22,1498.3378981933595,1523.3597947297692,1481.7559434294105,1489.4014892578125,233328,116287.0,49.84
2026-04-23,1489.4015608079224,1495.6570958464395,1468.152740965501,1472.72021484375,218956,153159.0,69.95
2026-04-24,1487.3164134064514,1488.3093477740092,1454.6488484722368,1466.663330078125,70231,35061.0,49.92
2026-04-27,1464.5781373812615,1489.401495641961,1457.5283278767838,1468.7484130859375,161449,67336.0,41.71
2026-04-28,1474.50750965481,1488.1106617658093,1461.5993631056433,1466.7625732421875,150698,42672.0,28.32
2026-04-29,1469.5428501607655,1484.3375963397564,1457.6276378621646,1459.21630859375,76190,37498.0,49.22
2026-04-30,1458.4220708181588,1463.188083133783,1435.2866512018604,1448.2940673828125,136904,89084.0,65.07
2026-05-01,1448.2940673828125,1448.2940673828125,1448.2940673828125,1448.2940673828125,0,0.0,0.0
2026-05-04,1454.3508777319598,1462.7908196127737,1440.7477257718876,1452.76220703125,147731,72447.0,49.04
2026-05-05,1456.0389022157542,1459.4149031247398,1430.8183463998998,1443.5279541015625,155802,91559.0,58.77
2026-05-06,1418.2082320064321,1418.2082320064321,1372.2353214515238,1402.8177490234375,1074920,509676.0,47.42
2026-05-07,1415.4278904348394,1440.7477159038597,1405.995014279714,1418.1087646484375,702191,493381.0,70.26
2026-05-08,1418.9031356885675,1431.7120125895979,1405.4985224402851,1409.7681884765625,353212,275257.0,77.93
2026-05-11,1409.9667379564692,1413.8392060557976,1385.1433798938554,1402.2218017578125,330658,211793.0,64.05
2026-05-12,1402.5198042963211,1410.0660813026545,1381.668182427137,1400.533935546875,181359,85813.0,47.32
2026-05-13,1404.009214134774,1405.3993465091428,1352.3766263448106,1371.44091796875,494802,267631.0,54.09
2026-05-14,1384.9449289373397,1385.6399345238442,1360.8165748942517,1379.3843994140625,200565,94688.0,47.21
2026-05-15,1379.4837081345383,1384.5476489575585,1350.3906838882365,1358.1356201171875,219090,107393.0,49.02
2026-05-18,1357.83771186792,1357.83771186792,1328.347610411388,1344.9295654296875,215653,127270.0,59.02
2026-05-19,1343.4401804789993,1356.6462558655742,1330.9292318646587,1338.7734375,133509,57183.0,42.83
2026-05-20,1338.773430286791,1342.1493101047427,1322.687821119758,1339.2698974609375,62482,26262.0,42.03
2026-05-21,1350.3906763594102,1355.3553479636728,1316.630909450425,1321.5955810546875,137791,69114.0,50.16
2026-05-22,1336.191724653202,1336.191724653202,1303.424890653426,1305.9072265625,152050,86288.0,56.75
2026-05-25,1310.673289484558,1318.815302345205,1308.0916845195577,1314.1485595703125,310005,244462.0,78.86
2026-05-26,1315.6379870616547,1349.3977542768218,1309.1839139175788,1334.205810546875,531437,407952.0,76.76
2026-05-27,1344.1351866493644,1355.6533221230611,1327.5532314191735,1330.33349609375,137002,73299.0,53.5
2026-05-28,1330.33349609375,1330.33349609375,1330.33349609375,1330.33349609375,0,0.0,0.0
2026-05-29,1343.4401733398438,1343.4401733398438,1300.7439963600852,1310.67333984375,112585,53823.0,47.81
2026-06-01,1319.6097512727206,1319.6097512727206,1271.9489024682882,1276.91357421875,166261,85091.0,51.18
2026-06-02,1276.9135177963662,1315.340026963883,1266.9841747341861,1309.4818115234375,301876,215838.0,71.5
2026-06-03,1315.637967693272,1335.3973848081125,1304.4177614479368,1330.531982421875,217313,104871.0,48.26
2026-06-04,1316.1344750452195,1352.3765786583092,1316.1344750452195,1341.1563720703125,111120,62353.0,56.11
2026-06-05,1341.1563169858068,1348.404785893835,1311.1697494645134,1314.64501953125,63633,32746.0,51.46
2026-06-08,1315.638020995387,1315.638020995387,1293.7934651750863,1305.013671875,65282,28534.0,43.71
2026-06-09,1305.708660415638,1328.54615029363,1305.708660415638,1319.6097412109375,40958,20225.0,49.38
2026-06-10,1317.8223625328396,1341.9507146534584,1310.6732840122568,1317.9217529296875,150222,103745.0,69.06
2026-06-11,1319.5104201460904,1335.695176568256,1306.5030050119642,1311.3682861328125,52418,22963.0,43.81
2026-06-12,1322.8865369786768,1348.4049023320272,1314.2479350564283,1343.7381591796875,67883,33785.0,49.77
2026-06-15,1355.355351793445,1363.2988263827103,1332.6171315401114,1339.8656005859375,65564,32503.0,49.57
2026-06-16,1335.496666804971,1340.4613384287813,1314.6450459849677,1326.2623291015625,96868,45309.0,46.77
2026-06-17,1338.4755296114233,1338.4755296114233,1321.2977165420405,1325.5673828125,57841,25838.0,44.67
2026-06-18,1337.7804820042675,1348.4048309372192,1326.6595446945353,1331.8228759765625,116759,45816.0,39.24
2026-06-19,1338.4754541704172,1354.9581395276914,1313.6520963408473,1332.4185791015625,430193,201558.0,46.85
2026-06-22,1343.4402065017546,1346.319740424658,1323.5815190442268,1330.234130859375,75926,36178.0,47.65
2026-06-23,1330.5320207754758,1341.3550293651358,1314.4465328880287,1334.60302734375,78365,39143.0,49.95
2026-06-24,1329.4398293839135,1334.503770342312,1316.730221183245,1327.0567626953125,61260,35139.0,57.36
2026-06-25,1331.0285386655496,1332.9151382323369,1312.6592526041452,1319.4112548828125,47916,20234.0,42.23
2026-06-25,1331.0285386655496,1332.9151382323369,1312.6592526041452,1319.4112548828125,47916,0.0,0.0
2026-06-26,1319.4112548828125,1319.4112548828125,1319.4112548828125,1319.4112548828125,0,,
2026-06-29,1313.1556844916263,1347.9083869167355,1305.8079460230417,1313.45361328125,195037,97915.0,50.2
2026-06-30,1313.4536034043547,1337.2840277452299,1313.4536034043547,1327.55322265625,150149,59405.0,39.56
2026-07-01,1335.4966693565898,1362.3058961763875,1335.4966693565898,1349.6956787109375,123282,0.0,0.0
2026-07-02,1359.327147639785,1372.0367560131854,1338.0783279566663,1347.6104736328125,125644,62194.0,49.5
2026-07-03,1355.256121957712,1363.199596777647,1331.6242358852828,1335.4967041015625,59127,31888.0,53.93
2026-07-06,1347.4118844351074,1374.2211113177514,1340.0641461590442,1359.525634765625,134261,61191.0,45.58
2026-07-07,1359.5256904281864,1370.2494301034237,1344.3338672973773,1349.0006103515625,73190,38261.0,52.28
2026-07-08,1350.2914424090363,1356.1497792965185,1305.6093968045534,1315.8365478515625,97782,,
2026-07-09,1315.836504674633,1330.4327118178314,1315.836504674633,1318.8153076171875,56425,,
2026-07-10,1329.2412010143337,1332.418663743047,1316.5317137229085,1319.90771484375,46492,,
2026-07-13,1320.6026224442328,1329.5390311675396,1309.2831471531508,1324.9715576171875,82620,45995.0,55.67
2026-07-14,1324.9716435038179,1357.043350831719,1320.9999060360053,1339.1705322265625,118413,,
2026-07-15,1342.4472383402756,1353.0715873795207,1337.6811049873058,1347.7098388671875,101007,51825.0,51.31
2026-07-16,1351.3836480269915,1366.7741304255355,1332.5178954094215,1339.2698974609375,162646,,
2026-07-17,1344.1352120796444,1349.3978127390128,1324.574453417103,1330.234130859375,57131,,
2026-07-20,1343.4401182732902,1351.3835927346254,1329.8369667413745,1341.35498046875,83589,44701.0,53.48
2026-07-21,1348.3056026652605,1409.8675334865798,1341.35506208866,1394.47705078125,535651,232092.0,43.33
2026-07-22,1398.0515483053807,1430.8183814687882,1391.1010079373852,1420.8890380859375,312669,,
2026-07-23,1412.9456292328757,1437.768988846946,1383.35613608978,1387.8243408203125,202026,97797.0,48.41
2026-07-24,1382.164553332709,1412.9455168049171,1378.1928161104886,1388.7178955078125,155336,,
2026-07-27,1407.9808757927906,1446.7053145487278,1400.136670367335,1418.605224609375,334806,167877.0,50.14
2026-07-28,1427.5416692666859,1439.0598047151582,1416.917320184306,1424.5628662109375,134464,78615.0,58.47
2026-07-29,1430.5205150423467,1436.7760501293512,1417.9102968795532,1430.0240478515625,78738,39751.0,50.49
2026-07-30,1436.577473252542,1449.5848890610769,1423.0734690587153,1425.9530029296875,146615,68274.0,46.57
2026-07-31,1439.754771006323,1448.790449120733,1401.2288707197222,1408.7752685546875,136893,80854.0,59.06
2026-08-03,1426.846684052181,1453.6559119362512,1419.8961434896441,1428.23681640625,154717,78440.0,50.7
2026-08-04,1437.2725079538075,1445.5139117502415,1413.8392809430654,1423.9671630859375,166105,113767.0,68.49
2026-08-05,1428.8325092622126,1435.6837804210143,1370.5473122319975,1402.6190185546875,131535,,
2026-08-06,1399.14378306865,1416.9173323622679,1393.086907711466,1405.300048828125,90278,47437.0,52.55
2026-08-07,1408.199951171875,1408.199951171875,1377.5,1400.300048828125,99991,41614.0,41.62
2026-08-11,1389.699951171875,1405.0,1382.800048828125,1400.0,69370,37978,54.75
2026-08-12,1405.0,1405.5,1384.0,1388.300048828125,54951,31348,57.05
2026-08-13,1385.0,1400.0,1384.699951171875,1389.699951171875,43500,19553,44.95
2026-08-14,1390.5,1396.4000244140625,1374.0999755859375,1376.5999755859375,48886,27963,57.2
2026-08-19,1357.9000244140625,1372.300048828125,1346.699951171875,1354.800048828125,110559,60019,54.29
2026-08-26,1370.5999755859375,1386.800048828125,1345.0,1353.699951171875,334327,124599,37.27
