date,open,high,low,close,volume,delivery_qty,delivery_pct
2022-01-03,1766.1920308367478,1916.5368681523942,1753.1790541865573,1876.0574951171875,520657,,
2022-01-04,1887.3818071536257,2010.5583040415465,1857.5810417775158,1961.9830322265625,264517,,
2022-01-05,2007.0816731458804,2011.5517882308377,1870.7928795039204,1888.67333984375,263145,,
2022-01-06,1863.0446348016153,1868.1604574375613,1766.1921411235787,1791.572509765625,392151,,
2022-01-07,1792.714797450933,1811.5886169628413,1755.2652146074738,1765.4471435546875,163296,,
2022-01-10,1783.0294259623518,1816.8036269884813,1749.6029975427214,1785.860595703125,163730,,
2022-01-11,1778.2117451363315,1794.9995348218433,1739.37143634369,1750.944091796875,129819,,
2022-01-12,1752.2851149492667,1846.9522674523628,1736.7887402254512,1820.3302001953125,157395,,
2022-01-13,1832.7470715837187,1845.3626804289818,1789.2379056081254,1798.1285400390625,88527,,
2022-01-14,1788.0458758855343,1817.896356928472,1768.1786994868062,1782.9300537109375,242825,,
2022-01-17,1778.2116518166374,1805.2806804590978,1778.2116518166374,1790.1319580078125,71942,,
2022-01-18,1802.9462911767919,1802.9462911767919,1748.7089228676957,1779.1553955078125,251059,,
2022-01-19,1768.1788492540272,1790.0327451436835,1746.374669813427,1782.5328369140625,75186,,
2022-01-20,1778.1124511581438,1797.9796293833745,1759.7850277492216,1788.195068359375,95646,,
2022-01-21,1773.1456533657722,1793.0128315547445,1766.887443732393,1771.158935546875,52976,,
2022-01-24,1781.4898640875008,1781.4898640875008,1658.1146167429088,1703.213134765625,160368,,
2022-01-25,1704.7033803233455,1704.7033803233455,1643.1648378864438,1681.2601318359375,334437,,
2022-01-27,1641.3766333041578,1730.778938614805,1641.3766333041578,1668.6444091796875,166122,,
2022-01-28,1677.3856244792796,1697.401828301222,1639.0419995300751,1651.458984375,185701,,
2022-01-31,1673.5117674287856,1703.610591989362,1655.7803344987828,1684.091064453125,187726,,
2022-02-01,1691.690177549976,1692.1371405434215,1651.3598311568464,1675.548095703125,40460,,
2022-02-02,1695.2165073018941,1746.920760045193,1670.382537321553,1735.0501708984375,109351,,
2022-02-03,1744.1394880018186,1806.9197177621631,1738.5269863417816,1754.6690673828125,215440,,
2022-02-04,1769.0230022587718,1806.9196648920208,1739.3712662044688,1784.569091796875,102063,,
2022-02-07,1797.3835551593545,1853.6076426844602,1774.93366905508,1789.734619140625,339336,,
2022-02-08,1807.9130294050885,1811.8864646345503,1751.6392287159126,1768.2283935546875,116291,,
2022-02-09,1788.0460273211902,1791.870434849923,1720.547338293668,1760.877685546875,145646,,
2022-02-10,1778.0130489032497,1778.0130489032497,1679.8691449686203,1706.4912109375,208483,,
2022-02-11,1698.6435339995483,1706.4910927067915,1674.3559600435774,1688.9085693359375,96196,,
2022-02-14,1668.8428274674623,1672.8162627709562,1577.4538154871013,1598.46337890625,160469,,
2022-02-15,1598.4634019186806,1689.7033871367812,1551.3781686424857,1677.7830810546875,167069,,
2022-02-16,1697.650340399289,1697.650340399289,1634.7706742551356,1654.5882568359375,74883,,
2022-02-17,1652.9469798802527,1666.8707209863437,1623.2595990172715,1637.3822021484375,156907,,
2022-02-18,1611.2753192422933,1637.979043478961,1592.5280191449915,1603.6173095703125,138558,,
2022-02-21,1601.2302911545237,1663.8871286344834,1576.9135194566013,1625.4476318359375,178492,,
2022-02-22,1594.2684892772686,1670.252364201382,1578.3556409750624,1618.684814453125,289080,,
2022-02-23,1621.1215432119684,1621.1215432119684,1543.5464018803527,1565.5260009765625,312763,,
2022-02-24,1511.4223655720834,1524.5007637071276,1470.4468245689852,1499.5872802734375,416257,,
2022-02-25,1539.568058949574,1596.0089422476283,1505.7532566212242,1539.4686279296875,237037,,
2022-02-28,1522.6609538774183,1566.4212948118443,1484.0722410367107,1506.2010498046875,618398,,
2022-03-02,1506.300397214296,1527.3350974713685,1490.8350484497373,1507.9910888671875,661570,,
2022-03-03,1509.7317283687446,1533.4517974483952,1494.316154067219,1511.52197265625,216125,,
2022-03-04,1499.7860280955485,1510.0299732687076,1470.4467125591968,1484.9671630859375,95756,,
2022-03-07,1479.8949804696374,1513.7097851309059,1455.0311535128221,1504.3609619140625,165941,,
2022-03-08,1511.1238561670748,1512.2676164009438,1439.9635402813394,1453.5889892578125,221463,,
2022-03-09,1452.047397265034,1501.7750478563023,1434.0956668394274,1495.3602294921875,179715,,
2022-03-10,1511.6212346533364,1569.9020202464674,1501.8249111995883,1564.3822021484375,146930,,
2022-03-11,1554.3869942413967,1567.365838768417,1514.8535102974959,1546.480224609375,230032,,
2022-03-14,1541.8059289387863,1576.3168726257293,1539.3195462119056,1558.4149169921875,224942,,
2022-03-15,1558.4146271396014,1558.4146271396014,1448.5663072590742,1463.8824462890625,551294,,
2022-03-16,1473.927628934325,1526.5395098757467,1473.927628934325,1522.1634521484375,899224,,
2022-03-17,1526.6390324493536,1549.513754108204,1487.8514609408685,1532.0096435546875,1315161,,
2022-03-21,1532.0096386899052,1574.128938720829,1532.0096386899052,1566.2222900390625,517318,,
2022-03-22,1579.151318411853,1609.2365469752447,1564.3821090836889,1601.2303466796875,130892,,
2022-03-23,1610.1814523196376,1619.0826539108173,1557.6193458069617,1569.6036376953125,86632,,
2022-03-24,1568.1117391921587,1616.6459764030226,1562.6914736531833,1602.622802734375,278455,,
2022-03-25,1613.164859631548,1623.557889234097,1578.3555069267984,1590.04150390625,80967,,
2022-03-28,1600.2358300638646,1675.7720843564907,1580.891822134575,1661.550048828125,322278,,
2022-03-29,1664.8817940057472,1673.832771392875,1621.61873663463,1634.24951171875,166840,,
2022-03-30,1654.9365703250535,1672.838528417512,1638.775080380473,1654.5885009765625,98399,,
2022-03-31,1670.6998422695503,1680.695148538548,1593.6717605436795,1615.8502197265625,275729,,
2022-04-01,1615.9995141436282,1650.3115946899263,1595.2133309229062,1606.103759765625,551256,,
2022-04-04,1614.5573551990722,1628.331889888804,1593.3236730522226,1603.7664794921875,71480,,
2022-04-05,1611.1757644403544,1704.6637408955355,1606.2029997352918,1690.5411376953125,373721,,
2022-04-06,1690.7403156836647,1692.72942193741,1646.0848560059962,1671.9432373046875,145793,,
2022-04-07,1685.4690239824204,1685.4690239824204,1631.0670201056905,1636.2386474609375,85713,,
2022-04-08,1667.8654452276562,1667.8654452276562,1626.9893396346417,1660.7047119140625,53942,,
2022-04-11,1660.7046624846162,1754.9385600586686,1660.7046624846162,1730.1243896484375,171692,,
2022-04-12,1717.5931972623907,1772.2936175573711,1691.3369712397184,1759.662841796875,75941,,
2022-04-13,1768.315377779669,1768.315377779669,1723.8091274109177,1734.6497802734375,44169,,
2022-04-18,1739.0259177141513,1739.0259177141513,1626.0445854317397,1641.808349609375,111078,,
2022-04-19,1659.9091012501638,1675.7721744165453,1651.1569855274251,1668.1639404296875,74570,,
2022-04-20,1674.180774932524,1740.4677569274397,1673.8327056622177,1719.1346435546875,282622,,
2022-04-21,1739.4733658720882,1770.304511865247,1720.7757190947193,1760.9556884765625,79471,,
2022-04-22,1760.0604192391804,1760.0604192391804,1707.1502474888393,1740.4677734375,66185,,
2022-04-25,1728.5332714106016,1854.7420828850118,1727.0414417747468,1812.3741455078125,850552,,
2022-04-26,1833.9556724493543,1866.4775059311748,1817.595324692752,1859.9632568359375,977201,,
2022-04-27,1849.8686127595477,1879.7052032879274,1817.5456396871361,1823.1151123046875,107180,,
2022-04-28,1816.1532816270267,1850.117292215955,1803.1246610872338,1839.326416015625,36555,,
2022-04-29,1862.6983020797759,1873.389746623711,1835.0000258447064,1855.48779296875,60438,,
2022-05-02,1855.4877476433965,1896.3140736659855,1827.9883341140842,1835.397705078125,217649,,
2022-05-04,1823.0156666841444,1874.7324231858222,1818.042901635906,1852.35498046875,99353,,
2022-05-05,1852.354993603877,1889.6507317301293,1847.8795050287265,1869.1629638671875,97637,,
2022-05-06,1842.9069623182543,1842.9069623182543,1792.3836144113686,1812.5233154296875,248639,,
2022-05-09,1788.2064865741859,1818.7392184001358,1775.327072399344,1801.881591796875,38357,,
2022-05-10,1785.521264544876,1838.9287185161445,1760.458453082589,1794.173828125,151768,,
2022-05-11,1765.3318000200252,1797.107723858221,1629.2272289023804,1657.522216796875,93974,,
2022-05-12,1641.0621870660455,1682.7836358586583,1566.4707138453603,1626.0941162109375,71660,,
2022-05-13,1597.600260747792,1745.4405952785326,1597.600260747792,1715.60400390625,188868,,
2022-05-16,1720.477482229602,1770.4537769645076,1706.8520315183314,1719.7315673828125,42949,,
2022-05-17,1704.0672934804757,1728.831689772217,1674.0317172347443,1683.678955078125,48202,,
2022-05-18,1672.042481221958,1687.8558984506744,1648.9688998227848,1660.2073974609375,1616770,,
2022-05-19,1621.4198993244922,1655.9308418814214,1601.2304236811342,1604.164306640625,23447,,
2022-05-20,1612.5682808754757,1668.0146113954816,1603.766510984321,1620.822998046875,36328,,
2022-05-23,1622.1161585491918,1634.7469347654298,1558.4647580910998,1570.7972412109375,51433,,
2022-05-24,1571.4933433281726,1574.5764336851446,1506.1512526257782,1531.56201171875,52574,,
2022-05-25,1537.5293952701188,1565.3768834989125,1487.950944972438,1543.9443359375,149913,,
2022-05-26,1552.0997494547564,1603.2198098565782,1504.8088161201692,1584.4227294921875,50884,,
2022-05-27,1587.3067023026758,1650.7094606183373,1570.001454575438,1582.0355224609375,82309,,
2022-05-30,1601.2303015367024,1636.039655917935,1581.3392418902838,1591.6826171875,71985,,
2022-05-31,1595.362677471915,1605.0595706469612,1559.608540429679,1561.7965087890625,890305,,
2022-06-01,1551.6520878183787,1603.2694194722044,1551.6520878183787,1591.2352294921875,101949,,
2022-06-02,1595.1636406990735,1599.639129366622,1566.5204646646032,1571.393798828125,95382,,
2022-06-03,1572.4877915805334,1592.8761289565143,1541.6566472558798,1558.0667724609375,59543,,
2022-06-06,1559.5586489032767,1572.6868223051786,1538.5736033519554,1557.71875,54181,,
2022-06-07,1561.398375315577,1570.2499209651776,1522.660585978413,1542.352783203125,287773,,
2022-06-08,1542.60143226283,1581.9857055830842,1535.191939795102,1544.7396240234375,29422,,
2022-06-09,1539.8665986482415,1539.8665986482415,1506.7479321710325,1517.09130859375,339308,,
2022-06-10,1500.2833524772907,1517.1907551899947,1500.0844904193043,1512.814697265625,63378,,
2022-06-13,1505.7533883952742,1514.5055042083477,1483.8732202679982,1489.98974609375,57138,,
2022-06-14,1497.7970275203322,1528.5783986140466,1479.895071016105,1516.146484375,356088,,
2022-06-15,1516.1462733485967,1565.426423095233,1516.1462733485967,1545.6845703125,76142,,
2022-06-16,1533.600725515424,1559.906603794954,1497.1503337958623,1508.2396240234375,98921,,
2022-06-17,1484.071811075451,1515.698642331933,1457.0200203518907,1479.3974609375,800006,,
2022-06-20,1476.612732677776,1551.502619205425,1449.6603717149649,1539.766845703125,119257,,
2022-06-21,1525.7439448975504,1555.4811080082015,1525.7439448975504,1542.4027099609375,66247,,
2022-06-22,1542.402627439895,1548.0716528670825,1494.8132866083936,1505.4549560546875,42324,,
2022-06-23,1509.7315745282303,1522.4121262905721,1482.8786413844475,1506.94677734375,45741,,
2022-06-24,1521.666026725687,1587.306521996207,1521.666026725687,1579.99658203125,329604,,
2022-06-27,1611.1759225436679,1649.9137148352581,1591.2848617715238,1623.90625,934396,,
2022-06-28,1623.9062730064304,1780.2499643282965,1615.0049503415478,1744.2471923828125,169886,,
2022-06-29,1730.6217383075052,1839.923142801496,1700.68571577868,1789.0020751953125,235479,,
2022-06-30,1799.1465169223138,1848.7747397630542,1746.7336183082427,1831.2706298828125,188473,,
2022-07-01,1793.875204806879,1825.004762395179,1741.462310056653,1755.28662109375,88311,,
2022-07-04,1740.4677328930297,1775.1776565329467,1719.8307583458695,1736.7381591796875,146565,,
2022-07-05,1725.5494404716685,1824.0101866426744,1725.5494404716685,1810.3350830078125,99694,,
2022-07-06,1821.026833597111,1988.1117642603085,1815.0595146448538,1964.9884033203125,684821,,
2022-07-07,1983.8347390542626,2046.5911279009372,1978.265266764101,1999.15087890625,611072,,
2022-07-08,2008.9970836164368,2043.8064390256325,1981.1495992890802,2002.1346435546875,335643,,
2022-07-11,1994.8743743438777,2083.5884497520724,1949.4232312602282,2045.1986083984375,227178,,
2022-07-12,2028.8882903707947,2030.7281892942165,1950.9650805584681,1980.6524658203125,261711,,
2022-07-13,1983.3873740784038,2004.0243493884839,1954.7441983388803,1980.4534912109375,142328,,
2022-07-14,1981.1495823000375,2031.2750779405153,1949.3238861988323,1980.155029296875,176863,,
2022-07-15,1976.176740016312,2013.9199764484279,1974.18763408776,1988.4097900390625,122938,,
2022-07-18,2017.7989592267043,2019.8874963796216,1988.5590748696552,2003.8255615234375,171920,,
2022-07-19,2013.8702470192916,2306.3682386932287,2013.820470810766,2251.419189453125,1898045,,
2022-07-20,2238.2326896402906,2342.7299917355463,2139.955465050705,2184.3916015625,1157619,,
2022-07-21,2189.7164345218466,2348.7016409369653,2161.601679709783,2180.759521484375,1114161,,
2022-07-22,2180.5106888997416,2194.9412708208033,2115.37407634007,2140.30419921875,458240,,
2022-07-25,2124.778719632841,2149.659032509104,2088.1050412645077,2118.06103515625,660120,,
2022-07-26,2125.773621907949,2153.639568262547,2101.8885250325784,2139.1591796875,268909,,
2022-07-27,2148.4150086972595,2148.4150086972595,2076.8593263258967,2097.7587890625,134101,,
2022-07-28,2129.156986413597,2129.156986413597,2071.2356821680587,2085.666259765625,253359,,
2022-07-29,2109.5516856249196,2109.8004887260918,2062.08010251561,2072.0322265625,228812,,
2022-08-01,2089.9461792414577,2089.9461792414577,1986.4440827456901,2013.3148193359375,271350,,
2022-08-02,2013.912020653995,2091.4889090742695,1971.5159918206555,2069.64404296875,913111,,
2022-08-03,2078.799836178798,2116.6179096794726,2055.113731023491,2106.516357421875,377231,,
2022-08-04,2118.8075312790393,2236.8894038349154,2115.0754841948233,2208.874267578125,771693,,
2022-08-05,2199.4197290390975,2386.519687889482,2194.792087883917,2295.70654296875,788679,,
2022-08-08,2261.2720100275965,2344.6210578366613,2195.488608823465,2314.41650390625,331631,,
2022-08-10,2317.8501182663895,2353.6279622231955,2260.2769728416315,2307.4501953125,279212,,
2022-08-11,2336.758913668107,2336.758913668107,2209.570709551267,2230.91796875,222822,,
2022-08-12,2244.60186459261,2244.60186459261,2220.318780142821,2228.678466796875,118592,,
2022-08-16,2239.227960884772,2239.227960884772,2173.693125374164,2211.859619140625,155312,,
2022-08-17,2228.2804813818257,2229.2756937451045,2197.379088907657,2223.55322265625,130976,,
2022-08-18,2221.1651758485054,2223.304785593097,2143.7375926439636,2158.566162109375,181642,,
2022-08-19,2175.584770713745,2189.467939279808,2139.707304296176,2162.298583984375,110734,,
2022-08-22,2162.149302060486,2162.2984867699897,2055.263317138002,2102.237548828125,275977,,
2022-08-23,2079.9940558179337,2155.879006418947,2071.236137514868,2083.427490234375,245449,,
2022-08-24,2094.4244206519875,2109.8502122985096,2024.3117581819874,2049.9384765625,404267,,
2022-08-25,2055.11370163097,2095.7682272514653,2042.225749045608,2083.875244140625,273819,,
2022-08-26,2094.921955272999,2163.5916060634204,2051.1326127399766,2140.054931640625,360606,,
2022-08-29,2051.1330264277267,2157.322154892966,2051.1330264277267,2143.190185546875,322333,,
2022-08-30,2173.544140398282,2272.9657738074475,2166.5776527688,2253.0615234375,432702,,
2022-09-01,2252.0663289525664,2266.098922764469,2200.6636991492896,2250.32470703125,382303,,
2022-09-02,2273.065127915818,2313.769218000205,2254.4547045784634,2281.325439453125,338625,,
2022-09-05,2302.125675584296,2502.959621437545,2284.0626645706016,2475.939697265625,1079085,,
2022-09-06,2512.9113435936265,2557.6959021923244,2468.126784994928,2503.058837890625,1014317,,
2022-09-07,2489.7229875872094,2616.4135836116816,2456.8809760774398,2575.51025390625,753657,,
2022-09-08,2601.4851705699452,2655.22663928103,2562.671887611939,2611.039306640625,718168,,
2022-09-09,2622.28514869368,2754.748021026403,2602.480518419091,2732.05712890625,859488,,
2022-09-12,2711.954062579037,2809.4848875818793,2692.348424922826,2722.552978515625,535041,,
2022-09-13,2731.8582049367888,2731.8582049367888,2629.351321472858,2636.964599609375,531868,,
2022-09-14,2636.3178264474113,2641.891113454213,2601.037593068361,2611.288330078125,486859,,
2022-09-15,2625.370510042642,2654.7292780662424,2620.4940661020164,2636.566650390625,396020,,
2022-09-16,2639.2038088424606,2661.0984828243927,2497.9832588477143,2555.556396484375,487145,,
2022-09-19,2560.482751235078,2571.9775041265075,2473.103045733125,2546.848388671875,243441,,
2022-09-20,2569.041348986487,2736.8342670573375,2560.1840552745457,2705.83349609375,771633,,
2022-09-21,2687.0738142980517,2756.7386909650386,2672.5934234821952,2729.51953125,365271,,
2022-09-22,2711.9543023493848,2781.320571139883,2671.946804905421,2725.140869140625,309920,,
2022-09-23,2739.5215641400664,2841.331857578667,2713.347425228954,2759.07763671875,502732,,
2022-09-26,2724.6427193940026,2781.021404071303,2627.360708318936,2659.356689453125,315934,,
2022-09-27,2698.269804590889,2705.286101086536,2464.1460714309055,2565.359130859375,868099,,
2022-09-28,2577.6002793399857,2702.00183722319,2494.7986510072838,2629.251708984375,423902,,
2022-09-29,2642.2894947863533,2668.4138259494953,2527.8400439763986,2571.57958984375,431025,,
2022-09-30,2579.9391310863075,2770.6715028336803,2570.6337973489212,2731.21142578125,433889,,
2022-10-03,2696.030940276733,2771.6172888451647,2665.2291588225326,2686.526611328125,252082,,
2022-10-04,2711.9538009666153,2750.7670847235686,2705.7337234414626,2740.615966796875,371199,,
2022-10-06,2760.6198450361744,2768.6811634412406,2723.548179565942,2750.717529296875,430018,,
2022-10-07,2755.743938989343,2761.715215130165,2708.0235390916437,2732.40625,216957,,
2022-10-10,2706.9777983041804,2790.675260506637,2687.023740571589,2709.3662109375,241172,,
2022-10-11,2700.011412248327,2716.4822271061244,2631.8891677470724,2670.055419921875,190083,,
2022-10-12,2683.092877496029,2686.9245427776123,2609.2979684286915,2636.118896484375,159708,,
2022-10-13,2627.361014231731,2663.636461458865,2612.233832744151,2653.5849609375,203213,,
2022-10-14,2675.1314034166576,2719.567547731856,2621.3401151070143,2631.242431640625,219094,,
2022-10-17,2608.551558460836,2701.5541171900727,2582.576415245943,2656.520751953125,364729,,
2022-10-18,2665.1791231223965,2766.5911815147692,2656.6201982791363,2747.532958984375,375284,,
2022-10-19,2762.013576092721,2868.1030934203973,2743.900755375491,2819.039306640625,617164,,
2022-10-20,2786.595135175673,2830.384487299862,2582.825365915952,2779.77783203125,633667,,
2022-10-21,2799.383113229268,2809.982027406556,2648.260022995872,2694.089599609375,387956,,
2022-10-24,2723.896592064303,2724.6928106526902,2696.229636177511,2707.4755859375,19224,,
2022-10-25,2713.9447710216396,2856.260173389111,2688.1688617675904,2816.35205078125,847884,,
2022-10-27,2826.4035803249794,2848.994856122652,2711.9541395723836,2724.294677734375,486496,,
2022-10-28,2730.8631744758636,2735.6900524212224,2621.5887904013816,2655.525634765625,215959,,
2022-10-31,2662.193207813354,2770.5221762807523,2658.958767467413,2730.116455078125,206683,,
2022-11-01,2721.906364070054,2814.4611325740816,2718.323501648913,2784.40576171875,334608,,
2022-11-02,2791.5710423086366,2856.259854340744,2751.8123518155703,2829.8369140625,706997,,
2022-11-03,2826.403229408205,2922.5904111357972,2806.498981313781,2852.8759765625,699800,,
2022-11-04,2846.307429912335,2901.044111256803,2845.0136052134744,2871.237548828125,411464,,
2022-11-07,2886.1161874538807,2955.6318762611004,2816.5509324001764,2865.963134765625,574006,,
2022-11-09,2884.1255140666785,2899.6509245816274,2673.0906775986728,2700.11083984375,877244,,
2022-11-10,2697.025663422008,2697.025663422008,2493.0071169269854,2556.402099609375,705930,,
2022-11-11,2639.3039124173524,2686.0290971140844,2513.4095138800994,2560.831298828125,643135,,
2022-11-14,2571.081584608845,2571.1313938262697,2480.9154813961163,2496.689453125,724365,,
2022-11-15,2498.3320182239336,2615.368872824746,2468.127218980344,2531.572021484375,609797,,
2022-11-16,2544.6585322842325,2614.423019916863,2543.7629382974883,2587.154296875,825142,,
2022-11-17,2595.0169998982888,2597.0074252098116,2503.109013949972,2529.78076171875,370805,,
2022-11-18,2542.4692426919682,2588.29882542487,2490.966997487417,2562.8212890625,503006,,
2022-11-21,2562.672672812501,2587.5529900242727,2538.837377517993,2556.900390625,397839,,
2022-11-22,2568.593951455275,2592.5288634531144,2562.7721034375286,2584.318359375,482021,,
2022-11-23,2602.3810509449795,2656.2221440088892,2519.4302354305173,2569.787841796875,653612,,
2022-11-24,2620.3945234860394,2626.365798511074,2560.4329701096494,2589.891357421875,505606,,
2022-11-25,2607.1577740784182,2711.9536843086244,2547.8928293737604,2575.908203125,685507,,
2022-11-28,2557.6962597099214,2761.7148329552656,2553.0686185299114,2733.799072265625,1427618,,
2022-11-29,2742.4078727078395,2770.6718126887813,2612.433013041685,2730.564697265625,992017,,
2022-11-30,2709.9636535420586,2820.432241695995,2662.840244199383,2758.082275390625,12989587,,
2022-12-01,2765.496499220708,2825.2590574811506,2711.954018985461,2804.6083984375,435976,,
2022-12-02,2786.59519590718,2959.2645767964286,2774.70245429044,2919.257080078125,777567,,
2022-12-05,2925.925073139421,2984.6426171241915,2904.32900809871,2943.490478515625,434419,,
2022-12-06,2926.9201266604337,2974.6903293396927,2882.682977148691,2950.2578125,276641,,
2022-12-07,2955.7810567415354,2995.9379773779037,2904.030007936633,2929.75634765625,258840,,
2022-12-08,2918.9583963544183,2938.7630288238765,2841.331817794703,2884.324951171875,254851,,
2022-12-09,2908.508724892798,3025.3465829829124,2896.068567814557,2995.788818359375,343450,,
2022-12-12,3005.541772812995,3010.9656323848035,2931.1496378733355,2984.89111328125,296148,,
2022-12-13,2999.8193190542706,2999.8193190542706,2897.6608517241502,2926.073974609375,204384,,
2022-12-14,2925.6263356046256,2983.647276874705,2910.051356114537,2965.18603515625,175857,,
2022-12-15,2955.7815099576733,2958.568153914963,2792.118841611791,2818.1435546875,174515,,
2022-12-16,2822.422723856771,2947.8195021381366,2722.0058771677973,2907.86181640625,488922,,
2022-12-19,2907.861671341858,2973.943682585731,2838.694404232443,2957.8212890625,247280,,
2022-12-20,2917.9632939900152,3031.6165223989456,2866.2122396627706,3002.90478515625,378974,,
2022-12-21,3002.904473347623,3002.904473347623,2770.024753056247,2886.315185546875,265168,,
2022-12-22,2914.9773604891643,2934.8816101340203,2781.618887868629,2911.742919921875,235028,,
2022-12-23,2846.4076885079576,2870.1433635188755,2736.8346827481105,2765.1982421875,291123,,
2022-12-26,2764.70025822601,2825.109606922623,2711.3567723256597,2746.189208984375,123415,,
2022-12-27,2761.665147560489,2822.4229252041177,2746.886386277547,2783.46044921875,178876,,
2022-12-28,2770.721264311831,2796.5469787417965,2747.7815687922066,2772.5126953125,132065,,
2022-12-29,2747.2843705039536,2776.7427605261983,2652.341186060343,2745.2939453125,327875,,
2022-12-30,2779.927229571739,2795.20359623916,2724.89192765405,2762.26220703125,157856,,
2023-01-02,2744.746415622202,2779.628664245859,2742.3580026805344,2771.965576171875,109334,,
2023-01-03,2770.522327076842,2783.310661511472,2758.9777652557977,2771.91552734375,146578,,
2023-01-04,2776.742312306348,2818.8894131489283,2738.824621341073,2767.785400390625,247927,,
2023-01-05,2771.66680951623,2804.7576251056066,2746.9356817291327,2758.28125,118486,,
2023-01-06,2756.7383275166367,2776.5429569407715,2668.2142337887517,2692.447509765625,83515,,
2023-01-09,2706.978265556286,2747.980975984317,2696.6281517296534,2717.22900390625,187598,,
2023-01-10,2726.8827097216817,2726.8827097216817,2639.5029888960858,2661.7958984375,113903,,
2023-01-11,2661.99449546419,2674.9322582162863,2582.576487822344,2630.2470703125,193418,,
2023-01-12,2625.3205189641617,2697.6724123177214,2609.4967388905366,2671.647705078125,198620,,
2023-01-13,2671.647795128029,2681.0525040914886,2623.379991788968,2640.099609375,121785,,
2023-01-16,2632.3368821031977,2649.504296551697,2595.5140221267065,2607.157958984375,76467,,
2023-01-17,2606.4616416645363,2649.2557808747597,2599.544963107479,2644.976318359375,224598,,
2023-01-18,2651.1467347807043,2651.24635322894,2604.52117048543,2625.61962890625,125721,,
2023-01-19,2614.4729150648313,2632.0383176165865,2570.036533394391,2586.258544921875,113233,,
2023-01-20,2595.514536780055,2631.342191428859,2567.6983923901416,2622.136474609375,106503,,
2023-01-23,2628.306334473388,2648.2603931703648,2550.7295707236544,2575.410888671875,120254,,
2023-01-24,2576.604873838092,2662.193139249477,2560.333054097334,2626.21630859375,112428,,
2023-01-25,2606.4616896357616,2620.7926532835204,2543.315501419361,2557.845458984375,53848,,
2023-01-27,2575.51040057882,2672.9418527228318,2521.420745537427,2652.98779296875,236919,,
2023-01-30,2647.265268156432,2647.265268156432,2515.897217255436,2574.51513671875,337970,,
2023-01-31,2597.504399058778,2609.39713880494,2578.5953632035607,2597.45458984375,171822,,
2023-02-01,2597.653897429341,2619.1007761231303,2529.7306420100426,2604.37158203125,149585,,
2023-02-02,2589.543133883833,2726.8824699622223,2532.8160168079767,2676.97265625,198161,,
2023-02-03,2684.0880933077833,2721.060140229699,2578.943990623323,2676.872802734375,152600,,
2023-02-06,2661.198184110197,2681.9484616050854,2564.6625730934843,2659.257568359375,181664,,
2023-02-07,2652.241344566586,2673.588604355322,2554.710518387402,2571.828125,128061,,
2023-02-08,2564.413421786745,2584.5166626539585,2494.0021480537816,2532.8154296875,180524,,
2023-02-09,2532.76624790781,2546.1518087312934,2498.978828863813,2505.8955078125,76080,,
2023-02-10,2512.4138849882693,2573.569642784296,2506.9402163935233,2542.320068359375,94059,,
2023-02-13,2537.7917326264646,2557.5963630766773,2472.1077113114266,2515.00146484375,144550,,
2023-02-14,2517.2406555975863,2526.8443583529865,2441.405274096686,2469.470458984375,219326,,
2023-02-15,2477.986605041364,2503.086387540641,2397.060354162082,2421.9111328125,268674,,
2023-02-16,2440.2376442056348,2448.2057671254897,2391.4328913215218,2409.809326171875,166386,,
2023-02-17,2399.0525314902966,2427.8873734837343,2386.9011915573055,2412.000732421875,89717,,
2023-02-20,2390.436847157926,2475.098152161436,2365.5364633333643,2461.55224609375,324367,,
2023-02-21,2457.169903859717,2566.8808989761133,2446.21373485183,2537.59814453125,196024,,
2023-02-22,2519.6201321016338,2550.24760593553,2493.0265693086935,2505.526611328125,116862,,
2023-02-23,2496.163865105848,2547.508506944259,2461.1540215165187,2487.44873046875,215355,,
2023-02-24,2499.9982907620474,2553.6834157547232,2498.105959044123,2540.884765625,120864,,
2023-02-27,2555.7752366434293,2734.0619737280645,2511.2534017703783,2649.898681640625,278165,,
2023-02-28,2649.8985806584924,2850.5458047457223,2589.63965785081,2760.755126953125,707344,,
2023-03-01,2776.8905213570742,2807.4182915503598,2736.053896043,2771.860595703125,234903,,
2023-03-02,2771.9103518712673,2845.814632418038,2742.9262117585026,2800.396484375,152875,,
2023-03-03,2800.3963750707335,2802.7368648411634,2654.380452534736,2696.262939453125,179408,,
2023-03-06,2691.1335540838995,2765.187386492193,2662.398659516208,2752.587890625,152245,,
2023-03-08,2729.0822010913494,2802.787340828853,2723.1061086802006,2782.767333984375,149028,,
2023-03-09,2771.8111470568997,2771.8111470568997,2720.466747949666,2737.84716796875,82979,,
2023-03-10,2729.082208363214,2729.082208363214,2665.337222474438,2690.984619140625,101721,,
2023-03-13,2687.0003244904183,2714.1417419095137,2609.8091373351936,2694.221435546875,150327,,
2023-03-14,2694.2213342030086,2738.0460065523366,2674.3010285896776,2695.41650390625,140536,,
2023-03-15,2704.1813932740956,2704.7790996888943,2649.3008559445866,2670.06787109375,136740,,
2023-03-16,2649.3009913737137,2679.281149082236,2630.7752527491393,2656.920654296875,207254,,
2023-03-17,2662.000059924889,2680.2271876285126,2516.4325284439024,2540.087890625,412328,,
2023-03-20,2639.440780888852,2649.4009347789984,2457.120115296154,2531.572265625,134712,,
2023-03-21,2531.5721458483563,2531.870999084485,2463.245639295384,2479.181884765625,177768,,
2023-03-22,2469.1716951848703,2479.928708697214,2454.729473819834,2473.70361328125,78797,,
2023-03-23,2466.1338587607106,2482.3191072279405,2412.3490330849922,2470.117919921875,107625,,
2023-03-24,2470.118001625563,2560.6556972406042,2469.271291333691,2541.2333984375,152502,,
2023-03-27,2557.617955730712,2564.3906651579814,2458.16573191119,2485.55615234375,87693,,
2023-03-28,2479.928739196124,2537.8469303914326,2472.657779027299,2528.6337890625,121465,,
2023-03-29,2529.8792065859134,2570.715839448127,2528.634187291334,2560.406982421875,484967,,
2023-03-31,2573.255600761794,2574.699774438844,2515.9847160305626,2536.452880859375,489701,,
2023-04-03,2549.799364129889,2581.6718561815123,2522.0602386240835,2551.64208984375,92654,,
2023-04-05,2551.6419250851436,2617.926549584527,2539.888895766433,2586.75146484375,239870,,
2023-04-06,2586.800840144962,2618.4741728821327,2569.719276331036,2587.5478515625,688122,,
2023-04-10,2587.647486501633,2609.310817075694,2555.775000139796,2565.685302734375,388290,,
2023-04-11,2572.6079596624063,2587.299186128669,2537.598117248911,2565.785400390625,362223,,
2023-04-12,2579.281633578795,2638.4448523670058,2565.9348810258834,2625.14794921875,489118,,
2023-04-13,2636.4526970560223,2644.918827741695,2581.1239943531496,2588.19580078125,163067,,
2023-04-17,2588.0961429485214,2719.122016209314,2587.9468379070663,2696.711669921875,259669,,
2023-04-18,2688.29528361309,2739.042217148145,2680.626014038637,2689.789306640625,106772,,
2023-04-19,2680.3772919722987,2737.946790817673,2680.2775931595247,2711.403076171875,157564,,
2023-04-20,2711.2036687844575,2711.2036687844575,2604.5801754907475,2625.04833984375,109352,,
2023-04-21,2627.1395915973776,2639.4404775049416,2559.858954337098,2585.50634765625,109284,,
2023-04-24,2589.689908734355,2598.405043549409,2515.2377570286053,2548.305419921875,81166,,
2023-04-25,2551.1436656899846,2566.63150773373,2491.0340502569375,2494.96826171875,1247308,,
2023-04-26,2487.199313397267,2518.9224954729243,2475.097825721715,2503.882568359375,216427,,
2023-04-27,2503.982702532492,2564.639942808812,2503.8830037258836,2517.478759765625,220033,,
2023-04-28,2529.8789074923698,2589.5899771675367,2507.3688640404744,2578.8828125,188403,,
2023-05-02,2579.579779139979,2608.5639199622287,2532.020051313253,2572.06005859375,237586,,
2023-05-03,2559.8588453975444,2572.0600319912946,2520.5162437279005,2535.804931640625,82964,,
2023-05-04,2538.644046046605,2563.7435849580856,2524.9488345884956,2551.09423828125,173725,,
2023-05-05,2544.8188239596197,2638.444252316647,2536.2033897874917,2629.330810546875,160506,,
2023-05-08,2639.4406472010714,2659.3111045719106,2589.689729673239,2595.068115234375,109065,,
2023-05-09,2608.1658611121507,2728.833022032542,2597.70770006412,2710.40673828125,216449,,
2023-05-10,2724.1017739198237,2765.9344154206037,2694.2213157049814,2714.390625,156568,,
2023-05-11,2718.075624423841,2762.946157702125,2662.448321547409,2756.32275390625,170419,,
2023-05-12,2762.4986082878127,2777.886997845972,2707.219752647636,2738.59423828125,93315,,
2023-05-15,2744.0221200015576,2823.105636646644,2611.701391648339,2635.55615234375,328072,,
2023-05-16,2657.4188080987064,2798.753289257063,2656.372943345717,2670.566162109375,526592,,
2023-05-17,2677.2892162052244,2717.528138407853,2671.362973604998,2696.61181640625,133198,,
2023-05-18,2714.988567773005,2763.942625476023,2661.353043341237,2678.9326171875,115599,,
2023-05-19,2692.2792741629573,2694.2214554140755,2639.4406125128653,2690.1376953125,135057,,
2023-05-22,2695.4169290616705,2714.1420679253274,2675.2476164468126,2701.44287109375,74534,,
2023-05-23,2701.4425338436604,2715.635752060002,2665.3369787319143,2684.75927734375,92449,,
2023-05-24,2684.7595151388646,2711.104073878857,2670.8651489194567,2674.74951171875,120823,,
2023-05-25,2659.3110940861593,2735.5062671860524,2654.1817123798905,2713.394775390625,181163,,
2023-05-26,2694.221485374822,2773.703557865282,2694.221485374822,2770.516357421875,208970,,
2023-05-29,2776.890908337959,2869.520339641915,2776.890908337959,2853.7333984375,217784,,
2023-05-30,2869.520382613183,2976.0940309781986,2825.1976970782,2851.791259765625,321235,,
2023-05-31,2858.5637040370375,2863.8924827733476,2771.2132171848625,2851.541748046875,484614,,
2023-06-01,2842.627778393034,2918.324944180655,2821.711456267507,2874.201416015625,136944,,
2023-06-02,2876.4921821586036,2887.448350442449,2828.683447829098,2872.707275390625,136490,,
2023-06-05,2887.4482769947067,2916.6814225301205,2865.0877827450186,2879.828857421875,144801,,
2023-06-06,2888.2950614933984,2889.2910767921985,2871.163403819794,2887.59765625,64597,,
2023-06-07,2893.4244571671034,2893.4244571671034,2873.5041510936635,2888.39453125,82728,,
2023-06-08,2908.3149281698425,2913.0958504103687,2830.426577623272,2854.181640625,79737,,
2023-06-09,2854.181662539011,2876.492308942355,2825.197518807129,2837.099853515625,54512,,
2023-06-12,2860.15802293147,2860.15802293147,2819.819397778452,2828.683837890625,46994,,
2023-06-13,2837.647845034764,2837.6976944378093,2772.159833167079,2786.05419921875,186827,,
2023-06-14,2813.7432020806827,2826.64155148852,2775.8946209553496,2822.906494140625,90083,,
2023-06-15,2828.683471782147,3052.1892093980955,2793.872785437261,2966.631591796875,311278,,
2023-06-16,2988.046037667108,3025.8946208108914,2923.852897258121,2976.791015625,166279,,
2023-06-19,2972.109677325479,3088.7431670908604,2940.7351951419155,2957.96630859375,253817,,
2023-06-20,2987.049808018745,3030.8246306964315,2940.6852483604207,3008.165283203125,94009,,
2023-06-21,3037.8468807110703,3187.2491863198115,3037.8468807110703,3158.91259765625,416752,,
2023-06-22,3181.8710663389147,3235.755356494929,3133.8133206875927,3207.617919921875,253723,,
2023-06-23,3207.1693924104175,3385.157284902242,3126.3428448967625,3151.4423828125,550924,,
2023-06-26,3162.248897456702,3240.0377901151505,3140.5855645532265,3182.966064453125,302466,,
2023-06-27,3176.292870060742,3220.764857035769,3086.751189648823,3121.711181640625,249865,,
2023-06-28,3152.288846681146,3201.0935982541705,3114.0918043609017,3134.659423828125,111852,,
2023-06-30,3138.3446551434085,3192.2291826067967,3089.6396020113207,3162.2490234375,97886,,
2023-07-03,3186.053996968958,3212.2988559259156,3133.4643370836416,3169.22119140625,388265,,
2023-07-04,3207.169698905417,3207.169698905417,3148.3549388680112,3156.522216796875,71604,,
2023-07-05,3171.213105607299,3177.1891975754033,3129.729164462499,3144.17138671875,105629,,
2023-07-06,3160.7550761535726,3218.125658701165,3142.4284906227717,3191.133544921875,146755,,
2023-07-07,3191.2333439750755,3229.0819292032443,3154.4306235512495,3173.15576171875,105698,,
2023-07-10,3187.198891272043,3187.198891272043,3112.547598307785,3128.53369140625,112817,,
2023-07-11,3128.533807554569,3219.221046379228,3128.533807554569,3207.468017578125,117219,,
2023-07-12,3168.3250879873144,3283.8628780553836,3161.801138276629,3269.420654296875,154671,,
2023-07-13,3301.740856245125,3372.4080928499984,3195.21706899073,3216.03369140625,165027,,
2023-07-14,3256.9703457427845,3313.9423777748125,3242.528122497136,3274.151611328125,115216,,
2023-07-17,3302.786633880796,3302.786633880796,3232.5675573763947,3252.13916015625,105925,,
2023-07-18,3256.9205412472134,3268.374718462042,3224.1018821217694,3238.095947265625,169412,,
2023-07-19,3251.9901030638493,3251.9901030638493,3171.362709479029,3181.47216796875,262920,,
2023-07-20,3181.4721622497477,3235.0578363749887,3137.448332691261,3152.2392578125,131516,,
2023-07-21,3156.073651506387,3234.90840887741,3152.239138478945,3206.52197265625,63134,,
2023-07-24,3207.1695100835827,3223.4046093427246,3153.0858265439515,3161.601806640625,40490,,
2023-07-25,3187.2493629063106,3196.1636523346233,3114.5402368150103,3118.922607421875,91241,,
2023-07-26,3133.720409439227,3147.771053783126,3079.162434268928,3104.572998046875,149535,,
2023-07-27,3104.0749640235013,3148.917138463648,3079.162644890086,3111.84765625,93778,,
2023-07-28,3107.6123642946272,3111.0502154594533,3081.1554344012266,3087.582763671875,91357,,
2023-07-31,3087.1843760526904,3103.2776364599135,3046.4276770921324,3068.400390625,135685,,
2023-08-01,3099.0421916847476,3163.8142123353064,3019.322781653291,3049.018310546875,153612,,
2023-08-02,3065.211457641512,3069.197428327652,3017.3798094078343,3036.711669921875,74107,,
2023-08-03,3053.3034908688524,3070.19399339277,2971.6409631678716,3045.68017578125,108191,,
2023-08-04,3049.217665477194,3150.9097900592833,2994.5601890617286,3091.568603515625,212490,,
2023-08-07,3099.988867088553,3099.988867088553,3034.3200992011853,3051.80859375,101039,,
2023-08-08,3048.8195089980522,3063.916277178959,2979.563261349309,2993.51416015625,194463,,
2023-08-09,3020.9175018120227,3020.9175018120227,2909.7586921584816,2922.563720703125,133652,,
2023-08-10,2916.733852959164,2969.4482144160306,2905.0749381450273,2936.21533203125,114353,,
2023-08-11,2935.6676682582665,2946.08096893381,2835.0218995908917,2840.20361328125,178092,,
2023-08-14,2839.007602020737,2908.712215266765,2801.1408807582634,2858.439208984375,119793,,
2023-08-16,2872.6392362827573,2899.793661463125,2765.2671513952478,2782.556396484375,158537,,
2023-08-17,2919.723583713463,2919.723583713463,2748.326840915267,2766.4130859375,202418,,
2023-08-18,2766.412996749286,2804.8777106834614,2748.8748719292234,2776.029296875,162999,,
2023-08-21,2792.6710165001805,2860.8310253518603,2782.257715604003,2807.618408203125,104403,,
2023-08-22,2814.6930486774495,2838.509124109452,2795.3110733008502,2802.53564453125,73282,,
2023-08-23,2802.5360212924224,2802.585894585167,2762.277812820469,2780.8623046875,121904,,
2023-08-24,2795.4611168290307,2795.4611168290307,2753.409172088809,2760.135498046875,299935,,
2023-08-25,2768.007432876255,2887.835672927868,2764.170838895587,2872.63916015625,176629,,
2023-08-28,2896.6050928099285,2914.741211692477,2850.218307946464,2866.809814453125,95674,,
2023-08-29,2868.453794842314,2898.2488259824745,2847.97582345209,2854.7021484375,77633,,
2023-08-30,2868.9024424300446,2888.284176512065,2822.2665360775427,2827.797119140625,77153,,
2023-08-31,2842.04688451272,2920.3710600996897,2841.9970112238193,2890.326904296875,1707545,,
2023-09-01,2899.743994279819,3001.685250033866,2864.019875593214,2977.669677734375,457800,,
2023-09-04,3004.425231437835,3049.0681492052863,2951.61112289183,3043.73681640625,258303,,
2023-09-05,3049.267742956534,3168.8468701313004,3039.0038192171623,3158.981689453125,291056,,
2023-09-06,3170.2917589948024,3177.815327791161,3085.1913768499803,3135.26513671875,184200,,
2023-09-07,3161.871319543626,3246.573198573317,3125.0509631399423,3235.46240234375,178444,,
2023-09-08,3223.4544509110083,3333.2678915358297,3218.6712375667353,3301.380126953125,521567,,
2023-09-11,3317.324227215967,3723.2952594209355,3317.324227215967,3678.3037109375,784421,,
2023-09-12,3659.270538262864,3659.270538262864,3301.2805389897153,3353.7958984375,434871,,
2023-09-13,3343.233207611283,3353.7961281741136,3123.1576843956136,3253.349609375,410278,,
2023-09-14,3277.464229198628,3378.1598571685136,3205.4177640713874,3364.757080078125,200730,,
2023-09-15,3374.1244970773887,3438.1990304247747,3246.0751769727094,3307.459228515625,206983,,
2023-09-18,3308.0565989654683,3352.2012719828713,3255.5913582976646,3334.264404296875,82530,,
2023-09-20,3297.444211713175,3373.675903127269,3249.6624354902306,3349.710205078125,162597,,
2023-09-21,3364.8567555958766,3373.127693427175,3262.517006877569,3272.48193359375,243661,,
2023-09-22,3272.482075159426,3288.425958595038,3154.696684935711,3189.07568359375,115025,,
2023-09-25,3188.7768611208267,3209.105216296725,3178.811933429824,3196.20068359375,142287,,
2023-09-26,3177.067665047018,3217.3757437487807,3158.8816743351517,3170.14208984375,218835,,
2023-09-27,3172.434425437054,3184.7409649647157,3075.774628406032,3088.529541015625,211373,,
2023-09-28,3097.09903867369,3146.425422976891,3045.630292568021,3092.913818359375,196962,,
2023-09-29,3029.3374657692107,3089.426017447747,2894.8109664669596,2977.81884765625,1312908,,
2023-10-03,2989.32860942172,3014.1910526818124,2924.805709557063,3001.53564453125,175747,,
2023-10-04,2989.4778935609943,3026.1987443339685,2952.0096733146297,2995.058349609375,159075,,
2023-10-05,3019.3727480607395,3034.320137902624,2984.4955050963413,2995.357177734375,141949,,
2023-10-06,3004.7245158912756,3014.390446517453,2955.0991302966963,2964.466064453125,133211,,
2023-10-09,2939.653421066305,2984.49559189613,2906.1215395261856,2921.716552734375,230283,,
2023-10-10,2929.7383841823057,2974.530681975962,2916.783979202176,2927.894775390625,89805,,
2023-10-11,2927.9444806128067,2964.714961478129,2909.758490049994,2914.04345703125,246201,,
2023-10-12,2923.958565134178,2946.5290263959864,2896.804140357862,2906.220947265625,265067,,
2023-10-13,2906.2211623882886,2964.3666102701827,2880.461971389122,2956.294921875,163323,,
2023-10-16,2974.5306063470643,3019.372776291995,2956.394488492872,3000.2900390625,116181,,
2023-10-17,3028.2915572575384,3028.2915572575384,2969.548359013785,2981.207275390625,121483,,
2023-10-18,2981.456195933901,3009.607113866918,2954.1025207939097,2983.2998046875,280656,,
2023-10-19,2978.3173356102707,2978.3173356102707,2909.7585913757807,2951.113037109375,142627,,
2023-10-20,2951.11321928567,3038.95395610329,2949.6184801909785,3015.536376953125,327557,,
2023-10-23,3026.0989076089177,3030.583124315673,2869.948565610537,2896.953369140625,144309,,
2023-10-25,2911.4024420269625,2959.582955467579,2873.187097646652,2937.5107421875,166760,,
2023-10-26,2937.5109554164324,2939.653317300051,2869.1514623173466,2912.947265625,174879,,
2023-10-27,2927.446312152695,3064.7630493687125,2924.7558306273445,3052.655517578125,234429,,
2023-10-30,3059.232732089135,3087.533028779081,2992.467718066343,3050.16455078125,161767,,
2023-10-31,3073.681604063296,3167.8501602584597,3064.3643003958587,3139.151123046875,216954,,
2023-11-01,3165.258993672553,3183.345480312271,3070.542566779347,3094.358642578125,146133,,
2023-11-02,3132.97306572309,3166.8538177061,3075.824111755653,3127.193359375,75737,,
2023-11-03,3126.695226895765,3215.6820773841855,3115.883426619211,3188.129150390625,76275,,
2023-11-06,3198.7411797624,3228.635957143357,3113.2420677959985,3130.132568359375,126565,,
2023-11-07,3130.133164345529,3218.6716441938343,3128.987294974811,3196.20068359375,118160,,
2023-11-08,3218.621601019241,3248.3670059206643,3189.823058825981,3240.893310546875,63906,,
2023-11-09,3249.712080970063,3249.712080970063,3119.022160289562,3140.994873046875,92222,,
2023-11-10,3148.867017061211,3208.7064515616444,3098.8930061309075,3184.54150390625,69419,,
2023-11-13,3188.477471116652,3203.723857259076,3121.0149676315477,3153.15185546875,60824,,
2023-11-15,3188.4776295347565,3196.7485675653147,3120.0186300021824,3175.323974609375,90786,,
2023-11-16,3176.669325575601,3212.642565786981,3140.9449652528783,3190.7197265625,90107,,
2023-11-17,3194.655830462263,3194.655830462263,3118.8727557091115,3153.75,140628,,
2023-11-20,3138.951882984386,3184.790545402571,3120.0185224203533,3159.130859375,105541,,
2023-11-21,3163.7149112165775,3196.7485465456025,3122.011594865141,3184.890380859375,132308,,
2023-11-22,3184.7906356183844,3816.5670007566996,3158.8818256915765,3717.2666015625,2314405,,
2023-11-23,3686.0263855495173,3686.0263855495173,3388.0750772826054,3410.4462890625,923413,,
2023-11-24,3417.9698796230346,3492.706830343655,3376.16706051017,3448.811279296875,370885,,
2023-11-28,3448.861116430623,3465.6521151635616,3363.760740082651,3409.748779296875,144251,,
2023-11-29,3426.9381635789205,3493.2547969366237,3413.6847629082126,3441.13818359375,137043,,
2023-11-30,3426.9882517723227,3426.9882517723227,3332.2715724453187,3354.493408203125,330397,,
2023-12-01,3355.6892259346964,3376.665446293401,3270.339722000834,3280.155029296875,213940,,
2023-12-04,3293.159106204744,3345.62434724994,3248.8151829953904,3337.25390625,274708,,
2023-12-05,3348.2153855571464,3348.2153855571464,3290.4188104493146,3306.61181640625,175874,,
2023-12-06,3313.337863459619,3353.795559948224,3261.3209988916437,3322.555419921875,705012,,
2023-12-07,3337.9513267392017,3482.7417550853093,3322.505690915504,3400.630859375,1582115,,
2023-12-08,3416.72425189668,3602.3210122075093,3378.1600341158087,3561.6640625,873775,,
2023-12-11,3592.35604705578,4035.795281713151,3557.4788038804813,3882.18603515625,846114,,
2023-12-12,3836.496890303548,3955.976267573547,3695.044800368577,3855.729248046875,448301,,
2023-12-13,3821.649236192115,3875.3600951990825,3695.9914098980194,3750.49951171875,363058,,
2023-12-14,3735.900946360663,3743.773141252112,3677.1078779928034,3698.532470703125,204885,,
2023-12-15,3710.938724112451,3713.57933238918,3631.219310060626,3643.725341796875,334353,,
2023-12-18,3644.173865303268,3698.681968254844,3592.505620623933,3651.3984375,131239,,
2023-12-19,3649.106542152918,3661.811824593373,3559.4720688083044,3586.42724609375,355057,,
2023-12-20,3605.3105924145393,3616.919635068082,3517.619234721759,3547.264892578125,119503,,
2023-12-21,3487.7244699503244,3612.2860581628356,3387.82607620389,3553.443115234375,135238,,
2023-12-22,3551.648944712805,3597.33822698702,3517.818070154653,3575.51513671875,85644,,
2023-12-26,3575.515428076815,3662.1105433389016,3569.635975383571,3595.64453125,101818,,
2023-12-27,3631.966737698941,3677.5064050480637,3620.6564483355733,3637.845947265625,89627,,
2023-12-28,3604.812108595846,3663.605174085039,3508.202196249709,3528.331298828125,163768,,
2023-12-29,3540.787684111051,3557.47893682585,3502.7217116511847,3529.228271484375,108363,,
2024-01-01,3562.4609865591683,3592.3058907827085,3538.6449111235925,3575.51513671875,40530,,
2024-01-02,3581.195408246578,3597.2886675629743,3526.8366844086704,3589.61572265625,99399,,
2024-01-03,3596.341872482064,3602.320828213539,3471.2820484320505,3529.427490234375,191295,,
2024-01-04,3526.5878054441305,3621.7528620759235,3483.8383642290382,3547.165283203125,450305,,
2024-01-05,3547.1651915659804,3810.58813778772,3547.1651915659804,3737.89404296875,441297,,
2024-01-08,3737.8938937084645,3762.258090932485,3698.482559792324,3756.9267578125,230616,,
2024-01-09,3761.909158711691,3838.489716755611,3737.8938316361346,3796.238525390625,225910,,
2024-01-10,3793.597827514982,3943.22135207139,3731.8651535385507,3898.1796875,285144,,
2024-01-11,3898.179763146868,4055.177239400449,3861.4092791954963,3902.016357421875,323252,,
2024-01-12,3902.015923766483,3946.110721602572,3792.7007334941054,3883.580810546875,116516,,
2024-01-15,3884.278433136082,4028.969115647223,3851.4440493412562,3987.31591796875,168455,,
2024-01-16,3987.9636960783987,4008.24241938294,3897.1831158279438,3906.55029296875,307773,,
2024-01-17,3852.4405988583103,3896.2862756171735,3750.8482214795845,3813.228515625,310013,,
2024-01-18,3782.3871131823207,3892.001304978909,3657.1779086847714,3836.04833984375,333718,,
2024-01-19,3836.496740062346,3903.6602480161946,3742.8264300452392,3840.98095703125,284614,,
2024-01-23,4030.8129796412063,4075.655151231776,3886.3215378493705,3918.50830078125,304728,,
2024-01-24,3947.1077466902343,4105.500462483189,3762.756589624419,3992.149169921875,274717,,
2024-01-25,4011.4810548342853,4060.060073285976,3901.268866428095,3973.9130859375,165063,,
2024-01-29,3901.268838470376,4090.6024474893725,3879.345999531334,4059.3623046875,176542,,
2024-01-30,4035.8451110201836,4045.7102909542346,3821.5493177030694,3919.00634765625,287282,,
2024-01-31,3871.4240128684937,3934.103306385994,3837.543261067823,3884.37841796875,313026,,
2024-02-01,3929.967899962323,3985.970740205338,3588.370158869856,3766.0947265625,252250,,
2024-02-02,3766.0948697866056,3766.0948697866056,3608.3998963801123,3631.219482421875,459510,,
2024-02-05,3632.2158641433107,3692.005425692995,3567.4438391311533,3595.3955078125,338895,,
2024-02-06,3614.279048137549,3647.113434174953,3569.0880065632523,3585.6298828125,270217,,
2024-02-07,3587.374136655419,3645.170719968201,3572.4267444193547,3587.822509765625,260915,,
2024-02-08,3588.3701320048735,3605.758880571966,3488.7208642457826,3495.148193359375,143994,,
2024-02-09,3612.286171394033,3612.286171394033,3429.080884394553,3447.067626953125,191190,,
2024-02-12,3497.3404358394446,3551.4999102924635,3418.2190143885305,3484.88427734375,137667,,
2024-02-13,3485.731918780409,3518.834358569241,3452.0311438786553,3483.73779296875,79406,,
2024-02-14,3441.861463062099,3498.4946899339325,3434.882022088335,3486.8291015625,101905,,
2024-02-15,3504.227529969054,3505.1746910572056,3442.8582586319244,3470.078125,103096,,
2024-02-16,3478.7522380641917,3734.997387156338,3461.0543727086056,3647.006591796875,203255,,
2024-02-19,3709.073874509815,3734.0004462471124,3622.4788669250242,3702.243896484375,99609,,
2024-02-20,3687.3878328738897,3729.015208530615,3643.66652777878,3712.4638671875,89736,,
2024-02-21,3719.593156276528,3736.7924917916557,3607.3736749989107,3652.590576171875,104864,,
2024-02-22,3670.836672400383,3699.602035563099,3556.52350380099,3677.716552734375,113920,,
2024-02-23,3697.8070756268876,3719.044563777675,3594.411703061265,3612.009765625,98017,,
2024-02-26,3633.29741731246,3633.29741731246,3542.0162548640365,3561.209716796875,76806,,
2024-02-27,3561.2595961537377,3569.4853655016113,3512.902043017752,3544.95751953125,157799,,
2024-02-28,3544.508777111157,3564.2506716026346,3499.7906512242153,3523.121826171875,297441,,
2024-02-29,3518.036569808109,3548.9954209290127,3422.2189730565055,3478.4033203125,389585,,
2024-03-01,3509.6615372964766,3813.5663690970896,3500.6380690343385,3702.991943359375,296730,,
2024-03-04,3730.062239515782,3752.7454206658354,3619.338354931579,3642.37060546875,209113,,
2024-03-05,3638.2824218679084,3638.2824218679084,3519.6319400366447,3553.23291015625,220335,,
2024-03-06,3549.5439665007684,3568.089434032248,3490.8667167637677,3532.643798828125,211154,,
2024-03-07,3532.643663950565,3557.5203339689165,3462.4006331711194,3488.423828125,213171,,
2024-03-11,3514.5968160801226,3589.426435312105,3445.8493778996203,3546.05419921875,248528,,
2024-03-12,3529.9518145731085,3564.499947463715,3481.743724907215,3537.629150390625,105869,,
2024-03-13,3537.57904611695,3537.57904611695,3400.4829021369387,3445.1513671875,172415,,
2024-03-14,3435.8790633939952,3601.391519726962,3388.518571371008,3570.283203125,124205,,
2024-03-15,3559.614333614096,3669.141546415869,3489.8199310659525,3550.19189453125,265361,,
2024-03-18,3529.15423049861,3529.15423049861,3471.823110595148,3500.289306640625,117047,,
2024-03-19,3493.758474820703,3514.547091251381,3460.954957747347,3490.916748046875,57581,,
2024-03-20,3509.2630265110815,3558.5178412622295,3479.7498643892354,3541.119140625,192218,,
2024-03-21,3544.658589848691,3709.0741728848293,3530.7493669615155,3696.212158203125,322530,,
2024-03-22,3710.071068303622,3760.9711782721015,3664.2061746884733,3732.95361328125,121462,,
2024-03-26,3723.5813082584305,3778.8683974734286,3691.725197233571,3731.4580078125,140602,,
2024-03-27,3738.9857191297997,3833.7066906810883,3715.2056725867146,3794.721435546875,260085,,
2024-03-28,3813.7657550280255,3816.70704202366,3695.115264871598,3725.62548828125,318097,,
2024-04-01,3806.736219728916,3807.7332826208903,3689.132700305248,3713.4609375,103499,,
2024-04-02,3713.95951277107,3785.847845500136,3704.58721884534,3758.727783203125,78110,,
2024-04-03,3752.994578579989,3752.994578579989,3669.1913949109667,3687.337890625,114581,,
2024-04-04,3697.507915781445,3702.8922014297473,3579.455767234283,3586.734375,384075,,
2024-04-05,3589.426369863014,3645.5610587208603,3583.693258300038,3602.88671875,306851,,
2024-04-08,3609.367891224734,3610.115688439767,3534.588169721459,3539.32421875,111150,,
2024-04-09,3539.32408558953,3624.024531607495,3473.7671988714483,3481.843505859375,133179,,
2024-04-10,3500.1893879455606,3588.5789186181155,3488.723164341694,3557.271240234375,74915,,
2024-04-12,3557.2712733561457,3559.5146649517033,3505.673266658316,3515.593994140625,102025,,
2024-04-15,3489.7200906913995,3529.054172743196,3454.8228897844856,3479.649658203125,201810,,
2024-04-16,3480.5969094923416,3534.5877648640776,3459.8080519261916,3511.256591796875,277306,,
2024-04-18,3539.5735342572348,3552.983982484001,3485.3830646098095,3506.271728515625,259184,,
2024-04-19,3489.820089843658,3494.705600874883,3447.045943710335,3486.1806640625,158811,,
2024-04-22,3489.7200777781204,3555.0276963765396,3463.2979114749432,3536.831298828125,252210,,
2024-04-23,3542.913830547316,3599.397350886393,3524.119096040985,3571.180419921875,113333,,
2024-04-24,3574.420430964259,3617.344035528099,3566.344367898273,3596.804443359375,90029,,
2024-04-25,3591.819221972942,3605.2299124493925,3550.540916105418,3563.353271484375,82363,,
2024-04-26,3585.438195773834,3648.25315860302,3524.6173587487497,3613.35595703125,160742,,
2024-04-29,3632.3003293751685,3713.062428381314,3601.4412797359296,3696.710693359375,341548,,
2024-04-30,3709.0240455239777,3748.9564629160795,3654.235488454104,3731.607666015625,191950,,
2024-05-02,3748.956528414337,3784.7013309815416,3715.056389593569,3779.865478515625,388320,,
2024-05-03,3793.7742779925748,3814.5631359794065,3741.976911134141,3808.231689453125,178775,,
2024-05-06,3809.777492465122,4018.163646855389,3797.862639020823,4001.6123046875,619349,,
2024-05-07,4011.1839739895695,4011.1839739895695,3879.870841124585,3990.09619140625,273348,,
2024-05-08,3963.3251163785358,4076.691121966084,3843.67756569541,3998.770751953125,361740,,
2024-05-09,3976.2871113713068,3997.2254336729106,3851.654240528425,3936.753662109375,130267,,
2024-05-10,3918.5572292456795,4150.274563353322,3858.9328156628194,4057.996337890625,162588,,
2024-05-13,4077.987179065614,4077.987179065614,3888.5452318718567,3923.542236328125,239543,,
2024-05-14,3849.6600289456287,3922.445623898499,3738.986042099484,3746.513916015625,312749,,
2024-05-15,3732.0562337018855,3801.1028376244726,3695.364271308132,3775.677734375,325002,,
2024-05-16,3786.845021187471,3808.2818742563313,3675.1240708113264,3754.041748046875,472768,,
2024-05-17,3783.3553499638683,3816.407889266281,3733.8013702144794,3793.675048828125,275537,,
2024-05-21,3783.95349085668,3783.95349085668,3654.235510824694,3669.0419921875,386526,,
2024-05-22,3669.09174855476,3698.9040759706572,3609.3677769084907,3688.883544921875,415146,,
2024-05-23,3714.059283791166,3830.0676489912207,3686.2413263907174,3813.41650390625,136090,,
2024-05-24,3790.2848431991933,3863.0704374086463,3742.9742556477627,3813.965087890625,107199,,
2024-05-27,3813.964513970262,3856.6388498246934,3771.0908142436692,3796.1171875,146473,,
2024-05-28,3788.83891183329,3838.3928878638726,3714.4082658426173,3794.8212890625,179124,,
2024-05-29,3764.809948416943,3793.326046556915,3676.7694834341637,3710.0712890625,152631,,
2024-05-30,3704.4376781175515,3718.0474890951796,3654.235464610843,3689.082763671875,158635,,
2024-05-31,3489.7201022362087,3753.2438717840714,3489.7201022362087,3566.344482421875,780952,,
2024-06-03,3688.7340131442515,3868.604063468032,3629.308966758669,3824.035400390625,266777,,
2024-06-04,3837.6951534441832,3872.54245358069,3504.7260422191307,3757.08251953125,399473,,
2024-06-05,3756.9331032482573,3799.0590118502314,3545.8549306066284,3703.889404296875,365664,,
2024-06-06,3758.927428875194,3892.783133736333,3731.209029388693,3850.15869140625,167098,,
2024-06-07,3857.985271796041,3943.782336095389,3838.7419099278677,3919.204833984375,241815,,
2024-06-10,3923.442467550733,3992.339610538391,3917.6594541108007,3947.92041015625,245880,,
2024-06-11,3963.325267892158,4078.3862361616602,3953.354638287398,4052.6123046875,244267,,
2024-06-12,4136.81383330695,4252.024252797711,4040.0987352518105,4073.450439453125,358711,,
2024-06-13,4092.9428833094244,4237.516992464081,4073.0016268742993,4224.55517578125,188561,,
2024-06-14,4217.576251006719,4307.311915921756,4167.772762240017,4294.35009765625,458806,,
2024-06-18,4316.285166993139,4387.076630808457,4240.508388824629,4350.4345703125,404976,,
2024-06-19,4337.223252488521,4382.938680001983,4274.956484849022,4345.05029296875,283012,,
2024-06-20,4322.36765712084,4331.390882006848,4159.746593915455,4201.02490234375,184232,,
2024-06-21,4211.544015101851,4211.544015101851,3913.6213296119204,3971.55078125,1366218,,
2024-06-24,3978.2814239505196,4345.549682350575,3943.3842184772693,4275.5556640625,743284,,
2024-06-25,4217.576090113934,4230.986780931277,4147.781686731433,4193.34765625,243966,,
2024-06-26,4159.796441308733,4246.491262790886,4137.811397178253,4220.318359375,370385,,
2024-06-27,4228.543569677823,4244.945448387707,4129.834346994941,4191.45263671875,142381,,
2024-06-28,4191.453382745975,4271.218425373786,4160.34530822944,4246.74072265625,157558,,
2024-07-01,4237.517762468027,4246.441671083152,4163.186910338191,4222.66162109375,192829,,
2024-07-02,4222.711324887005,4228.145513050262,4075.1459988669217,4102.16650390625,195465,,
2024-07-03,4152.967012022886,4217.576499834677,4104.659114821373,4189.0107421875,348476,,
2024-07-04,4196.637311599143,4411.903072052075,4147.78123455748,4314.19091796875,132102,,
2024-07-05,4287.270190510924,4287.369994159271,4158.748894334492,4219.3701171875,230894,,
2024-07-08,4241.506162658082,4392.062681360801,4158.849734196688,4316.53515625,271201,,
2024-07-09,4327.053462406422,4526.71531199473,4243.499784508568,4398.74267578125,328072,,
2024-07-10,4401.83340460559,4667.949900739341,4249.482377549617,4515.34912109375,331361,,
2024-07-11,4576.51855266397,4576.51855266397,4211.593543889457,4236.22119140625,1852939,,
2024-07-12,4236.220967209912,4254.816091298021,4097.92816034461,4141.5,298485,,
2024-07-15,4147.781627290556,4148.529424458938,4047.2277373460724,4067.268798828125,336535,,
2024-07-16,4073.9991887415354,4132.476833031356,4053.0608669198095,4083.172119140625,202389,,
2024-07-18,4082.7731323534554,4142.796269083627,3970.3043907318893,4081.177734375,507647,,
2024-07-19,4077.987440362492,4083.770454121559,3968.310516538562,3990.594970703125,131625,,
2024-07-22,3978.2810369303284,4142.596810834615,3942.985107054808,4107.50048828125,123802,,
2024-07-23,4129.344094109712,4181.060735301946,3931.9036443993527,4003.26953125,167080,,
2024-07-24,4016.635046975808,4049.5501094417136,3930.8563993373873,3945.21923828125,208599,,
2024-07-25,3929.958687962285,4066.506224131998,3901.08300745502,4019.627197265625,216651,,
2024-07-26,4039.5758740432775,4174.228403178054,4039.5758740432775,4152.2353515625,222412,,
2024-07-29,4164.254045869826,4199.163960026818,4058.6763937929977,4147.84619140625,611339,,
2024-07-30,4137.373521265129,4227.341558600929,4115.131111991454,4173.13134765625,446528,,
2024-07-31,4209.13800902575,4209.13800902575,4110.691861256056,4127.8974609375,140938,,
2024-08-01,4157.271994682912,4160.413789500488,4024.7638395780127,4079.3232421875,278189,,
2024-08-02,4078.475327914402,4120.367224165908,3990.801671021502,4039.775146484375,115859,,
2024-08-05,3956.539902267575,4098.323922114171,3849.565955203052,3995.938232421875,454469,,
2024-08-06,4034.5887310333114,4099.421430048679,3895.9464977542925,4019.77685546875,145164,,
2024-08-07,4049.4500984935794,4119.269925019576,4004.815280821603,4089.14794921875,119984,,
2024-08-08,4097.4264215854955,4100.269183377321,3969.8058007061836,3997.484375,126117,,
2024-08-09,4004.765425255752,4044.4627871814164,3974.7428037871273,3996.835693359375,69435,,
2024-08-12,3997.1849421024317,4002.570945430507,3891.2583430565846,3908.11474609375,176234,,
2024-08-13,3939.2842532508475,4035.087073782942,3916.044177649592,3963.72119140625,114377,,
2024-08-14,3984.4681091293114,3984.4681091293114,3889.9619815018,3913.451416015625,114387,,
2024-08-16,3934.0478267795984,4019.577111633963,3934.0478267795984,4000.92529296875,195302,,
2024-08-19,4000.925440297911,4049.2007660928734,3954.794483211272,3973.546142578125,95473,,
2024-08-20,4002.2221220832203,4117.374915930228,3973.546121881429,4102.9619140625,170631,,
2024-08-21,4118.372453249825,4118.372453249825,4024.614397884002,4040.373779296875,78249,,
2024-08-22,4057.7781453536577,4138.220451297338,4051.095440151133,4127.14892578125,191312,,
2024-08-23,4149.29250755446,4149.29250755446,4039.575638364318,4053.9384765625,84451,,
2024-08-26,4059.5244576150767,4140.315976304713,4017.1837659672165,4109.49560546875,190639,,
2024-08-27,4128.346476042088,4174.228074954371,4095.5312559640624,4147.94580078125,128102,,
2024-08-28,4156.374512136221,4186.197455935152,4074.6352462008913,4143.5078125,98361,,
2024-08-29,4143.307955422046,4152.484470210134,3982.772275808368,3994.24267578125,151641,,
2024-08-30,4039.5755806561983,4047.554989210581,3974.842726163659,4020.425048828125,318567,,
2024-09-02,4047.554910261861,4106.4030472025825,4011.647572467522,4089.646484375,100956,,
2024-09-03,4101.416296585963,4158.120070172989,4050.6970798519333,4075.034423828125,150483,,
2024-09-04,4064.511415442888,4125.404084906177,4041.6205348240064,4110.94140625,110233,,
2024-09-05,4124.357084771957,4134.331346161974,4044.7624301771743,4062.06787109375,538640,,
2024-09-06,4071.3935604362923,4131.338967338297,3882.0323586563386,3902.329833984375,249776,,
2024-09-09,3922.5774022235278,3975.7402597174773,3861.634816301573,3886.81982421875,165481,,
2024-09-10,3899.5866802202086,3964.569133839025,3889.961616190165,3911.605712890625,159258,,
2024-09-11,3894.948840496282,3944.221591419309,3872.257397187373,3909.56103515625,137869,,
2024-09-12,3922.328329472462,3956.789450907161,3906.020558382343,3934.89599609375,399505,,
2024-09-13,3968.70838521995,4131.289077023644,3951.951578656789,4087.302490234375,844762,,
2024-09-16,4089.24716662439,4121.81351710809,4007.9571862337666,4036.68310546875,341445,,
2024-09-17,4067.204574246044,4156.075098346097,4036.6834800801425,4125.00537109375,522747,,
2024-09-18,4125.005218206488,4128.346693099153,3992.946097885765,4012.645263671875,223898,,
2024-09-19,4024.664133759142,4038.7276953132478,3929.459863576155,3969.1572265625,270143,,
2024-09-20,4008.6552031112024,4439.194050325115,3970.902530578733,4280.90283203125,1412283,,
2024-09-23,4175.274614289465,4281.949512180441,4175.274614289465,4272.224609375,184617,,
2024-09-24,4271.875940453167,4355.410372303224,4219.062523217555,4231.18115234375,412068,,
2024-09-25,4245.045643653904,4293.869847922545,4121.364802532409,4135.578125,156165,,
2024-09-26,4171.236328824175,4171.236328824175,4071.4937097705124,4105.95458984375,284015,,
2024-09-27,4114.084122086466,4196.122428634459,4099.671118405916,4136.27685546875,225368,,
2024-09-30,4148.295535813825,4394.659805432967,4136.874811096575,4324.8896484375,565035,,
2024-10-01,4294.916210259936,4388.674251078429,4235.61904176231,4329.42724609375,234612,,
2024-10-03,4239.160575822152,4284.144588329418,4141.312982374175,4178.01806640625,189719,,
2024-10-04,4167.2962533881955,4167.2962533881955,4032.3946061574493,4067.90283203125,126615,,
2024-10-07,4117.02575516333,4117.02575516333,3916.892305073204,4012.246337890625,279013,,
2024-10-08,4012.2462141377887,4069.498373258645,3955.0936515167846,4045.310791015625,189063,,
2024-10-09,4103.411228186882,4299.605148953013,4075.58313568745,4173.08154296875,349776,,
2024-10-10,4195.024110819376,4232.028711689114,4101.4155861860045,4115.62890625,126312,,
2024-10-11,4137.323399426239,4248.187211338182,4077.1286378083846,4214.7734375,148639,,
2024-10-14,4229.036831729506,4265.991272563516,4156.324082098287,4217.765625,111051,,
2024-10-15,4209.238390041644,4324.8399888327085,4150.838794010943,4315.8134765625,240756,,
2024-10-16,4309.628350087107,4524.324294623645,4280.403963364139,4499.18896484375,446074,,
2024-10-17,4488.61729027327,4498.3918715924365,4388.674996675548,4449.8671875,156590,,
2024-10-18,4409.421954312985,4505.3745583577,4389.024878868118,4477.197265625,89545,,
2024-10-21,4477.445649645685,4513.652021350081,4356.208705067086,4376.1572265625,123752,,
2024-10-22,4340.798438840907,4510.360877858129,4340.798438840907,4474.802734375,655536,,
2024-10-23,4429.719028603359,4798.417505875956,4423.38527517465,4623.0205078125,495897,,
2024-10-24,4510.360747762044,4742.810701617885,4454.504887108645,4704.4599609375,248778,,
2024-10-25,4717.825691058694,4758.869679739857,4533.301853247731,4615.8388671875,99429,,
2024-10-28,4604.1189473053255,4725.455736802444,4583.172998888208,4639.427734375,127536,,
2024-10-29,4639.428031268605,4648.554383400911,4460.489872173521,4551.5546875,194923,,
2024-10-30,4488.417644789833,4529.162600147988,4418.597814759769,4451.9619140625,200908,,
2024-10-31,4448.5203649970135,4523.0779652848005,4356.258451597412,4470.4140625,118786,,
2024-11-01,4528.314236205282,4528.314236205282,4424.581927710712,4462.38427734375,6218,,
2024-11-04,4438.246753976948,4503.378478243434,4299.903570256355,4335.76123046875,219687,,
2024-11-05,4254.0226279904355,4288.882867547776,4096.379616152195,4172.53271484375,250851,,
2024-11-06,4175.924124614708,4206.544814234168,4069.4985629741964,4086.255126953125,168718,,
2024-11-07,4107.400709370084,4107.400709370084,3959.781645507342,3971.9501953125,181372,,
2024-11-08,3973.6953824438524,3973.6953824438524,3856.049030939539,3880.535888671875,144356,,
2024-11-11,3878.042770321505,3878.042770321505,3570.985034293024,3610.882080078125,1295931,,
2024-11-12,3615.520088394076,3685.7387882816615,3530.988226596668,3552.63232421875,132038,,
2024-11-13,3552.9811634588077,3575.7724464709104,3424.1636844448076,3438.77587890625,149985,,
2024-11-14,3457.2780876087077,3533.581179590649,3352.94747003877,3431.644287109375,208267,,
2024-11-18,3451.0942489818694,3473.0376228193268,3361.3259014650002,3421.77001953125,411614,,
2024-11-19,3425.261260758994,3659.3072109301825,3406.210323768742,3602.005126953125,276375,,
2024-11-21,3577.1691376804138,3660.554063340146,3515.9272679220753,3534.4794921875,255107,,
2024-11-22,3553.131179001057,3565.798442247291,3455.932050585463,3465.457275390625,162265,,
2024-11-25,3495.230564833957,3526.5995683578135,3364.8170965163313,3386.56103515625,524735,,
2024-11-26,3406.2101332314965,3515.677647762143,3406.2101332314965,3420.37353515625,312154,,
2024-11-27,3455.782102986819,3455.782102986819,3325.717839096279,3380.426513671875,550815,,
2024-11-28,3396.2359280952664,3624.6465088687805,3346.364622249521,3569.688232421875,1015319,,
2024-11-29,3570.7854555003564,3639.6078567376535,3539.9151662565077,3581.308349609375,353301,,
2024-12-02,3580.759363244376,3619.6589774968916,3490.991022661648,3532.7333984375,297429,,
2024-12-03,3568.890458174495,3699.4534384434346,3568.890458174495,3610.83203125,442558,,
2024-12-04,3639.6077343543925,3665.8400887333296,3600.7580375777734,3650.230224609375,292573,,
2024-12-05,3680.5026317098364,3756.805735050162,3649.2831433400365,3745.38525390625,303481,,
2024-12-06,3757.3040426713897,3757.3040426713897,3660.9029094619477,3670.677490234375,221982,,
2024-12-09,3689.9780946929923,3788.2245718729514,3664.094934432803,3700.6005859375,339027,,
2024-12-10,3735.3606791435063,3735.3606791435063,3653.771176888607,3689.1298828125,142835,,
2024-12-11,3689.1796768187965,3729.4259152799423,3649.831267908616,3670.727294921875,196346,,
2024-12-12,3695.46354093276,3699.4532451604878,3641.602533858437,3649.831298828125,123884,,
2024-12-13,3638.6107331936773,3664.493894065343,3555.7245195803343,3644.24609375,101918,,
2024-12-16,3640.6052914588504,3760.096987809727,3615.9189953044374,3744.038330078125,229967,,
2024-12-17,3730.373562440191,3769.821812852399,3662.648428591155,3695.6630859375,292669,,
2024-12-18,3695.6629171960144,3748.0777043357793,3646.93880121651,3739.400146484375,158703,,
2024-12-19,3690.5765459475283,3789.2218934659763,3662.7482106252064,3781.641357421875,170455,,
2024-12-20,3781.6412351005843,3815.1548496158284,3583.6024768669135,3609.784912109375,385690,,
2024-12-23,3600.758164476884,3661.0525239124313,3592.8286756326465,3611.679931640625,72563,,
2024-12-24,3610.6822063385503,3615.619416454167,3559.0654096042904,3569.937255859375,102134,,
2024-12-26,3569.9377024173727,3643.049087813442,3505.254762786911,3627.5390625,177832,,
2024-12-27,3635.518294869068,3639.4583227742696,3576.769994977756,3580.260986328125,95149,,
2024-12-30,3565.798305009715,3602.0049211168753,3511.9872156547417,3531.53662109375,125646,,
2024-12-31,3525.9010971906673,3595.32204788112,3480.2688552680443,3567.044921875,160932,,
2025-01-01,3547.0965173525415,3578.1165660234187,3517.273574794314,3570.685546875,54944,,
2025-01-02,3542.857629407097,3678.507583686198,3542.857629407097,3662.99755859375,386164,,
2025-01-03,3662.598419084949,3684.092999420063,3585.746692317671,3600.35888671875,125052,,
2025-01-06,3592.7290106302194,3600.3592233117515,3463.163450489069,3480.618408203125,203051,,
2025-01-07,3483.0119797375296,3507.299402946149,3441.12008307402,3464.759033203125,192699,,
2025-01-08,3495.8786021042624,3520.914094344293,3416.1843549941086,3512.884765625,198255,,
2025-01-09,3495.3303700893694,3664.1944197658536,3490.9914690015717,3559.11572265625,303185,,
2025-01-10,3540.8628401077854,3559.1657074045074,3433.4900122344848,3445.608642578125,117121,,
2025-01-13,3397.332979692515,3439.4243104658754,3211.1632606193316,3222.583740234375,247531,,
2025-01-14,3271.9565898892142,3358.2838704186665,3261.9823285573825,3312.75146484375,217620,,
2025-01-15,3310.457397431956,3322.177154714217,3244.8267079488433,3289.31201171875,159381,,
2025-01-16,3331.4032619841514,3380.2272221661724,3294.997208372648,3313.49951171875,118505,,
2025-01-17,3312.4523010117496,3419.1269808829848,3306.717100550799,3400.0263671875,216890,,
2025-01-20,3393.493076043403,3472.1899008810888,3330.655229385828,3429.599853515625,239574,,
2025-01-21,3419.2764966388963,3476.0299440887093,3339.5820054719634,3371.549560546875,104395,,
2025-01-22,3371.549713866383,3383.768184096355,3195.8032764854775,3225.626220703125,215740,,
2025-01-23,3211.8614324496625,3376.8857690275054,3211.7119159454232,3355.0419921875,161532,,
2025-01-24,3347.461975775932,3377.2350000357915,3209.7173280289594,3223.830810546875,140970,,
2025-01-27,3215.7516328113866,3224.379271081358,3170.668022264837,3196.800537109375,188365,,
2025-01-28,3196.8006050027925,3205.9269565113786,3061.1007339310654,3130.222412109375,364806,,
2025-01-29,3116.95652031252,3266.570433287521,3116.95652031252,3191.21484375,332823,,
2025-01-30,3191.7635623305623,3296.293867699335,3182.7867273115075,3280.085693359375,530165,,
2025-01-31,3299.8843841411463,3345.3671113243295,3260.7354100447,3313.54931640625,239709,,
2025-02-01,3313.5493581932174,3333.248523751319,3131.8680472044493,3166.827880859375,86192,,
2025-02-03,3166.827713841341,3194.805563291265,2974.573842394753,3036.962890625,683442,,
2025-02-04,3081.1985779037223,3171.8148317438063,3063.4445890641136,3084.639892578125,370784,,
2025-02-05,3082.046797235174,3089.3779768276695,2964.500028291712,2974.823486328125,309813,,
2025-02-06,3004.596414351883,3007.738208957681,2947.393933831851,2958.51513671875,137426,,
2025-02-07,2961.5094838519553,2964.354163600768,2884.5062400020943,2904.318603515625,230951,,
2025-02-10,2904.318528956015,2945.2405887497853,2849.5727002734984,2862.74755859375,191328,,
2025-02-11,2869.5348517948114,2869.584805484062,2713.432253327787,2734.392333984375,303930,,
2025-02-12,2734.3923808943355,2748.215907168125,2627.096728073467,2677.500732421875,381123,,
2025-02-13,2674.905344108885,2745.7703737475904,2674.905344108885,2708.14208984375,231612,,
2025-02-14,2738.783669740603,2738.783669740603,2550.1429577941835,2575.594482421875,287747,,
2025-02-17,2535.221633228158,2607.982959158473,2508.7220537480684,2598.65087890625,558105,,
2025-02-18,2596.055736261886,2630.989204454568,2584.078547167252,2604.938720703125,263849,,
2025-02-19,2595.057456007282,2688.4796218941515,2580.7845912639377,2672.9091796875,223287,,
2025-02-20,2640.0221146427643,2778.7079380300397,2640.0221146427643,2757.64794921875,291099,,
2025-02-21,2726.8066672351297,2791.832724365677,2667.918821932468,2680.544677734375,150504,,
2025-02-24,2654.9433650036735,2681.592559819347,2595.0574244396807,2657.63818359375,221148,,
2025-02-25,2625.000483963682,2668.2182212752714,2576.6925877370136,2590.51611328125,211611,,
2025-02-27,2585.1264355011513,2598.9999145159563,2514.510929289424,2538.96435546875,249191,,
2025-02-28,2511.6163559710767,2534.1734920078065,2402.5243245726156,2457.469482421875,572222,,
2025-03-03,2457.4696124014463,2653.2968516238543,2414.7511656748165,2635.08154296875,1304481,,
2025-03-04,2595.0574341571482,2754.753276259127,2575.095453894401,2713.53173828125,748292,,
2025-03-05,2672.9095299877677,2723.8125867575127,2655.193270033592,2692.322509765625,326866,,
2025-03-06,2699.908092981037,2705.7967803613647,2610.029217834265,2645.1123046875,814424,,
2025-03-07,2645.1123398259133,2711.835364841492,2637.027882993485,2696.664306640625,273725,,
2025-03-10,2700.8559482226915,2751.7589982446266,2679.845915115589,2709.439697265625,749279,,
2025-03-11,2694.867544998563,2923.432236778071,2686.034270574898,2876.571533203125,2398652,,
2025-03-12,2879.5155198038005,2922.433775384932,2843.5340033080392,2912.40283203125,252547,,
2025-03-13,2909.9577731952777,2958.914580213974,2884.655864868725,2920.98681640625,375430,,
2025-03-17,2891.493048356859,2911.455030050728,2809.648923411998,2828.36328125,368854,,
2025-03-18,2828.36328125,2828.36328125,2828.36328125,2828.36328125,0,,
2025-03-19,2866.3908837103486,2898.3300536390257,2843.135126870725,2853.96435546875,459454,,
2025-03-20,2856.50964924063,2961.8590571965246,2856.50964924063,2885.803955078125,521867,,
2025-03-21,2903.4699869758792,2916.894369771971,2858.156389909288,2866.68994140625,375417,,
2025-03-24,2874.4754396464396,2894.1878967708826,2839.6918323948003,2849.2734375,245341,,
2025-03-25,2891.143697575946,2891.143697575946,2758.54637664848,2767.1298828125,529116,,
2025-03-26,2762.7382449849038,2779.7059292929757,2687.1821935954426,2705.547119140625,1089026,,
2025-03-27,2695.865523760729,2778.90731566848,2671.4120971290604,2756.649658203125,734224,,
2025-03-28,2750.7609736109325,2817.933088211265,2742.7761812347035,2764.085693359375,171678,,
2025-04-01,2754.7534869660262,2781.05349544445,2678.8480024757314,2689.028564453125,183941,,
2025-04-02,2694.368248094152,2743.774148550037,2647.6072125153005,2727.35546875,143638,,
2025-04-03,2711.236225888011,2727.355672131569,2681.09368260247,2694.51806640625,171681,,
2025-04-04,2681.093717965032,2681.6427211980254,2613.5724122202196,2632.23681640625,220889,,
2025-04-07,2496.2460686111895,2590.766012957637,2485.316931240427,2574.0478515625,241065,,
2025-04-08,2608.03300673551,2621.3577274896784,2545.252669409471,2564.216552734375,209712,,
2025-04-09,2567.060832472639,2604.988596809388,2482.022841168707,2495.297607421875,514081,,
2025-04-11,2550.1930897302504,2591.713865034826,2495.2476869287725,2504.92919921875,489493,,
2025-04-15,2578.988091420367,2588.070890434734,2504.629710650067,2565.813232421875,391824,,
2025-04-16,2583.0805330526955,2583.0805330526955,2492.8524697087987,2498.841064453125,881781,,
2025-04-17,2510.2191171359464,2529.18299913419,2458.417873779775,2491.0556640625,777246,,
2025-04-21,2505.2288965414464,2596.0559202805985,2480.7754670732133,2588.37060546875,674424,,
2025-04-22,2594.0593344208555,2675.803546103411,2553.1372748936315,2649.0546875,819177,,
2025-04-23,2657.438904562114,2697.262961942963,2633.6840967925978,2667.9189453125,778544,,
2025-04-24,2672.8092245089088,2673.6077524471634,2627.196148775612,2650.451904296875,295553,,
2025-04-25,2650.452061067124,2660.9321012257396,2547.54795022953,2569.007080078125,575595,,
2025-04-28,2567.1106894932864,2644.9624133581683,2560.423474768402,2637.277099609375,516369,,
2025-04-29,2660.9321021140527,2803.161218599894,2650.651633029244,2792.18212890625,1460140,,
2025-04-30,2797.671718466602,2928.8218399779767,2781.0035125824324,2893.090087890625,1162175,,
2025-05-02,2873.5273591639316,2917.942769890849,2852.068228138567,2894.68701171875,264153,,
2025-05-05,2907.462406539665,2992.001343672508,2888.498525412218,2985.9130859375,344570,,
2025-05-06,2989.30668566153,3001.2838743853827,2890.0957365362297,2906.264892578125,346855,,
2025-05-07,2864.5443898054145,2969.244886930824,2864.5443898054145,2949.3828125,217410,,
2025-05-08,2953.3748326065993,2990.304494251224,2854.4631278662055,2876.1220703125,241912,,
2025-05-09,2829.6108379896564,2873.028147143995,2797.6716680370396,2854.86279296875,514168,,
2025-05-12,2899.078410192508,2965.651563777164,2889.7960408938534,2956.269287109375,183895,,
2025-05-13,2956.2695163664375,3032.5244309633035,2956.2695163664375,2988.30859375,363732,,
2025-05-14,2989.3067844261577,3057.5766649370958,2939.4018297612806,3033.22314453125,265821,,
2025-05-15,3059.173759051773,3059.173759051773,2886.5026137610853,2904.66796875,459226,,
2025-05-16,2906.464466979432,3069.154613997855,2906.464466979432,3038.8125,551545,,
2025-05-19,3071.1507912783445,3248.8124230130034,3065.9607249292667,3120.456787109375,1142682,,
2025-05-20,3137.2251360611153,3147.0065562684927,2975.6329844166467,2993.79833984375,404514,,
2025-05-21,3019.2496007214863,3042.505357125158,2966.150780445755,2996.991943359375,278887,,
2025-05-22,3007.7713146002625,3037.115327516002,2960.7607545719434,2979.2255859375,257572,,
2025-05-23,2992.800066876645,3048.194565363106,2976.6309106483354,3041.00830078125,195407,,
2025-05-26,3044.2019737927576,3073.0469376475976,3009.268508519726,3051.28857421875,225242,,
2025-05-27,3051.6878520669147,3053.6840501712923,2996.393262046272,3038.4130859375,189565,,
2025-05-28,3034.321022116211,3053.6840462330897,3001.3837534364625,3010.46630859375,205496,,
2025-05-29,3021.1459992761766,3064.064259595352,3009.268717728227,3049.0927734375,130102,,
2025-05-30,3064.763139073144,3085.02435549925,3025.2383179500002,3056.279296875,324556,,
2025-06-02,3014.259027159077,3063.3654499920603,2995.295145862381,3049.89111328125,126933,,
2025-06-03,3062.0680169095067,3087.120400853257,3016.2553674033434,3027.533935546875,100558,,
2025-06-04,3005.2765271717885,3087.320228198525,3005.2765271717885,3072.149169921875,299108,,
2025-06-05,3083.9264499327282,3113.0708930463993,3069.454013911833,3079.53466796875,88946,,
2025-06-06,3093.1090928890203,3093.1090928890203,3022.2440572016626,3061.169921875,289522,,
2025-06-09,3064.1641356501686,3083.028110545611,3015.5567598232064,3033.822021484375,231198,,
2025-06-10,3049.1927226537323,3089.1166862891328,3033.8220941247173,3082.82861328125,300188,,
2025-06-11,3094.0070916303143,3113.9690722690507,3014.2590764491715,3021.8447265625,187736,,
2025-06-12,3038.2135411564523,3046.0984262663715,2955.87036863825,2972.53857421875,219763,,
2025-06-13,2904.4682615934994,3017.7525047862355,2889.4967757089967,2930.618408203125,226253,,
2025-06-16,2930.9178574648,3011.1649235358786,2927.125032343196,2981.621337890625,212738,,
2025-06-17,2989.306445527496,3014.258920031065,2890.195168064021,2898.579345703125,239936,,
2025-06-18,2914.3494033323236,2914.3494033323236,2878.617651244972,2893.090087890625,144130,,
2025-06-19,2894.48731112036,2902.2725326235072,2830.109920924752,2844.8818359375,168442,,
2025-06-20,2844.882014533263,2941.3981521968108,2834.8011157945116,2920.737548828125,581088,,
2025-06-23,2895.6847998650815,2910.2571428856554,2845.580278284743,2863.24658203125,199717,,
2025-06-24,2894.4875170529667,2919.7394741267044,2844.682467247399,2851.269775390625,373106,,
2025-06-25,2869.4351573781937,2891.4932461292615,2821.2271632313973,2850.770751953125,245172,,
2025-06-26,2878.517927596826,3006.2746178646466,2851.1701085569903,2999.58740234375,1595455,,
2025-06-27,3002.28197310548,3111.0747706681454,2986.711530295625,3076.2412109375,779151,,
2025-06-30,3078.137610503277,3123.9502615158335,3070.551959906908,3103.090087890625,217469,,
2025-07-01,3099.0978648016126,3134.031335097283,3069.554032452368,3081.132080078125,287155,,
2025-07-02,3079.534836899882,3088.6176360956442,2957.2676982921207,2989.50634765625,346960,,
2025-07-03,2989.5065628801044,2996.593164404702,2911.4552571054237,2947.187255859375,531438,,
2025-07-04,2969.344780244023,2989.2068545807556,2932.4151140695594,2982.320068359375,252419,,
2025-07-07,2963.3561418240997,3009.2686990904886,2924.5301854324834,2934.61083984375,94953,,
2025-07-08,2948.783657225287,2960.2617959942427,2874.525187355868,2919.53955078125,190004,,
2025-07-09,2919.9389309469,2974.3353321557897,2873.527322576013,2889.79638671875,155838,,
2025-07-10,2914.449066514701,2919.4395614916093,2874.525106699431,2893.988037109375,141411,,
2025-07-11,2902.4720618584856,2902.4720618584856,2831.2078865585686,2864.3447265625,400399,,
2025-07-14,2863.4463749141983,2910.656510492477,2857.8571662296195,2865.54248046875,241264,,
2025-07-15,2865.5426522904504,2941.2982801102676,2850.371593984724,2924.72998046875,225760,,
2025-07-16,2924.3305863249225,2958.765006813999,2906.564616492087,2934.2119140625,134161,,
2025-07-17,2934.311175031635,2973.436851071554,2919.439597288702,2936.307373046875,97879,,
2025-07-18,2936.806400723495,2953.374941597452,2899.477595586549,2913.35107421875,1178773,,
2025-07-21,2914.3495668671576,2960.6615129379006,2895.785069161759,2933.8125,290494,,
2025-07-22,2942.196346803568,2999.2875621463913,2936.1078452966563,2943.89306640625,248426,,
2025-07-23,2955.371455641983,2972.1395693738414,2936.50747999148,2946.588134765625,132058,,
2025-07-24,2949.582123300192,2949.582123300192,2906.0651529993506,2929.12109375,164241,,
2025-07-25,2905.953710126233,2959.5789927178166,2858.020453051986,2884.98291015625,213863,,
2025-07-28,2875.995207866492,2905.2545134289717,2808.189723923704,2817.676513671875,86121,,
2025-07-29,2819.573804855679,2876.694217096955,2789.91515271128,2864.51123046875,149463,,
2025-07-30,2846.0368059489806,2935.9116524526326,2830.8579917441443,2851.42919921875,725196,,
2025-07-31,2851.429265703686,2856.022966596986,2794.6084867208624,2836.749755859375,289474,,
2025-08-01,2842.94109200532,2843.7400283104616,2768.145343133036,2804.49462890625,214054,,
2025-08-04,2816.0789223778615,2951.889820762042,2771.1414927654487,2899.762451171875,558622,,
2025-08-05,2910.9467675848555,2915.1408788328085,2838.3479038224723,2897.96484375,153143,,
2025-08-06,2897.8647586660977,2986.341656303075,2847.035633546252,2956.083740234375,1570696,,
2025-08-07,2975.856124852934,2999.023815051294,2911.7454477018996,2938.8076171875,344155,,
2025-08-08,2960.877034410064,2973.0600210022153,2875.9952307254584,2881.687255859375,184536,,
2025-08-11,2889.8759067098154,3011.206959791808,2874.4974180783174,2996.427734375,315016,,
2025-08-12,2980.849370960362,3045.7589887534687,2975.8563234378153,3017.498291015625,469315,,
2025-08-13,3017.5982951354345,3067.6284857874975,3017.5982951354345,3052.948974609375,187828,,
2025-08-14,3047.7561204497174,3078.513341067695,3039.7672446425095,3059.340087890625,170555,,
2025-08-18,3075.817236389445,3093.59229055208,3040.7659452147855,3046.957275390625,170097,,
2025-08-19,3047.256760644753,3168.487851307904,3045.559173326627,3148.016357421875,339925,,
2025-08-20,3157.603154481132,3247.1783754732623,3131.9389397783098,3175.578125,421986,,
2025-08-21,3175.578010475331,3194.5515897832024,3086.8017290236903,3093.0927734375,166487,,
2025-08-22,3080.7100891163714,3184.6654282177033,3059.239986388332,3067.828125,376900,,
2025-08-25,3080.810067401797,3107.672563699959,3048.7546069974214,3055.744873046875,209973,,
2025-08-26,3048.7548564911954,3064.033630866989,3010.208431600751,3024.18896484375,649177,,
2025-08-28,3033.875392377872,3047.656007405443,2926.1252891125273,2939.306884765625,376659,,
2025-08-29,2939.307046016189,2994.729872158162,2893.3710099345535,2957.48193359375,315651,,
2025-09-01,2945.8980153012103,3147.61713363709,2945.8980153012103,3136.532470703125,508869,,
2025-09-02,3150.612719666479,3175.5779551630435,3038.3691183943747,3043.26220703125,1041247,,
2025-09-03,3055.7448065575795,3065.7309006966566,2987.040430120504,3039.5673828125,331847,,
2025-09-04,3075.916884819084,3081.2095638461687,2984.9437070789027,2992.732666015625,205521,,
2025-09-05,3014.802062500847,3044.7603473219883,2942.0035279059325,2986.441650390625,270435,,
2025-09-08,2997.8255396216555,3090.6962175646313,2956.4832063158806,3068.02783203125,776128,,
2025-09-09,3075.117837050633,3164.5933411235224,3075.018122386501,3147.11767578125,951765,,
2025-09-10,3172.5822553367793,3250.4737932392873,3161.6975097400887,3230.6015625,501252,,
2025-09-11,3230.6016715139667,3245.38089698404,3185.564285814748,3206.834716796875,264580,,
2025-09-12,3228.5045771456657,3255.4670341771944,3194.152507188919,3226.70703125,283216,,
2025-09-15,3240.487883445474,3369.707857455936,3235.4948358592715,3349.436279296875,698056,,
2025-09-16,3375.3000418375177,3415.1444625624204,3353.430591749619,3399.666015625,518815,,
2025-09-17,3395.2722063450324,3409.552370561359,3358.323655864219,3382.290283203125,196881,,
2025-09-18,3395.272332864963,3398.9671392904984,3353.929996685244,3385.186279296875,153976,,
2025-09-19,3382.1902357805934,3395.172158581064,3308.8923999506983,3325.06982421875,376891,,
2025-09-22,3325.0701137742662,3377.097767971921,3296.41006893305,3345.44189453125,213053,,
2025-09-23,3364.315454522877,3389.7799971439317,3289.4197409315398,3298.4072265625,179660,,
2025-09-24,3298.4072440729674,3327.266961676245,3261.7583234546096,3271.944091796875,139434,,
2025-09-25,3280.2324005993255,3282.4292926495114,3190.5572223958593,3208.33251953125,262960,,
2025-09-26,3190.5572906921966,3206.435083914151,3105.6754848365354,3124.7490234375,200317,,
2025-09-29,3131.7391131781965,3152.0106894512987,3083.306556097937,3094.291259765625,142335,,
2025-09-30,3120.654494692285,3134.3353952367893,3075.717069968716,3092.393798828125,251549,,
2025-10-01,3106.474593429787,3121.0541463750724,3053.3486148734373,3079.811767578125,151713,,
2025-10-03,3085.703263704096,3145.6198319313603,3077.914061074324,3131.7392578125,247121,,
2025-10-06,3130.7404800250024,3169.985635063023,3114.6627708946116,3145.8193359375,147329,,
2025-10-07,3145.6197715983367,3233.49740331283,3145.6197715983367,3213.924560546875,443871,,
2025-10-08,3210.629341623866,3236.493228869758,3126.2468430618496,3137.83056640625,263601,,
2025-10-09,3133.5365853340268,3195.550331474664,3106.7740463488403,3187.162109375,194026,,
2025-10-10,3193.553192515432,3214.5239920910494,3140.726847295408,3154.607421875,101586,,
2025-10-13,3128.6433866305542,3154.50727369795,3095.789233458335,3111.86669921875,109844,,
2025-10-14,3101.6810079005027,3111.866775714835,3082.707428006713,3095.090087890625,164025,,
2025-10-15,3101.6808484766475,3164.992587979191,3083.905552097979,3145.8193359375,138868,,
2025-10-16,3156.604618904087,3205.5364842398358,3154.707358380915,3174.57958984375,127384,,
2025-10-17,3174.579434210856,3184.9648749463927,3104.5768144072376,3132.03857421875,180720,,
2025-10-20,3156.204988126506,3194.2518602385703,3110.768260124679,3121.95263671875,143774,,
2025-10-21,3127.1454800558813,3155.4061761370663,3117.1593855961783,3125.547607421875,12249,,
2025-10-23,3125.647737899681,3209.5309359775,3108.7713348544835,3201.94140625,187333,,
2025-10-24,3225.508481668935,3258.362634627401,3144.1218125494247,3154.806884765625,318533,,
2025-10-27,3165.591996600199,3165.591996600199,3118.6573518556534,3129.4423828125,154424,,
2025-10-28,3129.4423157162637,3165.392255600882,3108.2718443222147,3121.15380859375,264958,,
2025-10-29,3126.2468495321777,3156.5045209021664,3106.674006742628,3136.4326171875,369186,,
2025-10-30,3154.6072805245803,3165.3923114404474,3045.7588495093287,3055.4453125,419222,,
2025-10-31,3056.743546062221,3085.7032202980276,3010.807511067493,3018.79638671875,732768,,
2025-11-03,3014.4025659011772,3075.0181104062754,2990.335980774557,3042.263671875,411589,,
2025-11-04,3047.7561312134503,3054.5467244337874,2970.8632012975145,2988.3388671875,323423,,
2025-11-06,2975.95624052343,3049.7533843599467,2933.6150518403656,2973.459716796875,415353,,
2025-11-07,2970.5634969880903,2995.1293871012126,2897.0659873817667,2981.448486328125,240259,,
2025-11-10,2966.46929891447,3013.703330368527,2936.311098796442,2976.15576171875,169826,,
2025-11-11,2987.4400454527445,3003.3178377478175,2946.097469086362,2995.22900390625,103821,,
2025-11-12,2994.8298070006226,3050.751937441448,2971.062852803044,3031.279052734375,201680,,
2025-11-13,3020.3943164241564,3065.5314159461627,3019.7950532185373,3029.181884765625,138040,,
2025-11-14,3040.3664551089414,3070.724085129277,3014.8019554488737,3063.33447265625,214533,,
2025-11-17,3063.334641206674,3102.28041223411,3048.7548447887634,3087.30126953125,107644,,
2025-11-18,3078.3134966349353,3078.3134966349353,3017.5979951185423,3027.484130859375,193125,,
2025-11-19,3020.793767697539,3038.469107264002,2998.0254221097043,3029.082275390625,365037,,
2025-11-20,3031.7784275556364,3055.645096971469,2988.1392413737767,3000.821533203125,121655,,
2025-11-21,2995.5288849011295,2995.8285165130105,2866.009280797447,2880.38916015625,546306,,
2025-11-24,2866.008996103132,2925.925560481595,2846.036807976978,2905.25439453125,615833,,
2025-11-25,2905.953471443719,2910.8465601810235,2856.0229994257857,2875.695556640625,307363,,
2025-11-26,2875.995358048204,2913.942519022451,2868.1064405240168,2876.6943359375,357948,,
2025-11-27,2894.8689722089357,2894.8689722089357,2827.662748127845,2832.85546875,675560,,
2025-11-28,2835.950901067696,2845.3379762496525,2772.539200511216,2780.528076171875,734692,,
2025-12-01,2792.7113853460887,2825.6654983755693,2758.5587458928026,2793.90966796875,250034,,
2025-12-02,2788.5169444952066,2807.0911778778195,2759.1579240399915,2789.815185546875,258679,,
2025-12-03,2789.815432062725,2817.976172420583,2729.79914479742,2736.689453125,174819,,
2025-12-04,2729.9985324624226,2738.6863858194724,2689.055545472961,2699.840576171875,354251,,
2025-12-05,2689.8544389747467,2706.7308407008713,2652.406585616959,2662.99169921875,628493,,
2025-12-08,2662.2929723587886,2669.383197450047,2554.443144521298,2563.23095703125,488198,,
2025-12-09,2568.822932570607,2661.3942265422634,2533.072908175485,2651.70751953125,675085,,
2025-12-10,2665.5884298529927,2745.6768642769825,2608.368055825233,2624.245849609375,2083640,,
2025-12-11,2611.3636760461873,2658.2983195544743,2584.1015896737003,2647.41357421875,200089,,
2025-12-12,2656.3012549577847,2674.2762258559956,2628.040557507591,2651.907470703125,178645,,
2025-12-15,2651.307963805186,2654.1041188925874,2601.377493677028,2644.01806640625,337954,,
2025-12-16,2644.0182867190174,2649.7103120276906,2611.363805294493,2618.75341796875,158203,,
2025-12-17,2607.3693010430025,2654.9032088773783,2600.47899328686,2610.465087890625,177604,,
2025-12-18,2612.3623997494146,2625.4442814582194,2565.028407916614,2576.3125,250404,,
2025-12-19,2567.4250342134155,2644.317966004327,2567.4250342134155,2631.236083984375,416386,,
2025-12-22,2648.11276295423,2648.11276295423,2586.3986461130025,2594.087890625,293094,,
2025-12-23,2594.087961701327,2607.6691490097865,2553.4446020518944,2593.788330078125,184479,,
2025-12-24,2594.0877951301,2614.059984712348,2576.4124561100384,2592.090576171875,104524,,
2025-12-26,2606.370752239043,2627.041919789676,2586.498521035532,2597.18359375,156269,,
2025-12-29,2585.0005475066146,2614.858872861299,2571.3194028540183,2602.575927734375,254205,,
2025-12-30,2614.5593950589687,2614.5593950589687,2554.1435191323544,2561.832763671875,281767,,
2025-12-31,2574.4151888505785,2621.7491797519688,2562.431875326061,2610.465087890625,144804,,
2026-01-01,2610.4651172376816,2642.2207033937425,2599.680086184142,2619.252685546875,152873,,
2026-01-02,2619.452718608884,2626.6426583629445,2580.107357402768,2594.087890625,273237,,
2026-01-05,2606.9699535836344,2611.2637792203736,2517.194816856281,2526.48193359375,501042,,
2026-01-06,2526.481743951366,2556.440025500196,2513.5997804058165,2545.455322265625,240876,,
2026-01-07,2545.4555602995683,2567.4249688231425,2508.1076633299494,2523.885498046875,167122,,
2026-01-08,2523.4860677732427,2544.95617084294,2487.835759343321,2504.01318359375,221864,,
2026-01-09,2496.5237958715597,2505.2116499209624,2435.209268965415,2449.08984375,1068119,,
2026-01-12,2449.1896880297136,2463.669525370651,2352.7239155344573,2405.3505859375,443066,,
2026-01-13,2405.3506141767134,2443.797079291951,2356.8183395586843,2383.98046875,286637,,
2026-01-14,2383.980442624116,2383.980442624116,2331.7531184485315,2351.525634765625,484673,,
2026-01-15,2351.525634765625,2351.525634765625,2351.525634765625,2351.525634765625,0,,
2026-01-16,2332.851811517641,2383.181634114237,2326.760195887774,2339.3427734375,162707,,
2026-01-19,2339.342656014954,2408.3464245263676,2331.7531264768427,2380.28564453125,314980,,
2026-01-20,2395.764058276854,2398.6599281967697,2317.2732570277285,2326.2607421875,309793,,
2026-01-21,2314.676681803869,2327.1592995792494,2246.8711995684544,2269.7392578125,461190,,
2026-01-22,2271.9366670067334,2309.484239513206,2258.954742957979,2293.6064453125,289717,,
2026-01-23,2296.801740071295,2296.90169853697,2207.026847838528,2216.313720703125,329759,,
2026-01-27,2226.89896918529,2228.396883290123,2161.889399515081,2186.255615234375,479099,,
2026-01-28,2177.96724927361,2294.8045570063073,2168.9797640634024,2277.528564453125,1786763,,
2026-01-29,2286.715625172155,2336.8460133565004,2246.871206628396,2322.166259765625,486138,,
2026-01-30,2298.998630113993,2351.7252579049555,2295.3038239042635,2331.85302734375,505180,,
2026-02-02,2330.75458315863,2338.843417664344,2265.145987482903,2312.47998046875,162852,,
2026-02-03,2412.6404378127036,2543.458276121257,2412.6404378127036,2499.819091796875,746504,,
2026-02-04,2506.5096775925476,2654.203915257728,2454.8816186509675,2633.732421875,858431,,
2026-02-05,2646.5149499573536,2646.5149499573536,2354.022313674941,2378.28857421875,2932099,,
2026-02-06,2361.611279837408,2366.00530749166,2266.943303465763,2310.3828125,1194526,,
2026-02-09,2323.7641014632422,2383.081403008936,2314.776616756251,2360.013671875,818095,,
2026-02-10,2378.7035518625107,2447.6659657610458,2355.2163529260533,2437.271728515625,1362296,,
2026-02-11,2457.5604463536692,2478.5490068575905,2423.2793260700378,2448.865234375,359522,,
2026-02-12,2428.576374186615,2515.4291875316203,2408.787354140484,2510.031982421875,530680,,
2026-02-13,2488.6436008210067,2516.5283050102857,2451.0639853902953,2497.239013671875,315365,,
2026-02-16,2488.643586453607,2522.625065144138,2477.6495786419646,2503.03564453125,138570,,
2026-02-17,2494.640307105457,2514.6294121303404,2439.6702682870273,2461.3583984375,595152,,
2026-02-18,2476.25041975665,2479.648469996399,2416.5827462519637,2469.853759765625,175035,,
2026-02-19,2456.6610368033917,2520.0264028835504,2456.6610368033917,2486.944580078125,579130,,
2026-02-20,2478.449338203902,2590.588175712134,2466.0559458969883,2584.3916015625,752197,,
2026-02-23,2584.3915832862463,2609.5778082371407,2518.827217502279,2538.216796875,468469,,
2026-02-24,2539.615824660785,2588.589132574354,2510.93150739865,2561.303955078125,818791,,
2026-02-25,2573.5972914905983,2623.5700544321635,2570.6989688430403,2617.2734375,460966,,
2026-02-26,2613.575430548801,2724.5149612527844,2605.0800610804777,2718.818115234375,862660,,
2026-02-27,2718.8183222056987,2766.492291579143,2691.233258111462,2751.900146484375,996503,,
2026-03-02,2566.001427381005,2848.4475914172217,2566.001427381005,2836.054443359375,2001875,,
2026-03-04,2801.972829081481,2809.8684280540456,2739.606918289783,2769.590576171875,534710,,
2026-03-05,2793.47748314079,2825.659894073479,2738.1077587166524,2780.384521484375,516744,,
2026-03-06,2788.480296508616,2788.480296508616,2712.5216934495998,2721.416748046875,1136373,,
2026-03-09,2624.569623875953,2694.831380430139,2564.802147996061,2607.17919921875,398911,,
2026-03-10,2633.5645277839794,2664.547639875556,2599.2831646359687,2642.65966796875,156655,,
2026-03-11,2642.6598513064587,2673.1432378984764,2549.910350841349,2564.602294921875,195209,,
2026-03-12,2530.6207258034633,2564.602204743952,2488.64360475933,2548.31103515625,201062,,
2026-03-13,2513.33006131005,2523.4246569097318,2431.974501791742,2456.86083984375,469700,,
2026-03-16,2439.9701182480067,2457.7604702634535,2359.7138139364856,2420.98046875,1349073,,
2026-03-17,2441.169560251037,2486.644776214772,2409.287033914684,2474.55126953125,195252,,
2026-03-18,2474.5512617281343,2594.4858968586896,2446.26687214929,2558.3056640625,463295,,
2026-03-19,2498.7382112838063,2554.1079354870462,2475.0509262435994,2528.621826171875,285857,,
2026-03-20,2528.62189629513,2582.3926399664915,2515.129249812923,2535.91796875,389938,,
2026-03-23,2523.524595941671,2523.524595941671,2434.6731171432366,2469.654052734375,308410,,
2026-03-24,2528.621856354528,2620.571742040147,2504.8347719082426,2567.200927734375,627462,,
2026-03-25,2579.9937383556285,2697.1300912956626,2574.896662879296,2680.938720703125,210018,,
2026-03-27,2645.7579330784315,2673.1431537892636,2549.61038522808,2564.902099609375,213579,81169.0,38.0
2026-03-30,2498.638086576863,2561.4039241131986,2498.4382443314616,2515.9287109375,500391,213837.0,42.73
2026-04-01,2628.5674210856005,2646.5576163629926,2560.6044611487864,2571.298583984375,303488,167562.0,55.21
2026-04-02,2538.3165477585935,2578.0949170480108,2471.4530865516035,2565.901611328125,248869,135565.0,54.47
2026-04-06,2573.497277759887,2591.187831249393,2508.032957558608,2581.492919921875,255370,111506.0,43.66
2026-04-07,2581.4928774158775,2607.5787571428964,2512.4306657834395,2586.7900390625,294406,150424.0,51.09
2026-04-08,2693.431847790595,2756.3975283575173,2649.156175550433,2725.614501953125,354106,188704.0,53.29
2026-04-09,2743.9043737043057,2768.1911853282877,2698.329360244524,2741.8056640625,254115,117646.0,46.3
2026-04-10,2732.5107656958944,2796.9756319677986,2718.718233878052,2743.304931640625,223968,106137.0,47.39
2026-04-13,2697.729582453077,2742.5052267940987,2647.1572928242076,2714.020751953125,90668,27690.0,30.54
2026-04-15,2747.002808326126,2775.2874412555875,2711.7219885098957,2753.499267578125,401569,275061.0,68.5
2026-04-16,2767.1918331255374,2813.1667768061984,2698.529302995297,2751.400390625,320168,154303.0,48.19
2026-04-17,2748.502120852499,2808.4694398529173,2727.1138746787415,2788.68017578125,268771,142290.0,52.94
2026-04-20,2788.480322169423,2902.917955462756,2749.2016795824966,2871.53515625,708238,427484.0,60.36
2026-04-21,2894.9223117981815,2923.4067881959886,2871.734997356583,2883.62841796875,551294,318183.0,57.72
2026-04-22,2898.4203025813326,3052.336415201169,2883.728358814603,3022.75244140625,488674,169457.0,34.68
2026-04-23,3036.245142030518,3151.282544048408,3030.3484533951073,3085.11865234375,619835,192397.0,31.04
2026-04-24,3085.1185267692877,3128.095102690181,2895.5219138918956,2967.082763671875,577229,256002.0,44.35
2026-04-27,2968.3821875502954,3012.2581768271925,2948.393081910226,2992.768798828125,243557,84234.0,34.58
2026-04-28,2990.4701801666774,3032.347257945268,2948.992786888916,2999.365234375,275588,129550.0,47.01
2026-04-29,3030.9480927451054,3063.430388412888,2953.3902676399025,2963.48486328125,188728,83083.0,44.02
2026-04-30,2963.384972733668,2978.376802275322,2890.42473563095,2946.294189453125,242929,121341.0,49.95
2026-05-01,2946.294189453125,2946.294189453125,2946.294189453125,2946.294189453125,0,0.0,0.0
2026-05-04,2970.980810258443,2976.9775418321265,2880.7299512729755,2904.4169921875,136838,60622.0,44.3
2026-05-05,2915.5110200490208,2948.3930003138757,2894.0227320806316,2930.802490234375,108237,50279.0,46.45
2026-05-06,2945.4948351799235,2962.8852599323473,2871.2352570098765,2915.4111328125,391500,221456.0,56.57
2026-05-07,2926.904811792717,3023.2522039819846,2926.904811792717,3013.857421875,347801,142959.0,41.1
2026-05-08,3007.2608057236503,3064.329798132098,2978.376646586318,3048.138671875,376943,266463.0,70.69
2026-05-11,3044.4408548665497,3044.4408548665497,2964.3843885767124,2990.570068359375,538224,337798.0,62.76
2026-05-12,3012.658070755009,3055.634647387726,2929.7032833011594,2952.390869140625,380587,212116.0,55.73
2026-05-13,2957.3881440796604,3069.027248942783,2916.910205642612,2939.39794921875,614500,174553.0,28.41
2026-05-14,2947.3936386584573,2974.7786158940735,2760.3954570292926,2799.2744140625,878389,449130.0,51.13
2026-05-15,2763.493733826851,2886.7266135075265,2727.8132306220045,2848.747314453125,566267,295551.0,52.19
2026-05-18,2848.7473721616643,2858.2421971176063,2749.5014161890817,2813.466552734375,327362,165020.0,50.41
2026-05-19,2837.453539629717,2923.4066937009234,2818.0642048027553,2890.62451171875,222669,112564.0,50.55
2026-05-20,2876.2323570986587,2983.3739107189317,2862.3397827681206,2969.281494140625,485097,277898.0,57.29
2026-05-21,2982.974291876367,3061.831214955537,2982.374521112232,2998.965576171875,223521,69591.0,31.13
2026-05-22,3009.759467089996,3041.3423508537385,2968.3821170015126,3009.65966796875,224252,110236.0,49.16
2026-05-25,3042.341804874962,3098.311299314186,3024.6514956126616,3045.93994140625,175370,73564.0,41.95
2026-05-26,3045.8399066640727,3071.026130429547,3013.257567565614,3037.444580078125,169112,47718.0,28.22
2026-05-27,3048.3386460503134,3223.1432793306017,3048.3386460503134,3208.751220703125,647171,246354.0,38.07
2026-05-28,3208.751220703125,3208.751220703125,3208.751220703125,3208.751220703125,0,0.0,0.0
2026-05-29,3235.236743126346,3248.2296617734396,3120.199342732484,3139.688720703125,740060,428960.0,57.96
2026-06-01,3139.188942171755,3142.287351094272,3048.3385562460335,3054.93505859375,335850,210694.0,62.73
2026-06-02,3028.5492241488278,3118.3003536417073,2988.671057613961,3109.00537109375,352838,191585.0,54.3
2026-06-03,3129.2945184297864,3129.2945184297864,3028.849261610178,3068.527587890625,194889,76716.0,39.36
2026-06-04,3049.3380752855205,3158.2787013773336,3040.942748492509,3096.712158203125,207106,79357.0,38.32
2026-06-05,3098.1116081461923,3155.280402881187,3074.9242938350053,3127.295654296875,192369,84856.0,44.11
2026-06-08,3080.9208669947,3138.289501034768,3024.3516019526137,3054.435302734375,761473,495615.0,65.09
2026-06-09,3070.9263687380617,3168.3732578338318,3058.433177828347,3103.808349609375,776614,538362.0,69.32
2026-06-10,3125.296541284065,3134.791366081698,3028.84911044495,3060.6318359375,211730,85730.0,40.49
2026-06-11,3058.6331450154826,3073.0252039282827,2960.386638886949,2973.679443359375,250989,161547.0,64.36
2026-06-12,2998.365816645249,3170.47196571916,2998.365816645249,3140.088623046875,260594,101742.0,39.04
2026-06-15,3190.261250817876,3257.124711385158,3168.1731915471914,3224.3427734375,261683,108686.0,41.53
2026-06-16,3247.2302035509965,3310.9954991935683,3225.242187398912,3262.421875,283227,95305.0,33.65
2026-06-17,3282.211091502192,3282.211091502192,3216.946613871465,3265.919921875,102689,37880.0,36.89
2026-06-18,3289.10723777127,3289.10723777127,3226.04175688176,3254.72607421875,107196,39557.0,36.9
2026-06-19,3225.24212684404,3300.201271409674,3225.24212684404,3283.810302734375,265126,102588.0,38.69
2026-06-22,3298.1022584474135,3332.9833928292505,3275.3148741153627,3306.097900390625,180692,98154.0,54.32
2026-06-23,3290.806619101386,3311.8949795314043,3230.9391002137327,3255.82568359375,205609,109614.0,53.31
2026-06-24,3273.016183197226,3333.3831842009567,3159.3781672373048,3168.77294921875,481940,262217.0,54.41
2026-06-25,3176.4687227826143,3188.0625016361805,3036.94491206897,3052.33642578125,478378,257377.0,53.8
2026-06-25,3176.4687227826143,3188.0625016361805,3036.94491206897,3052.33642578125,478378,0.0,0.0
2026-06-26,3052.33642578125,3052.33642578125,3052.33642578125,3052.33642578125,0,,
2026-06-29,3076.023534731715,3076.423463257174,3008.3604595753523,3020.65380859375,436979,245779.0,56.25
2026-06-30,3029.4489706337317,3065.129475019891,2991.6695125746546,3027.64990234375,316651,145718.0,46.02
2026-07-01,3048.2385472012675,3108.205863732386,3037.844309938928,3095.31298828125,361971,0.0,0.0
2026-07-02,3108.305838220069,3126.5959181596745,3068.32762808219,3088.91650390625,297923,164705.0,55.28
2026-07-03,3104.4080217867145,3113.2030327017346,2923.8062645253062,2974.178955078125,601938,316024.0,52.5
2026-07-06,2974.4788798010827,3023.252101002782,2947.4935879361096,3004.262451171875,233666,111866.0,47.87
2026-07-07,3017.255501276231,3017.255501276231,2948.3931288528597,2977.177490234375,162750,91792.0,56.4
2026-07-08,2978.3767502401074,2998.3658559464166,2879.23083473834,2897.820556640625,144780,,
2026-07-09,2928.503902394359,2950.391874592656,2898.4202020049806,2914.611328125,68996,,
2026-07-10,2917.80957511613,2963.384832367053,2915.4109801061363,2956.788330078125,76136,,
2026-07-13,2948.39294779548,2948.39294779548,2908.5147814605507,2919.5087890625,99892,53420.0,53.48
2026-07-14,2909.3143559467644,2927.404594609031,2820.0631922254,2914.51171875,211161,,
2026-07-15,2938.3985181975168,2967.982492038206,2913.9118638792042,2938.0986328125,113668,37169.0,32.7
2026-07-16,2948.493207862434,3013.857487538439,2915.1112541012617,2931.1025390625,136801,,
2026-07-17,2938.2984718424677,2944.6951320211406,2867.337147161141,2887.026611328125,116070,,
2026-07-20,2890.4247121839953,2903.617473272104,2840.6517897079293,2885.327392578125,201583,104031.0,51.61
2026-07-21,2889.5252945045268,2924.4061866188313,2853.1449754434407,2907.71533203125,217730,116156.0,53.35
2026-07-22,2903.4175046905657,2976.377738027024,2866.4376603967444,2902.1181640625,204286,,
2026-07-23,2902.11823480301,2919.808544378657,2814.9657835768776,2822.96142578125,246497,149096.0,60.49
2026-07-24,2798.4746990196963,2819.563302390361,2745.1038862914443,2765.49267578125,361452,,
2026-07-27,2792.1782343620052,2864.239059393237,2753.09967837489,2847.748046875,262758,125926.0,47.92
2026-07-28,2847.747912495484,2889.8248324094798,2778.0859298859723,2823.760986328125,312172,143698.0,46.03
2026-07-29,2830.357213075821,2858.2421608391824,2776.9864005513073,2785.181884765625,255465,140927.0,55.16
2026-07-30,2797.375330925567,2797.375330925567,2664.148135148484,2687.33544921875,818361,472792.0,57.77
2026-07-31,2715.120412337836,2773.488505259887,2687.535347979761,2751.50048828125,485821,272989.0,56.19
2026-08-03,2808.469194148816,2811.4675598365193,2721.7164314497404,2764.4931640625,227956,106838.0,46.87
2026-08-04,2776.4867699412125,2803.771947907389,2722.5161847803683,2742.80517578125,430580,222175.0,51.6
2026-08-05,2770.4901059072417,2829.3579257781876,2753.5994088530724,2786.38134765625,341881,,
2026-08-06,2798.7747201917814,2798.7747201917814,2748.6021130265235,2752.300048828125,362526,235960.0,65.09
2026-08-07,2754.89990234375,2783.0,2742.199951171875,2772.0,142399,72492.0,50.91
2026-08-11,2816.0,2821.39990234375,2750.300048828125,2780.0,152259,78498,51.55
2026-08-12,2780.0,2839.0,2746.199951171875,2839.0,486561,287711,59.13
2026-08-13,2847.0,2848.300048828125,2727.0,2780.0,323716,133550,41.26
2026-08-14,2788.0,2788.0,2685.0,2733.5,539270,206656,38.32
2026-08-19,2942.199951171875,2972.0,2898.300048828125,2961.0,696272,197930,28.42
2026-08-26,2902.0,2936.89990234375,2851.0,2860.0,175584,77167,43.95
2026-08-27,2853.300048828125,2879.39990234375,2835.60009765625,2870.0,139802,74866,53.51
2026-09-02,2748.300048828125,2748.300048828125,2680.5,2720.0,278272,134113,48.18
2026-09-03,2720.0,2735.39990234375,2685.39990234375,2735.39990234375,210378,101504,48.23
