date,open,high,low,close,volume,delivery_qty,delivery_pct
2022-01-03,1753.667870920096,1835.2223816751612,1749.889495859018,1780.4600830078125,99880,,
2022-01-04,1805.7802996863966,1805.7802996863966,1743.608485611016,1771.2349853515625,41945,,
2022-01-05,1830.3155246218557,1884.2926580557444,1789.1457407682303,1804.5537109375,834696,,
2022-01-06,1826.487876203081,1912.4586974713081,1816.5757365009383,1863.48681640625,770411,,
2022-01-07,1874.429610363921,1889.1997655418365,1845.0857721833827,1867.069091796875,314017,,
2022-01-10,1883.1150279560773,1912.2626321660505,1847.0484887042926,1885.1268310546875,165228,,
2022-01-11,1889.199748260296,1937.2884691251036,1859.7576742614342,1926.4930419921875,170000,,
2022-01-12,1943.0786094212408,1979.3904977297743,1924.3828460342413,1961.4307861328125,147581,,
2022-01-13,1960.6457797060755,1992.2468893411017,1935.3255496456418,1983.07080078125,130998,,
2022-01-14,1972.61870879041,2040.4337065097948,1955.9348689648195,2027.47900390625,194552,,
2022-01-17,2028.4605842881099,2078.610344240896,1995.1911377911906,2061.68115234375,139452,,
2022-01-18,2061.6811233288654,2117.8172935473053,1926.4929406614604,1992.2960205078125,374448,,
2022-01-19,1989.4499282851982,2085.480130572974,1985.6715529498272,2036.9498291015625,172831,,
2022-01-20,2029.5401698272249,2045.6350733997028,1967.7609364655311,2010.7952880859375,87297,,
2022-01-21,1984.8372157021113,2016.7819114161132,1969.6745966969047,1990.0386962890625,396337,,
2022-01-24,2001.619410106227,2001.619410106227,1865.646053058733,1879.8272705078125,64598,,
2022-01-25,1867.6087136025264,1976.4952588376125,1806.1238310470276,1940.674072265625,104539,,
2022-01-27,1941.0177720642525,1996.8104761948373,1830.0701795418747,1923.107177734375,109079,,
2022-01-28,1954.9044608502895,1962.8047980826111,1918.6416901257523,1922.9107666015625,48991,,
2022-01-31,1943.0786042356617,2088.4242733605574,1942.8822518787847,2042.7890625,224815,,
2022-02-01,2040.0902124845431,2052.5048568431093,1981.5005378860837,2030.0799560546875,97012,,
2022-02-02,2065.8028357501307,2134.35388597124,1972.6187302202125,2023.9952392578125,191731,,
2022-02-03,2025.6145028989863,2050.149562284875,1992.2959401729872,1998.282470703125,60131,,
2022-02-04,1987.5852256379878,2027.5773737405666,1924.3338883994697,1970.754150390625,48143,,
2022-02-07,2002.0608820838734,2027.577344306511,1929.093638111081,1999.656494140625,99727,,
2022-02-08,2014.8192026630843,2024.7314631144163,1903.9207273094903,1917.31689453125,92834,,
2022-02-09,1952.9417446805705,1965.6509782049843,1869.571655018551,1940.527099609375,93542,,
2022-02-10,1943.127704151499,1947.1515499769305,1875.5581704307065,1891.0152587890625,40945,,
2022-02-11,1873.4970350506949,1875.1653710801547,1815.594297979982,1824.7703857421875,102067,,
2022-02-14,1778.3992382456197,1848.9620937009126,1756.7593875322032,1828.4998779296875,50545,,
2022-02-15,1816.7232310856484,1840.8165901727846,1761.911926348392,1784.04248046875,65946,,
2022-02-16,1805.7803723127602,1838.853584472581,1762.6477857963057,1768.977783203125,50645,,
2022-02-17,1775.356944454678,1840.1295029588287,1761.8135433928617,1772.2655029296875,49012,,
2022-02-18,1766.4752166043045,1869.5715874990278,1752.5884683692593,1832.818115234375,228844,,
2022-02-21,1820.5015308714844,1850.8758885473853,1755.679851623108,1766.671630859375,108456,,
2022-02-22,1683.2522327802835,1767.4564809403307,1683.2522327802835,1716.96337890625,127548,,
2022-02-23,1735.561128002,1782.030630203535,1717.4543005816242,1728.151611328125,61353,,
2022-02-24,1692.9191791314988,1704.107190710127,1620.2953998528142,1649.6883544921875,74334,,
2022-02-25,1688.012153530123,1766.5243467175706,1665.1454293442391,1726.43408203125,47476,,
2022-02-28,1735.0702086299843,1789.0964550415379,1684.6262244979578,1778.93896484375,40801,,
2022-03-02,1766.5243814882574,1880.3179458090851,1761.6173693174567,1802.1002197265625,70469,,
2022-03-03,1810.6875588279836,1844.9875272662273,1794.2490674402497,1830.5118408203125,20110,,
2022-03-04,1842.0431698743132,1874.4785668170232,1791.4028304585427,1806.4183349609375,99785,,
2022-03-07,1766.5243986593264,1793.218497207915,1727.3664171956907,1734.3343505859375,40029,,
2022-03-08,1756.7103120204756,1791.7954481404377,1730.5069156215507,1765.83740234375,17396,,
2022-03-09,1766.573482086042,1861.671281177039,1755.9742879817331,1841.8961181640625,30057,,
2022-03-10,1875.4599231504787,1920.604432027989,1836.351062789437,1860.1009521484375,70068,,
2022-03-11,1864.6646002761456,1893.3706210961864,1854.310756812467,1868.5902099609375,64890,,
2022-03-14,1877.4227473974927,1957.3089248536726,1872.0250343234277,1925.26611328125,82102,,
2022-03-15,1947.8384189391734,1947.8384189391734,1846.5577388911952,1868.8846435546875,26671,,
2022-03-16,1878.6986790203794,1943.176769356252,1878.2079778159964,1914.421630859375,23543,,
2022-03-17,1933.3627491368554,1988.4194004187532,1925.6096461320735,1973.6983642578125,44053,,
2022-03-21,2027.8719024659465,2109.033836044694,2014.8683201822832,2027.9210205078125,182661,,
2022-03-22,2016.929225837193,2060.9452232305607,1997.448530225358,2038.716552734375,34187,,
2022-03-23,2055.0564264474037,2079.493247999188,1998.1350927635692,2016.1439208984375,38973,,
2022-03-24,1992.2468773549215,2036.3117493932846,1970.6560244968878,1984.4937744140625,40210,,
2022-03-25,2002.1589892952077,2012.7580632134716,1948.4763265515232,1958.73193359375,15383,,
2022-03-28,1953.9722170829405,1975.9065371971565,1938.3188964130895,1964.5714111328125,30282,,
2022-03-29,1981.4513979815008,2019.7260906616784,1927.9158504280351,1940.2816162109375,33223,,
2022-03-30,1962.8046757293166,1962.8046757293166,1926.4927892283245,1943.5692138671875,41928,,
2022-03-31,1940.281695141158,1997.1539172479074,1884.390755650647,1902.9884033203125,46045,,
2022-04-01,1903.9206127790487,1957.8977435537124,1889.1995771132313,1920.260986328125,48148,,
2022-04-04,1924.5301039696765,1997.1538814779663,1924.5301039696765,1967.5645751953125,45773,,
2022-04-05,1971.6374351554505,1999.1167025443767,1933.3627412923033,1975.75927734375,41053,,
2022-04-06,1986.3584454003894,2032.4352398773606,1966.632281241561,1984.6409912109375,77701,,
2022-04-07,1982.383631425337,1991.265370623908,1892.3399657009686,1933.0191650390625,45258,,
2022-04-08,1942.1463463951648,1961.823513598675,1927.2290769531755,1954.6102294921875,104876,,
2022-04-11,1933.3627707268008,1970.9505313975194,1933.3627707268008,1955.198974609375,30930,,
2022-04-12,1960.8420224424237,1962.8048272696933,1923.7449632869868,1959.32080078125,21445,,
2022-04-13,2002.0610182377643,2303.3515734333496,1966.337944736638,2188.38037109375,539415,,
2022-04-18,2257.176314772226,2281.760491862654,2100.2010548757335,2128.808837890625,572893,,
2022-04-19,2133.37225946291,2201.2852472585682,2026.791879248223,2102.114501953125,165244,,
2022-04-20,2110.0148509653973,2257.2251894048436,2085.479794558823,2122.380615234375,413935,,
2022-04-21,2148.9767151264437,2178.713254766949,2117.5227213436674,2142.4013671875,83978,,
2022-04-22,2134.550150609743,2198.341304536011,2112.9592985116215,2125.717529296875,71709,,
2022-04-25,2123.7548697934512,2146.5724764120732,1995.191150781001,2010.59912109375,73930,,
2022-04-26,2026.5958936882234,2060.9449766320918,1995.8289533542345,2012.02197265625,61013,,
2022-04-27,2020.7076614036441,2048.137812189883,1996.1725999490102,2020.560546875,33649,,
2022-04-28,2040.1391497322825,2111.7815176523777,2027.282683758608,2072.23095703125,62917,,
2022-04-29,2074.6848273511205,2128.6128453075885,2069.630700456646,2080.5732421875,53372,,
2022-05-02,2080.523973353146,2114.9221754492864,2047.5489964194835,2106.138671875,26203,,
2022-05-04,2111.977640544105,2163.991959758249,2079.1989012567647,2109.818603515625,121665,,
2022-05-05,2129.6430950052663,2153.147633318122,2016.1928877446362,2034.39794921875,56109,,
2022-05-06,2022.8174063667213,2067.8148010332684,1955.4933473024957,1990.970947265625,84602,,
2022-05-09,1973.6002362949398,1977.7220784755661,1918.200118457222,1943.814697265625,49674,,
2022-05-10,1938.1225702077463,2011.8258689416011,1928.5538964891673,1973.011474609375,54493,,
2022-05-11,2009.8630529898558,2031.5030244310092,1875.2638059310416,1915.795654296875,81788,,
2022-05-12,1887.2368183486287,1894.1066351600903,1840.3257356303243,1853.231201171875,67060,,
2022-05-13,1863.683006261316,1952.9414993731223,1863.683006261316,1883.163818359375,35768,,
2022-05-16,1881.1522430419923,1995.0439242107113,1880.857774390244,1961.578125,47821,,
2022-05-17,1981.2552107798824,2047.1562860246263,1957.8977857664888,2036.2137451171875,29773,,
2022-05-18,2035.4287218809516,2172.825067620264,2035.2816073506017,2126.257568359375,176270,,
2022-05-19,2100.2011962086394,2125.7176593401464,2065.8521112239187,2099.661376953125,32744,,
2022-05-20,2122.7733627088,2146.4741345106177,2065.7049097548334,2130.03564453125,45912,,
2022-05-23,2178.7132482337847,2190.4900766026158,1978.507165963653,1987.1435546875,106452,,
2022-05-24,1992.197703662735,2009.9120644555378,1928.5537835895793,1946.955078125,38536,,
2022-05-25,1972.4714736042474,2009.9119969209721,1924.7262256939337,1953.8248291015625,48661,,
2022-05-26,1991.265572626105,1991.265572626105,1920.457361842539,1933.068359375,21274,,
2022-05-27,1947.1023952266169,1972.5207417856134,1924.2356709916676,1962.2650146484375,37006,,
2022-05-30,1978.507247901867,2000.098100805558,1928.4557252614925,1966.1416015625,25827,,
2022-05-31,1962.804806984142,1983.4142574574755,1940.2816697440383,1957.1617431640625,63885,,
2022-06-01,1954.953387885075,1987.0451952782146,1944.648663701946,1956.474609375,25576,,
2022-06-02,1956.4745945534871,2109.033533503193,1948.3289075789735,2055.3017578125,86337,,
2022-06-03,2109.7698196569263,2109.7698196569263,2005.544932190262,2028.1171875,85628,,
2022-06-06,2030.5214382730192,2047.4506286114483,1948.0836418424085,1969.23291015625,59148,,
2022-06-07,1970.6560826241412,1989.35184686589,1943.3730471060173,1964.0316162109375,24967,,
2022-06-08,1964.1295721090682,2016.732714186626,1958.6828609385907,1976.0045166015625,55817,,
2022-06-09,1972.91333588822,2011.727849579111,1962.804843026593,1998.1844482421875,35401,,
2022-06-10,1977.525882617824,2020.7075892357814,1973.6493909664794,1981.5006103515625,35888,,
2022-06-13,1954.953683669126,1966.5832787610525,1895.529717302214,1945.385009765625,48008,,
2022-06-14,1918.6416815787943,1987.3398492056565,1918.6416815787943,1976.299072265625,28288,,
2022-06-15,1976.5444872011071,1993.3264447361908,1963.786255655122,1977.771240234375,26987,,
2022-06-16,1987.585078039119,2009.1759293991292,1957.897657419105,1991.9522705078125,39726,,
2022-06-17,1977.5258292030478,2006.9679011018525,1943.176745321109,1992.59033203125,40813,,
2022-06-20,1984.3955807989655,1999.0184999884127,1928.9954652491208,1953.137939453125,31836,,
2022-06-21,1948.0835965065621,1972.569536361257,1928.9953693877796,1944.256103515625,35297,,
2022-06-22,1934.344058556251,1957.8485972432265,1930.6146816547252,1942.48974609375,15385,,
2022-06-23,1942.4896662109406,1970.1160457686817,1942.4896662109406,1951.81298828125,37168,,
2022-06-24,2024.6331827185081,2024.6331827185081,1923.5487339448744,1930.3204345703125,96838,,
2022-06-27,1952.9415606566213,2007.9492103559598,1936.699423625928,1963.68798828125,60479,,
2022-06-28,1953.088868478456,1996.3686898310025,1953.088868478456,1989.4007568359375,29026,,
2022-06-29,1983.3160801814493,2019.4807336778902,1967.7608765245104,1981.9912109375,24380,,
2022-06-30,1980.3719287470922,2100.201137937626,1972.6188258199197,2058.14794921875,88707,,
2022-07-01,2021.6889868675512,2041.2679172426606,1984.739161764054,2003.1895751953125,30977,,
2022-07-04,1993.2774410597074,2025.0747837552244,1984.3957012030264,2009.4705810546875,16209,,
2022-07-05,2012.267382425532,2012.7580836248749,1973.6002237573848,1986.5546875,38882,,
2022-07-06,1986.9963385469828,2084.4986403490534,1981.9420923657785,2028.3133544921875,79135,,
2022-07-07,2050.1497509744804,2128.1712470024704,2031.5031041250238,2060.06201171875,164725,,
2022-07-08,2079.738859223273,2097.0116377942195,2026.5960135931034,2040.384765625,28744,,
2022-07-11,2037.2929666447703,2060.9448582389155,2031.110323750193,2051.670654296875,36074,,
2022-07-12,2050.836616901092,2060.9451098838963,2021.6890125527746,2033.95654296875,27286,,
2022-07-13,2060.945119084677,2062.907923959996,2012.856399639368,2033.5640869140625,16681,,
2022-07-14,2024.6331249838252,2050.6894062864717,1995.043819046946,2004.416259765625,330468,,
2022-07-15,2007.2132903004435,2039.3542194080535,1992.2469034640753,2015.2607421875,20834,,
2022-07-18,2030.5215781906513,2094.3127345862013,2010.8935300689438,2018.10693359375,74371,,
2022-07-19,2011.825952966302,2072.7220243771603,2006.526475448605,2058.246337890625,82473,,
2022-07-20,2070.7588476349542,2096.226189333938,2049.707816274529,2067.618408203125,103754,,
2022-07-21,2073.729358101349,2168.348188128787,2059.9307787223474,2155.288818359375,143397,,
2022-07-22,2155.5350821272195,2202.844494080629,2104.8253543152814,2115.272705078125,103083,,
2022-07-25,2113.1539437992324,2126.8047779803464,2061.2615236600814,2079.495361328125,53960,,
2022-07-26,2081.6142279191245,2081.6142279191245,2030.4610199899753,2043.9638671875,36410,,
2022-07-27,2034.3048910447822,2069.7869530978887,2022.8716859097499,2034.45263671875,39985,,
2022-07-28,2052.7358914403617,2069.787042343391,2021.4920113553783,2036.4239501953125,28426,,
2022-07-29,2047.0685381666729,2069.7869622349262,2020.5063202769516,2028.4405517578125,34321,,
2022-08-01,2031.2492904455032,2082.6491415118007,2029.3767224070123,2062.493408203125,79790,,
2022-08-02,2077.375939836043,2122.51705179838,2050.0745148551805,2061.8525390625,142295,,
2022-08-03,2061.9020577627434,2078.657476014161,1956.4414840626412,1981.47607421875,353781,,
2022-08-04,2000.7940775407583,2052.982229615024,1985.566407194462,2044.506103515625,98416,,
2022-08-05,2041.2042699394221,2058.945301739958,2025.6808671139534,2035.044189453125,104647,,
2022-08-08,2044.1610320954853,2066.830127436949,2018.5350982312218,2038.099609375,40255,,
2022-08-10,2040.7113491500231,2153.56401733533,2040.7113491500231,2082.4521484375,180609,,
2022-08-11,2094.3778472953322,2125.966785299891,2089.499112116722,2095.60986328125,56889,,
2022-08-12,2100.3408133960324,2110.788405011896,2069.3433398973925,2078.26318359375,29039,,
2022-08-16,2088.4642003542917,2135.8229436541587,2063.8732090502117,2127.740966796875,54253,,
2022-08-17,2125.967109662463,2141.7862454608266,2108.423151220655,2113.74560546875,54502,,
2022-08-18,2111.1825230472305,2197.6207136103294,2111.1825230472305,2184.31494140625,119753,,
2022-08-19,2197.9165537259855,2265.9238372269238,2197.9165537259855,2230.88525390625,206191,,
2022-08-22,2226.5484667344763,2306.333768418017,2203.3865677781414,2236.20751953125,173950,,
2022-08-23,2234.8276578326295,2253.7022870136216,2176.282354743685,2208.955322265625,44013,,
2022-08-24,2188.1591764985023,2330.925052919699,2188.1591764985023,2303.278564453125,110183,,
2022-08-25,2330.974097249461,2431.1124464734503,2281.693460943976,2415.83544921875,227384,,
2022-08-26,2424.656741040937,2488.6722422760377,2424.656741040937,2456.88623046875,291539,,
2022-08-29,2444.023742580805,2500.992204265658,2376.607930744647,2432.738525390625,69546,,
2022-08-30,2444.2209465712426,2461.4200814493324,2351.869080622722,2381.58544921875,86922,,
2022-09-01,2388.1397308006217,2428.5498541860225,2375.3267648491533,2386.90771484375,57186,,
2022-09-02,2399.474428107901,2399.474428107901,2349.700980328296,2364.23876953125,30358,,
2022-09-05,2375.2776604764213,2413.273084301383,2367.787147127885,2385.1337890625,51264,,
2022-09-06,2383.1623370715865,2425.5930147316253,2331.1712637164087,2357.43798828125,93464,,
2022-09-07,2337.7257818390467,2429.53551656889,2308.206486407041,2417.11669921875,64394,,
2022-09-08,2419.7288421820067,2492.713520844639,2419.7288421820067,2474.6767578125,92652,,
2022-09-09,2484.7298411150196,2513.3126119965486,2419.679397039815,2436.434814453125,52645,,
2022-09-12,2451.7117860804947,2464.9189010587857,2404.9445078746535,2433.773681640625,134122,,
2022-09-13,2445.896813357024,2458.4140477536603,2396.0740383416114,2407.802734375,130720,,
2022-09-14,2370.3986623687315,2481.7729030538317,2370.3986623687315,2462.602783203125,40097,,
2022-09-15,2478.816162659436,2525.5341125752084,2408.8376546877384,2433.675048828125,94041,,
2022-09-16,2433.6752082692055,2569.6404532019237,2433.6752082692055,2524.253173828125,251420,,
2022-09-19,2542.733131982631,2640.4565392268487,2468.9599218974454,2487.538818359375,183280,,
2022-09-20,2494.0932660457315,2538.396514623822,2487.539036978192,2517.107421875,36731,,
2022-09-21,2533.468107538785,2558.650560059443,2494.7334804415405,2515.628662109375,56861,,
2022-09-22,2523.1687500000003,2581.3692335504293,2510.3064549261335,2562.59326171875,46119,,
2022-09-23,2562.5932733024633,2562.5932733024633,2340.8303938820577,2362.66162109375,193552,,
2022-09-26,2335.8531863155467,2335.8531863155467,2139.7655528478626,2174.1142578125,315708,,
2022-09-27,2183.1324956466315,2239.2631001743102,2139.6177839146826,2146.566162109375,158703,,
2022-09-28,2128.8251725562545,2191.9537259215344,2104.283507988351,2122.468017578125,78249,,
2022-09-29,2139.7653826161836,2177.31732643891,2126.016132221543,2157.260009765625,103360,,
2022-09-30,2134.8372206027457,2156.6684468059557,2120.0530293243332,2138.286865234375,73397,,
2022-10-03,2148.931551776222,2176.1836483773077,2131.2398508349606,2142.82080078125,54384,,
2022-10-04,2168.3481116562652,2173.276175546393,2150.607081651805,2163.863525390625,48822,,
2022-10-06,2186.976310415954,2192.6929132122164,2159.8719563741547,2168.5947265625,63747,,
2022-10-07,2168.3482350343315,2184.1180403800354,2142.722301347562,2153.268310546875,32081,,
2022-10-10,2153.268139017793,2153.268139017793,2065.8443357223414,2112.4638671875,100164,,
2022-10-11,2080.4314298107665,2088.4640774294926,2049.6310315363394,2069.24462890625,209311,,
2022-10-12,2061.9019103005753,2074.9612794743243,1925.6409451480638,2034.058349609375,286459,,
2022-10-13,2044.1608513055423,2044.1608513055423,1981.3280382531177,2013.902587890625,147077,,
2022-10-14,2048.793117473112,2061.7047403849324,1985.0240224735887,1997.0977783203125,44559,,
2022-10-17,2000.7445777301662,2015.578097921175,1957.4269449738158,2003.701416015625,141289,,
2022-10-18,2013.4591644141478,2039.8244281757316,1986.5520060935341,2028.4405517578125,38565,,
2022-10-19,2037.261610321287,2080.62857251487,2011.8820813102693,2050.5673828125,85756,,
2022-10-20,2038.5924245406698,2068.2098980352584,1941.6573049677995,1968.07177734375,128506,,
2022-10-21,1976.1538917546256,2077.622693083428,1964.4250740200498,2055.939208984375,59506,,
2022-10-24,2080.8254830989376,2109.2111769707058,2066.780502130792,2082.5009765625,11261,,
2022-10-25,2093.4414149008717,2094.180624440032,2021.4916864226402,2044.1114501953125,32480,,
2022-10-27,2054.9039416090363,2112.1188103005325,2035.9308960294832,2066.386474609375,35978,,
2022-10-28,2062.8876395168436,2096.989939460061,2034.3048676362948,2061.261474609375,20426,,
2022-10-31,2071.5610188969795,2178.154946334436,2058.5016493743224,2140.70166015625,83975,,
2022-11-01,2142.722156015895,2231.4273050689912,2127.4944868874036,2193.431884765625,86941,,
2022-11-02,2212.700731656097,2220.585634040618,2141.6379526643555,2183.97021484375,47455,,
2022-11-03,2187.9619725165635,2206.0480654171715,2158.098094257487,2195.107666015625,56565,,
2022-11-04,2205.8015178015858,2299.4347368324843,2184.857245123622,2290.514892578125,76575,,
2022-11-07,2316.1901357592333,2331.9599409388707,2288.8393799007995,2312.691162109375,57442,,
2022-11-09,2302.391568888216,2329.2001897153978,2293.1269045454837,2307.12255859375,32850,,
2022-11-10,2307.8124188629445,2345.75851244664,2297.562141782497,2317.323486328125,79616,,
2022-11-11,2328.953639748369,2375.1296941353767,2313.2331642397257,2331.61474609375,56881,,
2022-11-14,2331.959972842875,2364.485196470861,2233.398689121705,2243.501220703125,93254,,
2022-11-15,2258.778022781335,2276.666797966102,2198.9020481401367,2223.049560546875,43267,,
2022-11-16,2224.1338500301613,2234.1870520545626,2156.570047219816,2167.70751953125,28980,,
2022-11-17,2167.7075301666796,2168.6931429313217,2120.0530567449914,2128.972900390625,19812,,
2022-11-18,2121.087938903251,2133.9009044849563,2082.5997133956603,2100.636474609375,19242,,
2022-11-21,2111.182764114662,2146.6648273770934,2089.499281009843,2101.42529296875,22959,,
2022-11-22,2101.4249769941907,2110.196833952747,2075.256911147203,2099.847900390625,17720,,
2022-11-23,2110.3446851846757,2128.726507712904,2041.401120083088,2045.09716796875,53316,,
2022-11-24,2045.0972466408125,2054.953374715062,2024.4980352168814,2028.6868896484375,92366,,
2022-11-25,2037.754623010807,2059.9309127412753,2017.1060813651775,2028.1448974609375,46785,,
2022-11-28,2049.7789647948666,2049.7789647948666,1980.391917463102,2000.8433837890625,99179,,
2022-11-29,2008.3830196355784,2030.2635742013726,1994.2395009676766,2000.6953125,45373,,
2022-11-30,2010.3542857907057,2028.489704837408,2001.3852337939795,2019.421875,88322,,
2022-12-01,2027.2577313770796,2034.9946472796346,2009.6151183375678,2022.033935546875,36282,,
2022-12-02,2030.3621332851092,2068.801028041478,2021.1958871791248,2065.10498046875,40378,,
2022-12-05,2084.2751373983347,2089.498932856095,2023.6599560914242,2035.9307861328125,48280,,
2022-12-06,2046.033430038277,2065.844342744275,2006.7075772077021,2011.093505859375,69821,,
2022-12-07,2018.9291164665442,2035.0439816242244,2011.8820813611565,2025.2371826171875,19874,,
2022-12-08,2040.2186345880682,2049.039821621649,2021.5413188849795,2032.8265380859375,23032,,
2022-12-09,2030.4610827101824,2046.5757080671042,2006.8555832970005,2027.6026611328125,20610,,
2022-12-12,2027.602605691608,2030.3130408938232,1963.3406992047094,1976.69580078125,54178,,
2022-12-13,1984.038757512337,2010.4532312223334,1978.174408913079,2003.6031494140625,31039,,
2022-12-14,1991.9233925148487,2029.3766774804917,1991.9233925148487,2005.081298828125,16282,,
2022-12-15,2030.3623244573685,2057.8608247363927,1978.12484717764,1988.375244140625,49614,,
2022-12-16,1995.8165835568996,2014.1982862690015,1908.2942394420165,1926.528076171875,47544,,
2022-12-19,1934.2651865999605,1966.0018717270823,1913.517988319975,1956.6385498046875,21963,,
2022-12-20,1976.1043320443046,1976.1043320443046,1924.2611229108088,1962.897216796875,51783,,
2022-12-21,1952.6468854457266,1961.1231317349277,1865.8636274951168,1886.6600341796875,45423,,
2022-12-22,1886.6600598925934,1903.2677325831473,1847.5806068371282,1885.181640625,122823,,
2022-12-23,1884.4423196845405,1884.4423196845405,1804.3120723023992,1842.307373046875,46985,,
2022-12-26,1843.0961167624966,1902.2328905623629,1823.383858829208,1877.4447021484375,20499,,
2022-12-27,1886.6601014986893,1912.0889615877004,1884.7382045340619,1906.6680908203125,24266,,
2022-12-28,1906.6680282414986,1930.224199047642,1894.397196578236,1917.9532470703125,43621,,
2022-12-29,1939.685923211953,1939.685923211953,1877.6908561765642,1886.2164306640625,10105,,
2022-12-30,1911.990286706877,1951.5133357571256,1897.8467671494293,1939.883056640625,47468,,
2023-01-02,1949.5420827947023,1949.5420827947023,1912.0887970787273,1933.0823974609375,23445,,
2023-01-03,1932.7867027726697,1941.6572179817233,1918.0025107575805,1927.4151611328125,13528,,
2023-01-04,1927.8586893584456,1936.4828015935614,1903.8097123199955,1923.0784912109375,28901,,
2023-01-05,1922.9305543510893,1933.1809514355577,1911.3496040621988,1922.8812255859375,20325,,
2023-01-06,1929.6820045660647,1970.9298763574384,1916.1791572746683,1934.7579345703125,23007,,
2023-01-09,1936.729202233642,1951.4148573973616,1909.6248495306265,1930.9140625,28664,,
2023-01-10,1935.645023337295,1941.361505451923,1919.530277942326,1936.0885009765625,14639,,
2023-01-11,1945.7476133740654,1951.5134244288827,1904.2040080790916,1911.0047607421875,19949,,
2023-01-12,1920.5157322165753,1966.2973953767944,1918.2487748130757,1958.8067626953125,111896,,
2023-01-13,1968.515338998071,1968.515338998071,1921.4029948633754,1938.7498779296875,15974,,
2023-01-16,1955.4557551075673,1959.2011317964013,1941.6571761904775,1945.993896484375,9728,,
2023-01-17,1955.7022969230316,1955.7022969230316,1930.372094812589,1939.489013671875,21923,,
2023-01-18,1949.1479809542247,1957.7720935371026,1936.8771488905013,1952.252685546875,137244,,
2023-01-19,1940.6717729810186,1958.856282606278,1940.6717729810186,1952.1048583984375,13711,,
2023-01-20,1960.3838888119585,1960.3838888119585,1917.5590601307065,1931.4561767578125,10868,,
2023-01-23,1941.6572669876618,1951.3163208069325,1918.0025591664923,1944.2691650390625,41564,,
2023-01-24,1950.2319580293554,1966.0017624961667,1921.9449193926364,1929.879150390625,11911,,
2023-01-25,1939.4890352055052,1943.283620655984,1914.0601752765126,1926.9716796875,11280,,
2023-01-27,1936.630642663883,1992.9091102912942,1845.06718816286,1878.035888671875,25395,,
2023-01-30,1858.8657491126728,1902.2820412724514,1854.036222308263,1873.5020751953125,109007,,
2023-01-31,1877.3459893737988,1921.7478943422063,1864.3851569317944,1897.4525146484375,119333,,
2023-02-01,1906.9143527810852,1936.4334078294073,1903.7604399665888,1927.46435546875,29227,,
2023-02-02,1921.944900154875,1955.702137503749,1899.2758064607408,1913.3701171875,20722,,
2023-02-03,1923.4234836023643,1924.6061709009348,1882.5205501821756,1892.03173828125,14584,,
2023-02-06,1910.1176853333573,1942.6429090774238,1873.7978762152966,1927.1195068359375,17368,,
2023-02-07,1933.7724158401359,1978.0756654168601,1913.5673523718776,1970.7822265625,35623,,
2023-02-08,2057.8611382582744,2127.938313763155,2004.8352348652218,2060.423828125,559873,,
2023-02-09,2066.2878643672248,2103.199014850133,2037.508019318773,2088.31640625,93757,,
2023-02-10,2067.8157321002814,2131.141356879806,2067.8157321002814,2098.911865234375,52233,,
2023-02-13,2136.562170549454,2158.590713121443,2088.316471587825,2112.0205078125,79699,,
2023-02-14,2109.211352838107,2123.995544563608,2060.9163265348043,2108.57080078125,38488,,
2023-02-15,2091.470361091377,2100.34087628922,2061.0641099675217,2081.712890625,25476,,
2023-02-16,2089.499177986027,2094.4272420850507,2045.1959298614304,2051.158935546875,71714,,
2023-02-17,2036.276051452936,2042.189728272257,2003.3565597625686,2017.2044677734375,34518,,
2023-02-20,2011.635768092569,2015.676756596723,1979.1105449925913,1986.2069091796875,63351,,
2023-02-21,1995.8658789578328,2009.6151291094739,1963.3899859912788,1971.3240966796875,100398,,
2023-02-22,1965.8542371988715,2133.4084284412324,1956.4909147470926,2096.64501953125,179060,,
2023-02-23,2096.644716588904,2124.9317543093744,2069.836097989309,2098.714599609375,95909,,
2023-02-24,2099.3548673052146,2127.001349246751,2050.0742366172985,2117.29296875,89528,,
2023-02-27,2117.2933221503285,2136.8085032856648,2071.955134349987,2127.93798828125,50065,,
2023-02-28,2111.3304186507376,2134.788052031676,2099.601722274334,2122.0244140625,42451,,
2023-03-01,2079.6925131597545,2182.097595514238,2079.6925131597545,2163.9130859375,58422,,
2023-03-02,2174.5080739089076,2203.92870999298,2133.112339470755,2194.713134765625,47291,,
2023-03-03,2212.700619634029,2217.7273409009235,2157.4076482106375,2185.300537109375,33943,,
2023-03-06,2189.933146513301,2217.431890049974,2169.6789944733914,2180.56982421875,21956,,
2023-03-08,2168.2989340436884,2178.0073168352587,2153.5640701106636,2167.90478515625,10549,,
2023-03-09,2168.3481723871037,2168.3481723871037,2138.7797882181885,2149.818603515625,9659,,
2023-03-10,2136.9560007118034,2211.6161599927345,2111.2316545641397,2150.064697265625,119256,,
2023-03-13,2188.060532436942,2188.060532436942,2090.780592025846,2126.410400390625,28452,,
2023-03-14,2131.880468196079,2195.6988964511397,2119.658965831687,2172.044189453125,64986,,
2023-03-15,2178.2043617913805,2188.060490125278,2138.8291772230864,2150.508544921875,13433,,
2023-03-16,2137.6465406096368,2227.485056250982,2119.067642008677,2221.226318359375,62522,,
2023-03-17,2241.776189014105,2293.323783714991,2219.55057348366,2277.455322265625,66341,,
2023-03-20,2242.2692833301085,2272.872611124924,2208.8077744583493,2228.470703125,35157,,
2023-03-21,2240.199301167728,2255.9200182814493,2220.6350309030627,2248.182861328125,22964,,
2023-03-22,2259.4681706999068,2284.6506275982424,2246.2117257534055,2274.548095703125,50228,,
2023-03-23,2274.5477911034627,2283.6647089098574,2224.6266022850973,2258.1865234375,37622,,
2023-03-24,2271.738984564841,2275.237958343164,2197.9660063771516,2208.31494140625,33312,,
2023-03-27,2205.8012425565453,2212.601873996832,2125.178074841503,2154.302978515625,44936,,
2023-03-28,2153.564126468886,2205.801608712754,2153.564126468886,2181.50634765625,22075,,
2023-03-29,2181.506257893533,2260.2566269167364,2181.506257893533,2228.815673828125,29334,,
2023-03-31,2240.001858007117,2293.471345140351,2221.817352444106,2259.714111328125,30898,,
2023-04-03,2259.714220909583,2307.7135119482728,2247.196987569357,2298.00537109375,28487,,
2023-04-05,2309.4878203619373,2350.686482734224,2278.243943329207,2290.958251953125,46079,,
2023-04-06,2290.95823918222,2320.8223544062926,2267.008041239425,2276.272705078125,21812,,
2023-04-10,2286.0794904326976,2311.2619448228083,2272.3795691858477,2282.77783203125,20478,,
2023-04-11,2276.8148798994243,2284.058989548886,2212.7007196087443,2228.22412109375,22757,,
2023-04-12,2232.3638095759957,2262.9671371478084,2228.520015655268,2237.7353515625,15772,,
2023-04-13,2241.924381751068,2254.1954553786604,2215.6578931041004,2241.677978515625,15179,,
2023-04-17,2247.196923579457,2263.952339237725,2225.1192956692134,2236.5029296875,11593,,
2023-04-18,2244.2401557109015,2250.695967130289,2220.634779273819,2235.3203125,11148,,
2023-04-19,2237.390548789136,2242.0722099323493,2180.175673429078,2187.025634765625,17479,,
2023-04-20,2195.5020355728843,2306.334156641412,2181.013574252946,2269.767822265625,118145,,
2023-04-21,2269.7675606639086,2269.7675606639086,2222.556805047408,2250.4990234375,14772,,
2023-04-24,2247.1972405710735,2266.8108395335776,2230.4911513161387,2252.815185546875,21106,,
2023-04-25,2252.8149429164537,2269.8660910748995,2226.006325094512,2234.384033203125,20167,,
2023-04-26,2227.4848343880158,2247.2464183231427,2207.77257921644,2212.848388671875,15706,,
2023-04-27,2221.7190474144263,2223.887588126262,2202.8446581162707,2216.002685546875,8396,,
2023-04-28,2217.6290913695516,2258.039221478952,2217.6290913695516,2253.751708984375,31818,,
2023-05-02,2265.0368761630307,2311.262020318143,2262.030708991789,2271.443359375,27946,,
2023-05-03,2271.4433084148764,2316.1900323633286,2255.0820400201255,2294.654296875,18806,,
2023-05-04,2296.576836717388,2325.5044324944242,2295.6896406833002,2311.55810546875,16644,,
2023-05-05,2311.262205598265,2323.97651551,2291.5992767508938,2308.50244140625,15879,,
2023-05-08,2340.830525503962,2340.830525503962,2279.476125414437,2285.73486328125,21274,,
2023-05-09,2297.4635275718524,2328.017525579028,2281.6937221487938,2322.6953125,22996,,
2023-05-10,2332.9452549303905,2345.7088912371105,2292.535134333793,2334.07861328125,20516,,
2023-05-11,2345.7584478866092,2353.643350232446,2296.4778082251255,2305.5947265625,14222,,
2023-05-12,2301.405838898669,2335.902286162675,2293.077459041983,2331.516357421875,17470,,
2023-05-15,2344.920591261496,2437.4204485715572,2344.920591261496,2381.0927734375,70240,,
2023-05-16,2385.1336123030255,2431.0632643616154,2374.242542896905,2396.862548828125,27869,,
2023-05-17,2434.463622832113,2454.1758788874336,2419.679430790622,2425.248046875,59961,,
2023-05-18,2464.081391161339,2523.168831891932,2222.5569202798074,2247.2958984375,528668,,
2023-05-19,2280.6587277539506,2301.55367133024,2180.6683556833823,2194.861083984375,110165,,
2023-05-22,2202.7951309703253,2227.4847780741584,2164.454891882151,2211.22216796875,59462,,
2023-05-23,2222.3104875469407,2291.451130047843,2222.2611587807223,2244.634521484375,59307,,
2023-05-24,2271.8377276895076,2271.8377276895076,2188.109960211136,2197.867431640625,31479,,
2023-05-25,2197.867040286241,2252.617875093751,2193.924589400056,2236.20751953125,26156,,
2023-05-26,2235.369695229098,2272.280844231487,2214.8195733404964,2228.66748046875,24413,,
2023-05-29,2237.045393439073,2250.104763444242,2212.5037302089136,2223.296142578125,22065,,
2023-05-30,2223.2957390004394,2313.7256997909926,2223.2957390004394,2295.78759765625,93549,,
2023-05-31,2295.7877767117857,2316.091254542827,2290.416235466869,2301.553466796875,41709,,
2023-06-01,2306.3832344476023,2344.772804111017,2301.5535874477187,2333.339599609375,34955,,
2023-06-02,2340.534657281655,2370.3987731100806,2317.0279364865232,2343.34375,38810,,
2023-06-05,2355.614715310201,2363.1545573736416,2328.263958678461,2344.67431640625,16572,,
2023-06-06,2344.625157684383,2344.674245822975,2262.0307550815533,2274.942138671875,114554,,
2023-06-07,2274.942076829409,2321.1181325325265,2257.0533008490384,2295.44287109375,38858,,
2023-06-08,2307.3196771014655,2316.1901927332096,2281.1022790941665,2294.063232421875,19605,,
2023-06-09,2306.1369330828406,2316.1901357592333,2286.868154253345,2312.691162109375,10892,,
2023-06-12,2328.017586610264,2328.017586610264,2280.3631083468968,2291.15576171875,11348,,
2023-06-13,2292.5354821993965,2314.564025581845,2287.7551636400303,2306.038330078125,17612,,
2023-06-14,2310.9662423930727,2343.7871961672968,2293.373198606957,2326.884033203125,31959,,
2023-06-15,2345.75851244664,2345.75851244664,2307.664673191143,2317.323486328125,62084,,
2023-06-16,2328.953908072012,2389.6184289981506,2319.09777926608,2358.2265625,107151,,
2023-06-19,2370.3985636430293,2370.3985636430293,2322.6456760478577,2343.195556640625,27896,,
2023-06-20,2329.1508105575454,2354.776743560964,2308.3051959233226,2318.3583984375,13546,,
2023-06-21,2320.5268283915616,2329.6930761430726,2235.912108480056,2250.64697265625,75186,,
2023-06-22,2276.765351832855,2276.765351832855,2217.7272469694685,2222.50732421875,28494,,
2023-06-23,2245.1767100798897,2245.1767100798897,2167.3626248574074,2173.522705078125,53179,,
2023-06-26,2192.003023669942,2222.557022650953,2160.3156661392795,2182.442626953125,56393,,
2023-06-27,2202.795321727606,2217.6288427793784,2186.0892325709606,2205.900146484375,15104,,
2023-06-28,2216.889399184226,2216.889399184226,2186.2367474968923,2196.635009765625,108156,,
2023-06-30,2208.1666918499936,2258.0881216300595,2203.879420797365,2248.921875,97092,,
2023-07-03,2264.938183706243,2272.7244284694757,2219.452249853904,2234.729248046875,28846,,
2023-07-04,2246.0143857776816,2253.652884600221,2210.729401155682,2223.049560546875,28731,,
2023-07-05,2232.413256743,2260.8482856463743,2217.6290629897353,2219.79736328125,21832,,
2023-07-06,2230.54018572914,2237.4394745923564,2199.739789018352,2207.87109375,26030,,
2023-07-07,2207.8712948390785,2251.139599827956,2207.8712948390785,2241.184814453125,34875,,
2023-07-10,2257.0533392949874,2257.0533392949874,2227.484954937411,2253.85009765625,14509,,
2023-07-11,2265.9237886480764,2266.810743901736,2218.614375052988,2239.361572265625,45290,,
2023-07-12,2250.5482200972983,2285.3404008177845,2236.7005524593555,2275.878662109375,34871,,
2023-07-13,2282.974811240777,2305.840978417263,2275.878447720917,2301.553466796875,31298,,
2023-07-14,2303.3771146222934,2314.218855427105,2275.5335530099355,2295.3935546875,21510,,
2023-07-17,2307.0730269100245,2412.7799935387116,2297.8083633821575,2364.0908203125,135028,,
2023-07-18,2375.277608858473,2375.277608858473,2311.311431976148,2346.6455078125,22824,,
2023-07-19,2349.7008434197005,2388.336815873797,2336.0009221694654,2378.579345703125,24319,,
2023-07-20,2390.9486967403755,2411.7943093748218,2341.076597197607,2398.439208984375,32478,,
2023-07-21,2393.887112904493,2474.1500007856444,2363.4049263324846,2444.26171875,67940,,
2023-07-24,2444.2614456536835,2473.2095769565967,2409.87007598612,2421.99365234375,20428,,
2023-07-25,2421.9939823631084,2700.3414366647226,2421.7465624037295,2596.870361328125,685932,,
2023-07-26,2614.6351155474626,2631.9545130316324,2474.298705229723,2491.07373046875,66479,,
2023-07-27,2511.114689965224,2541.497812530691,2415.8084736711126,2428.22900390625,50002,,
2023-07-28,2440.3524588054975,2503.8403202771133,2435.107107628037,2491.617919921875,37894,,
2023-07-31,2492.0135752219753,2594.7919124529135,2492.0135752219753,2572.870361328125,82116,,
2023-08-01,2590.9817143156524,2593.950753713264,2479.1478970056187,2490.380859375,45045,,
2023-08-02,2562.083060224339,2611.6658721800977,2526.4050558668337,2575.245849609375,401527,,
2023-08-03,2581.0848878306037,2581.0848878306037,2490.7270748365586,2503.84033203125,88303,,
2023-08-04,2514.776316623526,2543.724450138378,2474.1994457138194,2492.904296875,35812,,
2023-08-07,2424.7650628775777,2493.7456971983634,2424.7650628775777,2485.63037109375,29172,,
2023-08-08,2486.075673808939,2525.662866067043,2486.075673808939,2518.735107421875,32212,,
2023-08-09,2495.9726090027016,2535.559803435734,2495.9726090027016,2532.49169921875,16614,,
2023-08-10,2532.5906223910306,2560.0542369949194,2489.044710947027,2523.089599609375,24382,,
2023-08-11,2505.868994015892,2539.6664590363794,2505.868994015892,2518.239990234375,14752,,
2023-08-14,2519.7245783716103,2539.9634804117804,2504.186655022432,2537.093505859375,24155,,
2023-08-16,2562.2808300705397,2570.1982679386606,2511.807163661271,2558.916015625,30005,,
2023-08-17,2558.27263589447,2578.115763318305,2523.5843121367484,2552.483154296875,28133,,
2023-08-18,2564.0624415954503,2588.012644127026,2532.8875282914346,2572.672607421875,107868,,
2023-08-21,2585.4889943374337,2818.756479307775,2569.4066972817,2737.94921875,354460,,
2023-08-22,2760.1672020393007,2766.105280349124,2677.6280101811703,2693.017578125,53068,,
2023-08-23,2719.640234959211,2735.969952527197,2677.6283735403294,2709.79296875,60501,,
2023-08-24,2731.5161654446265,2763.2354504001746,2709.7432105026764,2740.32421875,28459,,
2023-08-25,2721.619343169498,2741.6108260205724,2657.8345308874236,2664.91064453125,50874,,
2023-08-28,2680.5971933261026,2729.536809700846,2671.0961708716222,2691.533203125,21037,,
2023-08-29,2696.877091362643,2808.710893683369,2696.8275590551125,2776.39794921875,76356,,
2023-08-30,2790.946351742625,2814.64913278913,2711.722441576025,2731.81298828125,39282,,
2023-08-31,2745.371650030499,2792.87627843766,2719.491620994595,2779.911376953125,35982,,
2023-09-01,2773.1324898247103,2784.810760453915,2732.5060833971115,2771.251953125,24474,,
2023-09-04,2784.9589975388285,2840.381067141591,2748.5387320470886,2774.963134765625,35638,,
2023-09-05,2789.610404833671,2838.3521349993594,2782.039451009652,2800.595947265625,31151,,
2023-09-06,2800.595653215584,2810.6408054857034,2762.7404048280323,2803.119384765625,12421,,
2023-09-07,2800.79378558311,2825.535780155399,2786.344364104477,2816.628662109375,10253,,
2023-09-08,2825.5359705318224,2911.7371820780813,2822.863883262186,2897.139404296875,87004,,
2023-09-11,2894.862906177305,3018.5233471058427,2894.8133738638,3004.42041015625,63909,,
2023-09-12,3004.420137624195,3016.642778520205,2776.0515477347826,2798.7646484375,66210,,
2023-09-13,2771.1034122159294,2874.920725546602,2731.7636405603644,2742.6005859375,53821,,
2023-09-14,2748.291154796539,2776.0021880118943,2711.722536074054,2726.3203125,146716,,
2023-09-15,2754.1305018601147,2834.4429202171523,2674.2631494635866,2700.34130859375,80774,,
2023-09-18,2700.2917338134057,2766.2540357907283,2687.079653789589,2759.078857421875,24001,,
2023-09-20,2751.309743886728,2905.650254756454,2751.309743886728,2878.830078125,125743,,
2023-09-21,2878.1867659078794,2884.9166369185536,2810.6906514060697,2833.304931640625,24338,,
2023-09-22,2847.506673450455,2967.554881565873,2798.8640079081233,2945.682861328125,92506,,
2023-09-25,2940.73444556274,2951.5716326124225,2891.992715669794,2928.660400390625,37549,,
2023-09-26,2911.0935940463823,2943.258187487387,2884.5701271308217,2933.90576171875,55845,,
2023-09-27,2929.4522766081577,3091.7597676094206,2928.363532154241,3013.77294921875,150090,,
2023-09-28,3008.6264390278566,3144.1630324223556,2969.039249040648,3046.481689453125,128049,,
2023-09-29,3061.0792870324553,3099.6767950163758,3037.6239266587386,3078.398681640625,30355,,
2023-10-03,3078.2998033295194,3196.665598292413,3068.551602746975,3129.268310546875,126586,,
2023-10-04,3128.377805035045,3191.717311369194,3058.209604822663,3115.957275390625,120685,,
2023-10-05,3121.103531735371,3186.7688815803253,3058.1105105848465,3068.8486328125,44642,,
2023-10-06,3092.6505140820104,3092.6505140820104,2979.975606402831,2997.443359375,29051,,
2023-10-09,2995.7606230110355,2995.7606230110355,2891.052456446139,2897.089599609375,71590,,
2023-10-10,2908.6687776806552,2944.000296339504,2876.0588783272237,2888.330810546875,21617,,
2023-10-11,2890.9041146520085,2954.391974681819,2890.9041146520085,2927.17578125,37945,,
2023-10-12,2959.0929435733597,3015.306802141812,2900.7513701740054,2926.28515625,39371,,
2023-10-13,2918.5656628873403,3008.576990297145,2901.7411066753752,2919.852294921875,16523,,
2023-10-16,2934.400599272156,2934.400599272156,2851.119140969898,2884.669189453125,25703,,
2023-10-17,2898.7718395879406,3183.304753169891,2878.8298902931265,3095.866455078125,341746,,
2023-10-18,3077.9537216110584,3151.734399296061,3040.494244395155,3086.86083984375,94625,,
2023-10-19,3053.1620565248213,3165.4411768595255,3020.552156789873,3108.83154296875,84500,,
2023-10-20,3090.8689938038065,3124.3695091266304,3072.0650781283707,3096.7080078125,29504,,
2023-10-23,3078.844119724267,3083.5946307709955,2853.642447960459,2896.099853515625,87249,,
2023-10-25,2899.7121779220565,2968.8909384391804,2850.772561887528,2870.120849609375,27308,,
2023-10-26,2863.143595574784,2869.081674238264,2794.8556909447593,2833.15625,66885,,
2023-10-27,2847.2592010080757,2875.7620270589628,2726.8647521547373,2745.173828125,55789,,
2023-10-30,2758.237562707707,2830.484187062807,2736.959447315452,2806.1875,36553,,
2023-10-31,2806.137840936183,2850.277654032459,2789.3628176507186,2802.47607421875,21046,,
2023-11-01,2802.4762158041153,2905.205026432424,2772.241449865357,2856.31494140625,43769,,
2023-11-02,2856.3147838704226,2965.624862431519,2848.2982813571766,2885.65869140625,85417,,
2023-11-03,2885.9061505988248,2946.524035277898,2845.4776361685317,2910.99462890625,39694,,
2023-11-06,2959.1423259648036,2993.7811157336223,2852.256917535306,2865.46923828125,101956,,
2023-11-07,2870.0218005597008,2907.629631818029,2817.321352809544,2849.238525390625,44778,,
2023-11-08,2869.0814410272183,2913.617027383281,2842.2117339074684,2909.410888671875,35458,,
2023-11-09,2909.411050566173,2947.6620763276187,2870.071280429255,2882.689697265625,14991,,
2023-11-10,2890.705980351021,2911.7366734809934,2850.2774689092325,2864.875244140625,20708,,
2023-11-13,2887.2918262835055,2895.5062171594177,2858.0962714310713,2871.30859375,13288,,
2023-11-15,2886.4012517206875,2892.0919107974555,2843.1522910614617,2863.53955078125,15126,,
2023-11-16,2860.1747234693257,2877.692008226571,2822.566889735127,2835.630615234375,23228,,
2023-11-17,2839.3914093314356,2897.4855665589007,2783.078724107789,2801.140380859375,52541,,
2023-11-20,2805.643097539464,2880.1660329222445,2746.3613756645263,2759.078857421875,51630,,
2023-11-21,2790.8968642451864,2802.773021114315,2653.331380511115,2660.01171875,153499,,
2023-11-22,2682.0319956672806,2682.92261075175,2578.1156268314635,2585.78564453125,111305,,
2023-11-23,2584.0538197757633,2638.4862058683207,2584.0538197757633,2592.9609375,78021,,
2023-11-24,2601.6204884560593,2642.197355798598,2589.1011370097567,2598.7998046875,63395,,
2023-11-28,2625.7196226635183,2625.7689133575955,2514.776418380146,2547.980224609375,277152,,
2023-11-29,2563.270768308149,2597.068237967729,2475.189263142348,2493.15185546875,255026,,
2023-11-30,2500.9206968649837,2617.653373588354,2474.4467638847154,2508.838134765625,1239793,,
2023-12-01,2532.5905886037826,2606.8165730294504,2532.5905886037826,2582.7177734375,246563,,
2023-12-04,2632.5482331180588,2730.526532019821,2632.201748544232,2675.054931640625,387412,,
2023-12-05,2677.083838042435,2701.776300534921,2630.0740479104516,2647.195556640625,153365,,
2023-12-06,2661.149715652813,2681.982522186301,2603.847356229134,2659.071533203125,106966,,
2023-12-07,2684.061031458924,2691.928937197482,2652.3912792566007,2670.5517578125,58324,,
2023-12-08,2686.8816506385715,2699.8465529481427,2646.057358003267,2682.626220703125,97333,,
2023-12-11,2686.980695876627,2695.195086659686,2647.393503303859,2652.094482421875,36106,,
2023-12-12,2665.3066811141293,2713.256617572278,2619.4349271971446,2697.61962890625,379938,,
2023-12-13,2726.568057613212,2731.5164569918206,2663.0801902340922,2685.941650390625,130350,,
2023-12-14,2709.6936398734665,2709.6936398734665,2673.125021209999,2677.083740234375,54656,,
2023-12-15,2686.9805630592223,2805.445182653317,2680.2506923302994,2792.579345703125,171270,,
2023-12-18,2793.865898537566,2992.7915257448103,2793.865898537566,2968.0,473743,,
2023-12-19,2967.9999965096804,3006.59750622092,2951.670280862618,2981.063720703125,134266,,
2023-12-20,2952.214599609375,3125.3590179970906,2935.983948878102,2952.214599609375,268053,,
2023-12-21,2952.215085128925,3030.8946356712477,2880.017986131597,2960.92431640625,144874,,
2023-12-22,2998.7298024050615,3135.1077275515204,2986.9031770861216,3111.25634765625,152793,,
2023-12-26,3112.493551031472,3112.493551031472,3018.5234989538253,3032.576904296875,140991,,
2023-12-27,3068.007528199911,3068.007528199911,2956.5201899929402,2977.303466796875,64870,,
2023-12-28,2998.77953583981,3106.258624656778,2989.228980129883,3058.902587890625,223158,,
2023-12-29,3049.005514665681,3111.4541638134633,3039.00965223888,3049.6982421875,77975,,
2024-01-01,3067.710484566384,3082.8526341111074,3037.9705577012305,3059.49609375,18894,,
2024-01-02,3059.1003186256708,3087.8010333588136,3024.0162173881595,3063.850830078125,36530,,
2024-01-03,3063.0589011591783,3212.599611689711,3050.2425964074537,3141.590087890625,210564,,
2024-01-04,3157.0785862076996,3188.6988077359465,3121.747065400995,3154.851806640625,95719,,
2024-01-05,3169.9444735161983,3234.2736620202736,3141.540710916301,3176.723876953125,86405,,
2024-01-08,3191.717114077214,3220.417826110777,3147.1815264389274,3166.579345703125,54683,,
2024-01-09,3173.507198736267,3218.3890306487224,3147.1816206073017,3156.73193359375,44919,,
2024-01-10,3147.181780930044,3185.185388806064,3139.412697809833,3158.760986328125,33644,,
2024-01-11,3157.128095994909,3213.5893769391755,3157.128095994909,3173.111328125,27401,,
2024-01-12,3188.7482204765465,3227.0487792697945,3162.868191126991,3180.78125,58847,,
2024-01-15,3167.0247478619335,3186.768810647171,3099.726524531496,3141.045654296875,43380,,
2024-01-16,3148.864042047061,3166.0350825204555,3042.4734679153353,3122.340576171875,68069,,
2024-01-17,3122.3406744710583,3122.3406744710583,3034.0117531669243,3056.72509765625,27505,,
2024-01-18,3043.215725742735,3072.9556508163887,2970.523795789176,3042.176513671875,28876,,
2024-01-19,3057.1207686669372,3092.7492399107086,3028.420055720566,3043.908447265625,26267,,
2024-01-23,3041.2859304886742,3062.564045524635,2956.173470344833,2962.50732421875,22828,,
2024-01-24,2963.101302943149,3027.4304895467913,2946.276746446812,2997.49267578125,26051,,
2024-01-25,3008.6266100811554,3112.5429897056692,3000.7091716335735,3082.95166015625,78716,,
2024-01-29,3098.3904987725673,3118.481047018859,3058.4570638508076,3074.63818359375,27412,,
2024-01-30,3079.883305940027,3132.336331394661,3015.15834853687,3051.578369140625,45842,,
2024-01-31,3063.0588228296906,3194.686229432711,3053.70639752684,3148.418701171875,87781,,
2024-02-01,3164.6990479304254,3176.8226254796386,3071.1743068364945,3103.833740234375,29107,,
2024-02-02,3105.6152315156874,3128.328334741282,3018.078100991088,3062.91064453125,38412,,
2024-02-05,3072.4609932851467,3130.2581979760253,3026.886189367192,3092.60107421875,33131,,
2024-02-06,3097.5987385231433,3254.0672130240887,3053.4096316856967,3206.7109375,116089,,
2024-02-07,3295.6335713787794,3295.6335713787794,3175.882321487839,3251.246337890625,85681,,
2024-02-08,3304.986109326533,3472.34105759984,3118.530534501683,3175.635009765625,304099,,
2024-02-09,3256.046568028567,3329.4807614513848,3172.9134641640076,3315.625244140625,156658,,
2024-02-12,3355.2122391028556,3370.3543875974456,3242.2403923232114,3277.3740234375,72598,,
2024-02-13,3277.8193490866743,3323.295085512025,3256.1947497880365,3287.864501953125,78917,,
2024-02-14,3280.788493500402,3414.395264728925,3258.9164735619825,3327.69921875,106499,,
2024-02-15,3344.325856988405,3441.1165875863976,3344.0784370439424,3423.054931640625,114825,,
2024-02-16,3423.054865848449,3461.899796382472,3367.2370240989294,3399.846923828125,64984,,
2024-02-19,3438.6422152289615,3522.2701522520865,3425.2815388998233,3451.062744140625,86795,,
2024-02-20,3481.1984144155217,3527.1689890762777,3450.0730355518467,3475.40869140625,84391,,
2024-02-21,3513.2641733272253,3544.983458771555,3450.073264005942,3507.623046875,248882,,
2024-02-22,3511.136274317058,3720.0577626949685,3458.930668378019,3683.291015625,212820,,
2024-02-23,3691.456175255811,3733.962874958455,3656.6194941144736,3701.254150390625,181934,,
2024-02-26,3716.099449754168,3854.753450584993,3662.9041582699715,3689.6748046875,144804,,
2024-02-27,3690.4167342485084,3700.7590809640037,3621.1886838515807,3660.33056640625,55483,,
2024-02-28,3660.8254130466357,3660.8254130466357,3503.4663320316545,3545.329833984375,309787,,
2024-02-29,3541.767089397885,3607.7293937382105,3482.782317666616,3599.712890625,92159,,
2024-03-01,3599.712613777948,3612.3310303909575,3554.979138109367,3592.685791015625,220727,,
2024-03-04,3628.512525811614,3701.303279687027,3554.187478345586,3659.14306640625,48100,,
2024-03-05,3642.070856614153,3660.8252387507014,3598.4258848565505,3637.815185546875,62762,,
2024-03-06,3639.9925168834175,3645.9305952670948,3514.3527234063185,3538.2041015625,84684,,
2024-03-07,3538.105347850953,3639.9928367466746,3538.105347850953,3604.116943359375,36604,,
2024-03-11,3632.025717202004,3687.54684934376,3396.185219624274,3580.760498046875,141494,,
2024-03-12,3562.946262059707,3631.827829570799,3498.171527353979,3580.760498046875,51422,,
2024-03-13,3572.496301411361,3723.1750359192574,3506.286826049403,3591.59716796875,204544,,
2024-03-14,3569.824494952318,3602.4343953442067,3535.037105749928,3572.49658203125,96849,,
2024-03-15,3572.7441180227784,3577.6925170782115,3414.3953482489155,3448.093994140625,481655,,
2024-03-18,3448.9348344404902,3686.557037018612,3373.7687063991757,3652.4130859375,133565,,
2024-03-19,3676.561093712409,3676.561093712409,3534.2946340191825,3557.3046875,71728,,
2024-03-20,3557.84931373081,3693.43544499871,3546.6165930837956,3647.069091796875,90209,,
2024-03-21,3662.705829456581,3943.87395377568,3628.611409096329,3820.015625,260347,,
2024-03-22,3820.11434939109,3911.263952128852,3802.0526937327772,3858.613037109375,104721,,
2024-03-26,3879.5448827101236,4104.202201173184,3858.7616065527477,4059.419189453125,292030,,
2024-03-27,4054.717911253985,4164.572362840315,3993.8526069966942,4143.83837890625,91835,,
2024-03-28,4146.758628328453,4244.390450220507,4108.359242919062,4149.08447265625,86288,,
2024-04-01,4166.651189623464,4349.642895329163,4166.651189623464,4243.8955078125,106194,,
2024-04-02,4257.850201936409,4339.746210817863,4210.048857722995,4255.42529296875,70568,,
2024-04-03,4324.900550473025,4452.569239491565,4237.017181096626,4387.05224609375,282251,,
2024-04-04,4453.558831426191,4534.366085574657,4373.444063150711,4461.82275390625,205605,,
2024-04-05,4491.315249605538,4592.015168400937,4443.118133699822,4471.81884765625,188235,,
2024-04-08,4507.545981515426,4637.144745821841,4453.559141222556,4496.36279296875,155833,,
2024-04-09,4543.570698988267,4631.94891237376,4488.247211235105,4512.890625,108180,,
2024-04-10,4555.000837056659,4562.027659602537,4474.836781043277,4497.2529296875,64756,,
2024-04-12,4456.527955836151,4526.64686342638,4456.527955836151,4497.69873046875,76568,,
2024-04-15,4497.698629082739,4824.6887175147085,4404.074829321119,4660.451171875,466947,,
2024-04-16,4681.185636030758,4760.260958477233,4594.539359468301,4623.83349609375,135718,,
2024-04-18,4644.567600290331,4730.669748431234,4593.153538074863,4693.7548828125,199247,,
2024-04-19,4693.754680701976,4826.668487375303,4668.863846608298,4762.240234375,332744,,
2024-04-22,4798.957117625111,4927.516420766243,4526.69612119145,4555.1494140625,226096,,
2024-04-23,4555.149644796038,4700.97906029378,4463.752618417487,4498.04541015625,288963,,
2024-04-24,4547.4794778984,4588.897672915612,4346.772613866868,4390.615234375,194342,,
2024-04-25,4438.713468038089,4438.713468038089,4216.03553485892,4255.91943359375,148427,,
2024-04-26,4297.931859369225,4369.386932695176,4263.491196363933,4322.72314453125,117241,,
2024-04-29,4368.347710793931,4505.022592146986,4349.989343219875,4408.52880859375,169747,,
2024-04-30,4445.641469858703,4669.655579575354,4433.765312770924,4621.40869140625,288560,,
2024-05-02,4651.4950163349595,4676.435140357675,4553.615781682201,4647.8330078125,300855,,
2024-05-03,4627.742312789069,4749.4729168252225,4597.30966178003,4717.7041015625,178717,,
2024-05-06,4717.704984310383,4717.704984310383,4470.384075749637,4604.23828125,148354,,
2024-05-07,4606.959786607382,4625.763704103739,4437.971949107229,4511.65380859375,107952,,
2024-05-08,4515.512796090116,4723.988732873827,4514.968182297804,4645.50732421875,161786,,
2024-05-09,4691.081904337656,4711.815887907869,4388.239907981681,4439.06005859375,125421,,
2024-05-10,4493.442993288542,4581.771915254656,4366.566333137934,4534.61376953125,72384,,
2024-05-13,4602.011585271804,4631.701982596138,4495.126154904201,4561.68212890625,159155,,
2024-05-14,4601.714387795742,4789.753550957837,4590.976265250963,4647.0908203125,303839,,
2024-05-15,4675.247177732731,5326.85223388263,4675.197887041649,5035.29248046875,1078129,,
2024-05-16,5077.007652418272,5187.8517806108675,4869.224202746138,4893.76806640625,480662,,
2024-05-17,4979.127927760369,4997.2886471458605,4854.873833065868,4890.2548828125,295652,,
2024-05-21,4928.605534163335,5069.140069474819,4836.565310332573,4949.63623046875,247383,,
2024-05-22,5011.4418343853185,5116.644604622597,4869.224652754967,4979.9697265625,382764,,
2024-05-23,5041.428910206656,5292.807579855751,4876.152383311384,5111.498046875,524907,,
2024-05-24,5130.599121538363,5202.400197363606,5012.728161313936,5090.51708984375,322119,,
2024-05-27,5153.163509558862,5364.015074985192,5100.760255562669,5241.04736328125,485754,,
2024-05-28,5251.388874204587,5492.722367108756,5176.0741519459125,5294.43994140625,482461,,
2024-05-29,5315.619061008649,5511.526354665691,5192.849485173439,5229.22021484375,446572,,
2024-05-30,5280.733330532729,5497.077433386243,5161.180202925745,5368.6171875,614851,,
2024-05-31,5438.290220561125,5506.578123239691,5069.238738820595,5348.87255859375,5477923,,
2024-06-03,5581.794007721067,5641.075730409972,5496.730836593803,5600.2021484375,274033,,
2024-06-04,5641.124932635872,5641.124932635872,4879.912413784481,5222.83642578125,777579,,
2024-06-05,5406.719966554929,5406.719966554929,4916.828451553607,5077.75048828125,582073,,
2024-06-06,5095.861123416139,5227.488532508069,5049.494529655266,5207.89306640625,212935,,
2024-06-07,5264.99729619828,5373.96113520133,5027.573216726107,5172.16552734375,273990,,
2024-06-10,5166.12833810602,5202.894844476886,5091.951646927766,5108.4794921875,114241,,
2024-06-11,5172.413218894072,5252.577284236404,5078.096442194192,5145.64208984375,229218,,
2024-06-12,5145.345216312181,5393.6557784005845,5098.929330916928,5341.40087890625,130713,,
2024-06-13,5349.169896630138,5473.918839052447,5250.251209758313,5287.26513671875,74113,,
2024-06-14,5334.176038558765,5348.872880363415,5202.548624028208,5257.080078125,123318,,
2024-06-18,5361.491073408274,5363.07465768398,5178.004541244249,5203.5380859375,64774,,
2024-06-19,5229.567162943719,5255.199773287418,5005.849752706256,5064.48828125,114279,,
2024-06-20,5081.956494035877,5121.493912191874,5027.622686296803,5087.1025390625,81766,,
2024-06-21,5077.0576861017835,5125.551999282873,4959.384847296504,4986.55126953125,279015,,
2024-06-24,4995.952927884834,5171.027671336508,4966.658792358682,5144.60302734375,107502,,
2024-06-25,5185.872960180706,5211.060021625669,5038.459957863293,5062.85546875,84493,,
2024-06-26,5096.850957509006,5136.339084783813,4997.882977751549,5094.0302734375,120439,,
2024-06-27,5029.552944231145,5418.497121146304,5024.555254338621,5293.1044921875,163700,,
2024-06-28,5250.4985184117895,5354.16747271246,5186.911594174862,5295.7763671875,95492,,
2024-07-01,5312.700466341889,5312.749757037236,5187.011126174778,5243.47216796875,44175,,
2024-07-02,5255.150143057793,5266.036620227515,5090.863305769245,5115.30810546875,190471,,
2024-07-03,5166.128259842678,5293.796946723847,5098.3351974290335,5239.90869140625,50086,,
2024-07-04,5265.0965779507,5299.735371226691,5204.2805604592995,5234.41650390625,47737,,
2024-07-05,5247.261851003439,5742.284470348297,5247.261851003439,5585.60888671875,521073,,
2024-07-08,5610.109784883786,5792.823539575942,5575.144241867006,5620.7236328125,211014,,
2024-07-09,5648.051310160991,5768.074880327742,5486.961921119433,5516.37255859375,78578,,
2024-07-10,5505.213241666005,5505.213241666005,5264.174175409277,5283.96337890625,99766,,
2024-07-11,5207.633993779112,5286.98841654146,5117.417740664783,5188.0927734375,172469,,
2024-07-12,5232.4326265305945,5286.988796096316,5161.212220724831,5209.8662109375,55466,,
2024-07-15,5209.865836066026,5257.230507144545,5054.926131911533,5127.8330078125,157848,,
2024-07-16,5128.279783063154,5192.7552542235235,5009.7935119405165,5057.4560546875,126521,,
2024-07-18,5048.478913846455,5093.562341943381,4865.567054365216,4922.3056640625,174482,,
2024-07-19,4940.3581470412755,4979.489990202656,4800.942540354753,4932.224609375,138486,,
2024-07-22,4915.26268692599,4974.530523169132,4900.185152421471,4937.8291015625,291054,,
2024-07-23,4939.614754644942,5007.561986253465,4762.803162904515,4933.61376953125,74156,,
2024-07-24,4985.491063937905,5027.102733536934,4863.483637689869,4900.18505859375,58922,,
2024-07-25,4894.233549000668,4984.449804370387,4859.515988174207,4902.71484375,35601,,
2024-07-26,4910.104507146261,5044.95762844601,4910.055104366447,5028.04541015625,59650,,
2024-07-29,5078.683233503292,5103.729474059143,4992.43469852606,5009.49609375,47198,,
2024-07-30,5032.855667395233,5049.817772073221,4998.336687343256,5018.17529296875,35018,,
2024-07-31,5018.175555783618,5074.715584777424,4980.680782924118,5030.8720703125,94885,,
2024-08-01,5041.783542715023,5172.966335495716,5017.084573116387,5138.39794921875,88390,,
2024-08-02,5097.579342788748,5153.970678631356,4910.055108590001,4944.078125,280016,,
2024-08-05,4860.458448965133,4884.165486164342,4467.158086717241,4506.63671875,117354,,
2024-08-06,4538.329593369214,4592.588380353487,4394.251701792387,4414.3876953125,200005,,
2024-08-07,4438.888191620538,4500.288581693419,4332.702244370789,4354.92138671875,128393,,
2024-08-08,4373.86733727757,4451.783270070601,4309.937234504627,4323.22900390625,67584,,
2024-08-09,4364.493375687507,4479.507889176389,4266.341677513782,4321.2451171875,113584,,
2024-08-12,4321.839995269739,4325.857118949213,4137.688245655982,4222.64697265625,270932,,
2024-08-13,4221.655058385489,4359.533360339338,4218.679267695838,4279.18701171875,99498,,
2024-08-14,4288.561341110456,4296.794169040374,4197.7004268164865,4266.3916015625,70174,,
2024-08-16,4277.947673390602,4399.211160277623,4275.21986489212,4341.67919921875,351782,,
2024-08-19,4412.948900086768,4412.948900086768,4254.190176189305,4279.18701171875,61510,,
2024-08-20,4297.1906277741955,4374.660478827853,4255.976118739691,4341.62939453125,45646,,
2024-08-21,4321.443659980513,4513.282883937257,4321.443659980513,4461.20654296875,116618,,
2024-08-22,4463.686227769668,4559.556191771242,4463.686227769668,4531.83203125,170727,,
2024-08-23,4529.153834452593,4592.637374839139,4425.348423485602,4444.88916015625,96960,,
2024-08-26,4429.018122240645,4458.6772252144065,4297.587359569016,4399.85546875,90076,,
2024-08-27,4399.855798028805,4463.686613469619,4390.1844770329535,4403.37744140625,186854,,
2024-08-28,4457.734876537177,4457.734876537177,4354.574122830041,4410.32080078125,125961,,
2024-08-29,4429.167674742707,4433.284088903392,4302.150700463723,4324.81640625,46737,,
2024-08-30,4334.735484162013,4411.3126983508755,4295.058271492338,4337.5126953125,177013,,
2024-09-02,4357.8475967094655,4368.85812092703,4317.872995654946,4349.3173828125,67305,,
2024-09-03,4353.5819104030215,4411.957103062329,4317.872421049066,4347.0849609375,47861,,
2024-09-04,4323.824376968749,4337.166033855002,4255.38118311446,4292.033203125,52410,,
2024-09-05,4310.631889189114,4310.631889189114,4230.582916700611,4244.91650390625,60163,,
2024-09-06,4255.975960254072,4358.342869831636,4252.652897100903,4295.45458984375,63491,,
2024-09-09,4295.454806763553,4368.460972564706,4245.56090719385,4288.75927734375,176242,,
2024-09-10,4283.155168931211,4354.574152757762,4260.638156682836,4344.90283203125,53151,,
2024-09-11,4379.372626429658,4462.546085636734,4341.7785619067645,4433.87939453125,96316,,
2024-09-12,4414.139714085068,4651.508951092906,4414.139714085068,4603.15234375,195773,,
2024-09-13,4651.160979797415,4852.522822172948,4637.273956185309,4692.37548828125,301489,,
2024-09-16,4790.031503845585,5043.965665159411,4728.581226931883,4963.52001953125,443388,,
2024-09-17,5005.280607280393,5207.634401153798,4950.972419954075,5188.14306640625,376561,,
2024-09-18,5192.706059733587,5226.729077528091,5112.5083928282575,5178.421875,103963,,
2024-09-19,5159.525236123482,5245.327203426122,5026.606581573727,5165.328125,105166,,
2024-09-20,5162.99746905419,5530.061101143636,4986.533156749528,5302.4130859375,174780,,
2024-09-23,5351.414714211983,5415.939588281027,5171.428762546361,5191.9619140625,86254,,
2024-09-24,5256.238731326345,5326.765073485595,5098.224426119484,5257.974609375,107945,,
2024-09-25,5257.974877264073,5271.117954587801,5148.118589444992,5157.2939453125,75186,,
2024-09-26,5177.876228899752,5252.271002303484,5138.298306317161,5236.8466796875,80156,,
2024-09-27,5302.711016897184,5302.711016897184,5109.780561694431,5158.732421875,47771,,
2024-09-30,5145.043032757734,5145.043032757734,5045.056655041746,5059.04296875,82418,,
2024-10-01,5059.043386843844,5107.1520090284075,5014.753309050621,5057.654296875,33435,,
2024-10-03,5039.006085806888,5098.521905717994,4841.314564405227,4878.66064453125,47988,,
2024-10-04,4870.426954917373,5219.437712013833,4770.192596384129,5151.341796875,117488,,
2024-10-07,5148.068675574223,5150.647306791966,4951.17051785694,5046.49462890625,52592,,
2024-10-08,5048.9254499460085,5187.795698078119,4906.38486580544,5044.26318359375,114998,,
2024-10-09,5118.311103139606,5275.234190836665,5059.886019194209,5129.123046875,44235,,
2024-10-10,5187.7458768653105,5199.897022596786,4984.44957556437,5017.083984375,42532,,
2024-10-11,5024.127211887306,5137.008691736847,5008.305729102616,5113.64892578125,33298,,
2024-10-14,5113.648660465467,5156.053680636147,5039.005905662106,5074.96337890625,41659,,
2024-10-15,5096.240489570537,5152.78051659869,5048.528545332972,5087.80908203125,26566,,
2024-10-16,5092.32207827351,5197.714670592294,5085.675951656789,5178.96728515625,67401,,
2024-10-17,5177.876260033579,5246.270049197041,5045.404159799186,5067.474609375,31767,,
2024-10-18,5009.247987152491,5178.322699583954,4999.378086985973,5156.64892578125,33785,,
2024-10-21,5156.5501570330525,5160.914553901686,5061.4241290461105,5107.796875,28831,,
2024-10-22,5108.441313415939,5108.441313415939,4960.594288168909,5079.080078125,39417,,
2024-10-23,5048.925222708062,5074.120155438452,4920.916811338266,5003.841796875,74879,,
2024-10-24,5011.23195734951,5175.892389835657,4939.862377363853,5142.01806640625,34530,,
2024-10-25,5147.077032501489,5406.020249042636,5117.517218333331,5387.322265625,290808,,
2024-10-28,5386.13224447637,5672.849510249992,5239.92132757347,5276.22607421875,223905,,
2024-10-29,5300.875573171012,5368.32683420687,5048.925274595893,5076.35205078125,93908,,
2024-10-30,5076.352246546381,5180.356240360838,4880.495890016605,4937.72998046875,105495,,
2024-10-31,4926.917633837801,5066.234433507848,4862.491569290516,4885.703125,109781,,
2024-11-01,4952.360873812748,4972.298770348593,4912.534967862233,4956.62646484375,6742,,
2024-11-04,4896.168409336893,5009.199071112994,4875.8832391071865,4912.18798828125,45314,,
2024-11-05,4912.187939150334,4997.146679410449,4861.748182410857,4970.76171875,52692,,
2024-11-06,4999.328811199204,5083.3455030126925,4978.597564386037,5044.908203125,107292,,
2024-11-07,5062.267128108956,5122.12973713645,5043.965819452423,5060.53125,29921,,
2024-11-08,5044.957859929229,5145.490099759251,5026.160585688373,5089.5947265625,30835,,
2024-11-11,5067.72257415971,5245.278100460765,5045.453544862099,5172.8671875,58397,,
2024-11-12,5237.391867347829,5311.786638190839,5053.884765935074,5070.4501953125,71629,,
2024-11-13,5064.002721525219,5066.482547255744,4848.902540791359,4868.4931640625,40951,,
2024-11-14,4958.560454230884,5078.385929290608,4853.51512863386,4963.470703125,125079,,
2024-11-18,5058.844477286023,5124.014491053327,4741.4267845935665,4820.23583984375,95184,,
2024-11-19,4833.229775200512,4840.619849649991,4563.871296770411,4595.16650390625,122676,,
2024-11-21,4513.28297679721,4548.447100539637,4276.360321905275,4333.49560546875,293790,,
2024-11-22,4333.495786212514,4498.404209550501,4294.066554166288,4452.47802734375,151009,,
2024-11-25,4468.646026674335,4549.3396539021205,4321.840341447299,4412.6513671875,464659,,
2024-11-26,4417.214373007984,4632.314558081753,4412.651396703564,4596.5556640625,115666,,
2024-11-27,4587.578156581471,4637.224556633844,4513.2826770732245,4574.1376953125,75609,,
2024-11-28,4607.516174649932,4658.551181558702,4514.423420517823,4538.0810546875,57783,,
2024-11-29,4513.283066637236,4582.8174806419765,4413.098101861332,4553.0595703125,97343,,
2024-12-02,4559.407772239058,4676.902113831802,4518.242663450214,4644.76318359375,70475,,
2024-12-03,4648.482507640722,4804.910100819551,4642.23354084135,4783.236328125,108688,,
2024-12-04,4783.237031537317,4803.174929237296,4648.235208639027,4694.01318359375,60434,,
2024-12-05,4736.418016023098,4736.418016023098,4601.416198589613,4677.84423828125,78013,,
2024-12-06,4677.943295179914,4686.72197520382,4602.556592373791,4617.435546875,44083,,
2024-12-09,4638.315666155239,4651.111954996191,4577.51053013439,4604.193359375,88308,,
2024-12-10,4646.846177311098,4751.19743847913,4577.75832886927,4605.73095703125,107747,,
2024-12-11,4644.763100035309,4735.475321025102,4585.197878390979,4713.35546875,60582,,
2024-12-12,4749.014685977442,4758.239927754387,4686.870353711236,4738.99609375,63318,,
2024-12-13,4721.588138280731,4797.669384581427,4648.879842408715,4752.28857421875,66469,,
2024-12-16,4797.669576750035,4879.6525209028,4743.708179821231,4865.26953125,75975,,
2024-12-17,4886.496648803661,4948.740275236024,4744.005957831074,4759.0830078125,116839,,
2024-12-18,4778.773076306212,4808.580873444877,4673.628460911468,4708.4453125,60542,,
2024-12-19,4562.978640432176,4648.631918152252,4562.879350534624,4613.17041015625,37219,,
2024-12-20,4613.170797775558,4769.250655114409,4446.377317420138,4615.79931640625,393728,,
2024-12-23,4616.443633209673,4633.25704559301,4500.933155612678,4512.04296875,46802,,
2024-12-24,4520.127120923379,4541.255527075584,4385.819854169597,4406.650390625,36584,,
2024-12-26,4406.650896672558,4478.56585221758,4326.701207846715,4441.76513671875,38331,,
2024-12-27,4441.71540900084,4459.22288278801,4329.875262179718,4350.8544921875,31762,,
2024-12-30,4364.49321558482,4374.363115570081,3784.214003967293,3881.5224609375,310682,,
2024-12-31,3928.04418928693,4055.854511859578,3881.423462797918,4007.150634765625,211603,,
2025-01-01,4028.873922092646,4028.873922092646,3869.5700487214744,3901.70849609375,74475,,
2025-01-02,3929.3832803497285,4116.461436062666,3924.0763562555553,4025.3525390625,163745,,
2025-01-03,4065.6252875604264,4282.114095408547,4056.9952994218283,4106.29443359375,344228,,
2025-01-06,4163.131795209999,4186.194176491541,4101.532821886582,4120.0322265625,74268,,
2025-01-07,4148.103914519443,4170.868424808024,4048.613254774461,4064.335205078125,57862,,
2025-01-08,4100.044584783115,4100.044584783115,3937.9632714365157,3950.1640625,51603,,
2025-01-09,3967.721169716685,3971.639245937684,3845.366471277354,3868.776123046875,48850,,
2025-01-10,3868.776171101854,3892.3345158396705,3689.980733670636,3736.94873046875,152546,,
2025-01-13,3736.9489364347464,3780.742564935006,3583.894033541911,3606.46044921875,103202,,
2025-01-14,3606.460195901307,3784.214055390123,3606.460195901307,3705.8515625,128683,,
2025-01-15,3763.7803392635715,4146.268770564724,3717.358193654885,3982.5009765625,215858,,
2025-01-16,3968.7132091901626,4054.4655368956523,3774.2948665255108,4012.5068359375,303946,,
2025-01-17,4005.8611300562243,4212.529676093042,3874.9263220084035,3932.011962890625,255614,,
2025-01-20,3932.0116212673306,4016.077712312337,3870.1646715772376,3931.0693359375,103036,,
2025-01-21,3931.0694775675083,3940.790443074443,3831.281191155699,3867.5859375,115594,,
2025-01-22,3867.585914885913,3886.1846081563176,3675.151435181459,3711.951904296875,117475,,
2025-01-23,3697.7674723852438,3797.0595502918422,3672.2252671142255,3771.36865234375,99573,,
2025-01-24,3771.368746007096,3804.052801828605,3660.322194398244,3692.06396484375,48172,,
2025-01-27,3684.0292557267344,3684.0292557267344,3521.4519710619174,3566.53515625,50352,,
2025-01-28,3551.209883779479,3644.8480103923093,3432.178243761224,3603.087646484375,69208,,
2025-01-29,3603.0876489074685,3769.235979878018,3590.986147264906,3730.600341796875,102914,,
2025-01-30,3730.6002810240066,3737.2461657204663,3633.292062131125,3653.52734375,46664,,
2025-01-31,3662.9507254235714,3960.381131686733,3618.6114881149483,3832.422119140625,91627,,
2025-02-01,3828.801446772963,3868.4290152078715,3744.5866582299295,3845.11865234375,41347,,
2025-02-03,3759.4654874243056,3759.4654874243056,3501.464319150364,3546.894775390625,303729,,
2025-02-04,3620.694317897707,3660.173192601323,3428.111145413464,3513.466796875,279591,,
2025-02-05,3428.1110114532717,3471.755943312052,3298.168146146449,3318.056396484375,318086,,
2025-02-06,3322.6194422019585,3329.8109373307807,3207.5061173590757,3288.7451171875,191529,,
2025-02-07,3265.4347569399083,3396.3695649338533,3238.6526371229647,3360.709716796875,114063,,
2025-02-10,3323.958457523223,3359.7672384608254,3233.6927996197273,3252.440185546875,62609,,
2025-02-11,3219.8058082066514,3236.17265843321,3077.9597729098086,3139.757080078125,128390,,
2025-02-12,3107.717868106669,3231.4115375636957,3037.2908114084325,3155.92578125,185020,,
2025-02-13,3141.9393392183197,3234.1888604645087,3137.5749426082025,3151.858642578125,71323,,
2025-02-14,3115.65314731739,3177.1528273981535,3026.5281108482814,3083.911376953125,78504,,
2025-02-17,3055.1453076348657,3082.621728363589,2926.2440142744326,2987.1484375,113035,,
2025-02-18,3015.418594229163,3222.7816806240025,2959.5728675497176,3185.832275390625,398414,,
2025-02-19,3122.1006396496987,3416.158330571965,3108.9079181394013,3312.699951171875,395095,,
2025-02-20,3294.200574955913,3382.43272801002,3266.624863774518,3301.689697265625,160704,,
2025-02-21,3303.127856242405,3360.6598128976784,3227.889847093136,3294.74609375,68425,,
2025-02-24,3227.7412754393354,3299.9538514862124,3184.2450338483322,3258.689453125,75332,,
2025-02-25,3223.773389071525,3266.8230660758586,3167.530990994742,3174.821533203125,96648,,
2025-02-27,3169.2174772706685,3203.9350396194864,3116.397185982824,3165.249755859375,61266,,
2025-02-28,3181.0212463509106,3367.6034364117572,3108.7592678409515,3222.28564453125,404137,,
2025-03-03,3236.7182176931874,3277.288070143177,3141.9392289815264,3175.912841796875,59601,,
2025-03-04,3110.792772405532,3257.8958450771597,3100.5758416787667,3178.591064453125,70372,,
2025-03-05,3178.144717692887,3222.186326650399,3161.3811922985938,3210.87841796875,114420,,
2025-03-06,3209.836930569808,3361.1559521484373,3209.836930569808,3273.3701171875,93856,,
2025-03-07,3253.5812962173572,3364.6278539902764,3253.5812962173572,3332.687744140625,92818,,
2025-03-10,3358.8744248380085,3452.8598233208304,3287.75306882653,3305.80615234375,129224,,
2025-03-11,3305.806108009724,3344.7890177719464,3213.9038613142857,3248.57177734375,65523,,
2025-03-12,3238.6524532945027,3331.397937025907,3170.209262091648,3235.875,87409,,
2025-03-13,3274.857981382095,3453.5047305134794,3211.8704054869677,3343.49951171875,356684,,
2025-03-17,3372.6127236518764,3375.042904495079,3183.4516605834874,3214.15185546875,161649,,
2025-03-18,3214.15185546875,3214.15185546875,3214.15185546875,3214.15185546875,0,,
2025-03-19,3278.081707429722,3417.051241384203,3273.8660035923435,3358.37841796875,132894,,
2025-03-20,3382.4822756339872,3591.382890756877,3373.703595733725,3499.232421875,332721,,
2025-03-21,3499.5301757133684,3556.0702040624788,3434.0627744670296,3467.8876953125,204664,,
2025-03-24,3486.635239301224,3495.4139199156016,3431.880731487976,3436.096435546875,147890,,
2025-03-25,3493.5787627625655,3643.508941303667,3453.6535653743786,3538.6123046875,387668,,
2025-03-26,3551.9041849352234,3560.7819129817117,3422.159648941265,3449.58642578125,103374,,
2025-03-27,3449.586484676936,3918.1248823496558,3400.386884621121,3746.27294921875,218713,,
2025-03-28,3746.2729536678685,3746.2729536678685,3596.739453233519,3624.61279296875,119190,,
2025-04-01,3605.666613941461,3609.138369965889,3503.7457763671873,3521.3525390625,48323,,
2025-04-02,3495.562389360072,3605.021995214044,3476.7653585437793,3519.61669921875,102357,,
2025-04-03,3519.6167655109584,3569.957229359244,3489.6108732664134,3521.00537109375,55872,,
2025-04-04,3521.3526356027974,3559.045987758546,3422.1596036139863,3517.583251953125,32441,,
2025-04-07,2987.6443132419126,3326.884463872964,2987.6443132419126,3227.2451171875,66101,,
2025-04-08,3266.4266511592277,3338.787921948349,3176.3593267077404,3195.949951171875,61180,,
2025-04-09,3216.68141018095,3216.68141018095,3027.4210522721382,3047.606689453125,186024,,
2025-04-11,3166.7374556723876,3166.7374556723876,3051.1775767104978,3060.55126953125,111105,,
2025-04-15,3153.5448603960504,3235.5774503490475,3087.7798310059134,3219.4091796875,133249,,
2025-04-16,3213.854235336659,3378.514668381685,3195.503524425014,3339.234130859375,95193,,
2025-04-17,3308.087494682979,3385.0613815324,3284.777133026292,3367.008056640625,43338,,
2025-04-21,3411.148969773434,3422.953085500287,3357.684024130363,3393.98876953125,31853,,
2025-04-22,3393.988855568567,3452.9094192880516,3393.3936005126184,3421.068359375,83785,,
2025-04-23,3441.9982211762826,3452.909454730444,3374.546959205105,3421.762939453125,43003,,
2025-04-24,3468.780283304379,3698.4121493566986,3468.780283304379,3606.85693359375,480131,,
2025-04-25,3599.5167786170246,3599.5167786170246,3382.581666973133,3416.2080078125,130673,,
2025-04-28,3416.2080865257235,3495.5625136227204,3366.9091971258126,3383.1767578125,79848,,
2025-04-29,3410.2564214954064,3410.2564214954064,3301.1440868925865,3319.3955078125,84863,,
2025-04-30,3319.4947383256563,3367.405020096412,3195.0074860740892,3264.740234375,104455,,
2025-05-02,3258.3918269618634,3278.329723357894,3204.0342389009743,3206.71240234375,44539,,
2025-05-05,3234.9823183642156,3244.901621310679,3202.0502810160533,3223.475830078125,37678,,
2025-05-06,3228.8325167027233,3271.7829062906017,3160.2900339752396,3193.42041015625,30768,,
2025-05-07,3155.330231746516,3223.773421306563,3119.224066296074,3216.92919921875,48077,,
2025-05-08,3247.579834314532,3247.579834314532,3114.661172800131,3130.63134765625,51239,,
2025-05-09,3078.653922282296,3225.7572293616345,3060.7991774703314,3212.96142578125,61105,,
2025-05-12,3375.042690939788,3377.6218064696795,3206.017872441,3272.675537109375,243568,,
2025-05-13,3283.091207269086,3372.563278759729,3263.25259974697,3294.00244140625,159752,,
2025-05-14,3322.9666121518944,3400.3371780467746,3306.0045066067437,3377.6220703125,375902,,
2025-05-15,3387.441941861105,3461.539086123063,3377.621928853917,3402.12255859375,144573,,
2025-05-16,3402.122614875955,3437.0385132430574,3387.342708001566,3398.948486328125,65744,,
2025-05-19,3422.15968030219,3576.305558598908,3416.108808347081,3484.552001953125,221593,,
2025-05-20,3525.9154711389438,3549.9201354875386,3459.852817604339,3473.54150390625,130644,,
2025-05-21,3490.4046087945744,3545.1591163829535,3474.037757809594,3514.2109375,95590,,
2025-05-22,3531.2717249183347,3601.996400876777,3500.5218868642705,3567.97314453125,141419,,
2025-05-23,3588.8040212740893,3588.8040212740893,3502.6053703676284,3519.368896484375,48672,,
2025-05-26,3536.0334114789666,3536.0334114789666,3442.990294863311,3455.091796875,52667,,
2025-05-27,3469.673081089928,3471.260266521188,3407.2807588227693,3423.845947265625,77974,,
2025-05-28,3445.9657533531777,3477.2115568162244,3430.590834188821,3457.5712890625,64228,,
2025-05-29,3506.473623398648,3506.473623398648,3367.603380887811,3390.814453125,89261,,
2025-05-30,3401.72563373968,3440.510204879397,3327.9261171602643,3360.858154296875,187261,,
2025-06-02,3387.640209008364,3446.9576875768757,3377.621858585606,3420.869873046875,68384,,
2025-06-03,3432.078900994904,3441.99820417697,3336.952880347084,3362.94140625,58219,,
2025-06-04,3367.3057460613136,3499.7284413113025,3357.584780672536,3486.635009765625,339111,,
2025-06-05,3521.352588461745,3537.818728419648,3478.1043302254016,3502.902587890625,106468,,
2025-06-06,3502.902600939696,3535.735591078956,3478.9972257636587,3503.89453125,37550,,
2025-06-09,3535.1403899054076,3575.611195616748,3492.3883381819874,3533.85107421875,373059,,
2025-06-10,3568.965285632863,3568.965285632863,3516.095351227606,3528.296142578125,92848,,
2025-06-11,3542.8773375409037,3630.3655399237846,3506.3742547523325,3521.94775390625,263092,,
2025-06-12,3523.3366196295183,3576.9008587792914,3506.473803600886,3541.78662109375,74282,,
2025-06-13,3459.9522574006237,3562.9144312177045,3434.3604066266457,3522.146240234375,49011,,
2025-06-16,3504.192221084432,3541.1912707507436,3445.56928400539,3503.001953125,41574,,
2025-06-17,3503.497984325703,3526.0147547602883,3433.070929714399,3446.561279296875,32140,,
2025-06-18,3446.56113937815,3498.736528190872,3413.2321842159554,3480.485107421875,38796,,
2025-06-19,3498.9349738513138,3590.7878199253355,3481.179517687283,3507.267333984375,140975,,
2025-06-20,3507.2673063036764,3519.0711803525705,3326.9343240269714,3395.476806640625,500255,,
2025-06-23,3372.563049771848,3476.7157321912728,3362.842084311938,3449.635986328125,59409,,
2025-06-24,3451.9174301780617,3461.737443240548,3379.506518568005,3431.384521484375,151751,,
2025-06-25,3436.9393838993747,3457.769921316362,3379.50671331788,3416.7041015625,62258,,
2025-06-26,3424.1434540138607,3481.675412395322,3417.1999417954084,3435.0546875,86352,,
2025-06-27,3436.0466803168974,3436.0466803168974,3304.119945766624,3320.784423828125,275946,,
2025-06-30,3332.885760996092,3424.14334730908,3332.885760996092,3391.707275390625,150672,,
2025-07-01,3400.93248611158,3433.2692701359283,3313.0473604599247,3329.612548828125,81117,,
2025-07-02,3360.2632104904646,3465.804498463872,3322.569858761321,3384.66455078125,183962,,
2025-07-03,3402.0233146379696,3554.7805814289713,3393.2942795301014,3455.785888671875,290173,,
2025-07-04,3470.8245829314324,3483.771704761593,3416.04829826537,3444.432373046875,32372,,
2025-07-07,3440.946627268274,3492.03801076866,3407.0849238450837,3432.182373046875,60768,,
2025-07-08,3412.064494975659,3460.8651838997125,3370.335023542484,3439.45263671875,58442,,
2025-07-09,3418.7373137652753,3445.4283523770723,3398.320698293753,3412.462890625,31809,,
2025-07-10,3418.0402792234077,3441.3450020499904,3398.1216295775835,3420.430419921875,29318,,
2025-07-11,3393.639888879025,3471.820587713068,3393.639888879025,3450.906005859375,89615,,
2025-07-14,3416.4465135123232,3460.6660593303895,3406.0889134905597,3430.1904296875,63493,,
2025-07-15,3445.7271840671515,3466.8409036529315,3421.525976587086,3465.247314453125,47978,,
2025-07-16,3480.784035729255,3731.7590219964286,3470.9244013849334,3630.970703125,786930,,
2025-07-17,3685.9459401182885,4075.15638415397,3685.9459401182885,3870.09375,3973518,,
2025-07-18,3891.0084910299793,3943.892602734772,3844.2993551909644,3872.583740234375,416865,,
2025-07-21,3874.276998983158,3922.081757545344,3822.6876484052846,3887.22412109375,138588,,
2025-07-22,3888.120302002789,3986.817305493497,3858.4414662319623,3928.45556640625,185055,,
2025-07-23,3923.973982478689,3941.6019387958413,3824.3807341924276,3853.4619140625,89370,,
2025-07-24,3873.181371811141,3914.0146030387723,3815.616426475356,3834.73828125,68375,,
2025-07-25,3834.340008033983,3834.340008033983,3705.665581588695,3723.79150390625,83759,,
2025-07-28,3736.240519867979,3763.8277996138736,3676.1857455692566,3707.5576171875,47705,,
2025-07-29,3697.8972024945683,3778.5677312858584,3676.2855168676506,3763.23046875,66075,,
2025-07-30,3779.5635789992875,3834.3398627529004,3771.2972911851384,3821.492431640625,53325,,
2025-07-31,3774.5839293209033,3958.831429828652,3721.7995102565214,3924.3720703125,170040,,
2025-08-01,3924.372059686951,3933.93310829779,3744.705946126504,3763.329833984375,179535,,
2025-08-04,3774.584028249947,3809.9396306253752,3505.682263704436,3524.60498046875,234575,,
2025-08-05,3532.5724137429274,3561.9524211309786,3440.9466279903622,3542.53173828125,201968,,
2025-08-06,3543.5277417529032,3573.4057159666713,3427.5016085561033,3440.14990234375,97584,,
2025-08-07,3427.50154948095,3432.979177992397,3268.4511847871727,3314.662353515625,165510,,
2025-08-08,3311.4755010060067,3312.471433487512,3218.953470733171,3259.38818359375,192611,,
2025-08-11,3236.780564151572,3293.0507493437453,3212.579356227015,3260.28466796875,58335,,
2025-08-12,3276.617826448798,3306.495800550155,3260.2846311990866,3284.485595703125,65177,,
2025-08-13,3316.455120770067,3321.4347831135656,3188.0795228137035,3287.473388671875,296605,,
2025-08-14,3273.7296735199975,3298.5282944164546,3251.022364892689,3260.981689453125,50859,,
2025-08-18,3294.444953040672,3311.475495706192,3250.5244765651155,3263.2724609375,85196,,
2025-08-19,3263.272337416231,3304.802671627026,3248.7316265008844,3291.755859375,62703,,
2025-08-20,3307.4916646889815,3307.4916646889815,3211.8821495398875,3220.1484375,130958,,
2025-08-21,3217.3597719337977,3236.780454661768,3124.2400880842974,3224.032470703125,415635,,
2025-08-22,3234.788639392835,3261.7785063955675,3207.699325032361,3245.743896484375,188786,,
2025-08-25,3251.2215878595803,3274.426863322341,3217.8578497087774,3258.193115234375,170408,,
2025-08-26,3226.8211799318756,3336.3737508554887,3206.50425494689,3245.445068359375,5169539,,
2025-08-28,3266.9574160156167,3366.251837260317,3156.7077373123766,3173.738037109375,426685,,
2025-08-29,3179.0163352572204,3209.9899312714165,3146.0508743713094,3194.552978515625,168858,,
2025-09-01,3209.9899269157013,3218.9533188262567,3158.101749818906,3197.540771484375,85314,,
2025-09-02,3230.406519417611,3275.4226165155515,3191.764292597275,3268.849365234375,99030,,
2025-09-03,3268.849397575673,3280.1034827483945,3223.7336095295805,3246.73974609375,80444,,
2025-09-04,3266.758208193951,3352.3087105292343,3250.7235980889545,3328.306640625,145608,,
2025-09-05,3326.414292863022,3331.3939549780866,3244.2498679644596,3279.306640625,95651,,
2025-09-08,3314.4633077412923,3351.2131191528297,3275.024284104089,3307.39208984375,104715,,
2025-09-09,3316.5547949224574,3384.6764781865886,3288.071029199065,3298.8271484375,159262,,
2025-09-10,3376.310662818111,3475.8042163361556,3347.428622051994,3352.30859375,337654,,
2025-09-11,3356.2924396818635,3368.143938871561,3300.420530593114,3329.203125,60897,,
2025-09-12,3306.495699173335,3326.3146574605576,3291.5567125806847,3298.0302734375,50170,,
2025-09-15,3303.6077498957197,3326.912472832551,3275.422811884027,3301.41650390625,55100,,
2025-09-16,3309.383958551685,3328.406366282288,3291.5568643216525,3305.30078125,47221,,
2025-09-17,3321.3350769667263,3352.70694958303,3287.573063695829,3297.9306640625,86054,,
2025-09-18,3307.4916860219596,3362.4671089577605,3292.5526991835586,3316.455078125,63368,,
2025-09-19,3331.2943257782927,3351.312665108249,3276.020075283937,3294.146240234375,129910,,
2025-09-22,3325.418477468362,3325.418477468362,3246.7398132814797,3256.5,33789,,
2025-09-23,3308.4875769072396,3384.576718322418,3284.5851982661275,3345.137939453125,212678,,
2025-09-24,3361.2719747357282,3361.2719747357282,3293.8473973831356,3303.70703125,64268,,
2025-09-25,3303.70698975775,3312.9692099346526,3208.8942715795733,3219.94921875,86716,,
2025-09-26,3216.6626438221797,3216.6626438221797,3149.437204112134,3184.693115234375,90386,,
2025-09-29,3214.5711037407436,3214.5711037407436,3108.305160500534,3118.762451171875,77585,,
2025-09-30,3142.067279099104,3182.004268745203,3126.331740457174,3157.40478515625,78126,,
2025-10-01,3157.404792364002,3177.5225798457172,3136.490210268167,3152.325439453125,43648,,
2025-10-03,3147.1466855986355,3179.016525452799,3128.223968185226,3175.53076171875,58797,,
2025-10-06,3148.4413795257174,3174.9330374526394,3125.2361042458106,3166.3681640625,64863,,
2025-10-07,3155.1140627475293,3186.983901765181,3132.605891682282,3177.124267578125,68235,,
2025-10-08,3167.065135424147,3178.5183583981648,3113.1850935656084,3145.353759765625,72619,,
2025-10-09,3152.1261142631824,3183.995951753363,3129.219668567115,3169.554931640625,57904,,
2025-10-10,3169.056987576758,3215.3678455033196,3149.935133578529,3210.68701171875,72385,,
2025-10-13,3189.9716996657735,3202.619993398342,3153.4210266662735,3176.526611328125,53084,,
2025-10-14,3159.0978336584717,3178.6182075693655,3089.3825599018223,3094.760498046875,116715,,
2025-10-15,3097.349853515625,3127.924930449755,3087.390529227793,3097.349853515625,62490,,
2025-10-16,3101.3335821092837,3167.065122385203,3100.3376496808605,3154.317138671875,88053,,
2025-10-17,3236.780509175883,3236.8801996813486,3100.5368994216724,3132.40673828125,156801,,
2025-10-20,3173.936939651777,3216.861724315759,3138.6810291582397,3167.46337890625,119474,,
2025-10-21,3184.9920750428087,3214.5712211064674,3172.044952786537,3206.00634765625,15968,,
2025-10-23,3228.713295467714,3246.7397699772287,3162.085512171074,3174.83349609375,107976,,
2025-10-24,3175.032587352644,3271.6380330782417,3175.032587352644,3263.172607421875,111752,,
2025-10-27,3278.609586781194,3311.4753572440677,3241.7600865652453,3300.71923828125,96157,,
2025-10-28,3315.4591754170765,3339.361554572982,3230.8049159065777,3241.56103515625,71447,,
2025-10-29,3241.5610963685385,3267.455340943079,3221.642446695815,3254.607666015625,48198,,
2025-10-30,3236.7804260535004,3271.0404046887006,3228.8129665432148,3243.751953125,60700,,
2025-10-31,3243.7520916885014,3273.829203995121,3200.130200376776,3205.70751953125,34492,,
2025-11-03,3213.7744447546165,3222.2398708933615,3167.065308377515,3193.75634765625,64801,,
2025-11-04,3205.806808793358,3302.511945220326,3199.4329384862176,3258.39208984375,169708,,
2025-11-06,3258.69102294322,3275.721565340492,3216.7621689403304,3242.756103515625,51821,,
2025-11-07,3211.8822937482582,3220.048891571063,3147.544957364842,3177.9208984375,55757,,
2025-11-10,3157.2056129654407,3182.502200384794,3108.902888284276,3125.833740234375,51236,,
2025-11-11,3125.83369702732,3186.9838524369247,3123.2441753881862,3154.815185546875,74247,,
2025-11-12,3058.508477410891,3115.575453997305,2973.854221279362,3048.748291015625,562188,,
2025-11-13,3044.6653329381647,3052.234274024579,2993.773085097468,3011.799560546875,216969,,
2025-11-14,3007.915141400582,3026.937548483322,2986.3034558324757,2993.77294921875,79898,,
2025-11-17,3005.7241281345723,3042.4739382076073,2987.7973440701517,3000.644775390625,99620,,
2025-11-18,2998.2546552112835,3001.441590437167,2925.2527576440557,2931.427490234375,140161,,
2025-11-19,2928.041366960275,2956.126613075074,2883.2244072619033,2910.014892578125,157434,,
2025-11-20,2932.423467567578,2973.7546650748136,2893.8809296060085,2956.126708984375,133489,,
2025-11-21,2955.7284736370198,2955.7284736370198,2868.285552942116,2874.958251953125,88756,,
2025-11-24,2873.3649351842087,2886.0132292262288,2828.4482824538145,2855.53759765625,156591,,
2025-11-25,2852.350639387077,2881.232681475843,2830.440124699048,2871.07421875,73517,,
2025-11-26,2922.065756651147,2940.6896445074467,2864.3016755721533,2921.06982421875,88400,,
2025-11-27,2921.5677794070607,2940.689633407381,2899.358437618939,2928.838134765625,58602,,
2025-11-28,2928.937612320572,2936.9050718318226,2890.195937706143,2908.222412109375,35408,,
2025-12-01,2937.3035955704772,2937.3035955704772,2886.2122127402813,2904.636962890625,40063,,
2025-12-02,2905.2347713800273,2917.584237029054,2882.228633542271,2912.206298828125,20636,,
2025-12-03,2912.0067232420265,2917.4843515852517,2861.2141695139394,2877.846435546875,42029,,
2025-12-04,2877.846547166338,2878.2448228931758,2834.3241039422464,2857.429931640625,60335,,
2025-12-05,2857.230584827351,2857.230584827351,2790.8019372683752,2834.125,76988,,
2025-12-08,2834.1249785421796,2847.370929010042,2731.5439342301706,2794.188232421875,108936,,
2025-12-09,2794.1882712444462,2880.6350162409017,2733.9343560298335,2822.173828125,59508,,
2025-12-10,2813.509272775522,2838.307894416352,2750.7655261614127,2762.517578125,53422,,
2025-12-11,2748.773624053788,2793.192309585572,2732.838704494056,2787.316162109375,34558,,
2025-12-12,2840.2996151799825,2946.36641954716,2809.525400185997,2858.724365234375,428416,,
2025-12-15,2853.4462495319535,2893.084167771024,2829.4441794727486,2879.43994140625,105340,,
2025-12-16,2885.216408913782,2893.183868793419,2848.765182705408,2872.866943359375,35543,,
2025-12-17,2871.3728840946233,2877.6470638809874,2851.454235509173,2870.974365234375,59916,,
2025-12-18,2853.346538205378,2862.3099304719917,2812.513306768582,2839.204345703125,73451,,
2025-12-19,2834.2247353232183,2868.185887423374,2834.2247353232183,2858.2265625,78202,,
2025-12-22,2878.14503853815,2880.037456047858,2847.9684803607274,2865.297607421875,59113,,
2025-12-23,2869.9785234480155,2933.0210968415613,2855.1392270422098,2919.775146484375,83460,,
2025-12-24,2932.0251453607343,2995.7648224337936,2901.051548774016,2988.39501953125,146277,,
2025-12-26,2996.660965041249,3004.827805413553,2951.6448682302444,3000.146728515625,114630,,
2025-12-29,3008.214048050405,3012.994572571542,2979.7302819371307,2996.362548828125,57204,,
2025-12-30,2983.0168192151846,3017.675317030394,2930.132952122105,3001.242431640625,115311,,
2025-12-31,3017.6754672846246,3028.6307247566147,2976.941925397802,3010.3056640625,107790,,
2026-01-01,3010.8035688154596,3067.4720295040856,2991.3828855117813,3050.939453125,73271,,
2026-01-02,3053.429340837492,3057.7118991978587,2994.769014108826,3013.592041015625,65999,,
2026-01-05,3027.5350300962473,3067.4720195579644,3007.1184143816567,3058.1103515625,85552,,
2026-01-06,3058.110407400483,3098.3459828209643,2998.7527336142475,3075.041259765625,120329,,
2026-01-07,3087.390506395517,3087.888472606226,3007.7159126820843,3056.8154296875,158371,,
2026-01-08,3067.471950622569,3107.309248682602,3030.2241741954663,3048.947509765625,163471,,
2026-01-09,3037.5939510229696,3037.5939510229696,2973.9539651769587,3011.10205078125,131347,,
2026-01-12,3007.7160045301853,3036.5980456332895,2908.023068842855,2937.403076171875,88767,,
2026-01-13,2930.033413546733,2963.6959806595532,2913.7002178138673,2952.14306640625,64500,,
2026-01-14,2938.9967142310124,2974.0534884889703,2928.5394233128745,2959.712158203125,28572,,
2026-01-16,2935.0129865582517,2962.899095694197,2908.122809891447,2958.21826171875,65557,,
2026-01-19,2938.399026005436,2944.7731396234035,2914.795475386927,2925.750732421875,27553,,
2026-01-20,2913.102544080112,2948.3584570981516,2883.6228450074823,2909.51708984375,72607,,
2026-01-21,2898.0636925363383,2931.0291533618883,2836.216434271371,2917.484375,72849,,
2026-01-22,2922.962116869662,2935.5109632847193,2885.913477514719,2896.470458984375,44056,,
2026-01-23,2888.2041529149833,2947.860410400646,2888.2041529149833,2908.720458984375,67965,,
2026-01-27,2908.720511140776,2932.7223381257995,2799.5662135936395,2819.48486328125,116900,,
2026-01-28,2827.4521840227035,2892.18779232192,2815.6006853007966,2858.724365234375,64816,,
2026-01-29,2858.724393517091,2868.8830989764497,2773.671859953836,2783.830322265625,95443,,
2026-01-30,2797.3752216147705,2905.6330344575904,2739.9099656724948,2866.293701171875,166507,,
2026-02-02,2890.1959045424546,2914.098282801938,2794.586391504524,2818.18994140625,118408,,
2026-02-03,3077.4312756554555,3077.4312756554555,2888.6023855600924,2938.000732421875,377890,,
2026-02-04,2937.0048810746525,2951.844177755266,2874.4602727532115,2937.901123046875,119037,,
2026-02-05,2947.9602015106584,2952.6410356335405,2887.308009488611,2896.669677734375,58111,,
2026-02-06,2896.6696506594753,2903.143211852285,2835.419802450585,2860.915771484375,67047,,
2026-02-09,2907.126910257121,2917.7833391677736,2843.3872315121894,2881.531494140625,191441,,
2026-02-10,2912.1064737514184,2957.9193662933353,2889.498855843943,2948.1591796875,60500,,
2026-02-11,2973.5555830023004,2973.5555830023004,2908.620833365951,2919.67578125,168898,,
2026-02-12,2919.6757679516563,2937.0048959177752,2803.6496335418833,2820.08251953125,219292,,
2026-02-13,2817.9909625172627,2883.2245401970226,2738.61519219904,2874.958251953125,302282,,
2026-02-16,2874.3607830535802,2928.041445631121,2833.826137230355,2912.3056640625,62084,,
2026-02-17,2903.7407630926023,3051.9353178803603,2903.7407630926023,3041.77685546875,133302,,
2026-02-18,3048.8480182784833,3084.402757652912,3018.970045165927,3079.721923828125,99384,,
2026-02-19,3075.4393251683573,3087.390514255799,2950.748634318894,2994.768798828125,81761,,
2026-02-20,2987.797384198777,3185.390287281427,2962.899072663787,3138.97998046875,318068,,
2026-02-23,3139.1791942307427,3161.189399418867,3099.9395515618903,3142.7646484375,153386,,
2026-02-24,3113.78284543336,3144.756442290335,3098.3458922575346,3135.39453125,148525,,
2026-02-25,3146.6485612053157,3204.91060926055,3120.555179765648,3173.638427734375,153123,,
2026-02-26,3196.9431550635168,3233.3943798849514,3120.854013367139,3169.455322265625,142889,,
2026-02-27,3134.7969989643534,3136.5894828117453,3063.488140057691,3105.1181640625,91863,,
2026-03-02,2999.7485661716873,3095.158944362705,2999.7485661716873,3089.183349609375,80951,,
2026-03-04,3038.589977822915,3066.774915463374,2954.7325121513195,3003.234375,55902,,
2026-03-05,3012.69574301842,3077.4313540254275,3012.69574301842,3051.23828125,121186,,
2026-03-06,3039.5859358194048,3184.7929403606076,3027.6347460324346,3149.038818359375,103275,,
2026-03-09,3107.3091616189427,3107.3091616189427,2992.2789666936264,3052.034912109375,74855,,
2026-03-10,3111.2928981229743,3196.943086739676,3072.351843016122,3159.993896484375,86716,,
2026-03-11,3158.798975559839,3213.8740899388486,3146.8477858854462,3169.35595703125,88435,,
2026-03-12,3169.355900565204,3169.953314149734,3074.4434889625345,3152.425048828125,66913,,
2026-03-13,3152.126220020956,3221.8414918697613,3092.3702727219807,3207.8984375,236376,,
2026-03-16,3247.7358423417245,3316.455183992009,3213.0773431407606,3245.943115234375,614244,,
2026-03-17,3245.8435352331794,3300.420438809991,3167.762285500885,3225.2275390625,441192,,
2026-03-18,3225.128033182064,3304.105523424466,3173.0407185203435,3265.861572265625,235084,,
2026-03-19,3232.1991492337197,3333.585123571302,3191.963574600747,3224.231689453125,357374,,
2026-03-20,3255.6034125065235,3255.6034125065235,3195.1503628330083,3214.272216796875,191817,,
2026-03-23,3182.1039817644833,3186.9839536845307,3037.5940808555683,3088.486328125,102143,,
2026-03-24,3112.2889643942985,3238.772387907283,3061.2972706311775,3178.6181640625,116424,,
2026-03-25,3192.4614434833456,3288.369786297057,3190.4695785989384,3235.983642578125,142264,,
2026-03-27,3214.770391607211,3215.666876737985,3128.223955366917,3183.896484375,69965,36390.0,52.01
2026-03-30,3245.644284612641,3326.4145065670587,3130.215806628822,3247.43701171875,541315,254139.0,46.95
2026-04-01,3285.5810690811295,3339.3614200148613,3258.690893614264,3331.792236328125,173401,91063.0,52.52
2026-04-02,3254.8070867392144,3323.9247046877713,3195.549103239912,3282.294677734375,146567,71207.0,48.58
2026-04-06,3282.3943159222877,3306.495833306634,3218.9534655814323,3263.2724609375,68087,24287.0,35.67
2026-04-07,3263.2723902156204,3263.2723902156204,3179.713511073381,3200.727783203125,114865,77048.0,67.08
2026-04-08,3317.35137745681,3317.4510679631526,3183.597840834838,3278.21142578125,287409,172325.0,59.96
2026-04-09,3282.5933980995555,3571.413812374092,3241.760167115914,3520.720947265625,676592,266101.0,39.33
2026-04-10,3520.720871575514,3650.0923984809265,3515.641518864303,3628.181884765625,233965,86994.0,37.18
2026-04-13,3581.3731309205664,3873.7789988242785,3523.210772438283,3855.055419921875,536932,160919.0,29.97
2026-04-15,3881.148733755833,4082.327087417285,3859.2382199907242,4068.384033203125,421948,135437.0,32.1
2026-04-16,4068.384214897714,4168.774015205033,4024.164909674137,4109.61572265625,362809,144067.0,39.71
2026-04-17,4095.274369761225,4153.038453770503,4041.4940156836215,4124.5546875,217151,94919.0,43.71
2026-04-20,4124.55462395563,4287.489272909912,4045.2785454252135,4168.1767578125,373347,161018.0,43.13
2026-04-21,4190.883996778014,4232.713162145094,4004.7443081535375,4108.3212890625,261667,97873.0,37.4
2026-04-22,4131.526184068112,4149.154383402366,4030.5387283123487,4036.614013671875,154799,70012.0,45.23
2026-04-23,4036.614003285967,4131.725554450649,4013.807003767356,4043.18701171875,130733,50904.0,38.94
2026-04-24,4043.4857553253305,4078.841357373126,3972.4757228646104,3990.203369140625,72523,30463.0,42.0
2026-04-27,4006.6364356301183,4166.5832919153,3979.746258209782,4139.39404296875,214001,132520.0,61.92
2026-04-28,4150.050683454504,4157.918452861968,3963.8113079311074,3998.9677734375,119561,49656.0,41.53
2026-04-29,4033.526455298402,4041.8921906873993,3943.892534069549,3973.7705078125,74832,32490.0,43.42
2026-04-30,3983.729946083817,4091.091273612712,3906.545178378443,4061.014404296875,273294,141117.0,51.64
2026-05-01,4061.014404296875,4061.014404296875,4061.014404296875,4061.014404296875,0,0.0,0.0
2026-05-04,4061.014333278389,4187.896032583237,4040.199198785566,4162.79833984375,252250,151509.0,60.06
2026-05-05,4181.920206683883,4192.078911825457,4083.3228976908604,4096.86767578125,88402,35532.0,40.19
2026-05-06,4131.924340187114,4133.119653641162,4042.8880767146907,4060.31689453125,68595,32134.0,46.85
2026-05-07,4080.434933080098,4272.550205187178,4071.7701262578157,4165.2880859375,349360,149877.0,42.9
2026-05-08,4352.224887050708,4739.642617271012,4288.485209071018,4658.47412109375,3661500,547941.0,14.96
2026-05-11,4687.854163539999,4860.15048185154,4482.194107289519,4526.61279296875,724225,208173.0,28.74
2026-05-12,4543.045523905525,4545.933630727802,4383.994918427403,4464.76513671875,339988,155707.0,45.8
2026-05-13,4517.350164317382,4710.76043857569,4467.752923351067,4528.0068359375,448975,211792.0,47.17
2026-05-14,4570.234525710799,4601.108433033265,4473.629073766308,4578.9990234375,235536,133103.0,56.51
2026-05-15,4622.022745556917,4641.045152345945,4470.3424300530205,4482.09423828125,119072,47827.0,40.17
2026-05-18,4440.464366024116,4479.704005944777,4338.281602911394,4375.4296875,200590,118921.0,59.29
2026-05-19,4379.513156791715,4480.202022410346,4317.4667611138875,4398.63525390625,154839,68972.0,44.54
2026-05-20,4362.283964668518,4438.273418579336,4312.387650026957,4397.1416015625,128625,65650.0,51.04
2026-05-21,4431.700171794266,4602.104317027597,4431.600967582014,4556.39111328125,414005,199975.0,48.3
2026-05-22,4549.419603879022,4617.1430130435965,4403.615184936678,4436.48095703125,232003,108755.0,46.88
2026-05-25,4436.480740684607,4458.689839559537,4387.182084946815,4417.65771484375,104492,47846.0,45.79
2026-05-26,4458.291479966246,4492.352563262326,4365.271489158959,4417.7568359375,142494,58514.0,41.06
2026-05-27,4461.777504962214,4639.451761918643,4405.507319910794,4571.927734375,616811,228756.0,37.09
2026-05-28,4571.927734375,4571.927734375,4571.927734375,4571.927734375,0,0.0,0.0
2026-05-29,4640.049557894159,5054.357481500935,4631.086165316128,4962.43310546875,1786425,535594.0,29.98
2026-06-01,4962.432682493411,4995.696728188683,4780.475634150506,4972.4912109375,341725,161903.0,47.38
2026-06-02,4929.86577547179,4984.64206186592,4780.575593994817,4949.48583984375,334807,122195.0,36.5
2026-06-03,4938.829284342669,4938.829284342669,4702.8929715470995,4765.0390625,323481,143717.0,44.43
2026-06-04,4735.658759605974,4982.550314609054,4735.658759605974,4856.06689453125,363756,134908.0,37.09
2026-06-05,4911.142316037951,4939.824976220529,4767.130385802816,4812.4453125,203060,84663.0,41.69
2026-06-08,4703.788774375985,4865.129824862732,4651.701703829484,4677.296875,158954,57474.0,36.16
2026-06-09,4740.937041885625,4777.288576269746,4679.687196279502,4720.6201171875,180682,110622.0,61.22
2026-06-10,4730.67894560841,4806.3698087381445,4657.577604002664,4679.68701171875,282455,155519.0,55.06
2026-06-11,4668.931572260779,4682.476351555381,4514.860619588117,4552.7060546875,180285,89564.0,49.68
2026-06-12,4607.781024959346,4727.591500393819,4607.781024959346,4707.0751953125,238336,121654.0,51.04
2026-06-15,4801.390417575735,4801.390417575735,4646.722300156539,4721.7158203125,277050,139254.0,50.26
2026-06-16,4758.565361445253,4768.524686186662,4669.429405009641,4695.42333984375,91904,42285.0,46.01
2026-06-17,4704.785080258471,4778.484084479285,4690.842025405885,4754.97998046875,110973,56172.0,50.62
2026-06-18,4798.203055588882,4869.113638958197,4619.931151033039,4677.197265625,266960,89674.0,33.59
2026-06-19,4677.197175986022,4739.6423325232345,4660.963672243904,4683.2724609375,74248,41189.0,55.47
2026-06-22,4692.93337200209,4855.170670056329,4671.122548712558,4844.11572265625,223727,124305.0,55.56
2026-06-23,4878.176735769249,4914.926545200782,4733.766533326673,4780.3759765625,197846,105160.0,53.15
2026-06-24,4780.475646748922,4814.038764036857,4661.959688006606,4738.048828125,116873,44313.0,37.92
2026-06-25,4740.539038988307,4884.750357662741,4687.8543066695165,4809.15869140625,252190,121621.0,48.23
2026-06-25,4740.539038988307,4884.750357662741,4687.8543066695165,4809.15869140625,252190,0.0,0.0
2026-06-26,4809.15869140625,4809.15869140625,4809.15869140625,4809.15869140625,0,,
2026-06-29,4812.445214622874,5256.332008959298,4736.1566928713755,5104.25341796875,927416,509882.0,54.98
2026-06-30,5104.253691546572,5185.920155563192,5010.934622902199,5138.513671875,300942,151462.0,50.33
2026-07-01,5173.869334488057,5197.273748224432,5031.450987070965,5099.67236328125,148232,0.0,0.0
2026-07-02,5073.28004881025,5073.28004881025,4790.435224730527,4897.0,397715,137489.0,34.57
2026-07-03,4944.5,4948.5,4575.0,4607.5,272897,121912.0,44.67
2026-07-06,4590.0,4837.5,4570.0,4736.5,224252,88302.0,39.38
2026-07-07,4772.0,4828.5,4670.0,4709.0,198155,102154.0,51.55
2026-07-08,4685.0,4686.0,4532.5,4602.5,212634,,
2026-07-09,4649.5,4810.0,4610.0,4785.0,207686,,
2026-07-10,4860.0,4860.0,4748.0,4809.0,141517,,
2026-07-13,4775.0,4796.0,4651.0,4663.5,139444,74285.0,53.27
2026-07-14,4638.5,4653.0,4358.5,4379.5,449617,,
2026-07-15,4383.0,4574.0,4383.0,4548.0,359795,203883.0,56.67
2026-07-16,4575.0,4656.0,4473.0,4581.0,184687,,
2026-07-17,4572.5,4670.0,4545.0,4662.0,236475,,
2026-07-20,4632.0,4734.0,4611.0,4710.5,152461,83537.0,54.79
2026-07-21,4749.0,4880.0,4710.0,4841.0,326254,194819.0,59.71
2026-07-22,4840.0,4840.0,4690.0,4718.5,129520,,
2026-07-23,4685.0,4699.0,4550.0,4578.0,106300,52483.0,49.37
2026-07-24,4568.0,4573.0,4465.5,4514.0,88245,,
2026-07-27,4560.0,4571.0,4394.0,4454.5,152455,73768.0,48.39
2026-07-28,4460.0,4531.5,4384.0,4416.5,108819,62454.0,57.39
2026-07-29,4420.0,4444.5,4267.0,4378.0,133741,56624.0,42.34
2026-07-30,4366.0,4366.0,4238.5,4251.5,119584,66336.0,55.47
2026-07-31,3892.0,4489.0,3566.5,4306.0,3745682,969506.0,25.88
2026-08-03,4302.5,4319.0,4070.800048828125,4122.2001953125,707697,307620.0,43.47
2026-08-04,4118.0,4163.0,4000.0,4015.0,536528,224784.0,41.9
2026-08-05,4010.10009765625,4106.89990234375,4010.10009765625,4064.89990234375,286536,,
2026-08-06,4064.89990234375,4064.89990234375,3975.0,3991.0,184241,93785.0,50.9
2026-08-07,3991.0,4075.0,3990.800048828125,4059.89990234375,101867,44903.0,44.08
2026-08-11,4068.5,4084.39990234375,4006.0,4025.699951171875,116687,66294,56.81
2026-08-12,4030.89990234375,4099.60009765625,3992.0,4083.300048828125,240936,145185,60.24
2026-08-13,4083.0,4085.10009765625,3968.199951171875,4001.60009765625,181921,93322,51.29
2026-08-14,4006.39990234375,4061.699951171875,3934.0,4044.89990234375,221796,102504,46.21
2026-08-19,4073.199951171875,4074.5,3981.0,4025.5,145943,72045,49.36
2026-08-26,4002.0,4022.10009765625,3953.89990234375,3968.5,57760,26266,45.47
2026-08-27,3970.0,4029.89990234375,3954.0,3962.699951171875,52085,23159,44.46
2026-09-02,3888.0,3908.39990234375,3740.199951171875,3752.5,134059,85254,63.54
2026-09-03,3780.300048828125,3821.89990234375,3710.0,3733.89990234375,130674,68140,52.14
