date,open,high,low,close,volume,delivery_qty,delivery_pct
2022-01-03,68.19546807816614,68.34425970390798,67.45151751731342,67.69950103759766,557353,,
2022-01-04,67.89788942529859,71.3200667777136,67.5507139869583,70.32813262939453,1846950,,
2022-01-05,71.0224749336733,75.28779428376477,69.48498173006809,72.5103759765625,5008147,,
2022-01-06,71.07207063939114,73.30392207739666,70.67529553684126,71.27045440673828,1273468,,
2022-01-07,73.40311266487969,74.29585473788852,70.52650268200925,70.9728775024414,2835155,,
2022-01-10,71.76642888906441,71.76642888906441,70.4273193999604,70.92328643798828,922307,,
2022-01-11,70.57611021100503,71.22086886657675,69.43538452312528,69.53457641601562,1073623,,
2022-01-12,70.08014082839368,70.9728829701792,68.79062356049727,69.28659057617188,1041897,,
2022-01-13,69.43538219444548,70.22893244666729,68.44344816309625,69.28659057617188,776934,,
2022-01-14,69.13779792599709,69.83215627829169,68.84022226174737,69.33618927001953,1133903,,
2022-01-17,69.48498510517956,69.93135241258541,68.84022644170501,69.13780212402344,837030,,
2022-01-18,69.43538263494318,69.63376641532915,67.74909779809416,68.19546508789062,626355,,
2022-01-19,68.19546678086245,68.54264218908466,67.20353271859535,67.40191650390625,678845,,
2022-01-20,67.6499011222704,68.44345141216269,67.10434191984383,67.35232543945312,983462,,
2022-01-21,67.35231993792797,67.64989559643844,66.65796159902524,67.25312805175781,641849,,
2022-01-24,66.95554863844603,67.2531318817594,64.32692188203208,64.57490539550781,1015692,,
2022-01-25,65.02127775967055,66.16199582350032,62.88861811223307,65.76522827148438,901327,,
2022-01-27,65.91401079315982,65.91401079315982,64.6740933021835,65.12046813964844,540528,,
2022-01-28,65.86442015948836,66.70756255930617,65.46764503961647,65.76522827148438,602287,,
2022-01-31,66.65795748618596,66.90594097023853,65.86441487793098,66.0132064819336,412311,,
2022-02-01,66.70756830794087,67.15393562635323,65.46765068139922,66.21160125732422,927467,,
2022-02-02,66.90594944834716,70.17933487977605,66.45958214763245,69.1874008178711,2679222,,
2022-02-03,69.48498061417715,70.92328190539595,66.95554585474443,67.20352935791016,4343392,,
2022-02-04,67.69950022614279,68.19546726076655,66.06280749831312,66.310791015625,1417826,,
2022-02-07,66.31079044421246,66.70756558206365,64.82288935316271,65.2692642211914,1148681,,
2022-02-08,65.46764197716347,65.61643358613723,64.0293407487468,64.4757080078125,869311,,
2022-02-09,64.87248629272287,65.07087006918644,64.0789360511566,64.32691955566406,806503,,
2022-02-10,64.97167818095465,64.97167818095465,64.0789360511566,64.32691955566406,567374,,
2022-02-11,64.17813201906687,64.22773175026371,63.58297308398707,63.78136444091797,674997,,
2022-02-14,62.73982918120001,63.334988102549225,61.99587863754941,62.24386215209961,833498,,
2022-02-15,61.99587464289944,63.880550745614734,61.79748708725658,62.78942108154297,873748,,
2022-02-16,63.136603662993956,63.97974609014557,62.78942447586886,62.98781204223633,578122,,
2022-02-17,63.68216307853038,63.68216307853038,62.14466983943426,62.4422492980957,450943,,
2022-02-18,62.343052124685634,62.392651853210914,61.599101603942714,61.797489166259766,457980,,
2022-02-21,61.49990688857329,62.04546982192829,59.51603892442577,59.96240997314453,938772,,
2022-02-22,59.51604529272152,59.56564124034647,58.524111204509495,58.7720947265625,1397037,,
2022-02-23,59.168869875418615,60.4583834333086,58.6233030997594,58.7720947265625,1138404,,
2022-02-24,57.33378710391378,57.730562235898155,55.20113117529998,55.49871063232422,1577213,,
2022-02-25,56.441047071707594,59.41684912222445,56.441047071707594,58.97047805786133,1147732,,
2022-02-28,58.82169325479973,58.92088893832978,57.78016317326898,58.474517822265625,667966,,
2022-03-02,58.47451187635372,59.21846239950345,57.928948916162874,58.57370376586914,848572,,
2022-03-03,59.21846496546141,60.012011467753496,58.82168982235126,59.16886901855469,486538,,
2022-03-04,58.52410743936156,63.23579405524236,58.02814042716358,61.450313568115234,3161649,,
2022-03-07,60.408784635268205,61.103135437110765,59.367250864648206,59.615234375,1486107,,
2022-03-08,59.61523268976743,60.904749934286514,58.92088190755312,59.51604080200195,786240,,
2022-03-09,59.714427147890916,61.69829513430638,59.41684770671418,61.00394058227539,1076052,,
2022-03-10,62.14467135059297,63.483780839096376,61.00394565006918,61.3015251159668,720742,,
2022-03-11,61.30152600430905,61.79749304930173,60.60717138453366,60.904754638671875,352527,,
2022-03-14,61.30151933537297,61.74789038409173,59.317651371225445,59.96240997314453,585437,,
2022-03-15,60.012010154882404,60.855152585635956,59.516043128808995,59.7640266418457,419794,,
2022-03-16,60.21039962768555,60.70636666945573,60.0616080015832,60.21039962768555,271658,,
2022-03-17,60.70636474464696,61.6982987967362,60.50797717744349,60.656768798828125,895668,,
2022-03-21,60.904749965925376,61.30152130112139,60.25999134333089,60.408782958984375,537777,,
2022-03-22,60.01200804418447,61.49990907007334,59.91281615602974,60.755958557128906,618761,,
2022-03-23,61.20233177424421,61.20233177424421,59.516043128808995,59.7640266418457,714843,,
2022-03-24,59.516044430829915,60.061607414660216,59.020077393906334,59.16886901855469,732190,,
2022-03-25,60.01200864809814,60.0616045926746,59.020074620856846,59.119266510009766,519793,,
2022-03-28,59.02007483654458,59.7640253596943,58.226528368637155,58.57370376586914,898157,,
2022-03-29,58.57370480128483,60.9047520853837,58.57370480128483,60.30958938598633,1551398,,
2022-03-30,60.507977598996405,61.20233219708199,60.0616065156608,60.45838165283203,844773,,
2022-03-31,60.507978528611204,60.75596204717109,57.234596840406404,58.276126861572266,2185831,,
2022-04-01,59.21846304064666,62.293457056053136,58.67290007454913,61.400718688964844,1571336,,
2022-04-04,61.599100808319704,64.37651907702882,61.30152136065172,63.97974395751953,2283216,,
2022-04-05,64.97168119255205,65.26926443889711,63.384588203709825,63.830955505371094,1238490,,
2022-04-06,63.6325686240469,66.40997932743826,63.235793504175,65.76522827148438,1645905,,
2022-04-07,65.76523248205406,66.50918304149876,63.9797481122442,65.56684112548828,1496782,,
2022-04-08,65.96360646106024,66.45957342693286,65.07086440891842,65.66602325439453,848713,,
2022-04-11,65.71562806491453,66.36038668402826,64.87248567123774,65.07086944580078,588932,,
2022-04-12,64.62450258074014,64.92207824448015,63.83095234172155,63.97974395751953,551039,,
2022-04-13,64.07893543727377,65.86441967976475,64.02934327756095,65.07086944580078,756829,,
2022-04-18,64.92208126860714,64.92208126860714,63.33498828449774,63.48377990722656,584317,,
2022-04-19,64.07894147267943,64.32692499816801,61.00394727019228,62.293460845947266,414094,,
2022-04-20,62.49184692397148,64.42611534923755,62.29345935155418,62.54144287109375,828967,,
2022-04-21,63.384588656299464,64.27733083385283,63.087005407829544,63.632572174072266,461748,,
2022-04-22,62.88861995529734,63.73176237982496,62.39265293288625,62.6406364440918,347322,,
2022-04-25,62.293455975280594,62.293455975280594,61.053538444785644,61.450313568115234,426185,,
2022-04-26,62.4422516158621,63.23579812972397,61.9462845717074,62.69023513793945,417059,,
2022-04-27,62.49184590070613,62.690233469874954,61.54950778510033,61.698299407958984,479314,,
2022-04-28,61.69829856716797,62.34305342827009,60.95434803086915,61.20233154296875,383496,,
2022-04-29,61.74789236415388,61.99587586762438,60.21039539942239,60.408782958984375,325871,,
2022-05-02,59.86321872615541,61.30152386318302,59.86321872615541,60.111202239990234,509294,,
2022-05-04,60.60716972553206,61.25192837994484,59.61523566269894,59.912818908691406,760085,,
2022-05-05,60.21039346866297,61.00393989753641,59.71442647762609,59.96240997314453,344826,,
2022-05-06,58.920881499584794,61.00394139966057,57.82975182207963,59.71442794799805,564404,,
2022-05-09,59.51604421163426,59.51604421163426,58.27612662389188,58.82168960571289,384754,,
2022-05-10,58.82168857388153,59.81362262667525,57.53217506203533,57.978546142578125,421754,,
2022-05-11,58.87128569501333,67.15393368762034,54.70516561725183,60.954349517822266,2526128,,
2022-05-12,60.80555323903744,65.71562727933564,59.02007280181842,61.35111618041992,5799208,,
2022-05-13,62.44224910346679,62.8886201820317,58.375317234676366,61.20233154296875,2245479,,
2022-05-16,62.04547499126928,63.582972034795155,60.2103984851139,62.93821716308594,1643188,,
2022-05-17,62.640639369979134,63.78136508837814,61.94628474938532,63.037410736083984,1134935,,
2022-05-18,62.73983003825465,63.23579707413018,61.549508395367745,61.84708786010742,739796,,
2022-05-19,60.40878357788294,61.25192598474958,59.962412510277304,60.55757141113281,630356,,
2022-05-20,60.85515360370975,62.591038224007086,60.65676981710403,61.49991226196289,1612998,,
2022-05-23,61.64870607990154,62.59104045160061,59.71443382023021,60.50798034667969,1429637,,
2022-05-24,60.60716887525912,61.053539954057406,58.07773780730632,59.41685104370117,285750,,
2022-05-25,59.962414446826024,60.16080201482767,57.5817711986626,58.325721740722656,350694,,
2022-05-26,58.92088444472758,59.1688679587476,56.540241196564146,58.325721740722656,523012,,
2022-05-27,58.52410738369815,59.02007439542441,56.937014459745335,57.87934875488281,443877,,
2022-05-30,58.97047912366366,59.26805857730805,58.52410805123305,58.92088317871094,395617,,
2022-05-31,59.31765389002291,60.30958791421703,58.62329931630142,59.664833068847656,424241,,
2022-06-01,59.714429859836784,60.90475146253039,59.714429859836784,60.16080093383789,259851,,
2022-06-02,60.012009096930896,61.25192664025592,59.7144296433185,60.706363677978516,405365,,
2022-06-03,60.50797568076898,61.40071781913842,59.565637597807466,60.01200866699219,294890,,
2022-06-06,59.863220428089484,60.70636666945573,59.565640959813024,60.21039962768555,269171,,
2022-06-07,60.06160502961045,60.90475122925607,59.51604206744448,59.813621520996094,351697,,
2022-06-08,60.40878571649358,60.45838166266602,59.31765598105928,59.56563949584961,366577,,
2022-06-09,59.51603892442577,60.359181295617326,59.21845948658921,59.96240997314453,153599,,
2022-06-10,59.31765810976376,60.30959220452211,59.119270534026434,59.46644973754883,235315,,
2022-06-13,58.52410973361044,59.26806028107159,57.82975513252774,58.12733459472656,245287,,
2022-06-14,58.47451637365265,58.871287746158195,57.53217821506845,57.82975769042969,207522,,
2022-06-15,57.82975239678982,58.920882085138594,57.82975239678982,58.077735900878906,200073,,
2022-06-16,58.87128257009117,58.87128257009117,57.08580209097799,57.53217315673828,297861,,
2022-06-17,57.73056201038815,57.73056201038815,55.59790230617696,56.937015533447266,393636,,
2022-06-20,57.03620588355427,57.38338127536123,54.605966789121574,55.399513244628906,378244,,
2022-06-21,56.68903179477894,57.58177015877183,55.597902082439106,56.58983612060547,340891,,
2022-06-22,57.234596863750156,58.7224979757163,56.58983820166021,57.383384704589844,406778,,
2022-06-23,57.82975769042969,58.37532069258002,57.185002791135055,57.82975769042969,230465,,
2022-06-24,58.127332260745945,58.47451143931113,57.43298147147159,57.87934875488281,164065,,
2022-06-27,58.47451316897498,59.0200761412259,57.53217506203533,57.978546142578125,192699,,
2022-06-28,58.325717389151684,60.50797290649953,57.53217096027824,59.96240997314453,664986,,
2022-06-29,59.46644843063614,61.45031657655275,58.821689769641964,60.061607360839844,378956,,
2022-06-30,59.81362239291112,61.103135899717635,59.16886753147191,59.41685104370117,188721,,
2022-07-01,58.02814426414305,61.30152600430905,57.58177316686399,60.904754638671875,501257,,
2022-07-04,60.507976114260906,61.64870176769114,59.764025588265895,60.706363677978516,385143,,
2022-07-05,60.656767733031124,61.3511185301507,60.259992605595905,60.706363677978516,306264,,
2022-07-06,60.706363677978516,61.25192664025592,60.507976114260906,60.706363677978516,192572,,
2022-07-07,62.987812686801796,64.4757137738916,61.99587862874193,63.13660430908203,2440165,,
2022-07-08,63.48377929537482,63.73176280824738,61.995878218139474,62.4422492980957,426126,,
2022-07-11,62.44224760449929,63.731761079676005,61.847084919390646,63.23579406738281,1256568,,
2022-07-12,63.483776919857405,64.72369443782337,62.49184290548463,63.08700180053711,942860,,
2022-07-13,63.235794715444484,64.37652036898058,62.98781120675646,63.384586334228516,611846,,
2022-07-14,63.38458365228156,66.55876940203868,63.38458365228156,65.12046813964844,4454143,,
2022-07-15,65.46764606979659,66.45958010115713,65.1204706723916,65.71562957763672,1431294,,
2022-07-18,65.81481757871185,66.16199295560493,64.27732446165525,64.82288360595703,892548,,
2022-07-19,64.82289464170279,65.66603714851371,64.62451084052032,65.02128601074219,623992,,
2022-07-20,65.96361589662475,66.26119914585733,64.57490667996663,64.87248992919922,494229,,
2022-07-21,64.97167713719732,65.41804441099755,64.17812690837928,64.37651824951172,760020,,
2022-07-22,64.37651928370795,64.67409494840331,63.78136038646123,64.32691955566406,769894,,
2022-07-25,64.27733081336095,65.7652319195234,64.0293472956672,64.52531433105469,1001791,,
2022-07-26,64.57490500561592,64.72369662637422,63.33498744572369,63.88055419921875,249754,,
2022-07-27,63.53337419778407,65.71562591811116,63.53337419778407,65.17005920410156,625181,,
2022-07-28,65.41804802207706,65.76523099625938,64.5749055873263,64.92208099365234,458110,,
2022-07-29,65.26926488413592,65.91401597585455,64.07893945849213,64.52531433105469,450671,,
2022-08-01,64.52531028182446,65.56683645006429,64.47571055425576,65.07086944580078,688121,,
2022-08-02,65.21966126874928,66.26119500816826,64.87248587822826,65.41804504394531,791241,,
2022-08-03,65.46764081223567,66.2611910007383,64.97167383638539,65.96360778808594,566955,,
2022-08-04,66.45958559040767,71.76643158293605,66.45958559040767,69.73297119140625,11590096,,
2022-08-05,71.02247704107847,72.75836164262368,69.78255946854617,70.62570190429688,5278841,,
2022-08-08,71.41925562969698,71.41925562969698,69.78256284127842,70.8240966796875,1347086,,
2022-08-10,70.42732145123533,70.72490470986209,68.44345324134139,68.69143676757812,916155,,
2022-08-11,69.9313449821458,70.27852035855696,68.79061940149003,69.48497772216797,1089653,,
2022-08-12,69.78256312141856,71.07208049149638,68.54264548398093,69.38578796386719,1170144,,
2022-08-16,69.33618947491878,70.82409050413224,68.93941435355732,69.68336486816406,957353,,
2022-08-17,70.17933422115678,70.52650962599408,69.4353836817099,69.93135070800781,781193,,
2022-08-18,70.22893524169922,72.31199527686479,70.03054388681998,70.22893524169922,1444890,,
2022-08-19,70.22893696094563,70.92328780038017,69.1874031339373,69.43538665771484,1511227,,
2022-08-22,69.93134837303298,70.22893160601805,69.18739785842624,69.68336486816406,666533,,
2022-08-23,69.23699958449527,77.37085575176958,69.1873998549478,76.7260971069336,14778331,,
2022-08-24,76.82529268932183,82.18173831998685,76.3789253733733,79.40432739257812,17794960,,
2022-08-25,79.99948601457332,82.03294636198159,79.94988628284237,80.8426284790039,6240568,,
2022-08-26,81.33859214542797,81.73536727922081,77.91642269815915,78.85875701904297,4128275,,
2022-08-29,77.47004875160201,78.06520767540724,76.3789227966497,76.67650604248047,2318315,,
2022-08-30,77.61883963779205,83.52084422528038,77.61883963779205,80.99141693115234,10721838,,
2022-09-01,80.94180995226131,84.56237043458596,80.34665108740718,83.12406921386719,7053833,,
2022-09-02,83.91762121756113,85.10794664807827,83.22327039231844,84.11601257324219,3988803,,
2022-09-05,83.96721405141909,84.81035643220318,81.43777934121107,81.93374633789062,2444958,,
2022-09-06,82.33052486843533,82.77689215684465,79.85068978203668,80.3466567993164,1594766,,
2022-09-07,79.80109500705376,82.18173835135312,79.35472769093488,81.53697967529297,2246960,,
2022-09-08,82.2313287451047,83.07447111750224,81.53697041594648,82.33052062988281,1856604,,
2022-09-09,84.11601676134885,84.2152086601999,80.74343922541546,81.78496551513672,1716231,,
2022-09-12,82.23133554969401,82.87609420588868,80.39625904195253,80.94181823730469,983855,,
2022-09-13,80.94181510957762,84.2647925872754,80.94181510957762,82.87609100341797,2967675,,
2022-09-14,81.2393979881679,92.99381464582954,80.84262286544114,91.10913848876953,17250461,,
2022-09-15,93.34098705541844,100.58210821809341,91.95227795421087,96.61437225341797,28343707,,
2022-09-16,96.91195261395724,99.6893709511824,92.49784916614685,93.53938293457031,10394750,,
2022-09-19,94.33292226104416,97.65589966066922,92.49784586732787,96.91194915771484,7307054,,
2022-09-20,97.7055110551342,99.19341223871491,95.47365927976311,96.01922607421875,5922030,,
2022-09-21,95.37445786117439,96.66396755084959,91.75389716228077,92.89462280273438,3143324,,
2022-09-22,93.58897912607715,95.225671875,90.81156823710351,92.99382019042969,3227593,,
2022-09-23,94.72970226851422,94.87849389036063,91.1091414535809,92.3986587524414,3024413,,
2022-09-26,91.952282636879,92.2498658765264,85.10794380355068,88.53011322021484,3509626,,
2022-09-27,90.01801639759702,96.9119551221162,86.09987986803975,95.9200210571289,9094696,,
2022-09-28,94.53132165849365,98.49905801238037,93.24180431633786,94.03535461425781,9052399,,
2022-09-29,95.17606288728807,97.01114681485765,92.29946038345021,94.13453674316406,3908108,,
2022-09-30,94.72969654183245,96.51518076033915,93.48977904782942,95.52324676513672,4447955,,
2022-10-03,96.11841098758742,96.21760287904613,92.84502559445677,93.48978424072266,2409104,,
2022-10-04,95.47365568845998,102.16921076271561,93.98575456084761,99.39179229736328,15329000,,
2022-10-06,100.78049336806356,100.9788847097252,97.70549946693919,98.69743347167969,5349504,,
2022-10-07,100.87969104126005,103.80590106380065,98.79663102539527,100.92929077148438,25057038,,
2022-10-10,99.39178994880574,102.51638375653106,98.79663102539527,100.92929077148438,9027012,,
2022-10-11,101.37566239325926,102.16921270353618,96.21760808002922,96.8127670288086,4694240,,
2022-10-12,97.90388899352423,98.44945575533106,93.73776895595753,95.57284545898438,5855614,,
2022-10-13,96.01922082233514,102.96275929926023,95.32486243392883,100.18534088134766,18262099,,
2022-10-14,102.07000966515194,104.54984465425741,100.68130055768174,102.3179931640625,13053826,,
2022-10-17,102.66517657769232,104.15307768751396,100.78050032501365,103.0123519897461,5835504,,
2022-10-18,104.15307236505711,107.82322522125482,103.45872157643247,106.83129119873047,12007927,,
2022-10-19,107.17847827433744,107.42646178948597,103.95469257740655,104.50025177001953,6134291,,
2022-10-20,104.05388727006849,104.50025458220541,103.40912859976007,103.65711212158203,2889733,,
2022-10-21,104.05389043050543,104.35146612501617,98.6974446828879,99.24301147460938,6382838,,
2022-10-24,101.0284780455009,102.91315419002188,100.73090238132767,102.21880340576172,2140559,,
2022-10-25,102.81396374402817,102.96275536212971,98.7470357337704,99.29259490966797,4049530,,
2022-10-27,99.63976662674888,103.2107350578778,99.39178312835692,101.97081756591797,4327761,,
2022-10-28,101.97082408193818,104.84742679281763,101.6732408377097,103.80590057373047,7006246,,
2022-10-31,104.84742661123164,105.59137715265814,101.17727363400343,101.6732406616211,3497589,,
2022-11-01,102.4667862215908,102.4667862215908,99.8877517422764,101.1772689819336,2921976,,
2022-11-02,101.67324795606429,102.51639044993345,100.2349464999261,100.97889709472656,1973158,,
2022-11-03,100.68130706574469,101.42525761056547,100.18534003586417,100.58211517333984,1485168,,
2022-11-04,101.17727046624404,104.40105604482534,101.02847884904601,103.60750579833984,4400551,,
2022-11-07,104.6490444926279,105.14501152813799,103.26033527962838,104.4506607055664,2593516,,
2022-11-09,105.24419915841275,108.66637610551984,103.65710622264207,106.43452453613281,5728242,,
2022-11-10,105.98814569915432,108.51758040989468,99.54057474096325,101.97081756591797,9214947,,
2022-11-11,104.15307855112742,104.50025396605989,101.67324334752914,102.6155776977539,2403396,,
2022-11-14,102.76436022005879,103.06194344527145,100.73090007395815,101.97081756591797,1656094,,
2022-11-15,101.97082113521348,103.40912244908957,101.72283762814132,102.5163803100586,1156362,,
2022-11-16,102.16920920854008,102.56598435010568,100.18534106856842,100.53251647949219,1533605,,
2022-11-17,100.1853417335547,101.17727581012454,99.3421992820416,99.78856658935547,1433341,,
2022-11-18,100.68130756513722,100.87969135093091,97.11034644585632,97.70550537109375,2281185,,
2022-11-21,98.20147204399109,98.6974390745163,94.97768634557724,95.22566986083984,1844862,,
2022-11-22,95.22566461481678,95.67203189055638,89.57164380545439,90.4643783569336,4361399,,
2022-11-23,91.20833024306356,98.99501836554974,90.91075457734908,97.90388488769531,8776915,,
2022-11-24,99.29259639288274,100.08614665604084,96.61437749847252,98.15187072753906,3469494,,
2022-11-25,98.44945147206175,100.18533600683362,96.76316666542576,99.34219360351562,2326912,,
2022-11-28,98.64783395351536,100.48291792046187,98.20146667757781,99.04460906982422,1785912,,
2022-11-29,99.09421261102132,100.38372232883299,97.45751992316787,98.15187072753906,1075669,,
2022-11-30,99.19340947118354,108.22000821948994,99.19340947118354,105.04582214355469,22588468,,
2022-12-01,106.0873375055671,106.0873375055671,103.50831063779142,105.1946029663086,3268207,,
2022-12-02,105.04581679588456,109.75750350590333,103.65710762041304,108.86476135253906,6867433,,
2022-12-05,110.05507932870358,115.46112441776665,109.85669554673233,114.5683822631836,12499766,,
2022-12-06,114.27079455397346,114.4691858960431,111.39419198859467,112.63410949707031,4803825,,
2022-12-07,112.58451969783292,112.88210295325175,107.77364085427216,108.96395874023438,4496577,,
2022-12-08,109.80709897644395,109.80709897644395,106.13694592939257,106.93049621582031,2971015,,
2022-12-09,107.87282356268656,111.09660909444501,107.6248400602436,109.75749969482422,5120737,,
2022-12-12,111.09661506204044,119.0320875664719,110.45185640748412,118.04015350341797,10268098,,
2022-12-13,119.82563351789044,121.95828562217437,116.55224820085175,118.23853302001953,7540373,,
2022-12-14,119.13128587576549,120.3216113562564,115.6595164680829,117.7425765991211,3807738,,
2022-12-15,117.74257129162851,121.01595675560294,116.20507802110312,117.99055480957031,3398250,,
2022-12-16,118.04014667169253,126.86836083549953,118.04014667169253,124.43811798095703,18589084,,
2022-12-19,126.22361422260897,128.9514329975573,122.60305324410623,128.1578826904297,8068881,,
2022-12-20,127.86028331196403,130.73690092063765,126.52118152725863,129.99295043945312,7813644,,
2022-12-21,129.94336280630415,129.99296253680785,121.66071485855755,122.65264892578125,7066417,,
2022-12-22,123.2974058979222,125.03329049183905,116.75063508943651,121.66071319580078,8231183,,
2022-12-23,120.9663510197025,122.99981879301983,103.8058969707448,106.83129119873047,8232069,,
2022-12-26,107.12888118422741,123.3470019610461,106.03775520425565,120.76797485351562,10976444,,
2022-12-27,123.99175859266711,124.6861094136435,119.72643906993683,122.99982452392578,6715085,,
2022-12-28,122.9006333542851,131.92723191941033,122.55345794175268,130.09214782714844,12084101,,
2022-12-29,131.7288477112458,133.11754935694373,124.14055055133876,125.47966003417969,8410119,,
2022-12-30,126.96756009255833,127.66191090967199,124.5869168272516,125.52925872802734,3659381,,
2023-01-02,125.57884338876434,126.66996927955786,122.999816492019,124.0909423828125,3324015,,
2023-01-03,124.58691789836207,125.97562711238484,122.50385786125612,123.69417572021484,2287722,,
2023-01-04,124.28934110013182,124.98369191697248,117.29620293001584,119.82563781738281,4098252,,
2023-01-05,120.47038587613548,123.19820448036779,118.53611752936774,122.1070785522461,3911591,,
2023-01-06,122.10707468639981,122.5038498025704,117.64337165715635,119.4288558959961,3182421,,
2023-01-09,123.74377247609324,126.57078299904998,122.50385491621255,124.19013977050781,6691289,,
2023-01-10,124.1901405020671,124.78530698860071,118.78410293628474,119.87522888183594,3424211,,
2023-01-11,120.27200645396879,120.37119834778223,116.25467042774521,118.33773803710938,3861722,,
2023-01-12,118.83370039218853,118.83370039218853,116.80023259377444,117.84176635742188,2248181,,
2023-01-13,118.43692670334505,122.90062991401493,117.54418454763984,122.05748748779297,4743171,,
2023-01-16,122.70223961832872,122.70223961832872,119.67684529025762,120.22240447998047,1748002,,
2023-01-17,120.1728097880862,121.75990272964684,118.7345008974093,119.62724304199219,1543635,,
2023-01-18,120.07362135982106,121.21433947804803,117.544186471891,118.04015350341797,2125159,,
2023-01-19,117.2465981700474,120.1232083424329,117.2465981700474,118.63530731201172,1576048,,
2023-01-20,118.53612182473624,119.7760394170452,117.49458802005417,118.33773803710938,1110487,,
2023-01-23,118.93289054523835,119.92482456551915,117.54418140327404,118.63530731201172,1066390,,
2023-01-24,118.63530690036754,119.47844930110945,117.2465977632218,117.94095611572266,922365,,
2023-01-25,117.9409566941072,118.38732397673134,113.27886225138755,115.4115219116211,2094736,,
2023-01-27,116.20507097817739,116.20507097817739,104.74823011649639,110.10467529296875,4617836,,
2023-01-30,110.00548863224685,111.04701485325184,102.21880778439699,104.153076171875,3079125,,
2023-01-31,105.14500326068493,118.28812866827056,103.40911877289061,116.99861145019531,12448242,,
2023-02-01,118.33773156365011,118.33773156365011,108.6167751445733,111.4933853149414,4738212,,
2023-02-02,111.09660909444501,114.0724111237605,109.1623408025323,109.75749969482422,2568059,,
2023-02-03,110.55104862416113,114.07241758546363,110.2038732146462,113.0308837890625,3910365,,
2023-02-06,113.03088707057152,119.77604194207095,112.58451975507289,118.93289947509766,4516688,,
2023-02-07,121.0159526300799,121.0159526300799,115.36193164089893,116.7506332397461,4096400,,
2023-02-08,117.24659666279749,118.88328928879169,115.3619281027769,116.20507049560547,2506620,,
2023-02-09,116.05629010881697,116.45306526378596,112.43572911749195,112.83250427246094,1651480,,
2023-02-10,112.08854823532744,115.36193364456358,110.60064715255761,112.73330688476562,1951198,,
2023-02-13,112.98128783868434,114.02281403231106,104.15307343403755,106.78170013427734,3577470,,
2023-02-14,107.3768564074736,107.57524018200786,102.66516986765374,104.40105438232422,3620495,,
2023-02-15,106.08734300159605,112.08854699623612,105.6905754381952,108.86476135253906,4737610,,
2023-02-16,109.3111303226873,111.04701492670002,108.86476302308368,109.85669708251953,1880672,,
2023-02-17,109.90629596994236,110.79903056230467,109.0631459716016,110.25347137451172,1081194,,
2023-02-20,110.35266433693103,118.88329575187758,109.45992216804977,117.69297790527344,6713121,,
2023-02-21,118.0401522824518,118.8832947137552,114.5683830976738,115.95709228515625,3401943,,
2023-02-22,114.3699988684759,118.18894344327529,113.42765698128112,117.0482177734375,3356984,,
2023-02-23,116.4530601396947,118.0401531218798,115.01475121220172,117.3458023071289,1985888,,
2023-02-24,118.33773102890521,119.8256320515594,116.10587949492394,117.59378051757812,1752546,,
2023-02-27,116.35386979416757,118.3377379402379,113.87403461157966,114.41959381103516,2023539,,
2023-02-28,114.46919148133043,116.55225148363694,111.5925812077375,112.73330688476562,1754955,,
2023-03-01,113.37806654799964,115.56031846176599,112.6837081624512,114.46919250488281,2163429,,
2023-03-02,114.46919747941442,116.30427406408234,113.13008794832467,115.65951538085938,1348387,,
2023-03-03,116.30426451530566,118.04014906031021,115.26273076116051,116.10588073730469,1677545,,
2023-03-06,116.94902438868729,117.84176653489298,115.56031522435133,116.40345764160156,1425239,,
2023-03-08,115.6595037643221,116.99861316091521,114.12201059336553,116.20507049560547,1225072,,
2023-03-09,116.50264725059259,122.30546730338523,116.40345536247989,117.94095611572266,4434720,,
2023-03-10,116.30427068789936,118.33773857568325,114.91556146462182,115.46112823486328,1674290,,
2023-03-13,115.41152200713732,115.75869740144965,105.93855663274336,106.83129119873047,7242001,,
2023-03-14,108.8151627311737,110.79903083980298,106.13694381166667,107.0296859741211,3966578,,
2023-03-15,108.51758863994975,111.04701597466797,107.62484646446129,109.80709838867188,2363569,,
2023-03-16,110.55104791760694,110.55104791760694,107.327262223839,108.07121276855469,1482266,,
2023-03-17,108.12081015359408,121.51191966803005,107.67444286358867,118.53611755371094,20034019,,
2023-03-20,119.97442494210186,123.59498587764706,116.89943078221589,117.544189453125,8960307,,
2023-03-21,118.48652108700074,118.48652108700074,116.05628565386992,116.60185241699219,1935891,,
2023-03-22,117.395389173844,119.13127370027388,115.65950464741411,117.59378051757812,2738601,,
2023-03-23,116.2546673133062,118.28813513735926,115.16354137487664,116.70104217529297,1589780,,
2023-03-24,117.29620817123869,118.68491743482892,114.41959774691394,115.65951538085938,2145212,,
2023-03-27,116.55225222102828,121.41273063573179,112.33653245984215,117.69297790527344,4588226,,
2023-03-28,111.09661476328763,111.09661476328763,104.74823526324279,106.28573608398438,47341344,,
2023-03-29,107.12887696766141,110.05507937620969,104.79783347314002,109.2119369506836,6995799,,
2023-03-31,109.31113045032977,109.90629694097127,104.15307636238285,104.50025177001953,11408564,,
2023-04-03,105.6409689179549,105.83935268690267,102.66516697660406,104.89701843261719,5722604,,
2023-04-05,105.14500214608184,106.73209500452703,104.00427655262396,105.24419403076172,3680136,,
2023-04-06,105.69057659959358,106.1369438972526,103.16114173190908,103.45872497558594,2774723,,
2023-04-10,104.0042751728772,104.59943404091666,102.66516582782452,103.1611328125,2034271,,
2023-04-11,103.85549020275083,104.20267316850143,102.91315589877198,103.21073913574219,1739733,,
2023-04-12,103.65710491044501,103.80589652675847,102.16920388302235,102.56597900390625,1714607,,
2023-04-13,103.06195087254112,105.3433946814484,102.4667919470808,103.40912628173828,2997070,,
2023-04-17,103.55791961583512,103.60751177919322,102.1692103882488,102.6155776977539,1596510,,
2023-04-18,103.1115436965964,103.70671019373137,102.41719287374745,102.66517639160156,1357031,,
2023-04-19,103.11153985284399,103.35952336145387,101.47485475030369,101.77243041992188,1312875,,
2023-04-20,102.16920684474567,103.45872413303543,101.72283955072179,102.07001495361328,1346022,,
2023-04-21,104.00427898012391,104.00427898012391,101.5244439659681,102.26839447021484,1286065,,
2023-04-24,103.11154240213293,103.26033402454874,102.16920807325994,102.36759185791016,843083,,
2023-04-25,102.61556882204167,104.05387765643631,101.42525105441337,102.3179931640625,1524312,,
2023-04-26,102.31800083260923,102.665176243533,100.28453296199574,100.53251647949219,1777834,,
2023-04-27,100.53251666606864,101.32606695067258,100.13574152376667,100.87969207763672,1180737,,
2023-04-28,101.37565317138058,106.33532323980145,101.2268691236127,101.87162017822266,6799696,,
2023-05-02,102.81396168740868,105.64097210336413,101.9212195645133,104.74822998046875,4239996,,
2023-05-03,104.99621756414139,106.38492674619442,103.75630000299692,104.20267486572266,2905981,,
2023-05-04,105.64097875201017,106.13694578840457,104.15307764282693,104.79783630371094,3382269,,
2023-05-05,104.79783143500738,106.43452409264266,103.30993039494912,103.9546890258789,2441480,,
2023-05-08,104.401054172846,105.04581279057253,103.45871989391516,104.05387878417969,1334845,,
2023-05-09,104.05388111686592,106.58330834915898,103.80589760970841,104.30186462402344,1879585,,
2023-05-10,104.64903767444422,105.64097168083705,103.50831205352128,104.05387878417969,1241314,,
2023-05-11,104.59943564434965,105.74016124016087,104.35145214821051,105.59136962890625,1674733,,
2023-05-12,105.64097075415245,108.91435597367696,105.24419564150466,107.6744384765625,5366359,,
2023-05-15,108.12081000896337,110.50145321080535,103.16113982506597,105.6905746459961,10032283,,
2023-05-16,106.13694942933044,108.81516849059145,105.83936617014292,107.47605895996094,3528657,,
2023-05-17,108.12081258212814,108.51758771985399,105.49218580853267,106.28573608398438,1725503,,
2023-05-18,107.02968748411888,107.32726316389778,105.39299475783766,105.88896179199219,1273510,,
2023-05-19,106.08734112901091,106.28573247506563,103.30993039494912,103.9546890258789,1572073,,
2023-05-22,104.74823086267004,108.02161615156997,104.69863870244791,106.1369400024414,3680720,,
2023-05-23,106.68250395554715,106.93048745375359,104.74822812882356,105.1946029663086,1188180,,
2023-05-24,105.54177725265706,106.83128688920691,104.94661837672209,105.24419403076172,1534036,,
2023-05-25,105.44258916279158,105.59137321123819,103.75629679112217,104.35145568847656,956755,,
2023-05-26,105.04581982190814,105.83936253942538,104.30186926731652,104.79783630371094,717468,,
2023-05-29,105.64097764522376,105.64097764522376,104.45065979749052,104.84742736816406,790306,,
2023-05-30,105.04581853048882,105.64097745327403,104.15307636238285,104.50025177001953,706250,,
2023-05-31,104.50025305473173,105.14501171561575,103.95469385541172,104.79783630371094,1777379,,
2023-06-01,104.79783265281603,108.76556880574532,104.0538821241418,107.82322692871094,3924920,,
2023-06-02,108.12081039407295,113.67563950625227,108.12081039407295,111.74137115478516,9728071,,
2023-06-05,111.59257972065713,112.43572214275308,109.45992001686889,110.30306243896484,3226338,,
2023-06-06,110.69983204751094,110.69983204751094,107.92242140927252,110.20386505126953,2040365,,
2023-06-07,110.6006442369605,111.49338637665964,109.21193508274584,109.65830993652344,1409830,,
2023-06-08,109.70790500168621,112.73330689746827,109.65831283963539,110.94782257080078,3950315,,
2023-06-09,111.79096008562861,112.38612654690236,109.70790017473823,110.10467529296875,1462452,,
2023-06-12,110.55103928003132,110.74943061716856,108.1208040509818,108.46797943115234,1351654,,
2023-06-13,109.01355274674852,114.51878214001239,108.56717788706368,113.87403106689453,4961518,,
2023-06-14,113.97321601671156,114.8163583876284,111.44378133610533,111.69176483154297,3236712,,
2023-06-15,112.08855175248266,116.502655409398,111.34460118775378,113.27886962890625,13066200,,
2023-06-16,118.1393547541127,133.811909651093,118.1393547541127,130.04257202148438,56810999,,
2023-06-19,132.91916046686265,136.49012904115278,129.19940784185715,131.7784423828125,26050078,,
2023-06-20,131.9272244054247,132.37359168642098,125.77723652043453,126.86836242675781,8357824,,
2023-06-21,127.46352063987051,128.6538384280421,124.78530183255646,127.6123046875,5610434,,
2023-06-22,127.16593490208867,127.31473408249676,120.51998017473919,122.00788116455078,5317492,,
2023-06-23,122.50384829436928,126.6699680432298,122.50384829436928,125.57884216308594,8273467,,
2023-06-26,126.3228002509636,129.84416160160515,126.1244164673255,129.14981079101562,4186141,,
2023-06-27,129.79457585990158,135.84536445378376,128.95142586725382,134.55584716796875,6259305,,
2023-06-28,135.15101727054173,142.5905228083697,134.45666644748698,140.80503845214844,14513250,,
2023-06-30,140.55705357378042,147.4014076837639,138.37480166428196,145.86390686035156,10312196,,
2023-07-03,145.86391086344628,151.56753187710655,144.47519405695334,149.23648071289062,11776920,,
2023-07-04,148.7901093164322,149.28607634748698,139.3667357263915,145.86390686035156,7829385,,
2023-07-05,146.70704248881145,148.29414305066214,145.11995706267348,147.2526092529297,4481338,,
2023-07-06,147.69898384069728,153.65058853760723,146.11189833628268,152.60906982421875,7038245,,
2023-07-07,156.7255735704073,165.15701265489125,156.42799034028317,161.23887634277344,42109534,,
2023-07-10,162.42920581078525,163.6691234123943,155.93203455121125,162.4788055419922,9240089,,
2023-07-11,163.56991702372298,174.48119145585207,162.92516595247298,172.79490661621094,23760974,,
2023-07-12,176.16749902343304,182.8630540771591,175.621932251172,178.1513671875,27263371,,
2023-07-13,179.29207259944093,181.22634089494812,169.12474898038548,171.95176696777344,14880566,,
2023-07-14,174.82837088507662,182.7142433106228,173.6876528172744,181.17674255371094,18929192,,
2023-07-17,182.4166723754185,185.9876411395837,177.65540087081553,179.54006958007812,13001344,,
2023-07-18,180.7799855564725,180.82958528747145,169.620727188789,172.84451293945312,7832169,,
2023-07-19,173.0428980762953,176.26668385208305,168.72799388859178,171.3566131591797,5962791,,
2023-07-20,172.15015800409756,172.99329286810604,168.7279885468235,169.47193908691406,3375360,,
2023-07-21,169.12474938721562,174.08441945722194,166.64491435221248,172.6461181640625,4768332,,
2023-07-24,173.39007229303664,173.39007229303664,168.97596886575556,171.4062042236328,1750139,,
2023-07-25,172.3485459008894,175.07636461298983,170.61266126591642,172.84451293945312,2295348,,
2023-07-26,172.49732131151683,173.58845479594763,171.0590199989214,172.89410400390625,1114571,,
2023-07-27,171.70380202768456,175.52273930383927,171.65420229459923,174.28282165527344,1662491,,
2023-07-28,173.83645629882812,176.26669189041365,172.59653863621165,173.83645629882812,1321521,,
2023-07-31,174.33241209229794,175.47313021386574,172.59652747686965,173.29087829589844,984248,,
2023-08-01,174.28280449625845,174.38200395266244,170.0174851779913,171.15821838378906,1310903,,
2023-08-02,171.15823351366814,171.65420056810603,161.33807675436935,166.89291381835938,1290121,,
2023-08-03,164.66104620418704,171.6045842971347,162.87556195314383,169.0751495361328,1613804,,
2023-08-04,170.4182106256947,172.35816967254067,168.13004718418108,169.72181701660156,693006,,
2023-08-07,170.81614679221468,175.09401496665296,169.4731052173772,173.4525146484375,1287160,,
2023-08-08,174.3976254220199,178.7749698262393,170.8161507783912,176.7355194091797,1411140,,
2023-08-09,176.73550320125258,188.0270827619644,176.73550320125258,181.6600341796875,8345363,,
2023-08-10,184.94304868198685,185.73893361046817,177.58114724907992,180.56570434570312,3083265,,
2023-08-11,181.41133115095778,203.8949850358603,181.11287241146184,201.3581085205078,23808053,,
2023-08-14,201.25861888412737,210.06305243666242,193.05108759027343,207.72515869140625,10405291,,
2023-08-16,206.63081590273865,223.8417634146704,203.6462590572097,221.65309143066406,18590171,,
2023-08-17,222.598215396423,227.1745423213626,215.9327076250702,221.60336303710938,11898690,,
2023-08-18,221.3546428668434,221.3546428668434,209.96358675311487,213.4953155517578,4346093,,
2023-08-21,214.88810466897417,225.83148036970894,209.5159081243466,218.71829223632812,4994560,,
2023-08-22,220.21057209740758,225.18483381019976,214.39067982134387,222.44898986816406,5627528,,
2023-08-23,224.33920178359813,225.8314802877019,220.26030113361776,221.35464477539062,2720524,,
2023-08-24,221.35464783770817,222.84692636245677,215.08707499771563,215.63424682617188,1815997,,
2023-08-25,214.88811069868188,216.47988055373202,208.96874216687314,209.91384887695312,1738138,,
2023-08-28,212.89840026195867,221.7028495224589,212.89840026195867,219.4644317626953,3833749,,
2023-08-29,221.10592966170557,228.66681341852205,221.10592966170557,226.67710876464844,5728456,,
2023-08-30,228.8160339982595,233.24312379391662,228.16938606123068,231.60162353515625,3524214,,
2023-08-31,232.59647311703563,259.6564529133349,232.2980143879835,250.50381469726562,12652177,,
2023-09-01,254.63245584850736,260.55182429268206,241.40091656254845,244.2362518310547,6446769,,
2023-09-04,246.22595440575398,260.253378486421,245.77827388833737,249.5587158203125,4749580,,
2023-09-05,250.80227599388792,254.58270266644507,239.75940916759893,241.40090942382812,3349412,,
2023-09-06,243.78857588537656,248.66334641789786,232.79545417972972,239.61019897460938,2598249,,
2023-09-07,240.90349333045597,243.53986119729132,238.46610808016848,241.15220642089844,2466712,,
2023-09-08,242.34604381336538,248.61360161075592,240.80401960121276,245.23110961914062,1846291,,
2023-09-11,246.32544545523842,247.71823265913676,241.74911861915757,246.17620849609375,2191918,,
2023-09-12,247.22081478601265,247.22081478601265,218.86752214455848,227.92068481445312,2564654,,
2023-09-13,228.06989627166902,229.81088784626192,213.04762004165647,222.15052795410156,3023626,,
2023-09-14,225.6325145009782,232.49698959778797,223.0956379894643,225.83148193359375,2358415,,
2023-09-15,227.77143541634138,238.81430223017873,225.88122208219414,227.4729766845703,7666817,,
2023-09-18,229.81088808877735,232.99441250677265,226.8263311006114,228.1693878173828,1566395,,
2023-09-20,226.82633025799504,227.721691279022,216.0819221044627,218.02188110351562,3122634,,
2023-09-21,218.07162657250322,219.06647889735973,210.7097254406616,212.00303649902344,3587595,,
2023-09-22,212.40097328721507,217.72343934566592,208.96873577131547,214.5896453857422,2133466,,
2023-09-25,215.73374098732285,215.78347146127868,201.75606225121018,203.1488494873047,4224660,,
2023-09-26,204.79035546418666,216.77831373619293,204.4918967331292,215.43527221679688,4963007,,
2023-09-27,216.08193184376742,226.12994685824998,214.49017715905975,223.0458984375,5748219,,
2023-09-28,223.64281392477477,224.38895319597827,219.414691387955,223.09564208984375,4216317,,
2023-09-29,224.04073784302824,230.70624530382634,224.04073784302824,226.37864685058594,1902262,,
2023-10-03,226.8263341789841,230.55703046482265,220.50901572953398,228.46783447265625,2800584,,
2023-10-04,224.28945144200873,230.05959790663428,223.34434477854873,225.23455810546875,1533191,,
2023-10-05,226.82632594258502,234.53643132001937,226.72683463981184,233.19337463378906,2580122,,
2023-10-06,238.46611305322335,259.65647183687923,238.46611305322335,256.8211364746094,14774304,,
2023-10-09,255.92576380487696,259.3580165132176,240.25683949029266,249.95664978027344,6668843,,
2023-10-10,255.47807489443517,266.42145089686863,254.13503331137284,260.7010498046875,6066813,,
2023-10-11,265.6752937573796,271.49518576665724,264.53121968797905,269.803955078125,5920245,,
2023-10-12,270.79880960372554,276.27049728200416,270.7490487721787,273.1366882324219,3818635,,
2023-10-13,271.5946701671427,275.1761444172673,265.6255565370956,272.9874572753906,3113658,,
2023-10-16,273.73362710436396,287.5123386807096,273.73362710436396,282.38885498046875,5172227,,
2023-10-17,288.0594697922389,296.2670012236861,284.37853451806114,293.1829833984375,4394866,,
2023-10-18,297.85878370941884,308.1555114723596,294.52602230743537,299.6495361328125,5533379,,
2023-10-19,300.4454028170042,306.01658192146925,264.282514650874,302.7335510253906,5773942,,
2023-10-20,302.3356023071497,307.40935501542305,294.47627535457997,298.55517578125,3239429,,
2023-10-23,299.8982428203326,301.8381866203587,278.60837896827246,285.8708190917969,4753278,,
2023-10-25,288.25844492810836,297.7592719523831,280.79705291098736,292.23785400390625,5307028,,
2023-10-26,292.1881503167748,292.1881503167748,276.6684474265224,284.42828369140625,5741348,,
2023-10-27,288.5071984110688,290.8948381189253,283.6324276824273,285.9703369140625,2901300,,
2023-10-30,286.96515812561745,292.43684577650265,278.8073571201046,289.750732421875,3060863,,
2023-10-31,291.29273727278076,291.29273727278076,285.3236235552198,287.2138671875,1376013,,
2023-11-01,287.51231320363746,300.9428191837382,284.6769780912975,295.8193359375,4354929,,
2023-11-02,301.191561446784,301.4402745445931,295.4711601971754,296.615234375,1947076,,
2023-11-03,298.6546819347757,304.42481331085327,291.4917330067974,303.0817565917969,3519839,,
2023-11-06,306.41452879823504,322.5808797494406,305.4694069061245,319.74554443359375,5973345,,
2023-11-07,322.13318230299285,337.55339389635725,316.7609856264338,335.21551513671875,5246015,,
2023-11-08,338.050790843565,349.9890181415435,337.2549211678926,346.1091003417969,5078257,,
2023-11-09,349.2428971134558,357.3012070311214,319.0988837612619,334.369873046875,7825148,,
2023-11-10,336.06109856222065,340.13999911003157,328.3012626794452,336.75750732421875,2785367,,
2023-11-13,336.30980303531504,341.2343339937028,331.88272858025755,335.4642028808594,2751773,,
2023-11-15,343.2240628799083,346.2086199484292,324.32186811260897,328.102294921875,4132958,,
2023-11-16,328.1022804998147,329.9427633499326,305.3699294488574,311.8861999511719,6635212,,
2023-11-17,314.3733382428362,318.9496650615059,312.4831248761311,315.4676818847656,3018971,,
2023-11-20,318.3029971193907,318.6511711268054,310.7421137670583,312.18463134765625,1885583,,
2023-11-21,313.8759330895713,333.2755549445527,306.4642705443712,331.4848327636719,6520123,,
2023-11-22,333.2755108499771,339.24462447714086,326.0628318838209,331.4350280761719,3613610,,
2023-11-23,331.08685788330337,331.2858405022735,325.3167262589893,327.2069396972656,1493358,,
2023-11-24,327.5551320840038,333.12631124545646,326.36129713494825,327.5054016113281,1035428,,
2023-11-28,328.3012428604254,330.7386430197938,321.83470322832613,325.5653991699219,1827071,,
2023-11-29,327.60487734782504,327.60487734782504,318.4024928115324,319.9942626953125,1101596,,
2023-11-30,320.79016094625,331.0371282799942,302.534613765399,323.426513671875,2077262,,
2023-12-01,323.22751932466133,335.61344310686553,322.38188876322243,333.1263122558594,2897214,,
2023-12-04,338.2497910485707,339.2446433751841,330.7883985989699,334.369873046875,1635011,,
2023-12-05,336.26008978676253,339.2446467967042,333.27553277682085,335.4144592285156,1616735,,
2023-12-06,335.9118945358251,337.2549512989355,324.8690272265064,326.162353515625,1586350,,
2023-12-07,327.3064078667283,327.8535644894856,319.4968112117934,320.2429504394531,1455356,,
2023-12-08,320.24294308020615,325.31669578379297,318.4024602888436,321.9342041015625,1778201,,
2023-12-11,323.22751732167654,323.675213016277,315.61690303685623,316.61175537109375,1348140,,
2023-12-12,318.3029967138005,322.38186674245003,312.38361354854453,313.3287353515625,1205077,,
2023-12-13,314.920481754678,320.0937258315014,309.4487941336267,318.0542907714844,3561076,,
2023-12-14,321.0885799499331,327.3064068273524,319.69579280148776,322.5311279296875,2218087,,
2023-12-15,324.57058067942046,325.71465481508244,311.3887869813291,314.57232666015625,2187579,,
2023-12-18,316.7609765948823,318.2532550936275,310.5929103496925,315.1194763183594,809898,,
2023-12-19,316.5122414285633,317.65631545901533,312.1846280120449,313.7763977050781,725958,,
2023-12-20,314.4230894872484,337.453946880424,314.4230894872484,320.5911865234375,7379104,,
2023-12-21,317.4076154686179,330.09198234548154,312.63233655328594,325.51568603515625,2103078,,
2023-12-22,328.30127295882954,337.25494403952484,327.90333809400653,331.98223876953125,2134358,,
2023-12-26,334.07141362323915,343.22406756928063,334.07141362323915,341.5328063964844,2761293,,
2023-12-27,344.21891386191356,355.16228973613624,332.977094426224,350.3372497558594,3992940,,
2023-12-28,353.1725806306277,360.13654700925974,341.23435255297267,343.6717529296875,2346425,,
2023-12-29,344.8655296846194,357.99759165425166,336.45904630810793,352.2771911621094,2482256,,
2024-01-01,353.3217793477953,363.0215890277726,349.2428789487341,360.4349670410156,2369504,,
2024-01-02,360.38525109142194,368.09535653230125,349.6408582341319,360.83294677734375,4853351,,
2024-01-03,361.18115447507495,364.7128987387386,353.7695222539239,357.7489318847656,1674304,,
2024-01-04,359.14170214607867,363.07138111430856,353.52079238126333,361.9272766113281,1562063,,
2024-01-05,368.09535764298346,377.79516774303505,348.2978025877954,355.9084167480469,5025301,,
2024-01-08,358.19658612326646,373.0696413006463,357.1520032718187,370.43328857421875,3287702,,
2024-01-09,374.41267813959524,384.70940576316957,372.9203996538738,380.33203125,3539948,,
2024-01-10,382.0730333319355,390.87748271210097,374.21370582959827,378.193115234375,3090700,,
2024-01-11,380.23256756441026,390.9769604399405,378.7900195610874,388.6888122558594,2157983,,
2024-01-12,390.2308124055289,392.96665621461807,383.5652898901006,387.3954772949219,1777386,,
2024-01-15,387.3954772949219,387.3954772949219,387.3954772949219,387.3954772949219,0,,
2024-01-16,384.2119803272744,384.2119803272744,361.4298377804914,366.00616455078125,2463512,,
2024-01-17,363.41954538083127,373.96498619085645,355.4607267106966,360.2857666015625,2670645,,
2024-01-18,361.1314053396949,366.0559366476118,350.3870120357655,360.0868225097656,1550854,,
2024-01-19,363.27033170040283,368.34408478780784,360.68370950285475,362.7231750488281,1391457,,
2024-01-23,361.47960824471625,361.47960824471625,341.2343568053074,350.3372497558594,2550212,,
2024-01-24,351.3321063259583,363.12111291318183,349.4418929061784,359.6391296386719,2124510,,
2024-01-25,359.68883409192665,364.31492153892964,352.1777114301932,353.1228332519531,930473,,
2024-01-29,354.1674160145446,357.45041643453135,348.29779356280454,353.1228332519531,1462470,,
2024-01-30,359.4899137867399,368.3440939016093,356.3561348600792,365.5087585449219,2508283,,
2024-01-31,366.1056361311381,377.2479937228003,345.95987762120455,348.39727783203125,7522247,,
2024-02-01,356.6545658062424,358.1468443242601,320.2927247280702,332.3304138183594,6299102,,
2024-02-02,334.41958611252625,350.08850944112305,334.41958611252625,346.1091003417969,7042693,,
2024-02-05,347.15374862803213,347.7506357650354,334.56884178764363,338.1005859375,2074851,,
2024-02-06,340.68719320775887,343.074832732253,327.4556389770273,328.30126953125,2308551,,
2024-02-07,329.99252827484867,340.6374299337409,327.5551279349359,335.5139465332031,6414327,,
2024-02-08,348.19829691016986,366.80204663213465,341.9804701796311,350.23773193359375,17258388,,
2024-02-09,355.3114913046451,360.1365310104451,343.2240419850927,356.1073913574219,5257247,,
2024-02-12,356.555045937355,364.3646422948146,349.3921278409541,362.0267333984375,5777513,,
2024-02-13,364.115946646114,367.8963732922356,352.27721019064575,364.6133728027344,2719522,,
2024-02-14,360.1365516887762,366.7025832889005,354.8638463634934,362.3749694824219,1901847,,
2024-02-15,360.63397162461285,407.59101400516977,360.63397162461285,389.6339111328125,6344879,,
2024-02-16,386.9478224088116,387.9924052016997,380.0833171053178,382.6202087402344,1641450,,
2024-02-19,382.47096504141325,386.4006132679491,370.18453350883914,372.2239685058594,1973586,,
2024-02-20,372.8706371523578,374.06447207978454,361.13139192808984,362.67340087890625,1869396,,
2024-02-21,362.6734171028797,386.00271717971344,362.6734171028797,374.3132019042969,3400773,,
2024-02-22,377.7454532505958,383.71456741082335,373.06963501422365,381.87408447265625,1697046,,
2024-02-23,382.0233044337325,385.8037312396642,378.0438950125478,382.6699523925781,1181055,,
2024-02-26,382.02327380602344,385.5052567704012,375.05930787726777,377.397216796875,1061251,,
2024-02-27,374.3131741048836,381.12791836334145,364.36465120508603,368.5927734375,918920,,
2024-02-28,369.0902426957769,387.9924384133504,366.20517678992866,376.5516357421875,2389486,,
2024-02-29,376.6013432830405,396.5481510286298,368.3938114318328,394.8071594238281,7149833,,
2024-03-01,396.5481682255952,407.59103581275457,383.71457848289015,397.393798828125,4913833,,
2024-03-04,411.8688404604195,412.2170448275911,400.1793262686081,406.8448486328125,1706642,,
2024-03-05,407.88944743393523,410.87400436637864,396.2496632532126,401.1741943359375,1993796,,
2024-03-06,402.91521116035335,407.78998171711004,389.683686740516,403.5618591308594,1650504,,
2024-03-07,407.1433330553249,410.27711195359876,402.9649409506364,407.3423156738281,1056298,,
2024-03-11,407.3423121077391,416.8431400286371,391.4744047762976,394.2599792480469,1842870,,
2024-03-12,395.0558657270745,399.8809055924894,375.1090583239742,379.5361633300781,1360992,,
2024-03-13,379.5361824176665,403.91006569219553,350.33725903506223,388.0919189453125,3899830,,
2024-03-14,383.01815614021126,389.6339182196271,373.66655008836534,383.81402587890625,1275548,,
2024-03-15,382.0232822615056,389.4846744931756,362.6236624591635,368.14508056640625,4403727,,
2024-03-18,369.0902168629288,394.95637761343056,368.09536452637104,371.1794128417969,1852436,,
2024-03-19,373.0696050402927,373.5670311803464,363.12108223921825,364.91180419921875,689243,,
2024-03-20,364.9118117638626,368.9907122689554,355.5602062090897,365.85693359375,1290666,,
2024-03-21,373.06961694932977,378.04387850865413,369.04047723047023,376.3028869628906,901194,,
2024-03-22,381.77458453471866,385.85348519076945,376.302896678195,383.2171325683594,870215,,
2024-03-26,387.99240627350343,407.83972227707216,382.3217358837742,398.78656005859375,3966704,,
2024-03-27,398.78656325332076,415.8482746707038,391.57388384814703,413.012939453125,4455320,,
2024-03-28,418.58411215103274,436.7401669264489,414.1570071985873,425.5978088378906,4223254,,
2024-04-01,435.6956001543036,447.3851153024228,417.489783877538,423.7076110839844,3144784,,
2024-04-02,427.736794583272,436.4417529420159,419.9769277729005,426.39373779296875,2463011,,
2024-04-03,426.44344292796785,428.6818606586342,424.7024513596717,426.6424255371094,1850105,,
2024-04-04,432.0146289984612,432.5120551688682,420.6235575519478,428.73162841796875,1272984,,
2024-04-05,437.78476332015555,440.71958988911877,425.84653515160153,428.283935546875,3841134,,
2024-04-08,433.80534174212454,436.7401682286287,428.7813496732095,431.21875,1879085,,
2024-04-09,433.40742987934385,433.7556342817129,419.0318313172616,423.5086669921875,853868,,
2024-04-10,422.81225041776844,424.15530716766295,410.575578608695,415.7985534667969,1303575,,
2024-04-12,413.70935872702273,428.6818745555514,411.86887579449154,425.548095703125,2128444,,
2024-04-15,416.9923694445267,435.54636027899056,407.9392067048851,416.6441650390625,2401867,,
2024-04-16,415.84825958602727,425.69729124096824,408.4863586702372,411.1227111816406,2521585,,
2024-04-18,415.25133108958744,420.02664019800903,397.9409076777037,400.079833984375,1500527,,
2024-04-19,400.22910252257446,409.8294523305609,394.7574144025963,406.4469299316406,1984552,,
2024-04-22,412.8636947646667,412.8636947646667,398.090132385931,399.6321716308594,1372201,,
2024-04-23,402.91518424146284,416.4949121567637,400.62703608008724,412.5155029296875,1815454,,
2024-04-24,415.4503613508351,421.81741053205207,411.02325610082113,419.62872314453125,1655182,,
2024-04-25,419.5789708461433,419.82768392903967,412.51551321979025,415.6492919921875,983530,,
2024-04-26,415.84827116898697,419.62869785360255,413.36114036056,417.2410583496094,1347012,,
2024-04-29,420.6235419404956,422.81222915324673,406.99408359349246,409.53094482421875,975696,,
2024-04-30,411.9683532714844,419.1810326175253,410.7745183389807,411.9683532714844,2271167,,
2024-05-02,412.7144935924226,416.24620720620715,406.1981926395816,409.68017578125,982676,,
2024-05-03,412.6647493719458,413.6596017381853,401.4229297776335,404.0095520019531,1243796,,
2024-05-06,405.8997497718715,405.8997497718715,387.097046847183,397.99066162109375,2556156,,
2024-05-07,398.93580743306086,398.93580743306086,376.9495635947028,386.5001525878906,1381721,,
2024-05-08,385.50528959731537,397.14507435644754,380.43153648793765,391.2754211425781,701015,,
2024-05-09,392.270285949116,405.80028454991975,389.58420270750236,395.1056213378906,1530390,,
2024-05-10,399.9803701220268,417.83798172319996,386.6493548724786,408.4366149902344,1807755,,
2024-05-13,412.8636982468296,415.3010984891062,393.91177436306566,398.0404052734375,1560214,,
2024-05-14,397.9409352343693,401.4229184176701,391.27541242500007,395.25482177734375,1173903,,
2024-05-15,399.5327003226565,407.88945379165716,396.99580867424754,407.0438232421875,1400855,,
2024-05-16,409.8791561826675,414.85341778682607,403.0146812410253,408.9837951660156,1006356,,
2024-05-17,410.8242773851274,414.3559909743287,409.1330162981817,412.76422119140625,899177,,
2024-05-21,411.0730124409328,413.361160753376,396.9460966079351,399.4332275390625,1419658,,
2024-05-22,399.43320443892617,404.15875293477893,395.6527777864372,397.741943359375,777505,,
2024-05-23,397.940919180366,402.9151806701206,397.04555818430674,400.92547607421875,1097655,,
2024-05-24,401.92035561499887,403.611616780345,398.04043746209953,399.88092041015625,454189,,
2024-05-27,397.940917610125,407.2925231018664,393.1656387429965,404.35772705078125,1433957,,
2024-05-28,404.3577356770103,407.83971878038057,394.06100814209003,400.3783264160156,1093554,,
2024-05-29,400.37831394063323,402.3182576786315,389.9820954260271,392.7676696777344,787171,,
2024-05-30,393.96149305771695,397.940902078502,382.0232659953619,382.868896484375,816008,,
2024-05-31,382.86890415540876,395.95120550125586,375.109038193115,386.45037841796875,2500856,,
2024-06-03,391.97181797957165,400.9254889486482,386.00270400018735,388.9375305175781,1233765,,
2024-06-04,391.9718258232473,396.94608757227326,334.32012000784243,376.7008361816406,1884318,,
2024-06-05,384.01298970081933,417.837968068249,370.4332618106978,400.477783203125,3824865,,
2024-06-06,400.87574318204037,407.44174402046855,395.9512121927367,397.59271240234375,1618400,,
2024-06-07,398.9358044402795,408.13818895667,397.9409520601292,405.75054931640625,2765843,,
2024-06-10,407.88948035779055,413.8585947044899,403.9100707933243,407.1433410644531,1808548,,
2024-06-11,407.39200523802367,410.3268315835648,402.9151700156278,406.8448486328125,724141,,
2024-06-12,408.7848161218679,411.42116872296174,401.0249800959155,402.11932373046875,1232741,,
2024-06-13,403.9100351894338,406.39716594798944,395.95121676205576,396.3491516113281,1364525,,
2024-06-14,396.34915854634903,402.8156986317403,396.34915854634903,398.4383544921875,1260917,,
2024-06-18,398.6870664200693,428.03520979971256,396.7968530880533,421.8173828125,4970051,,
2024-06-19,426.64242547809226,444.69898909753994,417.837976333259,421.36968994140625,5991651,,
2024-06-20,423.80710230083565,432.76077347620543,418.3851448337791,428.9803466796875,1872534,,
2024-06-21,434.75048349814176,462.556619243647,428.7813693082359,450.6681213378906,16803770,,
2024-06-24,450.17069902081744,450.17069902081744,434.05407842549135,443.80364990234375,1996316,,
2024-06-25,445.0969462307003,450.9168386929881,432.76078286034164,435.8945617675781,1131725,,
2024-06-26,436.69044814960336,458.12950399929645,436.69044814960336,454.29931640625,3875868,,
2024-06-27,456.6372116607778,477.5291102334931,451.7126805673016,473.84814453125,4380406,,
2024-06-28,478.62344460150916,543.1893523946359,478.62344460150916,498.5702209472656,9439333,,
2024-07-01,501.6542789938462,503.0968269923599,480.51366733570194,494.93902587890625,4170640,,
2024-07-02,497.82407762833594,499.9132735001345,490.5119072572823,493.3970031738281,1250414,,
2024-07-03,490.61142320736315,495.28724132867006,482.951078439872,486.38330078125,1082260,,
2024-07-04,488.12430209865124,493.3970377984943,483.4982447181975,488.0248107910156,820820,,
2024-07-05,493.99393167216084,502.4004463342245,482.6028902636461,492.7503662109375,3717652,,
2024-07-08,495.18776096311063,499.31639217478454,487.4776551922134,493.645751953125,1426120,,
2024-07-09,493.6457409701018,496.232332753757,490.4622013526255,494.2923889160156,1619702,,
2024-07-10,497.42614294811676,515.333484094249,494.4415860904281,501.3060607910156,3284158,,
2024-07-11,506.62856855548796,509.81210827823384,497.6748972408107,500.6594543457031,1094045,,
2024-07-12,500.609704273322,506.3798356393609,495.5359513215381,502.6491394042969,1073604,,
2024-07-15,503.9922049976117,522.0487690212474,496.4313210892853,510.7074279785156,2154561,,
2024-07-16,514.7366355604377,530.2563080943229,512.4484265547375,524.8343505859375,2814459,,
2024-07-18,524.6851502872953,524.6851502872953,509.86182607971244,516.7760620117188,1077417,,
2024-07-19,512.3489107310522,533.2408080618329,511.8514846041288,526.2271118164062,2017760,,
2024-07-22,528.6645436737084,538.165371123286,522.396925521987,526.5753173828125,1672590,,
2024-07-23,526.276860216849,558.7588117000934,494.988743623091,549.9046020507812,7427646,,
2024-07-24,552.6404304877907,630.3383677135305,552.590700018978,584.2269897460938,11701050,,
2024-07-25,586.9628451552907,609.3470214535857,560.1018335973367,570.7467651367188,5340282,,
2024-07-26,575.9200334361358,575.9200334361358,562.1910228171461,564.8771362304688,1232940,,
2024-07-29,569.0058006994067,579.0040544438048,552.4912156349241,569.7022094726562,2281355,,
2024-07-30,570.0006315263719,577.0143280245462,560.1018390996887,569.8513793945312,1643832,,
2024-07-31,570.5478272686189,579.9491941951815,562.3900257894596,576.41748046875,1474850,,
2024-08-01,581.6901362843153,589.9473980076837,557.117272992079,561.7930908203125,2000667,,
2024-08-02,566.0709753543365,579.6507339372519,548.1636334274858,556.8685913085938,2733406,,
2024-08-05,532.2460114767617,549.3077537031428,513.2940862029512,541.7965698242188,4660448,,
2024-08-06,547.1687747468441,554.083010499202,530.3557462889635,537.817138671875,1838943,,
2024-08-07,546.1739308739615,547.1190527346035,526.3266146843481,537.6182250976562,1603455,,
2024-08-08,536.9715646181506,537.2202777096829,529.2614587806505,533.7880249023438,935337,,
2024-08-09,535.433169391027,539.4214983995263,528.5034355673454,537.2279052734375,1224809,,
2024-08-12,532.4419726351019,554.1783556012244,527.1574483739965,550.2398681640625,1301803,,
2024-08-13,555.1753868179491,570.3310492491304,544.6561812103802,556.521484375,1572865,,
2024-08-14,561.6066129705401,568.4366024738678,548.3952723192136,566.9409790039062,981048,,
2024-08-16,568.8354564874579,576.3135737944798,560.3602568728332,571.2783203125,1100664,,
2024-08-19,576.2636931817223,582.2960285665196,541.8145139370862,547.946533203125,4745870,,
2024-08-20,553.3806621396205,556.371908961997,529.101733107495,540.3189086914062,3850252,,
2024-08-21,541.4156687427252,555.3748204230164,530.8964630407771,542.8614501953125,19835421,,
2024-08-22,570.3310794809925,603.2347956048958,569.9821250164474,594.659912109375,37054765,,
2024-08-23,603.2347626137763,616.8948016410727,580.5511413749938,587.1817626953125,13074002,,
2024-08-26,587.2814670248847,623.1265874128437,578.7065836997785,614.9505004882812,14952921,,
2024-08-27,617.1939461778798,622.179357697895,603.4342225540527,613.0560302734375,4312858,,
2024-08-28,612.1088212742142,614.2026696688932,597.2522713176413,609.4166870117188,3634480,,
2024-08-29,608.2201953804802,617.9915896266535,604.8300912601203,608.8184204101562,3453436,,
2024-08-30,611.1117522300117,622.6778823063233,607.2231070048854,613.405029296875,4242992,,
2024-09-02,615.6484859776641,643.1180915135327,614.2027044532343,637.9830932617188,11013380,,
2024-09-03,637.1854298343533,652.0918223484427,629.2087714570023,648.9509887695312,7622641,,
2024-09-04,644.115172647294,656.8279721074379,628.4111262553514,652.291259765625,7164996,,
2024-09-05,653.08892754747,660.8163156215049,640.126857229734,646.0595092773438,5581923,,
2024-09-06,647.1064305460518,653.0889245110384,631.1531133060876,646.3087768554688,4108813,,
2024-09-09,647.1063874347738,652.5903398706616,635.8892119977303,640.7250366210938,3672960,,
2024-09-10,643.8658868063866,650.0976510999055,635.1414167954599,638.3320922851562,2475182,,
2024-09-11,641.1239429083383,667.5466248477954,634.6429077156413,654.8836669921875,7816468,,
2024-09-12,662.3119188743322,692.6730871311416,658.6227021867938,687.288818359375,11117000,,
2024-09-13,695.863747527486,746.8146276906548,692.0249442353931,713.9607543945312,32170819,,
2024-09-16,721.0899396137432,723.4829006463203,673.9279584665435,697.9077758789062,15769280,,
2024-09-17,701.0485283143686,716.9021609451361,692.7229156003244,710.7700805664062,8598067,,
2024-09-18,713.9109411858814,716.9021881461574,690.1803941391065,695.365234375,5517474,,
2024-09-19,697.3593787808975,709.0750957020402,682.3532416132642,706.1835327148438,5859129,,
2024-09-20,707.8287210847461,731.8583792204078,700.0514307670464,728.3685913085938,6892361,,
2024-09-23,731.2601968976641,783.9559730995885,730.8613396273429,766.4073486328125,24917201,,
2024-09-24,769.74755859375,776.7271349022426,753.2458582072292,769.74755859375,11461515,,
2024-09-25,773.436732778765,782.8092696481867,751.8498771852603,755.98779296875,7681483,,
2024-09-26,760.7737844001911,761.1726416575158,708.9255055157744,714.60888671875,11069317,,
2024-09-27,718.8464840552987,727.6706379164675,701.9459271880913,704.6380615234375,10943231,,
2024-09-30,707.6791373059914,730.9111418999587,703.6409663057407,728.1193237304688,11688363,,
2024-10-01,728.9668374128514,755.6886914535261,722.6353892182049,747.9613037109375,9072279,,
2024-10-03,722.8846624761234,750.3044255355626,718.8963333038413,728.41845703125,8786672,,
2024-10-04,732.8554637528912,740.4831674123316,706.2333551431065,710.8698120117188,7585125,,
2024-10-07,724.878812274307,727.1720893301703,671.4352267988377,700.1511840820312,11725010,,
2024-10-08,702.1453777680829,716.6529132669768,683.0512271100355,707.8786010742188,9040443,,
2024-10-09,711.8170592717214,725.27766996165,701.0984248334448,719.4447021484375,5926533,,
2024-10-10,723.8817636579113,733.2543618001689,713.4622412520264,716.7027587890625,4158843,,
2024-10-11,720.1925288459819,724.5797152827842,709.922593388324,718.1983642578125,3731104,,
2024-10-14,719.8934170721383,752.6974489242107,716.3039451525583,748.609375,9422733,,
2024-10-15,755.7883526716981,770.7445865636183,739.3863373321448,748.8087768554688,10212032,,
2024-10-16,748.8087843509568,754.3924207170032,734.8496325787685,749.2076416015625,5034401,,
2024-10-17,746.864510268405,749.2076902680435,718.8963629652364,725.92578125,6400169,,
2024-10-18,723.8817742379265,736.7441606849845,705.9342922320275,716.8523559570312,7456179,,
2024-10-21,722.7849912635171,725.9257640275177,697.9576173878894,701.9957885742188,5844773,,
2024-10-22,705.2861055741859,711.9665688241948,666.7489131051916,673.9279174804688,6306617,,
2024-10-23,672.8311102129218,704.8873298501439,656.9276356792811,692.6232299804688,7648461,,
2024-10-24,692.8725196435347,710.9196850617393,688.1363786841472,694.0689697265625,4518689,,
2024-10-25,694.9663426148508,699.4532128325936,663.3089805229978,669.7401733398438,4954602,,
2024-10-28,670.3384178643962,678.0159637428997,660.1183242932716,667.097900390625,3340348,,
2024-10-29,671.584770526572,675.0247166305948,648.7017195860699,671.1859741210938,5632005,,
2024-10-30,671.185948698884,681.9544249521082,661.2649680251407,672.28271484375,3631337,,
2024-10-31,672.0334786387642,677.7168599915456,650.6460508637862,655.232666015625,3772763,,
2024-11-01,668.0451197942348,673.0305311359828,663.857362095752,668.8427734375,1003182,,
2024-11-04,662.1622986413363,664.0069373201937,650.0976277453326,657.5757446289062,3492119,,
2024-11-05,656.8778246744886,667.0480765784905,630.554887763215,650.3967895507812,10046234,,
2024-11-06,647.1063854108538,703.9400741141183,646.1093031529017,697.9575805664062,10523346,,
2024-11-07,701.9459227036695,716.2041870871733,690.7287470922827,703.9899291992188,9310382,,
2024-11-08,705.7846490570805,705.8345518554307,688.6847249175005,692.0747680664062,4230373,,
2024-11-11,690.0307983130335,708.8756782561178,683.3503346854438,698.1570434570312,4262338,,
2024-11-12,702.9430259381653,717.3508774355469,693.57042791616,702.2450561523438,4319306,,
2024-11-13,701.8960922615186,707.4797287589543,663.0597247814746,668.4938354492188,6086731,,
2024-11-14,663.0098734744175,692.4736426422071,640.7749508280909,651.9921264648438,9828648,,
2024-11-18,654.0859740343247,673.429394560486,652.1914933642621,666.3002319335938,6958109,,
2024-11-19,672.0334732177186,704.9371892654704,668.3940984635466,699.3036499023438,7435686,,
2024-11-21,705.6850105717093,717.899268967334,694.6672631291118,709.67333984375,7498145,,
2024-11-22,711.9167530420597,712.1660236138531,681.8048557979977,704.3887939453125,5902907,,
2024-11-25,720.7409059153005,734.6502159729998,679.810690256465,697.359375,52990269,,
2024-11-26,692.7727467902828,706.8814852081086,689.0835302317666,691.3269653320312,4388024,,
2024-11-27,694.9663741050321,703.9401149471344,683.3503407832586,695.614501953125,2897301,,
2024-11-28,700.2509002293172,709.9226108918145,689.9809645184489,705.5853271484375,3683966,,
2024-11-29,705.5853327946807,725.8759337991197,703.5412653393935,722.3363037109375,4281944,,
2024-12-02,720.3919602893646,739.3863658944376,713.6616547780108,719.9931030273438,4677259,,
2024-12-03,722.8846701279988,729.5651337336999,718.4476417054534,724.729248046875,2741760,,
2024-12-04,728.4683070966051,729.4653894007928,698.954695235483,720.6412353515625,6581665,,
2024-12-05,720.8904822763873,722.5855343093091,709.2744494708752,718.54736328125,2571259,,
2024-12-06,718.5473553853175,747.8116953887,714.8581388499856,728.3685913085938,7793780,,
2024-12-09,729.7146741771903,776.4280175516706,729.7146741771903,773.1875,12146633,,
2024-12-10,775.7300388344112,779.0203982930136,742.8761644784282,756.685791015625,8400100,,
2024-12-11,758.7796153701232,764.7621090524107,750.8527990696779,760.7239379882812,3352324,,
2024-12-12,759.7766827869291,782.1611917149924,749.6562734962168,757.8822021484375,6556832,,
2024-12-13,757.7825520980131,760.7737990141894,735.2485163389808,744.920166015625,3505764,,
2024-12-16,748.2604299229733,763.1169197922295,746.1665205627319,761.0230712890625,2591969,,
2024-12-17,761.7708925682765,766.6067174780069,750.9026709361871,754.1431884765625,2620852,,
2024-12-18,756.7355914061247,760.2752212483914,731.8583769132057,751.9994506835938,3734611,,
2024-12-19,737.0432350249102,746.3160880760843,733.8525595510996,740.2837524414062,1943250,,
2024-12-20,742.3277942996458,745.6679957605814,713.2628200524035,717.1016235351562,3319528,,
2024-12-23,725.5768273107304,736.7441616335271,712.4651702633762,721.8377685546875,2639988,,
2024-12-24,721.8377180760571,726.5240168939965,710.171843401591,717.8992309570312,1527876,,
2024-12-26,722.8846628388451,733.7528841815964,715.207117006935,724.3304443359375,2236160,,
2024-12-27,722.9344767461783,732.6560287314849,717.4006824028796,719.54443359375,1437302,,
2024-12-30,721.6383145434047,750.9525585029197,712.9138444193911,742.2280883789062,8766154,,
2024-12-31,738.8379551450347,771.7416697466355,723.8817212352162,764.0142822265625,5013928,,
2025-01-01,757.7825132875471,777.7241583740615,751.8997036441968,773.5862426757812,3494514,,
2025-01-02,775.8296804419278,793.0792521873154,765.0612042292329,785.6011352539062,5574250,,
2025-01-03,788.5923928843766,790.5865574274075,755.19013678861,775.5305786132812,6953038,,
2025-01-06,779.2696701195032,791.1349739956477,738.3394533125519,742.3776245117188,6020813,,
2025-01-07,774.7827635169818,778.8708373265374,716.0546544961288,720.8406372070312,14987021,,
2025-01-08,722.3362507271069,722.5356793492232,661.5640752042267,704.3389282226562,20415166,,
2025-01-09,706.8316846068931,707.3302257694436,654.0860052662226,660.6168823242188,12811828,,
2025-01-10,658.0743118486987,659.669619170957,612.856654309197,624.9213256835938,11749415,,
2025-01-13,598.2493953461624,607.9211060756737,567.090572671883,571.4278564453125,16964480,,
2025-01-14,579.3546621859814,602.1878713541865,568.48650155627,594.659912109375,18395591,,
2025-01-15,598.2493651837685,600.8916575561591,520.4769477098786,553.4803466796875,29446466,,
2025-01-16,556.4715883334213,568.3368916421117,516.5882976918696,537.6267700195312,39325170,,
2025-01-17,535.433195348038,553.03172229402,496.54698563002404,500.0367736816406,29250914,,
2025-01-20,523.4682033177647,547.3981783265768,519.5297160928163,529.3510131835938,42274364,,
2025-01-21,536.4302697876356,536.4302697876356,479.2974669798094,486.9251403808594,30176134,,
2025-01-22,484.58198659161974,497.5440561918071,457.66076511430754,484.2330017089844,48236616,,
2025-01-23,491.2125757729183,508.16297441616734,470.62283291844363,476.7548828125,44335820,,
2025-01-24,478.59949761580384,482.0892856192524,453.92171101998895,457.4114990234375,23715822,,
2025-01-27,456.663676334987,456.663676334987,431.9360483904457,435.92437744140625,18798873,,
2025-01-28,436.27333996292106,447.6401023113071,419.4226554965308,436.7718811035156,29156002,,
2025-01-29,439.8130070837348,450.63135608675935,433.03282921022964,447.3908386230469,18178589,,
2025-01-30,449.6841269600523,464.690203725996,433.8305241351948,439.36431884765625,21631272,,
2025-01-31,458.70769937663437,505.22161295697396,445.1972463997477,501.6321105957031,76184680,,
2025-02-01,500.5353042091374,525.2130906218389,482.58782318171814,503.9752502441406,48867197,,
2025-02-03,500.9840094486811,515.8404990752098,483.6846256084498,501.43267822265625,22726079,,
2025-02-04,508.51195463089374,592.2668648053939,503.6262576230884,562.1549682617188,52426558,,
2025-02-05,565.3456806325772,589.6745138068624,551.3865280243655,566.1931762695312,51857027,,
2025-02-06,562.3543963877631,567.8383488348069,536.5299414306737,540.8174438476562,23885400,,
2025-02-07,539.4215402946298,551.9349113592547,532.043106713019,537.8262329101562,17368687,,
2025-02-10,535.4830287005703,543.4098450334826,512.5002942150643,520.5267944335938,10099332,,
2025-02-11,523.1192420346126,525.4623610474982,503.52655090889294,518.7320556640625,10354212,,
2025-02-12,510.6058289598913,520.1280137499077,497.1950900857472,511.1043701171875,11442504,,
2025-02-13,509.5090673928047,528.4536315424393,505.52073809814476,524.9140014648438,10861298,,
2025-02-14,520.4769460126915,523.3186061452193,478.749046841484,486.9749755859375,12516211,,
2025-02-17,483.03652151170155,508.4621195882364,476.15662945404546,505.570556640625,15540320,,
2025-02-18,501.58222498136536,504.77290042459947,478.1009496367318,482.8869323730469,13375181,,
2025-02-19,482.5878214301934,492.30937361809504,473.4146523225025,481.74029541015625,16318703,,
2025-02-20,481.74029560914454,495.05135008070766,478.7490487808623,492.4090881347656,8615680,,
2025-02-21,491.56155500849275,500.93412218258237,480.59365013000706,483.83416748046875,6975603,,
2025-02-24,481.5408907152131,483.78432580522974,473.2152477398885,477.7021179199219,6151724,,
2025-02-25,481.04236835257626,486.4764486366238,471.76948469492595,476.6551818847656,6624720,,
2025-02-27,477.6024184724743,482.5379879955357,457.2120734038527,467.8310241699219,7999524,,
2025-02-28,451.2295655214211,470.9219401970006,451.2295655214211,460.9012756347656,9678048,,
2025-03-03,462.6960352393683,465.98642512983974,435.57541457919024,439.1649169921875,7993592,,
2025-03-04,436.62233502551356,463.9922564536149,424.757061688468,458.259033203125,12207939,,
2025-03-05,456.4642523298371,468.0802851511273,453.7721484503197,466.08612060546875,5883560,,
2025-03-06,466.88377045834704,474.1126168776167,445.7954866450814,449.0858459472656,7622018,,
2025-03-07,450.68118767030495,452.07709676764733,427.74829537734695,430.4404296875,11762843,,
2025-03-10,436.7220451495399,437.8188417595954,404.8154117139571,406.31103515625,17135126,,
2025-03-11,403.3197737181314,428.89492757277054,398.2346481121215,420.2701721191406,32037217,,
2025-03-12,422.91245671463264,430.1413034794622,416.43142168409577,426.00341796875,13069316,,
2025-03-13,428.09729582160963,435.176586307282,416.780405519057,429.64276123046875,9809250,,
2025-03-17,428.7453852858499,436.47277304390883,423.7599738290377,426.751220703125,6286845,,
2025-03-18,426.751220703125,426.751220703125,426.751220703125,426.751220703125,0,,
2025-03-19,433.18240692630695,463.6432582829439,432.7337077307477,452.2266540527344,8732320,,
2025-03-20,458.6578418125502,473.61407578469857,441.20890217837706,465.8866882324219,11753814,,
2025-03-21,466.4849634977547,482.58783667293125,463.1945736269533,469.8251953125,9707389,,
2025-03-24,472.66685758858426,499.23912553251944,465.1887402524383,488.4207763671875,12929450,,
2025-03-25,490.9134731732287,493.5557351646655,465.0890478634515,467.8310241699219,8667538,,
2025-03-26,469.72546217970677,480.09511167323456,467.23275651162146,472.9161071777344,6631615,,
2025-03-27,471.6199141434876,473.6140786853205,462.94528621509994,467.6814270019531,5040093,,
2025-03-28,469.7753029794733,480.194824818151,461.5493742947917,465.8866882324219,5318930,,
2025-04-01,466.1359713211377,468.1301359043297,451.27945126206436,456.7135314941406,4813861,,
2025-04-02,458.85728215883086,516.8874836246124,458.10947044112,509.6087646484375,38537731,,
2025-04-03,501.0338443893664,515.391853526637,496.447259827657,507.6145935058594,16010829,,
2025-04-04,504.6233595036981,506.5178097932015,479.74614387885737,485.7286376953125,8666363,,
2025-04-07,441.757294645659,490.564484717301,441.757294645659,484.881103515625,10031988,,
2025-04-08,498.5411320304647,503.5265433507694,482.1889889855727,490.86358642578125,7793425,,
2025-04-09,491.5615657639772,497.2449469513242,480.8429312163854,492.6084899902344,4738177,,
2025-04-11,500.23621329668464,515.6909892931799,493.60559151019686,509.2597961425781,9258081,,
2025-04-15,516.5384869015724,522.4212969688126,509.9577678916727,512.64990234375,5595619,,
2025-04-16,512.6498660940606,527.4565132478883,511.3037685346673,523.817138671875,6297239,,
2025-04-17,523.7174877435269,531.7439882352921,514.6939049333542,523.1192626953125,5628907,,
2025-04-21,526.210200529575,533.9375885998813,520.4769771225734,527.6061401367188,4668209,,
2025-04-22,530.4477766927083,537.5769393877047,520.0780965649088,523.4682006835938,4707881,,
2025-04-23,527.0576995313999,543.808731495697,517.43589148381,536.4302978515625,6814548,,
2025-04-24,534.4361322497303,534.4361322497303,515.9402670830252,518.2833862304688,4969546,,
2025-04-25,521.4740462686058,524.5151351318358,493.75517032096286,499.7875061035156,5186211,,
2025-04-28,499.7376505679214,524.0664216691501,499.5382219406423,516.6880493164062,7718095,,
2025-04-29,519.4300255845435,521.4740320857404,512.9988327114979,516.6880493164062,3263583,,
2025-04-30,518.3332060777407,521.3244529590751,509.9078789524374,515.0428466796875,3230049,,
2025-05-02,512.5999783223826,517.3860219755436,504.5734781003817,505.7699890136719,2385861,,
2025-05-05,511.4035447766718,533.2396110066286,506.61753139753245,529.2512817382812,5057306,,
2025-05-06,527.306940789296,527.306940789296,499.1393967354981,500.7845764160156,4252429,,
2025-05-07,495.05136544436886,524.6647221348125,492.2096747836031,521.57373046875,6551428,,
2025-05-08,521.5238888414542,526.9579995895256,505.52072997519286,510.9049987792969,4816872,,
2025-05-09,499.63796066327944,525.9609280376554,499.63796066327944,517.6353149414062,8318725,,
2025-05-12,533.4390005727539,543.4098230133661,528.5034312932368,536.579833984375,4952776,,
2025-05-13,536.6297116252796,556.0728166779559,535.034343414405,552.8821411132812,6679954,,
2025-05-14,553.8792357285154,562.8529767214166,546.8996594007033,549.841064453125,5229385,,
2025-05-15,550.489101656775,555.0258747099358,546.9993136817731,550.2897338867188,2679355,,
2025-05-16,553.0815722469313,563.3515079189954,549.392355510383,558.7649536132812,3764160,,
2025-05-19,558.7649416368338,563.3514958442406,551.4363502651469,557.7179565429688,2797104,,
2025-05-20,559.9613912927643,562.6535256547347,541.1165724731183,544.5565185546875,2699286,,
2025-05-21,547.946564276433,556.3220799160725,545.4040165898876,550.4392700195312,2242053,,
2025-05-22,548.3952632927438,554.0786445564652,543.5594384956282,552.4832763671875,1819021,,
2025-05-23,552.3835984768552,556.322085763764,546.7002171514366,551.9847412109375,1506623,,
2025-05-26,551.8850633376024,572.823792027918,551.5361088689272,566.6917114257812,3963204,,
2025-05-27,566.6418265035845,574.2196880643339,558.3660560584185,561.1080322265625,3254302,,
2025-05-28,563.3514832527696,571.7768406161946,560.7091908911445,568.9351196289062,3694813,,
2025-05-29,569.4835895320228,571.6272799987054,560.3602619912918,563.7503662109375,2282974,,
2025-05-30,563.7503651877856,566.2430709750379,556.9701567607998,558.7649536132812,2652645,,
2025-06-02,559.3133205651106,559.5127491937474,549.3923396468963,555.02587890625,2148392,,
2025-06-03,555.02587890625,558.7150346792005,552.5331731909737,555.02587890625,2055341,,
2025-06-04,556.1226689027585,563.8500569511608,552.3836101696606,555.0757446289062,1607744,,
2025-06-05,556.371921667911,559.0640560409447,548.8938044411918,552.4832763671875,2202021,,
2025-06-06,552.4334484061156,565.5451052849886,548.5947058087355,561.45703125,4013554,,
2025-06-09,562.2547242875308,564.398414683876,548.395256197173,550.0404663085938,4580685,,
2025-06-10,552.6328862088654,553.3806979628694,539.9699283363178,545.5037231445312,2936338,,
2025-06-11,546.1517976917262,548.0961202337452,532.4419168733579,533.638427734375,3423319,,
2025-06-12,536.3804072503243,536.3804072503243,515.5912058743005,517.0369873046875,2760817,,
2025-06-13,513.2480943788498,519.4798585165241,506.2685185446547,517.4358520507812,2241852,,
2025-06-16,516.4886559012517,521.9726088114002,512.6000104039521,519.828857421875,1677132,,
2025-06-17,522.42130439679,524.4154690774861,510.5061582582152,513.0487060546875,1533562,,
2025-06-18,510.705571711976,521.5737323843617,508.2128659352259,518.3831176757812,2510894,,
2025-06-19,518.3831138241569,524.2658628993331,506.5178100721566,509.55889892578125,1651973,,
2025-06-20,509.0603556868475,520.9755013337422,505.1218988621165,516.8375854492188,2572731,,
2025-06-23,510.6058169929959,518.1836789205427,500.8842950820984,514.1455078125,3745939,,
2025-06-24,515.9402551365798,525.9110782685764,515.9402551365798,519.2804565429688,3158001,,
2025-06-25,520.7760537892543,541.2162401805882,519.8787162668046,538.7733764648438,5979018,,
2025-06-26,541.3160121461664,555.8235476309286,532.6413838504394,551.7354736328125,6105005,,
2025-06-27,552.6827072996908,554.3777593828878,539.4215248671625,543.1605834960938,9950793,,
2025-06-30,544.4069135041153,557.4188248148049,540.6678550322464,554.2281494140625,5531047,,
2025-07-01,555.8733691407692,573.3721509216784,551.4861827814032,568.6858520507812,5261401,,
2025-07-02,568.6858526884192,591.8680156427043,565.1462227743407,583.891357421875,10325501,,
2025-07-03,583.8913904811577,585.5864426204704,572.3252597489228,581.1494140625,3013808,,
2025-07-04,581.3488336373099,585.9354488167126,576.7124373704717,583.9412841796875,2463946,,
2025-07-07,585.6861483412299,591.2199427550916,569.0847042425731,582.3458862304688,4533164,,
2025-07-08,584.3899312437879,584.3899312437879,561.3075117405788,572.0759887695312,5388844,,
2025-07-09,572.3252233271985,590.7712453333887,569.7826757085705,577.1112060546875,6120782,,
2025-07-10,577.3106489112992,588.2785541583187,576.2138827294267,586.0849609375,3681106,,
2025-07-11,585.2873017943276,585.7858429372529,574.6185091643111,580.4514770507812,2512940,,
2025-07-14,584.4896537942341,586.6832470157515,578.5071600212267,584.0409545898438,1929247,,
2025-07-15,586.5834723119084,592.964823020015,583.6420675189987,586.5336303710938,2768515,,
2025-07-16,588.2785376837272,594.0117607204754,584.3898924985823,588.4779663085938,2590757,,
2025-07-17,590.2727252029558,607.7216655594622,587.9794480703728,598.7479248046875,6596360,,
2025-07-18,599.7450217281631,602.0881408617437,585.9852977402289,588.4281616210938,3316072,,
2025-07-21,589.2756080002717,594.8094022999261,581.7974911474764,589.4750366210938,2278611,,
2025-07-22,589.3254765292337,593.2639637541423,584.2902231259284,591.3196411132812,2644299,,
2025-07-23,594.3607489560543,615.8479217225583,586.5336770559785,610.0149536132812,6492596,,
2025-07-24,610.2143435205954,615.8977245777407,600.4927914792135,611.21142578125,4625453,,
2025-07-25,604.7304359204842,606.1762174770349,587.9296229257051,592.2669067382812,4183010,,
2025-07-28,589.1759297667102,601.24060072872,585.6362390701295,595.1085205078125,3301048,,
2025-07-29,592.3665397940706,605.3286090312018,589.3254511060039,602.6365356445312,4141737,,
2025-07-30,602.6365696957772,608.220206262902,599.7948486112879,604.8800048828125,1639300,,
2025-07-31,588.7770860049684,601.8887423223366,588.7770860049684,592.96484375,3726886,,
2025-08-01,592.26690643007,592.715605651811,579.1054074490976,581.1494140625,2514506,,
2025-08-04,581.2989484393389,596.6041365468432,572.3750501812489,594.709716796875,2739060,,
2025-08-05,591.2698134358724,601.3902232869218,588.3782503764083,598.2493896484375,3609951,,
2025-08-06,592.2668667527695,597.4517067139387,584.2403666727364,588.4779663085938,3623026,,
2025-08-07,581.2989529674529,598.3490351353337,568.0377711860933,589.2257690429688,6060138,,
2025-08-08,613.2056200656698,614.2027023747196,514.0457722592453,526.5591430664062,34324131,,
2025-08-11,526.5591642699962,542.9611810857612,518.4828215843023,535.9317626953125,9953585,,
2025-08-12,533.4390267911284,535.8818905805585,518.7320629683824,521.1749267578125,6644382,,
2025-08-13,527.3568481712184,527.4565320575114,512.500297689151,514.1455078125,4945563,,
2025-08-14,515.4915620469556,544.7060619992848,509.95776731438497,531.9434204101562,16235146,,
2025-08-18,533.4390575946823,538.3247854556699,516.7379282213908,518.6822509765625,6113881,,
2025-08-19,518.6822343395014,520.7262409213439,502.33005997061093,505.8697204589844,10323414,,
2025-08-20,506.01926827024806,512.5003032333152,502.92830704830857,509.1102294921875,8707575,,
2025-08-21,511.65281504396273,514.2452047239777,507.91372592862945,509.5090637207031,3642857,,
2025-08-22,509.50904359765804,513.8962299597233,507.06617984735067,509.6585998535156,3661834,,
2025-08-25,510.5061258747572,513.4973727060545,508.1131344954265,509.6585998535156,3732416,,
2025-08-26,507.7143076301919,511.0046669729446,493.6554414384973,496.94580078125,6010624,,
2025-08-28,493.10703956669335,513.2979561528762,491.5117322286394,508.6615295410156,7354852,,
2025-08-29,506.51781965687985,509.0105254622779,500.03678456284496,502.6790466308594,3445371,,
2025-09-01,501.53238028499186,510.00757955422137,500.5851399599577,508.5617980957031,2632303,,
2025-09-02,507.5149023203557,515.9402601196824,504.7230839878474,507.2157897949219,4309669,,
2025-09-03,507.51488030294144,519.8787249124827,507.51488030294144,512.5999755859375,7851485,,
2025-09-04,516.3499755859375,518.0999755859375,500.45001220703125,501.8999938964844,6322679,,
2025-09-05,505.0,507.70001220703125,498.79998779296875,501.95001220703125,3099877,,
2025-09-08,500.0,509.95001220703125,500.0,505.95001220703125,1576902,,
2025-09-09,506.0,507.45001220703125,496.45001220703125,500.25,5338293,,
2025-09-10,502.54998779296875,509.0,499.6499938964844,507.04998779296875,4098921,,
2025-09-11,507.04998779296875,509.0,502.0,505.79998779296875,2482501,,
2025-09-12,506.0,507.79998779296875,502.0,502.75,1231836,,
2025-09-15,503.25,507.0,502.3999938964844,504.75,1386065,,
2025-09-16,506.0,512.7999877929688,503.3999938964844,508.54998779296875,1957300,,
2025-09-17,509.5,534.9000244140625,505.75,522.7999877929688,13974367,,
2025-09-18,525.2999877929688,525.75,512.0,515.0,2750835,,
2025-09-19,515.0,517.5,510.75,511.3999938964844,2544795,,
2025-09-22,511.5,513.75,504.04998779296875,505.25,2318111,,
2025-09-23,506.8999938964844,506.8999938964844,494.0,494.95001220703125,3515718,,
2025-09-24,496.95001220703125,496.95001220703125,476.0,479.1000061035156,3388990,,
2025-09-25,480.0,485.1000061035156,460.5,462.54998779296875,7815628,,
2025-09-26,463.5,466.20001220703125,448.0,455.79998779296875,6220406,,
2025-09-29,458.95001220703125,459.1499938964844,442.25,448.29998779296875,7231883,,
2025-09-30,455.29998779296875,472.1000061035156,447.3999938964844,454.29998779296875,10172021,,
2025-10-01,457.70001220703125,466.25,455.45001220703125,465.29998779296875,2860820,,
2025-10-03,468.0,498.25,462.70001220703125,492.1499938964844,9945564,,
2025-10-06,495.0,495.6499938964844,479.0,485.3500061035156,4548669,,
2025-10-07,488.54998779296875,493.20001220703125,480.95001220703125,487.70001220703125,3252885,,
2025-10-08,488.8500061035156,496.3999938964844,480.1499938964844,481.95001220703125,3503857,,
2025-10-09,485.0,488.54998779296875,481.1000061035156,482.95001220703125,2192277,,
2025-10-10,485.1000061035156,488.8999938964844,482.29998779296875,484.8500061035156,1546536,,
2025-10-13,483.0,483.54998779296875,473.6499938964844,474.79998779296875,2122526,,
2025-10-14,476.0,478.20001220703125,468.0,469.45001220703125,2006000,,
2025-10-15,468.0,479.8999938964844,467.04998779296875,477.0,1519312,,
2025-10-16,479.29998779296875,492.29998779296875,476.04998779296875,487.1499938964844,4326210,,
2025-10-17,487.04998779296875,502.5,485.8500061035156,489.8500061035156,6416427,,
2025-10-20,492.25,498.79998779296875,489.6499938964844,494.8999938964844,2212049,,
2025-10-21,500.0,500.0,490.0,492.1000061035156,580370,,
2025-10-23,494.95001220703125,505.54998779296875,492.25,494.1499938964844,3922147,,
2025-10-24,495.0,500.3500061035156,492.3500061035156,495.29998779296875,1789782,,
2025-10-27,496.75,506.95001220703125,494.20001220703125,505.8500061035156,3225633,,
2025-10-28,506.3999938964844,514.2999877929688,503.20001220703125,504.8999938964844,2705182,,
2025-10-29,505.0,515.7999877929688,501.6499938964844,513.2000122070312,2747376,,
2025-10-30,510.95001220703125,520.0,508.1000061035156,512.9000244140625,2585955,,
2025-10-31,513.0999755859375,516.0,508.6499938964844,509.70001220703125,1364332,,
2025-11-03,510.54998779296875,518.7000122070312,507.54998779296875,515.8499755859375,2116978,,
2025-11-04,515.0,528.5,515.0,522.5999755859375,5177171,,
2025-11-06,523.7000122070312,525.0,510.1499938964844,512.8499755859375,2055368,,
2025-11-07,514.9000244140625,515.4000244140625,501.1499938964844,512.7999877929688,1994042,,
2025-11-10,516.7999877929688,526.1500244140625,505.95001220703125,510.3999938964844,7066021,,
2025-11-11,513.0,513.0,498.0,509.3999938964844,4125402,,
2025-11-12,510.25,515.0,505.70001220703125,508.75,1756494,,
2025-11-13,509.75,511.8999938964844,497.0,498.75,2684487,,
2025-11-14,500.0,501.3999938964844,491.0,495.5,2174899,,
2025-11-17,498.70001220703125,499.20001220703125,493.0,495.45001220703125,1393599,,
2025-11-18,495.0,495.3999938964844,486.04998779296875,490.6499938964844,1812929,,
2025-11-19,490.0,502.70001220703125,487.75,499.6000061035156,2396175,,
2025-11-20,501.0,514.2999877929688,499.79998779296875,504.1000061035156,3199562,,
2025-11-21,504.1000061035156,505.6499938964844,495.25,496.45001220703125,1396093,,
2025-11-24,496.45001220703125,499.54998779296875,481.04998779296875,484.3999938964844,1878992,,
2025-11-25,482.3500061035156,485.8500061035156,479.1000061035156,482.79998779296875,1222062,,
2025-11-26,482.79998779296875,498.79998779296875,481.5,497.54998779296875,1696869,,
2025-11-27,500.0,500.0,490.1000061035156,493.8999938964844,827820,,
2025-11-28,495.0,509.8500061035156,492.04998779296875,505.3500061035156,2786839,,
2025-12-01,507.79998779296875,516.0,504.54998779296875,506.95001220703125,2105078,,
2025-12-02,506.95001220703125,506.95001220703125,500.29998779296875,501.29998779296875,1013055,,
2025-12-03,500.04998779296875,500.95001220703125,486.8500061035156,490.0,2128152,,
2025-12-04,491.8999938964844,493.8500061035156,485.79998779296875,490.1000061035156,1122566,,
2025-12-05,490.0,494.5,486.5,492.5,1280000,,
2025-12-08,492.5,494.6000061035156,470.25,475.04998779296875,2067370,,
2025-12-09,470.0,475.79998779296875,459.04998779296875,473.3500061035156,2486218,,
2025-12-10,475.0,477.25,460.0,460.70001220703125,4168041,,
2025-12-11,463.6000061035156,474.8999938964844,459.8999938964844,470.04998779296875,1616190,,
2025-12-12,473.3500061035156,480.0,470.1000061035156,479.29998779296875,1471440,,
2025-12-15,477.1000061035156,488.04998779296875,475.0,480.1000061035156,1832579,,
2025-12-16,479.54998779296875,480.79998779296875,473.04998779296875,479.1000061035156,1143303,,
2025-12-17,478.5,483.45001220703125,468.0,474.8500061035156,2702149,,
2025-12-18,470.8500061035156,474.29998779296875,467.25,470.8500061035156,2100730,,
2025-12-19,470.25,486.1499938964844,469.0,484.8500061035156,2727535,,
2025-12-22,484.8500061035156,488.0,482.0,485.29998779296875,1402011,,
2025-12-23,485.1000061035156,491.5,482.25,488.3500061035156,1562369,,
2025-12-24,488.3500061035156,491.8999938964844,484.5,487.20001220703125,1018029,,
2025-12-26,485.1000061035156,496.29998779296875,485.0,491.1499938964844,1210787,,
2025-12-29,488.6499938964844,496.79998779296875,484.1000061035156,486.29998779296875,1471876,,
2025-12-30,486.45001220703125,487.3999938964844,479.5,481.8500061035156,1990368,,
2025-12-31,485.0,489.29998779296875,482.70001220703125,485.3500061035156,1102888,,
2026-01-01,486.8999938964844,486.8999938964844,480.75,484.20001220703125,718123,,
2026-01-02,486.3999938964844,497.70001220703125,484.6000061035156,495.70001220703125,1727423,,
2026-01-05,492.70001220703125,505.8999938964844,488.6499938964844,504.20001220703125,2659371,,
2026-01-06,505.8999938964844,507.29998779296875,496.1499938964844,500.1499938964844,1989068,,
2026-01-07,505.0,535.0,502.75,520.75,15853176,,
2026-01-08,522.2999877929688,528.25,508.3999938964844,511.79998779296875,5202626,,
2026-01-09,509.29998779296875,515.4500122070312,502.75,506.8999938964844,2355831,,
2026-01-12,505.5,506.8500061035156,490.95001220703125,501.3999938964844,2717796,,
2026-01-13,504.95001220703125,505.54998779296875,490.25,495.45001220703125,2450514,,
2026-01-14,493.29998779296875,493.3500061035156,475.5,480.3999938964844,6837010,,
2026-01-15,480.3999938964844,480.3999938964844,480.3999938964844,480.3999938964844,0,,
2026-01-16,480.8999938964844,480.8999938964844,463.0,467.5,6281291,,
2026-01-19,468.0,471.8500061035156,446.5,458.8500061035156,7650562,,
2026-01-20,462.0,465.3999938964844,449.20001220703125,451.45001220703125,5444055,,
2026-01-21,452.0,452.0,389.1000061035156,396.54998779296875,37639138,,
2026-01-22,398.45001220703125,403.8500061035156,369.8500061035156,373.54998779296875,18017001,,
2026-01-23,378.25,381.79998779296875,365.25,367.20001220703125,12299275,,
2026-01-27,372.79998779296875,372.79998779296875,347.5,368.8999938964844,12098840,,
2026-01-28,371.29998779296875,376.75,363.3999938964844,367.95001220703125,5245185,,
2026-01-29,367.45001220703125,370.0,357.1499938964844,368.3999938964844,7529146,,
2026-01-30,365.25,367.79998779296875,359.6000061035156,361.6499938964844,4146294,,
2026-02-02,368.95001220703125,369.8500061035156,355.8500061035156,365.5,4349733,,
2026-02-03,388.0,394.04998779296875,379.1499938964844,383.95001220703125,6481717,,
2026-02-04,383.95001220703125,391.3999938964844,380.45001220703125,387.20001220703125,3861744,,
2026-02-05,387.95001220703125,387.95001220703125,371.5,376.1499938964844,4060005,,
2026-02-06,377.6000061035156,382.0,364.70001220703125,380.25,5108188,,
2026-02-09,405.0,442.95001220703125,395.20001220703125,437.3500061035156,73673179,,
2026-02-10,441.0,445.0,429.3999938964844,433.8999938964844,27651390,,
2026-02-11,433.8999938964844,435.3500061035156,423.0,426.95001220703125,8218913,,
2026-02-12,430.6499938964844,433.8500061035156,423.1499938964844,432.5,6967117,,
2026-02-13,429.8999938964844,429.8999938964844,415.1000061035156,418.04998779296875,6604401,,
2026-02-16,418.04998779296875,431.75,415.0,427.04998779296875,4983795,,
2026-02-17,425.8500061035156,428.25,419.04998779296875,420.8500061035156,3627830,,
2026-02-18,421.0,422.8500061035156,410.6000061035156,418.3999938964844,4686354,,
2026-02-19,420.0,420.6499938964844,402.3999938964844,404.75,4337971,,
2026-02-20,406.0,407.20001220703125,400.0,401.20001220703125,4504412,,
2026-02-23,405.0,405.8999938964844,398.95001220703125,402.1499938964844,3419994,,
2026-02-24,400.3500061035156,409.70001220703125,399.04998779296875,406.8999938964844,3592400,,
2026-02-25,409.0,410.29998779296875,402.3999938964844,405.70001220703125,2124454,,
2026-02-26,405.70001220703125,411.0,402.70001220703125,407.1000061035156,1975252,,
2026-02-27,405.04998779296875,417.5,405.04998779296875,410.1000061035156,5995568,,
2026-03-02,394.95001220703125,407.95001220703125,390.04998779296875,401.75,4803685,,
2026-03-04,394.8500061035156,396.29998779296875,387.3999938964844,393.79998779296875,3256574,,
2026-03-05,397.0,402.70001220703125,389.5,399.79998779296875,2655249,,
2026-03-06,395.95001220703125,401.1000061035156,394.25,395.54998779296875,2237896,,
2026-03-09,386.20001220703125,391.8999938964844,382.04998779296875,389.0,1994640,,
2026-03-10,392.5,397.79998779296875,387.20001220703125,392.8500061035156,2143619,,
2026-03-11,396.0,404.79998779296875,388.6000061035156,390.5,3034206,,
2026-03-12,388.5,393.6499938964844,378.6000061035156,389.95001220703125,3218077,,
2026-03-13,388.95001220703125,389.45001220703125,377.0,379.0,2576181,,
2026-03-16,379.0,386.70001220703125,373.75,381.6000061035156,2535411,,
2026-03-17,381.5,384.5,375.6000061035156,383.70001220703125,2113685,,
2026-03-18,385.0,391.1000061035156,382.70001220703125,389.6000061035156,2318622,,
2026-03-19,384.20001220703125,384.20001220703125,370.8999938964844,373.6000061035156,2846590,,
2026-03-20,376.20001220703125,389.6000061035156,376.1000061035156,382.70001220703125,3043574,,
2026-03-23,378.70001220703125,378.70001220703125,361.1000061035156,362.70001220703125,3830721,,
2026-03-24,375.0,375.20001220703125,364.0,371.70001220703125,2901895,,
2026-03-25,375.3999938964844,397.25,374.5,391.8500061035156,7261892,,
2026-03-27,387.95001220703125,396.0,383.1000061035156,388.3500061035156,4605634,1489753.0,32.35
2026-03-30,385.25,388.04998779296875,373.3999938964844,375.8999938964844,4281892,1888359.0,44.1
2026-04-01,385.6000061035156,392.3999938964844,382.95001220703125,387.1000061035156,3247928,1336371.0,41.15
2026-04-02,382.0,395.95001220703125,374.6000061035156,394.3500061035156,2915489,687310.0,23.57
2026-04-06,395.0,421.95001220703125,395.0,420.3500061035156,12249798,2501171.0,20.42
2026-04-07,435.0,437.3999938964844,411.8999938964844,414.3500061035156,11433396,1834958.0,16.05
2026-04-08,433.04998779296875,446.6499938964844,421.1499938964844,445.54998779296875,10391357,3590271.0,34.55
2026-04-09,443.3500061035156,449.95001220703125,436.29998779296875,446.1000061035156,5734714,1998129.0,34.84
2026-04-10,447.0,451.54998779296875,442.25,449.1499938964844,4195837,1629244.0,38.83
2026-04-13,434.8500061035156,446.1000061035156,434.3500061035156,441.6499938964844,2943116,993981.0,33.77
2026-04-15,452.0,452.6000061035156,441.04998779296875,442.5,3880048,1472576.0,37.95
2026-04-16,447.6499938964844,448.3999938964844,433.8999938964844,440.29998779296875,4999949,1718645.0,34.37
2026-04-17,441.0,444.3999938964844,415.25,426.8500061035156,16926134,3949947.0,23.34
2026-04-20,426.8500061035156,427.0,415.70001220703125,417.5,4425676,1565446.0,35.37
2026-04-21,417.79998779296875,421.25,414.1000061035156,415.1000061035156,4054202,1651603.0,40.74
2026-04-22,415.5,417.1499938964844,411.3999938964844,414.25,3493244,1257793.0,36.01
2026-04-23,414.25,414.70001220703125,407.1000061035156,412.8500061035156,3483756,1075689.0,30.88
2026-04-24,412.79998779296875,418.0,402.3500061035156,405.29998779296875,2734805,865952.0,31.66
2026-04-27,407.1499938964844,416.20001220703125,406.1499938964844,413.6499938964844,3334416,1337720.0,40.12
2026-04-28,413.6499938964844,416.79998779296875,409.04998779296875,412.6499938964844,2219506,908230.0,40.92
2026-04-29,413.54998779296875,420.6000061035156,409.45001220703125,412.3999938964844,3443668,1395052.0,40.51
2026-04-30,412.95001220703125,415.5,404.79998779296875,412.75,2332209,806264.0,34.57
2026-05-01,412.75,412.75,412.75,412.75,0,0.0,0.0
2026-05-04,414.0,417.54998779296875,410.5,413.29998779296875,1658040,589676.0,35.56
2026-05-05,414.0,415.0,405.3999938964844,406.6000061035156,3182460,1537480.0,48.31
2026-05-06,408.6000061035156,417.0,408.54998779296875,415.6499938964844,2401764,1149784.0,47.87
2026-05-07,417.75,419.6499938964844,407.0,411.1499938964844,5203107,2415997.0,46.43
2026-05-08,413.8999938964844,428.79998779296875,407.1499938964844,424.54998779296875,20957288,5070073.0,24.19
2026-05-11,411.0,411.0,382.1000061035156,385.20001220703125,31776601,8515245.0,26.8
2026-05-12,380.20001220703125,382.79998779296875,360.0,361.79998779296875,16357503,4504248.0,27.54
2026-05-13,351.0,360.79998779296875,340.1000061035156,355.3999938964844,43617380,8832358.0,20.25
2026-05-14,357.1000061035156,363.6499938964844,350.3500061035156,361.0,10358482,1643126.0,15.86
2026-05-15,361.0,361.75,352.0,353.04998779296875,6416858,2061104.0,32.12
2026-05-18,347.0,349.0,337.0,346.1000061035156,7652972,2220111.0,29.01
2026-05-19,347.6000061035156,349.6000061035156,342.1000061035156,344.1499938964844,3805361,1175961.0,30.9
2026-05-20,341.95001220703125,344.8999938964844,338.0,343.54998779296875,4261204,1113536.0,26.13
2026-05-21,347.0,353.8500061035156,343.1499938964844,353.0,5540790,1186366.0,21.41
2026-05-22,355.0,359.45001220703125,351.0,352.3999938964844,5989566,2012111.0,33.59
2026-05-25,358.70001220703125,360.25,355.29998779296875,357.8500061035156,3657122,1246872.0,34.09
2026-05-26,357.8500061035156,358.20001220703125,352.3500061035156,355.45001220703125,3012372,830663.0,27.58
2026-05-27,356.79998779296875,357.79998779296875,352.70001220703125,354.75,2019909,689206.0,34.12
2026-05-28,354.75,354.75,354.75,354.75,0,0.0,0.0
2026-05-29,354.95001220703125,365.8999938964844,350.45001220703125,355.04998779296875,52597584,32191441.0,61.2
2026-06-01,360.0,360.95001220703125,343.0,343.95001220703125,5068186,2001147.0,39.48
2026-06-02,343.95001220703125,353.8999938964844,338.1000061035156,353.1000061035156,9500123,4924841.0,51.84
2026-06-03,352.5,354.95001220703125,343.6000061035156,353.0,8384944,4078916.0,48.65
2026-06-04,351.5,371.70001220703125,350.45001220703125,362.1000061035156,14354554,6699404.0,46.67
2026-06-05,367.0,374.25,361.8500061035156,371.8500061035156,8220311,2484532.0,30.22
2026-06-08,363.95001220703125,369.54998779296875,351.0,354.20001220703125,4959120,1849689.0,37.3
2026-06-09,358.3500061035156,363.75,351.04998779296875,355.04998779296875,4648249,1436160.0,30.9
2026-06-10,356.0,356.1000061035156,337.29998779296875,338.70001220703125,6571988,2748070.0,41.81
2026-06-11,338.0,338.04998779296875,327.04998779296875,330.79998779296875,6518000,1920031.0,29.46
2026-06-12,338.0,345.75,335.0,344.75,7962150,3824014.0,48.03
2026-06-15,352.0,386.70001220703125,350.95001220703125,383.0,39244670,6240065.0,15.9
2026-06-16,385.0,385.6000061035156,374.5,378.54998779296875,9372108,2367435.0,25.26
2026-06-17,379.0,386.0,378.1499938964844,383.04998779296875,5166875,1298258.0,25.13
2026-06-18,383.0,384.70001220703125,380.3500061035156,382.95001220703125,2486742,779726.0,31.36
2026-06-19,380.54998779296875,386.5,375.25,383.5,4107954,996591.0,24.26
2026-06-22,383.5,387.25,379.25,381.1000061035156,1942778,613273.0,31.57
2026-06-23,381.1499938964844,385.5,372.0,373.1000061035156,4763160,941655.0,19.77
2026-06-24,373.20001220703125,378.3500061035156,362.1000061035156,376.20001220703125,4630350,1014430.0,21.91
2026-06-25,378.1000061035156,381.3500061035156,374.6499938964844,377.79998779296875,3154130,1081389.0,34.28
2026-06-25,378.1000061035156,381.3500061035156,374.6499938964844,377.79998779296875,3154130,0.0,0.0
2026-06-26,377.79998779296875,377.79998779296875,377.79998779296875,377.79998779296875,0,,
2026-06-29,377.79998779296875,381.5,372.6499938964844,377.8500061035156,5922391,2376788.0,40.13
2026-06-30,379.5,391.5,376.1000061035156,386.70001220703125,7975729,2885947.0,36.18
2026-07-01,388.5,393.29998779296875,379.6000061035156,381.04998779296875,3576363,0.0,0.0
2026-07-02,385.25,392.25,383.45001220703125,388.1000061035156,3935182,1465430.0,37.24
2026-07-03,390.0,395.45001220703125,379.1000061035156,382.04998779296875,4960043,1782717.0,35.94
2026-07-06,384.0,385.8500061035156,379.75,381.25,2632952,1093141.0,41.52
2026-07-07,360.8500061035156,367.04998779296875,348.3500061035156,354.75,24105506,5972724.0,24.78
2026-07-08,360.0,386.3999938964844,358.3999938964844,374.1499938964844,53326753,,
2026-07-09,380.0,448.0,377.8500061035156,443.0,117145048,,
2026-07-10,451.1000061035156,483.3999938964844,446.0,476.1499938964844,115487371,,
2026-07-13,470.5,531.9000244140625,469.0,510.6499938964844,154485625,20729811.0,13.42
2026-07-14,515.5499877929688,535.0,507.29998779296875,529.75,95814205,,
2026-07-15,534.0,551.0,518.2999877929688,548.0999755859375,63633358,7310831.0,11.49
2026-07-16,544.9500122070312,555.5999755859375,532.5,546.5999755859375,43022984,,
2026-07-17,542.0,577.5,541.25,574.4000244140625,53915916,,
2026-07-20,573.9000244140625,576.7000122070312,563.0999755859375,570.0,22893886,3762060.0,16.43
2026-07-21,568.0,580.75,555.0499877929688,577.0,28810655,5317166.0,18.46
2026-07-22,577.0,601.5,576.0,596.0999755859375,32800326,,
2026-07-23,598.0999755859375,602.0,583.5,585.5999755859375,16680401,2300505.0,13.79
2026-07-24,585.5499877929688,588.0,569.5,573.5499877929688,11499577,,
2026-07-27,575.0999755859375,585.5499877929688,562.4500122070312,564.5999755859375,16629166,2825753.0,16.99
2026-07-28,565.0,611.0,565.0,608.3499755859375,36154077,6640338.0,18.37
2026-07-29,612.0,634.7000122070312,609.3499755859375,628.5999755859375,44160878,9633399.0,21.81
2026-07-30,631.0,648.9500122070312,627.0499877929688,634.5999755859375,32636519,5031412.0,15.42
2026-07-31,634.5999755859375,638.4000244140625,610.0499877929688,612.5999755859375,23711127,3763816.0,15.87
2026-08-03,616.3499755859375,623.4000244140625,602.5499877929688,608.0,15638729,2412614.0,15.43
2026-08-04,610.0,610.7999877929688,586.5499877929688,591.4000244140625,28511014,4328029.0,15.18
2026-08-05,579.7000122070312,593.9500122070312,562.7000122070312,569.5,26488790,,
2026-08-06,575.0,600.0,561.25,598.0,24595955,4545632.0,18.48
2026-08-07,607.0,630.0,601.1500244140625,606.2999877929688,33255299,4355808.0,13.1
2026-08-11,602.0499877929688,609.0,594.7000122070312,602.2000122070312,9766458,1577753,16.15
2026-08-12,605.0,608.5999755859375,585.0499877929688,596.7000122070312,9246234,1634856,17.67
2026-08-13,601.5,619.7999877929688,593.2000122070312,613.4000244140625,16161376,3664640,22.67
2026-08-14,614.4500122070312,619.7000122070312,605.0,608.25,7182419,1382047,19.24
2026-08-19,604.0,604.0,588.0,595.2000122070312,6600122,1128440,17.1
2026-08-26,612.5999755859375,617.4000244140625,608.7999877929688,610.5999755859375,4182310,1689415,40.37
2026-08-27,610.5999755859375,635.9500122070312,609.9000244140625,629.2999877929688,14628608,3462338,23.66
2026-09-02,568.5999755859375,595.4500122070312,556.5,590.0,21211204,6679199,31.49
