date,open,high,low,close,volume,delivery_qty,delivery_pct
2022-01-03,1682.5844976657268,1767.4101507783225,1682.5844976657268,1741.24853515625,332111,,
2022-01-04,1749.4364469482177,1767.3102797742588,1712.4905859110693,1751.383544921875,431313,,
2022-01-05,1722.4760444670253,1772.3030570302383,1722.4760444670253,1769.107666015625,368312,,
2022-01-06,1757.4248614296637,1797.366335553065,1729.1662197306748,1795.8685302734375,272343,,
2022-01-07,1798.364718608068,1817.3369171941608,1762.4173949712604,1785.18408203125,53569,,
2022-01-10,1787.4807577037711,1807.1520064194965,1747.439455138649,1760.7698974609375,53429,,
2022-01-11,1787.38092494865,1796.01829290286,1737.7037176770327,1777.3455810546875,178094,,
2022-01-12,1797.366387459213,1802.359071868822,1762.4175965919505,1794.0711669921875,121926,,
2022-01-13,1797.3662974004803,1830.3180128528224,1772.4028766032516,1818.585205078125,108499,,
2022-01-14,1825.3253794920927,1825.3253794920927,1782.388294525922,1803.207763671875,151881,,
2022-01-17,1837.307759282345,1837.307759282345,1773.6010610462001,1796.1680908203125,198010,,
2022-01-18,1796.168038947214,1819.3340438776706,1777.3954984095794,1812.7935791015625,75764,,
2022-01-19,1815.339980403733,1817.3370540895457,1758.4233803580714,1792.2738037109375,40542,,
2022-01-20,1777.4454930305014,1807.3516216598505,1762.4174653202408,1801.060791015625,64946,,
2022-01-21,1801.360507098489,1887.2346776142708,1742.446831977197,1824.62646484375,287544,,
2022-01-24,1842.2005434384484,1842.2005434384484,1733.4098873170356,1778.5438232421875,223551,,
2022-01-25,1747.439379166907,1846.1946918878791,1697.5125397621382,1822.529296875,231199,,
2022-01-27,1836.309217853851,1847.3430985068258,1777.395545285402,1828.0712890625,288688,,
2022-01-28,1832.3150458775417,1862.2211745726504,1807.50143053378,1828.2210693359375,250657,,
2022-01-31,1844.2975284992706,1885.237538606726,1799.3633710642587,1818.585205078125,178616,,
2022-02-01,1827.3224268623947,1877.2492691263944,1827.3224268623947,1861.9217529296875,349743,,
2022-02-02,1877.2492968974916,1877.2492968974916,1858.2770965565064,1874.353515625,280986,,
2022-02-03,1842.3005014201267,1867.2139472490442,1780.640850491838,1848.9407958984375,258851,,
2022-02-04,1865.2667760953734,1867.26384973145,1827.3223770099216,1848.3914794921875,235782,,
2022-02-07,1873.2550733974444,1876.2506838559693,1798.364811934327,1817.48681640625,76636,,
2022-02-08,1817.4866876344636,1832.314933975216,1777.3954127933976,1806.4029541015625,81276,,
2022-02-09,1802.3588282771557,1818.3354162286428,1747.4393071939182,1762.4173583984375,255476,,
2022-02-10,1766.4116254920266,1827.3223711986482,1674.2966043209472,1807.90087890625,347972,,
2022-02-11,1794.2708607157597,1796.3677636880275,1728.4672590016542,1787.6805419921875,292368,,
2022-02-14,1710.7930924315142,1752.432026877568,1698.3113828383691,1709.7945556640625,153454,,
2022-02-15,1624.3196495581676,1746.4407403655632,1624.3196495581676,1735.1572265625,98405,,
2022-02-16,1725.4715268557948,1757.4247032790504,1672.549078404778,1683.8824462890625,92227,,
2022-02-17,1706.499384753175,1745.342490504773,1678.5403544587987,1724.3232421875,145965,,
2022-02-18,1694.5169466762668,1724.323245726499,1647.5857171572425,1662.763427734375,61173,,
2022-02-21,1672.549239540532,1672.549239540532,1579.63533601415,1588.77197265625,65240,,
2022-02-22,1542.7393112543061,1595.6617601193404,1509.3383050197504,1585.1771240234375,80783,,
2022-02-23,1592.6662544371122,1664.4111017711894,1577.688201887547,1639.3978271484375,104403,,
2022-02-24,1558.715887118601,1612.137603941692,1557.4677161647903,1562.760009765625,133530,,
2022-02-25,1563.9582891696193,1622.622327151241,1547.7320658981068,1570.8980712890625,101266,,
2022-02-28,1522.468964495616,1602.6015402898684,1508.090132520658,1586.1756591796875,305348,,
2022-03-02,1589.6705088185352,1665.45947265625,1548.0315750263853,1665.45947265625,123179,,
2022-03-03,1732.4613985964265,1748.6876220703125,1698.8107562103414,1748.6876220703125,134848,,
2022-03-04,1767.3600516456847,1835.3105254609113,1730.464167912818,1802.5584716796875,307022,,
2022-03-07,1766.5113411834468,1787.1811250567641,1712.4405517578125,1712.4405517578125,162241,,
2022-03-08,1689.5242473591757,1752.4820406761362,1626.86606383566,1627.2655029296875,263876,,
2022-03-09,1647.5857758668571,1692.9193725023829,1598.6574710077807,1612.9864501953125,169156,,
2022-03-10,1642.4934153296585,1693.6184572269378,1619.6768709298158,1693.568603515625,358381,,
2022-03-11,1683.682951494978,1711.4921786780033,1646.8369169689013,1659.41845703125,135449,,
2022-03-14,1662.463939835725,1674.8458205127442,1639.6473983733529,1647.9351806640625,277776,,
2022-03-15,1652.578519262483,1670.5521829160932,1607.644360128458,1622.0233154296875,242931,,
2022-03-16,1628.6134627670328,1694.4170599205697,1628.6134627670328,1682.63427734375,308775,,
2022-03-17,1698.760943698559,1766.7612839144097,1679.7887421230864,1764.215087890625,706012,,
2022-03-21,1807.5513118749423,1834.2123182377088,1788.0299900810342,1811.49560546875,157858,,
2022-03-22,1842.7496924979228,1902.062802915182,1802.3589276136215,1881.193359375,334089,,
2022-03-23,1886.2360689346103,1911.199489645762,1842.3004484829837,1895.222900390625,411440,,
2022-03-24,1907.2053282157626,1989.9840550595934,1852.2858030577172,1976.853271484375,294149,,
2022-03-25,2012.0515963012685,2065.972582008598,1974.856101530935,2051.59375,205342,,
2022-03-28,2091.9345442687327,2218.6987391373123,2076.9564926391236,2138.06689453125,370493,,
2022-03-29,2175.8119597781465,2186.795865954172,2086.9421734448492,2177.609375,239910,,
2022-03-30,2175.8115856863365,2239.6179867160554,2066.971079564349,2121.541015625,233133,,
2022-03-31,2096.927357774575,2205.7178974129124,2092.933210426433,2146.654541015625,241990,,
2022-04-01,2175.3623600103083,2277.662404796552,2152.4957213817265,2246.20849609375,239883,,
2022-04-04,2276.6638675694244,2378.5146195396355,2264.6814261611644,2366.33251953125,274461,,
2022-04-05,2363.3372470986087,2481.3642630892678,2306.6203008998827,2464.538818359375,267152,,
2022-04-06,2486.3063254746944,2556.253867761321,2464.538177375366,2533.237548828125,343764,,
2022-04-07,2526.298180368539,2596.1957584815023,2299.6303199165,2359.242919921875,506677,,
2022-04-08,2396.288241226908,2446.414731040954,2375.368947691617,2423.54833984375,159992,,
2022-04-11,2465.3873721124532,2665.893611359283,2465.3873721124532,2661.1005859375,553146,,
2022-04-12,2696.049216282312,2735.9906861531613,2450.459152170606,2498.388916015625,804605,,
2022-04-13,2541.275972857667,2566.1894154655483,2461.842327385538,2497.190673828125,213500,,
2022-04-18,2478.8674120702344,2516.3625147335515,2319.3011951569324,2491.34912109375,288489,,
2022-04-19,2518.3099256862038,2548.2660310670867,2296.634745867672,2365.93310546875,420809,,
2022-04-20,2417.457762803346,2496.3421755507497,2411.466541582024,2474.773681640625,290667,,
2022-04-21,2505.328994154854,2526.2982683187647,2411.6661874660367,2439.775146484375,292017,,
2022-04-22,2416.459240555714,2476.3714531314754,2389.4987448966212,2409.469482421875,197099,,
2022-04-25,2415.4606916443377,2471.129122218613,2396.4884910898763,2416.459228515625,268339,,
2022-04-26,2474.524285927935,2591.203427972561,2426.4448285060976,2558.7509765625,702985,,
2022-04-27,2569.2851990909276,2576.2249811944416,2445.06707310748,2499.337646484375,345199,,
2022-04-28,2549.264534826669,2624.1547973068887,2528.3952125288774,2558.8505859375,465693,,
2022-04-29,2595.5962527338966,2605.8812297076793,2370.226563762326,2447.363525390625,659458,,
2022-05-02,2447.413804336425,2516.3128465637665,2438.576655754772,2484.559326171875,305245,,
2022-05-04,2446.4153616085696,2501.2849145336777,2430.48874709274,2443.4697265625,310199,,
2022-05-05,2371.5749942098582,2491.34944060364,2357.5954783106795,2446.91455078125,416552,,
2022-05-06,2371.524778023467,2472.3769896362546,2366.6817772792015,2434.0830078125,359823,,
2022-05-09,2396.4881986106725,2419.8538610337723,2296.634523668561,2371.7744140625,305943,,
2022-05-10,2372.6731211902757,2434.43271981965,2297.633178139875,2357.19580078125,469693,,
2022-05-11,2341.568660888622,2450.4091658083917,2232.7781315626485,2351.60400390625,508758,,
2022-05-12,2359.0432289370856,2394.4912859221718,2162.880720096013,2290.743408203125,602564,,
2022-05-13,2307.6186995779194,2486.356798766343,2307.6186995779194,2365.6337890625,554235,,
2022-05-16,2336.576164299467,2421.2521355914446,2308.9667186748457,2385.05517578125,154088,,
2022-05-17,2410.6175570123746,2514.3157028750497,2381.6599893462203,2496.84130859375,371040,,
2022-05-18,2539.2791982891986,2558.201422756103,2456.4006401067354,2482.06298828125,412949,,
2022-05-19,2415.460515732572,2446.31520529492,2346.561476631477,2375.019775390625,210243,,
2022-05-20,2446.215520031606,2456.400546712515,2352.3530601165753,2376.8671875,444435,,
2022-05-23,2396.488295470038,2431.1374733186963,2307.818179780967,2328.1884765625,292937,,
2022-05-24,2373.521929820882,2391.445616293604,2286.649229823231,2324.84326171875,295781,,
2022-05-25,2311.612634237702,2324.5936123133347,2182.501780467229,2213.7060546875,304532,,
2022-05-26,2226.737291691552,2435.0321869837812,2141.861655012726,2387.851318359375,365372,,
2022-05-27,2436.429588518508,2482.1126433032296,2356.546651190032,2452.85546875,308232,,
2022-05-30,2464.388721278239,2606.1809410600504,2461.4430865957875,2585.7109375,357491,,
2022-05-31,2576.2252736209807,2620.160898442424,2332.4823120413757,2394.3916015625,1523242,,
2022-06-01,2377.416104527898,2455.0026067907847,2272.669694588557,2322.49658203125,705859,,
2022-06-02,2326.590891259729,2491.5991079037935,2291.7917840637874,2442.271484375,487748,,
2022-06-03,2463.39018614823,2463.39018614823,2349.656946733218,2386.9521484375,388286,,
2022-06-06,2375.5192585709096,2507.5257865200156,2280.658254130289,2476.471435546875,266574,,
2022-06-07,2476.3712336597628,2581.816815961214,2397.4868274262462,2495.29345703125,430802,,
2022-06-08,2476.521101161341,2521.2056257427953,2422.65008620474,2443.769287109375,268958,,
2022-06-09,2425.446001485729,2511.320170332074,2407.7719480496166,2494.39501953125,281257,,
2022-06-10,2426.4443381679957,2481.363860225296,2367.430717862159,2394.790771484375,318811,,
2022-06-13,2331.6835162653656,2403.9275117223137,2317.9036588586137,2334.1298828125,287801,,
2022-06-14,2321.5978714827356,2396.4881254015336,2298.6315269476377,2371.22509765625,268064,,
2022-06-15,2380.2121130131086,2416.4090718855145,2328.587809391763,2348.35888671875,311850,,
2022-06-16,2371.5248998782017,2406.473687876407,2238.6195542916685,2373.022705078125,478333,,
2022-06-17,2326.5906993108442,2349.8066794649117,2059.2324762462613,2145.905517578125,1100784,,
2022-06-20,2148.851142577417,2173.8145619846823,1945.14964021413,1986.289306640625,559207,,
2022-06-21,1997.5729413306356,2383.5074286209583,1977.2527410870925,2379.413330078125,1049282,,
2022-06-22,2376.517458989418,2455.2022034470897,2227.735483615711,2267.477294921875,1629448,,
2022-06-23,2286.6496798298754,2316.6057891726246,2192.6375208559234,2261.336669921875,703032,,
2022-06-24,2281.5566786032177,2331.5834707130343,2261.685893432558,2288.2470703125,323814,,
2022-06-27,2298.5818321347247,2316.455787856737,2258.8899927092666,2286.44970703125,200440,,
2022-06-28,2281.6566528628914,2406.4737564111897,2226.73712730164,2390.896484375,474019,,
2022-06-29,2346.5615760688315,2460.394775929192,2327.339741881885,2344.264892578125,535713,,
2022-06-30,2420.4530272357247,2441.422298511282,2368.0798246398786,2389.3984375,627112,,
2022-07-01,2389.049248897216,2439.375405667815,2366.5321954956307,2385.50439453125,436503,,
2022-07-04,2402.080386081712,2426.344636936344,2373.522134156534,2393.293212890625,322319,,
2022-07-05,2396.5384100007486,2431.2375654571897,2358.9933270150914,2406.923095703125,355962,,
2022-07-06,2423.2490196546933,2484.1597610527397,2406.9228463731747,2471.72802734375,257988,,
2022-07-07,2496.192504560685,2542.2748838300186,2461.443372552908,2482.113037109375,160658,,
2022-07-08,2486.356797948942,2560.248526080758,2466.885329049342,2537.08251953125,230639,,
2022-07-11,2546.268750340376,2770.939522429233,2498.4886686294567,2712.6748046875,974385,,
2022-07-12,2686.0641011487714,2840.787335839302,2681.121392544603,2793.456787109375,931697,,
2022-07-13,2825.8593016926025,2863.304433782169,2642.128520239797,2668.1904296875,715239,,
2022-07-14,2685.316785087912,2828.1209131160163,2597.437321686002,2761.06298828125,592269,,
2022-07-15,2796.164600017443,2843.749232205972,2727.3090955032544,2803.85400390625,572560,,
2022-07-18,2828.120724813583,2855.9824098554736,2763.8090374921385,2828.919677734375,461187,,
2022-07-19,2813.141630088888,2843.100539887492,2761.3128136597966,2828.470703125,456761,,
2022-07-20,2845.9464899768227,2856.5318242482185,2724.363258129071,2776.14208984375,341959,,
2022-07-21,2781.18528249478,2889.037350900323,2737.2955311965457,2872.659912109375,737814,,
2022-07-22,2874.90671627585,2885.741707916462,2812.242669754922,2870.262939453125,339750,,
2022-07-25,2856.0824609028164,2920.194472977225,2832.9642685756844,2874.90673828125,363143,,
2022-07-26,2886.041505086291,2908.011371214976,2837.6079365753276,2894.230224609375,230808,,
2022-07-27,2904.016678199722,2973.870813289949,2881.0481831520624,2956.04541015625,310009,,
2022-07-28,2972.9223967578087,3013.8662389704623,2954.248058948892,3001.78271484375,258796,,
2022-07-29,3030.8428425894863,3153.6743647109056,3009.871607105342,3122.91650390625,457762,,
2022-08-01,3139.693651971768,3227.872755907665,3075.7813130003324,3213.24267578125,495733,,
2022-08-02,3205.603020599987,3261.0769783314245,3168.8533795776616,3244.39990234375,500363,,
2022-08-03,3235.5620199474156,3294.481204878557,2807.1496413803043,3265.470947265625,336678,,
2022-08-04,3280.350721490885,3384.3579660042014,3175.6442407475247,3345.061767578125,672043,,
2022-08-05,3361.2893563155085,3374.1718324232047,3298.0262782311174,3342.814697265625,502620,,
2022-08-08,3359.3425026570176,3469.2418209625744,3282.7476039030576,3360.39111328125,514366,,
2022-08-10,3383.359290886344,3385.3565513886383,3266.5195515021346,3346.809326171875,551856,,
2022-08-11,3357.3949166635166,3394.643873929087,3304.4675131587082,3347.708251953125,473134,,
2022-08-12,3342.415492659602,3435.0884298937494,3333.7774384009394,3420.7080078125,453978,,
2022-08-16,3433.5906652805215,3493.208846402125,3410.7218847536137,3484.920166015625,230770,,
2022-08-17,3480.9253649069196,3528.609958676508,3400.3359536219673,3467.094482421875,295428,,
2022-08-18,3455.2608677047983,3490.2129285052806,3429.396440234933,3458.556396484375,582583,,
2022-08-19,3475.2334279349184,3487.067294457704,3323.441623036612,3386.25537109375,492655,,
2022-08-22,3386.255313654135,3435.288157848236,3300.4730702582615,3359.69189453125,346319,,
2022-08-23,3295.479902720888,3443.277183206552,3234.863093877538,3426.25048828125,497088,,
2022-08-24,3357.7446762980107,3454.2621969707275,3330.432040155356,3423.10498046875,459108,,
2022-08-25,3415.3153162695585,3435.287920458269,3335.424899514715,3360.59033203125,185491,,
2022-08-26,3360.8901899592156,3467.2443142292072,3360.8901899592156,3454.9111328125,504729,,
2022-08-29,3296.478584655181,3545.137526666432,3296.478584655181,3532.5546875,608809,,
2022-08-30,3545.1376251155934,3810.7732894200294,3545.1376251155934,3739.820556640625,1274580,,
2022-09-01,3679.0038206726836,3722.5939335555763,3575.096294415917,3634.26513671875,586989,,
2022-09-02,3659.980109768765,3730.8828622363185,3561.1157084407687,3617.887939453125,360875,,
2022-09-05,3583.135172803705,3641.205421977359,3500.1988851239075,3525.763916015625,249706,,
2022-09-06,3541.093030965747,3704.918378935726,3531.1067280575644,3677.8056640625,355296,,
2022-09-07,3674.959425145101,3759.793018548551,3637.0114745593633,3656.235107421875,330913,,
2022-09-08,3680.7515578004136,3706.915622538769,3600.0621819106314,3624.927978515625,261326,,
2022-09-09,3664.9729226527866,3689.9386782566885,3607.0523696517344,3628.3232421875,204584,,
2022-09-12,3648.7453732549893,3674.80972099765,3595.06899588586,3630.42041015625,194549,,
2022-09-13,3637.0112312476163,3663.424951587556,3580.089309177019,3599.812255859375,220809,,
2022-09-14,3565.110005067199,3615.04151774321,3545.6866953974736,3559.517578125,179827,,
2022-09-15,3560.1169283302365,3699.6255289063656,3549.5313498988285,3596.417236328125,326756,,
2022-09-16,3604.006421830047,3626.8252194877505,3464.447850981149,3523.96630859375,604559,,
2022-09-19,3541.5925066172754,3641.0062053349384,3484.870254766883,3615.091796875,267621,,
2022-09-20,3652.9395451858463,3719.897753510275,3641.055942502489,3669.916259765625,398494,,
2022-09-21,3684.9459316332295,3734.877448322027,3533.2540814551576,3560.616455078125,368952,,
2022-09-22,3560.11697046086,3639.957413084846,3486.218329278783,3624.927978515625,229512,,
2022-09-23,3637.1114842784264,3658.2823977091107,3521.3700871435312,3540.39404296875,143552,,
2022-09-26,3495.2059416181596,3522.618293741893,3271.1631432379486,3366.4326171875,395275,,
2022-09-27,3366.432841081298,3495.1062135203406,3327.2366004148703,3374.072265625,483227,,
2022-09-28,3355.3979423803917,3480.226734879662,3330.4321838805377,3443.327392578125,267366,,
2022-09-29,3503.194915764697,3569.903465202417,3298.8750691642595,3367.630859375,2436698,,
2022-09-30,3339.419608705422,3411.770322698577,3246.6469545386944,3335.275390625,527566,,
2022-10-03,3325.338778840147,3419.9589952236297,2961.5877095242245,3096.552734375,578177,,
2022-10-04,3177.6417444309914,3258.980136928042,3098.250632337257,3211.744873046875,475008,,
2022-10-06,3257.532000872648,3317.2501408822627,3239.9062738042717,3303.468994140625,461996,,
2022-10-07,3300.0736261264433,3300.0736261264433,3133.2523938775494,3183.23388671875,440350,,
2022-10-10,3159.8659783872536,3184.6320588384315,3115.726567443056,3156.67041015625,275699,,
2022-10-11,3195.617162033026,3215.539789016327,3145.6856438762597,3169.25341796875,296173,,
2022-10-12,3175.6440926256323,3219.5838222091315,3163.510833001762,3198.462890625,329608,,
2022-10-13,3185.6306225107433,3233.5648763917825,3146.9336988046957,3172.998046875,222741,,
2022-10-14,3220.582562022048,3235.562015798895,3001.882536880086,3042.97607421875,320461,,
2022-10-17,3042.82651828912,3130.705984521297,2971.9237671245232,3095.054931640625,193751,,
2022-10-18,3110.5335642111313,3194.618182844546,3105.790070504188,3148.531494140625,295584,,
2022-10-19,3164.3097906601283,3233.914517353074,3116.8251151188697,3162.512451171875,467958,,
2022-10-20,3145.6853243410083,3320.595317154499,3136.847349002516,3272.611328125,422771,,
2022-10-21,3288.9889836010557,3288.9889836010557,3182.1355385592115,3257.282470703125,174257,,
2022-10-24,3275.5072626099904,3286.641892519852,3235.612032364749,3262.82470703125,29267,,
2022-10-25,3279.15212932843,3429.2463049593734,3246.546949124397,3378.316162109375,216330,,
2022-10-27,3398.5382326558006,3544.1385639248583,3390.3495138137205,3502.945068359375,684860,,
2022-10-28,3520.4712263589854,3520.4712263589854,3416.91331945209,3439.33251953125,312597,,
2022-10-31,3455.2606124952345,3653.6883913937622,3418.3112938067015,3597.9150390625,284614,,
2022-11-01,3615.940500718874,3715.4041801090916,3532.2054929904803,3676.157958984375,369944,,
2022-11-02,3674.8593736240773,3687.9915077459473,3597.166134919435,3632.31787109375,280173,,
2022-11-03,3615.041375665003,3683.297848332983,3552.127672165861,3655.88525390625,256243,,
2022-11-04,3653.988383471811,3794.7952602330915,3496.2047910726455,3754.10107421875,349779,,
2022-11-07,3753.8513822494265,3839.7335899837844,3685.6448824619406,3795.194580078125,529323,,
2022-11-09,3795.194293367169,3885.9199488341665,3715.0044795740064,3790.00146484375,422176,,
2022-11-10,3784.808814799409,3814.7677236236786,3658.382122038501,3702.0224609375,252727,,
2022-11-11,3720.5465142893104,3805.2803844453533,3716.9016115747554,3795.39404296875,248079,,
2022-11-14,3799.788173962762,3882.674486298875,3764.8860948186184,3864.998779296875,218406,,
2022-11-15,3883.024142596353,3907.041005759621,3805.779992998701,3879.978271484375,237581,,
2022-11-16,3859.705922575573,3874.685376350122,3746.8607041406335,3804.431640625,316610,,
2022-11-17,3803.7328193501303,3853.913991752655,3709.9115517488435,3748.308837890625,246287,,
2022-11-18,3762.0896310751136,3768.630707663958,3603.0577712971026,3639.657470703125,219386,,
2022-11-21,3610.048359983184,3682.948368359055,3555.12369613835,3655.9853515625,136427,,
2022-11-22,3655.985192964462,3679.952317966141,3576.0947762921983,3666.370849609375,164102,,
2022-11-23,3680.501552144284,3789.5519203274425,3666.420768917445,3747.309814453125,205491,,
2022-11-24,3724.8910181377314,3774.822533126173,3681.100981970378,3725.8896484375,125461,,
2022-11-25,3736.8246807671153,3739.8705520072995,3626.026695417491,3659.73046875,224375,,
2022-11-28,3621.033453256362,3763.0386325847626,3540.3440765792,3600.2119140625,349032,,
2022-11-29,3584.2835923520392,3652.989401312934,3547.384253913032,3595.06884765625,184715,,
2022-11-30,3595.018805857494,3662.9756409787697,3561.2650557153693,3627.77392578125,620284,,
2022-12-01,3645.949150121051,3692.9347532742786,3580.089532311598,3607.451904296875,151309,,
2022-12-02,3629.022232200987,3640.0071646594934,3520.4711756677193,3574.74658203125,224342,,
2022-12-05,3592.6221192642306,3615.041318458625,3377.5670085014012,3585.182373046875,276317,,
2022-12-06,3587.27981111207,3719.5983294109437,3560.6664104257707,3691.78662109375,268871,,
2022-12-07,3711.309391378797,3780.81415482194,3685.9442803612733,3725.240478515625,259618,,
2022-12-08,3755.2493979880387,3773.824019661286,3650.4931738216014,3689.839111328125,150349,,
2022-12-09,3674.959391809191,3714.9046025897255,3601.060751865202,3616.33984375,242005,,
2022-12-12,3629.9711773483773,3682.199591046013,3596.7167394402522,3636.012939453125,203019,,
2022-12-13,3654.787018297615,3663.1754148305718,3546.1359989135085,3581.3876953125,346102,,
2022-12-14,3584.9826080276275,3646.9976435747544,3457.058220318494,3513.031494140625,346571,,
2022-12-15,3515.1788354572977,3590.575426956453,3499.2507301203796,3545.88671875,268903,,
2022-12-16,3542.091638787931,3614.0429995462205,3515.178601382342,3579.889892578125,320375,,
2022-12-19,3580.0395382929773,3645.00048612893,3566.2086553348217,3613.49365234375,184705,,
2022-12-20,3629.471529394259,3629.471529394259,3558.319126707861,3609.249267578125,195335,,
2022-12-21,3614.9914062719977,3668.617800178552,3470.2400050388833,3539.844482421875,328200,,
2022-12-22,3540.144469545201,3579.0910518617775,3405.6290147668874,3546.685546875,239705,,
2022-12-23,3498.7014751074903,3546.1364173274433,3171.650031380445,3228.172607421875,417221,,
2022-12-26,3235.5120964443754,3355.0980713478066,3095.853799385769,3307.163818359375,230869,,
2022-12-27,3323.4418188895775,3370.0778076710412,3282.4479940870388,3348.3076171875,131985,,
2022-12-28,3330.4319575320715,3624.9779075336714,3323.4415456272063,3600.861083984375,768728,,
2022-12-29,3555.123600938406,3993.5222697058107,3503.194829239306,3787.804443359375,768731,,
2022-12-30,3856.659973915735,3882.474662923401,3641.005824176972,3687.791748046875,686265,,
2023-01-02,3694.932084681438,3724.8909934761523,3525.164934844723,3545.73681640625,332645,,
2023-01-03,3563.112783046485,3645.0004647196383,3497.2031856022395,3593.720703125,307015,,
2023-01-04,3580.0395611220806,3595.0190152701857,3445.2744540642043,3472.537109375,365884,,
2023-01-05,3505.0924195339944,3664.9232490453724,3467.294408670636,3628.722900390625,468166,,
2023-01-06,3621.033425169324,3624.9779660466393,3516.177244903803,3550.530029296875,283873,,
2023-01-09,3586.081346122382,3660.978617344654,3571.7011675701947,3624.029296875,471678,,
2023-01-10,3625.0278601024233,3693.933348352304,3485.21962307368,3651.3916015625,445188,,
2023-01-11,3651.3918839718285,3662.976093458368,3567.656876101676,3611.546630859375,302285,,
2023-01-12,3594.0700243113624,3669.9659181284405,3547.1344057665906,3644.051513671875,453399,,
2023-01-13,3644.9505651652394,3736.874531791642,3610.6477611103724,3710.011474609375,566844,,
2023-01-16,3688.6405243131876,3734.7771933352074,3646.9976914388876,3725.58984375,180696,,
2023-01-17,3722.5940309871326,3893.6594460227275,3689.988849999069,3844.7265625,732003,,
2023-01-18,3856.859836921475,3878.680006053715,3770.827935854487,3800.237548828125,487214,,
2023-01-19,3779.8155777317884,3873.6868232553784,3729.884064155411,3830.29638671875,461226,,
2023-01-20,3830.2962975123182,3929.6100269415033,3796.7922039216255,3913.531982421875,447521,,
2023-01-23,3933.6048275144744,3994.5212769885497,3859.855880915581,3895.7568359375,564577,,
2023-01-24,3930.6088239545193,3934.6033451170747,3845.725249250217,3886.41943359375,350178,,
2023-01-25,3864.698916575948,3879.528672731802,3595.068759605533,3654.986572265625,515358,,
2023-01-27,3472.2372436523438,3472.2372436523438,2923.9892578125,2923.9892578125,1237800,,
2023-01-30,2497.5745225114047,2534.5238457152923,2339.191650390625,2339.191650390625,1888555,,
2023-01-31,2142.0618980225904,2152.0482005774743,2105.312255859375,2105.312255859375,531326,,
2023-02-01,1948.3277069303756,1996.0622838265626,1894.8011474609375,1894.8011474609375,1570400,,
2023-02-02,1705.36083984375,1705.36083984375,1705.36083984375,1705.36083984375,64276,,
2023-02-03,1620.127685546875,1620.127685546875,1620.127685546875,1620.127685546875,62458,,
2023-02-06,1539.1387939453125,1539.1387939453125,1539.1387939453125,1539.1387939453125,77660,,
2023-02-07,1462.194580078125,1516.91957465306,1462.194580078125,1462.194580078125,3561024,,
2023-02-08,1389.0947265625,1389.0947265625,1389.0947265625,1389.0947265625,420769,,
2023-02-09,1319.6400146484375,1319.6400146484375,1319.6400146484375,1319.6400146484375,200127,,
2023-02-10,1253.680419921875,1253.680419921875,1253.680419921875,1253.680419921875,51732,,
2023-02-13,1191.016357421875,1191.016357421875,1191.016357421875,1191.016357421875,44997,,
2023-02-14,1131.4981689453125,1131.4981689453125,1131.4981689453125,1131.4981689453125,52107,,
2023-02-15,1074.9256591796875,1074.9256591796875,1074.9256591796875,1074.9256591796875,74780,,
2023-02-16,1021.1992797851562,1128.6518714110257,1021.1992797851562,1021.1992797851562,5922981,,
2023-02-17,990.940809039444,1014.0092049476815,970.1693115234375,970.1693115234375,1300386,,
2023-02-20,921.685791015625,921.685791015625,921.685791015625,921.685791015625,68313,,
2023-02-21,875.5989990234375,875.5989990234375,875.5989990234375,875.5989990234375,124311,,
2023-02-22,831.8590087890625,831.8590087890625,831.8590087890625,831.8590087890625,61103,,
2023-02-23,790.2660522460938,790.2660522460938,790.2660522460938,790.2660522460938,52041,,
2023-02-24,750.770263671875,750.770263671875,750.770263671875,750.770263671875,141442,,
2023-02-27,713.2716674804688,713.2716674804688,713.2716674804688,713.2716674804688,174885,,
2023-02-28,677.6204833984375,677.6204833984375,677.6204833984375,677.6204833984375,908341,,
2023-03-01,649.1097092422996,711.4741850359675,649.1097092422996,710.67529296875,7387370,,
2023-03-02,711.0248010595067,746.1766011673672,680.2170794953468,743.080810546875,4153555,,
2023-03-03,771.94117852928,780.2297973632812,754.2654110220635,780.2297973632812,3487589,,
2023-03-06,801.7004290246505,819.2263793945312,795.85846588521,819.2263793945312,3148255,,
2023-03-08,846.8384761781128,860.170166015625,835.6538048684682,860.170166015625,1438542,,
2023-03-09,903.1611938476562,903.1611938476562,881.99022102853,903.1611938476562,1261116,,
2023-03-10,908.7535805771422,948.29931640625,864.3644511817165,948.29931640625,2504584,,
2023-03-13,995.6842651367188,995.6842651367188,995.6842651367188,995.6842651367188,467738,,
2023-03-14,945.902587890625,993.6371017966774,945.902587890625,945.902587890625,873555,,
2023-03-15,898.6174215125087,987.6453342093749,898.6174215125087,918.5900268554688,6326072,,
2023-03-16,897.768684871045,934.7180078301425,878.7947082163734,887.1832275390625,2559661,,
2023-03-17,910.5510678073176,923.7329995589015,888.7809401161323,896.5203247070312,1412300,,
2023-03-20,877.7960381035693,877.7960381035693,851.7318115234375,851.7318115234375,1126835,,
2023-03-21,851.8316218983017,894.2734084524375,815.6312745433034,889.579833984375,2290508,,
2023-03-22,905.458059117491,934.0188598632812,903.7603755035825,934.0188598632812,1938364,,
2023-03-23,953.6918976598187,980.704833984375,952.7431867231447,980.704833984375,1440643,,
2023-03-24,1016.6056670940451,1029.7376801999005,942.7070233170713,1006.0701293945312,5023306,,
2023-03-27,1026.1924240439216,1038.5754635670735,955.7889911771151,956.5379638671875,2103482,,
2023-03-28,923.732986437847,927.6775881378112,908.70361328125,908.70361328125,267731,,
2023-03-29,863.2659122964094,928.6761921933954,863.2659122964094,870.5059814453125,2997429,,
2023-03-31,886.783663974719,908.7535295236423,857.373990856418,866.5614013671875,1196845,,
2023-04-03,871.7543727944152,882.9889641877323,835.9534383167759,844.192138671875,973799,,
2023-04-05,843.0436810896487,857.623658563955,803.8973625491197,820.8241577148438,1020119,,
2023-04-06,838.8493762673812,861.81787109375,811.337126176541,861.81787109375,909084,,
2023-04-10,868.2092108331691,904.9088745117188,868.2092108331691,904.9088745117188,1170526,,
2023-04-11,923.0339531407969,950.1467895507812,918.7398551386123,950.1467895507812,378154,,
2023-04-12,992.6385108994742,992.6385108994742,924.7815703232282,937.5640258789062,2780423,,
2023-04-13,936.4655382390602,944.7042379889639,901.7631362621928,912.8978881835938,1339083,,
2023-04-17,925.3307694612741,957.6864140884717,907.105767316212,945.5031127929688,999923,,
2023-04-18,952.6932660333896,970.668610675529,936.7151819070434,946.7514038085938,762628,,
2023-04-19,953.0927286734,953.0927286734,922.7343448936793,929.0756225585938,531461,,
2023-04-20,930.7233715393767,937.7137831281918,919.4388621648857,926.9285888671875,346506,,
2023-04-21,930.5236704149021,930.7234086585731,906.7562822553481,916.5428466796875,314017,,
2023-04-24,917.741273681729,921.5859760733306,887.7823637682885,889.929443359375,384326,,
2023-04-25,893.774124304581,934.4183899688549,888.7809727721532,933.968994140625,730197,,
2023-04-26,943.7056330862627,945.5530747598302,914.1462005998446,918.789794921875,507582,,
2023-04-27,913.7466509194938,923.7329531153354,908.7534998215732,915.84375,231717,,
2023-04-28,923.7330215696304,951.5448508654558,916.0934754430538,943.7056274414062,1123964,,
2023-05-02,948.6987365617488,988.6439465222434,939.9108025607505,957.736328125,1279904,,
2023-05-03,956.6877686924007,956.6877686924007,914.5954797497915,921.685791015625,716246,,
2023-05-04,914.7453410826503,933.7193164981201,910.4512430473551,928.9259033203125,335815,,
2023-05-05,936.7152177825146,937.7138480786581,914.1461974702961,917.54150390625,288689,,
2023-05-08,878.7946574346887,886.583961526185,871.7044067382812,871.7044067382812,1276025,,
2023-05-09,837.8507627914192,882.1399891018585,837.8507627914192,843.9423828125,1024558,,
2023-05-10,845.4403911431708,857.7735119708009,833.8563039952369,834.9547729492188,565081,,
2023-05-11,844.6914340559018,858.1230240862219,836.4527338938148,853.8788452148438,609709,,
2023-05-12,811.1873639400533,858.8220404679469,811.1873639400533,817.2290649414062,2633802,,
2023-05-15,830.9103213374314,836.1032110403249,776.3851318359375,776.3851318359375,1709838,,
2023-05-16,751.2195837329486,776.3850774919798,737.5882568359375,737.5882568359375,1876603,,
2023-05-17,710.7251326666784,721.9098032092934,700.7388305664062,700.7388305664062,1677460,,
2023-05-18,670.0809560614642,681.7649431935332,665.7369384765625,665.7369384765625,2968685,,
2023-05-19,632.4824067408357,698.99121399573,632.4824067408357,687.1574096679688,11382817,,
2023-05-22,721.4603956220317,721.5103149414062,710.6252214495595,721.5103149414062,701988,,
2023-05-23,757.5608520507812,757.5608520507812,757.5608520507812,757.5608520507812,228579,,
2023-05-24,795.4089965820312,795.4089965820312,757.9603620913518,795.4089965820312,6317589,,
2023-05-25,810.2886587673261,822.2722224999369,768.9952588344369,795.3092041015625,4017123,,
2023-05-26,802.8488415100368,805.5451555091214,755.5636602556165,759.6580810546875,2595733,,
2023-05-29,731.1970625484148,765.4001477365671,724.006912741909,728.201171875,2630741,,
2023-05-30,727.9515091320822,727.9515091320822,691.8010830734789,697.0938110351562,3638539,,
2023-05-31,674.0754090867067,688.9550239790195,662.2416651744722,663.2402954101562,32048979,,
2023-06-01,652.1055871760681,696.3948166871126,649.658930745969,693.39892578125,16589982,,
2023-06-02,693.3989446646707,701.4379675755747,667.0850598721918,673.476318359375,4373895,,
2023-06-05,680.6164476434514,695.6458210015201,674.5747467063405,680.5665283203125,3119786,,
2023-06-06,693.049371177768,697.0438920491096,675.2737654906081,677.4707641601562,1602723,,
2023-06-07,683.7621241440735,684.7607543645405,674.0753988152331,679.1184692382812,1611677,,
2023-06-08,679.0686521301897,684.0118846558612,667.0850876808333,669.9811401367188,1759734,,
2023-06-09,674.0754144981444,674.0754144981444,666.0863725485367,668.1834716796875,710454,,
2023-06-12,673.4763029337053,674.0754567368485,668.0836748991877,669.2820434570312,659294,,
2023-06-13,671.9283642416115,672.0781831652869,661.0932500080534,662.24169921875,944852,,
2023-06-14,662.241669205155,665.0877410135558,652.2053865142036,653.4536743164062,1048074,,
2023-06-15,658.0474112770546,682.0644564477519,655.2012785115751,668.1834716796875,1888440,,
2023-06-16,675.4735981629215,681.2656420458462,668.6329436434214,670.3306274414062,1008270,,
2023-06-19,673.1266906980064,674.9741931844384,654.1027971097803,656.6492919921875,1271532,,
2023-06-20,658.7964058520702,663.4899803437459,653.1042010835084,657.6978759765625,662112,,
2023-06-21,658.4968390210934,660.5939382539757,652.1055807707424,654.9017333984375,801023,,
2023-06-22,659.0460989439831,665.0878002544816,652.1555252814439,654.252685546875,712539,,
2023-06-23,657.0987646611154,657.0987646611154,629.1371151010679,633.4312133789062,2019933,,
2023-06-26,631.1343561966227,651.0570430801661,619.2007117965809,643.117919921875,1100925,,
2023-06-27,646.1637238691259,651.1069560478371,638.1247621389078,640.621337890625,591690,,
2023-06-28,650.1082489503258,657.9974517744288,642.1192074885706,653.6034545898438,1489233,,
2023-06-30,663.6896721275062,668.7328038971264,649.2095327965284,653.703369140625,1164032,,
2023-07-03,663.0904917399306,663.0904917399306,654.1028194121304,656.7991333007812,670512,,
2023-07-04,657.0986832779168,661.0932041489073,647.8114344431744,649.2594604492188,587024,,
2023-07-05,649.2594842237351,652.1055560679123,644.1664333557947,649.0098266601562,510284,,
2023-07-06,647.1124164559249,652.3053060622401,645.2649748327759,647.8613891601562,433427,,
2023-07-07,641.9172542592894,647.3618997157987,641.3678080517635,642.6165771484375,495225,,
2023-07-10,639.3697468725567,651.3079910599529,634.9241169063233,638.8702392578125,683699,,
2023-07-11,645.3138743793653,645.3638129438715,639.3697218019779,640.2688598632812,432502,,
2023-07-12,641.8673274599919,644.3648656991357,631.6773592492736,635.0740356445312,575095,,
2023-07-13,637.3717013415436,637.3717013415436,629.3795796946276,629.6293334960938,583021,,
2023-07-14,629.3796338429963,637.3717561775105,624.3845573839249,633.2758178710938,681426,,
2023-07-17,642.8663006978572,655.3539910766035,638.3707321615086,646.3628540039062,637297,,
2023-07-18,649.160012712439,660.2990556892803,641.4675840942425,645.114013671875,1246839,,
2023-07-19,648.3608606018581,649.0601834323397,639.3697238600759,640.5186157226562,391334,,
2023-07-20,640.5186310586008,644.1650000172663,637.8712163423362,639.419677734375,350264,,
2023-07-21,639.219916630754,641.0181929544996,634.3747168058026,635.5735473632812,367867,,
2023-07-24,640.3188526681971,641.367806511874,628.4804850751187,630.478515625,431948,,
2023-07-25,630.5285163395339,661.9974975585938,627.3815938276065,661.9974975585938,1552281,,
2023-07-26,672.4371187931201,677.7319482281454,652.0073063666599,663.1962280273438,2615188,,
2023-07-27,663.9955717148142,665.3442180370284,651.8575109146562,653.8056030273438,617875,,
2023-07-28,660.349070820082,661.3480860558159,653.355964169945,657.2021484375,441296,,
2023-07-31,664.3451554115799,668.1913398160467,659.400017623656,663.0464477539062,665841,,
2023-08-01,667.2922580921918,670.1394272058865,657.3520440157874,660.9984741210938,792301,,
2023-08-02,666.3431381506422,668.3411685498945,644.9142499236516,651.35791015625,728085,,
2023-08-03,652.9064002674468,662.9964908129564,643.3658168859649,654.8544921875,528706,,
2023-08-04,661.2981287628058,661.2981287628058,643.3657935941696,649.01025390625,447631,,
2023-08-07,654.3549572749224,654.7545877457205,643.4656671836866,650.0592041015625,770232,,
2023-08-08,650.2590572192362,663.3461327371315,649.3599190950835,651.7075805664062,678200,,
2023-08-09,653.25605753404,657.2021187569359,643.2159060883072,646.2129516601562,471298,,
2023-08-10,648.3608587100007,652.5567347055988,643.6654751190943,646.2129516601562,418730,,
2023-08-11,654.3549804942339,654.3549804942339,646.3628585950677,648.4108276367188,331064,,
2023-08-14,642.8663048185703,647.3119348169101,628.1807686440216,634.9740600585938,746617,,
2023-08-16,634.3746871053854,641.3677938923739,630.8781337118912,634.9241333007812,461284,,
2023-08-17,639.1698959035957,639.2698340059886,632.3766049178136,633.075927734375,362303,,
2023-08-18,632.376582251331,676.1334330936178,631.8770746824121,653.8554077148438,2738493,,
2023-08-21,658.3509976148067,672.9865942583261,655.3539521021445,663.8455810546875,1528172,,
2023-08-22,669.2902192489873,679.3303094211584,666.3431123292833,671.8876342773438,1484767,,
2023-08-23,679.3303672847837,685.3244587608259,646.4128027338415,653.5557861328125,1475566,,
2023-08-24,664.1952149325176,667.8915832762725,657.9014315229065,661.2481689453125,668549,,
2023-08-25,664.3451845012249,665.1443845582453,649.3599547756334,653.1062622070312,554511,,
2023-08-28,657.252190709898,663.8456673043892,649.5597606996217,654.9544067382812,519225,,
2023-08-29,662.7966123332304,662.7966123332304,650.7084924537987,656.1531372070312,533823,,
2023-08-30,661.8475859237375,661.8475859237375,650.3589108473254,651.8074951171875,441869,,
2023-08-31,625.3834917274706,644.2649026888139,625.3834917274706,635.173828125,939856,,
2023-09-01,624.534445658086,638.3707833164725,620.388507730093,633.225830078125,987407,,
2023-09-04,639.3697624439772,640.2689005624349,629.5294865838837,631.8272094726562,675853,,
2023-09-05,636.1729215376174,638.8203364339071,631.4775375013011,632.7763061523438,379503,,
2023-09-06,637.3217717768997,649.3598929825665,632.3766342430225,644.0651245117188,868086,,
2023-09-07,650.3588890912333,654.7045807803951,644.5646131806682,646.2129516601562,622697,,
2023-09-08,650.5586995907857,652.856422317475,642.416701456486,644.1649780273438,562257,,
2023-09-11,649.3099009552219,672.3871262465038,644.6644561748124,658.2510986328125,1609395,,
2023-09-12,668.0415239069235,668.0415239069235,640.5686039546615,642.1170654296875,716599,,
2023-09-13,642.9162019089014,646.2129397823294,631.7272197846497,635.923095703125,505983,,
2023-09-14,643.365852072238,647.0622208707697,637.4216988526466,641.2679443359375,371077,,
2023-09-15,643.8153877173364,644.4147724751369,634.3746814441416,635.7233276367188,433760,,
2023-09-18,647.8114596358314,647.8114596358314,636.3727226768492,638.5206298828125,411581,,
2023-09-20,640.368788932317,640.7184198872666,634.3746973042454,636.1729125976562,428173,,
2023-09-21,638.220892342601,648.4108604751132,637.3717537378309,638.9701538085938,544368,,
2023-09-22,644.1650706542302,644.1650706542302,635.3737479716465,636.0231323242188,244252,,
2023-09-25,639.2698759282306,639.2698759282306,633.3756616271686,633.6753540039062,239696,,
2023-09-26,636.9720781629072,636.9720781629072,631.7772478129671,633.4755249023438,241601,,
2023-09-27,631.3776746214148,635.2738587124236,625.8331518573297,627.031982421875,509378,,
2023-09-28,629.179721700942,630.8281210686168,620.5882159043846,621.5372924804688,377764,,
2023-09-29,626.8820233972909,626.8820233972909,610.4482115450935,612.6460571289062,792596,,
2023-10-03,619.2396358347822,619.2396358347822,608.5002208998517,610.1486206054688,491826,,
2023-10-04,609.9487561331509,629.1298613621484,603.7548493125821,610.0986328125,1347949,,
2023-10-05,616.2425497961883,616.2925493401273,599.9586129610698,602.3063354492188,669666,,
2023-10-06,604.4541466807398,609.0995918438731,602.9056852847119,604.0045776367188,326953,,
2023-10-09,599.4091490698162,599.4590876372283,587.1712122763074,589.7186889648438,572730,,
2023-10-10,587.920435179267,625.3835045407326,587.920435179267,607.201416015625,2808380,,
2023-10-11,614.4442932800939,619.2895536380759,605.6529716190256,610.7479248046875,606346,,
2023-10-12,614.1944991176508,615.7429603978119,607.4012083248166,608.8497924804688,252296,,
2023-10-13,607.3513401014413,607.3513401014413,599.6089718289275,601.0575561523438,367972,,
2023-10-16,601.4071831363312,603.9047212722794,594.4140763556762,594.6138916015625,327251,,
2023-10-17,597.361161890152,601.4071613286653,594.4140548015878,594.9635009765625,259223,,
2023-10-18,597.8606487637603,598.2102796879681,591.4169886351415,592.4659423828125,266362,,
2023-10-19,590.8675578249619,593.4150344140527,585.4229127384426,591.3670654296875,1654142,,
2023-10-20,594.4140769512009,599.2093379820153,588.4199854189199,590.2182006835938,2119632,,
2023-10-23,589.468891142303,593.4150132740677,570.137971918091,572.5855712890625,1653095,,
2023-10-25,572.4358043118352,578.8295270397222,547.6102968743734,549.9080200195312,2129935,,
2023-10-26,549.4583623024005,549.4583623024005,521.4859365851873,533.224365234375,1111655,,
2023-10-27,540.4672593368265,564.443625739939,539.4682440700301,559.6983032226562,2354557,,
2023-10-30,567.4406507558041,571.2868350020688,554.9030218117555,563.1448974609375,1062861,,
2023-10-31,569.438661505376,574.9831836460766,559.3486324195984,563.7442626953125,465372,,
2023-11-01,569.438681180454,570.1879426030598,550.4573918077722,551.256591796875,539277,,
2023-11-02,557.800084372252,566.7412821559104,551.3564854375637,553.2545776367188,402265,,
2023-11-03,557.4505346589098,561.2967191549754,551.4564428883839,552.6552734375,295170,,
2023-11-06,554.2537165328325,559.2487933959169,548.2596242971312,550.4075317382812,337716,,
2023-11-07,553.4045099415906,553.4045099415906,539.4682350088516,542.1655883789062,484208,,
2023-11-08,542.165576570316,546.41139129041,540.4672384872683,542.2155151367188,370025,,
2023-11-09,543.6641588664849,543.6641588664849,533.4741902288989,534.4732055664062,457780,,
2023-11-10,534.473120660225,541.6660421426245,531.4760751238125,538.9686889648438,292745,,
2023-11-13,546.2115698388582,549.2585540553864,539.1185861889039,541.4662475585938,221120,,
2023-11-15,549.2585973862477,549.2585973862477,537.4702290918829,539.218505859375,305793,,
2023-11-16,542.3654136058962,542.3654136058962,534.9726762296942,535.9217529296875,299925,,
2023-11-17,535.9716472521036,537.1704776702306,531.5260174797,533.5240478515625,346869,,
2023-11-20,534.5730996595524,536.471253251023,526.4810995591976,530.527099609375,425124,,
2023-11-21,535.4721928428698,548.4593915498798,532.5750241258999,540.0177001953125,628363,,
2023-11-22,543.6141550641424,544.2135398047013,527.4300963435038,531.12646484375,311802,,
2023-11-23,535.1225292759386,535.1225292759386,529.478068868733,530.0774536132812,245027,,
2023-11-24,530.0774810607436,543.3644330117158,528.4790810091495,536.4212646484375,645918,,
2023-11-28,549.4583674773011,643.6654899243084,548.4593522637059,643.5656127929688,13383917,,
2023-11-29,699.3106789070812,759.2515942419739,689.3205263512658,731.82861328125,15476039,,
2023-11-30,746.2643840998937,752.2584755384471,691.3185459131546,708.1019897460938,6181309,,
2023-12-01,715.994197936268,722.2879814300682,696.3635250882946,700.7592163085938,2295605,,
2023-12-04,769.2417570656581,799.2122151331513,728.0823157912902,731.5289306640625,3797072,,
2023-12-05,731.5788736034357,877.8347342366532,711.2988757182765,876.9855346679688,25680410,,
2023-12-06,914.09895876914,1052.36269451834,905.6073290975141,1052.2628173828125,25868267,,
2023-12-07,1100.9148646474525,1157.4591064453125,1100.9148646474525,1157.4591064453125,13942558,,
2023-12-08,1228.7887561090554,1258.159828815829,1098.9167737560658,1155.660888671875,17553553,,
2023-12-11,1178.7880960542968,1223.793785687588,1129.1870822189687,1170.995849609375,6202921,,
2023-12-12,1178.8380378209824,1183.6333599752127,1100.015707342761,1113.102783203125,6185074,,
2023-12-13,1108.9068974314682,1108.956896972654,1001.8124533403741,1003.5607299804688,8702879,,
2023-12-14,1004.0103180781533,1078.936461218314,1004.0103180781533,1050.5145263671875,7505312,,
2023-12-15,1068.946295122994,1083.9315235592974,1034.0307616464468,1045.9189453125,5567847,,
2023-12-18,1045.9690314188158,1048.2168158702889,1018.9956180011386,1029.5352783203125,4836390,,
2023-12-19,1038.6760859475212,1041.77313072089,1009.0053823938033,1025.2393798828125,4049083,,
2023-12-20,1024.4900784359245,1058.4565949320936,925.8373283183744,959.75390625,3827565,,
2023-12-21,923.0900985485406,994.9692585688406,922.0910832903712,984.030029296875,2578772,,
2023-12-22,1003.0112770156228,1017.896628126293,984.0299879087535,995.31884765625,1390011,,
2023-12-26,1000.4637900666631,1007.0073274697953,986.028008147508,994.070068359375,1187517,,
2023-12-27,1011.0034096850108,1018.9955315007026,990.0240899188198,998.1160888671875,941495,,
2023-12-28,1005.4089787367066,1010.8535631057003,975.0388905428907,979.3845825195312,2406672,,
2023-12-29,981.0329589839678,994.0201570153237,967.0467457194305,986.9771118164062,2495693,,
2024-01-01,991.4227265165703,1012.9015536988766,982.5314666882932,999.9642944335938,1726490,,
2024-01-02,1004.0602442935043,1013.9005808898893,984.2298163763786,999.9143676757812,2907798,,
2024-01-03,1077.887351288988,1099.86568467007,1031.1833928541885,1098.2174072265625,17295243,,
2024-01-04,1138.8773340570049,1158.657883902245,1093.0225117431112,1114.0018310546875,6280871,,
2024-01-05,1114.3015775277374,1115.8999774563663,1078.9364150876236,1089.47607421875,2558514,,
2024-01-08,1091.8237473625727,1094.9206701234496,1061.0041525251213,1067.197998046875,2060675,,
2024-01-09,1069.8953808654933,1098.9168239507826,1063.3019043118104,1066.2989501953125,2151595,,
2024-01-10,1072.4929067328796,1081.4840442873256,1058.956200856976,1067.8973388671875,1731962,,
2024-01-11,1075.9393310834166,1078.9363765738997,1058.9560733040128,1061.203857421875,854630,,
2024-01-12,1063.9012411808314,1069.645578865488,1054.060965363223,1057.4576416015625,946547,,
2024-01-15,1057.4576416015625,1057.4576416015625,1057.4576416015625,1057.4576416015625,0,,
2024-01-16,1039.9749024496389,1039.9749024496389,1022.542073686188,1025.0396728515625,2307540,,
2024-01-17,1011.8525280813114,1018.446065032941,999.0152070606024,1003.1111450195312,1250880,,
2024-01-18,1005.9084468941192,1013.700753395635,971.4923604561195,982.1318359375,1849733,,
2024-01-19,999.015241966652,1006.9574253352971,985.0789671462069,989.5245971679688,852306,,
2024-01-23,1058.956116557763,1066.9482381921612,989.1249293871889,995.3687744140625,1670762,,
2024-01-24,989.0251360456077,1016.9975641357865,981.0330137341281,1001.213134765625,1122020,,
2024-01-25,1001.2130188934497,1015.8985541362212,994.2199126802296,1001.9622802734375,824946,,
2024-01-29,1009.005410365829,1051.9630664507108,1004.0602726447682,1034.6800537109375,1816753,,
2024-01-30,1038.97587979016,1048.96603248045,1017.29723625722,1027.1375732421875,2709758,,
2024-01-31,1028.9857323573817,1034.6800706398992,1005.30905816541,1011.3530883789062,2672010,,
2024-02-01,1017.2971731548016,1028.6859099302628,998.1660685246206,1003.1111450195312,2855495,,
2024-02-02,1005.05928273395,1013.1513428654497,995.0191916398236,998.2659912109375,2348536,,
2024-02-05,1002.0122632500226,1006.0083241204115,984.0299893332724,988.0759887695312,2482752,,
2024-02-06,1004.0103057057978,1017.5469498712987,987.0270468033117,993.97021484375,1229019,,
2024-02-07,1007.9065288987764,1071.1441222322355,1000.0642224550928,1039.02587890625,6750686,,
2024-02-08,1057.9571397890645,1063.9512312326285,1014.9994844435217,1022.0924682617188,3714348,,
2024-02-09,1027.986651141827,1048.5663400788446,1002.2120709175374,1022.7418212890625,3710884,,
2024-02-12,1032.6819862919126,1060.8542887248432,1013.0014351968271,1024.2403564453125,4800285,,
2024-02-13,1033.980783131089,1035.9288140873814,985.5285435350911,1006.8075561523438,3440888,,
2024-02-14,982.0319641807891,1026.288387338458,982.0319641807891,1009.5048828125,2923474,,
2024-02-15,1011.0034540645403,1032.9317904788818,1004.759608621948,1006.4579467773438,1426683,,
2024-02-16,1011.9525204899866,1018.0964277580714,1002.0123064513165,1005.2091674804688,910442,,
2024-02-19,1014.5498583865703,1027.9866248126095,1009.0053363078092,1010.7036743164062,1021076,,
2024-02-20,1015.9984822777919,1016.9974975012706,1003.0112843725694,1011.0533447265625,2592693,,
2024-02-21,1013.9505260786926,1044.9699369647094,1010.0543422678669,1020.0444946289062,4637737,,
2024-02-22,1028.9857062099816,1030.8338600301438,1012.4520160382199,1017.1473999023438,3220687,,
2024-02-23,1017.1473099146547,1033.98069097677,1014.1002648955072,1028.38623046875,4203600,,
2024-02-26,1036.9778930793268,1093.9217658206771,1035.3794929713463,1074.490966796875,10670357,,
2024-02-27,1087.927697534862,1094.9208048652056,1041.1737311748059,1047.267822265625,5479415,,
2024-02-28,1048.9659546158189,1055.809184310674,1004.4099013145377,1017.8966064453125,3498950,,
2024-02-29,1018.9956754987577,1032.2826286750142,1004.2601988187512,1024.64013671875,3210358,,
2024-03-01,1031.9826195326357,1052.8120604061762,1025.9885288093096,1038.1265869140625,3839126,,
2024-03-04,1046.668229812034,1046.668229812034,1018.0964180201961,1024.8897705078125,2290040,,
2024-03-05,1024.9896616864119,1031.2335070914216,1012.2522170601918,1019.1454467773438,3237710,,
2024-03-06,1019.9946029835472,1022.0925106858523,994.3698366086795,1004.8594970703125,3592120,,
2024-03-07,1013.00143764039,1016.847621864685,1000.0142397219236,1008.2061767578125,3379167,,
2024-03-11,1009.0053140221029,1021.8926340070573,996.567563055237,999.1650390625,3607249,,
2024-03-12,1003.0113149354695,1006.8075607053543,959.0546437629987,964.1495971679688,1668717,,
2024-03-13,965.0986773424312,975.0888299177373,861.2010905592482,872.1403198242188,4164593,,
2024-03-14,869.1432872583639,980.0339825292585,845.7163669182859,972.341552734375,6561550,,
2024-03-15,970.0437878800595,1006.008336143378,944.3191457194915,988.0260620117188,6093587,,
2024-03-18,946.7167691378708,965.5481810782446,911.7012379503905,946.317138671875,3673113,,
2024-03-19,959.054647413677,973.98993771164,926.4367748590138,943.7197875976562,4195313,,
2024-03-20,953.5600668172301,960.5032350775939,927.3359162106798,935.1781616210938,1211071,,
2024-03-21,954.0595864971623,954.0595864971623,929.0842046516868,935.1282348632812,910394,,
2024-03-22,941.0223988065287,947.7158129764813,932.1810775232535,937.9254150390625,820686,,
2024-03-26,937.9253776053696,967.945832552486,936.1771010398991,948.165283203125,2996728,,
2024-03-27,954.059512131484,958.7049571826672,909.10382831377,918.8941650390625,3942984,,
2024-03-28,931.0821571881735,938.1751406479783,911.8511147784392,925.6375122070312,3467464,,
2024-04-01,947.0165100253365,999.0152411312055,944.0694028689892,968.59521484375,2878739,,
2024-04-02,971.0428204525449,983.9800801011153,962.7010675269495,975.2886352539062,3304235,,
2024-04-03,973.9898882021462,986.727332090644,964.3493670651458,974.93896484375,3138079,,
2024-04-04,984.9291119640569,995.4187715842288,979.1347750128753,983.2307739257812,3042493,,
2024-04-05,982.9810261466864,988.0260407522823,969.594197968921,978.035888671875,2992616,,
2024-04-08,985.9780814196608,987.0270352033589,962.1515318896915,965.847900390625,1137434,,
2024-04-09,969.494390309491,975.0389129164128,959.1545455803144,961.2025756835938,692150,,
2024-04-10,964.0497623514606,966.3474853413287,955.5581323203855,960.3533935546875,502070,,
2024-04-12,956.1574082281139,969.0447284918912,941.9214418559392,947.1163330078125,755787,,
2024-04-15,919.0939845858637,937.0762581973263,905.4074641421297,925.3378295898438,1356648,,
2024-04-16,925.3379028616359,935.5278709100218,919.044118794268,926.83642578125,704150,,
2024-04-18,935.2780788740677,954.7588760330525,916.0969740917492,919.243896484375,861752,,
2024-04-19,909.1038040474523,918.0949405709985,897.1156220160573,911.50146484375,982963,,
2024-04-22,929.0841835983772,929.0841835983772,915.9971081979262,917.6454467773438,517419,,
2024-04-23,918.6444752558073,930.4328431944704,918.6444752558073,922.240966796875,549191,,
2024-04-24,928.9842649600051,928.9842649600051,914.2987292287238,918.594482421875,536974,,
2024-04-25,918.2947422915261,921.0420339666407,911.1517595462094,917.2457885742188,573793,,
2024-04-26,919.0940116023569,926.0371796458849,917.0959811423518,918.244873046875,569183,,
2024-04-29,925.0880652210511,926.0870804102748,917.0959437072623,918.1448974609375,513379,,
2024-04-30,923.1899822672848,946.7168405449784,920.3927517194749,928.18505859375,1080983,,
2024-05-02,954.0595289027632,968.8948804333779,924.0890724974408,931.2320556640625,2505289,,
2024-05-03,931.9313031036017,935.9773634357115,921.591520193885,929.4837646484375,2473403,,
2024-05-06,929.4838396491895,929.6336553559553,904.2087043192143,916.2468872070312,2770526,,
2024-05-07,916.5964760661216,921.0421060469565,899.5632785424098,902.2106323242188,2953294,,
2024-05-08,903.0098927855167,905.1078003831394,890.1225718999749,894.718017578125,2658197,,
2024-05-09,892.7699809481055,908.0549017082107,873.1393073706334,877.684814453125,969882,,
2024-05-10,878.7337343626884,888.1245015133665,857.7044768649462,866.1961059570312,887020,,
2024-05-13,874.1382948964452,889.0735842442571,848.263776977491,861.001220703125,784492,,
2024-05-14,865.6466635267758,931.8813585352574,861.2509722936892,908.0548706054688,2934798,,
2024-05-15,913.9990495654578,929.8334164193232,908.3046506139717,915.6973266601562,1038925,,
2024-05-16,922.0910410579894,923.2399329422852,900.3624601879881,905.906982421875,642361,,
2024-05-17,908.6543060764158,916.4966123535261,901.2116302882856,912.7503051757812,606702,,
2024-05-21,913.8991121156989,963.1505503235288,904.2586518166031,929.1340942382812,2689899,,
2024-05-22,938.075320002857,945.5179958123736,927.5856598750295,933.9293823242188,1075521,,
2024-05-23,940.6227685563381,975.0388550935327,925.2879093134834,955.7578735351562,2958270,,
2024-05-24,955.7579273536828,1001.7126300789874,949.0645128052039,978.7852172851562,4025566,,
2024-05-27,989.0251017284007,1007.0073763052807,968.595227583546,971.6422119140625,1822756,,
2024-05-28,978.035921276514,982.6813665387876,949.0644792775162,950.7628173828125,1375089,,
2024-05-29,953.7099044523269,964.0496875924434,944.0693831863824,949.813720703125,983879,,
2024-05-30,951.0625383506463,965.0487521499205,945.1183852909442,954.2593994140625,1022831,,
2024-05-31,965.0487437904821,1058.9561784864504,957.2064983681271,1038.276611328125,8553215,,
2024-06-03,1188.8281839124331,1188.8281839124331,1100.6150858555263,1118.2977294921875,10556786,,
2024-06-04,1113.9019361114326,1113.9019361114326,900.1126855931846,907.8051147460938,12465744,,
2024-06-05,926.1370506791868,965.0487058265187,823.438297906323,935.3280029296875,6670432,,
2024-06-06,964.0497076916132,992.022134443287,955.2583857646689,968.59521484375,3249825,,
2024-06-07,968.4454564878629,988.9252701437384,948.9646581322739,977.1368408203125,2156312,,
2024-06-10,995.0191280585872,1012.9514628928052,964.3493495669926,969.8439331054688,2042686,,
2024-06-11,976.9370345762613,976.9370345762613,954.0595610265465,955.90771484375,1704568,,
2024-06-12,958.8548164476845,963.8498926544082,949.0644792775162,950.7628173828125,795005,,
2024-06-13,951.312251730077,959.0546197541338,942.0713608626544,944.8685913085938,866098,,
2024-06-14,946.4674881216605,959.3082037440571,941.5210429978706,945.8179321289062,784675,,
2024-06-18,947.5167320985065,957.1597416407328,937.1242020207853,939.5724487304688,1253541,,
2024-06-19,942.7202210699817,947.1170138852443,921.3855690428202,926.7317504882812,873592,,
2024-06-20,927.3312643464758,941.3211756620476,923.334146827741,925.0828857421875,1123547,,
2024-06-21,925.332702007385,930.0293272719638,917.738203147638,922.284912109375,1072848,,
2024-06-24,919.8866027133421,923.2342251642766,908.9944942832924,911.0929565429688,1159403,,
2024-06-25,911.092975001043,919.3370298886313,885.6113508030429,888.8590087890625,1219526,,
2024-06-26,899.1516355289674,909.8439378257593,888.3594296838002,893.006103515625,1252508,,
2024-06-27,899.3514439905418,906.3463996660239,891.3572089328482,902.1494140625,870307,,
2024-06-28,902.3492646217346,905.3471027101789,894.3550297192165,895.3543090820312,657824,,
2024-07-01,895.9039704617455,901.3500556124062,882.3637462369786,887.4100952148438,1062754,,
2024-07-02,896.3036693080346,937.324076446839,888.8590255857818,903.9481201171875,3839397,,
2024-07-03,914.1408126634065,915.9895162082588,900.7004920978898,904.497802734375,1034594,,
2024-07-04,904.3479042667553,908.2451185269173,894.3551097444707,895.8040771484375,799590,,
2024-07-05,903.4484200033156,903.4484200033156,889.3586058133033,890.4078369140625,873337,,
2024-07-08,893.4057135402484,898.3521586476104,881.3644092627279,883.0132446289062,765392,,
2024-07-09,893.056039968428,916.7389746889341,886.9104470693428,891.2073364257812,1715991,,
2024-07-10,900.3507573457708,903.7483317699609,882.3637277872538,890.0082397460938,729459,,
2024-07-11,891.2573166923809,897.4528001477146,880.1153270429687,893.955322265625,1604227,,
2024-07-12,893.9552899567899,901.399933377841,888.5592180141495,892.5563354492188,2036664,,
2024-07-15,892.8561275386734,903.7482971955474,885.4614357177093,894.95458984375,2513263,,
2024-07-16,903.8981396525186,915.1400325366277,896.9531358503233,905.3471069335938,3115537,,
2024-07-18,905.3471237636112,905.3471237636112,884.9617998916698,889.4585571289062,3499221,,
2024-07-19,892.356498482124,893.355777875721,883.3130321683059,887.8597412109375,2640294,,
2024-07-22,880.9147775655742,895.454281209961,873.8698697163536,885.4614868164062,3334580,,
2024-07-23,885.6613518998058,909.294334956909,856.3824766241919,878.5165405273438,3570564,,
2024-07-24,881.3644265221244,894.3550586590718,879.8655074293997,889.808349609375,3971257,,
2024-07-25,882.3636842659265,901.3499923078887,877.4172391830756,881.314453125,925391,,
2024-07-26,888.0595732562319,916.1892504499646,881.5642574613889,887.8097534179688,2835570,,
2024-07-29,899.3514873760543,923.7339298747199,888.359413641458,892.3065795898438,2776196,,
2024-07-30,899.3514708423683,906.2465231819631,891.3572355459917,895.7540893554688,1355256,,
2024-07-31,897.7526459980562,908.8446230483555,890.4578575148985,894.9046630859375,984366,,
2024-08-01,882.3636670719678,941.2212452516061,882.3636670719678,914.8901977539062,6487457,,
2024-08-02,904.3478421598265,921.3355916810609,900.3507246254185,908.2450561523438,2293304,,
2024-08-05,889.3586405322296,895.8040046758944,850.3867450482331,856.432373046875,2915990,,
2024-08-06,864.3766845134097,892.2065915200595,859.4302392650692,867.4744262695312,2721776,,
2024-08-07,879.3658869961375,882.2638217020268,868.6236332629461,874.7692260742188,4252885,,
2024-08-08,879.3158908638316,887.3600775669643,872.5707551390826,874.3694458007812,3002300,,
2024-08-09,884.3622515388073,886.0610386835007,864.5765320076991,869.22314453125,2074967,,
2024-08-12,839.3447082449852,843.7915135825828,751.8077999630444,833.6488037109375,5525083,,
2024-08-13,867.1247181420994,867.1247181420994,844.341159526575,850.7365112304688,5098540,,
2024-08-14,849.3874697737548,853.2846837374212,832.3997203782798,842.642333984375,5149876,,
2024-08-16,845.2905006599376,851.7858170043194,839.444679355288,847.5388793945312,4748490,,
2024-08-19,845.890032228502,860.1797157902995,845.4403442895665,855.73291015625,4951015,,
2024-08-20,854.4338266815943,862.8777496903483,850.3368055960366,858.4808959960938,4687430,,
2024-08-21,856.4323495152689,868.2238335753854,854.3838390584507,858.430908203125,4042213,,
2024-08-22,860.3795666298428,866.8748827542261,857.381728418589,860.2796630859375,4423458,,
2024-08-23,857.5316632355948,866.0255383508224,848.6380519537686,857.6815185546875,5464185,,
2024-08-26,858.4309185248295,864.3766428909263,853.3845699755503,855.4830322265625,4723372,,
2024-08-27,855.3831867543978,860.3795838732904,851.6358889152284,855.73291015625,3488034,,
2024-08-28,852.8849799367055,858.3810167142707,839.4946113912584,848.1883544921875,3036506,,
2024-08-29,844.4410315284443,846.9392299892653,832.5995952206227,836.896484375,2342762,,
2024-08-30,837.3961599634944,843.1919684428108,825.4048068375254,829.7516479492188,860287,,
2024-09-02,831.4004596011828,851.6858191936979,830.201312124677,847.239013671875,3684236,,
2024-09-03,847.1890844312271,854.3839084904344,842.2426390785737,850.4866943359375,3733947,,
2024-09-04,839.3947009441575,858.3310578839303,836.9964059735615,853.9342041015625,4048064,,
2024-09-05,851.0363578005778,855.7829351312529,840.593875474857,843.391845703125,356220,,
2024-09-06,839.3946877598654,846.1398236436501,823.0064813642748,826.1542358398438,559986,,
2024-09-09,825.4547480158177,829.8016500628938,807.717538411315,814.1629028320312,647580,,
2024-09-10,817.3106471096207,824.005770308585,811.4148742426686,812.9637451171875,451634,,
2024-09-11,812.9637263014578,819.359138721279,799.4235029190019,804.2200317382812,443301,,
2024-09-12,804.2200199524019,813.3134987595441,797.4249324754073,805.2192993164062,531081,,
2024-09-13,800.4227934809651,809.1664881663064,797.4249553031337,800.1729736328125,552284,,
2024-09-16,801.4221237556167,824.4055512448675,801.4221237556167,806.168701171875,1035346,,
2024-09-17,806.6183528237235,810.1657825348301,797.424970043533,798.9238891601562,467552,,
2024-09-18,798.9238629034027,804.170079639166,791.4292675665978,792.8782348632812,393363,,
2024-09-19,791.4292261517633,799.4234607593569,772.492870726792,775.640625,711872,,
2024-09-20,777.3394478135231,795.1266084354756,775.0410564651676,788.1316528320312,903218,,
2024-09-23,844.3910560240427,854.3838495864574,822.3569584171526,834.7479858398438,6122329,,
2024-09-24,829.4018982725388,831.3505052920162,809.4163103623571,812.3641967773438,1515034,,
2024-09-25,809.4163161583095,812.364202594405,798.4242427289992,800.522705078125,646962,,
2024-09-26,800.422785709035,805.0194464739409,789.5306160388722,791.5291748046875,698506,,
2024-09-27,792.4285762902462,802.3214668976537,779.4379438920455,783.1852416992188,724126,,
2024-09-30,783.9846205618055,792.4285434691374,778.6884520785943,785.9332275390625,519810,,
2024-10-01,783.485005811191,793.7775714912764,783.485005811191,785.88330078125,422972,,
2024-10-03,777.4393992227966,782.2858800785505,769.8448999250598,771.6935424804688,540034,,
2024-10-04,769.4950859329253,777.7890927133135,757.6036977269534,762.8499145507812,552006,,
2024-10-07,758.0033634957217,769.1453530085151,737.6680524556714,740.9157104492188,678392,,
2024-10-08,736.1191474145725,764.3987404310433,727.5253085284758,759.40234375,745881,,
2024-10-09,759.4522918150258,770.9440041253847,752.2574684311758,756.6043701171875,452788,,
2024-10-10,755.4053026719329,767.2966913786847,752.4574161342606,757.0540771484375,317482,,
2024-10-11,753.4566377578068,772.4429456058151,753.4566377578068,756.80419921875,709753,,
2024-10-14,754.4558914078259,762.5000777868541,751.6579214922295,753.8063354492188,250140,,
2024-10-15,749.4595700814332,753.806411191435,743.7137133774755,745.362548828125,303914,,
2024-10-16,744.6130664114274,754.1561724460892,743.5138224809967,746.2618408203125,313181,,
2024-10-17,741.815027005579,749.4095869257435,732.4717891529622,734.5702514648438,360438,,
2024-10-18,729.4739804104303,749.3596653687739,716.4333961095474,732.0720825195312,540647,,
2024-10-21,729.4739561162149,737.4182394803729,714.7345850850996,719.6810302734375,319720,,
2024-10-22,714.7346031898667,727.4754157598363,684.2066291910372,691.3514404296875,740844,,
2024-10-23,691.5013888340651,704.4920218612947,681.7584140636429,699.9453125,614601,,
2024-10-24,695.1487488025526,773.242398418349,695.0487842664393,754.406005859375,3162146,,
2024-10-25,754.3060014248192,759.4523145316008,712.2863164835092,723.628173828125,1428938,,
2024-10-28,718.581808991347,726.1763692041131,699.545548173259,711.5868530273438,768387,,
2024-10-29,706.6404585634152,716.0836001867627,705.3413465386051,710.3877563476562,358297,,
2024-10-30,707.4898389785543,727.1756560184245,704.4920006777977,713.0358276367188,460359,,
2024-10-31,713.0358074784091,726.4761276783971,713.0358074784091,717.8323364257812,392901,,
2024-11-01,721.2798814058259,725.0271792736773,719.4811906274924,722.4290771484375,77967,,
2024-11-04,717.482573383334,719.5310838528377,707.6396961811594,710.8373413085938,301856,,
2024-11-05,706.4905206369499,725.4768288294563,705.8409646444212,721.5296630859375,365382,,
2024-11-06,719.5311093554641,751.4580979215075,719.5311093554641,741.7650756835938,690233,,
2024-11-07,741.7650764078719,746.1119783338929,721.5296688310517,725.1770629882812,314547,,
2024-11-08,720.4305065273443,725.5767589204953,709.9880244411291,712.0864868164062,269748,,
2024-11-11,708.2392543161415,711.8366356558814,699.4955598184113,701.2942504882812,256490,,
2024-11-12,699.5455064835107,712.736006284915,697.0972598437788,700.6947021484375,259021,,
2024-11-13,700.4948785850848,706.3906516030274,673.0646461055935,678.4108276367188,439495,,
2024-11-14,686.6048106247696,693.2000908683443,677.1616696477298,683.4071655273438,283810,,
2024-11-18,664.5207432968386,672.5149778026653,651.6800285183222,669.417236328125,1135461,,
2024-11-19,664.5207942938512,683.2073310835069,661.8227277428443,671.2659301757812,353628,,
2024-11-21,554.6000230187404,619.3533108053973,545.3566893017614,601.4662475585938,7747092,,
2024-11-22,570.1888140155775,623.9500957327525,566.591432491467,608.6610717773438,4877932,,
2024-11-25,635.8914547239966,641.387491708616,591.8732070726893,599.9674072265625,1889993,,
2024-11-26,604.5640476235368,606.7624745404029,576.584223931869,579.032470703125,1849854,,
2024-11-27,579.6319614125578,694.7989038462165,572.1373664602589,693.5498046875,11556998,,
2024-11-28,715.0343354328483,823.7059660734467,711.5868094349811,803.2706909179688,19663248,,
2024-11-29,808.8167619972073,861.3788334715049,787.9817501381402,811.7645874023438,20895033,,
2024-12-02,811.4148705518224,814.7124803644509,769.4451358681075,771.9932861328125,3972726,,
2024-12-03,779.7376778491121,788.4314205399928,761.4508776317801,765.6978149414062,2337108,,
2024-12-04,765.9476088426871,775.7904858775308,739.9663461813566,746.1119384765625,2004742,,
2024-12-05,754.1561942484766,754.1561942484766,734.6702454609057,743.4139404296875,1462651,,
2024-12-06,744.2632851129036,750.90851752108,727.4754033868271,730.523193359375,1260840,,
2024-12-09,730.5231750325246,736.968539200718,721.5296606558379,728.9743041992188,746949,,
2024-12-10,729.4739510966323,733.8207920251908,713.4854809356102,714.9344482421875,1008997,,
2024-12-11,711.5868380222067,725.9764858126225,707.5397686408943,716.9829711914062,1061030,,
2024-12-12,720.4304552278842,755.1054606616117,711.7866645061416,729.8736572265625,4461421,,
2024-12-13,728.3747889496376,732.4718101488158,708.5390559955138,717.3327026367188,1337241,,
2024-12-16,717.2328113287483,723.1285843658869,710.5875787186433,712.1864624023438,688854,,
2024-12-17,713.3855502553376,723.0285593596658,704.5918432083623,714.135009765625,904258,,
2024-12-18,715.0343418418572,719.1314238583543,698.9959201328268,701.2942504882812,672236,,
2024-12-19,689.5027829755289,701.1943641024792,685.6055689361541,696.74755859375,562043,,
2024-12-20,696.4977156278426,711.9365939759338,665.6699716927203,673.864013671875,1121570,,
2024-12-23,679.5100121359224,685.8554121174859,665.5201001213593,669.017578125,805382,,
2024-12-24,670.5164434684561,679.4100540748639,664.7705872092257,670.4664916992188,597181,,
2024-12-26,673.514305841355,685.3057903922718,668.1181727630707,671.5157470703125,867412,,
2024-12-27,675.0631880809113,684.5063906316559,669.5171995959262,678.8104858398438,528352,,
2024-12-30,675.5128914468879,780.5871474049562,674.1138758551133,750.6087646484375,6192036,,
2024-12-31,753.8064026324527,778.1388929928557,718.7816713198987,760.5015869140625,4823564,,
2025-01-01,750.4588240922963,766.0475582255734,744.4631477347014,749.5594482421875,1803892,,
2025-01-02,748.4602796140587,748.9099675477094,731.2726615288253,733.9207763671875,1186318,,
2025-01-03,733.9707108009869,750.2589526341424,724.4775566109129,727.1256713867188,799043,,
2025-01-06,724.5274715697356,725.4767991387434,696.5976018839974,703.2927856445312,811374,,
2025-01-07,707.3398606816115,717.3826669020185,699.4955422118471,702.7931518554688,641975,,
2025-01-08,704.4420166015625,707.8395299252516,692.5505674907167,704.4420166015625,472342,,
2025-01-09,701.993758067261,704.4919564945466,679.5099722216903,681.658447265625,603345,,
2025-01-10,699.4955203555046,708.1393108249367,668.5178615969037,680.759033203125,1768986,,
2025-01-13,674.5135769214439,674.5135769214439,620.1527546219726,627.747314453125,1727803,,
2025-01-14,637.2904295952899,710.4876447546078,635.3418225907661,669.3173217773438,11803732,,
2025-01-15,671.3658237170953,687.1544866354994,657.525828769406,661.7727661132812,2356369,,
2025-01-16,695.4984484461165,707.4898010055324,669.0674966481696,672.86474609375,1985629,,
2025-01-17,679.4101142332539,679.5100177805745,668.1182077919001,672.6649780273438,890190,,
2025-01-20,674.7134700459967,679.5099990172956,665.6199908173838,675.2630615234375,662550,,
2025-01-21,675.0132065130916,678.5106842670455,664.0211335720938,665.81982421875,695062,,
2025-01-22,666.1696528741053,669.3672982402112,642.0370303710799,654.8777465820312,718254,,
2025-01-23,655.5272562191417,663.9711789586135,651.1304026651056,657.775634765625,491703,,
2025-01-24,659.5243881832132,663.2217340727778,637.5402419104394,641.0377197265625,469301,,
2025-01-27,640.4881328249437,640.4881328249437,611.2592108679561,618.9536743164062,1284696,,
2025-01-28,618.953640411269,626.698055206417,606.9622884703946,615.6060180664062,790371,,
2025-01-29,616.4054956091883,627.5474857154151,612.6082459511838,623.4004516601562,971739,,
2025-01-30,624.5496100219822,646.9334924416391,622.1513151230287,641.0377197265625,1492699,,
2025-01-31,639.4889029736792,649.3317812635711,634.5424574457484,642.6365966796875,895974,,
2025-02-01,647.0333526959894,653.9284043258195,625.2990277212592,634.2925415039062,745119,,
2025-02-03,629.4960729781744,629.7958446012491,618.0043598279732,619.9029541015625,467426,,
2025-02-04,625.5489395778652,633.8928986406196,622.3512331198067,628.496826171875,401005,,
2025-02-05,628.5467715706848,646.9834895486962,628.4968197966173,640.3382568359375,522792,,
2025-02-06,644.5352418639427,645.2847014475054,630.8950530466303,634.24267578125,276724,,
2025-02-07,638.0399267558746,638.9892544285315,622.551095331104,628.9964599609375,412870,,
2025-02-10,634.2925819641837,644.5351955366656,604.7638886924826,608.1114501953125,706920,,
2025-02-11,611.4090746654457,620.4526020013454,592.5726824282355,595.5205688476562,1043269,,
2025-02-12,598.5683366308881,604.5640127907968,580.3814400809306,595.3206787109375,860862,,
2025-02-13,601.4662785682351,608.061498028775,590.0744693278416,596.7696533203125,497015,,
2025-02-14,602.565469898897,606.5625874438317,568.9396941556649,573.3365478515625,823990,,
2025-02-17,573.2865512611048,578.9324427572267,560.4457755571864,574.0360107421875,574202,,
2025-02-18,575.3350888665095,580.8810770906966,565.5921151514449,578.9824829101562,583936,,
2025-02-19,567.1909598947694,583.5292145887722,564.3929897885372,582.2301635742188,544265,,
2025-02-20,578.7327231161661,589.2751092111064,570.0889313987499,587.2765502929688,577250,,
2025-02-21,589.5748658747851,599.567660211646,577.5835126705522,581.330810546875,590970,,
2025-02-24,581.2808608541784,581.2808608541784,571.2381147079196,574.9854125976562,437295,,
2025-02-25,574.9853574283413,593.521977012765,565.2423838498555,578.6326904296875,1266719,,
2025-02-27,582.6298122380667,596.1700352188255,572.4371506800002,580.3314819335938,1468847,,
2025-02-28,579.4321284601378,579.4321284601378,554.6000600766009,556.74853515625,900373,,
2025-03-03,558.9969035509495,563.7434805548532,532.2161676623017,551.40234375,1089227,,
2025-03-04,549.5537073711756,557.5978941840186,536.8128952728848,546.7557373046875,621261,,
2025-03-05,544.6072472183428,599.5676116165242,543.957691242623,589.4749145507812,2608015,,
2025-03-06,588.8254094240981,602.0658619906985,582.87968456388,595.4706420898438,1180803,,
2025-03-07,596.3199694623187,609.0607815455103,590.8239328774125,606.762451171875,828175,,
2025-03-10,607.461951598027,625.34901567269,599.1179322888426,605.3134765625,1147590,,
2025-03-11,599.5676233644454,607.8616299560856,592.3727996858374,596.7696533203125,676878,,
2025-03-12,600.5169486562155,605.3634291966318,580.4814095174294,600.0672607421875,656356,,
2025-03-13,604.5639846611733,619.3033545351441,597.7688975276783,603.9144287109375,1166429,,
2025-03-17,601.5662193284038,609.5105030277368,597.7689696770578,602.9152221679688,746787,,
2025-03-18,602.9152221679688,602.9152221679688,602.9152221679688,602.9152221679688,0,,
2025-03-19,609.5604105923155,625.2990605379368,609.5604105923155,622.1513061523438,809641,,
2025-03-20,631.5445671374872,635.2918648064201,614.806637549587,619.2034912109375,1008769,,
2025-03-21,623.5004083267463,637.5402720249862,618.5539629834897,630.2455444335938,1169489,,
2025-03-24,635.1919827238391,641.4374790497199,622.5510737637867,624.6495361328125,703039,,
2025-03-25,624.9493790658131,630.6952357804736,603.5148231233223,607.3120727539062,891269,,
2025-03-26,607.312040699086,618.3041138339111,596.2700157937008,597.6190185546875,1097890,,
2025-03-27,596.7696866541405,616.7552752159593,595.1708029744894,611.4591064453125,6804918,,
2025-03-28,614.856570361592,632.0441873380304,599.367740474257,602.1657104492188,1764020,,
2025-04-01,598.6183189781071,602.4155685417787,580.931061204676,591.7233276367188,1551248,,
2025-04-02,594.5712447196307,600.5669211369716,577.6833984143177,598.3185424804688,1329369,,
2025-04-03,593.022336685967,609.5603975693269,588.825351258567,604.6139526367188,1080140,,
2025-04-04,605.5633208534517,608.1114711439566,586.6769156580871,590.8739013671875,885521,,
2025-04-07,545.106857482324,578.3328941666269,545.106857482324,569.2894287109375,815626,,
2025-04-08,587.2265700247742,589.5748522431711,575.0853007897373,584.5285034179688,585513,,
2025-04-09,583.5791435484873,585.5777022592698,575.9846448439826,578.9824829101562,348619,,
2025-04-11,597.569076633581,600.76678288738,587.1765465565273,591.6233520507812,650826,,
2025-04-15,599.5676114380068,611.708879966095,596.120085474004,610.2099609375,716934,,
2025-04-16,602.5654319963958,610.109978689659,600.6168251175765,607.5618286132812,560440,,
2025-04-17,607.4619831428256,621.8016184075007,603.5647690126644,607.8117065429688,928948,,
2025-04-21,613.5574969259986,626.7979477961444,608.5611003712268,623.8001098632812,868598,,
2025-04-22,626.7480486425704,633.543136329255,617.654569554812,620.402587890625,668294,,
2025-04-23,621.5018746229475,629.4461585572977,618.9037114227189,626.048583984375,584430,,
2025-04-24,625.5488648945653,631.2947210816959,621.1020596471606,624.4996337890625,600192,,
2025-04-25,625.5488907877603,628.546728922526,593.5719506835937,599.567626953125,902183,,
2025-04-28,599.5676099384623,621.7516237044197,599.5676099384623,616.5553588867188,1012889,,
2025-04-29,620.6024528162836,624.5496186040962,607.5618689780648,609.3106079101562,629183,,
2025-04-30,611.5590019887779,611.5590019887779,594.7211682422563,599.7675170898438,411519,,
2025-05-02,598.5683255414632,613.4576121258576,597.0694065292558,599.3677368164062,440880,,
2025-05-05,606.5625785292889,683.9068262835289,603.01514895853,665.0703735351562,16749924,,
2025-05-06,666.4194436719681,677.1616970191141,629.5460101118073,632.493896484375,4149196,,
2025-05-07,613.2078435955958,635.4917625766004,611.0593684352077,624.9993286132812,1269091,,
2025-05-08,632.7936735696703,637.1905272811126,603.5647514189986,609.3106079101562,976521,,
2025-05-09,590.1244238535512,606.3627137288225,586.6768978048743,600.6668090820312,1363901,,
2025-05-12,629.5460196972091,639.5388136606568,621.7017008323722,630.6452026367188,1452771,,
2025-05-13,633.5431766674832,655.5273247537366,628.5467793751528,647.8828125,1900554,,
2025-05-14,653.4288562865476,657.8256492687127,645.5345242406935,655.5772705078125,863692,,
2025-05-15,654.577951971616,661.522955927702,649.4816514810292,659.9241333007812,832453,,
2025-05-16,661.0232745792326,689.0030957254435,661.0232745792326,681.1087646484375,2828190,,
2025-05-19,685.1558871753514,686.4549380874691,670.816192401,675.5128173828125,996717,,
2025-05-20,677.5114065313119,679.0103255723103,656.6764562579018,659.4744262695312,818977,,
2025-05-21,660.7734859535866,667.4686699565682,655.5772210113691,662.8719482421875,454876,,
2025-05-22,658.4252297599954,669.067518915968,651.2304057866543,657.5758056640625,490767,,
2025-05-23,664.171105661375,665.8698319201906,656.1268573586426,658.0255126953125,523959,,
2025-05-26,664.1210458377057,675.0132153824632,661.5728956388635,669.2174072265625,733875,,
2025-05-27,669.2174260726313,680.259451239354,663.7713411468834,673.8140869140625,625891,,
2025-05-28,674.5136346009299,685.0060689169443,670.1167805863194,672.5150756835938,620450,,
2025-05-29,672.564936425541,683.5070572151579,667.5185880405343,680.2593994140625,844156,,
2025-05-30,680.2594251001557,692.5005972741944,669.5671237376588,683.2572631835938,1202369,,
2025-06-02,684.5063578768907,694.1494280449097,675.5627954553014,689.8524780273438,1097990,,
2025-06-03,686.5548818756233,694.4991650990921,674.5635293847038,678.3607788085938,864468,,
2025-06-04,681.5085640161695,684.2066306467267,672.6149527872302,681.958251953125,569059,,
2025-06-05,684.2066195593783,689.5527399699511,676.8119275793354,681.8582763671875,616872,,
2025-06-06,683.5070912356856,692.3506892916081,675.1131201047433,679.4600219726562,950457,,
2025-06-09,685.5056562220386,693.4998912800215,681.0088990019232,690.3021850585938,911914,,
2025-06-10,695.4984671453503,720.4804523158011,689.6527070119347,712.5861206054688,2792402,,
2025-06-11,715.4840555272953,718.2320738969881,691.6012532996768,697.0972900390625,1326185,,
2025-06-12,699.4955606506643,701.4441676249971,669.6170830206883,672.2651977539062,1181155,,
2025-06-13,658.6700090235313,666.3173018769421,654.2715206138647,658.5700073242188,959668,,
2025-06-16,658.5700073242188,662.2687278940953,642.5755927637576,658.5700073242188,736925,,
2025-06-17,662.7685315800449,662.7685315800449,644.7748157905414,646.6241455078125,630560,,
2025-06-18,646.6241729416178,664.2680360782042,645.1246965622088,650.7227783203125,925059,,
2025-06-19,653.7716922345751,653.7716922345751,620.783212351179,622.3826293945312,1322163,,
2025-06-20,622.3826012160142,633.3287903390469,613.7356578827441,616.884521484375,4454650,,
2025-06-23,614.335428523488,630.9796398757229,607.9376995787117,629.4801635742188,1169567,,
2025-06-24,640.2264288492314,644.6248561854057,629.7800647783134,631.62939453125,1176752,,
2025-06-25,634.7783287715374,640.5263215123821,632.4791438779695,633.9286499023438,1280646,,
2025-06-26,639.7765955344635,648.6735132216548,634.1285433714704,645.3246459960938,2065705,,
2025-06-27,647.7738051191185,693.6578073872631,647.5738627295832,682.2117919921875,11651442,,
2025-06-30,683.761219088166,686.9601141872547,669.7661064167708,675.5140991210938,1452561,,
2025-07-01,676.7636775003839,683.761233988571,664.0680985261885,666.46728515625,1026690,,
2025-07-02,668.816439366819,672.1152752175273,660.0694937704751,662.968505859375,611592,,
2025-07-03,665.2177206577248,669.7661201665334,660.7692618359382,663.6682739257812,391058,,
2025-07-04,663.7681695869414,672.3651425585832,656.5207008678069,659.8695068359375,732740,,
2025-07-07,662.8185141519598,664.7678456012293,654.7713366448198,656.2708129882812,440055,,
2025-07-08,658.7699128302723,664.1680518477735,649.7730551436678,653.2218627929688,523872,,
2025-07-09,657.270462014267,660.5692977577286,649.7730803182867,650.6727905273438,564106,,
2025-07-10,652.5221206212694,658.6199666650441,649.7730806646115,651.722412109375,446183,,
2025-07-11,651.7723711952307,655.2711492614628,640.876152240569,644.52490234375,427786,,
2025-07-14,649.673138216803,655.7709842440205,639.7765699941664,646.4742431640625,675567,,
2025-07-15,650.7727301423497,653.2218870284509,645.2746502409935,647.5238647460938,467659,,
2025-07-16,649.5731666623255,662.5186584992955,648.7734581154926,659.669677734375,852507,,
2025-07-17,661.7689208054925,666.6672348061189,655.920987225063,661.4190673828125,673880,,
2025-07-18,662.3186611594416,664.3679332075102,648.923376323249,653.2218627929688,478772,,
2025-07-21,654.7713457409849,661.6689614222694,647.7737893742874,657.5203857421875,416154,,
2025-07-22,661.6689757527997,662.0687995169608,644.7748506103374,646.7241821289062,445162,,
2025-07-23,651.5724313918896,654.6713857282489,647.074002431816,651.872314453125,398214,,
2025-07-24,651.7723711952307,655.1211772245139,642.2756878726008,644.52490234375,321771,,
2025-07-25,645.0746906065692,647.2239643706079,621.8827783492877,623.882080078125,553055,,
2025-07-28,627.7307643453162,638.6769533710186,620.8831194048541,625.4315795898438,610775,,
2025-07-29,628.730425284766,630.7796973602669,617.784236083431,629.1302490234375,620849,,
2025-07-30,632.7789975804636,635.8778908565986,623.3322847029148,624.9317626953125,330702,,
2025-07-31,619.7835732271362,621.2830496139761,602.2397117038802,603.8890991210938,970390,,
2025-08-01,616.7845725601776,616.7845725601776,592.4930691823757,595.192138671875,827372,,
2025-08-04,600.6401996421325,606.9380489217135,593.8425859423902,605.8883666992188,481108,,
2025-08-05,603.7891470606734,607.7877506835918,593.4927549344285,595.6419677734375,464528,,
2025-08-06,596.8915203393442,598.5909390503474,586.2952453406032,588.7943725585938,404411,,
2025-08-07,588.7943908704561,594.5423836506006,576.8985205373127,591.6433715820312,631605,,
2025-08-08,594.7922674738982,598.7409006119985,581.7968061677458,584.3958740234375,434493,,
2025-08-11,585.3955204476255,598.7408960651371,581.9467737844141,596.091796875,529688,,
2025-08-12,598.7908634302787,615.2851025731828,595.8418811989296,611.6363525390625,927355,,
2025-08-13,611.6363603366439,615.9349078882484,603.7891254135463,609.0372924804688,351327,,
2025-08-14,610.7866895820265,616.7845948807044,605.4885521042974,607.137939453125,279633,,
2025-08-18,611.7863202744884,628.8803254060314,608.8373380638602,623.332275390625,619968,,
2025-08-19,625.3815927664281,633.078917073137,624.8317969617739,628.530517578125,473682,,
2025-08-20,624.8817332287449,634.7783012282357,624.8817332287449,630.179931640625,555892,,
2025-08-21,633.7786368166782,633.7786368166782,616.3347173387497,617.7342529296875,309973,,
2025-08-22,617.7842755257866,622.7825301821441,613.3358166788584,617.5343627929688,294230,,
2025-08-25,619.7835299350247,632.9789334202816,617.9342002593055,631.0296020507812,722258,,
2025-08-26,629.8800067389998,644.2750040829321,625.2816370114415,635.4780883789062,1256023,,
2025-08-28,625.7814750803408,631.4295271763024,584.8957281016602,592.3431396484375,3247580,,
2025-08-29,592.7929768161393,594.7922785929222,583.5462060985183,590.8936157226562,839227,,
2025-09-01,593.6927142195781,597.5413459106601,592.1932378182967,593.942626953125,397205,,
2025-09-02,594.2424931137257,602.7894961549438,592.7929870976478,595.6419677734375,381413,,
2025-09-03,598.5409452716589,601.0900427314245,595.0921376431072,596.9415283203125,286955,,
2025-09-04,597.7412800997517,604.7388365430645,594.7922976815856,595.8419189453125,298857,,
2025-09-05,597.0414928687908,599.5406200888359,587.9946645349969,590.1939086914062,268110,,
2025-09-08,592.8929091803162,601.6398543310096,589.7940158753238,592.0932006835938,431824,,
2025-09-09,594.792279781226,597.9911748332393,591.8432974518099,594.3923950195312,217589,,
2025-09-10,597.0914395876738,602.4895785749438,595.8418760270877,597.6412353515625,398054,,
2025-09-11,600.1903969893013,628.7304166607266,598.0910935881457,606.038330078125,1876056,,
2025-09-12,609.7870380915426,610.7866889736599,603.989075178032,605.3885498046875,388478,,
2025-09-15,606.7880678288963,609.4371669951374,603.0893474696741,604.9887084960938,314243,,
2025-09-16,609.487181440768,609.487181440768,603.7891589630158,605.6384887695312,267037,,
2025-09-17,609.7870561226845,612.3361537446897,604.7888015643018,606.8380737304688,321528,,
2025-09-18,607.7877193386462,610.7367015612328,604.9387388097848,606.7380981445312,320497,,
2025-09-19,634.7783256008396,687.5099109164998,634.028587420996,651.2225952148438,16380380,,
2025-09-22,655.7709709213897,781.4270975217486,652.1222208392303,780.4774169921875,38847632,,
2025-09-23,789.7242126152604,797.7214198316174,715.9499882471362,722.6976318359375,14832905,,
2025-09-24,723.7472334097652,724.4969715659217,662.2687046049301,667.0670166015625,6306234,,
2025-09-25,667.7667946402828,704.7538775769452,663.0184529119275,671.4655151367188,8172631,,
2025-09-26,674.2644994336915,681.7119104812065,646.2742755876673,649.0233154296875,3164703,,
2025-09-29,658.5699794178608,658.5699794178608,627.1309474268875,629.4801635742188,2063464,,
2025-09-30,634.7782904982618,637.1774769466282,617.7842260282296,625.0816650390625,1546854,,
2025-10-01,629.8300295621871,651.6724380656856,625.9314277086543,640.8761596679688,2231579,,
2025-10-03,644.3749364591688,644.3749364591688,631.7293893645012,637.0275268554688,1117569,,
2025-10-06,639.7765831008403,640.7762340119353,630.329869788222,633.2288818359375,836261,,
2025-10-07,635.3781042244493,655.4711244473958,633.2788616851768,635.8779296875,1784826,,
2025-10-08,637.7772799261894,638.1771646953192,626.9810623120269,629.0303344726562,742143,,
2025-10-09,625.1817110780662,631.7793827582931,623.8321457249401,627.4808959960938,697062,,
2025-10-10,628.2806046294979,632.6790930929056,625.98141971111,627.8307495117188,635866,,
2025-10-13,624.7817994298895,628.1806368243272,619.9335170718526,625.1316528320312,713900,,
2025-10-14,625.7814384247062,631.6794029048546,614.885219644041,616.53466796875,778963,,
2025-10-15,618.9838168839585,624.4818965444019,613.4857372235151,618.7838745117188,733685,,
2025-10-16,621.7328664545724,628.0306546887939,620.0834181250601,621.4329833984375,507032,,
2025-10-17,621.9328343970284,639.726608287401,616.7846078353268,619.5836181640625,1423512,,
2025-10-20,621.6829307074812,623.4822901582625,617.3843829462511,620.4833374023438,600378,,
2025-10-21,623.7821652978556,627.1309714271682,620.7832125800775,623.0823974609375,120665,,
2025-10-23,629.5301316279781,629.5301316279781,621.782837431683,623.182373046875,549010,,
2025-10-24,619.9834864449134,624.6818577720591,617.7842423115849,622.3326416015625,551548,,
2025-10-27,622.7824954658682,623.7821463414153,617.7842410881325,618.8338623046875,377483,,
2025-10-28,622.1327074219063,624.3819219259824,618.184135214718,620.783203125,438770,,
2025-10-29,620.5832480455554,674.7643374156238,613.3357792362765,634.028564453125,8468521,,
2025-10-30,634.6783721643789,643.2753453816558,631.1795940620699,638.4270629882812,982877,,
2025-10-31,638.7768962984051,643.7251802330634,629.7800386040614,631.3794555664062,860568,,
2025-11-03,631.3795064002132,634.6784032981512,625.0317473658921,626.2813110351562,507604,,
2025-11-04,625.8814183255131,631.4795001011988,622.7825248705416,628.88037109375,524868,,
2025-11-06,628.8803675102445,629.7800777411289,615.6850242162722,617.3344116210938,632993,,
2025-11-07,614.8852351451594,617.2344513339334,606.9880297595639,610.9866333007812,629852,,
2025-11-10,610.3368618108738,615.2851461066216,609.0373278074073,610.5368041992188,436269,,
2025-11-11,612.6860524753357,615.7849458166007,608.2375938295728,612.3861083984375,433082,,
2025-11-12,615.7849570564078,634.078556402554,613.5857128641509,619.9335327148438,1180453,,
2025-11-13,621.7828709507046,628.2806019172313,617.3843825062851,619.0838012695312,539936,,
2025-11-14,623.6821991139925,634.6783586296087,621.3829533132862,624.9317626953125,931132,,
2025-11-17,629.7800525892708,629.7800525892708,620.383309938749,621.6328735351562,387009,,
2025-11-18,621.9828024397342,625.081695825475,611.6363790121504,612.5860595703125,530946,,
2025-11-19,614.5353814952203,616.7346256447805,608.3875041475167,610.286865234375,379035,,
2025-11-20,613.6856845658302,621.1830659816997,605.6884777222363,608.8373413085938,591539,,
2025-11-21,609.7870214361893,611.7363528058447,604.7887671621222,607.7877197265625,394876,,
2025-11-24,608.5874347349776,609.787027976389,600.7901701865735,601.6898803710938,342090,,
2025-11-25,601.7898394303561,606.5381811866587,598.8408570841983,604.5388793945312,322649,,
2025-11-26,606.9380488040844,608.9873208803515,604.388890280059,605.5385131835938,233339,,
2025-11-27,606.5381982804959,609.7370934408227,601.889797077256,603.1893920898438,237752,,
2025-11-28,604.0890162391191,612.5860487424387,600.8401508702028,606.438232421875,452534,,
2025-12-01,608.8373667351974,610.6867575033215,603.7891419071211,606.6381225585938,290729,,
2025-12-02,604.7888086291017,605.7884595524556,600.0404667431707,601.4400024414062,246342,,
2025-12-03,601.2900190140858,602.0397571924076,590.7936845175806,593.19287109375,389279,,
2025-12-04,592.5930263722727,596.7915722491568,590.8936076823616,592.79296875,231421,,
2025-12-05,594.7922618147244,597.2414186249661,589.9439795483279,592.9429321289062,241999,,
2025-12-08,593.7926048510601,593.8425751907869,572.7999370027903,576.8485107421875,663922,,
2025-12-09,573.7996265695014,593.7926449168708,570.2009076725149,589.8939819335938,635126,,
2025-12-10,590.9936429476561,596.4917230712975,583.7961440375733,588.6944580078125,352276,,
2025-12-11,587.7947122686957,591.0435776001128,581.3469519466523,586.8450317382812,300210,,
2025-12-12,589.1942502557622,597.0914555616322,588.944337536959,593.4927368164062,288954,,
2025-12-15,593.2928202239333,597.6412773145586,590.1438954246183,592.3431396484375,200024,,
2025-12-16,591.7933245075537,592.29314995055,584.8957089886663,586.6951293945312,189273,,
2025-12-17,586.5951356773744,589.7940307588361,580.0974048300312,584.4459228515625,232805,,
2025-12-18,584.3458939844304,584.7957490711004,574.9991829133623,581.746826171875,252719,,
2025-12-19,581.796827137706,585.395545992812,562.5535472023095,568.5514526367188,760702,,
2025-12-22,573.0998344634414,573.4997192190004,567.3018715909204,568.50146484375,506616,,
2025-12-23,570.6507199004991,570.7007512590367,562.2037181915034,563.203369140625,534922,,
2025-12-24,564.90268385128,569.1512000609624,560.8041396780666,565.002685546875,554316,,
2025-12-26,564.9527341126684,584.7957801975941,562.8034602585393,569.60107421875,842886,,
2025-12-29,570.3508108209996,571.9002575187413,562.903399386739,564.7028198242188,302381,,
2025-12-30,564.8027689542542,566.9520428345759,562.3036416579964,563.8530883789062,243328,,
2025-12-31,564.7028377847652,570.8506544288572,563.9030682254044,566.502197265625,248347,,
2026-01-01,567.1519164221016,620.7832118691553,567.1519164221016,593.892578125,10982992,,
2026-01-02,588.294546629054,591.5933823513071,584.895709209855,587.3948364257812,809537,,
2026-01-05,587.3448446663224,587.3948150060492,575.5489768400638,576.8485107421875,562506,,
2026-01-06,577.9981752515594,581.6468645082234,568.8013745672106,570.15087890625,435877,,
2026-01-07,570.8006506358336,572.300126950989,567.8016980055228,571.3004760742188,344248,,
2026-01-08,571.8002989061816,577.5982617622511,560.8541096526733,563.9530639648438,526321,,
2026-01-09,563.7531541781905,563.8031245219205,555.1061492281208,556.355712890625,375608,,
2026-01-12,555.1561197837596,559.1547235052994,544.3099315946228,557.0554809570312,484290,,
2026-01-13,558.6548799606305,563.8031064910439,553.8065975107063,555.256103515625,307388,,
2026-01-14,555.256103173112,558.6049092739199,552.7569759295692,554.2064819335938,250494,,
2026-01-15,554.2064819335938,554.2064819335938,554.2064819335938,554.2064819335938,0,,
2026-01-16,554.7562928515165,557.8551863124709,544.8097539482238,546.5591430664062,553847,,
2026-01-19,548.7583427450542,550.3077893497184,541.3109317581699,544.5098266601562,326610,,
2026-01-20,544.5098306991395,548.5584044425981,529.8149509878397,532.1141357421875,467312,,
2026-01-21,534.763250995079,537.6122316003972,522.6174683853591,527.9656372070312,650505,,
2026-01-22,532.7639813568497,554.8062724092581,532.7639813568497,547.8087158203125,647552,,
2026-01-23,550.4577687988736,550.4577687988736,506.8729548264518,517.2693481445312,2182806,,
2026-01-27,527.8656169746621,536.5126211972344,512.870854286164,525.1165771484375,1410430,,
2026-01-28,526.8159975127467,534.7632339664198,519.4185568233482,529.6649780273438,510039,,
2026-01-29,529.6649945106127,535.9628438674523,521.8177595059568,526.9159545898438,680543,,
2026-01-30,526.9159632722973,531.0645388993564,520.4182324434111,526.7660522460938,355049,,
2026-02-02,522.4675541720108,525.7164195154357,510.8215970738871,518.8687744140625,500247,,
2026-02-03,549.8079983686445,557.805205617643,536.812536589022,542.16064453125,1648965,,
2026-02-04,534.86317319176,552.9568901208615,534.86317319176,548.7083740234375,818590,,
2026-02-05,549.4581108135892,552.9568887676112,542.8104082954093,545.2095947265625,303887,,
2026-02-06,544.809717987257,552.0571867127757,540.0613764084691,543.3102416992188,360154,,
2026-02-09,552.6070274203523,564.6028387001596,543.8101113512639,545.3595581054688,542445,,
2026-02-10,548.0086304295613,548.8083389392715,539.361625820334,543.0103759765625,380040,,
2026-02-11,543.0103494477552,544.8097087601574,539.0117460807082,542.0606689453125,229071,,
2026-02-12,541.8108155046034,544.159970834184,532.8139569445639,535.762939453125,241207,,
2026-02-13,532.8139077032022,533.3137331325673,517.8691151624163,519.718505859375,473476,,
2026-02-16,520.81811788363,532.8139286602203,514.9201531796002,528.8652954101562,370260,,
2026-02-17,529.3151780269311,535.8129092019549,524.8167487519147,533.6636352539062,277889,,
2026-02-18,532.8139380618453,538.0121350261942,528.665362356199,530.8146362304688,282162,,
2026-02-19,530.8146067652209,534.0135017206243,519.8184473030411,521.8177490234375,231919,,
2026-02-20,522.2176327420567,524.2669047986478,517.8191445603301,519.0187377929688,317392,,
2026-02-23,521.817784967189,527.9156312288898,521.3679298463437,525.41650390625,279098,,
2026-02-24,522.817398464197,523.5171662672052,514.9701636384851,517.9691162109375,275654,,
2026-02-25,523.4671859350151,523.4671859350151,512.8708504396415,514.9701538085938,276399,,
2026-02-26,517.3193354559046,519.7185219968916,513.82055734171,515.9197998046875,174554,,
2026-02-27,515.9198028113242,517.4192791547175,509.87192709574083,511.8212585449219,208796,,
2026-03-02,489.6789953234197,499.82544577119006,482.8313806149696,492.6779479980469,754603,,
2026-03-04,487.72966861346805,487.72966861346805,476.8334798913401,480.63214111328125,533471,,
2026-03-05,481.3319185011195,486.33017310653094,477.8331402773315,483.28125,459707,,
2026-03-06,484.8306920911323,491.82824847182906,481.0320308300954,482.48150634765625,363825,,
2026-03-09,480.8320657243894,480.8320657243894,462.63840779150803,467.73663330078125,476128,,
2026-03-10,468.7862866599479,477.83311481081427,463.2882068870201,472.2850646972656,793303,,
2026-03-11,478.83275388158387,566.7020874023438,474.73417932317534,566.7020874023438,18960811,,
2026-03-12,593.7926502257477,650.7727530251882,589.6941058334335,607.3878784179688,48585918,,
2026-03-13,623.782144947219,644.6248412502531,553.8065838153194,565.7024536132812,31842446,,
2026-03-16,588.7444060057459,604.0890228174162,513.9205000092836,521.8677368164062,18277892,,
2026-03-17,525.5165029497762,533.5137103417793,489.82895276019207,516.6695556640625,8611067,,
2026-03-18,519.8184889227678,520.2183737044027,507.8726479841762,515.4700317382812,2891422,,
2026-03-19,535.4630281636763,579.7975211046753,517.5192823336154,555.9558715820312,50297135,,
2026-03-20,575.9488698856306,592.0931947361502,544.8097210564091,551.7073364257812,13348695,,
2026-03-23,547.3088426588228,547.3088426588228,509.9219068141982,513.420654296875,3898645,,
2026-03-24,531.8142842607893,534.5133539212737,508.472429404725,521.7178344726562,3665140,,
2026-03-25,528.8153134491696,531.2144999573135,517.8691241532651,520.6181640625,2035564,,
2026-03-27,521.7678156545616,553.3067903258292,511.32145122251427,528.915283203125,11384740,980487.0,8.61
2026-03-30,526.9159484447987,537.462313919832,502.2745911415895,509.77197265625,3244731,581057.0,17.91
2026-04-01,529.8149998605647,529.8149998605647,513.120816907471,520.7182006835938,1854124,326276.0,17.6
2026-04-02,514.820183653563,522.3675353082393,508.9722201262108,519.868408203125,1382666,271245.0,19.62
2026-04-06,519.8684355022467,525.8163705275235,512.6209665168387,523.2672729492188,1709257,299672.0,17.53
2026-04-07,520.8180972561257,527.5157702105573,515.9698149981475,519.3685913085938,994818,237199.0,23.84
2026-04-08,522.3675819562418,588.7943985449393,522.3675819562418,558.8048706054688,15289752,1274420.0,8.34
2026-04-09,553.806613240466,554.4564107481837,544.0600167078045,549.7080688476562,1974221,354557.0,17.96
2026-04-10,552.757000888498,585.3955675546044,551.2075541303083,580.84716796875,7676199,1333166.0,17.37
2026-04-13,550.8576121478254,593.2428343983248,550.8576121478254,572.2001953125,4867094,610731.0,12.55
2026-04-15,584.7957941245876,590.7437293616163,572.8499533067937,585.8953857421875,2469791,564429.0,22.85
2026-04-16,589.6940942515771,602.7894967234455,582.2966531366617,597.391357421875,3797212,700944.0,18.46
2026-04-17,609.7870472004547,649.2732576339268,601.8897807082209,632.6790771484375,8867488,1458512.0,16.45
2026-04-20,634.1285357097868,640.276413263761,610.8366815127978,620.1334228515625,3748704,1004281.0,26.79
2026-04-21,620.7831833529187,631.4794597455048,612.286151052597,614.4354248046875,1844260,372125.0,20.18
2026-04-22,615.5350556806357,633.3288299027382,613.7856665658308,628.88037109375,2992016,631928.0,21.12
2026-04-23,628.7804104935699,637.7772685133507,619.8834931573584,621.4829711914062,2315288,570119.0,24.62
2026-04-24,624.781834725534,629.4802063254402,604.1890498585209,626.6311645507812,2586116,552801.0,21.38
2026-04-27,631.779393816013,648.7734597889121,625.7814881785192,635.3781127929688,3229223,747367.0,23.14
2026-04-28,638.7769129250408,684.6609127660406,636.627639125466,653.6217041015625,15861517,1676692.0,10.57
2026-04-29,657.770263285935,679.7126117791697,649.7730564374738,656.7206420898438,5057512,1058539.0,20.93
2026-04-30,657.6703682631985,659.6196387567578,625.5815369477431,634.4784545898438,3271646,709407.0,21.68
2026-05-01,634.4784545898438,634.4784545898438,634.4784545898438,634.4784545898438,0,0.0,0.0
2026-05-04,641.7258828374722,665.5675314822299,637.877190411821,642.9254760742188,3917516,695931.0,17.76
2026-05-05,644.6248438883861,653.3717890656704,636.4277555047518,646.9740600585938,2183944,513928.0,23.53
2026-05-06,651.7723559307796,657.770261046707,640.7761965515793,650.772705078125,1811159,429553.0,23.72
2026-05-07,654.7713325094891,656.7706342881439,640.2763946142408,644.0250854492188,1522560,400215.0,26.29
2026-05-08,643.7251985260735,648.7234529427465,629.0802886796828,632.8289794921875,1237721,352645.0,28.49
2026-05-11,629.5801274393724,629.5801274393724,615.4850740917298,620.2833862304688,1261777,278110.0,22.04
2026-05-12,619.7335896784535,623.5322509080696,587.8946718013312,591.0935668945312,1419785,414652.0,29.21
2026-05-13,594.7423133851511,616.7846034616846,589.7940292421296,606.2882690429688,1622076,263084.0,16.22
2026-05-14,607.7877387280735,618.2840730317655,601.789833411678,612.3861083984375,1682108,275141.0,16.36
2026-05-15,644.7748137003994,657.5203623433142,606.088312675606,616.0348510742188,5968526,810108.0,13.57
2026-05-18,610.7866730666381,615.6849866669827,595.9418822593458,609.886962890625,1517584,247913.0,16.34
2026-05-19,623.132367803464,636.1778609368783,614.1855410065052,623.0823974609375,3834175,876657.0,22.86
2026-05-20,617.7343118528128,617.7343118528128,600.89015687068,610.3868408203125,2626431,908341.0,34.58
2026-05-21,615.7849373913758,654.471438355584,614.0855187055458,637.877197265625,11446003,1733480.0,15.14
2026-05-22,637.9272337300431,659.7695810611497,634.9282810888561,652.5720825195312,5876309,1586501.0,27.0
2026-05-25,658.8199201756686,666.6672164291808,652.5721019868131,658.919921875,3301936,939938.0,28.47
2026-05-26,658.7699253558245,731.1446729719274,656.2707981731393,712.8510131835938,29037457,4272510.0,14.71
2026-05-27,719.5486853226024,829.7102235983032,713.8006928097226,808.2677001953125,57324845,6124765.0,10.68
2026-05-28,808.2677001953125,808.2677001953125,808.2677001953125,808.2677001953125,0,0.0,0.0
2026-05-29,821.6130996784713,859.5498025483846,761.2841312138272,773.030029296875,44779830,6058575.0,13.53
2026-06-01,783.7263109687198,803.1195629671079,727.7458601852397,733.5438232421875,19243521,3098473.0,16.1
2026-06-02,732.7441074595766,752.2372999499746,714.8003616566713,737.892333984375,15735942,2265512.0,14.4
2026-06-03,739.7416926777713,746.7392492301286,699.7556552357296,717.3494873046875,7961803,1416461.0,17.79
2026-06-04,718.3490951681624,753.2369351499916,718.3490951681624,743.7902221679688,9657791,1674714.0,17.34
2026-06-05,746.7392107299524,769.7311810737127,740.7413054228846,761.98388671875,10074052,2063580.0,20.48
2026-06-08,744.8398841231957,761.7340092590214,723.8972459343072,733.9437255859375,4650417,1050818.0,22.6
2026-06-09,739.7416682936757,757.9852972752427,737.7423664874766,751.887451171875,6426128,1561470.0,24.3
2026-06-10,754.7364419253524,762.7336492570118,723.8472042012781,728.145751953125,5348345,1476440.0,27.61
2026-06-11,725.7465614831914,753.3869335815828,713.7507505495848,715.9000244140625,6820772,1381384.0,20.25
2026-06-12,727.0499877929688,736.0,718.4500122070312,728.5,3246129,579464.0,17.85
2026-06-15,739.9500122070312,744.9500122070312,717.5499877929688,720.0499877929688,2630609,683953.0,26.0
2026-06-16,722.7999877929688,723.0,704.5999755859375,713.7000122070312,2662075,594520.0,22.33
2026-06-17,715.4000244140625,716.7999877929688,701.0,702.6500244140625,2108821,613539.0,29.09
2026-06-18,704.5,740.0,690.4000244140625,724.3499755859375,5131265,1051500.0,20.49
2026-06-19,735.0,742.2999877929688,721.5,727.2999877929688,3480575,680853.0,19.56
2026-06-22,729.0,737.2999877929688,717.0499877929688,733.4000244140625,2636613,582723.0,22.1
2026-06-23,732.75,736.0,711.5,716.0499877929688,2012553,495721.0,24.63
2026-06-24,715.0,726.2000122070312,708.5999755859375,719.4000244140625,1617910,295875.0,18.29
2026-06-25,723.0,734.0,714.4000244140625,719.7999877929688,1741949,382842.0,21.98
2026-06-25,723.0,734.0,714.4000244140625,719.7999877929688,1741949,0.0,0.0
2026-06-26,719.7999877929688,719.7999877929688,719.7999877929688,719.7999877929688,0,,
2026-06-29,707.9000244140625,739.7999877929688,698.2000122070312,731.6500244140625,3419928,1054913.0,30.85
2026-06-30,731.0,738.0999755859375,718.0,731.5499877929688,1994118,483769.0,24.26
2026-07-01,728.0,746.4000244140625,723.1500244140625,734.0,2668073,0.0,0.0
2026-07-02,734.0,744.9000244140625,728.5499877929688,733.4500122070312,1764349,386189.0,21.89
2026-07-03,739.0,739.0,717.0999755859375,721.75,1267326,400231.0,31.58
2026-07-06,726.0,734.3499755859375,719.4000244140625,724.25,1571377,357983.0,22.78
2026-07-07,726.9000244140625,728.5499877929688,706.25,711.2000122070312,1102680,338128.0,30.66
2026-07-08,708.0,722.75,694.0,698.6500244140625,1811648,,
2026-07-09,705.0,712.7000122070312,698.0999755859375,700.6500244140625,1879567,,
2026-07-10,707.7000122070312,750.0,704.3499755859375,723.9000244140625,6356935,,
2026-07-13,719.7000122070312,735.5,713.4000244140625,720.9500122070312,1509844,372643.0,24.68
2026-07-14,719.5999755859375,740.4500122070312,716.5,721.5999755859375,3045728,,
2026-07-15,725.75,728.7000122070312,711.5,715.4000244140625,1241088,416614.0,33.57
2026-07-16,717.1500244140625,721.5499877929688,703.1500244140625,707.7000122070312,1228035,,
2026-07-17,711.0,715.2999877929688,701.1500244140625,706.5999755859375,1178598,320066.0,27.16
2026-07-20,711.0,717.5999755859375,707.5499877929688,712.9000244140625,763619,201382.0,26.37
2026-07-21,714.0,718.9000244140625,690.2000122070312,700.4000244140625,1831596,491647.0,26.84
2026-07-22,699.4000244140625,699.9000244140625,675.0,681.5999755859375,2120537,,
2026-07-23,682.0,683.0,655.0,662.5999755859375,1545029,354406.0,22.94
2026-07-24,655.0,664.0,648.75,652.8499755859375,1062001,,
2026-07-27,658.0,665.5,657.6500244140625,660.5,671241,193844.0,28.88
2026-07-28,661.1500244140625,662.7999877929688,643.1500244140625,645.5499877929688,697241,272163.0,39.03
2026-07-29,648.0499877929688,661.2000122070312,646.0,655.9000244140625,770640,216921.0,28.15
2026-07-30,653.0,654.3499755859375,645.7000122070312,650.1500244140625,575298,179134.0,31.14
2026-07-31,651.5499877929688,657.5,647.75,651.4500122070312,460460,124678.0,27.08
2026-08-03,655.9000244140625,677.8499755859375,654.0,667.5999755859375,1235916,263907.0,21.35
2026-08-04,668.0,674.8499755859375,662.7000122070312,666.9500122070312,581973,150655.0,25.89
2026-08-05,670.0,671.4000244140625,656.5499877929688,660.3499755859375,488629,,
2026-08-06,662.7999877929688,664.1500244140625,655.0499877929688,660.25,373836,134958.0,36.1
2026-08-07,656.0499877929688,663.5999755859375,655.5499877929688,657.5499877929688,427282,159872.0,37.42
2026-08-11,670.7999877929688,673.7999877929688,663.0499877929688,666.1500244140625,978394,266912,27.26
2026-08-12,668.0,669.9500122070312,656.5,660.3499755859375,877446,428504,48.78
2026-08-13,661.0,671.3499755859375,652.0999755859375,655.0499877929688,517514,157813,30.49
2026-08-14,655.1500244140625,661.2000122070312,652.0499877929688,654.0499877929688,469167,134389,28.63
2026-08-19,652.9000244140625,687.9000244140625,652.9000244140625,664.25,8506346,1378460,16.2
