date,open,high,low,close,volume,delivery_qty,delivery_pct
2022-01-03,1099.6284235875403,1114.694530855908,1091.1561640384086,1102.1622314453125,1075155,,
2022-01-04,1111.3879993354644,1111.3879993354644,1086.127780656861,1097.505615234375,944060,,
2022-01-05,1097.6719260435905,1104.3245309405231,1079.191499339364,1099.2274169921875,1208575,,
2022-01-06,1086.1276792931935,1093.758601023214,1072.6269739400202,1090.1094970703125,949060,,
2022-01-07,1102.5634247711525,1109.0986358600492,1091.2247624749464,1102.4949951171875,973170,,
2022-01-10,1102.4949701236392,1105.4885584256624,1082.410090887557,1087.3310546875,875580,,
2022-01-11,1077.518661734008,1109.9596957455692,1076.4913808342835,1103.189697265625,1857355,,
2022-01-12,1111.3682972577546,1114.6554285948823,1082.4101331153124,1102.181884765625,2546040,,
2022-01-13,1104.5197160644793,1104.5295087867876,1087.1056284846968,1093.914794921875,910975,,
2022-01-14,1089.8452233085775,1124.6732873500819,1076.1389915118334,1114.5477294921875,2440655,,
2022-01-17,1128.684826214454,1128.9297494987024,1100.2835317403308,1107.513671875,1776735,,
2022-01-18,1111.7557162466026,1114.8906861566902,1031.920539509077,1047.3800048828125,2226635,,
2022-01-19,1053.169919281443,1053.169919281443,979.7615338506414,982.9651489257812,6071595,,
2022-01-20,989.6860102289029,997.1121008846778,969.8961970768765,980.9275512695312,3783040,,
2022-01-21,979.6930531213204,979.6930531213204,928.7490143590118,933.17724609375,4904760,,
2022-01-24,933.1772051953394,933.6474387055988,863.5014430946921,883.4087524414062,4755690,,
2022-01-25,875.6105200306591,911.5162364899625,846.4940098250746,885.3682250976562,4011090,,
2022-01-27,881.3318886344044,881.3318886344044,839.606793000823,860.9837036132812,3421265,,
2022-01-28,866.0976825233249,897.7123983390818,858.2111649416245,863.3251342773438,2713910,,
2022-01-31,899.358169134565,978.5075446499175,891.5206251769653,960.255859375,10351140,,
2022-02-01,979.3991357517224,989.2940114536266,951.468077850581,979.7420043945312,5116490,,
2022-02-02,978.9093694021853,1007.1245190666995,970.1312975928095,1002.2456665039062,2361125,,
2022-02-03,993.4088532073606,1001.2365919015109,971.8556039267274,978.8114013671875,1876335,,
2022-02-04,971.855407310059,979.4970003680722,946.8144578764387,949.3028564453125,2201665,,
2022-02-07,950.0867014196781,960.7457061935191,932.2856366471142,939.8292846679688,1374335,,
2022-02-08,940.5053563297358,963.5085307020036,931.7175381084755,935.6460571289062,1766215,,
2022-02-09,944.6004128330038,971.4244126174209,944.6004128330038,962.6659545898438,1931810,,
2022-02-10,971.8554226554982,983.6803239352699,948.5485485116179,957.8458251953125,1320025,,
2022-02-11,940.505384611196,948.3429294829559,897.3988878165162,900.46533203125,4628675,,
2022-02-14,861.5421366053588,895.2925160852127,843.0259130853126,883.95751953125,1905985,,
2022-02-15,891.128796489721,920.9114898675555,882.7034599687952,917.4923706054688,1916575,,
2022-02-16,926.7797241315698,926.7797241315698,894.5674151544019,897.4281616210938,1845155,,
2022-02-17,900.3280152155438,907.6071266639135,886.6221204022745,891.109130859375,1735975,,
2022-02-18,884.662753909357,888.7578633577264,858.8968406992682,867.5475463867188,2627850,,
2022-02-21,858.2111718930961,892.7943270205112,852.9795843296572,870.4867553710938,2680920,,
2022-02-22,859.5140431059433,883.6830517360122,846.8466202825967,874.0428466796875,2682330,,
2022-02-23,886.4262076752852,887.0140593482276,861.1501404273457,864.44189453125,1660440,,
2022-02-24,849.3940137393446,854.214087593539,830.8092622329489,838.6859741210938,3393985,,
2022-02-25,843.907518256215,888.9635867764348,843.907518256215,872.0540771484375,1790215,,
2022-02-28,862.1298958265535,879.6566190824545,851.3924383248002,872.7693481445312,2279210,,
2022-03-02,868.9877715264801,901.1118864468675,864.1089190690004,895.1553955078125,3077645,,
2022-03-03,901.3764672364209,916.0130851275065,895.4395292048566,899.2211303710938,1564950,,
2022-03-04,895.0475131998262,897.3889938530226,847.4344566628365,850.3441162109375,2617875,,
2022-03-07,841.5563696217476,852.1370431013867,824.5978845186377,840.1652221679688,1643320,,
2022-03-08,843.907619560816,861.1501933710038,838.6172531576555,859.4063110351562,1170275,,
2022-03-09,871.7308563270494,903.2671777232977,859.1907973555757,894.2050170898438,1745505,,
2022-03-10,916.9926520091154,925.5845787913084,897.8298592371639,904.5211791992188,1507605,,
2022-03-11,895.4785818912992,906.9997813148486,881.9196640494948,904.2566528320312,1141470,,
2022-03-14,898.0062904477273,911.114588995645,882.664322710886,886.9553833007812,1181770,,
2022-03-15,881.7237268582365,889.4926854094014,858.4070447071289,870.4180908203125,2325670,,
2022-03-16,881.7237053338137,884.2708832309362,862.3257957756128,876.727294921875,2566790,,
2022-03-17,891.5207160815073,919.931815824764,881.3318839794301,897.1343383789062,5026460,,
2022-03-21,905.0403847542574,932.6677394145456,899.3581772925976,909.7625122070312,3114995,,
2022-03-22,912.2804921911071,938.9281585736679,893.5389569250983,932.756103515625,3317510,,
2022-03-23,940.1134943348013,942.4647817418435,902.297363808979,906.4610595703125,3413470,,
2022-03-24,901.3176113297592,908.2734081076036,884.6628293812745,887.5921020507812,2379835,,
2022-03-25,896.0664913456148,900.3379388153547,875.8554183598237,880.8028564453125,1924825,,
2022-03-28,884.6431846565923,885.6424906722899,853.2244223086944,860.679931640625,2991300,,
2022-03-29,866.2544700273588,885.142922175231,866.2544700273588,880.4893798828125,1314195,,
2022-03-30,889.561344933759,907.1958209346484,887.6509314078515,905.1090698242188,2146895,,
2022-03-31,901.3176051864824,909.1551495794083,880.7440511550518,883.5753784179688,1634705,,
2022-04-01,887.9840680754486,904.2567565702296,876.1297453567365,901.07275390625,904455,,
2022-04-04,901.072646101887,921.3228838792562,900.9256682320755,918.0017700195312,1137525,,
2022-04-05,922.6749327779651,941.4850519137417,912.8780019568023,929.8364868164062,2234650,,
2022-04-06,925.026144830269,936.586510299509,917.0318164450407,926.5642700195312,1689930,,
2022-04-07,930.698517646698,950.1062330456983,919.1479590240447,944.0419311523438,2306225,,
2022-04-08,956.5428854057924,956.5428854057924,939.1435275076556,950.3316650390625,1154000,,
2022-04-11,950.1063278800981,963.5379414040783,941.1029461697267,956.787841796875,1504290,,
2022-04-12,956.1706731405293,956.1804796389887,926.7896862074624,937.9385986328125,1361650,,
2022-04-13,937.5662370447062,940.5053161576991,927.3774055347108,931.4627685546875,593090,,
2022-04-18,925.6139631565936,927.5733492173805,902.4932315575949,914.3572998046875,1161980,,
2022-04-19,926.1037983592183,935.9791207277558,891.520646767914,903.6590576171875,1263765,,
2022-04-20,904.3546889954308,922.6749621738219,900.8082047088387,909.7528076171875,852365,,
2022-04-21,920.715392564724,920.715392564724,901.3174847435164,907.5972900390625,1208775,,
2022-04-22,901.9543712204489,919.9219070929346,896.419081932851,912.2999267578125,1435985,,
2022-04-25,905.2951690480367,908.3518066197374,878.784677165508,882.2037963867188,1022655,,
2022-04-26,893.4799971735389,900.621937466594,885.2309990301533,889.3848876953125,1045930,,
2022-04-27,881.7237418157359,892.5003653268171,874.6699399220664,877.8833618164062,1221455,,
2022-04-28,890.54093016882,916.9926409659137,878.0792640063545,913.710693359375,1730135,,
2022-04-29,915.0333461582068,953.1629844822972,907.8521790649343,911.3594970703125,2586490,,
2022-05-02,901.3176522769903,917.5315611278289,881.9785200443625,887.6117553710938,1279555,,
2022-05-04,888.9148353073086,896.2233081530824,820.600789277363,827.9191284179688,4524985,,
2022-05-05,849.1979211346219,849.1979211346219,795.1580789751347,808.8150024414062,4338180,,
2022-05-06,793.5513268869885,793.5513268869885,735.2008144277196,763.7784423828125,6743955,,
2022-05-09,758.2823782096493,763.8078610530013,736.7977180025284,748.6226196289062,2641395,,
2022-05-10,744.9586319466259,761.8191113577543,722.0337902641836,725.7664184570312,2739745,,
2022-05-11,734.5738218152571,755.3922986993675,713.6084268541009,719.1338500976562,3125905,,
2022-05-12,719.094620094749,719.094620094749,685.785060035864,693.524658203125,2521825,,
2022-05-13,705.3790370517139,714.2746672062237,674.8322131504333,679.0252685546875,3003140,,
2022-05-16,686.9608463402868,709.2978381231414,675.6061764613183,695.0335083007812,1884755,,
2022-05-17,707.3382840325158,717.8895958527804,686.3728317509411,713.4613647460938,2856160,,
2022-05-18,714.979977356465,723.4053734806956,698.8150419992336,706.1725463867188,1761345,,
2022-05-19,685.785045116824,691.9963245498518,665.2114937633193,666.5928344726562,2313570,,
2022-05-20,684.6094467326876,686.1671848907126,668.1506165252266,683.8060913085938,2708155,,
2022-05-23,685.5891120492465,697.0809509735751,678.4275590016618,689.7822265625,1935845,,
2022-05-24,694.6023336761691,694.6023336761691,673.0490877793063,686.26513671875,2044975,,
2022-05-25,687.7347941206342,693.0251611206135,650.5162604151042,661.3418579101562,3455880,,
2022-05-26,668.1506880747945,699.2559437146401,649.1446181907422,695.5233154296875,2919110,,
2022-05-27,706.554691573314,729.8713759186859,702.8416163715256,723.6600952148438,2782455,,
2022-05-30,736.7292093267663,759.6246322318939,728.8916645466943,745.5758666992188,2683045,,
2022-05-31,745.5463402723132,820.1303698719113,739.677989027234,815.9666748046875,12505260,,
2022-06-01,821.9624414571161,827.8405995605044,789.652184883455,799.48828125,3907150,,
2022-06-02,796.4904406439493,796.4904406439493,762.5930854155197,768.6769409179688,3451470,,
2022-06-03,779.110762958244,787.8790283726721,744.5667738564815,750.2882080078125,3900060,,
2022-06-06,750.2784226561515,750.2784226561515,718.722484732489,727.2947998046875,3149225,,
2022-06-07,722.0926614782072,724.7672047568994,703.4197116363472,709.8464965820312,3723130,,
2022-06-08,707.3383657105661,726.9322262565652,696.6009086049005,724.4340209960938,2937990,,
2022-06-09,713.8043505329139,744.5667370064691,708.3475127253499,740.7753295898438,2224490,,
2022-06-10,732.0953536378522,740.4521055051356,708.9353921357059,721.2305297851562,2897445,,
2022-06-13,685.9811116559232,712.5307704022774,685.9811116559232,708.1319580078125,2114875,,
2022-06-14,708.1220789567769,709.4838665595098,692.6527482204197,706.8681030273438,2151840,,
2022-06-15,710.0717487326056,720.6230626777199,705.4672389452954,713.9513549804688,1141870,,
2022-06-16,721.1619688694908,728.4998615916707,700.3239345375839,707.5834350585938,2583875,,
2022-06-17,708.5924847382323,714.7351200799984,691.6633585355837,705.0361938476562,2886770,,
2022-06-20,711.2572408484186,711.2572408484186,694.9943581577782,704.5365600585938,1172210,,
2022-06-21,710.1304933401293,721.9162295989743,702.185196944098,720.0744018554688,1908710,,
2022-06-22,713.4320874888766,717.1353561446851,691.9768442685386,714.5195922851562,2012040,,
2022-06-23,721.0540615669001,738.6787294012004,715.1759034563005,736.1119384765625,1994240,,
2022-06-24,742.2449262041627,775.9169749944429,738.6886352851135,768.0010375976562,4002755,,
2022-06-27,781.1974265731459,781.1974265731459,760.3201708422811,769.2059936523438,1583775,,
2022-06-28,768.0793648948695,775.8972964386335,755.1768239391181,766.5314331054688,1306405,,
2022-06-29,758.2825097281213,760.2418960581681,734.7698737675594,740.5990600585938,2291875,,
2022-06-30,742.6072317598448,744.3706670529028,714.3136955075543,736.4939575195312,3634980,,
2022-07-01,739.0608518530404,739.4723061934719,706.5546434531375,730.1652221679688,2069205,,
2022-07-04,730.1651756766674,753.1977675079264,730.1651756766674,749.7002563476562,1273265,,
2022-07-05,753.1879495742372,771.9784537179636,743.3616600980556,749.4847412109375,2082535,,
2022-07-06,746.3301645101901,769.7056266760964,739.6682636313299,765.5419311523438,1487815,,
2022-07-07,768.2753030361798,773.9575107764072,760.8394064643005,769.460693359375,1105250,,
2022-07-08,771.802207927887,781.7950894514483,763.3866777313004,779.5711669921875,1205510,,
2022-07-11,768.3831650302885,774.5454136815437,749.6612424820311,768.2264404296875,1485250,,
2022-07-12,758.7135507987775,763.9548851315822,747.5058589877871,750.11181640625,1295330,,
2022-07-13,750.2489642097005,765.884887616096,748.8871764493846,760.6434936523438,1184485,,
2022-07-14,761.2215551269022,765.7281195658637,746.7416620944847,752.4141235351562,824470,,
2022-07-15,754.9513639570018,759.2424238650992,739.6681778430334,745.2817993164062,654605,,
2022-07-18,755.5294607245763,785.909750771278,750.6408021334859,778.5228271484375,1219745,,
2022-07-19,779.8356541148033,811.9695736317472,776.6516517581788,809.10888671875,5216095,,
2022-07-20,827.6348849553755,827.6348849553755,805.35667416805,809.4224243164062,1561785,,
2022-07-21,809.4224451235332,817.0640392872191,795.9026924038242,813.595947265625,1659680,,
2022-07-22,818.0436466326721,819.8070820554918,799.8311276388434,804.23974609375,977215,,
2022-07-25,804.2397858807644,804.2397858807644,781.5795409135637,788.564697265625,1168140,,
2022-07-26,796.1476028568959,796.1476028568959,754.3636692090421,757.9983520507812,1592070,,
2022-07-27,760.8492704783883,770.0387967808816,749.1615386645673,767.452392578125,1334105,,
2022-07-28,773.95738121883,803.3481678473931,771.6648735516903,800.6343994140625,1885780,,
2022-07-29,803.3482970144796,853.1068852506619,802.36860396934,849.668212890625,3273650,,
2022-08-01,855.2132545385165,861.5028671846558,843.4569379236743,850.5695190429688,1929535,,
2022-08-02,847.8263928790756,870.996097729542,843.5646922165977,863.0606079101562,2399840,,
2022-08-03,859.7785929118817,873.8861966869994,839.0679273723638,842.8397216796875,2022015,,
2022-08-04,850.1775773495953,860.1606514573216,817.2403033218216,834.3163452148438,2609635,,
2022-08-05,840.576670170129,848.335822690436,833.8265704374868,844.5052490234375,1619505,,
2022-08-08,844.4562186190342,851.8430824771393,830.7796825078943,836.0308227539062,1176970,,
2022-08-10,843.6528639177858,844.9754255801425,821.3550411538473,830.7894897460938,1933165,,
2022-08-11,842.1441486740898,868.0080699358385,839.0581513457681,862.4434204101562,2447085,,
2022-08-12,868.0080730375992,897.202915002293,864.2852512749115,868.6448974609375,7599290,,
2022-08-16,873.8862656117698,880.6951447749522,858.2503418440945,867.76318359375,2288875,,
2022-08-17,869.3796422912617,885.2506219706233,859.2006170828458,878.1576538085938,2265785,,
2022-08-18,882.3160883376103,885.2584497614073,864.0734714550671,876.2646484375,1161460,,
2022-08-19,876.4315159024468,887.3575008982539,865.2505764906525,873.7736206054688,1819045,,
2022-08-22,868.9774939826646,868.9774939826646,821.8997064982764,832.5020141601562,3689490,,
2022-08-23,815.034296773,843.4673127827833,801.3032737226727,836.1310424804688,2670070,,
2022-08-24,839.5539193124392,871.5178033977271,830.1775952248987,867.2513427734375,2547225,,
2022-08-25,874.8622595606791,890.9275601025987,868.977535841661,883.3068237304688,2411555,,
2022-08-26,887.6124390957119,907.2085487056034,867.4180037827518,870.24267578125,3128505,,
2022-08-29,824.1751048168463,853.284861649147,812.4841381865556,815.544189453125,5192040,,
2022-08-30,823.8613029684725,857.2080699933869,823.8613029684725,852.1668090820312,3992960,,
2022-09-01,835.6306800115946,847.400126208941,824.0966131601953,835.1697387695312,2115345,,
2022-09-02,843.0160554676967,852.2060267941257,832.0998890816074,834.1300659179688,1842890,,
2022-09-05,839.5342856041149,843.2809002366023,831.0799039506375,834.73828125,902660,,
2022-09-06,838.9163994240765,839.3283731941816,817.5842754885209,821.085693359375,1503975,,
2022-09-07,813.0726367456298,825.6267016734234,812.2880189118621,822.8314819335938,1354440,,
2022-09-08,830.7267449131801,834.4537242401727,821.9094777063282,824.22412109375,1415220,,
2022-09-09,833.2767625515482,847.4295742102377,819.1534631046992,840.4071044921875,3170615,,
2022-09-12,841.5155190883618,852.8926280354626,841.3291671033874,844.5853881835938,1300465,,
2022-09-13,851.7156112844136,861.5234830870324,847.8022201506698,856.53125,1236260,,
2022-09-14,830.7269287109375,839.5441978686042,824.165458603242,830.7269287109375,1383055,,
2022-09-15,838.5731249616977,842.005880443997,816.9958047872447,823.4494018554688,1283990,,
2022-09-16,823.6651206299332,825.3030185760366,804.4711069627109,808.4923706054688,3707545,,
2022-09-19,815.995304768095,815.995304768095,777.9604087808269,787.670166015625,1896040,,
2022-09-20,797.968502693096,810.1302888434965,792.6918623665919,797.56640625,1206210,,
2022-09-21,797.7722485091052,806.2069935968731,789.533612950709,798.8020629882812,1476880,,
2022-09-22,798.7923441968275,800.3223698623584,781.6874127209554,792.142578125,1049680,,
2022-09-23,798.135242114012,798.135242114012,762.9739840538359,764.7492065429688,2182710,,
2022-09-26,761.0909535597693,761.0909535597693,724.7626131001508,726.9301147460938,3137355,,
2022-09-27,729.705665290136,766.1222982407256,728.7248781056062,760.5317993164062,3037655,,
2022-09-28,755.2062049827849,768.9372268915629,747.565893628331,760.9437866210938,1400110,,
2022-09-29,765.0139878584389,771.0065830629972,751.4791369688276,766.2203369140625,1639980,,
2022-09-30,762.0717080879724,763.0524953570689,748.4289835143421,757.2854614257812,2427690,,
2022-10-03,754.6177762305924,765.788898136352,744.5744639453014,746.3006591796875,1359485,,
2022-10-04,760.8947364636035,776.3911630387832,758.4133758499765,774.3217163085938,1812545,,
2022-10-06,778.1957865753823,796.3991943371602,776.0086503085101,786.4736328125,2547390,,
2022-10-07,786.5815217136505,786.5815217136505,767.956382250854,768.9763793945312,1280955,,
2022-10-10,755.0100536493871,757.9818679105846,739.513626239158,748.4878540039062,2487690,,
2022-10-11,755.5985070258548,761.9736240300416,733.8250185159777,738.2777709960938,1552395,,
2022-10-12,739.5136426324667,747.193224144383,730.0294459665737,741.67138671875,1205530,,
2022-10-13,740.4943477643852,744.6038485921737,732.6480500397295,740.7199096679688,814730,,
2022-10-14,755.245382923286,763.0524708854165,735.8061726897228,738.1502685546875,1319965,,
2022-10-17,738.3366331669058,747.7522267269932,729.7057173003698,743.3386840820312,894520,,
2022-10-18,750.3022072692439,760.4239383468858,744.4566940124372,757.2265625,1231205,,
2022-10-19,758.9331612374671,768.7410337266111,754.2253944151785,758.1975708007812,1098145,,
2022-10-20,754.4902267064041,782.1974665094627,749.3214587446644,779.6964111328125,1523230,,
2022-10-21,782.668134359265,784.0412602943674,747.1342355856444,749.7431030273438,2035550,,
2022-10-24,763.0524923387603,764.7786875035428,755.206194217025,756.6185302734375,166450,,
2022-10-25,756.5792981318049,766.0831288473706,744.8490612335283,746.5752563476562,2073735,,
2022-10-27,756.1869598217203,774.8022824263114,751.6753624759561,770.3298950195312,2544455,,
2022-10-28,755.5984636377041,766.7794015162808,743.0443399064973,749.576416015625,1355765,,
2022-10-31,754.2254481435031,770.5064936902845,754.205813241125,769.270751953125,1140580,,
2022-11-01,770.1142554104316,787.768428082213,769.8592411160597,784.7770385742188,1205285,,
2022-11-02,784.4335778046643,791.8091165844753,777.5680675165421,782.226806640625,982815,,
2022-11-03,772.6446439404543,778.2743534353989,762.1796004024591,771.2420654296875,1064780,,
2022-11-04,770.898781139727,772.8407207453756,761.0909086061426,763.3761596679688,655125,,
2022-11-07,767.2011805110704,781.6874271437501,764.2294263142949,773.3801879882812,967100,,
2022-11-09,772.9877903248089,777.7347666631191,759.1292629448394,761.6400756835938,1128530,,
2022-11-10,761.6401374289001,763.9449635001051,742.4755762914577,748.3701171875,781930,,
2022-11-11,766.9657291142074,809.7280845076324,765.0336071746375,804.28466796875,5936610,,
2022-11-14,809.1494319693165,863.0927274339376,807.7763059579446,855.4131469726562,10521145,,
2022-11-15,853.2261075965915,853.2261075965915,813.0726730723196,814.9754028320312,4430075,,
2022-11-16,816.0149493312407,825.3618800689987,807.6978930421337,813.621826171875,1995060,,
2022-11-17,812.0919106609831,812.1017281123015,765.2102881774521,766.4951171875,5380795,,
2022-11-18,772.4833302935699,776.927882036189,756.1605135650525,765.9443969726562,3204445,,
2022-11-21,765.0102304923674,775.7872599724487,757.1438013870475,762.7191162109375,2021080,,
2022-11-22,765.0102248462005,765.4035703049998,750.5654921075226,757.8517456054688,1401860,,
2022-11-23,761.6473492552207,773.4568355583725,754.5675510534882,756.7701416015625,2033040,,
2022-11-24,761.0770290233276,766.927697774206,754.4004188112029,759.5135498046875,1524760,,
2022-11-25,763.319018148489,779.7205165143992,755.7671929865428,777.7145385742188,1674230,,
2022-11-28,776.2199399380672,786.633092178708,773.0733561955767,774.8629760742188,1356580,,
2022-11-29,774.8432086050612,788.5307774144941,774.7252169786418,779.0025634765625,1267880,,
2022-11-30,777.3998563563381,786.4462621102998,769.5334270078658,785.38427734375,2519100,,
2022-12-01,794.5093585927355,798.4327306000431,786.3381075652782,792.4149169921875,2723215,,
2022-12-02,792.4149122239063,797.3805836820119,788.8062046119647,795.0206909179688,1006440,,
2022-12-05,796.6726783651952,801.1860087880275,786.0923208361143,797.7444458007812,1684195,,
2022-12-06,794.5093046932988,805.7189896817931,794.0963339879382,797.0953979492188,1244840,,
2022-12-07,796.0825928536057,799.6225219224203,777.5964966589869,780.8316040039062,1246905,,
2022-12-08,781.3330688708643,794.3028466239515,777.7931996802736,789.6616821289062,1232035,,
2022-12-09,792.14927750207,795.492533416558,785.8660137341549,789.5927124023438,2083700,,
2022-12-12,787.8229078843948,799.7110155774341,761.7063649597713,796.4661254882812,2645900,,
2022-12-13,799.2290811082617,827.9415556100698,798.2457775980359,818.1085205078125,3548220,,
2022-12-14,823.7330359833317,828.7282349121001,811.5499503909056,825.739013671875,1976450,,
2022-12-15,822.0417571171744,822.0417571171744,805.7189424057315,814.1163330078125,1831225,,
2022-12-16,805.3256276976426,820.8225016378416,794.5191310140175,813.4280395507812,1768830,,
2022-12-19,805.5812953145204,833.0056463862355,799.4553332561068,824.6573486328125,1762525,,
2022-12-20,822.4351846912232,835.611417396509,811.225499240733,831.39306640625,1430215,,
2022-12-21,831.8749066002491,844.6578543376052,803.752445584503,815.4242553710938,2580295,,
2022-12-22,817.3219960840294,838.5810159408594,791.5594287596883,805.364990234375,2321770,,
2022-12-23,798.009977399792,798.009977399792,751.7553912750279,756.278564453125,1960130,,
2022-12-26,757.3404750136315,768.4419514958515,750.299987347032,766.6228637695312,1572110,,
2022-12-27,772.8668405284651,779.7598088447878,761.6768399836044,773.6731567382812,1796120,,
2022-12-28,771.2050365889664,783.1030467003242,767.9601465644477,773.5354614257812,707965,,
2022-12-29,773.6339161697554,774.4500150765481,766.0133120523187,771.0281372070312,928625,,
2022-12-30,778.7666362437928,782.7096934225286,768.8549187989619,773.27978515625,1393825,,
2023-01-02,773.8600036997152,777.1737323323133,763.2403358554665,769.2384643554688,768415,,
2023-01-03,769.4350711082143,778.7764553580903,766.1213427598085,770.320068359375,1047400,,
2023-01-04,771.106746412125,772.2867228138269,749.6707385095617,752.6304321289062,1433190,,
2023-01-05,756.5538509696835,756.5931615098203,727.6446997047083,731.3713989257812,2539200,,
2023-01-06,731.577836111979,733.1510977746029,720.7713397752104,725.0978393554688,1107320,,
2023-01-09,728.726251085177,737.2515362412263,715.2648228229707,722.00048828125,1427110,,
2023-01-10,724.0950005399105,728.5690202140898,711.9118537222109,725.1176147460938,1381040,,
2023-01-11,725.1176075332608,730.5946160967786,710.4073632399738,718.9129638671875,1224080,,
2023-01-12,722.5118495664252,740.4177697505592,718.8932394965005,730.9092407226562,2180210,,
2023-01-13,733.996826171875,735.7962285465997,718.204972771362,733.996826171875,1091795,,
2023-01-16,737.6743854515903,741.8042726460682,728.4313074456679,739.4541625976562,1368325,,
2023-01-17,742.5910101825642,744.0364378993651,726.6614772967897,733.5150756835938,946560,,
2023-01-18,733.5445737267091,739.2477232886573,729.8080316010255,737.2516479492188,671990,,
2023-01-19,734.5278749913773,734.5278749913773,720.1716647610364,730.82080078125,923910,,
2023-01-20,730.7913457109121,733.5347415177174,720.171677407292,721.8530883789062,799365,,
2023-01-23,724.773461890623,739.4148074399126,719.9749353386163,736.7304077148438,946965,,
2023-01-24,737.2811290176393,744.1052593439763,728.8345835370709,732.8562622070312,1308070,,
2023-01-25,733.1511876035615,733.1511876035615,711.6857118378867,721.4007568359375,1468810,,
2023-01-27,724.2916757783461,740.7914801317554,707.9786415065518,716.6022338867188,1044180,,
2023-01-30,715.8451427009426,742.3746591414935,715.8451427009426,733.1021118164062,1169200,,
2023-01-31,733.7412500095687,735.2063629540711,714.2030098374095,721.9317626953125,1439525,,
2023-02-01,731.8040860690608,731.8040860690608,698.9224082718733,713.8784790039062,1353280,,
2023-02-02,708.1752261503067,724.6061900010476,706.4052917699294,716.9168090820312,2013045,,
2023-02-03,719.6307761381955,732.3645708316828,710.338604350064,719.1981201171875,1161455,,
2023-02-06,717.8116142297034,733.1315008283159,714.0160768103773,720.8795166015625,1591080,,
2023-02-07,721.7448336845732,730.5945659777084,719.778226508321,723.032958984375,805135,,
2023-02-08,724.9111271368629,750.8506836239678,724.1048709145456,744.8427124023438,3682605,,
2023-02-09,749.2773946012837,754.9018627714061,731.7549160452911,752.1093139648438,1732460,,
2023-02-10,752.1191608631096,758.1566598193388,737.7924191452203,750.0247192382812,1143990,,
2023-02-13,737.2810856445707,737.6842737614993,659.0101368945877,681.2033081054688,12909105,,
2023-02-14,681.2328265213707,696.9656865334861,664.7133355118693,691.8427124023438,4415375,,
2023-02-15,689.2958925988747,704.9107601312181,684.1827013638239,703.2784423828125,2162005,,
2023-02-16,707.5853644592081,715.8451400819782,696.9755384530745,705.8154296875,2432390,,
2023-02-17,698.3423109640067,707.9786753756224,687.9192555668747,691.2625122070312,1410645,,
2023-02-20,694.7236612385184,699.8564770939541,683.4942911968088,690.3184204101562,1609535,,
2023-02-21,690.2791768718477,707.9786429454848,688.3125695303324,702.9932861328125,1435015,,
2023-02-22,698.145589162067,698.145589162067,684.7726835732866,688.912353515625,1639190,,
2023-02-23,690.2791464049382,695.9822954403934,675.2346129095871,689.0697021484375,1912370,,
2023-02-24,689.4925002865176,701.5871226328214,689.4925002865176,699.2665405273438,880770,,
2023-02-27,693.8190252154159,697.644090783497,685.5396253611233,692.186767578125,878250,,
2023-02-28,695.1956192676847,701.0462874726599,682.8747968115557,686.6802368164062,2001365,,
2023-03-01,688.9024342717499,695.5889463387025,686.0017368493901,690.4462280273438,874225,,
2023-03-02,691.8525108005904,693.8191183469435,684.8612353771689,689.1189575195312,1041230,,
2023-03-03,694.6056807370037,699.7188113976877,686.7392520084582,691.3902587890625,929665,,
2023-03-06,694.0157961215301,703.0622029033669,694.0157961215301,698.5586547851562,895705,,
2023-03-08,693.042220909832,693.2290509979786,671.9994994688475,688.627197265625,1985765,,
2023-03-09,690.3087036538354,701.0856734573064,688.5092411348038,690.613525390625,1308840,,
2023-03-10,680.6428641241952,684.1335804148639,674.3595387913329,679.8365478515625,941725,,
2023-03-13,678.7252922979171,680.7410526224226,670.6327230849386,673.6612548828125,1415660,,
2023-03-14,674.5364634347308,677.1618673841858,650.593043486506,663.8872680664062,1788480,,
2023-03-15,668.646429913897,672.6779505584136,657.2401324688595,664.9983520507812,1112555,,
2023-03-16,664.7132856605194,677.6437530196725,657.8301599214312,673.7301635742188,1239315,,
2023-03-17,674.5463410863923,690.0432170672789,674.5463410863923,686.4345092773438,1436615,,
2023-03-20,659.7967113820871,692.2457299746488,659.7967113820871,677.594482421875,1072585,,
2023-03-21,681.5277998697571,684.3597194492348,668.8923707860084,680.357666015625,929015,,
2023-03-22,685.7363334523883,696.9263342673979,683.8484071684636,690.6036987304688,1182665,,
2023-03-23,688.6272412029947,697.1623099536698,685.6970154382408,691.8721313476562,673020,,
2023-03-24,694.0157140150277,697.948928670841,680.5051312748841,683.5140380859375,765800,,
2023-03-27,683.287910036833,703.0818179581707,682.412755355929,701.2036743164062,1755145,,
2023-03-28,698.9321977164101,710.1221976592411,698.9321977164101,702.7572631835938,1871055,,
2023-03-29,702.6688276367498,711.518561284649,699.1388008239912,708.3916625976562,1289160,,
2023-03-31,710.9285187703732,765.0102179852703,709.158584253831,732.2760620117188,1653480,,
2023-04-03,736.8877610889731,738.2545075164358,723.4853278697049,726.8088989257812,667130,,
2023-04-05,718.7949723637323,737.9890789294018,718.7851297246,735.9044799804688,1073485,,
2023-04-06,732.5513080715018,740.0342337440176,726.3269797448605,736.209228515625,617710,,
2023-04-10,736.2093160187276,736.6911252168396,730.5946304294185,734.557373046875,592300,,
2023-04-11,732.1678799874253,740.4276547238494,732.1678799874253,738.765869140625,492725,,
2023-04-12,739.4443642563843,763.0436524773328,737.4777569046387,759.16943359375,1550015,,
2023-04-13,756.3572482703497,759.267788928366,746.5340535173499,751.3325805664062,1085690,,
2023-04-17,742.9842673305474,742.9842673305474,708.7554672147268,720.594482421875,1747790,,
2023-04-18,722.718288324557,731.1845177405473,719.2177299820331,728.5394287109375,681375,,
2023-04-19,724.4391645150861,727.6349015673467,709.1586464925334,710.6729125976562,619735,,
2023-04-20,714.6945304579614,719.1292390363301,707.7917203858339,709.2962036132812,1054975,,
2023-04-21,712.6984102309476,715.3041886784978,706.9952615705913,713.3768920898438,554975,,
2023-04-24,713.8784333522727,723.1215114544547,706.4643456089246,721.8628540039062,698015,,
2023-04-25,723.514796020728,723.8982988387367,714.8617361149888,721.1942138671875,466840,,
2023-04-26,719.9748986929123,725.9631839311309,715.3730451058402,718.2737426757812,518840,,
2023-04-27,718.1853263995613,732.5612209955284,717.0741884711264,730.6634521484375,791235,,
2023-04-28,734.9211215110764,745.8652951847566,731.2042051617867,742.6301879882812,818715,,
2023-05-02,742.4335378446458,751.1751213620832,736.5042482706881,748.1563720703125,744230,,
2023-05-03,747.3108029203659,749.1791039341044,741.8043262737061,745.816162109375,572210,,
2023-05-04,743.3775271115555,755.1378598605411,739.0608098716891,747.8613891601562,524315,,
2023-05-05,746.3766115373342,754.1545768928779,743.3775474562382,750.5261840820312,408140,,
2023-05-08,749.4740674098703,777.2032428380004,749.4740674098703,765.5314331054688,1163805,,
2023-05-09,770.5167172478159,776.4165391563477,762.2570025855266,768.2158203125,1015635,,
2023-05-10,769.5333981877744,778.7666336936087,765.0692213054995,770.9395751953125,749250,,
2023-05-11,771.8933087703448,773.3682641374219,760.073980557019,764.6070556640625,795330,,
2023-05-12,764.7938998770065,771.8933230340044,755.62950315829,763.59423828125,881155,,
2023-05-15,763.0435637903073,787.6851486429952,761.0867993053262,781.755859375,2313045,,
2023-05-16,781.7559416571593,782.6211936676252,770.9100734235901,773.525634765625,670010,,
2023-05-17,777.862013009992,777.862013009992,743.3775473610353,754.4298706054688,1186915,,
2023-05-18,759.1104167002974,761.0770239974485,728.2248755056208,736.130615234375,1648005,,
2023-05-19,742.0107902733553,758.5991188825773,734.0755222164854,753.0238037109375,1968575,,
2023-05-22,753.0237407276435,766.1901905665187,748.6185597275003,764.7742309570312,1482185,,
2023-05-23,765.9935009761117,782.748972639425,765.413325447626,777.5374755859375,1360645,,
2023-05-24,770.7134613569121,775.3743114937179,757.2520307216419,762.6700439453125,774085,,
2023-05-25,764.7349765061579,772.4441044429191,753.2106851700306,767.0457763671875,1000760,,
2023-05-26,770.6544167778152,835.8081282355522,734.5278491670089,825.5325927734375,8426265,,
2023-05-29,816.1321844068517,844.657832810151,806.5056633080912,827.371337890625,5830830,,
2023-05-30,829.9082972005654,829.9082972005654,797.3412844624182,799.4750366210938,2459320,,
2023-05-31,799.4258541640572,819.0919268372198,793.1326869022089,801.1663208007812,6982350,,
2023-06-01,806.3089257326128,842.0913569747783,805.3354648028998,829.6427001953125,4149250,,
2023-06-02,807.0955988046975,846.6244163080108,807.0955988046975,839.0234985351562,3349590,,
2023-06-05,829.9082981048546,845.6214715581356,810.979702443103,813.5657958984375,3263885,,
2023-06-06,813.5461084351153,825.5817357300809,802.7199254467627,809.5145874023438,1867550,,
2023-06-07,815.748762474296,825.9751454240808,812.2088930003462,822.8973999023438,1243065,,
2023-06-08,824.008515062727,824.2150304491458,807.2726665898344,810.4192504882812,913260,,
2023-06-09,812.4645737818583,830.8916766290197,802.9462005935311,814.78515625,2280505,,
2023-06-12,819.0919796232996,842.6027446121279,817.4695045167675,839.4660034179688,2931625,,
2023-06-13,840.8229254958372,856.4476348682306,838.7284839240671,852.5045776367188,2002200,,
2023-06-14,852.5045638328191,858.3650750864772,843.8416612338498,847.5684204101562,1475780,,
2023-06-15,850.5182766598703,857.1555757507126,841.7078550757162,849.8692626953125,1284510,,
2023-06-16,855.4642877220576,874.1568987248103,851.7474313295467,868.6307373046875,3766155,,
2023-06-19,868.630864454098,880.8434801258612,865.3368209246669,873.4982299804688,1418805,,
2023-06-20,873.9602735169831,877.1068572052427,865.4055197450589,876.26123046875,929995,,
2023-06-21,877.1067156201148,885.9564470557438,873.6749960326496,879.879638671875,1162580,,
2023-06-22,879.0734400790899,879.810917797277,848.0993759152294,866.1626586914062,2351965,,
2023-06-23,863.3406098697287,865.2973745423711,842.1504280885591,846.9981079101562,1210960,,
2023-06-26,845.6411059222213,869.6238954114816,839.7708121690656,866.8018188476562,1308375,,
2023-06-27,869.4272571652369,875.9268798913967,860.3906942161968,863.694580078125,1126155,,
2023-06-28,866.2905139481724,885.8090673558914,866.2118328518212,871.5413818359375,1251275,,
2023-06-30,871.6003899192616,883.7834766780373,868.4538061979462,881.7578735351562,860875,,
2023-07-03,881.6300002472796,886.9398637930531,875.3368930992001,880.3320922851562,1054385,,
2023-07-04,882.6035439278843,897.7562266697424,867.1262941630183,871.5806884765625,1667395,,
2023-07-05,871.9936961828969,891.2664844258053,863.4487847563878,873.3801879882812,1293530,,
2023-07-06,874.0290349720066,881.9151487680189,861.3739228924421,878.6505737304688,702320,,
2023-07-07,866.2905593025789,876.3989501416671,864.8352890323969,866.2708740234375,736275,,
2023-07-10,867.2738882643167,871.8069040474134,850.5675675249299,851.9048461914062,523065,,
2023-07-11,859.3877011073133,873.5669828906124,855.6708445347466,865.7791748046875,1518195,,
2023-07-12,867.2836966961171,879.7519802758618,858.6502614954015,877.2445678710938,1261075,,
2023-07-13,879.6731973524434,913.6856944390922,878.1097782762682,909.6541137695312,2752530,,
2023-07-14,914.4723218526307,931.7489728125727,906.8025659951486,928.3958740234375,1983485,,
2023-07-17,929.2219584208149,937.8258654432299,915.3868687268406,930.8739013671875,2027465,,
2023-07-18,930.7952095004257,930.8050521394837,916.5569918777921,922.3289794921875,859075,,
2023-07-19,924.3053855062278,926.2523074322521,918.4055638966137,920.2738647460938,556725,,
2023-07-20,920.9622200015664,925.7607468514971,909.3199378204292,915.0132446289062,745620,,
2023-07-21,902.6726882732423,916.2422657015833,892.8396524532724,914.1871948242188,1366015,,
2023-07-24,911.522406191206,916.2422513074252,896.7826953312058,898.35595703125,637315,,
2023-07-25,899.7227718724691,909.3591349122573,898.2182885937474,907.2745361328125,1820575,,
2023-07-26,912.4665100329015,919.1922736358823,889.7325336147026,892.8987426757812,835540,,
2023-07-27,893.8230469918946,904.6393874945468,892.0334270886154,898.8870849609375,456640,,
2023-07-28,900.5127476795759,911.3011782919157,895.9510645080318,902.3256225585938,621450,,
2023-07-31,907.0645187427442,915.0942177749725,900.5126249342277,903.8821411132812,1146460,,
2023-08-01,902.4831422626773,918.4834887878236,902.4831422626773,917.4096069335938,862505,,
2023-08-02,917.2618132918934,917.6460727372598,890.6996235593177,900.8574829101562,1065390,,
2023-08-03,894.6504941424231,899.8722735176456,881.0640057087169,894.1480102539062,1140550,,
2023-08-04,894.6011537439035,972.3960069998311,894.6011537439035,962.91796875,5693785,,
2023-08-07,963.56821755218,982.1893451967106,947.5186213438244,950.9176635742188,2038875,,
2023-08-08,953.1246321389333,958.809446517946,924.1584477815353,929.06494140625,1299545,,
2023-08-09,933.8138174162543,939.2129929198101,922.197817700318,924.2274169921875,1109745,,
2023-08-10,922.1879906738133,930.7990099395686,909.9709462307464,916.1976928710938,1063115,,
2023-08-11,918.2469393997421,924.9465831538721,870.0980945018475,878.9948120117188,4059975,,
2023-08-14,871.940568127176,872.3839397649873,831.7426420980427,848.1469116210938,3085660,,
2023-08-16,845.3390717597148,854.1865407036232,841.4769333977271,851.9993286132812,1041200,,
2023-08-17,856.1767522778327,857.9501788632456,845.5361326308544,847.0928344726562,729090,,
2023-08-18,846.5213839753794,846.5213839753794,823.2104847736372,825.5357055664062,1629845,,
2023-08-21,829.1809435319727,831.37807752908,820.9147958905038,825.04296875,1056335,,
2023-08-22,829.5553763201755,830.2746450302999,821.5059530502887,822.5798950195312,786115,,
2023-08-23,826.4223113456399,826.6193720905584,817.032971201963,818.1463012695312,1147395,,
2023-08-24,822.6685446822949,843.171461611353,818.2743967084215,837.2797241210938,1919980,,
2023-08-25,831.545637737451,835.3979139365097,822.1464349972273,828.944580078125,1079820,,
2023-08-28,829.5652234948242,833.6244221905663,818.4517073003591,823.4468994140625,1062575,,
2023-08-29,826.6095393111617,844.3537866188012,825.6341577439387,839.693603515625,1256755,,
2023-08-30,847.3193013551532,869.9503164681336,844.649269729412,861.0338745117188,3332075,,
2023-08-31,866.4134060410482,866.4134060410482,848.2947613404175,853.5165405273438,1745070,,
2023-09-01,853.6053141422893,866.226283688669,849.0731569860136,861.5660400390625,576275,,
2023-09-04,866.058772958914,876.5713060905229,853.1421827302524,874.5022583007812,1594125,,
2023-09-05,874.5022057047049,884.7487633203432,870.354368585462,882.2659301757812,1396900,,
2023-09-06,882.2560213779292,890.6601778051837,877.3889759230201,885.2905883789062,917580,,
2023-09-07,885.2905661541428,885.2905661541428,874.0982140312639,876.9554443359375,573495,,
2023-09-08,882.9162200894422,884.7191725927609,872.9356975433875,882.3348999023438,954905,,
2023-09-11,880.2167118282129,902.2467456818471,879.1033816792112,888.5814208984375,1076900,,
2023-09-12,891.645516403486,894.5913853389231,871.4776074550306,889.8326416015625,1309595,,
2023-09-13,883.861984757462,884.3250805064334,854.2061772816437,866.2360229492188,1638485,,
2023-09-14,869.4085108419853,878.4431779006044,863.2803244573781,872.9948120117188,1108470,,
2023-09-15,867.428172623929,888.4828240099777,861.1029254099502,883.6846923828125,4122270,,
2023-09-18,883.5763075091262,894.4041250148248,873.9307943463108,884.9260864257812,878125,,
2023-09-20,874.9259484792522,886.5123633049078,871.960355467486,879.8028564453125,2238185,,
2023-09-21,872.9257885239966,883.8915540867562,865.6448242303271,874.8864135742188,874070,,
2023-09-22,873.9110822092956,877.8520566499238,841.7921645719751,847.3784790039062,1943915,,
2023-09-25,847.3785009349904,847.9794851204608,834.8166445803735,839.5556640625,1128625,,
2023-09-26,835.4865754553408,842.9744027853397,831.3091521995837,835.18115234375,1561230,,
2023-09-27,836.0679476385009,842.944929173023,833.5062780303415,835.3191528320312,1022540,,
2023-09-28,839.4274668715882,841.9792740105735,819.1412766296819,823.0724487304688,3432665,,
2023-09-29,824.2547694948175,826.8164389286432,814.5993942676213,820.7670288085938,2247510,,
2023-10-03,816.1855381230489,817.7323776280231,807.8996667802469,810.7568969726562,1900290,,
2023-10-04,807.5057556123835,807.8998771672433,789.1802458670267,799.7518920898438,3329510,,
2023-10-05,799.052309672097,831.5456254125969,798.2542647355525,829.387939453125,2884130,,
2023-10-06,833.50619953019,833.5160615874255,824.2547479604336,830.1465454101562,844570,,
2023-10-09,817.9492754795928,833.5161128414578,813.8802144678456,830.2844848632812,1336045,,
2023-10-10,831.6342232494308,837.2599252219236,826.0281852557412,834.3731689453125,1038855,,
2023-10-11,839.2305681848616,849.0830051443797,832.6392854535637,840.4719848632812,1269760,,
2023-10-12,840.5999987712552,846.3242617450824,833.5949311301847,835.4668579101562,579305,,
2023-10-13,829.3879785920378,830.3830843288423,808.8850600478494,815.249755859375,1566170,,
2023-10-16,812.4909846930063,817.7226259580095,808.5204841377774,812.875244140625,819880,,
2023-10-17,814.1955104295166,820.510895736382,811.1116930091275,813.3284912109375,1606675,,
2023-10-18,817.75215415844,833.3189903673282,817.75215415844,828.4913330078125,2636935,,
2023-10-19,827.6046232750041,830.7574148191416,816.2940459999514,823.4567260742188,868995,,
2023-10-20,823.259780532366,835.4866279563678,817.9493027455046,828.19580078125,644955,,
2023-10-23,828.5897932402673,830.5306940935275,800.017731404396,802.5300903320312,947535,,
2023-10-25,803.9588275757781,810.0673503023962,794.5005124816281,804.0869140625,798250,,
2023-10-26,796.0769002097793,804.0869362070563,782.6874120255353,797.82080078125,1315550,,
2023-10-27,798.0473108827936,810.2643554982548,792.9240321687454,804.2543334960938,490445,,
2023-10-30,807.3085955614714,810.7963361087297,799.4955612273781,803.6533203125,1404635,,
2023-10-31,810.6289504489414,813.6142074874635,801.0129626457064,804.7962646484375,1179480,,
2023-11-01,806.3234156933252,817.2398718825144,803.7913323328627,807.2396850585938,555130,,
2023-11-02,817.9394183662687,825.3681337495466,810.8752383183487,815.6142578125,671480,,
2023-11-03,818.9443218514617,841.3980009545112,818.9443218514617,837.5260009765625,1455295,,
2023-11-06,841.398016447662,858.1471572902971,838.6393464534214,849.5853881835938,1359720,,
2023-11-07,851.4574411166948,871.6647379768,845.8415402537836,855.2013549804688,3018840,,
2023-11-08,865.8321480071809,894.6012759569254,859.1325029013644,887.8621826171875,2534355,,
2023-11-09,887.7044967925852,906.9857215472721,878.068785376826,900.3353271484375,1881305,,
2023-11-10,892.63071300574,894.2661909434588,883.3693989936031,888.8473510742188,598660,,
2023-11-13,889.4680772682308,891.9902985618579,881.3102912616941,889.2316284179688,559960,,
2023-11-15,900.8082081296799,937.1735829468327,891.6750408828335,934.7202758789062,2726460,,
2023-11-16,930.4640770138499,942.2870001772559,916.4736059102535,937.951904296875,1909425,,
2023-11-17,935.5822635955494,954.8941961232777,931.662641104486,948.87158203125,1232835,,
2023-11-20,948.8123940168423,955.5754967584139,934.4172837985061,940.9829711914062,797230,,
2023-11-21,943.5105667453851,948.5458637022504,933.0252559444967,935.7897338867188,699535,,
2023-11-22,935.0097581632153,942.6910596065658,929.6584520936256,936.2636108398438,423845,,
2023-11-23,936.2635155247751,942.8884392368619,910.3069539019756,911.7188110351562,809260,,
2023-11-24,911.7189010580654,914.9671550409183,904.6003177743809,907.7202758789062,416490,,
2023-11-28,907.3450273786273,909.5467267142875,896.1488173920661,898.4591674804688,813305,,
2023-11-29,900.4437070576475,921.907986164703,896.7511481658154,897.9951782226562,1649670,,
2023-11-30,900.4338626642818,915.0461545237195,893.7201134597941,910.5045166015625,1279425,,
2023-12-01,918.0080882894742,918.4030395181726,892.6340085035686,902.9811401367188,1194030,,
2023-12-04,908.3323559953577,917.0503888504632,902.4775688016321,907.6116333007812,1509005,,
2023-12-05,908.3324169237004,934.0026808802397,905.0545144486873,926.6372680664062,1339060,,
2023-12-06,934.9505073109024,951.7151446609736,931.4948949305915,939.5316162109375,1221015,,
2023-12-07,939.9265792409219,957.5008246577027,922.154858204854,948.9407958984375,1225985,,
2023-12-08,955.88158310577,956.1679438373798,924.4256521849078,937.0929565429688,1349840,,
2023-12-11,940.0548374484176,978.4318728890829,934.5752360853642,964.2046508789062,3025410,,
2023-12-12,965.1031587594798,986.7254428913687,941.9011902368734,945.4653930664062,1822865,,
2023-12-13,946.0478677289516,954.598012817244,929.0659905988372,950.5203857421875,982120,,
2023-12-14,957.6982574955858,1033.4156010545591,957.6982574955858,1017.4606323242188,5919205,,
2023-12-15,1018.9120326178613,1033.7218005338186,1007.0642182850955,1030.927734375,2769755,,
2023-12-18,1032.9218914654364,1041.6202186299524,1014.9824052133731,1025.852783203125,1702720,,
2023-12-19,1019.8993622363307,1050.318683737037,1019.8993622363307,1028.1632080078125,1935090,,
2023-12-20,1028.982575192071,1040.2182567106202,980.4065870630798,986.8142700195312,2100045,,
2023-12-21,981.2063070564866,997.8722364543073,964.4317871625931,988.3248901367188,1753780,,
2023-12-22,998.2177226287401,1004.6945246995801,980.7125980932107,988.6012573242188,1534655,,
2023-12-26,997.1909792615791,1010.8554841457488,990.2896374726233,1002.897705078125,725110,,
2023-12-27,1006.8568224409494,1022.4663148341155,1004.1219930449348,1017.7864379882812,1106265,,
2023-12-28,1022.4070092882148,1024.9542455653907,1011.526748954251,1016.7594604492188,938230,,
2023-12-29,1019.2971231455285,1021.8937739973119,1007.064240119065,1014.992431640625,802710,,
2024-01-01,1021.8739197062064,1026.0107234242198,1010.5197650428041,1016.838623046875,531730,,
2024-01-02,1015.9598782117532,1021.8739020708518,998.9484121497183,1012.2376708984375,1438035,,
2024-01-03,993.2417779176767,1016.6215181254676,993.2417779176767,1004.6946411132812,796770,,
2024-01-04,1012.0007625944196,1015.1996626802596,998.484379266983,1004.200927734375,660840,,
2024-01-05,1004.111992206183,1044.5821354294887,1004.111992206183,1035.92333984375,2855755,,
2024-01-08,1045.5695511082904,1047.18876676436,1012.3265173654228,1015.9598999023438,1088690,,
2024-01-09,1026.8106496187543,1039.626017096789,1020.0771943500646,1025.7542724609375,1223875,,
2024-01-10,1029.3775237500245,1046.3791074988337,1024.6483533991282,1035.3804931640625,1734420,,
2024-01-11,1034.7188395320488,1044.088474927687,1018.8230485572078,1021.2122802734375,682085,,
2024-01-12,1029.8810082300247,1063.8941771791308,1028.5876846434228,1048.19580078125,2244670,,
2024-01-15,1050.5061016308293,1067.1720303196946,1035.3310324084218,1055.0675048828125,2402910,,
2024-01-16,1048.946337065415,1053.4583268832055,1024.046087784624,1029.2591552734375,1085975,,
2024-01-17,1025.8033913540633,1035.419856735494,1013.6692174650741,1021.7158813476562,1653915,,
2024-01-18,1014.9824426630069,1023.6412388701948,984.0004059306318,1008.8117065429688,1666250,,
2024-01-19,1010.0360339705935,1023.5228294222971,993.24174785661,1006.659423828125,1331415,,
2024-01-23,1007.054413814081,1007.054413814081,969.9509888355284,976.6746215820312,1295645,,
2024-01-24,969.5461001708442,993.6169134664419,960.1073442130262,991.6521606445312,983485,,
2024-01-25,996.1937771703534,1002.1275667888788,974.4826683947027,983.8720703125,1133705,,
2024-01-29,986.5477015402789,996.9540701239023,973.0116125431985,982.4306030273438,2064020,,
2024-01-30,981.3938988170142,991.9186801103706,962.0523164894303,966.1299438476562,1012505,,
2024-01-31,964.6095764293783,997.1910667284259,962.0425740254091,993.567626953125,1542135,,
2024-02-01,1026.8104935612253,1026.8104935612253,996.884893991053,999.560546875,1454700,,
2024-02-02,1007.0642163871042,1029.7725271487743,1005.4845319168193,1022.298583984375,1105710,,
2024-02-05,1028.7654304439982,1044.4242770273036,1015.2095756946901,1023.54248046875,2028625,,
2024-02-06,1031.747165567637,1060.379383559466,1022.5157676643664,1057.5655517578125,2145525,,
2024-02-07,1060.3792349666237,1070.212880924914,1054.1295571652813,1066.13525390625,1338865,,
2024-02-08,1069.8575777866959,1087.9057766664066,1064.8222809520018,1085.6546630859375,1567325,,
2024-02-09,1088.1326936253688,1093.720945541978,1070.2326189406422,1084.5882568359375,1792175,,
2024-02-12,1094.9353168022978,1094.9353168022978,1061.909588323129,1063.7755126953125,603220,,
2024-02-13,1063.55863844322,1075.0609169384497,1038.776981413864,1054.771484375,1260450,,
2024-02-14,1071.2002435683562,1071.2002435683562,993.5082665041348,1009.5422973632812,3225445,,
2024-02-15,1009.5424248943056,1022.4367338603946,1000.3504977529593,1019.5736083984375,1137505,,
2024-02-16,1022.9006962888521,1046.3396094824066,1022.9006962888521,1040.781005859375,937725,,
2024-02-19,1041.8178228611523,1062.3540838432125,1030.7599103460166,1054.1494140625,1290430,,
2024-02-20,1048.5512759619621,1063.9336439965914,1043.0025547112762,1049.834716796875,941525,,
2024-02-21,1053.4581003475207,1058.404571653459,1028.9824560609368,1033.8697509765625,621940,,
2024-02-22,1044.1280497730604,1056.8249415495084,1034.699117070912,1054.5244140625,938065,,
2024-02-23,1058.4046895454192,1073.7969404167545,1049.9828397228705,1053.8927001953125,689965,,
2024-02-26,1046.7741257692046,1052.1254320257,1028.2520328408752,1038.05615234375,825820,,
2024-02-27,1032.754246231874,1071.8421265263878,1032.754246231874,1055.5316162109375,1062060,,
2024-02-28,1060.3792845419555,1069.3440865018642,1046.5667185871366,1049.4990234375,812005,,
2024-02-29,1048.5315079387701,1055.837683793441,1029.0912782269797,1040.188720703125,2600635,,
2024-03-01,1044.1083236479237,1052.9645352571963,1025.1517498558705,1043.44677734375,776675,,
2024-03-04,1042.607506651904,1058.7501271817089,1016.0684016616957,1018.43798828125,1844330,,
2024-03-05,1020.6892073065313,1020.886622661031,989.8651137275525,991.7706298828125,1432690,,
2024-03-06,990.7635549378373,1015.3477928939664,988.305143194444,1002.315185546875,2221830,,
2024-03-07,1003.1148826523118,1012.9880606311732,992.4518624873608,1004.7933349609375,1674355,,
2024-03-11,1011.0629573687271,1024.8359940509924,987.3376789857432,1019.119384765625,2163730,,
2024-03-12,1019.1192123018412,1035.3408959026851,1011.8822166097289,1017.746826171875,1219900,,
2024-03-13,1018.9119744864634,1034.1068099639974,996.0555432024108,1008.4859008789062,2162255,,
2024-03-14,1001.6337579785945,1030.7596287133097,981.304861008537,1027.432373046875,1304705,,
2024-03-15,1019.1687250923159,1042.6076410165756,1019.1687250923159,1034.946044921875,1370070,,
2024-03-18,1034.9362962631528,1042.6077761725219,1022.5158795903066,1026.0899658203125,1027705,,
2024-03-19,1020.8965550902664,1029.8613579152434,1001.0020760088076,1006.076904296875,710110,,
2024-03-20,997.5859969954239,1012.7907162527946,997.5859969954239,1007.3505249023438,966685,,
2024-03-21,1013.1853746269586,1050.2987337128084,1012.9879592960069,1047.060302734375,1489015,,
2024-03-22,1045.0363402138373,1045.0363402138373,1000.7551618275577,1035.3211669921875,1919055,,
2024-03-26,1035.321250778827,1045.0265419663203,1017.3717590326482,1030.16748046875,804335,,
2024-03-27,1030.7402275390066,1094.7974242733876,1027.8474532881291,1081.2218017578125,3792770,,
2024-03-28,1082.2976603423672,1112.075197180994,1069.2651143596008,1104.2161865234375,2866225,,
2024-04-01,1105.7958956243892,1145.74273378672,1104.2260941259208,1127.3489990234375,1998085,,
2024-04-02,1125.1670183791637,1132.0782424384117,1113.2007324003241,1116.853759765625,821715,,
2024-04-03,1111.710033013251,1117.021807947092,1101.7480295030177,1108.560546875,673100,,
2024-04-04,1113.6846748438188,1135.0008339167268,1109.2911585299987,1111.364501953125,1252785,,
2024-04-05,1110.5352081421397,1131.1601727538366,1107.0104157910985,1120.5367431640625,556115,,
2024-04-08,1151.212505864146,1232.903167521856,1151.212505864146,1229.28955078125,8509165,,
2024-04-09,1229.0131331809723,1254.880808964925,1217.767570005399,1230.1781005859375,3219045,,
2024-04-10,1225.2613972696638,1231.165538466107,1194.2497112363908,1201.2596435546875,1298645,,
2024-04-12,1200.5783830574726,1204.527654054372,1173.4765590501238,1179.558349609375,1930285,,
2024-04-15,1155.1618625514063,1168.9843121887736,1148.1222815937738,1150.590576171875,1489870,,
2024-04-16,1147.2632610422966,1150.787932489229,1132.1572507904366,1134.7440185546875,884165,,
2024-04-18,1143.31393423671,1149.7907964125682,1125.2459715230596,1129.0472412109375,895385,,
2024-04-19,1122.97540753623,1130.133462336547,1110.1402747908342,1127.9317626953125,1344265,,
2024-04-22,1137.6667850865904,1162.0633736801935,1121.642633636905,1145.35791015625,1294110,,
2024-04-23,1153.1673633399657,1165.0744732244166,1145.4958851590166,1150.639892578125,1203355,,
2024-04-24,1155.6949493808913,1166.0222544048802,1150.7583606662222,1160.2662353515625,1149375,,
2024-04-25,1156.1491429696976,1172.9335455576438,1149.237918374661,1166.239501953125,1329980,,
2024-04-26,1166.417247883313,1184.7615688239277,1161.1054734129161,1164.4129638671875,776600,,
2024-04-29,1168.9842444439394,1208.111652649382,1166.6541889599064,1198.3865966796875,2287260,,
2024-04-30,1207.8847370801595,1212.4263752935938,1191.287865411354,1195.3951416015625,1013830,,
2024-05-02,1191.6925582272117,1204.902874919748,1148.842942551058,1196.8759765625,803040,,
2024-05-03,1201.3979271300075,1204.5277680793195,1173.525963714478,1184.3568115234375,906315,,
2024-05-06,1194.0623335043547,1195.44460271642,1177.0803927259406,1182.046630859375,494795,,
2024-05-07,1181.4244316888664,1183.5867202990544,1152.9502206539676,1162.13232421875,938440,,
2024-05-08,1162.1324838761582,1190.7054065100774,1151.4101052505307,1184.7913818359375,659265,,
2024-05-09,1180.8715921848336,1211.7351555255573,1170.346750939235,1175.31298828125,1331495,,
2024-05-10,1175.8955514429344,1194.6545904667933,1158.153478723065,1190.19189453125,1402570,,
2024-05-13,1177.9686599536403,1205.8012070804527,1166.0221405352331,1196.03662109375,1090010,,
2024-05-14,1195.641924975433,1208.032812291201,1185.413326438307,1188.197509765625,899390,,
2024-05-15,1188.7307088639557,1190.1721543790288,1158.5484547758076,1173.24951171875,797635,,
2024-05-16,1184.5839894628193,1184.7814048214107,1107.7804963281683,1158.4693603515625,2250255,,
2024-05-17,1194.6546486334041,1251.5439007168602,1185.8477296538322,1228.618408203125,7714255,,
2024-05-21,1228.2232860481572,1278.5764915051154,1224.9749720702066,1264.78369140625,3397620,,
2024-05-22,1264.7837794068394,1276.6019448198683,1253.301268307332,1263.69775390625,3992780,,
2024-05-23,1269.6806998319457,1292.3988901166415,1247.080982852271,1272.5439453125,1982805,,
2024-05-24,1272.5440282730815,1291.411656591352,1241.1078638955419,1251.15869140625,1927485,,
2024-05-27,1255.8485793992934,1266.8176665981068,1225.2614907195173,1235.6973876953125,1253790,,
2024-05-28,1239.4787474106822,1253.4689630192327,1196.9450209216682,1200.9041748046875,1153325,,
2024-05-29,1186.3707724643198,1192.9956354711783,1166.5158285585408,1169.2210693359375,1837255,,
2024-05-30,1164.0576576823507,1168.095754045706,1133.4409207305957,1136.49169921875,1907345,,
2024-05-31,1140.3519712444513,1145.2885598645573,1117.6436635919645,1124.9696044921875,4191965,,
2024-06-03,1202.1581978986953,1202.1581978986953,1121.2869585313586,1128.583251953125,2059415,,
2024-06-04,1136.2053351424747,1136.2053351424747,1036.6836559613132,1112.6478271484375,1906825,,
2024-06-05,1099.8721009814715,1194.674381608148,1099.753627658627,1183.9027099609375,2760005,,
2024-06-06,1204.5276641149326,1217.2542044713994,1184.939313552915,1209.5037841796875,2082170,,
2024-06-07,1213.4136963568974,1255.8584831401681,1208.674522238729,1230.1585693359375,2114275,,
2024-06-10,1234.147346145232,1240.4167905592094,1214.025802992792,1229.5958251953125,1489145,,
2024-06-11,1232.1725245007913,1249.7369454483942,1223.6816161447257,1228.4503173828125,1190285,,
2024-06-12,1232.3207501567204,1247.57476213092,1228.2233571357915,1234.2459716796875,1895345,,
2024-06-13,1241.0584410151741,1257.0529407334632,1233.4462595502723,1237.44482421875,1115715,,
2024-06-14,1240.0711857682431,1244.7115313277652,1218.7451448945021,1232.755126953125,1280300,,
2024-06-18,1209.4643538751725,1255.4733411099844,1209.4643538751725,1221.637939453125,1342375,,
2024-06-19,1229.0134042179823,1239.1629409146242,1205.0808272999416,1232.518310546875,1213160,,
2024-06-20,1232.5183136193546,1251.0799389093509,1223.1289104647383,1240.6439208984375,950670,,
2024-06-21,1250.5268897613305,1282.5258952275815,1250.5268897613305,1260.74560546875,1723335,,
2024-06-24,1259.8174667312985,1305.2340838705145,1242.7862353040923,1302.0943603515625,2170130,,
2024-06-25,1302.2031240237347,1324.5164822856566,1279.5737565721622,1312.856201171875,2137185,,
2024-06-26,1309.1833292465042,1338.802861582398,1305.2834723644858,1332.47412109375,1525165,,
2024-06-27,1332.4742223211802,1335.8706582919247,1317.763162705657,1329.640625,967925,,
2024-06-28,1330.7069670014548,1346.6915841880873,1323.005840022299,1339.9581298828125,1530310,,
2024-07-01,1332.8987764286676,1376.1235780150007,1332.8987764286676,1369.873779296875,1684055,,
2024-07-02,1375.3042150130184,1375.3042150130184,1311.5531499059316,1332.207763671875,2899400,,
2024-07-03,1340.7577991279816,1350.245908669306,1328.98904815318,1345.042724609375,1071900,,
2024-07-04,1342.949677749262,1353.415343270943,1327.9622604306023,1330.2034912109375,371415,,
2024-07-05,1336.838343066983,1348.4689770600367,1325.484187016149,1344.6282958984375,363330,,
2024-07-08,1357.4632228808596,1373.6354927362645,1346.464488486297,1354.096435546875,1019840,,
2024-07-09,1354.0077140979558,1394.6851610237807,1348.6959392813228,1371.3055419921875,1824660,,
2024-07-10,1370.5946044175794,1379.5298792553813,1332.8791103916728,1339.138671875,1140440,,
2024-07-11,1339.7803759366193,1353.790478233623,1297.1578229904023,1306.0042724609375,1359895,,
2024-07-12,1311.8885016110569,1366.3588621158729,1311.2566038249447,1354.8961181640625,3120320,,
2024-07-15,1356.5746195327313,1377.3082927570308,1344.351620687233,1350.30517578125,848915,,
2024-07-16,1362.301056767325,1362.4885892860243,1331.151134069381,1345.1217041015625,600455,,
2024-07-18,1345.6943796553987,1379.282950092967,1345.6943796553987,1368.86669921875,1580645,,
2024-07-19,1372.8160366633851,1396.057537086645,1339.1682882052494,1348.2022705078125,1115365,,
2024-07-22,1347.6788964235493,1385.6116891877457,1335.6139019918407,1368.3533935546875,1468170,,
2024-07-23,1368.3534202733367,1379.776634262114,1324.3485981554616,1361.5606689453125,877240,,
2024-07-24,1353.612658442256,1385.0094116390699,1348.656303968786,1371.848388671875,1189520,,
2024-07-25,1362.498588035487,1388.3466215252301,1347.9751815083848,1384.930419921875,718270,,
2024-07-26,1390.143523058575,1423.7123297233418,1383.7457227189595,1419.2496337890625,1802930,,
2024-07-29,1433.006131652126,1436.0818106479599,1400.3899544859596,1403.930419921875,877015,,
2024-07-30,1406.1060808275106,1411.5749868994708,1382.3708280737974,1386.4947509765625,694125,,
2024-07-31,1390.292646856429,1405.8293109730755,1385.7531922959597,1389.9464111328125,1231325,,
2024-08-01,1395.4353139795078,1402.358097252262,1357.9632626062755,1365.657470703125,1124665,,
2024-08-02,1360.8212822463304,1449.383500466905,1353.8589021706796,1428.1700439453125,7175560,,
2024-08-05,1384.5664885103072,1413.0290450812197,1346.9955661522913,1379.364501953125,1667055,,
2024-08-06,1384.5567365579939,1409.2809639965294,1341.437708049941,1345.779296875,852965,,
2024-08-07,1364.777171215537,1401.1514787090252,1352.7611741503024,1394.17919921875,2844655,,
2024-08-08,1393.457163962293,1394.6537776858372,1363.204639464297,1367.269287109375,545140,,
2024-08-09,1387.6916792678542,1434.00505421338,1377.4755522046341,1426.9833984375,2169800,,
2024-08-12,1443.894741370676,1443.894741370676,1398.4516640670392,1419.90234375,1373055,,
2024-08-13,1428.0316181280186,1442.9057503063,1392.2804858697539,1404.0096435546875,1155785,,
2024-08-14,1404.3359989730693,1447.6528900477974,1398.036271186908,1431.38427734375,1557105,,
2024-08-16,1450.8174277085309,1471.5857753444404,1429.0601111375781,1467.20458984375,1665850,,
2024-08-19,1467.2045912051894,1476.1647077123946,1455.9798179267818,1462.37841796875,621000,,
2024-08-20,1462.3783519137064,1470.2506263805165,1456.3555651684,1465.2069091796875,1148210,,
2024-08-21,1465.207066207682,1470.3793547476484,1458.739170333878,1465.1773681640625,482210,,
2024-08-22,1472.5747144766162,1497.3088366993647,1448.2461033116776,1472.4659423828125,1061190,,
2024-08-23,1472.4661757342258,1473.049633683908,1446.6739058033738,1462.2105712890625,818150,,
2024-08-26,1461.2314015732638,1491.1774119905328,1461.2314015732638,1483.2359619140625,1378060,,
2024-08-27,1483.2359055564384,1490.109191584138,1474.7603739082024,1482.2568359375,532205,,
2024-08-28,1482.256839031954,1511.2731547670953,1478.0735196107107,1507.712890625,1212000,,
2024-08-29,1503.0449747425193,1523.01220012007,1493.5408767892854,1519.6298828125,961130,,
2024-08-30,1519.6298711500049,1527.9570331992522,1507.19858452262,1518.8189697265625,1409320,,
2024-09-02,1519.0463874924808,1532.2096219879504,1485.93572680607,1496.666015625,1332115,,
2024-09-03,1499.2771322997469,1511.9359848725226,1469.6080597608336,1472.6639404296875,642950,,
2024-09-04,1455.5545293454345,1474.691052802799,1436.7839195404013,1470.67578125,793615,,
2024-09-05,1481.3767012602011,1484.7687973524116,1466.057580983848,1478.5086669921875,610375,,
2024-09-06,1480.575520828209,1483.6018238224474,1461.6367409164834,1468.59912109375,669085,,
2024-09-09,1450.026271482859,1481.060122931954,1443.1925827460514,1467.35302734375,664125,,
2024-09-10,1478.5085109379113,1492.2156054554764,1469.6077908051748,1478.8447265625,662835,,
2024-09-11,1483.4435824673687,1538.2423878882712,1479.0526181085975,1517.0289306640625,2253665,,
2024-09-12,1527.947187261394,1544.3541489712647,1507.1887378591475,1540.5367431640625,852445,,
2024-09-13,1547.736435263671,1548.7254042318907,1521.5881536913453,1528.7581787109375,503730,,
2024-09-16,1528.7583332621539,1571.076237598287,1525.9792722331047,1563.32275390625,1205305,,
2024-09-17,1563.3224945231518,1575.3779675168894,1535.8687080870827,1543.8299560546875,635125,,
2024-09-18,1543.8300457326864,1544.7596186091528,1497.3089071493055,1531.2305908203125,629850,,
2024-09-19,1562.7687852625077,1612.217235887492,1533.8909383870193,1562.9864501953125,4464010,,
2024-09-20,1560.7908150497844,1607.460324563547,1548.7254416356116,1603.3560791015625,2073445,,
2024-09-23,1604.4044470480817,1633.8459525876983,1604.3648496567255,1611.2579345703125,980735,,
2024-09-24,1621.1475221594253,1633.3810630123191,1592.3685503994334,1599.0242919921875,936650,,
2024-09-25,1610.031438932275,1610.031438932275,1560.197282531496,1569.73095703125,1110935,,
2024-09-26,1582.3503138498816,1585.801805814067,1549.5362710979705,1572.0057373046875,1058045,,
2024-09-27,1592.3093275735132,1627.2595803344,1582.4394358796658,1616.123779296875,2029940,,
2024-09-30,1604.839483632844,1624.7177356229915,1587.8094670820196,1602.2681884765625,971110,,
2024-10-01,1610.9908987031686,1631.7988450314128,1610.1601985483492,1621.1080322265625,848030,,
2024-10-03,1602.1197009161353,1617.9531024877442,1584.4567310445302,1606.6788330078125,577885,,
2024-10-04,1606.0856270697675,1643.4489041904483,1601.8924082431997,1621.64208984375,2141335,,
2024-10-07,1643.4488874391188,1643.4488874391188,1564.5588132184657,1579.6702880859375,1893920,,
2024-10-08,1591.3995129581156,1643.0533452414334,1579.9867719054178,1635.7646484375,1217655,,
2024-10-09,1643.666398937033,1675.709017140483,1641.6884610321747,1659.9744873046875,852950,,
2024-10-10,1667.401700820022,1669.2708666796775,1633.7767554891318,1640.7391357421875,477895,,
2024-10-11,1640.7392309106956,1659.6483140822613,1633.72735351241,1654.208984375,717630,,
2024-10-14,1659.4799794302194,1661.3194471689515,1629.6230651247618,1638.948974609375,731080,,
2024-10-15,1648.6014035403884,1656.1274430517258,1627.8132560981878,1639.3941650390625,793755,,
2024-10-16,1630.7802034758608,1637.7326846070428,1609.0525832461706,1618.4180908203125,616890,,
2024-10-17,1618.4180496886474,1627.8330537636343,1574.4188291011487,1578.3154296875,1370175,,
2024-10-18,1580.3723809630167,1604.1472331355117,1564.687347914151,1599.92431640625,703155,,
2024-10-21,1605.492313161786,1613.9479257534629,1564.924785101696,1572.3321533203125,551420,,
2024-10-22,1574.22107106494,1577.9988794479455,1507.485463648204,1512.9346923828125,756445,,
2024-10-23,1507.1888431161813,1571.8476449024388,1493.5410218378292,1548.864013671875,1680480,,
2024-10-24,1548.8638848379971,1552.4043503075914,1514.784052594516,1526.2857666015625,609025,,
2024-10-25,1530.9239843541004,1534.8699609349424,1470.4090302843006,1502.76806640625,1835575,,
2024-10-28,1503.2427468794865,1552.681296463767,1503.2427468794865,1521.5584716796875,633990,,
2024-10-29,1521.1234417136388,1530.4593727479498,1480.1010229637784,1522.84423828125,851900,,
2024-10-30,1519.0760922089148,1553.95704607696,1508.790791076829,1518.9376220703125,861150,,
2024-10-31,1513.270776430896,1528.4118274130058,1464.9695694782872,1471.7735595703125,1490795,,
2024-11-01,1471.7736833240676,1482.4545965607404,1471.7736833240676,1477.2130126953125,53670,,
2024-11-04,1473.5636611023797,1532.3776126157677,1457.8489307934387,1527.511962890625,1900525,,
2024-11-05,1527.5120488117523,1531.9129123751054,1503.2328126598838,1511.3226318359375,878455,,
2024-11-06,1515.1003099077757,1584.743541242803,1514.1212403836848,1581.7568359375,1566415,,
2024-11-07,1587.0975517330126,1591.4193415763255,1540.813752719957,1563.1644287109375,839335,,
2024-11-08,1561.9776686898088,1564.5489639548446,1483.8788154362574,1514.032470703125,2896825,,
2024-11-11,1517.0783256464015,1602.129652899068,1502.5998061481678,1572.75732421875,2827160,,
2024-11-12,1571.4715977736953,1589.273038151245,1543.3354805775655,1547.0045166015625,814435,,
2024-11-13,1546.7475712016046,1546.7475712016046,1500.859383819158,1506.18994140625,847625,,
2024-11-14,1506.1995666992657,1551.1086762233917,1493.3429715797051,1536.5015869140625,938055,,
2024-11-18,1552.4042880078116,1557.7843417917152,1481.6930091401293,1501.1856689453125,1434895,,
2024-11-19,1505.7718294877043,1535.1313035428843,1503.3153218545863,1510.5858154296875,782945,,
2024-11-21,1503.2460478313683,1505.623356395467,1484.0197265429458,1488.8436279296875,738710,,
2024-11-22,1525.3050255833389,1590.7199950305312,1519.4806750042228,1584.8460693359375,4935000,,
2024-11-25,1588.0259333219146,1646.2694495791372,1588.0259333219146,1623.546630859375,2668425,,
2024-11-26,1631.2131496760908,1651.8162059267797,1614.7701713059776,1633.8974609375,1295245,,
2024-11-27,1634.3829441611888,1656.967193210116,1629.7571016322784,1652.767333984375,1207120,,
2024-11-28,1649.0428873142587,1665.0202233571483,1619.7229515428692,1624.8638916015625,1275315,,
2024-11-29,1626.101977607008,1643.8226642006962,1607.2818116151661,1635.432861328125,1418705,,
2024-12-02,1632.4018678758478,1680.2249321994639,1630.2523631490874,1673.4495849609375,1541390,,
2024-12-03,1683.345183426993,1687.832215708524,1655.4516800739098,1678.4617919921875,1465260,,
2024-12-04,1675.3910446713228,1688.862297465186,1661.4046942937214,1673.1226806640625,1731295,,
2024-12-05,1683.7015952781155,1714.8737039848068,1678.4715412444027,1688.1788330078125,2150265,,
2024-12-06,1700.550747350478,1700.550747350478,1671.5676799814034,1680.72021484375,1050090,,
2024-12-09,1680.9380115654944,1690.2292353463959,1664.2969740455464,1667.833251953125,1309295,,
2024-12-10,1668.8435406359972,1691.4177515953675,1666.2582587349161,1687.79248046875,941320,,
2024-12-11,1687.8717711453978,1701.7095171509923,1679.491883087065,1695.211669921875,1242035,,
2024-12-12,1703.7004768406773,1739.1121053123384,1698.3713933697436,1706.55322265625,1705625,,
2024-12-13,1706.0977598841494,1726.8692528789945,1679.0561020287178,1724.006591796875,738150,,
2024-12-16,1728.473830159645,1755.2281928170312,1721.163676303302,1745.1148681640625,1714915,,
2024-12-17,1734.4268683871142,1772.552552696913,1734.4268683871142,1754.009765625,1391285,,
2024-12-18,1753.2469977467626,1762.9542893770913,1743.7478006942445,1757.99169921875,444065,,
2024-12-19,1714.022045978244,1739.3797216091489,1707.682596841784,1722.94677734375,740435,,
2024-12-20,1738.3889328922587,1762.1419429537102,1675.3810157659937,1682.9090576171875,1713975,,
2024-12-23,1685.078469192747,1727.29506817791,1685.0090640269052,1708.63330078125,836725,,
2024-12-24,1707.692369083254,1721.401340542726,1688.4759646167702,1718.1920166015625,1170230,,
2024-12-26,1723.5310071973247,1728.9591199885467,1711.545557134857,1717.092529296875,997245,,
2024-12-27,1717.0926521867,1738.458441792129,1707.632993305363,1711.1395263671875,612490,,
2024-12-30,1711.1393690029086,1781.9626244633403,1698.6983117586258,1726.056884765625,5568265,,
2024-12-31,1703.72020832246,1733.2381998326184,1671.032553162785,1719.02392578125,1326490,,
2025-01-01,1721.143833554126,1738.3494232345997,1703.9382438736525,1729.553466796875,337865,,
2025-01-02,1729.4742215585163,1771.0766942420544,1725.5219963267741,1758.9822998046875,1426230,,
2025-01-03,1764.9354971970324,1799.8022845022097,1759.1903452261554,1788.014892578125,2013255,,
2025-01-06,1806.736074523712,1808.499256072162,1731.9705023651395,1746.4620361328125,1154600,,
2025-01-07,1739.4786153238992,1746.1152728536053,1656.7391917607204,1671.7557373046875,2787290,,
2025-01-08,1673.8061501179013,1677.9564338744194,1610.0255847193625,1631.8272705078125,2664430,,
2025-01-09,1631.8173511854773,1635.7993213611444,1568.244759618938,1574.81201171875,2041085,,
2025-01-10,1568.0171237585012,1597.5845734505563,1549.6426485790594,1552.3072509765625,2042585,,
2025-01-13,1518.490271729156,1536.2407038230347,1428.4902692204794,1436.89990234375,3052805,,
2025-01-14,1448.1622577969745,1495.490051985872,1444.3090619035788,1477.4326171875,1873135,,
2025-01-15,1485.6046148498892,1488.4770699533915,1447.1718039958678,1476.9176025390625,2254135,,
2025-01-16,1478.2052202326288,1536.9737458159689,1478.2052202326288,1511.269287109375,1047585,,
2025-01-17,1517.499752216873,1541.2725942881557,1505.940164230338,1534.962890625,1261450,,
2025-01-20,1536.5180373564372,1554.9024273134796,1515.4494568186653,1539.35107421875,838815,,
2025-01-21,1521.2638367402162,1523.0467273499219,1470.9446058964409,1477.3731689453125,2021495,,
2025-01-22,1489.2496302707345,1490.4383448897802,1413.8996815801104,1433.2052001953125,2445630,,
2025-01-23,1423.3988453740649,1507.1980851567353,1423.3988453740649,1492.8353271484375,1310495,,
2025-01-24,1490.854426710434,1498.4816198971462,1471.9649746452242,1475.31298828125,689375,,
2025-01-27,1465.397669467953,1465.397669467953,1374.8825660602186,1388.64111328125,2768045,,
2025-01-28,1404.8364420694336,1428.7380609357022,1375.3581052713728,1416.11865234375,2125700,,
2025-01-29,1417.4754547351115,1484.8120065741202,1417.4754547351115,1474.9364013671875,1047855,,
2025-01-30,1474.9364593466673,1522.0958193611455,1474.9364593466673,1511.338623046875,1718675,,
2025-01-31,1511.338634313663,1535.3293647877317,1509.5754528622601,1530.119140625,1436990,,
2025-02-01,1530.1191765184524,1561.6676951842333,1500.1059147045175,1542.144287109375,508590,,
2025-02-03,1533.3680816004983,1563.064302939876,1517.4600307189942,1529.2969970703125,1130980,,
2025-02-04,1545.2346510271454,1552.7428630457136,1512.5271649006836,1526.7908935546875,1350445,,
2025-02-05,1532.357767789479,1582.4788186227495,1527.91027495629,1573.197509765625,2737765,,
2025-02-06,1604.666900056599,1621.5059971559583,1585.4604095023024,1594.999267578125,2904470,,
2025-02-07,1597.8420441945652,1608.6289858322589,1541.2825147500741,1557.1409912109375,1030260,,
2025-02-10,1561.875768135915,1584.8561337087206,1525.6220873453863,1544.224365234375,819910,,
2025-02-11,1545.234727656098,1556.3089630735346,1485.4658746746052,1494.133056640625,1111755,,
2025-02-12,1494.2319815316082,1515.508654255886,1465.6054954844617,1501.3143310546875,1642770,,
2025-02-13,1501.6512630125235,1526.8702488291767,1496.6985873429571,1513.8150634765625,1595935,,
2025-02-14,1512.5470769781714,1519.124244461856,1472.9355885450414,1482.9300537109375,810840,,
2025-02-17,1466.0118357404276,1467.4579783505603,1431.6699389425946,1453.8876953125,1694895,,
2025-02-18,1455.9874576461948,1502.5920580303973,1455.4128699460607,1497.4710693359375,671955,,
2025-02-19,1497.6890298969843,1516.3012226054777,1480.750904337087,1504.6326904296875,847695,,
2025-02-20,1497.6891224910873,1526.1471775422967,1494.7967163706574,1520.164306640625,1307395,,
2025-02-21,1511.160326248251,1551.5642917200596,1488.7544270951034,1493.1524658203125,929070,,
2025-02-24,1476.8878405811338,1478.8689107898274,1413.434103757509,1416.82177734375,2614855,,
2025-02-25,1412.2156373805676,1461.0193169103957,1404.4994518367494,1450.8663330078125,2153680,,
2025-02-27,1441.228474280271,1474.708606791032,1440.4459129107393,1462.27734375,1437345,,
2025-02-28,1426.5092420713756,1439.2276789762955,1367.1365049416916,1385.2930908203125,4905515,,
2025-03-03,1381.4992390896214,1400.3788959091005,1349.3266787726002,1379.2606201171875,1307830,,
2025-03-04,1359.311321485726,1360.9060684345977,1319.8780624096914,1339.62939453125,1231110,,
2025-03-05,1331.4276533717739,1358.8159704886339,1327.3169089111923,1345.126708984375,2036095,,
2025-03-06,1349.9013776382812,1392.6627035288332,1349.9013776382812,1368.196533203125,1571540,,
2025-03-07,1366.9383776117352,1382.5888798663027,1339.9958724479661,1353.8336181640625,921590,,
2025-03-10,1353.8337528208021,1368.6223749690387,1301.563193357608,1305.14892578125,1378335,,
2025-03-11,1289.676687115614,1336.5983294899743,1272.352238065573,1326.7425537109375,2072715,,
2025-03-12,1329.298235990859,1341.2441485203808,1257.8905874084576,1289.1220703125,2350725,,
2025-03-13,1293.0446770862115,1307.4965518295821,1262.9323827574765,1264.4281005859375,1444365,,
2025-03-17,1272.0550214908528,1292.6482845793419,1258.5441084357267,1283.6641845703125,997630,,
2025-03-18,1283.6641845703125,1283.6641845703125,1283.6641845703125,1283.6641845703125,0,,
2025-03-19,1326.4355544277673,1347.3159925565083,1295.2634412376276,1337.1036376953125,1944145,,
2025-03-20,1351.0898287633518,1364.987064745947,1327.8717448771397,1357.092529296875,1294700,,
2025-03-21,1360.7972207331088,1374.1595300694005,1333.141436155188,1370.108154296875,1884150,,
2025-03-24,1386.1547178992555,1418.4461350590977,1372.9508088235277,1406.7281494140625,1561740,,
2025-03-25,1422.4084598653087,1471.915386775234,1394.3069828033135,1415.6134033203125,3160400,,
2025-03-26,1422.6262665618356,1428.9558002461024,1386.7491149085693,1395.53515625,1214035,,
2025-03-27,1386.7490113068077,1436.265846687348,1378.0421698930431,1429.2628173828125,2098130,,
2025-03-28,1430.3325702876575,1448.9051019309356,1408.937038017585,1422.6856689453125,2386050,,
2025-04-01,1422.6857271697904,1422.6857271697904,1342.8683345275033,1348.098388671875,1307065,,
2025-04-02,1342.1750125529647,1380.7761350014189,1338.5199962037002,1372.6141357421875,1617245,,
2025-04-03,1362.976336097939,1365.3437295635988,1311.4486793941262,1334.1319580078125,2204950,,
2025-04-04,1330.4866903750951,1330.4866903750951,1253.0467244105816,1267.2113037109375,1717820,,
2025-04-07,1146.0492085191095,1273.4220940436285,1146.0492085191095,1262.8927001953125,1594280,,
2025-04-08,1279.7613767826645,1329.2980445853002,1255.602212267333,1315.95556640625,2649525,,
2025-04-09,1302.6032744861911,1302.6032744861911,1251.27367620271,1269.22216796875,2100820,,
2025-04-11,1317.4116686031657,1317.4116686031657,1278.5430813771206,1296.669921875,1867970,,
2025-04-15,1342.4723141553939,1349.604118747204,1311.5675454560392,1334.349853515625,1264435,,
2025-04-16,1337.024254354945,1345.2456226933143,1308.7940055249805,1342.373046875,861615,,
2025-04-17,1336.1328035732322,1339.9959145970672,1299.8792435574758,1334.1517333984375,1275390,,
2025-04-21,1345.1465587836526,1393.0884779925047,1342.0759244009303,1374.66455078125,1372860,,
2025-04-22,1374.664532513328,1392.6922212935503,1365.3534792548398,1377.5369873046875,910595,,
2025-04-23,1388.730079371116,1411.5123845248506,1377.0417179262765,1403.6871337890625,1658625,,
2025-04-24,1402.5976015590327,1432.6108613142937,1392.9894601403098,1417.257568359375,1647625,,
2025-04-25,1429.3421583197464,1436.2759040635012,1382.8860376536031,1394.376220703125,1061635,,
2025-04-28,1387.7396911599226,1405.2721142668488,1372.188338275923,1382.291748046875,1134175,,
2025-04-29,1386.3528992530435,1404.9750074651122,1369.7119821522972,1398.4375,593235,,
2025-04-30,1398.4376005225636,1417.4558274090368,1379.8154909718994,1400.5177001953125,1353645,,
2025-05-02,1400.4185679199197,1429.3421443742732,1394.0791191187807,1411.7105712890625,585725,,
2025-05-05,1414.781244736752,1428.9458232471718,1409.3333020216085,1420.42724609375,394340,,
2025-05-06,1427.1631065641245,1439.8418840602324,1377.735377908561,1383.6785888671875,431775,,
2025-05-07,1374.3675733215111,1387.2445307652442,1355.5474047499013,1371.8912353515625,523664,,
2025-05-08,1371.3958051309335,1386.7490987239487,1328.802797098698,1342.6702880859375,309901,,
2025-05-09,1306.5157539950285,1386.7490944602273,1306.5157539950285,1361.9857177734375,661030,,
2025-05-12,1391.206642750479,1488.2790891652508,1378.8249531567583,1462.0299072265625,1346700,,
2025-05-13,1465.9918427524326,1476.3924605557438,1436.7710594002726,1450.6385498046875,869690,,
2025-05-14,1457.0770103318164,1461.0391504006996,1413.988737082711,1440.2379150390625,631213,,
2025-05-15,1447.1717617765387,1495.7079810284554,1433.3042705617054,1489.7647705078125,945324,,
2025-05-16,1497.6889840903445,1510.5659396413857,1483.3262259757214,1495.212646484375,695066,,
2025-05-19,1495.2127319419149,1500.66067498642,1439.2474988483618,1453.114990234375,811543,,
2025-05-20,1461.0391722232632,1475.8971977034998,1418.941433362593,1424.8846435546875,783253,,
2025-05-21,1430.3328095878514,1465.0015411221832,1426.8659364344182,1461.53466796875,672018,,
2025-05-22,1456.086445833868,1464.5059933097782,1436.27574589055,1447.171630859375,593809,,
2025-05-23,1449.648093669986,1480.849948778018,1433.7995323452715,1474.90673828125,759901,,
2025-05-26,1480.8499714023264,1482.8310415981823,1454.1055237582711,1459.553466796875,682762,,
2025-05-27,1472.9256573727946,1472.9256573727946,1411.5124826874462,1438.752197265625,1599274,,
2025-05-28,1441.2285393064703,1441.2285393064703,1392.1970529176936,1419.436767578125,2163499,,
2025-05-29,1431.3231945564733,1442.2190804665918,1403.5882122398082,1434.2947998046875,933946,,
2025-05-30,1436.2759319245292,1446.1812831791813,1401.6072025332476,1413.9888916015625,2388902,,
2025-06-02,1397.6449264122848,1425.2808779141226,1386.749041089439,1417.257568359375,1199774,,
2025-06-03,1417.455693950818,1426.0733007472318,1401.6071327326397,1411.8096923828125,725977,,
2025-06-04,1406.559833362684,1411.8097177264176,1382.8860204350729,1397.248779296875,1169720,,
2025-06-05,1401.5081090228448,1466.982453634767,1395.4658692171927,1460.4449462890625,2207902,,
2025-06-06,1454.2044312701787,1496.3021694057004,1454.105401951667,1492.934326171875,1460702,,
2025-06-09,1495.7080198840392,1526.6126670282538,1488.1799772119798,1505.316162109375,1213694,,
2025-06-10,1509.5755791301365,1535.3294932097845,1496.2033545118577,1520.3724365234375,803990,,
2025-06-11,1522.4524684118044,1525.3250444219827,1488.675245247463,1491.6468505859375,1787307,,
2025-06-12,1498.877607205716,1508.584899177688,1448.558498613353,1454.501708984375,872560,,
2025-06-13,1436.2758621727712,1450.8366794440005,1421.4178360123633,1445.983154296875,707752,,
2025-06-16,1443.209553486258,1477.8782798912127,1438.3559076065799,1474.3123779296875,814202,,
2025-06-17,1477.8784057587666,1486.0007454137199,1456.8791094852718,1461.435546875,579070,,
2025-06-18,1457.077194252581,1477.9774615711096,1447.0728134988235,1453.7093505859375,462408,,
2025-06-19,1452.2234037868932,1469.0624995344465,1444.2000941136905,1455.3931884765625,681928,,
2025-06-20,1456.0866119335958,1497.0947896771606,1455.3932857224568,1490.8543701171875,2392646,,
2025-06-23,1475.8973650699686,1482.6330524174698,1454.0065625629916,1468.171142578125,804202,,
2025-06-24,1481.8405267923863,1516.9054939221976,1481.8405267923863,1491.2506103515625,1050554,,
2025-06-25,1506.5047396259704,1519.8769624272593,1488.7741385434997,1495.3116455078125,1007044,,
2025-06-26,1502.6416601240232,1509.5754054245297,1470.1520623499673,1502.04736328125,980202,,
2025-06-27,1496.7975329699377,1522.6504743363478,1478.2745753675676,1493.825927734375,5582731,,
2025-06-30,1508.1887838159935,1515.5187680536187,1464.5062082139054,1474.2135009765625,1279001,,
2025-07-01,1474.2134502209356,1481.8405221897638,1432.8090343231906,1435.7806396484375,1499855,,
2025-07-02,1439.3465527575042,1449.9453510467858,1417.3567215500964,1438.157958984375,1091998,,
2025-07-03,1445.1907958542042,1453.9075536125824,1427.3611630061057,1431.5213623046875,995080,,
2025-07-04,1438.157840152629,1474.7086070928829,1432.3136592686178,1472.331298828125,1069466,,
2025-07-07,1470.9445509393001,1474.9066911438504,1390.8102411192856,1417.5546875,2352128,,
2025-07-08,1417.4557214611386,1457.077125275566,1417.4557214611386,1445.0916748046875,1922385,,
2025-07-09,1442.2189840723167,1446.676391646716,1418.4461436755203,1433.4031982421875,1232488,,
2025-07-10,1412.4039651862581,1421.4178100425677,1397.8430272661358,1406.6588134765625,1335773,,
2025-07-11,1406.5598592818267,1408.144691278313,1358.122668113713,1362.183837890625,2206874,,
2025-07-14,1362.4810910991807,1389.6217782382691,1341.1845854949406,1385.7586669921875,3466969,,
2025-07-15,1383.7775539029358,1393.9801139404901,1366.7403983124796,1389.9188232421875,1554292,,
2025-07-16,1390.7113180833928,1393.6829234639129,1372.8816858002724,1380.211669921875,708852,,
2025-07-17,1387.1452597592966,1389.423417745782,1364.06574553434,1366.2449951171875,653294,,
2025-07-18,1370.9005493700517,1380.2116032958684,1345.245666640329,1351.88232421875,1994386,,
2025-07-21,1351.8824173078272,1401.4091746694132,1350.2974643403086,1386.5511474609375,1061489,,
2025-07-22,1390.7113030511719,1453.6102829256374,1390.7113030511719,1444.99267578125,4076845,,
2025-07-23,1446.1812797934322,1466.982517379502,1445.2897739996142,1461.039306640625,1600050,,
2025-07-24,1454.2045717326007,1470.94463928523,1436.8702072965796,1443.40771484375,683571,,
2025-07-25,1440.826065143143,1440.826065143143,1416.9943452510443,1426.427734375,1043310,,
2025-07-28,1419.9733264025917,1421.8600284917404,1374.693082335011,1399.6170654296875,1778107,,
2025-07-29,1409.1495150746512,1409.1495150746512,1365.458034749113,1399.517578125,1203324,,
2025-07-30,1380.2536212837588,1396.2407073305721,1355.130970914208,1385.8143310546875,2075877,,
2025-07-31,1370.3237936186767,1390.183558743585,1360.3939110562226,1382.53759765625,1082367,,
2025-08-01,1385.2186744283358,1390.0843413269124,1354.6345863924769,1358.3087158203125,432220,,
2025-08-04,1359.4008957640294,1367.7420211934789,1349.471013399062,1361.28759765625,2890882,,
2025-08-05,1362.3799524820115,1362.8764466337907,1323.653408643237,1332.2923583984375,3593587,,
2025-08-06,1332.292162184122,1335.569071589012,1302.3039683189513,1313.1275634765625,1704636,,
2025-08-07,1305.7795951715484,1361.3869391484357,1302.0061912016463,1352.152099609375,1124107,,
2025-08-08,1351.4570607594899,1359.8974612124332,1313.0284624771402,1322.660400390625,1636607,,
2025-08-11,1298.7294290368607,1332.4910314246545,1278.075223796218,1311.34033203125,4245522,,
2025-08-12,1322.6604798734577,1343.0167410126514,1302.006273744029,1311.9361572265625,2051386,,
2025-08-13,1315.7093137556824,1321.9651876577802,1303.2969617391193,1316.60302734375,1533006,,
2025-08-14,1319.681494385919,1375.7853351931458,1310.248105223642,1355.8262939453125,6756189,,
2025-08-18,1380.2538090384157,1390.2829671489806,1340.6335495576707,1344.1090087890625,1159319,,
2025-08-19,1349.9674667776567,1375.288666044174,1334.1789300509522,1371.1181640625,1022673,,
2025-08-20,1355.4289465931229,1389.091272146994,1355.4289465931229,1385.715087890625,1593082,,
2025-08-21,1390.1836221529961,1427.7186284368838,1377.3740488202793,1402.8939208984375,2432234,,
2025-08-22,1408.0573405099526,1408.0573405099526,1365.557394863531,1370.9195556640625,1083516,,
2025-08-25,1377.7712863203897,1410.341351520604,1375.8845842800272,1396.2408447265625,1646990,,
2025-08-26,1393.1625592312605,1401.3050146554806,1374.3950564641696,1385.9136962890625,1437602,,
2025-08-28,1400.1134566930464,1402.0001586435246,1366.351855609668,1376.28173828125,830602,,
2025-08-29,1380.2536188082302,1385.21855988308,1345.002537176797,1348.5772705078125,1215734,,
2025-09-01,1348.5772934690394,1368.1392343656432,1336.7607092668286,1362.0819091796875,773237,,
2025-09-02,1366.9475057947413,1380.6507911790243,1341.527032602659,1354.932373046875,559228,,
2025-09-03,1364.4651751590275,1365.2596142710272,1347.0878802099455,1356.8192138671875,600553,,
2025-09-04,1359.301631605812,1370.8202709946172,1315.1136547428923,1322.4617919921875,1350218,,
2025-09-05,1333.384673607553,1355.925458447882,1320.1778813668686,1337.55517578125,967418,,
2025-09-08,1337.555126295753,1343.4137810101552,1315.8086601331463,1327.625244140625,515700,,
2025-09-09,1337.8530720665349,1367.5433227570686,1331.398648661744,1340.03759765625,1229455,,
2025-09-10,1349.1730520296057,1389.0912513797985,1344.3075067014688,1376.0831298828125,1177741,,
2025-09-11,1372.806168114281,1373.3026622076316,1345.598267555795,1362.280517578125,681007,,
2025-09-12,1365.4581443525017,1370.820305247561,1345.6976535580657,1351.059814453125,593993,,
2025-09-15,1350.4640911037905,1365.160366463324,1336.8601998482811,1353.2445068359375,849889,,
2025-09-16,1361.3869159474066,1361.3869159474066,1333.5832444327987,1342.9173583984375,2612615,,
2025-09-17,1352.9464122425425,1392.070171268799,1350.7618867048566,1365.3587646484375,2281760,,
2025-09-18,1370.3238177612297,1381.5446337402477,1362.1813624023173,1375.0902099609375,1051506,,
2025-09-19,1378.2677568575068,1378.2677568575068,1361.5855049746276,1366.451171875,1100226,,
2025-09-22,1360.3937902140196,1416.0011276242276,1355.6273985216799,1407.75927734375,2045289,,
2025-09-23,1412.8237273761204,1423.5479277231257,1379.2606761166141,1384.1263427734375,1526034,,
2025-09-24,1381.2465318832346,1395.7441347902484,1365.3587213080143,1375.5865478515625,1082692,,
2025-09-25,1375.586712335323,1375.6859869204138,1342.2222091663484,1349.0738525390625,1099888,,
2025-09-26,1349.0737948367082,1356.1239870780541,1300.8145907509615,1306.9710693359375,1236310,,
2025-09-29,1308.6592256703889,1322.759610191897,1290.0902728547298,1306.573974609375,1577060,,
2025-09-30,1302.8999234159692,1307.3683707633245,1290.6862400618334,1300.11962890625,1322833,,
2025-10-01,1300.1195075298667,1330.6041969900814,1294.0621824974373,1329.2139892578125,1081395,,
2025-10-03,1331.5973118358784,1333.2853434620683,1310.7445575118265,1324.547119140625,785507,,
2025-10-06,1324.6463031556311,1384.126322570189,1318.6883737561307,1370.2244873046875,891973,,
2025-10-07,1370.2245514211243,1380.3529833884577,1359.4009549293567,1373.8985595703125,397410,,
2025-10-08,1373.8984628886367,1378.267635254799,1354.2373690624777,1357.911376953125,548172,,
2025-10-09,1380.2535798830302,1383.2325444439286,1323.2560337082941,1337.05859375,2141013,,
2025-10-10,1343.0165590657423,1343.8109981224763,1321.6673124706122,1323.7525634765625,462385,,
2025-10-13,1320.773596110854,1327.7245135926044,1308.0634197299964,1324.1497802734375,529298,,
2025-10-14,1336.0657218395902,1336.0657218395902,1310.7445208682714,1313.0284423828125,825533,,
2025-10-15,1318.5891525686945,1333.3847020861072,1317.0003955740385,1325.4407958984375,584131,,
2025-10-16,1330.3063325010762,1353.3437330186875,1323.9513045652823,1339.044677734375,595870,,
2025-10-17,1335.7677324151825,1337.5551597335425,1313.7234419654615,1318.986328125,904220,,
2025-10-20,1326.4337398733885,1329.6112537565823,1299.0271674697062,1302.3040771484375,692834,,
2025-10-21,1314.7164205610527,1316.7023970271568,1302.8005617644267,1307.7655029296875,52958,,
2025-10-23,1315.7094392250349,1381.7431582502913,1313.127694002263,1370.125244140625,2925254,,
2025-10-24,1370.323807927358,1409.9440640081355,1364.1673291601064,1368.1392822265625,2376373,,
2025-10-27,1374.8914713550962,1381.4451693937065,1350.265436116927,1355.1309814453125,487437,,
2025-10-28,1366.0538821837324,1383.4311764969664,1357.7128778848885,1375.9837646484375,1412055,,
2025-10-29,1380.2536990398617,1398.3260371170743,1373.3027811310278,1379.3599853515625,1035864,,
2025-10-30,1379.4592353889782,1379.5586311859895,1363.7700936882834,1374.39501953125,765573,,
2025-10-31,1374.3950012614303,1384.225609098334,1365.358832503737,1368.6357421875,507529,,
2025-11-03,1365.3589388896935,1365.3589388896935,1329.7106339878037,1350.06689453125,941920,,
2025-11-04,1356.620407461062,1356.620407461062,1317.1988250720594,1329.313232421875,606779,,
2025-11-06,1315.8086734597764,1340.6333790990234,1308.0634380289612,1317.496826171875,855886,,
2025-11-07,1311.7374928514832,1348.7760034745284,1292.9699904746972,1335.9664306640625,1077290,,
2025-11-10,1330.6042307583537,1343.5130777731736,1321.4687875105424,1332.9874267578125,689807,,
2025-11-11,1339.541073519645,1340.2361167695965,1317.6953332546839,1331.59716796875,565605,,
2025-11-12,1338.1509139398277,1372.8062273950645,1331.8951608221005,1366.7490234375,1917141,,
2025-11-13,1372.806288156598,1374.2957705668944,1322.2631607909925,1337.8531494140625,1870419,,
2025-11-14,1335.5693424860397,1345.3999514803038,1302.3042324687294,1314.2200927734375,1323927,,
2025-11-17,1319.6813728319964,1328.5189924234098,1311.737466900728,1322.85888671875,803936,,
2025-11-18,1322.858848646908,1324.2490563877468,1301.9068215990628,1315.610107421875,561417,,
2025-11-19,1315.6100514653983,1354.435864692823,1308.7584088454112,1352.6484375,862715,,
2025-11-20,1364.3659693651261,1364.3659693651261,1347.2866185254989,1355.8262939453125,729780,,
2025-11-21,1356.8209787536277,1356.8209787536277,1325.984138327409,1333.34521484375,792639,,
2025-11-24,1333.8425086878935,1358.4124574057025,1325.7851654414583,1339.214111328125,1774967,,
2025-11-25,1344.7846659248858,1344.7846659248858,1318.2251212642313,1324.9893798828125,608562,,
2025-11-26,1322.9998585931676,1347.0724390280188,1318.3246445061109,1334.4393310546875,590377,,
2025-11-27,1339.910439089476,1340.9051758668254,1308.675679995143,1332.3504638671875,977874,,
2025-11-28,1332.3503811086086,1332.3503811086086,1313.1519139271434,1323.19873046875,655737,,
2025-12-01,1319.418777508677,1361.7945364614309,1319.418777508677,1357.9150390625,939714,,
2025-12-02,1367.763079531372,1395.4168107286655,1347.0725058298742,1379.302001953125,2136679,,
2025-12-03,1366.7683069577422,1382.485196322128,1354.3340974694077,1369.951416015625,628631,,
2025-12-04,1364.1819212978048,1393.6261030437145,1364.0824719143434,1388.851318359375,1390101,,
2025-12-05,1389.5477833059083,1391.437807406878,1374.9250802984513,1381.390869140625,437945,,
2025-12-08,1379.401305065089,1383.678721358604,1354.4334386920607,1364.878173828125,668131,,
2025-12-09,1344.4862031716057,1372.5378531326924,1337.224697558018,1369.0562744140625,836641,,
2025-12-10,1358.313019387434,1371.7419653865043,1330.4603906486218,1335.7325439453125,550667,,
2025-12-11,1332.947254358369,1349.7583298369616,1319.020939760595,1336.4288330078125,986073,,
2025-12-12,1336.6276819913196,1372.637224109277,1336.4287832184634,1370.44873046875,594311,,
2025-12-15,1355.4282083835399,1364.4802881030314,1338.2193362635876,1354.4334716796875,932411,,
2025-12-16,1345.3814144350022,1358.014522213836,1334.9366788700725,1339.8109130859375,673471,,
2025-12-17,1332.9471908593398,1358.8103453088493,1327.973507311357,1331.1566162109375,336409,,
2025-12-18,1331.1566130340639,1340.805631950815,1318.424056038308,1326.6802978515625,429181,,
2025-12-19,1326.8794557846225,1338.0204594908632,1315.638881255067,1333.7431640625,1059063,,
2025-12-22,1338.1199032575403,1352.2452387636358,1332.947320435937,1338.517822265625,388453,,
2025-12-23,1341.7009711155667,1362.09307440157,1326.5808997248596,1358.4124755859375,484906,,
2025-12-24,1358.4125662110616,1381.6894318979325,1354.8315379733508,1359.6063232421875,560418,,
2025-12-26,1357.3183658523462,1366.7683654680277,1352.3446818440927,1358.611572265625,371678,,
2025-12-29,1358.6114945552638,1370.249865897748,1342.8946054170306,1352.3446044921875,327396,,
2025-12-30,1351.9466412198342,1351.9466412198342,1322.9998271813554,1327.9735107421875,443272,,
2025-12-31,1329.46569353669,1340.2088992273098,1324.2931109021417,1326.5809326171875,808514,,
2026-01-01,1333.5440597014301,1340.9051359200878,1322.1045871027054,1333.842529296875,249766,,
2026-01-02,1337.9208681424589,1366.2708642332097,1328.371420060612,1360.5013427734375,323120,,
2026-01-05,1362.7893649053656,1363.6846522773653,1326.680371848056,1336.13037109375,664124,,
2026-01-06,1339.9104122920542,1349.8577798666054,1318.8220416051363,1328.7694091796875,701865,,
2026-01-07,1333.0467703181607,1381.3909548362215,1331.9525841164022,1352.2452392578125,2475123,,
2026-01-08,1358.8104088533926,1360.799882365623,1325.9840959015903,1330.3609619140625,1070292,,
2026-01-09,1330.3609259323814,1336.6276944697167,1307.0840621832788,1313.3509521484375,420573,,
2026-01-12,1314.1466607231062,1320.6124494238527,1291.0688173161857,1305.9898681640625,562354,,
2026-01-13,1311.659912768151,1327.9736204813532,1298.8277838352367,1325.3873291015625,680921,,
2026-01-14,1314.0473190245518,1325.3873428838351,1295.2467691299285,1298.9273681640625,1122841,,
2026-01-15,1298.9273681640625,1298.9273681640625,1298.9273681640625,1298.9273681640625,0,,
2026-01-16,1300.0215065760938,1325.387294163827,1297.1367456629036,1322.1046142578125,768381,,
2026-01-19,1313.549846087074,1317.9267119650528,1298.529345816853,1310.4661865234375,590870,,
2026-01-20,1304.1993092868688,1317.2303362329408,1292.461488667738,1297.7335205078125,965514,,
2026-01-21,1283.210412526947,1335.1356225092325,1262.2214913052885,1325.8846435546875,2016669,,
2026-01-22,1352.841889387552,1380.6945165220018,1288.8802720755282,1312.5550537109375,1290603,,
2026-01-23,1318.2251314682658,1323.6961837548768,1289.7756838634555,1294.0531005859375,458295,,
2026-01-27,1294.0530697823829,1306.9846476065497,1253.7662311763247,1272.268310546875,1843448,,
2026-01-28,1273.262943429863,1298.3302590575117,1258.3418933115443,1293.0582275390625,1272598,,
2026-01-29,1293.0582899362716,1294.9483139946926,1254.3630071432738,1261.6246337890625,1625728,,
2026-01-30,1249.090865231736,1252.1746462417887,1235.6619193558588,1242.8240966796875,2685297,,
2026-02-02,1243.420950078542,1251.1799453781632,1204.6262164360917,1230.787841796875,2434794,,
2026-02-03,1258.3419713999992,1298.7282586075885,1240.1382405548616,1244.1171875,2093182,,
2026-02-04,1224.620446104368,1224.620446104368,1155.8841577395044,1181.747314453125,4194622,,
2026-02-05,1181.7472453567218,1183.7367188337532,1145.5388037891832,1159.863037109375,1433736,,
2026-02-06,1159.8630432460855,1163.7425408323877,1112.7124973054051,1124.450439453125,4100917,,
2026-02-09,1133.8010091451072,1178.1662444152525,1125.0472770741947,1171.1036376953125,1385586,,
2026-02-10,1174.9830114676724,1198.4588961284878,1164.4388261050738,1188.01416015625,1984470,,
2026-02-11,1198.1604972555276,1198.1604972555276,1160.8578665813206,1165.5330810546875,1456481,,
2026-02-12,1154.889347775151,1155.3867161419794,1122.7593027069179,1143.2509765625,1776803,,
2026-02-13,1132.8061726476697,1173.689825653594,1098.3881865933613,1135.093994140625,3638049,,
2026-02-16,1116.0946010246878,1145.8372532698227,1110.7229984454216,1119.2777099609375,1106994,,
2026-02-17,1118.2829763393415,1136.9840753181531,1109.6288154132983,1123.7540283203125,999467,,
2026-02-18,1129.02625454969,1129.02625454969,1090.5299894194363,1113.408935546875,2108227,,
2026-02-19,1113.4088612354774,1122.5603905045273,1084.2630267168229,1088.639892578125,1363289,,
2026-02-20,1091.0324626490255,1095.418947814503,1061.7229046054852,1071.4927978515625,1770081,,
2026-02-23,1067.4053702308895,1081.561749354465,1051.1555989138958,1066.408447265625,2983262,,
2026-02-24,1060.7260702198691,1060.7260702198691,1003.0042042777987,1014.7679443359375,3314462,,
2026-02-25,1015.2663736758258,1045.871860077132,1015.2663736758258,1039.989990234375,2557686,,
2026-02-26,1040.7875307556792,1056.4391719560244,1034.0084062069798,1047.7659912109375,1180849,,
2026-02-27,1052.7506760046822,1062.6202379311662,1016.8614484136135,1026.431884765625,2485232,,
2026-03-02,990.9414588190881,1022.5438691397638,989.1470095943184,995.4276123046875,2665892,,
2026-03-04,985.7574166978936,1004.8983498162443,981.9691215962308,996.6239013671875,1770489,,
2026-03-05,1004.8983776358721,1018.0577733220025,993.1346984798429,1012.1759033203125,2499934,,
2026-03-06,1007.2909818068814,1018.4564702664145,974.9906536061434,977.0841674804688,1548231,,
2026-03-09,963.027618392966,983.9630014015088,945.4817979247468,976.2866821289062,1324838,,
2026-03-10,984.361787706271,984.9599171631788,962.6288177792435,973.594970703125,817884,,
2026-03-11,973.594951150005,975.8879226659192,948.4725409068101,953.5568237304688,770663,,
2026-03-12,944.0860280092203,954.1549254051208,935.0140535573632,952.460205078125,2942812,,
2026-03-13,945.9802519480297,967.1149707117265,944.3851386515757,949.469482421875,889051,,
2026-03-16,947.0768330825981,952.3605127187468,929.3316161690468,946.6780395507812,2203285,,
2026-03-17,946.6780147030286,970.404829734318,927.6368105818779,960.136474609375,2216153,,
2026-03-18,957.0460481991838,1002.9045046753947,955.7500605117173,991.8386840820312,1721809,,
2026-03-19,975.0903255410465,981.6700536037016,962.6287885064899,967.6134033203125,1356584,,
2026-03-20,971.5014363103269,1000.4122025011935,968.111873866251,975.1900634765625,1956522,,
2026-03-23,967.0152556579001,976.7850883394073,951.3635532679882,971.7008056640625,1489512,,
2026-03-24,981.9691159273567,993.8325234942511,959.0398878397128,984.3617553710938,1408155,,
2026-03-25,992.9352922152899,1026.9303416359296,986.9537543103785,994.9291381835938,1878359,,
2026-03-27,985.9567868764937,1009.3844759478765,979.975249241247,988.3494262695312,10369509,7784477.0,75.07
2026-03-30,971.1026214470648,1006.2940502668649,948.3727903520637,964.7223510742188,2967583,1370919.0,46.2
2026-04-01,981.8694850786994,994.4306905146814,962.2799238288684,982.2183837890625,2137122,1247184.0,58.36
2026-04-02,973.8442084068205,995.8264092391202,957.0460801923841,990.7420654296875,1647880,870724.0,52.84
2026-04-06,995.6767978193083,1001.8577322881318,977.0343264566261,991.240478515625,1355458,721280.0,53.21
2026-04-07,983.0657128091775,1006.0448358621344,975.1900578831785,1002.6552734375,1573502,1006909.0,63.99
2026-04-08,1036.799925483559,1036.799925483559,1015.017182157292,1029.5223388671875,1747493,1048009.0,59.97
2026-04-09,1026.8306625176076,1026.8306625176076,982.6669869690871,999.3156127929688,3794166,1617747.0,42.64
2026-04-10,1001.8079350160946,1001.8079350160946,963.8251326635212,987.8510131835938,3704112,1839641.0,49.66
2026-04-13,976.3864019232158,1000.8608491877808,965.7691477279631,991.5894775390625,1105874,506605.0,45.81
2026-04-15,999.9137494113481,1027.777698037603,999.9137494113481,1024.88671875,1440167,738594.0,51.29
2026-04-16,1029.8713714449923,1053.1992726882806,1028.375986919412,1044.4761962890625,1321938,752339.0,56.91
2026-04-17,1047.6663825703483,1054.246049890298,1036.9494605501868,1051.30517578125,1032427,560301.0,54.27
2026-04-20,1051.3051169904984,1077.3745540677962,1044.9745590745192,1064.614013671875,1203100,700582.0,58.23
2026-04-21,1067.7044541337516,1077.5740154436744,1061.9721473071697,1074.3837890625,619652,344279.0,55.56
2026-04-22,1062.719940285617,1074.2842229891837,1040.8873017888384,1049.4608154296875,2100144,1256761.0,59.84
2026-04-23,1038.4946112120192,1041.7346108708866,1011.1789582887468,1014.9174194335938,2088219,1167851.0,55.93
2026-04-24,1011.8768352142514,1013.1728229322478,976.3365062690175,981.9193115234375,2114591,1182818.0,55.94
2026-04-27,988.1500862300111,1020.3506868452015,987.9008554809038,997.8202514648438,1333360,610919.0,45.82
2026-04-28,997.5210971915009,1011.6275815241,988.3992885449998,1001.5087890625,1477347,924093.0,62.55
2026-04-29,1008.6866553129273,1017.9081928442697,983.2651194157133,988.5986938476562,2058896,1253688.0,60.89
2026-04-30,988.5987072349296,991.9383749120249,965.2706849332343,969.8565063476562,1347139,837295.0,62.15
2026-05-01,969.8565063476562,969.8565063476562,969.8565063476562,969.8565063476562,0,0.0,0.0
2026-05-04,973.1463749441416,988.1998873507212,964.6725297562665,973.6448364257812,724113,327385.0,45.21
2026-05-05,973.9937190047689,985.5580008484861,956.0491059627158,960.98388671875,987377,559751.0,56.69
2026-05-06,967.0651365519448,985.9568394262969,959.2891493811469,978.3802490234375,1896598,1225826.0,64.63
2026-05-07,985.0097309868033,992.9352807890776,965.719295804389,978.8287963867188,1114882,489746.0,43.93
2026-05-08,978.8287688805468,985.7573955154392,970.3050898731292,975.3395385742188,1597738,929358.0,58.17
2026-05-11,975.3395630267069,977.9315992562292,954.005447984419,958.2423706054688,1864026,1155242.0,61.98
2026-05-12,955.3512982078961,955.3512982078961,925.7426729546236,928.03564453125,1803634,1051483.0,58.3
2026-05-13,928.0355977549885,938.0048272470506,917.3685100290127,924.9949340820312,2370054,1390632.0,58.68
2026-05-14,923.2004911989029,948.8712573149178,918.6645039187466,934.864501953125,1119252,537793.0,48.05
2026-05-15,935.1137635892171,951.9617864405856,922.7020602079285,925.2442016601562,1577568,1070934.0,67.89
2026-05-18,919.6614336851175,931.2257157209718,911.9851146978965,923.100830078125,3644001,2659041.0,72.97
2026-05-19,923.1506755411317,956.4977612493175,923.1506755411317,930.7771606445312,1411851,845638.0,59.9
2026-05-20,923.150649081114,951.0644916019253,915.7733949331033,939.3506469726562,1512310,1001465.0,66.22
2026-05-21,938.1045161732457,948.3728106101354,918.6645182291667,923.39990234375,2267419,1413264.0,62.33
2026-05-22,929.1322311923657,981.9691499189702,917.2688232148104,957.9931640625,9364081,2517715.0,26.89
2026-05-25,961.4823451744205,966.3672310899057,905.5050975494345,935.6121826171875,9279351,4790931.0,51.63
2026-05-26,935.6122113627457,983.9629756153755,934.2164948598124,977.682373046875,4782697,2165580.0,45.28
2026-05-27,984.0127993896108,1011.1789501570339,976.236812440332,1002.5556030273438,2690729,1350279.0,50.18
2026-05-28,1002.5556030273438,1002.5556030273438,1002.5556030273438,1002.5556030273438,0,0.0,0.0
2026-05-29,1024.7371445223764,1044.5759359511599,979.4768173754514,991.9383544921875,8551128,5558418.0,65.0
2026-06-01,1001.9075992584962,1014.9672660143684,993.7826525972112,1000.9605102539062,1885527,1066895.0,56.58
2026-06-02,991.9383288938576,1017.4595319113836,977.4829462114848,1012.5746459960938,2238097,1236060.0,55.23
2026-06-03,1006.9918715778716,1016.8614333582294,986.3556146964223,1002.954345703125,2369632,1260229.0,53.18
2026-06-04,991.938368556884,1019.2041878159649,989.2964983117373,1005.7457275390625,934260,454864.0,48.69
2026-06-05,1015.7648244888644,1016.7617474451407,982.3180106279157,985.4085083007812,1456438,771537.0,52.97
2026-06-08,974.2429562486299,1005.0478998488459,969.2583414814329,996.1254272460938,1328261,595145.0,44.81
2026-06-09,1008.7364736573854,1008.7364736573854,969.4079115273828,979.5764770507812,915803,428633.0,46.8
2026-06-10,979.5764646989269,983.9131160326101,962.0306451471002,968.2614135742188,1186017,742294.0,62.59
2026-06-11,957.5445169397891,967.9125402127985,946.1297367130984,960.8343505859375,878016,455050.0,51.83
2026-06-12,967.0152534525324,980.8725066811521,959.0398699189034,969.20849609375,1035001,626052.0,60.49
2026-06-15,986.8540903848866,998.3187047494976,974.0934274577002,979.427001953125,1077227,598567.0,55.57
2026-06-16,984.9598694392791,1000.8608025779355,982.3179992966822,994.5802001953125,1165372,661569.0,56.77
2026-06-17,1012.8737142664075,1023.8398666846463,1000.1629466907218,1013.9204711914062,1499058,798680.0,53.28
2026-06-18,1025.8337283017684,1025.8337283017684,991.0410925753343,1003.7020263671875,1289480,590051.0,45.76
2026-06-19,984.8103339084369,985.4583581794117,952.061438605299,981.221435546875,2539070,1436520.0,56.58
2026-06-22,981.9691353229805,996.5241864923812,978.3802369338365,981.5205078125,1305758,870546.0,66.67
2026-06-23,1006.8921912526652,1021.6466997627614,989.944500904848,1008.4872436523438,4328910,1203731.0,27.81
2026-06-24,1012.0263844942368,1020.3506670136891,992.3371556974412,1006.6928100585938,2053511,792147.0,38.58
2026-06-25,1016.3629552601724,1016.7617487821467,973.2958713229348,975.8380126953125,4379956,3108951.0,70.98
2026-06-25,1016.3629552601724,1016.7617487821467,973.2958713229348,975.8380126953125,4379956,0.0,0.0
2026-06-26,975.8380126953125,975.8380126953125,975.8380126953125,975.8380126953125,0,,
2026-06-29,985.707561716607,994.4306374840105,980.423882278392,983.7635498046875,1396899,841492.0,60.24
2026-06-30,990.4429676079311,992.8854410462881,967.0152778859518,974.9906616210938,1437793,808489.0,56.23
2026-07-01,971.9998890549107,995.4275786885419,971.6010955307178,990.4927978515625,1002221,0.0,0.0
2026-07-02,993.8823901428781,1040.7876047988746,993.8823901428781,1022.9925537109375,2206568,890323.0,40.35
2026-07-03,1034.8060984540434,1051.853457817958,1024.0891759507863,1031.4664306640625,2016558,1045111.0,51.83
2026-07-06,1031.466373669241,1032.064503111385,1009.6835702997024,1021.99560546875,1226901,667748.0,54.43
2026-07-07,1028.8245364865438,1163.5587043392015,1025.8337674851293,1155.88232421875,16707549,4283329.0,25.64
2026-07-08,1168.3937315289706,1214.0528526505593,1168.3937315289706,1175.3721923828125,10975945,,
2026-07-09,1169.4405467503602,1214.00295514067,1164.7549357420307,1198.15185546875,4748967,,
2026-07-10,1211.2613500902005,1225.3179389498396,1197.4040971370614,1200.3450927734375,2000844,,
2026-07-13,1187.3352370104094,1203.036773519993,1176.668210091301,1187.3851318359375,1659497,878976.0,52.97
2026-07-14,1187.0360937438977,1196.1579629666523,1172.1321444968528,1184.2945556640625,712150,,
2026-07-15,1183.8460605753687,1202.1894680844873,1171.3845230956279,1182.30078125,1057048,548467.0,51.89
2026-07-16,1188.0829356271765,1207.0743666618396,1180.5561186136692,1203.2860107421875,1096469,,
2026-07-17,1209.5666939276198,1216.7444906678545,1178.412850967054,1183.5968017578125,1669004,,
2026-07-20,1181.3537408121983,1201.9402248538995,1177.9144051813848,1187.833740234375,3300086,2289898.0,69.39
2026-07-21,1190.3259692900717,1219.7351954994997,1190.276074466077,1203.9837646484375,4113918,2396922.0,58.26
2026-07-22,1205.2798361981313,1205.2798361981313,1180.1574267517803,1185.6405029296875,1736169,,
2026-07-23,1184.3444838030807,1184.3444838030807,1152.1438233180975,1166.3499755859375,857055,408617.0,47.68
2026-07-24,1150.0,1177.5,1140.0,1165.5,1248750,,
2026-07-27,1171.449951171875,1203.0,1171.449951171875,1194.300048828125,2342436,1287287.0,54.96
2026-07-28,1200.0,1252.550048828125,1198.0,1236.1500244140625,3902008,1725323.0,44.22
2026-07-29,1249.9000244140625,1268.9000244140625,1237.1500244140625,1247.8499755859375,1977359,1108217.0,56.05
2026-07-30,1248.9000244140625,1265.449951171875,1236.0,1244.050048828125,1007603,611100.0,60.65
2026-07-31,1236.0,1236.0,1204.0999755859375,1226.25,1990511,1205537.0,60.56
2026-08-03,1231.800048828125,1268.800048828125,1231.800048828125,1268.800048828125,937278,510392.0,54.45
2026-08-04,1274.5,1276.800048828125,1251.699951171875,1260.0,1053721,609407.0,57.83
2026-08-05,1265.9000244140625,1277.9000244140625,1230.5,1242.0,1282107,,
2026-08-06,1245.0,1257.0,1229.5,1240.0,1210220,742067.0,61.32
2026-08-07,1236.9000244140625,1244.0,1222.5999755859375,1225.300048828125,747939,380763.0,50.91
2026-08-11,1297.0,1391.0,1291.0999755859375,1360.0,9947903,3787096,38.07
2026-08-12,1360.0999755859375,1364.0,1329.5999755859375,1339.0,1787052,977350,54.68
2026-08-13,1339.0,1369.4000244140625,1336.5,1357.300048828125,1173616,577678,49.21
2026-08-14,1365.0,1367.0999755859375,1337.0,1343.0,1048660,675988,64.46
2026-08-19,1355.0,1378.4000244140625,1351.5,1378.4000244140625,825720,313375,37.92
2026-08-26,1349.199951171875,1350.9000244140625,1322.0,1323.5,805857,530570,65.84
2026-08-27,1319.5999755859375,1345.5999755859375,1318.0,1330.0,982471,538802,54.82
