date,open,high,low,close,volume,delivery_qty,delivery_pct
2022-01-03,319.9746486682902,333.5452157705071,317.4897502433571,328.8817443847656,561384,,
2022-01-04,330.33410376854334,338.2426911751696,328.37113326432103,333.80615234375,407392,,
2022-01-05,335.4854648623039,349.4304756702535,334.3621607074241,343.5982971191406,315716,,
2022-01-06,343.57561279296874,349.4758544921875,336.99457397460935,340.3985595703125,133336,,
2022-01-07,340.6255271866033,346.9115434897099,339.8539514980707,344.9599304199219,112232,,
2022-01-10,346.69588321199353,353.04998874623396,344.937157573052,348.86309814453125,182644,,
2022-01-11,349.47588198376235,361.9571634831824,348.6135278176647,357.2596740722656,276956,,
2022-01-12,362.6379401553027,367.16523001710976,351.9153852915117,357.2369384765625,215572,,
2022-01-13,362.4109941973888,364.21509545475885,352.1990375669051,359.9601135253906,239436,,
2022-01-14,363.0918171703087,373.3037745282236,355.5916907412016,371.2613830566406,317052,,
2022-01-17,374.4837893800281,378.1714404268628,364.975345149862,370.7507629394531,129644,,
2022-01-18,366.26886833832623,372.54355430590107,345.1755142938248,349.566650390625,1181612,,
2022-01-19,349.4758753798606,365.3611424425816,348.11428106019883,362.05926513671875,202984,,
2022-01-20,358.5531585800964,373.30376320522697,356.0569024127666,370.0699768066406,181700,,
2022-01-21,369.8997594869254,374.5518730264849,359.7445360286187,369.604736328125,213040,,
2022-01-24,369.60472697286906,370.0132163052217,342.99690752375085,346.32147216796875,339476,,
2022-01-25,340.7502994599133,354.89952669933007,331.09431636995026,343.6209716796875,413396,,
2022-01-27,345.34568542067154,349.4304680058469,337.5051611001114,345.65203857421875,327052,,
2022-01-28,347.3880809802107,359.0070071734089,342.520365052064,345.6974182128906,92724,,
2022-01-31,347.4334928714808,365.11153178523085,346.151319313684,363.3641357421875,214828,,
2022-02-01,365.1909684135452,368.9126653517321,361.2763844737387,364.2718811035156,126524,,
2022-02-02,361.07212615530284,371.48832856877004,353.8897103527733,368.2658996582031,126136,,
2022-02-03,380.12311938847364,382.83495042849006,368.96938663203224,371.8968200683594,522684,,
2022-02-04,375.11921568995683,381.4506344896748,370.80750056708376,376.1404113769531,463896,,
2022-02-07,382.6079781877214,386.8970055476046,376.9346689026128,381.3825378417969,238668,,
2022-02-08,383.5156920296805,384.0262898445129,371.68116380333504,381.2463684082031,299548,,
2022-02-09,383.1526409491412,384.65038913641064,375.9021346921829,383.1639709472656,135620,,
2022-02-10,384.65042638906954,384.65042638906954,372.1691441168578,379.7940673828125,165296,,
2022-02-11,366.121364822731,379.7032627851817,360.82249907167403,365.2476806640625,124836,,
2022-02-14,363.09181173759964,369.7976747163112,341.5218777158801,350.0658874511719,554816,,
2022-02-15,361.7302155836016,366.24617550920874,343.2806019138682,357.724853515625,266116,,
2022-02-16,355.43281628929276,377.84238730833033,354.0144890096068,368.0162048339844,177088,,
2022-02-17,376.4807612520177,376.4807612520177,356.28378249889556,359.8125915527344,335036,,
2022-02-18,359.05238199844985,368.2318129160542,354.0144945035051,363.87469482421875,210624,,
2022-02-21,356.6015305400325,356.6015305400325,337.2215006679022,343.439453125,588016,,
2022-02-22,343.4394773714678,344.9372255737492,329.33562408809445,340.3645324707031,331676,,
2022-02-23,341.0793891135913,345.81092400107286,337.3803800006049,340.2851257324219,254396,,
2022-02-24,329.05197418094286,341.74883065572413,329.04061648046013,334.827392578125,323764,,
2022-02-25,335.4061047533161,347.3200563768269,334.85013142490305,342.4410095214844,151532,,
2022-02-28,338.1292076616364,351.472841165475,332.0247217950555,347.5582580566406,203652,,
2022-03-02,342.3502319824318,342.56583439534904,336.31383534982825,338.639892578125,99108,,
2022-03-03,340.3418042842532,342.7472817413541,329.5057841778534,332.28570556640625,193372,,
2022-03-04,330.41353547968976,342.6678836362167,329.72138066053697,340.06951904296875,237100,,
2022-03-07,323.75309909263916,340.86380680509245,323.75309909263916,335.89398193359375,221572,,
2022-03-08,337.5846854510797,340.6255856265965,323.1291003929148,334.9976501464844,199968,,
2022-03-09,336.6768511922719,340.62547988383113,331.42336140189053,336.5633850097656,78272,,
2022-03-10,340.40993612145877,344.71029374816743,336.35917087687716,341.9076843261719,143192,,
2022-03-11,343.348675805516,353.7194740336984,333.5905838956434,339.58160400390625,333588,,
2022-03-14,340.3985793699193,342.2140384598922,323.14036031518145,330.0617980957031,225492,,
2022-03-15,334.4983475039346,342.0892249741378,331.18514010427793,340.7276306152344,150652,,
2022-03-16,342.4409944695769,345.5726726965032,338.7192975380481,340.7049560546875,305972,,
2022-03-17,342.41827362851313,360.01686307166693,338.9802425321139,352.6642761230469,736440,,
2022-03-21,356.0569256806784,364.06765025819277,348.82913448237787,359.17724609375,1126424,,
2022-03-22,360.822490266681,361.9798398837987,352.22174737973126,360.1416931152344,143236,,
2022-03-23,361.94573872968994,366.7226757538227,356.2837877063748,363.60235595703125,274320,,
2022-03-24,367.63046440977934,376.25389505642846,363.0918167010166,368.61761474609375,366284,,
2022-03-25,370.46703919319685,384.6503102189701,369.5706675450485,377.9104309082031,222688,,
2022-03-28,384.87732190098257,385.35387436535353,369.89978461002454,375.2894287109375,256376,,
2022-03-29,370.1380533638076,383.16394924729263,370.1380533638076,377.4225769042969,217124,,
2022-03-30,379.3174364945787,382.6079556864252,372.9519727703597,378.6706848144531,163232,,
2022-03-31,381.70025609237933,407.343614557563,374.1774422943316,378.7274475097656,2501868,,
2022-04-01,394.8623187952547,397.13164246649177,381.24637676783215,385.3084716796875,3422656,,
2022-04-04,382.60801920589273,389.0982801835158,376.7077769168339,384.5028991699219,182712,,
2022-04-05,385.5581351406099,392.67246011036724,378.99978345220256,381.54144287109375,809724,,
2022-04-06,379.1019546856481,397.1317238685982,376.16316330799407,395.736083984375,281436,,
2022-04-07,394.5219579393585,403.4857872971984,386.2162380493977,399.50311279296875,445680,,
2022-04-08,402.80494239631105,414.1515604919818,382.10872207048936,410.8269958496094,354864,,
2022-04-11,414.1515896380074,419.359676629759,408.69385486921857,413.9132995605469,286712,,
2022-04-12,415.2862505496566,415.9670476817052,398.3911461366659,403.1226806640625,264980,,
2022-04-13,409.1476878347366,412.82400869183317,399.85481876311985,406.42449951171875,126652,,
2022-04-18,399.85483585799443,409.8285024367668,393.9545942392045,400.9441223144531,107496,,
2022-04-19,400.558356616107,433.05509153116793,400.11584953566324,421.31134033203125,557804,,
2022-04-20,424.36351673651257,425.49817854596847,407.3662772905221,409.72637939453125,178496,,
2022-04-21,411.9390284805005,414.12893162438814,401.4434052510703,403.9510192871094,99124,,
2022-04-22,401.73843484258424,410.9291969520329,396.67783129175984,400.4108581542969,104168,,
2022-04-25,394.8623136350109,398.7201638256978,380.8832855432158,396.9954833984375,220344,,
2022-04-26,398.98119369394317,398.98119369394317,387.1466638171056,390.3464050292969,348568,,
2022-04-27,392.36606426572047,392.36606426572047,380.7925134979057,383.32281494140625,102516,,
2022-04-28,383.51571982231513,396.22393302352793,376.7644815591708,387.08990478515625,108296,,
2022-04-29,383.51573683225433,399.37831633979977,383.51573683225433,390.5846862792969,153352,,
2022-05-02,378.86361320677696,403.71270913139034,378.86361320677696,401.72705078125,280812,,
2022-05-04,403.74673198992696,415.5131698446965,378.9770582417494,392.071044921875,280564,,
2022-05-05,392.0710143954458,404.8473169238934,383.277385734683,398.5726318359375,160088,,
2022-05-06,384.6503805782956,396.9047289860997,381.2463949094611,384.173828125,85196,,
2022-05-09,381.24643258289217,388.71251409464895,368.99208296415634,380.7471923828125,152236,,
2022-05-10,381.2464518358249,388.0544241900361,376.7304913005228,380.65643310546875,163056,,
2022-05-11,394.8623364883023,394.8623364883023,353.2542906521319,358.8935546875,445856,,
2022-05-12,349.82767623921995,355.41020812088806,338.934920293834,343.9728088378906,176236,,
2022-05-13,340.62545294048397,350.2700776906309,324.513256299062,330.60638427734375,269928,,
2022-05-16,348.3298589932059,359.92612621843443,337.0059549571798,340.5234069824219,151740,,
2022-05-17,342.23677352756295,361.00410108878975,337.1988849362711,352.33526611328125,42472,,
2022-05-18,353.9691921678952,368.76517455232573,348.1824155826125,363.79534912109375,80616,,
2022-05-19,358.68929607116996,368.76509877179893,342.89480876565426,363.545654296875,175488,,
2022-05-20,365.3725352180462,367.16527908300355,351.74523301320545,356.6583251953125,86148,,
2022-05-23,356.28383355853924,362.41100776623387,352.52809162091796,359.6083984375,32420,,
2022-05-24,359.7105215129584,361.08347353659286,334.7252712154547,340.9659118652344,199184,,
2022-05-25,339.42276044592586,344.47200606100046,329.2788938190208,332.6488342285156,109156,,
2022-05-26,338.3561738012757,341.9644041326567,326.57837790527634,330.91278076171875,110336,,
2022-05-27,335.85994542519825,347.76253849150925,330.91280812135994,341.77154541015625,152692,,
2022-05-30,345.0393717614087,348.2504709037867,340.9886337825746,344.4833984375,31804,,
2022-05-31,344.4833260325458,358.55313249764316,340.3985435104207,355.46685791015625,85344,,
2022-06-01,351.3637153207461,365.4545656864422,351.2372770663978,362.9720153808594,153368,,
2022-06-02,364.6615700651208,365.73045885582764,352.61651529947915,353.4210510253906,56380,,
2022-06-03,355.17954357819104,358.0758665934314,350.5477108361309,353.3520812988281,29904,,
2022-06-06,353.99576936034305,356.29444318735824,345.0769036875307,350.57073974609375,109656,,
2022-06-07,350.616719369827,356.2944323254722,345.0999023531745,350.86956787109375,36948,,
2022-06-08,349.4213749963292,353.9612554430198,345.95038340604543,348.1571044921875,40312,,
2022-06-09,349.9040962149795,351.91543568422867,345.0768814887816,348.0076904296875,53592,,
2022-06-10,349.75470326416456,353.7658775918141,333.7674166753178,338.6750793457031,139652,,
2022-06-13,333.3076622625845,342.9505865088791,330.31938666988543,334.5259704589844,234608,,
2022-06-14,330.3768509163483,342.1115904334551,326.41163910329766,330.6756896972656,154684,,
2022-06-15,342.04265271672324,342.5023874649984,332.61809037708235,337.606201171875,141776,,
2022-06-16,339.7324448225867,340.5369805620657,311.80356129495766,323.51531982421875,293564,,
2022-06-17,318.37777682203216,328.48043539193543,310.32091517082773,317.55023193359375,171908,,
2022-06-20,317.44684850970737,318.66515683514973,284.07011650154294,294.5060729980469,771760,,
2022-06-21,295.0692621995332,311.66567548815675,295.0692621995332,303.9651184082031,1341340,,
2022-06-22,303.4478748710479,307.28667634764315,300.0113693059919,304.29840087890625,144376,,
2022-06-23,306.87293168270764,316.9066477575879,304.53977232046464,311.3783264160156,1702452,,
2022-06-24,312.9414358816429,317.171001003674,310.22898975447595,315.28607177734375,65868,,
2022-06-27,315.2860362742326,334.2271106026362,315.2860362742326,329.5378112792969,202872,,
2022-06-28,329.6413003317937,333.30767351648274,326.40014809306274,328.74481201171875,146196,,
2022-06-29,325.49220857629786,333.30769946019205,325.26234119735983,330.44586181640625,45724,,
2022-06-30,331.26182069968837,350.9614687305343,331.26182069968837,340.4450378417969,177416,,
2022-07-01,342.15763050471793,356.2944758362867,335.3650374994576,355.19110107421875,766204,,
2022-07-04,354.2255538482059,358.8229004263786,350.1913710018687,357.42071533203125,125600,,
2022-07-05,356.2943760862155,359.6964239334815,344.8125137066541,347.54791259765625,243036,,
2022-07-06,347.6514007285465,356.2829032568973,339.85889161585544,352.2832336425781,221144,,
2022-07-07,354.05321269846064,355.1565872861621,347.75484121862615,351.17987060546875,100100,,
2022-07-08,352.627995473108,363.190388262185,350.2948364175295,360.3055419921875,95776,,
2022-07-11,357.09895907372135,364.9604118988573,355.91513650695856,361.2250671386719,88672,,
2022-07-12,359.5010590569665,368.47739100379,359.5010590569665,366.8223571777344,69144,,
2022-07-13,370.1209430505647,373.8677642608752,361.61585055283024,364.5581359863281,49572,,
2022-07-14,367.75323390705705,368.431359351088,356.6506589570814,359.1332092285156,59224,,
2022-07-15,353.9957057393946,360.2251050790468,353.9957057393946,358.4781188964844,26324,,
2022-07-18,363.88004275526623,376.4652811259869,360.4435368351077,368.3969421386719,104624,,
2022-07-19,368.39694475246677,369.7416632498966,362.86862330083346,366.7533874511719,174356,,
2022-07-20,368.5923518381423,396.5212391149332,364.5696726007444,370.76458740234375,531460,,
2022-07-21,368.4658681796169,374.982630189716,363.19042356761105,366.45452880859375,44844,,
2022-07-22,366.45448277126394,378.8788230634038,366.45448277126394,376.28131103515625,52400,,
2022-07-25,376.29285622833163,379.28113181230736,374.683784760037,377.6145935058594,38512,,
2022-07-26,371.46566608708076,386.65989347530484,368.08662700693964,376.98248291015625,73000,,
2022-07-27,382.4992769913606,386.63688936266135,371.0059092933029,376.7870788574219,117688,,
2022-07-28,384.30373320794655,385.6599562192533,368.0176366604229,370.4312438964844,88376,,
2022-07-29,375.62621740378034,388.4758074148837,372.44256033370726,384.3266906738281,284804,,
2022-08-01,388.7685220746646,391.203979112576,381.92604753958005,385.1617431640625,149972,,
2022-08-02,379.3861906405717,387.81750452898547,378.31923426938,380.105224609375,240324,,
2022-08-03,380.10526754088323,391.99261763178805,377.98293498380445,390.02105712890625,219712,,
2022-08-04,390.98365493721934,395.7037971477821,382.71469243484205,384.7094421386719,92308,,
2022-08-05,384.70943367047835,386.5650200171962,383.10898478363407,384.36151123046875,50980,,
2022-08-08,384.3615367888477,384.80224423829844,379.5254202139336,380.8939208984375,130616,,
2022-08-10,382.71467565979594,385.74161214743253,376.26650192004905,384.31512451171875,53888,,
2022-08-11,377.6118541500994,387.3536833112199,377.6118541500994,384.1412048339844,52688,,
2022-08-12,378.3772694882514,385.03417430883377,378.3772694882514,384.24554443359375,49844,,
2022-08-16,384.63985994436155,389.6731265027554,380.6503323750999,384.9413757324219,96568,,
2022-08-17,385.335734334828,388.51341481999356,380.97509483094893,384.779052734375,77536,,
2022-08-18,381.0910795933744,388.51342563536343,381.0910795933744,387.8871765136719,37540,,
2022-08-19,386.80860660470853,395.3210982950688,386.79699786355434,390.54296875,215500,,
2022-08-22,394.5440664330526,394.5440664330526,387.5160214725773,389.56878662109375,43844,,
2022-08-23,387.6435393397881,396.63153464235614,387.2492386134034,389.2439880371094,81560,,
2022-08-24,388.1654775769844,393.1523659952128,387.41164560678715,389.82391357421875,28288,,
2022-08-25,387.3536237802751,393.0711544886939,380.85907200431836,383.5380859375,33812,,
2022-08-26,382.27402275147415,387.9219587135065,382.27402275147415,386.7274475097656,76320,,
2022-08-29,378.0757282872873,387.67839355198555,378.0757282872873,387.0869140625,50084,,
2022-08-30,387.7015535684527,393.1523381983412,385.26609660616214,389.0816345214844,58968,,
2022-09-01,385.19653006111173,391.5287299697539,383.8744360781651,389.2208557128906,57368,,
2022-09-02,385.0225604389356,393.1291703266225,383.4105311164661,385.289306640625,58864,,
2022-09-05,387.5739688485388,392.978375121957,382.761042017327,387.3072509765625,390576,,
2022-09-06,387.92187296354876,405.90947263356685,385.28926576098206,394.70635986328125,184112,,
2022-09-07,394.312128252765,401.27057757487256,392.8856404789324,398.33642578125,259792,,
2022-09-08,400.702333924419,423.3056865172306,400.5167639417139,416.31243896484375,361856,,
2022-09-09,418.3999177135119,420.52225023214436,403.8915691464677,405.72393798828125,87988,,
2022-09-12,407.24323503051,407.7535099740632,398.3364144879308,401.49090576171875,48764,,
2022-09-13,401.4909281807593,408.866895990547,394.7180486466676,396.330078125,187524,,
2022-09-14,390.38066428023814,404.4715259106081,387.8176238021157,396.59686279296875,64448,,
2022-09-15,398.95107359938135,401.3865307347264,394.4396905171284,395.86614990234375,74716,,
2022-09-16,394.9500014242599,435.3669961376219,392.18981075664414,421.94879150390625,1167304,,
2022-09-19,424.05946958595905,429.10434499331285,417.9824355932757,422.0995178222656,222264,,
2022-09-20,428.6404459732585,451.1394304209891,422.3546528882906,438.5098571777344,593832,,
2022-09-21,448.8199681511891,449.4694347278613,430.5076608796134,435.4829406738281,239496,,
2022-09-22,437.1181745042513,437.66324733948494,425.045254317942,428.46649169921875,120468,,
2022-09-23,424.4653851851903,427.8054463379724,403.1261417769731,407.08087158203125,176120,,
2022-09-26,402.2679006523305,411.5342228207075,395.7501315385355,398.0116271972656,111308,,
2022-09-27,398.6379619465196,417.5069509851887,397.18828503337664,415.8717041015625,138124,,
2022-09-28,415.1874452366626,415.1874452366626,401.2589388906928,411.32550048828125,49108,,
2022-09-29,413.0882934955357,420.75419576380034,401.2705395101293,408.298583984375,107116,,
2022-09-30,406.28063076773475,429.10434882192834,400.2499750545617,426.8544616699219,224872,,
2022-10-03,426.59928911497934,440.7017566534913,423.71154419303434,434.8450622558594,161808,,
2022-10-04,440.7017605049434,440.7017605049434,424.1174574122574,428.2229309082031,99308,,
2022-10-06,430.36848603353235,430.36848603353235,417.5069634031854,419.8264465332031,72168,,
2022-10-07,416.83431511519245,430.124965014373,415.19909646757833,424.6045837402344,126364,,
2022-10-10,419.88439205051696,419.9075812167212,409.3887319260668,413.43621826171875,56632,,
2022-10-11,416.32401436712644,422.1459111047264,412.6360306897298,419.8148193359375,57884,,
2022-10-12,418.6551182746025,419.9308340632954,411.6039118392131,417.94769287109375,58780,,
2022-10-13,417.94765242379896,417.94765242379896,407.0692713610925,408.6581115722656,51704,,
2022-10-14,411.0356028574791,423.03892814438416,411.0356028574791,419.3857421875,260412,,
2022-10-17,420.9513835357876,439.76238576014333,416.19644319439794,436.677490234375,434780,,
2022-10-18,436.67750704587775,440.7018047049884,430.5772549498862,437.0718078613281,198928,,
2022-10-19,437.9995525111948,440.701755781815,432.595174283955,439.4956359863281,60228,,
2022-10-20,440.7018052272051,440.7018052272051,415.1411118496287,419.4901428222656,304160,,
2022-10-21,421.58923405988895,427.8634470439948,401.2705681779559,405.7007751464844,85140,,
2022-10-24,410.3165793093015,416.1152873266743,406.41983619602536,409.1220397949219,12512,,
2022-10-25,410.9428109764266,413.40148572245386,399.33381500765915,408.3450012207031,226120,,
2022-10-27,411.0588006901234,418.6551081574042,410.6181215340644,416.45159912109375,134516,,
2022-10-28,418.91026961829266,424.9868801860607,399.4159959395472,422.4812927246094,154812,,
2022-10-31,424.6005394396191,428.3940086283541,412.365393604395,414.80072021484375,457792,,
2022-11-01,415.9364025605411,429.4594580132484,415.9364025605411,420.6782531738281,196856,,
2022-11-02,419.89381160046196,441.40190396255593,417.64582884097825,430.9581298828125,296592,,
2022-11-03,430.6068914727938,437.8894319231413,427.761775275721,432.3397216796875,101044,,
2022-11-04,433.20609366539685,433.20609366539685,421.9544320690381,425.7127990722656,26620,,
2022-11-07,428.0544748026473,433.2061150902065,421.96617264462276,429.7053527832031,68524,,
2022-11-09,430.38441187559437,431.85966576265,405.984381464549,415.0231628417969,70028,,
2022-11-10,413.30208103635727,419.36697281495475,407.63528773306314,417.9268493652344,86024,,
2022-11-11,419.15615188095694,424.64732020218565,412.1311884416113,413.8288879394531,60832,,
2022-11-14,413.06789932935567,415.1402580733462,408.6304749966118,411.0189514160156,98504,,
2022-11-15,410.2578912982622,428.52279741770536,410.0237258351924,413.8523254394531,73912,,
2022-11-16,419.624493585566,419.624493585566,413.3020263273013,416.2408142089844,66688,,
2022-11-17,414.472880174786,417.8682794756529,413.6415813258854,415.4329528808594,14316,,
2022-11-18,414.40257901973644,418.31315912502396,412.131185623738,414.671875,32128,,
2022-11-21,414.6719191934066,419.37863945027283,412.38880584790826,415.19879150390625,28364,,
2022-11-22,414.29726304036274,418.1609933442576,413.5362252532319,415.1871032714844,8520,,
2022-11-23,415.18712356583615,421.70862658970543,413.11473616109043,416.4867248535156,33304,,
2022-11-24,418.219521706236,431.15716368511033,400.4229463144813,426.2162780761719,148944,,
2022-11-25,426.216291840956,426.216291840956,413.0796145089302,414.7655944824219,24480,,
2022-11-28,411.1945686218365,423.67559970691826,411.1945686218365,420.7719421386719,89892,,
2022-11-29,415.65539506306675,450.5343275415306,415.65539506306675,436.73028564453125,556724,,
2022-11-30,438.9197385488131,448.6492961414952,421.9193320785928,428.1832580566406,2266552,,
2022-12-01,430.37271337197916,433.1826989489206,422.9145490367775,427.6680908203125,1036432,,
2022-12-02,431.73086585439313,433.2061197501057,413.31377449598193,420.994384765625,945824,,
2022-12-05,421.49784695570736,427.1060985410627,416.0066781056175,421.19342041015625,1171212,,
2022-12-06,418.68787852440295,421.4978642863117,412.81033068934113,414.8944091796875,2027400,,
2022-12-07,412.1312625743527,420.3270547278199,412.1312625743527,418.2781066894531,1093300,,
2022-12-08,418.25470794686004,420.0929013803391,413.31382167988636,417.786376953125,87996,,
2022-12-09,416.81452908435364,420.2450588749276,413.30204709768776,415.47979736328125,110440,,
2022-12-12,409.82464943377005,420.47917692519434,409.82464943377005,415.5851135253906,89924,,
2022-12-13,415.5617524572567,440.57060722592405,414.4962881466775,425.16253662109375,13089680,,
2022-12-14,429.6936147616152,444.6802040503037,423.03161892573814,427.3402404785156,520236,,
2022-12-15,426.9538973030958,429.4594563067941,419.85867238717657,426.2630920410156,107268,,
2022-12-16,421.497811393834,435.5477384402951,418.33657780838024,431.7659606933594,171740,,
2022-12-19,434.6111238590852,437.88944052612567,424.9635176727985,426.9070739746094,91872,,
2022-12-20,425.7479294415041,427.925651030993,417.04867703625456,419.1093444824219,54136,,
2022-12-21,427.3286008141272,448.29810291970716,410.9370168057959,415.23394775390625,277824,,
2022-12-22,416.81456478328107,419.6948116928923,407.5064867214072,415.23394775390625,223812,,
2022-12-23,415.2339327481217,415.2339327481217,407.00301050160056,409.555419921875,141728,,
2022-12-26,404.3101164278433,415.39784630894053,404.3101164278433,410.73797607421875,93820,,
2022-12-27,412.79859239188306,417.73947808380535,410.90185780494113,412.9508056640625,37708,,
2022-12-28,411.18283827276605,415.02315762914435,407.4479105267977,410.5154724121094,110428,,
2022-12-29,410.96040256957974,414.44947381259954,408.32604101464653,411.6863098144531,84440,,
2022-12-30,411.39354695811085,418.8048888404303,410.02368485300167,415.9949035644531,108684,,
2023-01-02,416.12380695558693,424.17907716681225,415.3042277179031,417.58734130859375,104408,,
2023-01-03,417.28286169511114,422.39937142601366,410.3983912566116,415.6671142578125,150992,,
2023-01-04,415.02321140222745,423.0550993543772,414.94125919550254,416.5570068359375,26268,,
2023-01-05,416.4164379177502,422.7505962921186,409.5787895161422,419.13275146484375,214640,,
2023-01-06,419.15621135557495,420.08115357247027,410.80820623371335,415.7022705078125,44176,,
2023-01-09,417.78633300916556,420.3270226660101,414.26213121813277,417.0487060546875,50728,,
2023-01-10,415.77250509058655,421.0295083747532,414.00454438629794,418.7698059082031,53320,,
2023-01-11,418.1141293827259,420.3269814444931,407.4478817344947,411.74481201171875,130392,,
2023-01-12,441.87021466737724,446.5535237788492,416.1237342609204,421.3807373046875,1192752,,
2023-01-13,421.497833991216,425.23276169744435,416.3344740909631,417.5638427734375,255844,,
2023-01-16,419.9874308226925,437.5849405395525,419.9874308226925,428.8388671875,363292,,
2023-01-17,431.14539653857474,435.05597653595277,425.0102734466478,430.8761291503906,182212,,
2023-01-18,433.21784344102815,437.7723504431767,431.22743692657673,436.8708190917969,133416,,
2023-01-19,439.06024679017236,456.6226566617793,437.90113917250693,454.3044128417969,815380,,
2023-01-20,456.6226335600675,456.6226335600675,440.4183956388728,450.1245422363281,1584360,,
2023-01-23,456.6226462998723,458.96430089628194,447.4901933738749,456.64605712890625,292876,,
2023-01-24,457.6413078233515,458.96434852454945,454.7493698136097,456.1192321777344,131064,,
2023-01-25,456.61093824918487,456.61093824918487,442.59614084884026,449.1410827636719,102116,,
2023-01-27,451.705175670366,455.7796604213368,430.1853640207729,438.24066162109375,205488,,
2023-01-30,402.20310921001936,440.946458279443,402.20310921001936,435.97210693359375,231740,,
2023-01-31,435.2867716694517,439.00868624805855,425.36166612650004,431.7657165527344,266776,,
2023-02-01,431.81302505567385,455.59781006155487,431.81302505567385,447.090576171875,287452,,
2023-02-02,446.1689942562397,454.9007132921864,433.6326279954089,445.8263244628906,117468,,
2023-02-03,446.9369133459363,451.59224837608076,445.4245107217562,448.8155822753906,110180,,
2023-02-06,450.6470549790486,451.82861516515,436.8464262360482,439.9421081542969,424848,,
2023-02-07,439.7885636180265,460.5721974168651,430.3597068087031,434.7905578613281,230876,,
2023-02-08,428.91817173233005,436.2201905546462,427.19308233386545,434.4242248535156,105324,,
2023-02-09,435.0504636450711,437.41358403423493,430.11153626238166,431.186767578125,87940,,
2023-02-10,430.3242346208625,441.65538565773505,428.3510348113505,438.81964111328125,123908,,
2023-02-13,438.8196337932615,439.54039705829445,434.825983370456,437.8153076171875,25416,,
2023-02-14,441.6672051001218,441.6672051001218,426.68501591540354,434.12884521484375,80644,,
2023-02-15,437.17725213420596,439.5285452759302,433.37263424983405,434.57781982421875,54912,,
2023-02-16,434.5778500140441,435.94847141138126,427.854783883931,430.7259521484375,61792,,
2023-02-17,439.2922916322922,440.8873980345106,427.50034293620445,428.5046691894531,82340,,
2023-02-20,432.45100889238483,448.520226709151,427.72476835804184,432.74639892578125,207400,,
2023-02-21,436.91737186837827,436.91737186837827,423.70752199447253,428.42193603515625,150316,,
2023-02-22,426.54323089091054,427.72479108728425,418.2723095162945,421.8760681152344,368868,,
2023-02-23,421.6633991997595,425.1135493485712,420.7181510030064,421.9469909667969,280060,,
2023-02-24,425.36167290267093,425.36167290267093,416.7481105650657,419.8555908203125,282816,,
2023-02-27,421.8169931957504,423.9319744240804,414.9875694413394,420.57635498046875,216972,,
2023-02-28,422.9749249781878,424.55820410307024,403.62096318717096,407.27197265625,273736,,
2023-03-01,408.92616048997456,420.3991216382823,401.7422975089728,419.0521545410156,269088,,
2023-03-02,463.12432857248507,463.12432857248507,411.70280769609894,416.90167236328125,215418,,
2023-03-03,419.64288861075,425.8815027418195,416.0036778031718,422.3368225097656,98417,,
2023-03-06,420.635424347738,430.0879057937546,415.95643449328617,422.1478271484375,123558,,
2023-03-08,421.5806817032383,425.55073553597856,415.9091927117149,418.083251953125,104280,,
2023-03-09,417.79968888851596,424.3218954570314,411.18295173417295,416.00372314453125,147189,,
2023-03-10,406.5512541583518,422.3368816959497,406.5512541583518,418.17779541015625,160061,,
2023-03-13,415.9092343975517,419.50116624685546,401.7777613719598,406.64581298828125,246586,,
2023-03-14,406.6458309401622,415.90925275837776,397.24059879933696,400.4544372558594,149544,,
2023-03-15,405.5114604345201,411.135698522344,401.7777186657382,408.6307678222656,94911,,
2023-03-16,408.58349622645324,415.34201445484746,404.2353491438912,409.386962890625,151171,,
2023-03-17,411.1829354818552,411.1829354818552,399.8872088190251,401.1632995605469,158085,,
2023-03-20,401.73042402747905,415.9091448755077,392.2779434621266,395.0664367675781,118805,,
2023-03-21,396.0590043994875,400.45440285558607,373.4675776983051,379.46990966796875,279207,,
2023-03-22,379.04449066967965,411.18292628755773,376.25599721710233,405.2278747558594,402438,,
2023-03-23,403.6209319752822,408.86704730420365,390.5765199512879,406.0785827636719,175154,,
2023-03-24,398.8947499169497,411.04119534608037,396.95700259939264,405.60601806640625,138825,,
2023-03-27,403.6209797904785,409.15068750776476,388.63879011088585,405.1806335449219,119069,,
2023-03-28,405.0861333972411,413.9714901868714,398.8947687853381,412.08099365234375,182283,,
2023-03-29,412.50631883512926,415.90921820798644,401.8250254516442,414.58587646484375,157615,,
2023-03-31,382.82551810796974,411.08843330512224,382.778267237001,407.118408203125,456185,,
2023-04-03,403.6208932885627,411.6555012345879,395.3972242051356,398.8946533203125,82023,,
2023-04-05,398.89474516451855,411.7973774792943,398.37487018698334,404.9916076660156,126199,,
2023-04-06,415.9091844589888,420.0682705342419,405.5114548475141,415.7201232910156,1336993,,
2023-04-10,418.6976723190677,418.6976723190677,407.40194558381285,408.5362548828125,905345,,
2023-04-11,411.32474667151337,411.32474667151337,399.8399868608061,402.2976379394531,251213,,
2023-04-12,402.29761086953107,406.07860339866824,397.6186210760503,404.04632568359375,41227,,
2023-04-13,404.5662263529751,409.76509141124933,403.6209781605616,404.7080078125,41075,,
2023-04-17,404.70800282551454,418.17778940142637,374.1292184084058,381.3131103515625,6070499,,
2023-04-18,381.4076062535947,392.23070847777865,381.4076062535947,385.1885986328125,276773,,
2023-04-19,388.78056765863045,394.9719605896476,381.5494247995713,392.3725280761719,534435,,
2023-04-20,393.22324369423154,394.07396128865605,386.51197583299773,387.40997314453125,183907,,
2023-04-21,387.40996645939714,389.63130541800246,382.1165709624419,384.71600341796875,146745,,
2023-04-24,389.6785952890164,394.12127365087736,384.7160419226918,393.176025390625,141834,,
2023-04-25,393.1760028628475,395.82268630123207,390.29297852625376,393.12872314453125,259300,,
2023-04-26,395.06648596797936,395.06648596797936,381.1240753977383,388.54425048828125,163583,,
2023-04-27,391.99443300342085,394.0739616978752,387.8353179211416,392.703369140625,75452,,
2023-04-28,394.1685244822061,397.85498692745034,389.4422831814602,396.86248779296875,323783,,
2023-05-02,399.83995554340913,400.6906730837393,390.0093808454847,395.39727783203125,176212,,
2023-05-03,393.2232297425986,400.64343347703016,387.69352230500647,394.2157287597656,153987,,
2023-05-04,397.9494450992945,399.22553578759545,393.9321407247767,397.2405090332031,267906,,
2023-05-05,388.4970062321776,396.7679278977045,385.66126166113986,391.23822021484375,150641,,
2023-05-08,395.11372823862393,395.11372823862393,382.920032825477,384.1015930175781,113009,,
2023-05-09,389.4422223214087,389.4422223214087,377.8156820771855,379.3753356933594,589981,,
2023-05-10,382.82547335319333,386.79552683775114,379.5643559304006,383.7707214355469,63146,,
2023-05-11,384.66881869143884,385.9921605815526,378.1465821496466,380.8405456542969,137885,,
2023-05-12,383.800133246293,396.6889436911312,382.8454065466754,390.53094482421875,144530,,
2023-05-15,395.9729257031078,398.0733362400595,388.3351115846633,391.5811767578125,379895,,
2023-05-16,395.49555132300316,396.02063937466545,379.9812418263253,384.42071533203125,295027,,
2023-05-17,386.3301464042785,399.07575344805014,381.031424968617,387.475830078125,1543786,,
2023-05-18,390.24459910207605,390.24459910207605,381.0792155345068,383.99114990234375,1159692,,
2023-05-19,383.9910837226289,389.4807621522471,381.079149856655,385.041259765625,349082,,
2023-05-22,384.7548595202383,392.82231177746064,382.84540612311554,385.9005432128906,256281,,
2023-05-23,386.95076541444286,398.12108077399245,385.75735689893327,396.6412658691406,630668,,
2023-05-24,392.39268538095416,401.5580678009835,390.86511678829135,393.347412109375,892116,,
2023-05-25,393.34738729893263,400.79424365652443,391.43793396253005,396.9276123046875,72409,,
2023-05-26,396.9753857817039,400.31692953116584,394.4931194480058,397.3572998046875,141289,,
2023-05-29,400.9375390493139,401.46262714506406,397.50051667581647,400.74658203125,77997,,
2023-05-30,400.7464978303949,402.9423573970057,397.8345933004183,400.2691345214844,334526,,
2023-05-31,400.26914556906644,402.8469191627085,396.2115573313359,399.5531005859375,467224,,
2023-06-01,400.1260007355001,405.7588829301643,399.26675245766137,400.8897705078125,755519,,
2023-06-02,404.6131438318428,406.71355412253445,397.2617660863125,400.1259460449219,269471,,
2023-06-05,403.8016675379984,405.711120929102,396.2115786539833,402.46502685546875,2471395,,
2023-06-06,402.89470053829666,413.39669510209114,397.26181837217854,399.50543212890625,255272,,
2023-06-07,403.0855992579825,408.1456387980601,400.5078256743537,403.6106872558594,225170,,
2023-06-08,403.61071786907297,406.2362163294868,400.98521940865913,402.7991943359375,502785,,
2023-06-09,403.22887275033906,407.8593035913263,398.45523871549653,400.6988525390625,532079,,
2023-06-12,400.9852462391231,404.80415334616237,398.45522610789936,402.22637939453125,496823,,
2023-06-13,402.6560061434831,415.3061355599648,402.6082814604417,414.06500244140625,1505776,,
2023-06-14,414.11272255561505,420.07976466736744,413.2534743187123,418.6476745605469,672876,,
2023-06-15,420.9868082657174,423.8987134492203,417.502032019818,419.5547180175781,281156,,
2023-06-16,423.3736003540177,424.9488937067905,418.26580627664623,420.7003479003906,85836,,
2023-06-19,421.17767953285374,425.80810987323866,419.79334329398193,421.2254333496094,108424,,
2023-06-20,418.74313809266573,423.3735684330506,414.20818624984537,421.2254333496094,965581,,
2023-06-21,421.7028152621333,429.05419372301344,418.79088120595804,420.03204345703125,512002,,
2023-06-22,423.0871493181164,441.56111757803006,421.1776958366979,431.96612548828125,600719,,
2023-06-23,434.30517280121416,449.19891524436986,400.84201340497617,430.1998596191406,491203,,
2023-06-26,433.0162832368437,437.2648287072646,426.7628350046884,431.5364685058594,285211,,
2023-06-27,434.35294036954167,438.1718473150536,429.7225098709189,436.0237121582031,357643,,
2023-06-28,440.5109375222335,440.5109375222335,416.7382461465612,425.6649475097656,390763,,
2023-06-30,432.01387879088685,436.4056279162825,431.01142730111115,434.40069580078125,267223,,
2023-07-03,434.40065838930576,456.932214849435,433.4936563492788,454.16351318359375,313722,,
2023-07-04,454.4499389237014,467.8161135979279,454.16353254934734,460.3215026855469,326922,,
2023-07-05,460.75115774207643,460.75115774207643,449.77179958413774,453.3997497558594,440459,,
2023-07-06,456.3116548976251,466.622691986895,451.4425427192679,458.0301513671875,174542,,
2023-07-07,455.4046452824746,468.05477431809885,452.30178344354783,460.13055419921875,411667,,
2023-07-10,463.472069093983,475.83576186855515,460.08277196691034,463.1379089355469,224803,,
2023-07-11,466.57495607817174,469.53458557832295,463.04245558735334,465.8111572265625,367822,,
2023-07-12,469.24818434232355,482.1369951024891,468.2934576193483,479.70245361328125,765821,,
2023-07-13,479.70245001096976,483.9032417333255,470.82347407240815,479.1296081542969,197745,,
2023-07-14,477.41110518018877,491.54104958850627,472.6852251948423,487.4834899902344,179285,,
2023-07-17,491.82749002347555,512.1154326958773,491.6365330262976,500.0381164550781,371493,,
2023-07-18,520.326034694042,520.326034694042,489.1064609580212,491.6842346191406,174103,,
2023-07-19,492.2570325682199,504.52530486265545,490.4908115919246,492.6389465332031,192701,,
2023-07-20,501.2314601825074,508.67831593655586,488.15169423384367,495.9327392578125,174814,,
2023-07-21,505.0504768644944,505.0504768644944,487.91311916149886,492.5435791015625,200538,,
2023-07-24,497.4126416515405,503.0932775243972,492.6390078545008,497.7945556640625,186884,,
2023-07-25,501.231536453237,502.18626318933843,490.39541130724433,496.07598876953125,76342,,
2023-07-26,501.2315315112733,501.2315315112733,487.96083583749765,489.7748107910156,120782,,
2023-07-27,489.77478283955145,495.16901184624857,483.90321963269923,489.24969482421875,85462,,
2023-07-28,490.74118189874724,492.6656571218796,488.8648068101286,491.4628601074219,97934,,
2023-07-31,493.2911550896073,505.12666644633936,493.2911550896073,501.9512939453125,140811,,
2023-08-01,505.17469025554584,507.0029650076449,491.9920246875759,498.7757873535156,319817,,
2023-08-02,498.77586472106634,499.8824615158785,482.46595409628696,484.919677734375,70412,,
2023-08-03,487.8064104412608,490.74122366022203,468.17673800272075,477.65478515625,73160,,
2023-08-04,477.26987503898835,490.1638536932188,477.221774902489,488.624267578125,57906,,
2023-08-07,489.73079979142676,493.4834908984114,479.1942871531406,483.86114501953125,82178,,
2023-08-08,489.7789307304081,495.263696710585,484.4385238800995,491.9920654296875,145915,,
2023-08-09,495.5523796208384,495.5523796208384,482.9951902910742,487.2771301269531,89701,,
2023-08-10,487.1328076232032,495.5523870142215,484.6791133753142,490.8855285644531,330518,,
2023-08-11,490.50062250592,498.34288253247433,487.3733502682657,495.8891296386719,100453,,
2023-08-14,495.8891599390448,502.0956046590716,490.26009305944285,494.0609436035156,161632,,
2023-08-16,495.1674602815808,499.4013293403725,485.9300025373567,495.7929382324219,149627,,
2023-08-17,496.46647323467874,501.9030801273347,492.66562318474826,495.215576171875,192772,,
2023-08-18,495.7448463613449,498.72775956818106,482.0810600587252,488.6723937988281,132889,,
2023-08-21,490.74118190380443,497.5249453193513,486.0262234801139,493.6759948730469,234314,,
2023-08-22,490.7411774491842,496.80326260102134,486.0262190682929,489.2978210449219,213462,,
2023-08-23,490.78931713568613,499.2088968390786,484.77533163326297,493.2430114746094,311426,,
2023-08-24,494.5901157129362,497.95794724016434,490.741165396104,492.7618408203125,75897,,
2023-08-25,492.7618835999416,493.1468021571703,484.0055443610862,490.4044189453125,296319,,
2023-08-28,492.6656388311068,492.6656388311068,484.96773822437075,486.50732421875,171738,,
2023-08-29,486.31490164374713,492.66567599642104,481.1188242152549,487.902587890625,119137,,
2023-08-30,491.7033904615223,492.71372814791357,483.04325246904926,486.2667541503906,310987,,
2023-08-31,486.89219646093784,487.7582043760776,464.2796142142342,468.94647216796875,1965975,,
2023-09-01,476.0189349765285,476.0189349765285,457.06284320693476,459.5646667480469,969859,,
2023-09-04,468.2248518825994,484.96778131693725,464.7607904287315,481.5518493652344,1071315,,
2023-09-05,489.73083947060445,499.834334295455,486.21864872983696,496.3221435546875,877410,,
2023-09-06,500.17111152483653,501.3258084342817,485.7375469825827,487.6139221191406,570967,,
2023-09-07,497.3806204643751,499.8824146393545,490.5968280171608,493.9646301269531,999341,,
2023-09-08,500.3155185648551,507.62850180764525,494.109073471388,500.70037841796875,1418883,,
2023-09-11,509.0236718499745,534.041848538253,504.98226233118856,529.1344604492188,1209800,,
2023-09-12,534.0418011169596,548.47536330931,516.7215264861393,525.2373046875,686442,,
2023-09-13,524.6119718421324,531.5400945799283,504.30872244761525,508.68695068359375,422848,,
2023-09-14,516.2886111542906,532.021232329344,514.1235763923378,526.9213256835938,625141,,
2023-09-15,526.0071396532702,528.2683742293392,495.9372185336585,506.76239013671875,3637141,,
2023-09-18,508.06147254182156,511.9585232271854,489.7308572956105,495.7448425292969,203337,,
2023-09-20,494.5419966477147,508.0133222409107,490.30812796915416,499.3050842285156,137496,,
2023-09-21,500.3154375597243,511.669829168985,490.7411619674328,496.51458740234375,264443,,
2023-09-22,495.552304668468,509.98586694036516,492.184473471692,508.92742919921875,1632470,,
2023-09-25,511.91043806679477,511.91043806679477,499.44944855199833,500.7485046386719,601923,,
2023-09-26,500.7484420572506,504.7416926319825,493.8203199851513,495.215576171875,139775,,
2023-09-27,495.16746324878517,503.7314016884356,490.7892937576344,495.0231628417969,274298,,
2023-09-28,500.36354715046525,502.1436632010834,489.7308335195822,491.2222900390625,395274,,
2023-09-29,492.76187343090686,494.6382485806038,478.95378674759144,483.1395263671875,1145096,,
2023-10-03,483.13952047067846,486.41112254353726,479.9641186688044,482.4659423828125,164712,,
2023-10-04,483.04326338976784,483.4281525473252,472.5548796792373,477.99151611328125,126542,,
2023-10-05,477.26984705191984,481.1187974313708,469.1389276292653,475.2972717285156,379048,,
2023-10-06,477.8953024596909,490.54872114031883,477.6547430575301,488.5280456542969,471369,,
2023-10-09,485.9299798408387,497.71739024291844,483.76494527719143,494.97503662109375,413515,,
2023-10-10,496.9957382465654,500.6041293761387,493.6279065256303,495.0231628417969,159540,,
2023-10-11,493.67598982994787,500.07489337369066,493.098670761029,496.7070617675781,308102,,
2023-10-12,498.2465877946682,498.2465877946682,491.22226547999935,491.8958435058594,3824082,,
2023-10-13,497.76551804501634,519.6083241584842,491.89589194942994,517.5394897460938,952043,,
2023-10-16,511.0443360470024,534.2342960919966,511.0443360470024,532.2135620117188,633106,,
2023-10-17,531.6842817182446,533.4162973511267,521.1477700836035,530.0003662109375,201720,,
2023-10-18,528.6051986081393,530.1448139962558,505.27093696086246,517.1065063476562,541975,,
2023-10-19,511.381161429313,522.0138746884234,507.43595220730083,519.5601806640625,240243,,
2023-10-20,515.807506620456,533.945722478388,515.807506620456,519.3677978515625,882305,,
2023-10-23,524.4195485483244,524.4195485483244,506.1370321769149,512.6802368164062,130781,,
2023-10-25,511.9585025805025,515.9999122406193,504.8860797230397,507.43597412109375,121375,,
2023-10-26,501.37390546818966,504.50117776633056,482.99519022355264,501.7107238769531,118370,,
2023-10-27,507.0992831920571,507.7728613484352,499.9306003648131,504.405029296875,81762,,
2023-10-30,503.00970666368227,518.6460677029646,495.84102477960835,498.5352783203125,174556,,
2023-10-31,503.73140883118657,510.32271322920667,498.5834609054621,505.2709655761719,369884,,
2023-11-01,504.9822068440615,517.5393939406076,504.1643284958638,509.4566345214844,594728,,
2023-11-02,510.0340583433878,534.041899631443,509.7934989291394,530.72216796875,371991,,
2023-11-03,518.8385014758153,526.2958425281253,507.5322102029581,511.0443420410156,1205994,,
2023-11-06,516.7216042891416,518.2130608608575,507.14732818055,509.1199035644531,181150,,
2023-11-07,511.18862939764153,513.7866821778189,498.5351838319566,510.8037109375,138394,,
2023-11-08,514.7971052288434,518.838514810349,508.3982018305994,515.7112426757812,123651,,
2023-11-09,518.3573594210452,528.2683940478281,512.3433749715025,525.044921875,197801,,
2023-11-10,527.1290115203373,528.1468104166969,521.6522559522904,526.15966796875,142699,,
2023-11-13,515.6907593997074,528.7768970912413,513.8005276781234,525.23876953125,168118,,
2023-11-15,527.0321300964129,551.02338433041,526.3535777398154,542.9778442382812,460958,,
2023-11-16,543.8017750880801,552.525867736552,523.4940142568848,526.4505004882812,1136970,,
2023-11-17,531.6365699592743,531.6365699592743,515.2546375830404,529.746337890625,207460,,
2023-11-20,529.6977736201518,541.3298957565745,521.7006896513612,529.8431396484375,159254,,
2023-11-21,530.3279276879398,539.9729095736969,529.3101286106388,534.0599365234375,405024,,
2023-11-22,533.9143936847717,534.0598188769418,519.5681215639468,523.4454956054688,165069,,
2023-11-23,525.3358299304165,530.5702504108203,517.9203269614559,523.7363891601562,232403,,
2023-11-24,524.124111280446,535.7562348117418,520.3921028157314,526.4505004882812,201774,,
2023-11-28,526.4504909643055,530.6187158188445,522.9608776336629,527.2260131835938,242257,,
2023-11-29,531.6365133479562,546.7097946112567,523.7363392814866,541.7176513671875,353886,,
2023-11-30,546.4675482020414,562.2193844029871,538.6643427168441,554.7069702148438,853782,,
2023-12-01,557.3724724146198,569.9739370083416,556.8393453607679,567.8413696289062,468020,,
2023-12-04,590.2818876223388,614.0792648208668,578.9405539293807,584.0780639648438,12215412,,
2023-12-05,606.7607064452342,612.3344327716524,585.4836002011419,589.4578857421875,1609373,,
2023-12-06,596.146265023487,637.6341558622336,591.1056668847907,629.5401611328125,2168523,,
2023-12-07,630.0733355017794,630.0733355017794,618.0049959351302,621.3492431640625,719592,,
2023-12-08,625.0327912158672,632.0120775244053,620.3799533981893,627.698486328125,538465,,
2023-12-11,627.6984630529953,632.0120540893272,612.3828453541909,626.6806640625,203623,,
2023-12-12,622.3670331896287,629.5886546874422,608.602342532246,624.6934814453125,290724,,
2023-12-13,625.226596149116,664.0003385459603,623.2394536840848,659.5413818359375,723930,,
2023-12-14,659.1536584860866,712.467557334226,659.1052031381233,685.8106079101562,1058144,,
2023-12-15,692.5475324681014,692.5475324681014,639.7667627115881,649.4117431640625,2738968,,
2023-12-18,642.5777795095723,651.3987810033822,636.4224132680436,644.855712890625,430401,,
2023-12-19,641.0269062649087,653.1921565251396,624.5480651827052,627.7468872070312,647471,,
2023-12-20,630.0733221303102,636.6163912447404,612.4797126236724,621.6884765625,1431835,,
2023-12-21,615.0001123867145,624.0634521700357,607.9239153235604,616.2117919921875,238473,,
2023-12-22,640.7361427749463,644.4680921043129,627.2137872330452,637.731201171875,611023,,
2023-12-26,638.7974206158865,640.5906825771903,628.1346412125864,631.52734375,151516,,
2023-12-27,637.7311789426878,657.6996334632828,627.7954070296464,653.7738037109375,614017,,
2023-12-28,655.8579218968432,693.6623260897725,650.8658373544084,687.07080078125,638810,,
2023-12-29,686.2952390598875,693.0806439658468,666.0359350321946,688.0885009765625,455697,,
2024-01-01,688.088505536867,692.4990660862001,671.7550901420295,681.3031005859375,175009,,
2024-01-02,673.9360496712001,678.4919758275655,654.3068443409709,656.1486206054688,348865,,
2024-01-03,660.2198603168239,661.1407485110802,632.884419866074,635.162353515625,203415,,
2024-01-04,639.7667231293613,641.7538655123352,631.2849673302977,633.8052368164062,133259,,
2024-01-05,633.8052723606462,644.5650215332923,624.3057171657601,642.1416625976562,1231143,,
2024-01-08,644.5164906772654,663.2732629759723,635.3077278007265,651.8350219726562,895046,,
2024-01-09,654.1130915807823,659.1536904582716,650.4780528466374,654.0646362304688,481800,,
2024-01-10,657.2148885928634,666.9083235278614,641.7053926968666,662.20703125,203133,,
2024-01-11,664.0003300482808,665.8421064541748,645.776683187792,659.4928588867188,186788,,
2024-01-12,658.3780741739691,658.3780741739691,646.6974975921531,649.1693115234375,134150,,
2024-01-15,649.1693115234375,649.1693115234375,649.1693115234375,649.1693115234375,0,,
2024-01-16,639.7667619280098,647.7153911059834,634.483827591403,641.3176879882812,141899,,
2024-01-17,634.9200298308093,638.2642769352443,618.1019427825845,626.7290649414062,266993,,
2024-01-18,626.7290058404812,634.4352982246794,618.5380417234911,623.3363037109375,229384,,
2024-01-19,630.0733441149976,638.7974365719745,606.857552910568,609.4747924804688,277493,,
2024-01-23,624.2572713676292,625.1297042634163,591.2995893389035,600.023681640625,448657,,
2024-01-24,600.9930528736578,607.7784583093281,573.3667593141429,598.0850219726562,332842,,
2024-01-25,598.0849635120763,617.8595953716064,596.0978210901025,610.8803100585938,244105,,
2024-01-29,618.0074495622412,628.3075618037032,611.1732439588673,618.9837646484375,899275,,
2024-01-30,624.7928824559878,626.7943165644915,604.1925973572273,613.711669921875,170252,,
2024-01-31,615.4202309034002,625.4763246190043,601.5566034464639,605.3641967773438,347921,,
2024-02-01,606.2916142143218,610.0015992916065,595.3568743105842,602.87451171875,364500,,
2024-02-02,605.3153563723598,605.9011215910961,586.8629773180944,590.621826171875,290046,,
2024-02-05,595.5521425670187,606.5844900114182,583.1041264723802,600.921875,381313,,
2024-02-06,608.6836345491423,623.8653217761785,600.4337603949135,613.614013671875,1281972,,
2024-02-07,624.7440036774149,637.2408239863744,617.0798950345576,627.8681640625,321124,,
2024-02-08,629.4791756547361,653.8382498953838,627.7706241892133,640.6091918945312,791047,,
2024-02-09,639.0958000739765,643.9285714302493,628.7468845064263,638.8029174804688,410126,,
2024-02-12,636.4109506289379,650.2258326202758,625.8667598557067,632.896240234375,1146649,,
2024-02-13,635.3369676398967,681.4678500386444,631.7245903278016,675.3170776367188,1283704,,
2024-02-14,673.9014139057207,702.8979806849102,664.5288139479899,691.0845336914062,696379,,
2024-02-15,695.1363449827577,709.732267515122,688.9855718256787,696.6984252929688,665907,,
2024-02-16,696.161356038214,698.0651820890912,668.8245377186412,676.00048828125,930453,,
2024-02-19,678.68537421152,690.8404478981264,678.68537421152,685.3731079101562,87428,,
2024-02-20,691.182205799996,692.2073246167113,679.0758761457787,688.7902221679688,113402,,
2024-02-21,691.9632493878312,727.2570601236395,690.9869343975132,696.7960205078125,327025,,
2024-02-22,701.9706086217305,704.0208466469758,672.6811534636612,691.7192993164062,220919,,
2024-02-23,693.1836696412389,707.5843162992787,682.7858907608043,704.6065673828125,138055,,
2024-02-26,704.8018308841393,756.6441341771032,700.7989035818659,751.3720092773438,1134217,,
2024-02-27,755.4725320627451,770.2637280894456,719.9835057903972,730.1371459960938,837440,,
2024-02-28,730.3324761257873,733.3102251710941,693.2325034693332,699.33447265625,501982,,
2024-02-29,706.3150480444874,726.3295041099998,691.1333628005057,701.921630859375,824679,,
2024-03-01,705.8757376123951,726.2318813135349,704.4600689593037,714.3696899414062,347110,,
2024-03-04,713.4422736901043,722.1803059289529,703.9720051115123,710.073974609375,114655,,
2024-03-05,691.5726635862201,717.396205654918,684.9337339152659,703.874267578125,235044,,
2024-03-06,693.3301411065956,700.6036403949963,675.8052744326354,679.7593383789062,247042,,
2024-03-07,685.9100794390994,688.3996707280246,659.8424574731781,663.6989135742188,298672,,
2024-03-11,664.9193610414137,705.5341033733754,656.0837216484318,693.8671264648438,743621,,
2024-03-12,696.6495930831061,714.1256563408529,673.6573855380842,691.67041015625,594950,,
2024-03-13,688.2044171598133,690.4011257496544,658.7684982201287,681.0772705078125,472495,,
2024-03-14,665.8468868259994,683.4205583258058,663.5525702160087,680.19873046875,141794,,
2024-03-15,679.31996554387,683.9574617970225,668.873383118861,677.904296875,284769,,
2024-03-18,688.3020854702792,693.1836605445365,666.1885265480778,673.315673828125,132046,,
2024-03-19,675.6099745866027,683.4204945240201,672.2416759456838,676.1957397460938,256540,,
2024-03-20,677.9043016475738,679.856931662648,650.2745988521815,657.792236328125,177154,,
2024-03-21,660.5259794184345,673.2180759188742,654.1311273303528,657.4506225585938,285163,,
2024-03-22,659.6960846031417,666.2862111247124,643.4404153474509,650.079345703125,802243,,
2024-03-26,650.0305893060792,650.2258642462843,631.6758771281471,634.897705078125,264980,,
2024-03-27,637.0943633172159,658.036332707798,635.4346158420329,652.129638671875,530619,,
2024-03-28,651.2509676214004,664.8705750187686,642.757014436732,659.5984497070312,481500,,
2024-04-01,668.775819829261,685.861333474534,661.2581819074322,680.2963256835938,208800,,
2024-04-02,680.296285589479,687.8627269007336,664.8217165500189,679.3687744140625,272675,,
2024-04-03,679.3688568554445,727.7941228776017,679.3688568554445,704.264892578125,609168,,
2024-04-04,706.1687306833768,709.7811086286949,694.3553412944265,703.9232177734375,160014,,
2024-04-05,703.8742873567098,704.8994061541237,690.3522893104192,698.9439086914062,141185,,
2024-04-08,702.6539433330712,707.2914397541105,690.5964168846443,703.04443359375,558348,,
2024-04-09,718.5190856051584,730.6742201093924,698.065273029939,702.1170043945312,944127,,
2024-04-10,712.6612002810474,723.888823633573,705.5829159935855,718.3726196289062,1515257,,
2024-04-12,719.3977928306181,746.8810880773893,717.2987510165474,730.9671630859375,1420517,,
2024-04-15,727.403536209288,738.7776306922858,712.710006218178,722.3755493164062,257991,,
2024-04-16,717.8844505780279,744.9283896156663,717.8844505780279,733.017333984375,787154,,
2024-04-18,739.656232221698,879.6110255068955,736.3367969213093,780.4662475585938,2222350,,
2024-04-19,777.1468202041351,803.5073279246271,766.5049617700445,771.8746948242188,957760,,
2024-04-22,781.0519971611851,790.8151471256999,746.8809722853832,751.2255859375,507505,,
2024-04-23,759.8659252137694,793.8416740721467,742.0481771055166,747.9060668945312,793448,,
2024-04-24,849.3940048459506,849.3940048459506,775.2428726199402,782.4188232421875,5165029,,
2024-04-25,783.0047563396516,824.9863081134733,775.0477639699569,818.8843383789062,2685823,,
2024-04-26,820.1046552214196,821.9108142572212,781.0520525918282,788.911376953125,2460020,,
2024-04-29,791.9380264352933,792.2797128884597,765.431047325388,770.5567016601562,1356055,,
2024-04-30,773.3391215396446,774.217828913951,756.0583929543078,765.4797973632812,424089,,
2024-05-02,768.8632532554909,776.4636234247895,750.3281330289548,759.1053466796875,530029,,
2024-05-03,763.4693979542221,780.9747417102828,753.2211455093712,776.6597290039062,731424,,
2024-05-06,784.5052817843949,784.5052817843949,741.8451414795414,752.0443115234375,815497,,
2024-05-07,758.0756368347514,759.0563297672672,724.3397760135077,734.7841796875,872091,,
2024-05-08,736.3042692615982,743.757571741138,726.0560157626987,730.1259155273438,393318,,
2024-05-09,735.5196728044505,739.4424443927409,702.4212875282502,716.7393798828125,214799,,
2024-05-10,724.4869117149818,750.2301014713518,721.1525317657437,733.9506225585938,305148,,
2024-05-13,735.5196553702256,749.2493556038031,720.8582849351637,744.591064453125,260125,,
2024-05-14,744.6890819006785,754.0547463802689,729.9786893443465,744.4439086914062,349959,,
2024-05-15,746.3072758205222,754.9863837976827,737.6771905156282,740.3250732421875,152610,,
2024-05-16,737.4810019089651,753.6624334668081,731.6458676485769,749.8377075195312,270179,,
2024-05-17,752.6328109099452,774.7474247983461,749.5436041974809,772.3937377929688,699051,,
2024-05-21,775.5319068648046,786.4666562690886,760.0859942172711,769.4515991210938,387691,,
2024-05-22,760.0369510446576,782.592886365983,755.1334868443695,779.1604614257812,344761,,
2024-05-23,781.6122860969753,811.0330747831852,771.3150100568018,801.7164916992188,698627,,
2024-05-24,798.2840198374258,813.877060875228,796.3716567129038,807.7967529296875,543175,,
2024-05-27,810.0523392624486,811.6214239672325,792.3998669782791,805.6392211914062,225646,,
2024-05-28,805.2469952239577,805.2469952239577,777.0520715836686,780.4844970703125,283678,,
2024-05-29,779.6509288109356,791.4192447175158,761.5571311332186,784.50537109375,239009,,
2024-05-30,784.0639594640027,784.0639594640027,756.6045587573209,766.4605102539062,168336,,
2024-05-31,766.4605619651337,771.5111545928469,751.1127532344301,761.1648559570312,594583,,
2024-06-03,793.3805344533846,793.3805344533846,761.8512346359331,764.8914184570312,758635,,
2024-06-04,770.481389857714,778.6211288404729,678.051085348721,725.3204345703125,514488,,
2024-06-05,726.6934726851107,762.733938435688,707.2267416577698,754.49609375,564044,,
2024-06-06,755.1335630676946,784.5543512391632,755.1335630676946,776.4146118164062,662900,,
2024-06-07,774.7474250160743,784.5543544466575,768.6180941219598,784.4072265625,234660,,
2024-06-10,784.5542996770654,799.2156701236291,769.8439065581204,776.9049072265625,540240,,
2024-06-11,784.5542397134166,784.5542397134166,762.9789981212976,765.6759033203125,363545,,
2024-06-12,774.7473969234019,778.6701685533939,763.1262099122488,775.188720703125,403026,,
2024-06-13,800.2453798147852,803.873955395588,764.9404365876624,767.0489501953125,900650,,
2024-06-14,772.7859632985497,791.4191273882356,765.479789618351,786.6137084960938,503805,,
2024-06-18,794.3612289385761,799.2646933147402,771.9524206822035,794.26318359375,1663594,,
2024-06-19,799.264699210257,847.8089968923524,799.2156765374824,836.4329833984375,2526599,,
2024-06-20,836.4329693669284,844.3765576389534,817.9468729284995,825.0078735351562,389249,,
2024-06-21,833.1966594639445,844.376582407155,815.0538409104806,821.4283447265625,520838,,
2024-06-24,821.3303093912994,840.3066931939408,810.0523409638367,832.0689086914062,281621,,
2024-06-25,834.4715877749229,837.4626890597599,815.5441674815349,820.4476318359375,1078900,,
2024-06-26,821.5754447923222,882.1332289951582,821.5754447923222,872.0321044921875,2090959,,
2024-06-27,870.364910662542,926.6567046018921,868.8448487054093,916.6536254882812,2813051,,
2024-06-28,920.8705999298328,1044.4379008788837,920.8705999298328,961.2261352539062,5166229,,
2024-07-01,975.7894157260687,998.4924798436991,938.523086281254,954.2141723632812,1429903,,
2024-07-02,951.4192051842709,968.875526178031,929.2064878899051,934.257080078125,377222,,
2024-07-03,948.3299913865461,956.0284063604827,916.8006921355997,924.9404907226562,351385,,
2024-07-04,927.19608386896,930.3833356894341,906.6995789884451,909.396484375,314006,,
2024-07-05,909.3964654201153,949.0164803976604,902.4335701462913,946.0744018554688,498527,,
2024-07-08,1014.9680588083341,1014.9680588083341,951.2721034764166,962.4520263671875,776000,,
2024-07-09,965.0018188397412,992.2650696364256,952.3508564183516,977.6036987304688,741786,,
2024-07-10,978.3882603548226,1002.513280882369,976.770093185463,988.7345581054688,732777,,
2024-07-11,989.077842742172,989.077842742172,942.6910791169227,949.9972534179688,524099,,
2024-07-12,950.4384558269584,950.9288022294163,911.161661104685,918.4678344726562,490486,,
2024-07-15,918.9582008885378,995.4032186679302,908.4157530060942,968.3361206054688,459178,,
2024-07-16,952.3018419602423,969.4639679514919,934.2571282606328,961.8145751953125,447511,,
2024-07-18,961.0790821811466,984.0763436189735,955.3910750946893,964.90380859375,1423067,,
2024-07-19,964.9037692181747,965.1489424434201,939.5037991400619,947.4473876953125,648174,,
2024-07-22,946.3196693937405,980.692945149895,938.9154496292083,967.5516357421875,208099,,
2024-07-23,967.5516165289254,1012.8106189915562,941.4652086486507,980.9871215820312,321889,,
2024-07-24,979.6631649517343,1018.9399028446076,978.7314947439061,1001.4835815429688,750738,,
2024-07-25,990.4998477940776,997.3646982243336,972.0628328955963,979.4180297851562,316835,,
2024-07-26,979.417928603339,989.0287062414769,973.6318170386058,977.45654296875,171301,,
2024-07-29,994.4226733186405,1058.1677164800917,988.5875381655886,1047.5272216796875,1283001,,
2024-07-30,1056.6965359069716,1091.5111317535586,1047.6251271300441,1081.262939453125,827240,,
2024-07-31,1074.2020428866697,1117.1073612084708,1074.2020428866697,1110.438720703125,1025229,,
2024-08-01,1107.9868491879363,1191.5418335834563,1069.44557162367,1077.9285888671875,4006661,,
2024-08-02,1077.9285475946124,1077.9285475946124,1030.7081639068044,1035.9058837890625,580705,,
2024-08-05,999.669201714363,1018.9398395621564,986.6259991850596,996.6781005859375,775218,,
2024-08-06,1003.2488260616553,1022.813601323797,968.9735975987574,975.0048828125,268393,,
2024-08-07,982.9193692188592,993.4392484378332,965.861477687084,984.344970703125,607371,,
2024-08-08,994.176694278805,1024.4581714130952,981.1989012190683,1013.0042724609375,317550,,
2024-08-09,1019.5421898328959,1022.4916850783142,994.2748352289531,1015.95361328125,147180,,
2024-08-12,983.1651449491367,1029.8162830708625,979.2324843693401,1017.8217163085938,638502,,
2024-08-13,1015.0196810227238,1042.1550139876497,988.8183069038479,995.8479614257812,575666,,
2024-08-14,997.3227660530904,1017.4284456444977,983.1651636928574,1009.5140380859375,1346223,,
2024-08-16,1009.710573861728,1070.6668110374117,1009.710573861728,1051.5933837890625,1240680,,
2024-08-19,1060.0977367327957,1081.4815770054026,1060.0977367327957,1079.564453125,840353,,
2024-08-20,1092.296458377773,1094.115289863466,1052.527476913693,1080.252685546875,286388,,
2024-08-21,1087.1840259728676,1088.5112748674937,1055.5752437028289,1075.6318359375,449397,,
2024-08-22,1080.2525947513602,1091.2149090219696,1070.1751530255794,1079.6627197265625,885144,,
2024-08-23,1090.1335203747533,1090.1335203747533,1058.7705294087123,1066.6849365234375,608995,,
2024-08-26,1066.6849119401911,1110.8782545605202,1066.6849119401911,1085.61083984375,834862,,
2024-08-27,1095.4918522157607,1095.4918522157607,1073.7639247411707,1081.7275390625,242583,,
2024-08-28,1090.8216747253432,1115.794092183128,1075.6809082339878,1078.9744873046875,785486,,
2024-08-29,1079.4170406132916,1088.9046083000055,1044.121387776729,1062.7523193359375,346121,,
2024-08-30,1075.9268327057362,1075.9268327057362,1039.5989258935656,1054.936279296875,443925,,
2024-09-02,1061.81828926743,1075.9266842004758,1044.4163153105435,1068.2088623046875,342375,,
2024-09-03,1081.481828672651,1086.2993626397974,1068.3073896657615,1076.7135009765625,430544,,
2024-09-04,1063.2930584252795,1095.245924258679,1049.6270394965559,1072.8297119140625,557096,,
2024-09-05,1076.4183643731408,1091.3133407293953,1062.211675646334,1088.06884765625,289992,,
2024-09-06,1100.8009342857151,1100.8009342857151,1064.7679058956987,1071.5025634765625,430787,,
2024-09-09,1072.0433275830292,1089.3470106076763,1036.747673904147,1084.7752685546875,787547,,
2024-09-10,1089.248779673477,1089.3470721931808,1044.1214717230669,1053.0191650390625,387683,,
2024-09-11,1061.8184540993072,1068.700610746247,1042.1551493937645,1064.2763671875,301368,,
2024-09-12,1081.0883966286606,1093.2796687363302,1061.9166758189858,1089.4945068359375,396046,,
2024-09-13,1091.3133471503934,1091.3133471503934,1054.0513629158058,1074.4029541015625,332268,,
2024-09-16,1088.3145318763516,1093.1320647473974,1069.5361029449864,1085.6600341796875,279159,,
2024-09-17,1086.299134807137,1090.3300876837072,1057.8856396281956,1067.2257080078125,245008,,
2024-09-18,1076.0250837277647,1115.695894770792,1056.9025689742955,1063.0965576171875,451443,,
2024-09-19,1065.6528611355286,1067.0784027722223,1021.1646326271383,1047.660888671875,304224,,
2024-09-20,1052.9698343721311,1090.1826098377835,1028.882289141396,1070.91259765625,1348962,,
2024-09-23,1070.9125792149948,1074.943532099507,1051.8883586389254,1055.9193115234375,263351,,
2024-09-24,1055.9193728197286,1069.6836849421459,1047.2674714795266,1060.392822265625,288547,,
2024-09-25,1061.769185826859,1061.8675983568696,1010.6938028429968,1016.986083984375,314248,,
2024-09-26,1010.7430386603721,1086.3975533028117,999.8298688624283,1061.5726318359375,1269390,,
2024-09-27,1057.0992432531443,1081.4817897927703,1024.8514946212254,1049.578125,787984,,
2024-09-30,1058.4264734318444,1065.7017994140976,1018.5590792262883,1022.0984497070312,396214,,
2024-10-01,1022.4917860901477,1027.0635281752416,990.0473351853641,996.9786376953125,468834,,
2024-10-03,977.2661151304006,981.641211852582,924.1751994190912,939.3651123046875,1700571,,
2024-10-04,946.6897117296465,1007.7442412709074,935.5798979417216,994.1765747070312,1463077,,
2024-10-07,990.6372076833729,1003.8607913067574,939.1193884474163,947.5745849609375,449744,,
2024-10-08,948.7543787279775,967.8769530779604,937.3496868831113,960.1099243164062,846742,,
2024-10-09,963.4527246818536,1005.040599558613,962.5187057646194,992.996826171875,1013927,,
2024-10-10,1034.2897197544344,1047.0708664814379,994.9631144405776,1005.6304321289062,1653897,,
2024-10-11,1006.7119952138287,1061.8183913953658,1006.7119952138287,1039.1072998046875,1462910,,
2024-10-14,1046.0385418166254,1079.8594479005144,1032.5200206360598,1045.6944580078125,341955,,
2024-10-15,1047.0217238405035,1100.9975169166426,1047.0217238405035,1095.9833984375,1328383,,
2024-10-16,1103.8486501559546,1109.3543508831365,1088.3637993521636,1103.307861328125,587748,,
2024-10-17,1106.6506262988778,1124.396804580351,1082.5630810497687,1089.740234375,539214,,
2024-10-18,1070.6669023400968,1070.6669023400968,1029.963839074524,1051.2493896484375,1002832,,
2024-10-21,1055.9192602396372,1100.1616873446499,1051.9866000525249,1086.2498779296875,1266626,,
2024-10-22,1085.2668502869715,1085.2668502869715,996.3396085530527,1007.5968017578125,2259818,,
2024-10-23,998.1093189909255,1036.256116594587,975.3490207002365,991.030517578125,1548596,,
2024-10-24,999.878981574023,1034.2405563860154,999.878981574023,1018.41162109375,697426,,
2024-10-25,1013.1516515703429,1028.3415045994223,965.4681434663529,995.110595703125,699929,,
2024-10-28,999.7314507958075,1004.8439215365337,982.1328307558414,984.8856811523438,472382,,
2024-10-29,983.1652028627228,1020.181396753561,977.9052930304639,1007.94091796875,414668,,
2024-10-30,1008.2359714024107,1051.986825354051,1007.5968899820814,1043.482421875,331634,,
2024-10-31,1042.2041519361317,1076.5657221861031,1030.3569651607634,1072.1414794921875,464670,,
2024-11-01,1076.6150551261237,1079.023761759019,1050.0203895750635,1058.4755859375,48118,,
2024-11-04,1061.6217557130442,1081.2850583192107,1008.7766299589715,1020.2304077148438,435757,,
2024-11-05,1018.0675669428701,1031.6352947402067,994.7173933891346,1019.0015258789062,560723,,
2024-11-06,1018.4115592473537,1042.253313259829,1012.7583598423338,1038.4189453125,162519,,
2024-11-07,1042.5482966578086,1056.9024831232186,1016.0028389421558,1018.70654296875,211506,,
2024-11-08,1028.39063155073,1043.4331046646041,1006.7118544263542,1028.8330078125,359739,,
2024-11-11,1024.9496987639445,1050.8560772188548,1012.7093402956096,1033.4541015625,238229,,
2024-11-12,1037.4358983781362,1040.9753892036551,1016.1504672493314,1021.2628784179688,191794,,
2024-11-13,1018.0675123089268,1018.0675123089268,988.1301215050747,999.6823120117188,220799,,
2024-11-14,984.1975560520295,1036.5019590634474,984.1975560520295,1032.716796875,433088,,
2024-11-18,1033.306539092199,1042.1550251548344,1014.1348192898223,1030.40625,282451,,
2024-11-19,1033.454103660494,1057.3941518066636,1021.5578289774872,1047.5625,235557,,
2024-11-21,1055.8702286653618,1091.3133824715655,1049.0372784659103,1073.3214111328125,1287535,,
2024-11-22,1079.466124533686,1095.2459731402464,1050.708544000156,1064.177978515625,359373,,
2024-11-25,1080.4984454790415,1096.8681684058683,1058.3772307171866,1074.25537109375,922071,,
2024-11-26,1066.7342607092764,1081.4817389679301,1064.7679302747893,1073.763916015625,207408,,
2024-11-27,1083.1530399522333,1128.673636176982,1083.1530399522333,1112.9429931640625,1317672,,
2024-11-28,1120.8082474638607,1129.5092348555909,1078.1388568468305,1105.66748046875,983588,,
2024-11-29,1104.2419338195853,1104.2419338195853,1071.6499859324385,1096.2783203125,519179,,
2024-12-02,1096.2291460101105,1130.639926378141,1075.5826777892923,1125.330810546875,410493,,
2024-12-03,1130.6398924573905,1157.873518382646,1122.0371976234755,1137.22705078125,1033539,,
2024-12-04,1143.1260566387818,1143.1260566387818,1106.109985247648,1109.403564453125,285838,,
2024-12-05,1109.9934268404197,1120.8082432223903,1092.394747088522,1100.505859375,360858,,
2024-12-06,1100.1126048404803,1109.4526738355585,1083.7920872310838,1101.7840576171875,211439,,
2024-12-09,1105.5199524795567,1146.8620930824213,1102.6196634307205,1119.4317626953125,624043,,
2024-12-10,1120.8082309451293,1189.6297889856196,1120.8082309451293,1178.22509765625,1925322,,
2024-12-11,1182.4526923469723,1205.3112823637755,1164.8049256949496,1190.7113037109375,850418,,
2024-12-12,1194.4964235838659,1197.4951252286846,1166.42713120446,1179.1099853515625,634155,,
2024-12-13,1177.7826800936286,1183.5342924123631,1153.2527568437715,1166.623779296875,310022,,
2024-12-16,1166.820418066617,1224.040580321311,1164.6573827829893,1221.484375,951845,,
2024-12-17,1224.0406112828134,1238.7880885271845,1211.3086706012837,1230.7752685546875,603540,,
2024-12-18,1233.921480464968,1248.619751581808,1205.5079833747359,1219.911376953125,525759,,
2024-12-19,1184.959839329624,1219.026536996046,1175.865561367542,1204.721435546875,352663,,
2024-12-20,1204.7213815904322,1238.7880777310925,1189.9739044745859,1228.46484375,1452337,,
2024-12-23,1217.2076613982158,1259.1887652776047,1188.5974595342836,1211.9476318359375,499836,,
2024-12-24,1209.293058505384,1218.8297118549688,1180.977855958662,1215.5361328125,284990,,
2024-12-26,1215.585392434336,1290.0109448732665,1193.8082607713386,1235.1011962890625,1129000,,
2024-12-27,1241.5900841153864,1255.4526887099237,1201.3295192795522,1229.84130859375,827586,,
2024-12-30,1233.823068392083,1273.1988810196913,1201.182033116454,1249.5537109375,711413,,
2024-12-31,1253.5355468969647,1253.9288369539481,1222.0742625826879,1233.6756591796875,273039,,
2025-01-01,1232.1025279672913,1267.2506823648728,1203.88573593954,1255.2069091796875,227346,,
2025-01-02,1261.8925007059947,1278.1147260754135,1248.4231858296198,1271.13427734375,362600,,
2025-01-03,1287.946392768928,1289.2736417660535,1268.4305878433863,1275.312744140625,312666,,
2025-01-06,1284.1120246732926,1295.8117143828404,1225.5154036253493,1236.7235107421875,582553,,
2025-01-07,1214.2089823008582,1232.2500391279407,1176.8487059223703,1196.8070068359375,1064624,,
2025-01-08,1174.8823236349454,1194.3981273508475,1132.3604320054797,1156.0546875,507458,,
2025-01-09,1152.9577467357872,1152.9577467357872,1128.7228213099722,1146.911376953125,305587,,
2025-01-10,1145.2399525710327,1163.5268011818562,1093.722072386938,1110.091796875,291345,,
2025-01-13,1081.6783865515863,1123.0697406031577,1070.6669834878558,1083.39892578125,819110,,
2025-01-14,1088.2163035920526,1117.8587563587093,1082.2682265458348,1107.5355224609375,423370,,
2025-01-15,1114.9092783669653,1199.4614811355357,1112.9429480700217,1173.3583984375,3496182,,
2025-01-16,1152.367907510094,1200.739707384162,1152.367907510094,1178.765869140625,1097801,,
2025-01-17,1165.689827130251,1181.2237650644968,1149.3201027754317,1163.7725830078125,368046,,
2025-01-20,1155.4156176940287,1213.1765693276936,1142.8311759855612,1196.0203857421875,551761,,
2025-01-21,1209.2930647383514,1212.3900587852477,1171.0479186065804,1181.616943359375,316825,,
2025-01-22,1179.7981725416316,1191.1045716951555,1095.0001788902018,1129.6075439453125,408202,,
2025-01-23,1110.9766930124808,1137.2271562483431,1110.9766930124808,1122.23388671875,376946,,
2025-01-24,1121.4473483472468,1135.5557441963279,1082.46482628585,1108.42041015625,297675,,
2025-01-27,1101.5874957483572,1103.0622436760932,1027.8500993615612,1058.4266357421875,714718,,
2025-01-28,1042.0567446814625,1042.0567446814625,929.091047307383,995.9954223632812,2328267,,
2025-01-29,981.002158947245,1023.4749047481181,921.1274382763613,1011.037841796875,804573,,
2025-01-30,1014.6264546716936,1042.1550794108482,963.5018658704067,990.19482421875,811463,,
2025-01-31,984.3449483154076,1035.5186817544886,981.7886829516398,990.78466796875,827595,,
2025-02-01,992.996824609775,1014.1840820914719,979.4783034826618,1006.4170532226562,228332,,
2025-02-03,1006.3186607878453,1032.3233905806667,963.5018312086223,974.5624389648438,378144,,
2025-02-04,976.9220262879046,984.8856396003108,951.703817452559,969.744873046875,566369,,
2025-02-05,964.9766209374607,1024.3106153486438,964.9766209374607,1011.5786743164062,1092624,,
2025-02-06,1015.5113487053083,1015.5113487053083,960.208306770463,992.701904296875,2082188,,
2025-02-07,997.3227558448272,1007.9900737586518,986.1146490903952,1001.5503540039062,644115,,
2025-02-10,1001.8453646571453,1012.168599523583,968.9093296070821,975.1524047851562,505940,,
2025-02-11,975.6438674077273,995.4055220119527,952.7361324753388,972.792724609375,283512,,
2025-02-12,965.7631319977027,967.385378527073,934.9900742576284,938.43115234375,652357,,
2025-02-13,943.838489611984,981.198763159125,929.1893057180772,937.0546264648438,437231,,
2025-02-14,941.872196859503,951.4580569006096,884.8977654341674,889.3711547851562,335512,,
2025-02-17,867.2499554748612,889.0762338230726,851.2735217751489,881.3092651367188,630021,,
2025-02-18,886.814971547745,896.6466231170104,862.3833414011759,869.757080078125,946760,,
2025-02-19,868.626488243158,929.0911504128854,855.3537575229739,916.9982299804688,931472,,
2025-02-20,916.9981557340974,962.518690590957,916.9981557340974,939.1685180664062,864634,,
2025-02-21,942.8553500074642,968.4176431254976,930.6149322628785,964.7307739257812,481971,,
2025-02-24,964.4358610093587,1032.3234022714946,950.1799664065619,992.4069213867188,3041066,,
2025-02-25,992.9967621099393,1049.2829647146857,992.9967621099393,1021.0169677734375,1939581,,
2025-02-27,1017.2809192127278,1028.7840233243967,985.3281122689668,993.144287109375,622537,,
2025-02-28,974.3166806950317,994.864856692564,961.093097194666,981.4937744140625,2050567,,
2025-03-03,977.6594231741093,988.1300957386861,955.4890016248507,962.1253662109375,1493319,,
2025-03-04,953.6701950809158,984.4432522608652,953.6701950809158,966.50048828125,1119762,,
2025-03-05,966.0580594843499,986.1637989510898,960.5523586069562,966.9429321289062,778300,,
2025-03-06,971.2196808899898,975.4964853475619,944.8217203039093,949.9833374023438,349340,,
2025-03-07,949.6884739670728,963.3052885148954,948.3120186303522,956.521484375,521682,,
2025-03-10,955.6365383128858,967.4345202673659,875.016994957272,880.3261108398438,2325435,,
2025-03-11,874.3287915189617,881.3093003729733,846.947664978843,850.5853881835938,1640437,,
2025-03-12,853.3873562931585,856.1402067312861,818.0917031530932,832.101806640625,880718,,
2025-03-13,834.4614095448161,870.0519994851034,811.1112375546077,850.2903442382812,1427481,,
2025-03-17,850.2903331418939,855.5994488123855,836.6735201830969,840.212890625,476976,,
2025-03-18,840.212890625,840.212890625,840.212890625,840.212890625,0,,
2025-03-19,899.399438734915,927.9603734363758,872.3623979661653,908.2479248046875,2776070,,
2025-03-20,908.2479430703781,914.3435789314486,898.1213541439553,911.0007934570312,554710,,
2025-03-21,911.0007657410453,965.4681367674357,898.8095543974434,926.87890625,4892340,,
2025-03-24,934.0068901909722,980.8055272122224,926.9280891269445,962.2728881835938,1536573,,
2025-03-25,961.5846584738543,971.8587462449926,950.6224031070344,961.3388671875,757033,,
2025-03-26,956.5705300946842,966.6971189836026,925.4041833138225,943.4944458007812,397546,,
2025-03-27,934.0069327742444,970.3840448928203,926.1416112350929,955.0466918945312,1816532,,
2025-03-28,960.2574005347531,966.4513288913287,909.329458480766,926.7806396484375,969709,,
2025-04-01,933.0237585257826,938.676958327177,868.1840027152183,873.1981811523438,529235,,
2025-04-02,874.9678031586909,882.488980258612,857.8607062120612,875.5576782226562,310152,,
2025-04-03,875.0169681078767,904.4627758339333,871.477597633192,897.13818359375,355479,,
2025-04-04,897.1381707777159,916.1132455663364,823.8432231831022,835.05126953125,962981,,
2025-04-07,793.0209944520674,882.8331678678529,777.1920593711565,871.6250610351562,919861,,
2025-04-08,868.1347935882055,874.8203043459079,828.857335376204,833.4290771484375,880189,,
2025-04-09,833.7732588948506,838.3941474640498,790.7597802064282,794.938232421875,554023,,
2025-04-11,812.045294668575,866.0702334605314,798.330128368112,855.5503540039062,1958890,,
2025-04-15,884.8486517355617,934.006910165315,879.9328258925864,922.8971557617188,2860927,,
2025-04-16,918.2271149965351,941.8722251396937,901.857391047158,927.8621215820312,866333,,
2025-04-17,938.8735513280905,973.9233521495115,934.0560181960758,940.6923828125,2754876,,
2025-04-21,951.7038848613113,968.9092753417585,932.0405814550858,938.1853637695312,2264748,,
2025-04-22,958.5859694512399,1006.7610591980201,936.9563373200324,996.8311157226562,3326459,,
2025-04-23,1002.8284857683121,1050.9052871773197,1002.779339510734,1041.9093017578125,3333648,,
2025-04-24,1040.1887247191873,1050.0203761815615,991.0304674073165,1001.10791015625,1961884,,
2025-04-25,1007.4492437392332,1007.4492437392332,949.540854562005,955.341552734375,1165532,,
2025-04-28,955.6365530540593,980.2156825050381,931.0574236030803,967.3362426757812,937547,,
2025-04-29,973.3702916456681,985.933111346747,966.05020635898,972.4305419921875,731964,,
2025-04-30,964.5169000330345,1008.9318868556941,964.5169000330345,975.3980712890625,2937845,,
2025-05-02,974.9035534137087,977.5743986549428,932.9121087831157,938.5010986328125,428256,,
2025-05-05,932.0218352336594,938.1053632327745,912.0400349736074,927.1747436523438,530064,,
2025-05-06,930.24124974544,937.0666755112366,892.4044495763491,896.5095825195312,524503,,
2025-05-07,892.2560574518152,931.6755498086442,880.6329879672711,922.0803833007812,1357495,,
2025-05-08,917.2333222043302,932.120731535664,898.1912715681119,903.1867065429688,717894,,
2025-05-09,873.0656749244863,912.0400799308633,873.0656749244863,905.9070434570312,853218,,
2025-05-12,929.8455670965436,979.3054376867854,929.8455670965436,951.60791015625,1014955,,
2025-05-13,955.5647094667072,979.3054475901037,951.4595160158756,955.1690063476562,552909,,
2025-05-14,965.4566817467518,979.3054456242667,939.4902494764113,977.52490234375,697367,,
2025-05-15,984.2514622681327,1012.9381883040884,964.4675132778185,1005.6181030273438,1071460,,
2025-05-16,1011.404902476323,1021.2968161862904,982.7676254228097,989.741455078125,560528,,
2025-05-19,999.0894241986689,1025.4515603835462,982.8171140759125,1010.2178955078125,729845,,
2025-05-20,1013.1854784329973,1018.8733637158772,970.4026891313355,983.657958984375,602579,,
2025-05-21,1003.9364700675536,1007.4481087786804,983.9546704196952,1001.265625,406917,,
2025-05-22,999.0399619114131,1007.4975879085299,972.232675187815,981.3827514648438,342383,,
2025-05-23,984.2514292676362,1008.8329609135909,972.6778074211848,1006.4589233398438,473437,,
2025-05-26,1018.0325516835313,1026.4901171963133,998.5453503819144,1005.7664794921875,410602,,
2025-05-27,1011.9489897753263,1011.9489897753263,990.6812446334205,998.39697265625,279324,,
2025-05-28,998.8915636496415,1017.88416658826,998.396964929239,1013.8778686523438,671847,,
2025-05-29,1018.8733466234619,1020.6539502871486,996.1218058736175,1013.9768676757812,319865,,
2025-05-30,1004.0848383958951,1017.8841546078712,982.2730471580331,986.6749877929688,1273280,,
2025-06-02,994.1433929847467,1028.7653021931708,991.8188032310799,1008.4867553710938,737518,,
2025-06-03,1018.7249931343888,1035.4919627480458,1001.0678423965959,1003.1946411132812,473711,,
2025-06-04,1005.2223979053059,1021.8409019509321,994.6874215712643,1013.1854248046875,419409,,
2025-06-05,1015.9056739736092,1077.6809999082564,998.149569544185,1062.39794921875,1555439,,
2025-06-06,1095.4372722628127,1112.8471231050614,1042.7130002630454,1053.2974853515625,2406203,,
2025-06-09,1065.563534421853,1075.6039135337817,1035.8876084269818,1054.0888671875,1548191,,
2025-06-10,1062.892623060268,1066.1075146609621,987.2190207670055,1050.824462890625,479653,,
2025-06-11,1061.4582946046603,1101.7680877521263,1048.9943110424197,1075.3564453125,1488940,,
2025-06-12,1078.2252135129822,1098.0091623847802,1058.4907728140204,1069.7181396484375,1560231,,
2025-06-13,1048.648188667515,1137.577063239807,1044.988206416878,1128.1796875,2538226,,
2025-06-16,1127.684992208311,1178.7275519158347,1108.7913467523401,1156.9652099609375,2302686,,
2025-06-17,1159.3393339702034,1165.8680125538385,1127.8334214422443,1133.8179931640625,894802,,
2025-06-18,1135.2028896924674,1166.0659204145306,1101.0261926477444,1106.565673828125,791793,,
2025-06-19,1110.2257659903903,1147.4690752111503,1088.216122090866,1102.3616943359375,839416,,
2025-06-20,1095.7833989366225,1137.4285845314835,1092.4696118601942,1124.9647216796875,659293,,
2025-06-23,1108.494631543773,1151.0796298066202,1106.417341061799,1144.946533203125,454188,,
2025-06-24,1152.8600830032394,1175.9579393247832,1128.6742544233934,1135.25244140625,444866,,
2025-06-25,1138.813616584329,1187.0369944852941,1127.8335485356697,1177.14501953125,879204,,
2025-06-26,1189.0153102174693,1189.9549994748056,1134.7083471894882,1152.2666015625,1806780,,
2025-06-27,1167.2529737603436,1195.642891855384,1157.3609994064425,1182.7833251953125,3387240,,
2025-06-30,1193.466682469211,1193.466682469211,1165.2745561116706,1181.5963134765625,2857456,,
2025-07-01,1185.0585790039477,1195.3462569286016,1157.361049611535,1162.8016357421875,1117721,,
2025-07-02,1167.1540597813384,1176.2546277429133,1142.6219154694543,1164.483154296875,561379,,
2025-07-03,1165.1756229949879,1222.1533681743601,1162.2080308423992,1213.3494873046875,931488,,
2025-07-04,1213.3495727696654,1240.3547115610413,1179.4201725528244,1231.946533203125,1368232,,
2025-07-07,1230.5615787734437,1260.039709909668,1221.757697668869,1239.46435546875,1067244,,
2025-07-08,1227.5939953890552,1236.002173439665,1161.1199772190057,1207.216552734375,1215703,,
2025-07-09,1197.9180519474282,1205.8316311510446,1175.1665117370312,1181.6951904296875,605122,,
2025-07-10,1181.6952277091134,1193.3678057033414,1172.5946596385095,1181.4974365234375,735700,,
2025-07-11,1180.1126091476262,1201.4792508460719,1170.7152329641372,1181.101806640625,455960,,
2025-07-14,1178.2329543140536,1192.9720191655124,1163.6918013860716,1175.3642578125,584814,,
2025-07-15,1184.5638800454556,1194.5547495806893,1167.2529256397806,1184.3660888671875,379530,,
2025-07-16,1187.3337473624706,1190.1034277710814,1169.132490134797,1184.662841796875,601079,,
2025-07-17,1191.9829216987175,1196.6321013914087,1176.4525701067018,1192.576416015625,484846,,
2025-07-18,1200.8857130614429,1213.7452800052638,1171.2097893449327,1189.213134765625,1678716,,
2025-07-21,1188.9163751954516,1215.525809315921,1173.6827111365674,1208.0078125,441201,,
2025-07-22,1163.1972483176676,1163.1972483176676,1117.7930634485028,1131.74072265625,28185822,,
2025-07-23,1127.6850065104165,1134.0158938551876,1109.9783493631282,1112.8470458984375,1356863,,
2025-07-24,1109.879408366018,1128.3773502048007,1103.4496256972309,1106.51611328125,2553892,,
2025-07-25,1107.604363410255,1107.604363410255,1057.4520997758025,1066.2559814453125,1051171,,
2025-07-28,1060.419566101712,1069.3223423096554,1053.4951846066447,1062.991455078125,1105938,,
2025-07-29,1058.4412036466363,1075.2575592185922,1047.5600323941942,1070.707275390625,690591,,
2025-07-30,1054.5833593183436,1073.2792149549841,1046.4719886672658,1048.7470703125,995837,,
2025-07-31,1038.7561139678269,1050.4286910084027,1020.8516660679304,1041.3280029296875,1243584,,
2025-08-01,1041.6249698448635,1056.462932378266,1034.8983785290616,1041.13037109375,457383,,
2025-08-04,1038.6572254021357,1050.7253848632988,1028.6663562414508,1040.6356201171875,572079,,
2025-08-05,1048.5492279608577,1061.3098983759912,1041.4270550904564,1054.28662109375,497259,,
2025-08-06,1058.3423735486285,1063.8818551059649,1039.349710099936,1045.3839111328125,406828,,
2025-08-07,1044.5925109968116,1056.265089249895,1034.700536460857,1053.8909912109375,695308,,
2025-08-08,1054.484488947065,1058.4412787742585,1028.7653550703076,1031.53515625,563345,,
2025-08-11,1034.8983310018002,1037.8659233721955,1015.9057881319286,1031.53515625,355749,,
2025-08-12,1031.5351472793575,1032.5243447275534,1003.2440640354617,1007.5964965820312,1242101,,
2025-08-13,1007.794330060848,1026.7869328005304,1004.6288862082642,1016.8949584960938,326152,,
2025-08-14,1016.9938170879749,1034.8982657772679,1011.5532314184771,1027.281494140625,583115,,
2025-08-18,1035.2939910147506,1061.9034256446698,1027.1826205075004,1050.824462890625,418393,,
2025-08-19,1052.7038427088535,1070.7073081464675,1046.9665701421186,1067.2451171875,487563,,
2025-08-20,1063.288312561661,1096.3275299699087,1058.4412211369684,1090.98583984375,1046821,,
2025-08-21,1092.964241487856,1092.964241487856,1061.804523100552,1069.9158935546875,532904,,
2025-08-22,1063.2883217350095,1076.642486789799,1058.6390214501375,1065.9591064453125,742717,,
2025-08-25,1069.915928642744,1087.6225869970256,1058.441262470957,1080.89599609375,853932,,
2025-08-26,1080.8959942930583,1098.8994601504724,1069.4213281403875,1075.6533203125,2422947,,
2025-08-28,1068.5309613818295,1071.7953610358916,1016.9938020434898,1032.6231689453125,873607,,
2025-08-29,1025.7977230367105,1033.7113023851132,1002.3537321419034,1007.1018676757812,644147,,
2025-09-01,1007.1018543859279,1028.7653017166344,1002.3537189147071,1019.6647338867188,263961,,
2025-09-02,1022.8301826694947,1035.6897497630184,1009.3771212450604,1013.7296142578125,714095,,
2025-09-03,1009.6737251674332,1033.612312589743,1002.3536407869884,1028.9630126953125,883948,,
2025-09-04,1031.7328926644113,1038.657274494374,1013.2349495050232,1021.6431274414062,586066,,
2025-09-05,1023.8193461685203,1040.6357025790178,1017.7852659597875,1026.3912353515625,311880,,
2025-09-08,1030.6448802247357,1043.00984874468,1022.4344928268343,1028.765380859375,643249,,
2025-09-09,1028.86417060134,1038.6572488118932,1026.786880254043,1032.6231689453125,819360,,
2025-09-10,1032.6231310639896,1070.7072287899941,1032.3263235602783,1066.354736328125,1184367,,
2025-09-11,1061.4088047213302,1063.3871995111183,1043.1086529157901,1045.6805419921875,430699,,
2025-09-12,1054.484471327526,1059.4304585288746,1036.8767085900686,1057.2542724609375,343905,,
2025-09-15,1047.6589417387702,1071.2018881492918,1047.56004614914,1067.343994140625,353507,,
2025-09-16,1067.3439683268311,1085.2484166757777,1066.651578464529,1079.313232421875,461518,,
2025-09-17,1078.9175406479878,1095.6350006223104,1077.7305520853993,1091.084716796875,414858,,
2025-09-18,1091.0847598406938,1093.063154690813,1082.3797741995143,1090.1944580078125,196378,,
2025-09-19,1090.392378596613,1092.073965931903,1063.3872403775324,1069.1246337890625,857322,,
2025-09-22,1059.430545375605,1075.2577057173507,1030.9416084598024,1039.0531005859375,798208,,
2025-09-23,1036.6789250197814,1041.9217197923892,1004.4311123803723,1008.585693359375,1808589,,
2025-09-24,1010.9598052725812,1021.8409773449868,994.2423440291933,1015.4111938476562,1158063,,
2025-09-25,1013.9274126503351,1018.0819937478541,1001.0678454655016,1011.0587158203125,892451,,
2025-09-26,1005.0246436909736,1013.1360147586872,986.032039924011,990.97802734375,943039,,
2025-09-29,991.1758184003769,1029.457710391233,991.1758184003769,1017.5873413085938,1111488,,
2025-09-30,1026.7869354486465,1026.7869354486465,1000.9689065978091,1012.9381713867188,507273,,
2025-10-01,1017.7852245293633,1028.9630826491696,1002.0569617882824,1025.3031005859375,593561,,
2025-10-03,1033.6123684356278,1040.3388381811642,1022.038686617112,1037.8658447265625,458130,,
2025-10-06,1042.6140575497625,1053.6930201073221,1035.4918845844222,1050.92333984375,266966,,
2025-10-07,1048.5492981299637,1066.3548522491517,1043.2076077438787,1057.8477783203125,650935,,
2025-10-08,1055.3747924214517,1093.854597700046,1053.1984855621836,1073.5760498046875,1594145,,
2025-10-09,1081.984148518982,1081.984148518982,1064.8709854498359,1072.6856689453125,283733,,
2025-10-10,1074.8619629796183,1088.018337829907,1066.1570975631814,1083.2701416015625,257260,,
2025-10-13,1073.2792131685203,1092.073964366863,1071.300818305537,1089.5020751953125,651135,,
2025-10-14,1094.1512437904987,1119.3757780392023,1089.6009598018445,1114.5286865234375,1375997,,
2025-10-15,1118.7823168890122,1159.3394123730525,1105.2303601132946,1147.86474609375,2005553,,
2025-10-16,1161.3177876168331,1167.0551810351872,1145.4906286714588,1159.1416015625,915145,,
2025-10-17,1159.8339158979682,1169.4290820827825,1130.7514890803495,1152.3160400390625,778522,,
2025-10-20,1152.4149732287117,1181.8931041063752,1131.246124677445,1170.517333984375,2812550,,
2025-10-21,1187.13588859422,1187.13588859422,1157.3610681702548,1162.7027587890625,136457,,
2025-10-23,1147.4690607316618,1175.5622929205933,1147.4690607316618,1166.1649169921875,652187,,
2025-10-24,1172.2978631076392,1179.3211407879849,1157.5587970873055,1172.891357421875,494044,,
2025-10-27,1172.9909053029967,1182.9331909171406,1161.0601625660242,1166.2301025390625,607697,,
2025-10-28,1166.6278508445666,1176.5701367366019,1159.3699335970632,1165.037109375,500694,,
2025-10-29,1139.9824381647857,1139.9824381647857,1097.8271231124816,1120.197265625,1726758,,
2025-10-30,1128.3500516452139,1131.2333388308575,1110.752132773675,1113.1383056640625,310232,,
2025-10-31,1115.02734281371,1117.4135156582042,1067.8014856726925,1074.4627685546875,587485,,
2025-11-03,1082.41658585588,1098.5231613641722,1078.0420772799453,1087.288330078125,343479,,
2025-11-04,1092.6571196315108,1093.0548353039874,1065.7135516007422,1072.8719482421875,458901,,
2025-11-06,1075.3575992479018,1077.8431706780077,1056.566654963142,1062.034912109375,396590,,
2025-11-07,1053.882284826454,1070.088259073404,1046.326171963121,1059.84765625,922625,,
2025-11-10,1063.3274080119068,1072.7725790040647,1050.501835759924,1068.39794921875,308692,,
2025-11-11,1066.9066692984131,1082.8143266436234,1045.033640448749,1063.8245849609375,466556,,
2025-11-12,1074.5622185417226,1090.569273225751,1066.6083904884626,1082.71484375,341552,,
2025-11-13,1082.7148739463198,1088.6802451526357,1069.5911058387403,1079.33447265625,457966,,
2025-11-14,1080.7264105771965,1083.510299003563,1052.8880117766798,1059.2510986328125,601566,,
2025-11-17,1056.0695661976065,1073.7668837539434,1054.0811090054694,1065.6142578125,441511,,
2025-11-18,1073.5679801543258,1075.1587214771803,1049.905293367347,1071.7783203125,488323,,
2025-11-19,1073.7667702170238,1119.3024836484663,1060.7424012588442,1112.740478515625,1078355,,
2025-11-20,1122.3846543047646,1138.2923113873278,1111.1498229438873,1135.5084228515625,1134821,,
2025-11-21,1135.508365096989,1150.6207113762507,1114.5301676595168,1133.1221923828125,2783024,,
2025-11-24,1140.9766136007063,1147.6380174359972,1115.922103699459,1123.2794189453125,2106550,,
2025-11-25,1114.6296379081505,1137.3974966866629,1103.8920420526129,1113.5360107421875,902708,,
2025-11-26,1115.4249959528447,1151.7143367731571,1115.4249959528447,1143.36279296875,1023674,,
2025-11-27,1143.3627745391836,1167.1248599527632,1134.41471804279,1159.866943359375,490617,,
2025-11-28,1159.171134081352,1179.1551044107703,1137.397503748669,1176.3712158203125,1176162,,
2025-12-01,1178.0614053663317,1191.6822876335677,1174.3826869986742,1182.43603515625,560894,,
2025-12-02,1182.137694238909,1182.137694238909,1150.8194962838834,1156.1883544921875,492146,,
2025-12-03,1155.293555769739,1161.258926969927,1133.4205280357164,1141.4737548828125,323061,,
2025-12-04,1145.25186552829,1180.9446939520328,1117.4134667478893,1121.390380859375,312892,,
2025-12-05,1118.606475505526,1149.9246736594932,1107.6699618644582,1140.081787109375,476537,,
2025-12-08,1134.414772585876,1172.1954573871585,1111.7463131587908,1121.6885986328125,908990,,
2025-12-09,1123.6770584605024,1135.906118169607,1104.58791885027,1111.4481201171875,1731802,,
2025-12-10,1108.5648426003677,1112.9394725304242,1086.2940986193635,1096.435302734375,413626,,
2025-12-11,1095.6398983972656,1136.4032702977083,1095.5404998121305,1129.244873046875,471538,,
2025-12-12,1128.6481883166978,1140.3801336168744,1121.1914742782265,1135.6077880859375,258119,,
2025-12-15,1135.6078123897103,1151.3166721799325,1123.7765896214266,1138.0933837890625,1417718,,
2025-12-16,1139.3858978096812,1143.164014778053,1120.1972385934475,1126.858642578125,276111,,
2025-12-17,1132.625077299064,1146.4448779497236,1113.63533690961,1119.6007080078125,1050366,,
2025-12-18,1130.6366793712032,1146.0472221804905,1116.3198850797248,1136.60205078125,356957,,
2025-12-19,1135.4089884863336,1143.462215357431,1117.811191939647,1132.326904296875,1662158,,
2025-12-22,1127.8528333880752,1163.34674225132,1113.5359187312313,1158.7733154296875,332048,,
2025-12-23,1163.1479373531404,1179.7515046273552,1151.3165940222423,1174.8797607421875,473322,,
2025-12-24,1183.1319190187996,1209.9760886099825,1173.487951082355,1189.0972900390625,1291909,,
2025-12-26,1184.6232804558642,1200.1332210799892,1165.8323371725385,1172.5931396484375,223587,,
2025-12-29,1172.9908472017262,1181.1434724551868,1158.47501383145,1163.8438720703125,223221,,
2025-12-30,1157.6796895980676,1210.8709143446174,1157.5802910212308,1184.72265625,939031,,
2025-12-31,1191.0857862969406,1191.0857862969406,1163.4461844459051,1183.1319580078125,357058,,
2026-01-01,1191.085788208775,1191.085788208775,1164.5399347975158,1172.891357421875,132449,,
2026-01-02,1172.8914185545575,1206.6951905995093,1164.4404755433195,1193.1737060546875,343492,,
2026-01-05,1201.0281354253545,1213.953107081422,1184.8221608795059,1192.080078125,458955,,
2026-01-06,1198.0454059398364,1202.9171501209657,1168.7156636367451,1180.1492919921875,388064,,
2026-01-07,1173.2890840400164,1193.471972090406,1161.7560571679894,1184.921630859375,1265898,,
2026-01-08,1183.131996610637,1190.1909951743994,1163.5457423559208,1176.072998046875,1029259,,
2026-01-09,1173.189617272291,1177.5642468979881,1123.4781928116006,1134.3153076171875,1067665,,
2026-01-12,1134.3153426774516,1148.2345419566698,1111.0503710376008,1123.975341796875,2217034,,
2026-01-13,1125.4666682988523,1146.9419797458856,1114.033040484862,1130.239013671875,732421,,
2026-01-14,1128.8471018617397,1157.5803307696603,1123.5776420848279,1142.5673828125,665428,,
2026-01-16,1183.1319643628465,1229.0652744329707,1180.1492787384022,1190.7874755859375,4335885,,
2026-01-19,1187.0094897875376,1220.9126590599365,1154.4981433921191,1163.3468017578125,4730830,,
2026-01-20,1155.2935962902554,1157.1826548430624,1117.0157964131688,1123.08056640625,1700344,,
2026-01-21,1117.7116219456616,1127.355711135681,1081.8199976645037,1088.978515625,841203,,
2026-01-22,1096.6340364633045,1110.652634052462,1090.768064034995,1099.9150390625,1863695,,
2026-01-23,1103.4943203095117,1127.554603292233,1093.850230306909,1105.8804931640625,1476232,,
2026-01-27,1101.6052844160583,1118.5071705487958,1093.9497727728426,1107.2723388671875,2585701,,
2026-01-28,1104.5879371531198,1145.3513083711919,1097.72773577253,1133.3211669921875,1596026,,
2026-01-29,1133.2217873786255,1136.6020674679783,1115.5244700560181,1129.244873046875,927491,,
2026-01-30,1128.648248678899,1151.2173105285137,1118.904881300343,1127.7535400390625,959196,,
2026-02-02,1085.6975918786584,1118.507134490376,1061.239593477627,1104.0908203125,1295821,,
2026-02-03,1143.362808219443,1181.6406065815722,1143.362808219443,1160.8612060546875,1208601,,
2026-02-04,1136.4032181089078,1163.5457057229162,1130.2390497240985,1159.369873046875,991518,,
2026-02-05,1160.0658838622558,1165.1364250331433,1124.6712515131585,1134.2159423828125,879272,,
2026-02-06,1125.4667036490355,1128.4493892594128,1095.6398475452625,1107.47119140625,561036,,
2026-02-09,1108.4653755767663,1133.4204865782715,1108.4653755767663,1131.7303466796875,357498,,
2026-02-10,1131.4320834253535,1163.5457139528983,1117.5128838050064,1155.6912841796875,1057832,,
2026-02-11,1156.3872312390654,1156.4866298234008,1120.1972868381063,1131.829833984375,766800,,
2026-02-12,1128.4493934618145,1140.1813387859706,1104.1901928005789,1137.795166015625,568928,,
2026-02-13,1129.7419239375345,1139.5846892636087,1109.1613206062273,1120.2967529296875,471438,,
2026-02-16,1102.5995068777945,1129.2448816498336,1087.5866794342223,1113.1383056640625,761308,,
2026-02-17,1106.1786326993795,1124.8701775166662,1106.1786326993795,1118.109375,884322,,
2026-02-18,1117.5128532290696,1135.4089665370084,1113.8342562620853,1120.6943359375,311999,,
2026-02-19,1116.1208775904909,1123.1798755899442,1083.1125402986843,1098.1253662109375,648460,,
2026-02-20,1098.1254404474655,1104.7867232284448,1077.5449578781072,1094.2479248046875,405322,,
2026-02-23,1103.5936322822836,1123.4782022333159,1093.750745883366,1120.3961181640625,793296,,
2026-02-24,1113.5360054239827,1122.4840626104256,1092.657205322283,1106.97412109375,432011,,
2026-02-25,1113.535998660872,1130.7362014722187,1098.1254558222618,1125.2679443359375,682336,,
2026-02-26,1128.0516527843977,1136.3037980340239,1112.6411107480924,1121.7880859375,628620,,
2026-02-27,1123.4782485099865,1123.4782485099865,1086.6917925853234,1097.2305908203125,1253674,,
2026-03-02,1048.9110616585162,1088.4814042844587,1042.1502593498542,1068.497314453125,1837718,,
2026-03-04,1050.2036771389285,1065.0175855996704,1033.3017916082322,1060.245361328125,1197644,,
2026-03-05,1059.1517680438717,1077.8431927617587,1059.1517680438717,1074.7611083984375,315551,,
2026-03-06,1067.801471817953,1078.1414730994043,1055.17481767145,1058.0579833984375,276113,,
2026-03-09,1043.0451766510898,1051.8938352662803,1016.499322171311,1029.1259765625,1439537,,
2026-03-10,1033.898284881123,1054.1805714068073,1026.839286507568,1049.70654296875,326555,,
2026-03-11,1048.9111044853648,1058.853389835937,1033.9976764595067,1042.0509033203125,745098,,
2026-03-12,1033.9976505501647,1043.0451057193216,1011.4286512333085,1037.3780517578125,934229,,
2026-03-13,1035.886711379531,1035.886711379531,1015.6044254526932,1021.4703979492188,582449,,
2026-03-16,1019.0842545888543,1032.904055582778,1004.4690828986596,1016.9963989257812,331156,,
2026-03-17,1016.9963672998525,1039.8636230331736,1014.2124789251343,1037.3780517578125,433488,,
2026-03-18,1043.9399589356308,1082.2177574299374,1035.4890164109138,1063.625732421875,566638,,
2026-03-19,1052.9873767448898,1058.853349149485,1030.0207227407195,1034.4947509765625,563719,,
2026-03-20,1028.628866788528,1048.9111541369414,1028.628866788528,1034.59423828125,413078,,
2026-03-23,1034.5941965636023,1034.5941965636023,968.2792013564949,979.7128295898438,550431,,
2026-03-24,990.2516142728614,1004.1708136702712,978.6191283541617,983.5902709960938,2023338,,
2026-03-25,994.029692720275,1012.9200351810473,986.3741207443303,996.31640625,871077,,
2026-03-27,992.2400552476182,993.1348851818202,964.2027990649648,971.7589721679688,602539,330059.0,54.78
2026-03-30,963.5068410380095,963.5068410380095,926.7203855468184,944.119384765625,1347427,788793.0,58.54
2026-04-01,960.4744705535611,977.0284000456938,944.5171145961731,947.5494995117188,610228,327742.0,53.71
2026-04-02,930.5979428501514,934.8234142786911,909.7191428503082,928.4603271484375,636396,370038.0,58.15
2026-04-06,925.6267965379025,934.8234107892189,913.2486387333352,924.0857543945312,2743646,1982782.0,72.27
2026-04-07,919.8105889775835,929.305459717216,900.8207868154223,923.8869018554688,703930,356185.0,50.6
2026-04-08,956.4478292005575,980.160154954878,953.0177286952244,966.0918579101562,3000755,1729374.0,57.63
2026-04-09,966.1415798878118,1010.0864933169465,959.0328215820348,992.3394775390625,3056871,1845661.0,60.38
2026-04-10,992.2400698006143,1016.101554445118,986.920971455101,1006.8055419921875,1139241,624944.0,54.86
2026-04-13,985.2804781576972,1009.7882358179256,970.764765820257,1003.6737060546875,604509,262447.0,43.41
2026-04-15,1021.0230062990872,1059.6488842775932,1014.3617232640585,1049.9053955078125,1795093,1050800.0,58.54
2026-04-16,1064.8188074814607,1078.7380075792576,1050.800208798981,1070.2373046875,796315,346580.0,43.52
2026-04-17,1077.743690292949,1117.5128301561574,1072.6233892624043,1106.8746337890625,2641982,1484788.0,56.2
2026-04-20,1101.3069196574077,1121.1418521100534,1090.4201655479226,1102.8480224609375,671866,313927.0,46.72
2026-04-21,1109.5589972380951,1125.4666531124763,1090.1715416411928,1101.953125,1199787,582068.0,48.51
2026-04-22,1107.570653182038,1117.3141419448589,1035.9861944485492,1048.811767578125,5903548,2433064.0,41.21
2026-04-23,1042.945759134073,1050.8995876117397,1027.833533572822,1046.177001953125,1335631,668775.0,50.07
2026-04-24,1050.8001780352567,1056.3180736644342,1024.254202949298,1033.5999755859375,896365,363380.0,40.54
2026-04-27,1034.9000244140625,1046.449951171875,1025.0,1042.050048828125,592351,232114.0,39.19
2026-04-28,1041.0,1049.5,1030.050048828125,1038.949951171875,645825,209943.0,32.51
2026-04-29,1045.0,1055.5,1034.1500244140625,1046.800048828125,687054,326416.0,47.51
2026-04-30,1038.199951171875,1041.3499755859375,1009.0,1034.6500244140625,1026753,407357.0,39.67
2026-05-01,1034.6500244140625,1034.6500244140625,1034.6500244140625,1034.6500244140625,0,0.0,0.0
2026-05-04,1041.0,1072.4000244140625,1033.4000244140625,1066.5,2455293,1226067.0,49.94
2026-05-05,1065.5999755859375,1085.5999755859375,1050.5,1070.699951171875,1750453,1023490.0,58.47
2026-05-06,1079.800048828125,1097.5999755859375,1075.0,1084.0999755859375,2173450,1482818.0,68.22
2026-05-07,1084.0999755859375,1118.0,1083.0,1111.699951171875,809803,392227.0,48.43
2026-05-08,1112.9000244140625,1134.9000244140625,1105.699951171875,1118.5,732727,337781.0,46.1
2026-05-11,1115.0,1134.4000244140625,1111.0,1115.300048828125,935561,460905.0,49.27
2026-05-12,1105.0999755859375,1115.300048828125,1075.0,1078.0999755859375,925297,464715.0,50.22
2026-05-13,1070.0,1100.0,1070.0,1077.5,568085,245968.0,43.3
2026-05-14,1080.0999755859375,1106.699951171875,1062.0,1102.0999755859375,403296,152937.0,37.92
2026-05-15,1116.0999755859375,1123.5,1090.0,1093.800048828125,684883,333812.0,48.74
2026-05-18,1085.0,1111.800048828125,1066.800048828125,1104.9000244140625,661233,356383.0,53.9
2026-05-19,1104.0,1121.5,1092.0,1098.4000244140625,442746,252295.0,56.98
2026-05-20,1090.0999755859375,1111.0,1076.0,1107.4000244140625,310456,125466.0,40.41
2026-05-21,1118.800048828125,1131.0,1105.199951171875,1111.800048828125,833753,393221.0,47.16
2026-05-22,1110.5999755859375,1121.800048828125,1103.0,1112.4000244140625,482891,306144.0,63.4
2026-05-25,1125.4000244140625,1144.4000244140625,1119.0999755859375,1142.4000244140625,725309,414611.0,57.16
2026-05-26,1152.0,1152.0,1121.699951171875,1125.300048828125,762091,344771.0,45.24
2026-05-27,1125.9000244140625,1129.5,1109.199951171875,1112.0999755859375,274760,125760.0,45.77
2026-05-28,1112.0999755859375,1112.0999755859375,1112.0999755859375,1112.0999755859375,0,0.0,0.0
2026-05-29,1118.0,1127.800048828125,1095.0,1104.5,1006275,632162.0,62.82
2026-06-01,1108.0,1114.9000244140625,1069.800048828125,1078.800048828125,1197416,187865.0,15.69
2026-06-02,1070.0,1093.0,1051.800048828125,1089.199951171875,1196484,677183.0,56.6
2026-06-03,1082.5,1085.5999755859375,1049.199951171875,1072.5,765530,439575.0,57.42
2026-06-04,1064.300048828125,1081.5,1062.0999755859375,1071.800048828125,2527568,1858208.0,73.52
2026-06-05,1068.0,1093.300048828125,1050.699951171875,1073.9000244140625,2432019,1723202.0,70.85
2026-06-08,1068.0,1068.9000244140625,1047.699951171875,1054.9000244140625,344987,147541.0,42.77
2026-06-09,1056.4000244140625,1083.0,1056.4000244140625,1075.0,384782,212586.0,55.25
2026-06-10,1080.0,1080.0,1048.0,1052.0,947964,631101.0,66.57
2026-06-11,1041.699951171875,1071.699951171875,1031.300048828125,1064.0999755859375,690962,335318.0,48.53
2026-06-12,1079.699951171875,1099.0,1058.0,1096.800048828125,696601,336020.0,48.24
2026-06-15,1109.800048828125,1134.699951171875,1106.0,1130.800048828125,2132710,1289346.0,60.46
2026-06-16,1143.199951171875,1165.0999755859375,1130.300048828125,1133.5999755859375,1168609,479917.0,41.07
2026-06-17,1160.0,1160.0,1127.0,1136.9000244140625,382759,125708.0,32.84
2026-06-18,1144.0,1162.199951171875,1136.0,1141.300048828125,1011855,488272.0,48.26
2026-06-19,1141.800048828125,1150.0,1130.5,1145.0999755859375,1587197,1074088.0,67.67
2026-06-22,1148.9000244140625,1155.5,1134.4000244140625,1139.199951171875,496298,316736.0,63.82
2026-06-23,1139.199951171875,1141.0,1111.300048828125,1116.9000244140625,385961,200234.0,51.88
2026-06-24,1109.699951171875,1115.300048828125,1090.5999755859375,1099.9000244140625,561423,320124.0,57.02
2026-06-25,1109.9000244140625,1110.0,1079.0999755859375,1085.4000244140625,708654,452771.0,63.89
2026-06-25,1109.9000244140625,1110.0,1079.0999755859375,1085.4000244140625,708654,0.0,0.0
2026-06-26,1085.4000244140625,1085.4000244140625,1085.4000244140625,1085.4000244140625,0,,
2026-06-29,1079.800048828125,1097.0,1069.0,1089.800048828125,701139,435358.0,62.09
2026-06-30,1083.0999755859375,1107.0,1066.0999755859375,1074.5999755859375,1408657,775817.0,55.07
2026-07-01,1074.5,1084.9000244140625,1061.699951171875,1065.9000244140625,1496165,0.0,0.0
2026-07-02,1075.0,1081.5999755859375,1060.5999755859375,1070.0,905046,485053.0,53.59
2026-07-03,1084.0,1120.9000244140625,1077.5,1109.5,1319185,582086.0,44.12
2026-07-06,1110.199951171875,1138.9000244140625,1109.4000244140625,1133.300048828125,1252279,783372.0,62.56
2026-07-07,1140.0,1154.0,1126.4000244140625,1150.0999755859375,1855535,1263196.0,68.08
2026-07-08,1142.800048828125,1149.9000244140625,1081.199951171875,1091.699951171875,2679587,,
2026-07-09,1090.800048828125,1106.800048828125,1086.5999755859375,1100.199951171875,1022506,,
2026-07-10,1106.800048828125,1133.5999755859375,1104.0,1129.0,2189046,,
2026-07-13,1127.0,1127.0,1094.800048828125,1118.0,2239860,1582703.0,70.66
2026-07-14,1107.0,1112.5999755859375,1086.199951171875,1098.800048828125,1524014,,
2026-07-15,1104.199951171875,1119.800048828125,1092.5,1098.5999755859375,649100,275996.0,42.52
2026-07-16,1106.0999755859375,1107.5,1065.5999755859375,1081.300048828125,1542092,,
2026-07-17,1108.300048828125,1127.800048828125,1085.699951171875,1113.699951171875,5362295,2209546.0,41.21
2026-07-20,1105.0,1128.9000244140625,1102.199951171875,1126.5,881095,428644.0,48.65
2026-07-21,1126.0,1134.5999755859375,1112.699951171875,1119.699951171875,711700,422672.0,59.39
2026-07-22,1114.0,1128.0,1087.800048828125,1093.5999755859375,913719,,
2026-07-23,1080.0,1098.9000244140625,1072.300048828125,1083.199951171875,1503658,564688.0,37.55
2026-07-24,1068.300048828125,1105.0,1065.0,1102.300048828125,918262,,
2026-07-27,1116.300048828125,1136.9000244140625,1103.0999755859375,1132.699951171875,928617,548118.0,59.03
2026-07-28,1139.5,1139.5,1122.4000244140625,1128.300048828125,617932,312637.0,50.59
2026-07-29,1128.300048828125,1170.0,1113.5,1161.300048828125,1135914,,
2026-07-30,1162.0,1164.300048828125,1125.699951171875,1142.9000244140625,1268562,738700.0,58.23
2026-07-31,1140.0,1166.0,1132.0,1135.300048828125,1168016,700183.0,59.95
2026-08-03,1153.5999755859375,1158.5,1136.5999755859375,1147.800048828125,366010,142911.0,39.05
2026-08-04,1147.800048828125,1174.0,1144.4000244140625,1155.0,1180507,559125.0,47.36
2026-08-05,1174.0,1194.699951171875,1163.300048828125,1192.0,1854520,,
2026-08-06,1193.0999755859375,1197.0,1180.9000244140625,1186.0,959901,553608.0,57.67
2026-08-07,1185.5999755859375,1192.800048828125,1151.0,1168.0999755859375,1707560,1012314.0,59.28
2026-08-11,1162.199951171875,1176.699951171875,1147.800048828125,1168.0,475208,230844,48.37
2026-08-12,1160.0,1167.5,1140.0,1161.0,997503,555374,55.67
2026-08-13,1158.0,1184.9000244140625,1149.199951171875,1183.0,388853,186527,47.97
2026-08-14,1179.0,1191.5,1167.0,1180.0,396559,158281,39.89
2026-08-19,1163.5999755859375,1185.5,1157.5,1180.5,634420,348591,54.94
