date,open,high,low,close,volume,delivery_qty,delivery_pct
2022-01-03,867.0431612551012,885.1652909723163,867.0431612551012,875.1082153320312,701976,,
2022-01-04,879.4808780485624,890.0723743484319,868.1120971322836,884.582275390625,851040,,
2022-01-05,892.0157741123651,892.2586977981256,869.7639407736918,873.7479248046875,1264377,,
2022-01-06,869.6667568345558,873.7478864376334,859.1238930585153,871.5130004882812,1042611,,
2022-01-07,873.4564018313625,877.2459756301107,858.5408523921691,860.4356689453125,630249,,
2022-01-10,860.8730285915259,874.4767559285316,859.9013337817397,871.4158935546875,667948,,
2022-01-11,873.0676766228156,874.1365170559334,852.1762408438613,856.4517211914062,934861,,
2022-01-12,861.6988967188789,890.1209682975622,856.3060026910986,888.8092041015625,1883589,,
2022-01-13,890.1208945632114,923.6929336999839,884.4365044413653,915.6764526367188,4088111,,
2022-01-14,913.1987015649916,930.883557632035,905.7166402319108,917.4741821289062,1892243,,
2022-01-17,919.2232701573838,930.8836076223823,911.0124373309386,919.7576904296875,1597608,,
2022-01-18,920.1948499910764,929.425949331008,887.5945057626146,891.5784301757812,1587776,,
2022-01-19,895.3196441319907,907.805899030912,881.0842910851266,897.4087524414062,1132268,,
2022-01-20,903.6761250543262,904.5020418757142,876.6630226400171,884.6795043945312,2049119,,
2022-01-21,884.2421768884775,895.1251693886126,864.9540608189253,873.8450317382812,1141509,,
2022-01-24,870.6384513717444,873.8450320208693,822.6853416403002,831.1390380859375,1910110,,
2022-01-25,825.9405305032424,857.4234638595586,807.9641777805248,850.184326171875,2057540,,
2022-01-27,850.0385282929001,850.0385282929001,799.9962502659773,818.2640991210938,3179684,,
2022-01-28,827.8839159104825,850.6215964789274,821.8108238043317,830.7504272460938,2246342,,
2022-01-31,840.515946420377,856.1602079428732,832.3051140418144,841.8763427734375,1556154,,
2022-02-01,845.4715787940837,861.0673269876161,838.1838681644109,855.9172973632812,1326673,,
2022-02-02,862.864955388705,873.0677504693147,859.9498710799593,861.9418334960938,759682,,
2022-02-03,866.557349970391,871.4643965045448,856.0630587283057,862.5734252929688,969604,,
2022-02-04,861.0187046674771,868.597971255194,851.5446807403725,860.0956420898438,548582,,
2022-02-07,860.0956562330545,862.9621083813316,827.9810963829569,831.673583984375,1952437,,
2022-02-08,831.7707042044642,841.4390788076013,819.3815961687084,823.8027954101562,1534006,,
2022-02-09,824.2400406134483,841.4390489015497,824.2400406134483,830.4102783203125,1010236,,
2022-02-10,834.3943436592141,840.4674362104377,819.7217164709314,836.9692993164062,820059,,
2022-02-11,837.6008018789257,837.6008018789257,816.8551444881174,820.4017944335938,1515571,,
2022-02-14,806.5066179185601,811.1707407148946,785.1779069446277,790.57080078125,1479218,,
2022-02-15,796.7896619570495,829.8272820869759,793.194379669638,827.5438232421875,2366674,,
2022-02-16,828.8555173051816,839.3498074212787,822.6366479658105,825.697509765625,1116311,,
2022-02-17,832.4509386579027,837.5523363066492,822.6854178775254,827.0580444335938,977599,,
2022-02-18,822.2481406095816,825.2603707262227,810.3934523468362,812.2882690429688,1443436,,
2022-02-21,812.2882608673452,820.4990935962493,800.4821456012683,815.1061401367188,1174568,,
2022-02-22,802.6683512875491,817.7781911867925,798.8301455704175,815.1546630859375,1813004,,
2022-02-23,821.8594911953423,844.4028235474157,816.3694508845392,832.4509887695312,1847750,,
2022-02-24,816.3207219646484,834.8801269607119,805.9236357612838,820.644775390625,5468778,,
2022-02-25,829.0985461523369,872.5818862523276,829.0985461523369,855.1399536132812,3874313,,
2022-02-28,855.0913903437925,868.6951170083528,841.1475942356348,860.0956420898438,2748107,,
2022-03-02,855.1399121671278,867.7233704421014,845.3743922560227,858.5894165039062,2254261,,
2022-03-03,865.7800614591131,868.3064442005106,846.8320129760011,851.9334106445312,3579885,,
2022-03-04,845.3258210522138,850.9130656097706,799.5103919572325,802.4254760742188,2153794,,
2022-03-07,787.0728586504537,791.5426314086587,743.5409395643828,753.0635375976562,2749718,,
2022-03-08,750.1483858981327,769.0478616271527,744.4153628528366,766.7643432617188,2322268,,
2022-03-09,768.5133862246462,798.7330686260464,760.6426233215445,793.9717407226562,1993280,,
2022-03-10,805.5349644463271,836.3377005212836,801.7939633043037,822.5881958007812,2544833,,
2022-03-11,815.2517849837103,831.7705934994708,814.5715868892019,827.738037109375,1025573,,
2022-03-14,830.798989011102,838.5239739283271,823.9971259431749,830.7018432617188,1081248,,
2022-03-15,830.6046724525028,841.3905199180357,826.912244210603,833.95703125,1356249,,
2022-03-16,842.4593186159697,864.2738768476372,841.4876239001496,852.419189453125,1966583,,
2022-03-17,864.0795130024366,895.9025144652759,860.6785815483927,893.5218505859375,3898848,,
2022-03-21,896.4369473008844,908.4374126135043,876.4686327727253,879.3351440429688,2156745,,
2022-03-22,878.8979929783757,892.2102243023547,861.1159890615498,890.21826171875,1029613,,
2022-03-23,891.044040636818,899.7407200705169,875.7398490991626,878.5091552734375,1478958,,
2022-03-24,874.5252927945428,890.0238362339101,870.6870865924361,880.06396484375,1445436,,
2022-03-25,880.3554347052141,884.2422136663849,858.2008064880479,862.0875854492188,1549820,,
2022-03-28,864.7111922331022,866.5573766959637,844.1598242983896,847.4149780273438,1924067,,
2022-03-29,850.2814948548441,853.1480062818782,833.7141109223821,835.268798828125,1498901,,
2022-03-30,840.5158848804494,858.6865869700079,837.1635264260665,855.334228515625,2257862,,
2022-03-31,861.6988411433515,864.8082760197615,852.7592381139993,863.2049560546875,1101499,,
2022-04-01,863.8366118635131,879.1408038059769,857.3262453344174,873.9422607421875,1377931,,
2022-04-04,882.1044844644989,891.6270811775609,877.2460107019631,883.36767578125,1032230,,
2022-04-05,887.1573130381629,911.1096125184529,885.116777771716,902.0242309570312,1108730,,
2022-04-06,903.6760367413951,917.2797620256742,897.360021430837,902.169921875,1523973,,
2022-04-07,906.4941097265644,906.4941097265644,875.1569521816889,877.100341796875,1240662,,
2022-04-08,872.5818562500718,888.2747496595447,872.5818562500718,877.5374755859375,1295505,,
2022-04-11,877.3917826915313,891.6270751347602,873.9422782050173,884.6309204101562,793267,,
2022-04-12,881.4242587317817,890.1695112310576,866.946042956393,874.9625244140625,995964,,
2022-04-13,880.3554554450193,886.1856240241253,866.120103441352,868.6465454101562,1138781,,
2022-04-18,860.9215935343615,873.5536259451366,842.3136143754714,861.796142578125,1534952,,
2022-04-19,866.7516544151084,878.4119905731592,826.377752329365,834.6857299804688,994050,,
2022-04-20,838.3782421977786,848.4838916071848,833.8598970667551,838.6697387695312,978103,,
2022-04-21,848.2894938401541,856.0630516302128,841.4876307738527,846.4918823242188,960928,,
2022-04-22,846.3461004714795,859.5611249303378,841.5847726241122,847.5121459960938,1338384,,
2022-04-25,841.487580541937,842.4592752076898,816.6607936934597,820.4017944335938,1009053,,
2022-04-26,830.7990472386246,847.1720807623567,826.7664901284255,845.7145385742188,1301427,,
2022-04-27,843.2367209683727,849.7956607547309,831.0905361788202,840.7589111328125,878716,,
2022-04-28,847.9008279262267,847.9008279262267,830.9448017288046,838.6211547851562,858615,,
2022-04-29,841.4876811336885,857.5206450351965,835.8518632601216,838.4268188476562,1524361,,
2022-05-02,833.2281605802474,833.6654350333124,811.4621767441168,822.1508178710938,834125,,
2022-05-04,830.0216695917027,834.588646790757,798.4901630060726,802.328369140625,715713,,
2022-05-05,810.3933637176334,818.8956921739035,790.9594701033017,794.3118286132812,995021,,
2022-05-06,785.1292910349408,797.2269015021226,775.5094901074143,794.2632446289062,1177251,,
2022-05-09,789.016149732873,789.016149732873,769.8251781106757,778.0360107421875,962919,,
2022-05-10,777.1614178088844,796.3523883465066,771.5741732219817,784.0604858398438,1272079,,
2022-05-11,781.4855015711752,796.5467701746607,771.3312795866719,787.55859375,1041950,,
2022-05-12,782.1170924273839,784.6920478132506,759.0879160382411,769.2907104492188,932166,,
2022-05-13,780.8538894315716,822.0051983138776,777.5987356918358,799.2675170898438,2148295,,
2022-05-16,794.4089998747945,796.7410909064358,775.6067309220134,787.947265625,1147390,,
2022-05-17,792.9029794336344,812.531226815437,790.0364678303002,810.1019897460938,735774,,
2022-05-18,809.6161189930764,825.9405797669617,809.3731952931449,813.8915405273438,1065578,,
2022-05-19,784.2062239711913,801.5995834496193,768.6105353369247,773.274658203125,1455374,,
2022-05-20,787.0727514164428,788.8703629898713,769.7280237656524,776.1897583007812,1343721,,
2022-05-23,777.3557853627601,779.9793729998673,758.8935854603945,761.6143188476562,1365475,,
2022-05-24,757.9219157295709,770.1166731531986,746.8932038839586,751.3629760742188,1035665,,
2022-05-25,751.362855570086,759.9623291271188,721.1917498558392,724.9813232421875,1187130,,
2022-05-26,725.3701126547455,743.3464650782055,708.1711041502517,735.9616088867188,1665004,,
2022-05-27,745.2898278530778,765.160996141698,743.0063690526837,755.7841186523438,1650821,,
2022-05-30,776.3840812096602,807.2839614413527,758.4563017657765,799.3646850585938,3971701,,
2022-05-31,787.0727392145966,802.4740771169525,782.5543349516448,786.48974609375,1981144,,
2022-06-01,789.6963477265125,797.7614024180735,769.4851084670757,778.8133544921875,1025708,,
2022-06-02,779.29915423877,805.5349113016713,778.8618797595474,800.8707885742188,2027812,,
2022-06-03,801.6481515850868,808.2556638820984,782.214257001206,783.8661499023438,1141204,,
2022-06-06,782.2142321121587,783.7689199063851,771.039743081985,779.8821411132812,428231,,
2022-06-07,777.3557632067614,779.1533746861618,760.8855261123105,767.7359619140625,655873,,
2022-06-08,771.5255553819592,771.5255553819592,746.94169249389,749.7109985351562,1133798,,
2022-06-09,753.9380038498268,770.9426625071527,750.148370483177,763.8492431640625,1634604,,
2022-06-10,758.8449862660937,766.4241930490009,750.6341542064699,764.0921020507812,829213,,
2022-06-13,752.0916919825919,761.6142881074273,743.395012623353,758.1162109375,894632,,
2022-06-14,756.9502899875243,762.2946116754979,741.840446894854,746.2130737304688,832945,,
2022-06-15,749.1766661059992,757.8733461408522,739.5568641800648,746.4559326171875,754798,,
2022-06-16,755.0067793158396,755.0067793158396,718.7140061180739,726.293212890625,1406780,,
2022-06-17,719.0540713554113,726.2932086650239,691.8466200068283,711.5234375,3085598,,
2022-06-20,714.1956224903485,729.7427380819752,703.6041262705371,717.0621337890625,785017,,
2022-06-21,719.1513198763677,735.5729862244766,719.1513198763677,732.4149780273438,615510,,
2022-06-22,731.6860524534617,733.629441703006,715.2643895717983,727.3619995117188,1087362,,
2022-06-23,720.0256998658895,735.6213863618021,720.0256998658895,732.46337890625,426649,,
2022-06-24,733.7266517155263,744.9497730607958,729.2083068990571,739.7997436523438,716566,,
2022-06-27,749.1766470339886,752.6747243866175,738.7795014198687,748.4478759765625,795387,,
2022-06-28,743.3464707556759,752.5775707193085,731.2002865930015,750.4884033203125,1000883,,
2022-06-29,739.4597023104886,748.6422295292032,720.1715853096373,724.641357421875,1960095,,
2022-06-30,726.536146754706,743.2493076334172,722.2606663063596,738.2450561523438,1328305,,
2022-07-01,738.9738297835627,769.0963659088625,732.7063870185652,766.4727783203125,2124003,,
2022-07-04,767.6388180852504,778.0845361794484,763.6062613305214,775.509521484375,801738,,
2022-07-05,776.5784242178157,782.11709592721,767.930317574416,770.6024780273438,828031,,
2022-07-06,771.5256305816506,789.2590597480424,769.5336682080298,786.78125,810926,,
2022-07-07,792.9028470092024,793.6801908800572,782.6029072784207,791.93115234375,811550,,
2022-07-08,794.8462012259515,795.8178958484772,784.1575603781698,791.0079956054688,417876,,
2022-07-11,787.072731857783,801.1623054527679,786.0524642520678,793.9717407226562,854397,,
2022-07-12,791.9311938347009,794.7977051094754,785.6637510526608,788.481689453125,410581,,
2022-07-13,792.9029102591415,794.8462997450708,782.2142680865306,783.9147338867188,959665,,
2022-07-14,787.0241769732545,808.3528886609283,784.9835824076389,801.551025390625,1723421,,
2022-07-15,806.4095255177745,810.3934504118901,797.7128453335004,800.6279296875,672847,,
2022-07-18,803.542954816348,810.4419635559716,800.8707943554667,807.6240844726562,568407,,
2022-07-19,805.5349641917177,810.6363617333419,794.554825154111,798.2472534179688,788414,,
2022-07-20,805.4378517426273,805.4378517426273,789.9878805404061,793.7288818359375,793719,,
2022-07-21,796.6438858384303,826.0376508737827,791.688266530692,819.52734375,1788878,,
2022-07-22,823.4141874951034,824.823097492389,810.5392315475225,820.0618286132812,734646,,
2022-07-25,820.1103969905736,845.3744613528424,814.8632214384697,840.7589111328125,1201643,,
2022-07-26,843.3338683372002,843.8682885698713,822.0537303187006,826.2805786132812,1018445,,
2022-07-27,811.3651121548866,813.6972032661324,762.8775206515962,770.456787109375,6620183,,
2022-07-28,777.3557349120457,777.3557349120457,754.9096117894748,758.553466796875,3417970,,
2022-07-29,762.7803636974486,769.8737233709616,754.3266076777651,756.9501953125,1544031,,
2022-08-01,759.8653051403985,772.9831844490883,751.7516775872997,771.039794921875,1559712,,
2022-08-02,771.0397205631941,773.4689572379364,759.2822387804559,763.2175903320312,1201738,,
2022-08-03,763.2177610306442,763.2177610306442,743.3465887254284,753.0635375976562,1989560,,
2022-08-04,760.8369153382152,771.5255565498633,752.091663437776,763.9463500976562,1086913,,
2022-08-05,766.6671518955121,775.0237029586829,761.0313342500571,764.2379150390625,1383706,,
2022-08-08,767.5416219221054,767.5416219221054,755.8326540326052,758.9906616210938,917828,,
2022-08-10,760.7397583022411,761.7600258139723,749.0794226080901,754.3265380859375,1071170,,
2022-08-11,757.9219106138032,769.5822477001694,755.5412465971618,762.7318115234375,1861706,,
2022-08-12,762.7318953727489,775.4125014866794,757.0960770229518,765.9384765625,815515,,
2022-08-16,772.4972760423069,791.4453224357975,765.6954132343873,788.3844604492188,2092015,,
2022-08-17,789.9878260302477,792.6114136977603,774.7322067041948,783.9147338867188,2071513,,
2022-08-18,781.2425122730992,792.7084974822669,775.5094900147475,785.4693603515625,1046049,,
2022-08-19,789.9878660259825,790.6680642420031,765.015298005965,769.582275390625,1450973,,
2022-08-22,767.5417212576082,772.4973408532728,748.3993224592325,751.8973999023438,1540261,,
2022-08-23,745.2897726084685,752.8689787734887,739.3138269799247,745.969970703125,2714460,,
2022-08-24,755.9784995437311,766.181294203383,741.7431480336771,753.8407592773438,3988498,,
2022-08-25,762.5859845091488,809.9075280006906,759.9138240988286,792.8057250976562,9101610,,
2022-08-26,793.6317212455643,800.1420882124851,775.9468641723394,787.7044067382812,2592769,,
2022-08-29,767.6388917845153,785.8581692794008,763.7521125856063,779.4450073242188,1315318,,
2022-08-30,791.0566745218986,796.2552770338403,780.6595881130971,788.870361328125,2451106,,
2022-09-01,789.7448532481252,796.6924939514219,781.2425247757523,787.0726928710938,1351115,,
2022-09-02,790.8623669043862,811.073605489091,783.7203750323786,800.9679565429688,2959818,,
2022-09-05,805.0489885149811,807.7211487061896,787.5099125760104,795.380615234375,1683307,,
2022-09-06,802.2798023099989,802.5712988764881,788.2388011666135,794.0689697265625,967650,,
2022-09-07,793.4373774495749,795.0406975933423,779.8336502432126,783.331787109375,1590828,,
2022-09-08,789.6962745710721,792.9028551384336,775.7038475220852,778.7647094726562,811942,,
2022-09-09,786.4897038086294,792.3684448066698,779.5906359426544,785.2750854492188,998822,,
2022-09-12,788.5302132750587,818.7498933510026,785.2750599007574,814.6688232421875,2705885,,
2022-09-13,820.0618268993675,823.2684078331962,811.3651466989894,813.8429565429688,1931057,,
2022-09-14,803.5915426800575,841.4876371958038,798.7330690241926,828.6612548828125,2832665,,
2022-09-15,833.7140920744603,838.5725658044979,809.956143673068,829.4872436523438,2028845,,
2022-09-16,833.7140679448535,851.2045728667734,801.6481422546668,814.3773193359375,5451840,,
2022-09-19,814.2315849182294,833.9084025736964,805.1948360787077,827.2522583007812,2216082,,
2022-09-20,838.4754083044276,856.0630592377142,827.7381340654596,846.0060424804688,3018580,,
2022-09-21,850.2328531514383,867.1889373415087,841.8276703658406,848.4352416992188,3949758,,
2022-09-22,847.2692879405682,859.7069694488766,831.3334695874728,850.3787231445312,2295819,,
2022-09-23,851.9818940479609,860.9214970754892,838.572519160437,846.6375732421875,2072105,,
2022-09-26,839.4471358562357,839.5442816102571,807.0410796794628,821.8108520507812,1978562,,
2022-09-27,823.9971104388947,844.1112027085215,821.082026321776,834.7828979492188,2081748,,
2022-09-28,828.7098806308022,842.6051636191477,819.6731309158432,825.2603759765625,2136906,,
2022-09-29,830.7989533339572,834.4428083924396,802.474029623007,815.5433349609375,1997629,,
2022-09-30,819.6244194395707,826.7663512386449,802.0853432502366,818.4583740234375,3581734,,
2022-10-03,806.506583098743,820.5961559360103,797.4698344508307,803.8829956054688,1728864,,
2022-10-04,814.2801268647211,840.0786082827585,810.4904939594009,837.2120971679688,2550163,,
2022-10-06,848.095090511771,849.261135969575,833.714021352283,840.321533203125,1926301,,
2022-10-07,839.5442643251838,858.9781593327111,832.7424010725492,849.698486328125,2177648,,
2022-10-10,835.3659931658771,840.5159635085251,828.3697790647603,833.66552734375,1030110,,
2022-10-11,836.6291225110924,836.6291225110924,785.1293042845095,792.51416015625,2367997,,
2022-10-12,795.8179595673973,817.8268682528076,779.299149661847,813.7943115234375,2922626,,
2022-10-13,807.7212292833559,818.166947436494,800.6764426219371,803.7373046875,1076032,,
2022-10-14,819.1386600904343,821.0820495568411,797.9071538929568,800.1906127929688,1078914,,
2022-10-17,799.7047316862747,805.8749692587736,794.3604108791368,802.3768920898438,526152,,
2022-10-18,806.5066277087528,813.1141400260636,804.1745366285068,810.5391845703125,748435,,
2022-10-19,814.6202527374062,820.6933447966626,801.6481518218503,805.09765625,872474,,
2022-10-20,805.534992840241,811.9481548262047,797.5670835827249,807.4298095703125,1024335,,
2022-10-21,811.5109487076402,813.745834921285,792.611472688853,797.3727416992188,1480648,,
2022-10-24,816.1750557813239,816.1750557813239,804.0774437093244,811.8024291992188,582843,,
2022-10-25,815.2518894392146,846.8319685891245,810.6363394096122,839.0584106445312,3972295,,
2022-10-27,841.6334924598709,852.6622049490139,836.1433930012837,848.9212036132812,1668130,,
2022-10-28,850.2329365762776,854.119715714912,835.6575148063985,848.532470703125,921996,,
2022-10-31,850.5244137706568,873.5535915038461,847.4149786690904,870.9785766601562,2082894,,
2022-11-01,874.5252402259314,876.7115533264963,865.294140467991,869.2294921875,1708048,,
2022-11-02,869.2295496596078,878.7035737217964,861.8932659652676,868.6951293945312,1621348,,
2022-11-03,863.8365452892134,876.3714300181113,859.4639193569283,867.9662475585938,998190,,
2022-11-04,869.5696269389531,872.3389331624851,856.694671924302,859.4154052734375,879336,,
2022-11-07,859.9499330848563,871.6102711605832,858.6867416548286,868.9381103515625,715350,,
2022-11-09,873.5536084224755,877.9748078160528,847.5607730216955,851.8848266601562,858084,,
2022-11-10,852.2734535060385,857.0347815711169,845.5202223444537,854.4111938476562,781360,,
2022-11-11,859.6097984764655,866.2173110238459,855.091394091488,859.8527221679688,1164676,,
2022-11-14,859.8040204168832,864.8568446528354,851.1559732836057,856.4517211914062,426011,,
2022-11-15,859.9499074969588,882.2988881437724,850.2329593896485,879.966796875,2121221,,
2022-11-16,884.3879684762757,887.9346186010854,855.188494847928,863.5451049804688,1792803,,
2022-11-17,865.780119425874,865.780119425874,841.2933971159558,857.6178588867188,1248940,,
2022-11-18,861.941784707521,861.941784707521,836.8720729328403,849.3097534179688,1227016,,
2022-11-21,849.3097546617001,853.0993877771309,840.6617072737888,851.641845703125,732762,,
2022-11-22,849.0183235598889,856.7918818871898,846.3461628848793,854.5084228515625,510130,,
2022-11-23,858.7837664828047,864.2252924030688,851.2045596623869,853.92529296875,632485,,
2022-11-24,855.5772294601977,859.9498558458546,850.4758320102646,856.6947021484375,690259,,
2022-11-25,858.9781536204174,874.4281237716741,851.3503736037047,864.1766967773438,1261861,,
2022-11-28,868.0149202253118,885.213929397843,859.706941860309,874.8653564453125,1549756,,
2022-11-29,874.5252666172574,893.8133834968553,868.7436710486686,881.764404296875,2303417,,
2022-11-30,886.0884732696326,908.3888205128142,882.5417636810112,905.9110107421875,3658663,,
2022-12-01,910.4780215105017,911.1582197274612,895.611103031444,899.8379516601562,1348885,,
2022-12-02,903.676096040469,913.344470434883,898.3317750423802,909.4091186523438,1578503,,
2022-12-05,910.4779794132404,912.5671468456894,895.5138565621943,903.2874145507812,1024143,,
2022-12-06,903.2873769990866,910.3321636333759,897.0199935773704,905.7166137695312,558757,,
2022-12-07,905.6195337045857,911.1096329269922,900.0808616047551,908.5831909179688,1143644,,
2022-12-08,913.3930013537447,920.1948641297832,908.5345279422886,915.1906127929688,867087,,
2022-12-09,919.8061968525733,924.85902125052,902.0727682391098,911.4496459960938,1261935,,
2022-12-12,911.9354648852643,915.6278928389556,901.3439690607585,906.1538696289062,991836,,
2022-12-13,906.2024961958209,910.332198865406,895.9511284893001,905.8624267578125,837466,,
2022-12-14,906.1538286018039,911.1580797425282,904.5019358451303,908.0486450195312,563572,,
2022-12-15,908.0486995221708,917.4741499983012,904.2104935856363,912.4213256835938,1291666,,
2022-12-16,906.5911636005663,912.9557520837358,876.4686276181253,878.0233154296875,1324668,,
2022-12-19,879.3837605760832,891.238448547015,872.6790429879009,888.3233642578125,671714,,
2022-12-20,888.3233687412,893.7648357188245,879.3837650143524,891.9672241210938,452102,,
2022-12-21,891.5784535362228,895.9025067807828,874.5737964118587,877.4403076171875,715559,,
2022-12-22,877.4402714866623,883.2704394035171,865.1483104056125,872.63037109375,519054,,
2022-12-23,864.8083429770161,870.5413658276333,846.1032187047604,849.504150390625,985112,,
2022-12-26,849.4554985626869,862.9134461171961,839.9814754611809,856.16015625,625140,,
2022-12-27,863.2536569243666,864.8083448325094,854.1197023682873,855.7230224609375,561475,,
2022-12-28,855.5771861276527,858.5894159844169,850.2328652603022,852.37060546875,587480,,
2022-12-29,852.1277166540344,857.7635343013884,841.0503728618754,853.2937622070312,1380769,,
2022-12-30,866.1687628725064,866.7517560257395,850.4272953522343,852.7107543945312,1033608,,
2023-01-02,850.2329171569,857.2291313081565,840.4673966556348,845.0829467773438,666141,,
2023-01-03,849.3583396034238,849.3583396034238,834.4914220988472,840.5645141601562,750764,,
2023-01-04,840.5160010027128,842.6051685432515,824.1915402435908,827.3495483398438,998970,,
2023-01-05,830.7990106303255,836.6291791259769,816.5150859544714,826.1348876953125,1125318,,
2023-01-06,827.1065605881571,838.523973590434,825.0659660840776,832.2565307617188,742874,,
2023-01-09,836.4348526427037,842.3622263702075,833.2768446157071,838.6697387695312,535278,,
2023-01-10,840.2244708976007,842.5565027372536,829.8758979797947,839.6414184570312,599702,,
2023-01-11,839.6414503227398,846.9777934857584,836.4834422326476,843.9169311523438,724011,,
2023-01-12,848.8724676698004,848.8724676698004,830.7989699414575,833.4711303710938,607382,,
2023-01-13,833.4711235894098,834.4428182831894,818.944276055898,822.0537109375,594110,,
2023-01-16,823.3169285337672,826.8150651278777,817.4867601844556,820.353271484375,462115,,
2023-01-17,820.353260992523,827.3009019096119,813.3570472013189,825.7461547851562,770203,,
2023-01-18,826.0376328589776,829.8272658758048,822.0537083500361,825.4060668945312,359401,,
2023-01-19,824.239983095989,824.9687540801588,809.9074870739839,811.2678833007812,457764,,
2023-01-20,810.3933571889864,813.4055869519261,795.720791351385,798.6844482421875,806691,,
2023-01-23,801.6481719128133,808.0127606889158,795.6236525775361,805.4378051757812,519973,,
2023-01-24,806.409512698014,806.5552313288717,790.668045575155,793.5831298828125,737979,,
2023-01-25,776.3840753314645,780.2708541816846,743.3464551045937,746.7959594726562,4460372,,
2023-01-27,743.1035777667348,751.9946086640774,717.8880865419745,745.4356689453125,4073654,,
2023-01-30,747.2817981869747,755.9784776252769,733.3380029460789,744.17236328125,2693103,,
2023-01-31,746.0186394842063,749.565349021768,731.6375691387899,746.8931884765625,2194356,,
2023-02-01,754.0351784301995,763.6063486601937,732.0262670893413,748.6908569335938,2176984,,
2023-02-02,739.9941049825334,755.0068003254154,737.4191495492161,749.4195556640625,1263924,,
2023-02-03,750.051118450119,753.2091260390076,739.7996925232379,747.08740234375,710330,,
2023-02-06,750.8285464609482,760.3997160416777,745.872867643012,758.3106079101562,924556,,
2023-02-07,761.8086612353225,763.7520506772494,749.176629862798,758.21337890625,857173,,
2023-02-08,758.3106397437737,770.8454669817331,758.2620075581168,768.804931640625,910308,,
2023-02-09,769.6793378780962,772.4972761935151,764.3836492797805,769.4850463867188,484673,,
2023-02-10,764.0435510205095,771.4284665209728,756.6101219528044,757.970458984375,1339250,,
2023-02-13,757.921970113609,766.5700778545904,753.0634959462141,755.7356567382812,833249,,
2023-02-14,755.1039457380032,756.172845518135,749.1766316490099,750.9742431640625,385913,,
2023-02-15,749.2252227308815,767.6388500460253,749.2252227308815,765.5496826171875,1274574,,
2023-02-16,773.8577522019668,773.8577522019668,761.1770877837446,764.3837280273438,461526,,
2023-02-17,751.1199638976808,760.8369103905356,744.9497265977318,749.9539184570312,908426,,
2023-02-20,751.8488760365017,754.9583113594865,741.4031565956069,744.0753173828125,728784,,
2023-02-21,748.6423090464083,748.6423090464083,730.1315340153584,731.4432983398438,599089,,
2023-02-22,730.7144645913812,730.7144645913812,720.9975169239426,724.447021484375,595470,,
2023-02-23,725.8560253350618,731.1032010484536,716.6734974903984,720.7060546875,914936,,
2023-02-24,724.3498725578411,725.2729944437126,717.6937278502764,722.35791015625,626374,,
2023-02-27,722.6494207360203,725.175803444459,709.8716106385244,719.0541381835938,772559,,
2023-02-28,719.0540918527212,727.4592748926639,714.6814656184816,719.6370849609375,797913,,
2023-03-01,720.0257678039437,724.738463343883,717.3050345239518,720.8516845703125,985924,,
2023-03-02,724.4956477383489,725.1272731062841,713.2725842171076,714.8273315429688,518797,,
2023-03-03,718.0823863195994,741.1115626679467,716.7706221920985,734.6011962890625,1238246,,
2023-03-06,738.3909332811747,739.3139959339404,732.7550557582363,735.03857421875,935557,,
2023-03-08,732.7549741123604,732.9493249203836,723.232377594626,730.0342407226562,873905,,
2023-03-09,730.0343281687676,734.8928024136118,721.2890745280482,723.6697387695312,550651,,
2023-03-10,721.2404329218012,727.2163793965444,713.6126528072481,725.710205078125,542803,,
2023-03-13,721.9691053220486,734.4067846424023,721.4832580102571,733.0464477539062,1719241,,
2023-03-14,735.7186899838672,748.7393638068522,734.6983630693366,746.6016235351562,2025278,,
2023-03-15,753.0148440090235,756.7558450021414,739.1681940856708,740.3828125,1442589,,
2023-03-16,742.3262275474608,758.5535419836866,733.6295475396217,754.472412109375,1429107,,
2023-03-17,755.3954871078627,758.2619390405115,746.2615331612591,748.8365478515625,1446809,,
2023-03-20,734.6011941962845,754.7638592486296,734.6011941962845,744.17236328125,478756,,
2023-03-21,745.7757302560718,750.6342040688149,739.6540651135238,748.2535400390625,668979,,
2023-03-22,749.1765683491943,757.5817507184084,748.2048737080152,754.3265380859375,852759,,
2023-03-23,755.1526162582684,765.1610605546614,744.6582652680273,746.9903564453125,1236561,,
2023-03-24,745.2897824551197,751.800148348503,740.04260772134,742.1317749023438,515568,,
2023-03-27,743.3464746161105,744.0752456696557,724.8842745929653,728.2366333007812,530247,,
2023-03-28,723.9126346903425,728.6739629905184,716.8192744266978,718.3739624023438,804259,,
2023-03-29,719.1026239313135,725.8559137047997,715.0701266619193,719.9771728515625,824570,,
2023-03-31,722.6979433984664,736.7875167487557,721.0946233976592,734.8927001953125,996821,,
2023-04-03,741.4030547255187,742.0346800023628,728.2366034264354,729.4026489257812,756161,,
2023-04-05,729.4027324827646,735.6701165580776,721.9692434669844,734.1640014648438,913185,,
2023-04-06,735.5729945197055,739.4597738830857,730.6659474349473,735.03857421875,463499,,
2023-04-10,737.5162721395695,737.5162721395695,720.5116150085518,729.6455688476562,1571166,,
2023-04-11,732.657793588272,734.2124813635878,723.2323432681358,727.556396484375,752976,,
2023-04-12,729.1110445319985,746.0185548781042,727.2162874426789,744.4638671875,841161,,
2023-04-13,746.2615761559457,747.0389201029332,736.7875522399034,740.47998046875,390070,,
2023-04-17,743.2007609987451,747.8163114039596,738.0022174232583,743.7838134765625,771167,,
2023-04-18,746.9418716696626,763.2177610306442,740.4315040637601,753.0635375976562,1410292,,
2023-04-19,752.9661795466334,752.9661795466334,735.6213951152283,736.6416625976562,989817,,
2023-04-20,738.3422097479493,740.7714465495251,734.9899104078058,736.2045288085938,554638,,
2023-04-21,736.544575581392,741.5973998347507,732.9007204911147,738.4393920898438,702807,,
2023-04-24,738.5365623456489,746.7473946164068,738.5365623456489,743.9780883789062,766583,,
2023-04-25,747.2332812432477,752.0917551134899,741.8889599859813,749.3224487304688,677824,,
2023-04-26,749.1281442392608,756.367282615089,742.8607006975693,754.1809692382812,688140,,
2023-04-27,752.9176972680921,753.5493226154813,742.0833357576315,746.0672607421875,783910,,
2023-04-28,742.4719841486046,760.6426890440089,742.4719841486046,755.1526489257812,1350446,,
2023-05-02,755.0553638967417,762.4888521645748,752.3346305653749,757.14453125,626485,,
2023-05-03,756.9501771833127,774.926529273032,749.4681160736517,763.6062622070312,1461628,,
2023-05-04,767.5417072854756,767.5417072854756,758.4563257820892,761.4199829101562,510695,,
2023-05-05,760.0597037256673,775.2666921473713,759.6710020727774,764.7723999023438,1177524,,
2023-05-08,767.6388943772777,773.469063195333,765.7440776499009,771.4285278320312,482419,,
2023-05-09,772.2544062159113,783.1859722051269,766.667161376979,769.970947265625,1096632,,
2023-05-10,771.5255848417894,777.1614021894536,765.7925624404791,771.5741577148438,754121,,
2023-05-11,775.8981957567048,778.0845087691689,770.5053021874674,773.3231811523438,462545,,
2023-05-12,773.4203788342868,778.084501354926,769.776523848235,773.0316772460938,672108,,
2023-05-15,773.0316132918109,788.2386572318421,768.1731403790253,782.8457641601562,911312,,
2023-05-16,787.0727335664299,788.044428299228,777.5501370465169,779.7364501953125,483145,,
2023-05-17,778.3275029933022,781.3883652112364,769.6308230271871,773.6148071289062,557758,,
2023-05-18,775.266529497652,782.214169759523,768.6104450680531,774.4406127929688,469018,,
2023-05-19,767.6387674879862,797.9556521920566,758.8935157064776,793.923095703125,3025568,,
2023-05-22,798.7330447653379,802.2311219683023,789.0160977487279,800.3363647460938,857453,,
2023-05-23,801.6481051329902,803.0085013980485,796.2066386878291,798.6844482421875,1073977,,
2023-05-24,796.7896983352155,814.4745547207492,795.3321562041145,811.6566162109375,892521,,
2023-05-25,813.2113341912959,818.9442974498396,807.5268844996637,817.4867553710938,666410,,
2023-05-26,814.7660306045115,836.3376654587685,814.3773289897343,834.345703125,1750270,,
2023-05-29,834.6371776657605,843.528148620744,827.4466131348386,842.0220336914062,1512222,,
2023-05-30,842.0221111138226,844.98576837132,835.2202475620052,842.6051635742188,770563,,
2023-05-31,845.3744905792391,860.7758297018314,842.459406128966,858.4923706054688,1533930,,
2023-06-01,858.0064268209989,863.3507477128624,847.7064866433317,851.350341796875,545741,,
2023-06-02,857.034693284828,857.5691134882944,846.8318993171515,849.8927612304688,503772,,
2023-06-05,848.2894797448834,857.0347321133872,841.9734641454082,851.350341796875,439560,,
2023-06-06,850.1357628552387,853.4880623060011,840.0301137042018,842.4593505859375,301807,,
2023-06-07,845.2772721080368,853.1965485988524,841.8277083592495,850.670166015625,792531,,
2023-06-08,854.1196380171285,854.6054853652612,841.6819577664413,846.3946533203125,826968,,
2023-06-09,846.3946769083328,868.695082670613,845.5201872418456,863.0592651367188,1041577,,
2023-06-12,865.7800003298636,867.5776118488346,847.3178005472963,855.8201293945312,692376,,
2023-06-13,856.0145318724328,870.7356722663002,855.9659589947388,868.2092895507812,568855,,
2023-06-14,869.9096379273914,881.0841264346966,864.2252479314718,872.63037109375,719762,,
2023-06-15,872.5819505543365,874.5253401992237,863.1564989151246,870.6871337890625,465225,,
2023-06-16,877.8775716331398,885.9911984985287,871.4643511523947,883.6105346679688,701638,,
2023-06-19,887.1573267816403,893.910617308135,871.1243630446228,873.6021728515625,414584,,
2023-06-20,873.4564302139399,873.4564302139399,864.176697950922,866.5087890625,585057,,
2023-06-21,869.6668252690987,880.8898880800573,867.4319391438821,871.0272216796875,689890,,
2023-06-22,870.9300729113232,879.4809756386803,867.1404986212398,868.9381103515625,538864,,
2023-06-23,866.7517562923908,883.2705677912369,863.2050465710918,880.9384765625,953329,,
2023-06-26,880.4039947476308,882.2988113250901,871.0271762250101,875.4969482421875,811669,,
2023-06-27,881.0841796875,889.8780049654154,871.8530799278847,884.2421875,784408,,
2023-06-28,889.1007233120407,895.8054410141323,885.019593376313,887.3516845703125,747306,,
2023-06-30,889.1007384504417,896.3398765430496,883.8535628283724,886.3800048828125,460345,,
2023-07-03,887.2544610259558,905.376592010574,883.8535293682827,894.0077514648438,691211,,
2023-07-04,894.0078132490445,900.6639583950167,888.1290714102995,891.67578125,527033,,
2023-07-05,893.6675933369285,913.8788304638836,892.9873952113865,903.724609375,1040442,,
2023-07-06,906.396803771975,923.0128187168457,898.185971700237,917.328369140625,732653,,
2023-07-07,915.3850833457251,916.3082052761761,885.6512459007142,888.7606811523438,1243755,,
2023-07-10,881.667257848315,894.5422140182826,879.5781496014883,889.0036010742188,896148,,
2023-07-11,892.9874768929144,901.1983094070288,883.756376750931,899.15771484375,680447,,
2023-07-12,903.1902891732183,912.907236878148,892.7445703904187,902.8502197265625,1160673,,
2023-07-13,903.1417492957269,912.9072702344912,891.1412828571332,898.3318481445312,793742,,
2023-07-14,900.7124623390818,920.6322047575404,898.7204999587441,918.0571899414062,964936,,
2023-07-17,919.5632705007376,950.6089285295714,919.5632705007376,945.604736328125,2349402,,
2023-07-18,949.4428672955753,954.6900423966484,926.9967434568982,933.118408203125,1098883,,
2023-07-19,933.1184077117335,949.1027973739074,933.1184077117335,943.4669799804688,1270000,,
2023-07-20,944.5358435655759,949.3943171802412,934.867469210884,947.450927734375,1466161,,
2023-07-21,966.836323109135,1014.4493681667708,947.4995729239348,1009.6395263671875,8346024,,
2023-07-24,1019.3077497197183,1019.3077497197183,945.7018755145051,949.9773559570312,6109585,,
2023-07-25,958.2366855136532,961.9776861255725,946.4305720063713,955.6130981445312,1475852,,
2023-07-26,961.4433700065405,970.6258971386237,949.7344602796433,956.0504760742188,1287267,,
2023-07-27,960.9089483367778,971.2088888173273,955.4674222296155,968.7310791015625,1192702,,
2023-07-28,972.2777238302394,985.298456944834,963.5324712538061,983.2092895507812,1315502,,
2023-07-31,985.2984578055606,990.8857025120517,976.0187849806356,987.0960693359375,787817,,
2023-08-01,989.1852454623787,1000.8455823440571,984.5211225712154,988.9423217773438,958075,,
2023-08-02,989.039460000192,989.1852379331195,958.1395793604493,975.1928100585938,898416,,
2023-08-03,976.7475277416688,985.1040784680858,966.836229905253,974.0267944335938,571218,,
2023-08-04,978.3022351508214,980.4399754027019,968.2452184918569,977.476318359375,382504,,
2023-08-07,974.6584297239226,980.4400254819799,962.1721756199391,977.4277954101562,681753,,
2023-08-08,981.4116961709323,992.9748874032892,978.0107645505379,990.78857421875,860792,,
2023-08-09,993.3149590754055,995.0154248894255,979.6140868111748,989.7682495117188,428259,,
2023-08-10,989.7683056447563,989.9626564674604,979.0796627790136,982.2376708984375,280293,,
2023-08-11,977.5734083593738,981.3144684137035,957.1192474703721,959.6456298828125,552202,,
2023-08-14,959.6457410587792,967.516504361746,953.7669995009581,958.81982421875,813223,,
2023-08-16,957.7508950724515,968.1966129915977,948.422590462459,966.9819946289062,550173,,
2023-08-17,968.8767944694536,979.3225128483214,956.924961116071,974.4154663085938,1244731,,
2023-08-18,980.5370955721569,985.4442012408019,964.5041330626233,967.2734985351562,768977,,
2023-08-21,971.6947864713217,978.350872035633,960.8603658791492,974.1240234375,516608,,
2023-08-22,977.2820276567999,1007.2102744086552,971.6947826565249,1004.9266967773438,1504647,,
2023-08-23,1010.6112464869321,1011.7286006395182,981.5575476027941,985.1527709960938,1057293,,
2023-08-24,990.1568640960506,1001.5256442358158,987.0960021768611,989.9139404296875,651292,,
2023-08-25,988.4079618152851,989.6225803145402,973.6867618812967,979.6141357421875,711399,,
2023-08-28,980.391461780708,986.9504015566678,968.9740480966299,972.0348510742188,403389,,
2023-08-29,978.49662367838,987.6305781487421,971.6947603558889,975.047119140625,799395,,
2023-08-30,975.0470670529262,991.6144499704446,975.0470670529262,984.6668090820312,604846,,
2023-08-31,991.128678806174,991.128678806174,972.0348525943908,979.0310668945312,998409,,
2023-09-01,979.4682441461682,991.7115734749805,976.5531600862093,983.7922973632812,466577,,
2023-09-04,985.2984446203837,1001.8172548359129,974.2211011057781,995.84130859375,721197,,
2023-09-05,998.5621345702883,1005.704067266994,993.7522336914162,1002.4489135742188,660018,,
2023-09-06,1002.788952676565,1038.6930251931296,991.6144633783281,1028.733154296875,2101361,,
2023-09-07,1033.8345269645413,1035.7779163614314,1020.2794333672637,1022.4171142578125,1064869,,
2023-09-08,1026.2068244079492,1032.9115420539881,1018.3847526668072,1025.332275390625,671258,,
2023-09-11,1031.891086376273,1042.4825817869023,1024.8949323405734,1036.9439697265625,932525,,
2023-09-12,1034.952097703129,1038.8388768653717,1001.0885579751078,1008.32763671875,1238905,,
2023-09-13,1007.5987972439872,1029.0733455500522,993.557855919325,1000.2625732421875,769157,,
2023-09-14,1003.274895238977,1037.3813594800154,1003.274895238977,1035.097900390625,1450831,,
2023-09-15,1044.5232811902567,1044.5232811902567,1013.9635270775112,1019.2592163085938,1025493,,
2023-09-18,1019.8421155814858,1020.2793307057628,1004.5379256208994,1014.983642578125,515926,,
2023-09-20,1010.5139348762754,1016.004034083807,995.9871454208059,1009.29931640625,416251,,
2023-09-21,1008.6191287595499,1008.6191287595499,979.2739360805676,989.6710815429688,1000226,,
2023-09-22,981.6546645358002,997.6876286187902,973.9782519488057,988.65087890625,865651,,
2023-09-25,993.0720094917326,995.3554683737126,981.5574507172171,989.1366577148438,482925,,
2023-09-26,989.1852185484746,993.4120668300621,982.3833555525617,985.2012939453125,334094,,
2023-09-27,985.8814708857249,990.739944641928,978.5451873753664,988.2135620117188,477461,,
2023-09-28,982.577737175222,990.0597985669077,970.4801257486864,973.6867065429688,974562,,
2023-09-29,978.8366477016363,986.2701359964476,966.836241691099,978.739501953125,682357,,
2023-10-03,976.4560487958606,979.4682787077597,968.6824910283387,970.4801025390625,330560,,
2023-10-04,970.4800531908306,971.6460986581742,953.57254218319,957.8480224609375,734244,,
2023-10-05,962.8523143063559,985.4927892453243,962.0749110903515,982.8692016601562,628247,,
2023-10-06,988.165032948763,997.9305537702053,979.4683526780593,995.6470947265625,466321,,
2023-10-09,1001.5257709183941,1002.2060284392992,977.4763842139846,985.7843627929688,1215500,,
2023-10-10,987.4847484330855,1006.6757189438392,985.7842826916263,995.7927856445312,886292,,
2023-10-11,1007.3557901845892,1024.1661549750845,1003.5176437860706,1020.6194458007812,1406477,,
2023-10-12,1023.1459441276676,1032.231384972736,1015.5181640291792,1023.4375,911102,,
2023-10-13,1021.2513247471404,1057.0097439826134,1016.5871418503054,1038.0130615234375,1415702,,
2023-10-16,1039.567602556344,1056.0864132744343,1032.2313783770644,1047.4869384765625,988255,,
2023-10-17,1056.086385100834,1066.9208049763877,1050.1590710184253,1055.649169921875,1988932,,
2023-10-18,1055.2604795750772,1055.2604795750772,1020.9596080691925,1026.44970703125,889566,,
2023-10-19,1012.5059340137669,1022.6115831818344,999.6309785188702,1016.4413452148438,991916,,
2023-10-20,1014.4493011500853,1016.6356142991156,1005.1210554372383,1010.65966796875,660749,,
2023-10-23,1000.8455688089538,1007.2587302841313,979.2253611332264,983.4522094726562,547657,,
2023-10-25,983.452202285278,1000.5054920655109,978.6423608678164,982.3833618164062,487319,,
2023-10-26,982.3833655754352,986.8045647063786,965.7187773424108,982.1404418945312,744678,,
2023-10-27,996.4729419171913,1008.9591954283402,988.0677588108662,993.0234375,702387,,
2023-10-30,999.8739330725018,1003.2262326323956,982.6263506506972,998.7079467773438,667943,,
2023-10-31,998.707853572063,1010.2224119687147,989.573899728806,1002.9832153320312,469941,,
2023-11-01,1005.6555284056036,1020.5711391093815,1001.1857558593168,1016.052734375,682202,,
2023-11-02,1025.1379056810122,1034.5632967990632,1011.4855477375239,1027.32421875,905238,,
2023-11-03,1031.9398500558957,1044.5718821187268,1028.344626837893,1040.87939453125,1358472,,
2023-11-06,1044.5718711719378,1051.8595819010443,1038.1100772691132,1040.053466796875,562008,,
2023-11-07,1040.6851729042003,1054.288900654582,1035.8266987076354,1052.053955078125,389438,,
2023-11-08,1054.0943840632112,1076.248950500063,1039.7132560659911,1068.4268798828125,765818,,
2023-11-09,1068.8642030886872,1078.5811503894934,1042.1912301940058,1066.0462646484375,1940488,,
2023-11-10,1049.4303716461638,1049.4303716461638,994.9668906088136,1014.7894287109375,4108910,,
2023-11-13,1022.1256636882961,1025.0892613108613,1009.1049311759147,1015.372314453125,1355917,,
2023-11-15,1032.9114713656368,1032.9114713656368,1014.0120568003204,1016.4898071289062,1302729,,
2023-11-16,1007.744528239125,1012.7974117408302,997.9304357006242,1011.194091796875,1451826,,
2023-11-17,1019.2902059956839,1037.2872200484378,1014.4618056077124,1030.5078125,818777,,
2023-11-20,1034.019522957082,1039.1406042697295,1030.1664474781956,1033.970703125,481392,,
2023-11-21,1036.8970322806492,1039.3356424224194,1018.6074562173735,1027.2401123046875,405678,,
2023-11-22,1027.2401715673027,1037.7261957818644,1020.3145421796805,1030.16650390625,435188,,
2023-11-23,1026.3622000628964,1037.9213075195,1026.3622000628964,1034.01953125,522209,,
2023-11-24,1036.8971175013114,1038.5553249048958,1014.4619023531175,1016.9005126953125,457015,,
2023-11-28,1019.2902954474954,1019.3391152830761,1006.7071614357095,1015.5836791992188,638605,,
2023-11-29,1018.3147815456696,1026.3134943028313,1012.8036178500616,1024.7528076171875,645953,,
2023-11-30,1026.94755791724,1034.4584295788065,1016.7053952481428,1023.094482421875,2154075,,
2023-12-01,1024.1674188328386,1031.0443469215415,1021.9726697499876,1027.9229736328125,269341,,
2023-12-04,1031.6295864332417,1035.6288831576614,1021.0460424800281,1024.5576171875,1137943,,
2023-12-05,1024.2163043861829,1054.9427935177685,1023.5335411456986,1042.6522216796875,1249769,,
2023-12-06,1050.943361507524,1050.943361507524,1030.3615174686104,1035.8726806640625,2379141,,
2023-12-07,1035.872654860125,1047.3341212702653,1031.531976912618,1039.8720703125,832078,,
2023-12-08,1042.7496193368252,1046.6513952744747,1007.3897749018766,1019.5828247070312,908224,,
2023-12-11,1017.3882249687396,1026.167222116121,1015.7300175811198,1021.875244140625,569735,,
2023-12-12,1026.167196800595,1030.9468967219193,1017.5832410613696,1024.21630859375,697698,,
2023-12-13,1030.068883575579,1048.01707733122,1022.5091924319136,1046.26123046875,1473906,,
2023-12-14,1057.2351218449842,1063.1366066021462,1050.1144509688484,1058.161865234375,2077791,,
2023-12-15,1065.1849158168418,1068.1112480031518,1051.5775187796048,1056.6497802734375,1322021,,
2023-12-18,1052.7968784622901,1088.3517687409653,1035.2388844337556,1078.0120849609375,1780071,,
2023-12-19,1083.7184137658228,1085.6204821644774,1056.4547983303444,1059.576171875,1062384,,
2023-12-20,1063.2340163835308,1068.1112366421708,1024.2162543144104,1033.921875,1312725,,
2023-12-21,1024.2163908444495,1041.5793449088278,1021.8266002282563,1033.1904296875,1214989,,
2023-12-22,1034.946218951484,1057.869155940513,1034.946218951484,1049.577880859375,624137,,
2023-12-26,1070.3549169542084,1081.670045316972,1045.8711734502417,1050.6021728515625,784200,,
2023-12-27,1052.455436508398,1063.28296202189,1048.9438613212428,1056.60107421875,502279,,
2023-12-28,1059.7224858001096,1076.6952368224577,1056.4059520713895,1066.9407958984375,685526,,
2023-12-29,1066.9407743916793,1094.4482496138307,1058.747020366114,1090.3026123046875,1411353,,
2024-01-01,1096.3991042296616,1097.3745482725706,1074.7929948646765,1080.0115966796875,563368,,
2024-01-02,1083.62087986008,1086.498392340195,1052.3091479098828,1067.038330078125,686566,,
2024-01-03,1070.2572219128708,1077.9632541391827,1058.4056713226196,1071.232666015625,444285,,
2024-01-04,1074.9394120077945,1087.18128324915,1073.5737664356993,1081.3773193359375,512069,,
2024-01-05,1082.7429948018814,1089.9124854123668,1066.3554856298258,1074.0128173828125,616100,,
2024-01-08,1082.7917189492982,1099.4717884454758,1068.1112383186455,1070.842529296875,1238667,,
2024-01-09,1070.062163056814,1083.08431779906,1053.5771341778488,1069.4281005859375,922305,,
2024-01-10,1075.817355526911,1102.1543470549132,1068.891726013731,1089.9124755859375,1348846,,
2024-01-11,1091.5219392963643,1104.2027124964116,1081.0847351377392,1090.448974609375,820469,,
2024-01-12,1092.0097299868385,1092.0097299868385,1074.305394783931,1084.2061767578125,1306539,,
2024-01-15,1084.2061767578125,1084.2061767578125,1084.2061767578125,1084.2061767578125,0,,
2024-01-16,1077.8656995618664,1096.0089354865454,1074.0614438665075,1082.742919921875,1509427,,
2024-01-17,1073.9639331770732,1087.132428270525,1059.6736535759228,1068.5501708984375,647461,,
2024-01-18,1060.307565380586,1065.4774659043649,1035.2387036901991,1043.1884765625,927129,,
2024-01-19,1053.479616253145,1061.6733704163335,1037.7261703992508,1056.0157470703125,843847,,
2024-01-23,1085.6692206999865,1101.276325400076,1068.2087485022093,1080.8408203125,1288819,,
2024-01-24,1116.932351011055,1117.8589753073763,1065.428853210717,1084.888916015625,2174641,,
2024-01-25,1085.5227542663006,1085.6202748448036,1050.7481543286601,1069.0865478515625,928881,,
2024-01-29,1072.988515302979,1092.5462172337445,1062.7951720367075,1067.038330078125,786771,,
2024-01-30,1071.086361874055,1075.4758599971844,1051.528661496342,1053.8697509765625,795246,,
2024-01-31,1055.4305424122506,1065.3800248502455,1047.7733298516323,1062.990234375,760259,,
2024-02-01,1063.2340634984862,1069.4281096868829,1051.2360535014611,1053.5284423828125,548008,,
2024-02-02,1064.1605616861211,1070.4034269687656,1054.0647403139876,1059.3809814453125,510352,,
2024-02-05,1063.1366764902434,1067.0871541275335,1032.9466065143129,1036.7996826171875,993598,,
2024-02-06,1047.6269134976972,1050.5044258265243,1028.8007956353474,1045.676025390625,778083,,
2024-02-07,1050.065550509278,1058.5031656028882,1038.9454641997827,1055.089111328125,522858,,
2024-02-08,1060.3077510946862,1063.234083434414,1049.626685683787,1054.50390625,1155336,,
2024-02-09,1048.6512849871715,1085.6693429882548,1044.7495083726583,1084.2061767578125,1438336,,
2024-02-12,1084.2060960275358,1092.107169269054,1063.2340482861125,1068.5501708984375,800005,,
2024-02-13,1068.111258798283,1088.595584309483,1048.602377359045,1086.108154296875,1031556,,
2024-02-14,1085.6692752876427,1104.2027130508638,1076.9877990471596,1101.3739013671875,965064,,
2024-02-15,1107.1290921375007,1120.7364901782764,1100.6423648315683,1115.9569091796875,1105029,,
2024-02-16,1112.0062500345437,1117.8589145084097,1093.375291940623,1098.740234375,1186754,,
2024-02-19,1100.3008549353326,1135.3193190798293,1098.7888690747143,1128.4912109375,855770,,
2024-02-20,1131.5151289375708,1131.5151289375708,1092.6437062968114,1115.517822265625,884842,,
2024-02-21,1114.0058583933671,1120.7851465068443,1102.593092246382,1113.1766357421875,859276,,
2024-02-22,1113.2255252575817,1134.100051802046,1107.8117631354396,1131.271240234375,573609,,
2024-02-23,1131.4176210232617,1151.0240233694942,1131.2712805955687,1137.4166259765625,874210,,
2024-02-26,1132.1492820256135,1138.343328593724,1116.5908763136808,1118.639404296875,436233,,
2024-02-27,1117.810005590504,1128.5398896041308,1111.8111202410887,1124.9796142578125,1174737,,
2024-02-28,1122.8823609118747,1137.3676801941365,1105.1780288678874,1109.7138671875,1197154,,
2024-02-29,1108.104454118953,1144.195884402757,1103.5199146579528,1137.221435546875,992054,,
2024-03-01,1145.6103082943534,1153.1212995222636,1134.9780625592823,1138.587158203125,656223,,
2024-03-04,1139.318658788884,1142.732712989022,1123.3701722685062,1137.1727294921875,409989,,
2024-03-05,1137.1727054869407,1147.122187031066,1122.5897456962496,1125.272216796875,1098233,,
2024-03-06,1117.4686240046212,1129.1252512630774,1095.4724332203386,1124.9796142578125,974502,,
2024-03-07,1121.7606116526522,1132.6855369370367,1115.2251844138648,1118.3465576171875,583929,,
2024-03-11,1117.9077325447818,1135.0755244926443,1116.0543649831502,1119.7122802734375,593445,,
2024-03-12,1113.1279713059437,1118.7854751989676,1099.2765947276641,1105.03173828125,375718,,
2024-03-13,1105.1293382195856,1122.0045686680417,1074.3541485100375,1082.0601806640625,719249,,
2024-03-14,1082.0113507085448,1104.3002242243417,1069.1842371830908,1099.6181640625,541801,,
2024-03-15,1102.2517525894605,1133.4659615123478,1081.2308861388503,1089.961181640625,720942,,
2024-03-18,1089.9612340717626,1089.9612340717626,1072.3544208751412,1081.084716796875,560066,,
2024-03-19,1077.1342136177243,1081.0848100946052,1054.9428589790073,1060.7467041015625,582067,,
2024-03-20,1065.1362559784673,1076.1588231650364,1056.6987588320883,1074.54931640625,549490,,
2024-03-21,1078.450928656115,1085.522898089375,1070.4035151630949,1082.6453857421875,755512,,
2024-03-22,1080.6945675674804,1116.3469788155508,1078.8411999194302,1106.641357421875,916955,,
2024-03-26,1106.6411351947759,1109.3236059940582,1095.228488877837,1098.398681640625,536595,,
2024-03-27,1095.0823372080383,1114.4448786817413,1093.4240108026643,1111.4697265625,387737,,
2024-03-28,1115.7618235061288,1119.5172598587144,1093.521767206725,1106.3975830078125,709064,,
2024-04-01,1104.739367710251,1141.2208852470797,1094.44838385152,1129.8570556640625,599438,,
2024-04-02,1140.2941030479249,1140.2941030479249,1120.5413608864874,1124.5894775390625,438478,,
2024-04-03,1120.7851893067145,1125.369728613853,1099.4717610878877,1102.54443359375,468953,,
2024-04-04,1105.1781143459539,1112.0062227311453,1083.8646855581592,1092.6923828125,628302,,
2024-04-05,1092.546092910337,1104.2026010074183,1086.6446091186076,1100.593505859375,549428,,
2024-04-08,1107.811752918439,1119.8097622863247,1091.9607872066335,1112.73779296875,795445,,
2024-04-09,1108.2019029025828,1120.1999117134646,1093.9116245097325,1100.6422119140625,693210,,
2024-04-10,1102.2518824979893,1174.9224712113523,1101.8129802623864,1170.6304931640625,4341449,,
2024-04-12,1169.3135528493945,1177.3609662475237,1150.4874350889093,1153.9014892578125,1248275,,
2024-04-15,1141.367241026239,1146.098121608297,1117.4688579917981,1120.736572265625,1057333,,
2024-04-16,1120.7363542352637,1134.7340711190861,1110.8356927338848,1122.5897216796875,692591,,
2024-04-18,1122.5899347735512,1137.1240771812882,1116.0545062567353,1120.6878662109375,1027109,,
2024-04-19,1112.00626926879,1117.6150728199266,1090.8391800179552,1095.521240234375,1068784,,
2024-04-22,1097.277165249604,1134.4415641292223,1092.4974650255624,1131.3201904296875,3530061,,
2024-04-23,1135.416996677117,1146.1468823845469,1118.7856262014916,1141.3184814453125,1001198,,
2024-04-24,1138.440719682281,1166.2408749300403,1137.3677550486739,1153.852783203125,682498,,
2024-04-25,1151.901880732021,1170.3864975017543,1147.122181162625,1165.50927734375,832424,,
2024-04-26,1159.8029246783533,1189.0662448973192,1158.8274806710542,1169.508544921875,766218,,
2024-04-29,1169.5084901422779,1172.5811624358969,1141.2694350827906,1151.5115966796875,645110,,
2024-04-30,1162.9242346555425,1172.5324528633334,1142.3912108617383,1148.0975341796875,1002463,,
2024-05-02,1148.097633364291,1174.0444209749646,1146.390606296842,1165.55810546875,1270379,,
2024-05-03,1170.5327955221826,1182.823366060615,1151.9993595930814,1178.6290283203125,905136,,
2024-05-06,1188.0909310386453,1211.6966309720465,1170.0940347616252,1201.4544677734375,1950840,,
2024-05-07,1204.6246632577845,1209.9896058950394,1167.021364034868,1172.9227294921875,724981,,
2024-05-08,1175.312649639771,1215.2083381536786,1166.1434510532386,1207.40478515625,1877013,,
2024-05-09,1207.4047823326937,1209.2580309070338,1160.876026250673,1165.411865234375,546733,,
2024-05-10,1166.1923764634207,1190.041939841794,1162.2905996114805,1172.8741455078125,1203642,,
2024-05-13,1175.4100674995732,1181.7016339247205,1148.0976343958487,1160.5345458984375,447010,,
2024-05-14,1157.949786034658,1166.7776036739922,1144.7812893343257,1146.732177734375,524864,,
2024-05-15,1150.779980697453,1156.0961025066265,1136.684863485629,1145.4150390625,573450,,
2024-05-16,1151.1216450197041,1155.901345283109,1134.6854345152547,1148.1953125,819159,,
2024-05-17,1151.9018461207306,1162.1927089012547,1139.5624556771907,1153.5113525390625,592430,,
2024-05-21,1151.0239916637756,1157.754579497379,1135.5632271157256,1142.2449951171875,977167,,
2024-05-22,1138.3432052718335,1160.6808978102288,1134.7828106781537,1158.095947265625,941607,,
2024-05-23,1163.7536668944986,1163.8023676573355,1138.4408202780135,1145.3177490234375,1087942,,
2024-05-24,1149.073169155053,1162.5830463530608,1139.416248587838,1149.41455078125,908722,,
2024-05-27,1162.729387282291,1184.6280600764114,1120.785290257846,1129.2716064453125,1470425,,
2024-05-28,1135.4657378153463,1166.143406741678,1133.5148496401198,1160.9248046875,4342918,,
2024-05-29,1160.9247283204108,1162.5829355311687,1140.8793060094652,1151.1702880859375,1137792,,
2024-05-30,1151.1703815133515,1151.853144756074,1135.2705950116522,1142.58642578125,787238,,
2024-05-31,1144.1959478005708,1150.975236776079,1124.9797463489695,1130.929931640625,2180048,,
2024-06-03,1145.1712950067754,1156.388901388869,1137.7579441688129,1152.096923828125,1322571,,
2024-06-04,1150.0975293408696,1204.6247647536852,1108.3972898741993,1174.434814453125,2908958,,
2024-06-05,1197.7963929472403,1276.173412347556,1182.5307898504439,1266.614013671875,2680777,,
2024-06-06,1266.6141438582954,1281.63600657575,1237.3996411535113,1273.3934326171875,1533822,,
2024-06-07,1273.3934326171875,1273.3934326171875,1273.3934326171875,1273.3934326171875,0,,
2024-06-10,1294.4143272176889,1294.4143272176889,1275.051785549747,1282.8065185546875,654963,,
2024-06-11,1283.7819646115095,1302.07154160641,1279.7826675898446,1285.3426513671875,625503,,
2024-06-12,1286.3179468790822,1286.3179468790822,1252.8114695096212,1259.15185546875,1374418,,
2024-06-13,1260.2736507471034,1268.0772027641133,1241.15497211998,1244.1300048828125,1049119,,
2024-06-14,1251.055938873214,1251.055938873214,1227.303778625878,1237.838623046875,1574896,,
2024-06-18,1233.9368397704814,1243.544940755721,1206.6244037913718,1221.84130859375,3609667,,
2024-06-19,1224.1822204780638,1249.787625488063,1215.1593634745402,1241.5938720703125,1292892,,
2024-06-20,1241.691334538016,1247.34895710452,1228.0839389987023,1234.47314453125,388681,,
2024-06-21,1243.6912022519075,1244.6178264989896,1224.182320647956,1229.693603515625,580871,,
2024-06-24,1224.1822971859096,1269.8818276527595,1215.1594396170094,1266.4677734375,1700427,,
2024-06-25,1277.5878459384887,1277.5878459384887,1244.2277070197047,1250.4217529296875,612621,,
2024-06-26,1248.275591648169,1259.493197221107,1238.8138328374864,1245.4468994140625,370291,,
2024-06-27,1233.9856479300845,1263.0538116462733,1232.8150435269654,1256.177001953125,619542,,
2024-06-28,1255.396582203382,1266.1264675213597,1241.4965034960019,1245.1544189453125,632972,,
2024-07-01,1230.1324224116393,1245.3006244605474,1224.4260987434982,1236.66796875,533705,,
2024-07-02,1242.7157097733807,1260.2737025331303,1232.9124495200838,1243.642333984375,749206,,
2024-07-03,1248.5683739677547,1254.5673786416046,1236.9605660514712,1240.277099609375,420654,,
2024-07-04,1234.1805669620205,1250.4704347395684,1226.1331536623272,1228.4742431640625,375289,,
2024-07-05,1228.4742305522018,1236.6191643573577,1218.6222697009994,1223.3531494140625,779976,,
2024-07-08,1226.1332445322412,1247.5930149218268,1226.1332445322412,1240.8624267578125,2122654,,
2024-07-09,1247.5929869243341,1274.7590809251392,1244.7641752582717,1256.6158447265625,2432990,,
2024-07-10,1258.078966996755,1263.63895046816,1235.8876147973551,1249.5926513671875,854243,,
2024-07-11,1248.5685091475282,1262.3222478165521,1243.3986075352304,1252.9580078125,682041,,
2024-07-12,1257.854147300099,1265.883997505783,1246.788508309713,1262.8973388671875,703819,,
2024-07-15,1262.8974099576847,1280.8667320230227,1249.4815322495833,1276.6558837890625,551101,,
2024-07-16,1280.8667729322,1290.120693774621,1265.4925024484749,1271.6617431640625,1048505,,
2024-07-18,1271.0740233951904,1274.9910465797673,1256.2382741759932,1272.493896484375,558296,,
2024-07-19,1278.9082068875216,1287.3787943399886,1262.1139442753731,1270.829345703125,1365917,,
2024-07-22,1268.1853820294916,1287.7214891253277,1265.6882317068334,1280.964599609375,1066896,,
2024-07-23,1290.1695647826782,1307.943082125438,1237.3387602107885,1304.3687744140625,1093010,,
2024-07-24,1331.787967963792,1387.899376488082,1314.1613625054476,1354.1639404296875,6354785,,
2024-07-25,1345.4976210747564,1419.921070275398,1310.09749600131,1413.8497314453125,3367113,,
2024-07-26,1411.1566317033758,1412.772308158152,1381.4851328685393,1386.0386962890625,892506,,
2024-07-29,1400.3360073240472,1405.1832764572446,1377.1276891437685,1391.62060546875,860229,,
2024-07-30,1380.7506772011375,1400.335793189806,1375.2668686319225,1380.0162353515625,394332,,
2024-07-31,1384.520818783465,1394.9499171860102,1377.0784984505628,1383.9822998046875,940385,,
2024-08-01,1381.7301418476459,1391.5227013221154,1376.8828727230152,1384.423095703125,489925,,
2024-08-02,1370.958089593596,1401.3150187203114,1365.1804565941256,1391.5224609375,1436552,,
2024-08-05,1357.2487279057311,1406.0646124296456,1353.968244426273,1371.203125,1199119,,
2024-08-06,1371.2518684587992,1398.8178220686013,1362.1447422089666,1381.8277587890625,396031,,
2024-08-07,1395.5375475608457,1435.5891374449252,1391.7674362848568,1432.45556640625,1689987,,
2024-08-08,1439.5061847116597,1439.8979109824616,1425.111170679773,1429.517822265625,552871,,
2024-08-09,1429.6156989293236,1449.6904446913245,1416.1019198206502,1424.768310546875,528351,,
2024-08-12,1419.8720164411031,1419.921027050368,1384.66781534429,1388.5848388671875,1029967,,
2024-08-13,1395.3417210991097,1399.6014602505052,1370.9582258881983,1374.091796875,778303,,
2024-08-14,1376.8336914919894,1378.7431925376522,1362.340657450532,1375.413818359375,363536,,
2024-08-16,1375.8544830435721,1388.0461706830724,1366.453650696938,1377.1275634765625,904222,,
2024-08-19,1380.0653572324452,1394.2155568599746,1369.832061580411,1373.798095703125,828423,,
2024-08-20,1373.7981220829402,1382.170688281116,1369.7341862019648,1378.057861328125,410409,,
2024-08-21,1383.5906129871362,1407.2396656485685,1372.9167003252112,1401.95166015625,614100,,
2024-08-22,1414.0455936553708,1432.6514567297836,1402.4903256149773,1421.683837890625,1011531,,
2024-08-23,1427.75504378402,1427.75504378402,1395.3416987278126,1399.9931640625,487071,,
2024-08-26,1408.1698312230985,1429.6644480777957,1394.9498780092517,1427.21630859375,833325,,
2024-08-27,1434.609713703056,1436.0785973689638,1395.4394826121877,1399.3074951171875,580798,,
2024-08-28,1419.9699232391163,1427.6080467704471,1402.2943082011052,1418.2562255859375,1221654,,
2024-08-29,1427.755014647848,1427.755014647848,1400.531654481997,1418.7947998046875,409294,,
2024-08-30,1426.775683056829,1453.5583049499064,1402.93082852763,1443.7657470703125,2319735,,
2024-09-02,1454.1948859127397,1464.9176892764667,1444.0106015246606,1454.0479736328125,817883,,
2024-09-03,1459.0911510869573,1471.9683888447667,1444.402313995478,1448.221435546875,702946,,
2024-09-04,1444.402337031632,1475.7385233265554,1434.9036033762088,1468.2471923828125,590555,,
2024-09-05,1482.59349056976,1482.59349056976,1451.0124865599353,1454.195068359375,689394,,
2024-09-06,1451.3063727896827,1458.9935083240885,1423.2995561347773,1431.37841796875,712351,,
2024-09-09,1433.2880108638958,1475.6408311664675,1433.2880108638958,1472.8499755859375,1791287,,
2024-09-10,1487.0490904551793,1488.224149716548,1468.9817474296406,1476.9136962890625,591925,,
2024-09-11,1480.683811470504,1499.4854754122848,1474.6123536594657,1491.700439453125,622732,,
2024-09-12,1496.6458057650182,1505.0673830189062,1488.1752178984475,1497.4781494140625,475277,,
2024-09-13,1497.4780125188477,1510.991791195055,1484.16015673738,1491.7493896484375,551554,,
2024-09-16,1502.0805231899838,1520.68638373263,1493.7568487366946,1515.153564453125,516123,,
2024-09-17,1514.9089275827828,1526.9048127559495,1508.8375886164927,1523.4774169921875,1224149,,
2024-09-18,1528.128655084031,1529.5485281594651,1493.414085262133,1505.8505859375,320652,,
2024-09-19,1531.5561136419349,1537.4316486047558,1490.7211934655568,1498.0166015625,1528204,,
2024-09-20,1511.9710179655021,1549.182739910249,1500.3668601613983,1541.49560546875,1821157,,
2024-09-23,1552.1204529792578,1603.041754906653,1528.7652259067092,1594.4732666015625,670632,,
2024-09-24,1601.2791130653125,1610.4352508644508,1578.854249801341,1601.6219482421875,964946,,
2024-09-25,1601.6219555379944,1604.4617018765389,1574.3006933769093,1592.8575439453125,898849,,
2024-09-26,1597.166396401338,1613.3241189890891,1573.6642544555182,1610.4842529296875,774246,,
2024-09-27,1577.581166475666,1577.581166475666,1541.3487002065165,1563.4798583984375,2273207,,
2024-09-30,1562.9902839446647,1577.3364064739417,1542.4259104938171,1556.9189453125,668068,,
2024-10-01,1556.9189618219827,1580.7148082017363,1552.6592226124656,1577.5322265625,473000,,
2024-10-03,1561.9132069216312,1562.011108606926,1511.530537184437,1531.6541748046875,658824,,
2024-10-04,1532.5353562295318,1539.292245286016,1495.5684490744745,1499.5833740234375,1019377,,
2024-10-07,1499.5833873387717,1517.8465324268757,1465.994984182745,1475.0531005859375,755578,,
2024-10-08,1464.0855056412759,1499.2408171622983,1460.8050222089214,1487.48974609375,1607560,,
2024-10-09,1495.3236961524833,1506.0955105975895,1482.3485560254235,1491.8472900390625,336186,,
2024-10-10,1494.3445043020918,1514.8598676042468,1471.1850783454963,1476.5220947265625,369677,,
2024-10-11,1483.9153738935377,1490.4274494033414,1460.168418802847,1488.0283203125,316816,,
2024-10-14,1508.0540115882209,1514.1253500534137,1488.3709928770531,1508.49462890625,426793,,
2024-10-15,1507.662412428988,1520.0990345165235,1489.7909916293368,1515.6923828125,441089,,
2024-10-16,1517.8466547642943,1528.618469733589,1505.1653385929449,1521.0782470703125,546976,,
2024-10-17,1520.6864110330157,1520.784312708964,1489.2523226174108,1496.4498291015625,537173,,
2024-10-18,1493.3652183855368,1495.2747195380798,1470.8423331246402,1487.7344970703125,709462,,
2024-10-21,1485.5801863003778,1501.0523575412244,1459.9726210319734,1464.183349609375,272480,,
2024-10-22,1462.714395663484,1466.1417910924026,1438.2820103497063,1442.44384765625,741250,,
2024-10-23,1434.6099131900958,1454.0481191642714,1424.8173540556922,1435.931884765625,1172365,,
2024-10-24,1444.4023396490109,1462.0289444718462,1410.128385826831,1429.419677734375,1227944,,
2024-10-25,1424.8174264489644,1471.723810993629,1424.7684158355721,1449.49462890625,1101554,,
2024-10-28,1449.494614812828,1459.0913709740641,1430.3991237161877,1436.3726806640625,322416,,
2024-10-29,1438.6738702599278,1442.83570795315,1399.5525242207932,1418.2073974609375,569482,,
2024-10-30,1410.4711484554002,1421.8795030868166,1403.273641820529,1415.8570556640625,685466,,
2024-10-31,1413.0662358867519,1429.6156841786253,1397.0064155352409,1419.0396728515625,522184,,
2024-11-01,1437.0580355849047,1444.3534442365287,1419.97006791737,1423.0057373046875,54659,,
2024-11-04,1424.817226053929,1424.817226053929,1388.976486749464,1406.2603759765625,444771,,
2024-11-05,1402.2945029577165,1420.8513551641672,1399.8953737252896,1416.3468017578125,281371,,
2024-11-06,1419.8230080626533,1430.1540850278884,1414.5350028360278,1426.13916015625,240099,,
2024-11-07,1423.6423887013539,1435.5402532041699,1394.7053267348033,1409.100341796875,283200,,
2024-11-08,1411.2055696031823,1425.7474949451946,1403.2246105855052,1418.5989990234375,1499108,,
2024-11-11,1427.7550479675087,1464.3792411439736,1416.9832334766702,1445.2347412109375,650600,,
2024-11-12,1444.4023195383536,1450.8164929081388,1409.2470120568921,1416.787353515625,681448,,
2024-11-13,1403.3716239980542,1413.8986250551934,1393.9217805368214,1398.0836181640625,296683,,
2024-11-14,1398.0835650226063,1424.3766808986998,1395.6354253349307,1412.4296875,548233,,
2024-11-18,1413.0661903589687,1451.110256191789,1410.3732367737384,1440.28955078125,934866,,
2024-11-19,1448.3193930198663,1474.7102901957724,1444.647183605516,1456.545166015625,701161,,
2024-11-21,1468.8837833104653,1473.7310519801626,1450.816560590974,1462.0780029296875,545772,,
2024-11-22,1462.0289366403701,1476.7177739140511,1458.797344624935,1469.0306396484375,621662,,
2024-11-25,1487.3917344206677,1511.677207776979,1445.5285468346299,1455.2720947265625,3600031,,
2024-11-26,1455.272083565636,1497.03736915398,1436.4704192057152,1479.802490234375,658663,,
2024-11-27,1487.1958859930646,1495.2747471597984,1468.9328591072106,1484.30712890625,547190,,
2024-11-28,1489.839804817091,1491.161776245503,1464.428044968448,1471.57666015625,566858,,
2024-11-29,1484.5518989633642,1509.9635409753785,1470.0099732010535,1497.380126953125,1224425,,
2024-12-02,1510.0124038164463,1520.6373050589048,1488.4687767840455,1500.4156494140625,554366,,
2024-12-03,1500.6117928801168,1512.9503935411872,1481.7121058445985,1510.94287109375,522548,,
2024-12-04,1516.867306482905,1516.867306482905,1489.1054271375872,1494.3934326171875,618463,,
2024-12-05,1494.540374978386,1503.1578751069342,1483.7196685123529,1498.3594970703125,423566,,
2024-12-06,1505.8506895169803,1505.8506895169803,1481.6631177379502,1485.139404296875,323615,,
2024-12-09,1481.3203029206381,1491.0639705248987,1461.2945682459153,1475.004150390625,516426,,
2024-12-10,1485.531155311829,1494.4913704330904,1468.9328161247263,1482.103759765625,522996,,
2024-12-11,1488.4688980659807,1490.623213129533,1475.4937580006028,1485.3353271484375,324261,,
2024-12-12,1479.459900580486,1500.954520337533,1479.459900580486,1494.2955322265625,540314,,
2024-12-13,1496.449832977234,1497.2821765320489,1452.089495693792,1480.683837890625,462501,,
2024-12-16,1480.6838411768256,1512.264842027268,1436.9110333915119,1487.6854248046875,805782,,
2024-12-17,1508.0538980275255,1535.1792352612388,1496.4007303624285,1530.87060546875,2444937,,
2024-12-18,1547.2241236783414,1562.745303796237,1507.7600681515753,1546.8323974609375,2242721,,
2024-12-19,1527.6391243295875,1553.0997764017472,1522.1553154831975,1539.73291015625,584413,,
2024-12-20,1545.8532933024503,1555.9885676547656,1509.3271210547266,1512.7545166015625,484886,,
2024-12-23,1498.8489491153268,1526.0232983910269,1498.8489491153268,1512.999267578125,375618,,
2024-12-24,1522.3510569734187,1537.1868063894242,1509.5228297813649,1532.29052734375,388993,,
2024-12-26,1546.8325570216673,1546.8325570216673,1520.8333852501617,1534.4449462890625,544734,,
2024-12-27,1527.6882624693103,1556.5273018125438,1527.6392518575453,1546.6368408203125,356482,,
2024-12-30,1551.2882958757862,1630.8038290874883,1534.68983624153,1585.9539794921875,3987698,,
2024-12-31,1581.5472796439162,1599.4675907838102,1568.3273250730438,1591.7314453125,816405,,
2025-01-01,1595.3545611889638,1629.6774041957192,1578.364497491486,1625.1728515625,433570,,
2025-01-02,1625.5647794970173,1656.8030663359298,1617.8286340484228,1653.5225830078125,615262,,
2025-01-03,1664.734938106878,1664.734938106878,1631.8808566601888,1647.5489501953125,647193,,
2025-01-06,1630.4610641341635,1663.5599611792636,1599.761415753126,1607.1058349609375,309219,,
2025-01-07,1607.399350119872,1623.5570704683012,1588.6466975883543,1592.563720703125,542151,,
2025-01-08,1586.3945119023588,1597.0684248098096,1530.1363098973457,1543.1114501953125,1413532,,
2025-01-09,1528.6183634320457,1565.34045736459,1528.6183634320457,1541.789306640625,777640,,
2025-01-10,1541.7893397965333,1552.120536926953,1499.4365238835423,1507.2216796875,402378,,
2025-01-13,1489.0565060619192,1505.1163268204484,1447.9277580290898,1452.775146484375,906542,,
2025-01-14,1431.916935673868,1437.5476570827411,1374.8752796622402,1378.057861328125,2008577,,
2025-01-15,1375.51185264528,1390.837231708802,1359.2072176612526,1381.6322021484375,1287420,,
2025-01-16,1401.3151345863691,1411.8421350733038,1378.694348145314,1384.814697265625,489271,,
2025-01-17,1384.8147149886274,1408.3657469821508,1381.9748490528445,1397.936767578125,696620,,
2025-01-20,1386.7242214916912,1446.7036438705538,1383.4927488251417,1427.608154296875,1610101,,
2025-01-21,1432.700390366805,1443.276282349615,1403.7633307458282,1408.1209716796875,562153,,
2025-01-22,1421.8794634496182,1466.8762209687657,1411.7930805975252,1428.4404296875,913499,,
2025-01-23,1438.232968638826,1477.6970258249903,1419.920932701283,1469.520263671875,1235078,,
2025-01-24,1504.1370556217043,1516.867382264336,1431.0355791085167,1439.2613525390625,1968647,,
2025-01-27,1419.9210573640519,1433.8264433519737,1358.1300338787896,1361.998046875,805934,,
2025-01-28,1385.6471766593847,1385.6471766593847,1333.795621644854,1368.069580078125,1371996,,
2025-01-29,1368.9506930954726,1402.2944032219486,1352.4013645538257,1398.328369140625,766197,,
2025-01-30,1399.258682562872,1405.1831086249472,1382.758245697624,1397.3001708984375,749914,,
2025-01-31,1390.5434254849895,1408.1210216750087,1387.8014610561258,1394.46044921875,664221,,
2025-02-01,1394.4602413457476,1476.7177274925473,1356.8079041330616,1467.0230712890625,1426531,,
2025-02-03,1439.5060198590795,1466.9251821421094,1424.817182921742,1442.4927978515625,802852,,
2025-02-04,1459.531923256629,1477.5992665191268,1435.3933607053846,1451.6978759765625,478244,,
2025-02-05,1439.6041035673138,1461.147733799576,1408.5127281184812,1412.0870361328125,819735,,
2025-02-06,1421.7815992577014,1428.538488562323,1380.9955690043814,1385.696044921875,431647,,
2025-02-07,1387.507607437057,1401.2171890373197,1370.9581600262698,1397.8876953125,621350,,
2025-02-10,1397.8877579170703,1416.248805525438,1381.2894186943338,1390.0537109375,670743,,
2025-02-11,1382.758231585967,1394.3623891717032,1354.8004300462594,1360.7249755859375,694651,,
2025-02-12,1363.1242243403399,1382.7093425061494,1338.4959143392196,1368.5101318359375,654233,,
2025-02-13,1374.8262279106639,1381.6321279153497,1356.7590049632986,1367.87353515625,561668,,
2025-02-14,1369.978907531561,1371.3987806712462,1331.2492916013432,1336.0966796875,828825,,
2025-02-17,1317.196985202304,1327.8218869870875,1310.2442927582103,1321.7015380859375,890483,,
2025-02-18,1312.202797650398,1328.3605186662423,1298.0525988790203,1307.3065185546875,415003,,
2025-02-19,1302.4103478808763,1309.0693358206097,1290.6592770729285,1301.2841796875,464950,,
2025-02-20,1302.410343053033,1321.456822435083,1293.548029369661,1317.0501708984375,728768,,
2025-02-21,1317.050042842888,1321.2608906059395,1275.7745064266148,1279.397705078125,1297282,,
2025-02-24,1278.614335972439,1316.952227020504,1271.6127521634508,1314.94482421875,754464,,
2025-02-25,1316.1688667711026,1325.3737760870313,1306.914827309612,1318.17626953125,400379,,
2025-02-27,1310.2444057125688,1332.6203793165623,1294.62532178556,1307.6983642578125,621665,,
2025-02-28,1307.3063549173207,1307.3063549173207,1250.1177983301816,1257.804931640625,900840,,
2025-03-03,1248.8450346147363,1289.7778574643253,1248.4042977589388,1279.0550537109375,705964,,
2025-03-04,1275.0402096067294,1275.0402096067294,1244.73216737012,1261.2816162109375,516071,,
2025-03-05,1262.1628413371309,1299.3255516268403,1261.2814871977807,1292.8134765625,621963,,
2025-03-06,1302.606119893091,1308.5306657647284,1292.7646700511548,1305.201171875,275303,,
2025-03-07,1311.321437485082,1313.0841457666704,1295.5554427768911,1300.3048095703125,265595,,
2025-03-10,1288.7007057320802,1316.6094976115364,1281.7480130662154,1285.86083984375,613699,,
2025-03-11,1283.7553028711443,1298.835865625066,1274.0117557824203,1292.470703125,302563,,
2025-03-12,1293.0582286570204,1311.1744603316286,1284.4897407028136,1308.530517578125,598766,,
2025-03-13,1316.1199180126084,1334.138250321586,1304.6136612889118,1325.61865234375,441272,,
2025-03-17,1335.704981493454,1336.9290513078724,1311.2235852050842,1324.982177734375,546482,,
2025-03-18,1324.982177734375,1324.982177734375,1324.982177734375,1324.982177734375,0,,
2025-03-19,1346.0850531263347,1346.0850531263347,1296.485720945937,1319.3514404296875,838919,,
2025-03-20,1332.5714603169301,1359.207172657526,1322.0933505916116,1349.1697998046875,855272,,
2025-03-21,1390.5433120230753,1390.5923226309792,1357.2976236107083,1362.732421875,1093226,,
2025-03-24,1370.9580656698834,1375.952246144355,1356.5630537955722,1363.6136474609375,440777,,
2025-03-25,1378.79226423504,1378.79226423504,1331.7879824997547,1337.222900390625,426894,,
2025-03-26,1347.1133300827305,1347.1133300827305,1327.6261148162068,1333.2568359375,421022,,
2025-03-27,1339.7690319833632,1389.4662707070734,1339.1324917177099,1378.8902587890625,768855,,
2025-03-28,1387.6054694258,1391.0328647278398,1361.9490152657559,1372.231201171875,959532,,
2025-04-01,1378.7433017944343,1383.933405899256,1358.2279384272197,1376.980712890625,365985,,
2025-04-02,1385.5489812316343,1410.3730905264856,1365.9148556763978,1404.693359375,870739,,
2025-04-03,1408.1797015975621,1408.3760524912475,1388.0979678884298,1404.3990478515625,230919,,
2025-04-04,1404.3497758391125,1416.2810284463558,1391.6329998543433,1401.6492919921875,500497,,
2025-04-07,1345.3321063693431,1386.8705105952317,1339.4401409399884,1378.5235595703125,579009,,
2025-04-08,1385.5938468543916,1412.9423619549727,1385.5938468543916,1399.43994140625,562645,,
2025-04-09,1408.523368464354,1429.734419385608,1399.832743696825,1425.4627685546875,886893,,
2025-04-11,1457.2793857885495,1457.2793857885495,1428.605203235446,1450.3072509765625,693426,,
2025-04-15,1522.4838340705455,1522.8766557256365,1453.9405908528365,1474.66064453125,797044,,
2025-04-16,1487.42647754429,1487.42647754429,1456.886483731182,1476.133544921875,739318,,
2025-04-17,1484.6770355166984,1499.0141266745259,1473.1876316037174,1490.4708251953125,569237,,
2025-04-21,1511.092793735069,1511.092793735069,1477.9013402704236,1489.390625,528024,,
2025-04-22,1497.2465648545426,1531.911009361467,1489.3906109603813,1529.55419921875,823672,,
2025-04-23,1531.911019054601,1556.8536968008561,1515.7081140453695,1551.9437255859375,1385393,,
2025-04-24,1556.460743931249,1580.224954659373,1528.670261248401,1532.696533203125,1320677,,
2025-04-25,1537.3120362556867,1545.6589875863629,1502.7458857528852,1519.5379638671875,517429,,
2025-04-28,1505.3969842531178,1532.2054716476528,1499.5050195397982,1528.572021484375,604732,,
2025-04-29,1532.0090886741064,1536.7227086637517,1507.2628834093082,1518.0648193359375,560975,,
2025-04-30,1508.441236493009,1540.7488690016733,1508.441236493009,1535.74072265625,705329,,
2025-05-02,1535.7407205173306,1546.7390073732302,1523.072971633724,1532.9910888671875,810473,,
2025-05-05,1537.3118863257682,1543.007500509573,1525.5279561846571,1531.027099609375,247436,,
2025-05-06,1531.0271085774857,1559.406764474698,1522.581982568022,1547.91748046875,898145,,
2025-05-07,1585.9206125188,1586.9026067061181,1509.9142384459085,1560.8797607421875,2290058,,
2025-05-08,1560.8798306198921,1565.0041584423318,1504.5133377699394,1509.521484375,715376,,
2025-05-09,1497.6392541907157,1516.4936137941177,1471.5182337751792,1503.62939453125,991191,,
2025-05-12,1527.0009796373101,1551.4526591699573,1524.1531724853837,1536.0352783203125,480122,,
2025-05-13,1536.035367351321,1544.8733156556953,1521.207278059562,1525.9208984375,427254,,
2025-05-14,1522.0910586918412,1534.3659865845175,1493.6132259808326,1506.77197265625,638135,,
2025-05-15,1502.254794004601,1518.163052295763,1500.585331920199,1510.798095703125,441481,,
2025-05-16,1522.0909693648937,1529.1612794672028,1503.5312555059127,1512.565673828125,847943,,
2025-05-19,1512.5657706601032,1539.4723168464238,1508.4413229427696,1527.9830322265625,982452,,
2025-05-20,1543.694754889694,1543.694754889694,1512.3691185227465,1528.572021484375,726976,,
2025-05-21,1541.7308910074532,1541.7308910074532,1474.660639328703,1529.3577880859375,2403116,,
2025-05-22,1523.5639426531052,1548.604793789202,1491.7473078233625,1540.15966796875,776793,,
2025-05-23,1542.0254553737675,1564.21849909834,1539.9631717693537,1550.4705810546875,640485,,
2025-05-26,1551.5508007121907,1559.7014003357524,1525.0369579152102,1527.491943359375,343457,,
2025-05-27,1535.1516596138947,1536.8210018906527,1501.1745626518548,1505.495361328125,639811,,
2025-05-28,1505.4952340182247,1512.0746668629947,1490.7653215076966,1495.282470703125,423530,,
2025-05-29,1497.63931164105,1501.7637591526666,1479.5705946134547,1495.184326171875,649913,,
2025-05-30,1492.7293701171875,1510.1107395048518,1471.5183192200157,1492.7293701171875,1450384,,
2025-06-02,1492.7292918991027,1523.3675814761145,1483.7931690579326,1521.3052978515625,962416,,
2025-06-03,1550.5687864598704,1580.814254689339,1533.4820640152313,1551.157958984375,2105296,,
2025-06-04,1561.1743428582056,1570.0122901812547,1539.4721763115192,1555.576904296875,1158597,,
2025-06-05,1552.5327890715985,1615.1840653208287,1543.694841505726,1581.0106201171875,2195473,,
2025-06-06,1594.2675964076977,1598.2937486853218,1557.835635271771,1564.7095947265625,803768,,
2025-06-09,1571.4852237977864,1578.6537088847604,1554.9876747838919,1564.02197265625,619292,,
2025-06-10,1575.1186858716676,1615.3804477923275,1574.5295133302232,1580.9124755859375,1003019,,
2025-06-11,1495.5771407558814,1520.126995331651,1455.9045517869704,1476.722900390625,9786390,,
2025-06-12,1477.9012047487663,1487.0337983483066,1456.2973333172229,1458.3594970703125,1578161,,
2025-06-13,1438.6215463219921,1446.3793247100741,1416.1338544903404,1426.935791015625,1568758,,
2025-06-16,1432.6314490011182,1465.9210783689684,1421.5348659210529,1458.654296875,1234580,,
2025-06-17,1463.1713813164224,1463.9570246378776,1440.978336017232,1448.2451171875,946768,,
2025-06-18,1448.245050189423,1448.736047274533,1432.3366727084574,1435.4791259765625,366997,,
2025-06-19,1443.138669522263,1453.8424304041305,1429.7835722177738,1434.4971923828125,593453,,
2025-06-20,1440.5854766201762,1441.0764737151387,1422.7132303124736,1432.63134765625,1652262,,
2025-06-23,1427.7214216730745,1430.6674043356345,1389.7181734026472,1394.3336181640625,3416836,,
2025-06-24,1404.2516852434903,1422.9095747677045,1401.5020535751976,1417.312255859375,1116069,,
2025-06-25,1414.0715109340983,1435.3807350596605,1403.7605728335373,1428.7032470703125,1958351,,
2025-06-26,1428.8016624886423,1434.4972772021408,1412.5987570377401,1418.49072265625,1725849,,
2025-06-27,1426.1502934607674,1434.6935954642863,1414.3663624918615,1416.2320556640625,2130175,,
2025-06-30,1401.1094657066178,1410.9294083598115,1392.4678682228687,1402.385986328125,3001009,,
2025-07-01,1406.1175094742598,1407.2958545573797,1371.7477127059851,1375.1846923828125,1280859,,
2025-07-02,1378.621602606356,1381.2729388459736,1355.5447402245272,1358.49072265625,1464003,,
2025-07-03,1363.204251131382,1367.4268739874226,1352.9916077190385,1356.8212890625,930122,,
2025-07-04,1359.9639553401648,1366.4450938662455,1347.492555574783,1353.384521484375,905626,,
2025-07-07,1361.0438821856362,1369.783654032723,1345.4301513376115,1357.705078125,1772885,,
2025-07-08,1357.7051616212527,1361.9277846447303,1336.7887570126234,1340.12744140625,963015,,
2025-07-09,1340.42203078373,1350.7329694820662,1338.0652208210718,1346.2158203125,1302716,,
2025-07-10,1353.5808125769106,1360.3565964478935,1343.5643999369202,1359.0799560546875,686811,,
2025-07-11,1359.963762473166,1359.963762473166,1331.5841067255656,1333.1552734375,781058,,
2025-07-14,1342.3860460208657,1348.8671836438657,1321.0768202326733,1339.4400634765625,1850508,,
2025-07-15,1345.0374452691315,1349.260068395726,1333.6463362061977,1345.5284423828125,962048,,
2025-07-16,1350.242004491748,1356.9196128992603,1340.8148842894004,1352.40234375,1343693,,
2025-07-17,1356.8213197073858,1374.693685827318,1351.7149978858836,1355.1519775390625,1027003,,
2025-07-18,1362.0259608410854,1362.0259608410854,1336.788757749202,1337.770751953125,509628,,
2025-07-21,1346.412322199206,1350.2421238340046,1333.548221212057,1341.7969970703125,949878,,
2025-07-22,1345.2338748853203,1347.296038725228,1316.952394053523,1319.3092041015625,827126,,
2025-07-23,1327.6561551426948,1329.6201435378764,1312.8280667335423,1318.130859375,860631,,
2025-07-24,1324.7101368463839,1327.6561193597563,1308.310882137546,1311.1585693359375,924127,,
2025-07-25,1313.0243707190539,1316.9523473690979,1282.9753733206826,1286.01953125,815158,,
2025-07-28,1286.117710099915,1301.2404442171264,1279.3420462585013,1292.3043212890625,746523,,
2025-07-29,1292.3043249769873,1307.034237495722,1275.4140732377723,1300.1602783203125,1769493,,
2025-07-30,1301.1422081051048,1306.6413511988567,1289.3582786732095,1292.10791015625,541385,,
2025-07-31,1286.4124260696728,1323.7282063678772,1282.5826246435468,1316.068603515625,1486378,,
2025-08-01,1319.8226251190679,1321.205696898558,1300.5587469829738,1306.3873291015625,1209840,,
2025-08-04,1306.980048514682,1326.3426917816475,1298.089027776487,1323.477783203125,1091819,,
2025-08-05,1332.5664389195897,1332.7639689190269,1304.0163596541786,1307.6715087890625,1528084,,
2025-08-06,1308.9558737545458,1308.9558737545458,1288.6053386281963,1292.3592529296875,1071422,,
2025-08-07,1289.3955365650877,1292.1616801417151,1268.2547615135825,1274.379638671875,1182773,,
2025-08-08,1282.2827428211504,1294.8289124839905,1270.4280487426804,1275.8614501953125,1324949,,
2025-08-11,1282.2827899226274,1290.0871545960642,1269.3414391966996,1286.431884765625,691799,,
2025-08-12,1288.605262663458,1291.5689361651714,1274.8735513204153,1282.085205078125,642530,,
2025-08-13,1284.357310717022,1293.1495664176725,1278.8251441769878,1290.3834228515625,402056,,
2025-08-14,1303.0284135227216,1317.748015625607,1284.1597168691455,1303.3248291015625,1527475,,
2025-08-18,1308.9558203498448,1309.7461815348547,1286.8270336836065,1291.667724609375,2136037,,
2025-08-19,1299.0769110054484,1317.6493135593587,1287.2222167605316,1312.51220703125,1846772,,
2025-08-20,1313.8952947601874,1327.0342959446643,1308.165477568719,1319.723876953125,1075724,,
2025-08-21,1323.8729855054871,1324.5645817073316,1309.5485629701934,1320.810546875,1071331,,
2025-08-22,1317.0565997118508,1321.8972910782265,1311.030487052247,1313.796630859375,545032,,
2025-08-25,1318.8347256652985,1318.933490664889,1290.6798270275,1295.4217529296875,1258475,,
2025-08-26,1295.4218559737067,1295.4218559737067,1280.2083064688977,1287.0247802734375,1382762,,
2025-08-28,1287.0246742625884,1289.0992216168672,1263.710346000226,1265.9825439453125,1374328,,
2025-08-29,1274.3796509627073,1299.3733466176882,1268.6498337525115,1295.1253662109375,1687323,,
2025-09-01,1295.1253404008214,1311.91949050518,1287.5186265316038,1305.2017822265625,911511,,
2025-09-02,1305.893342891789,1324.0705642758505,1305.2017467274613,1317.8468017578125,969704,,
2025-09-03,1317.8468574392527,1334.838537799046,1309.8449628580966,1330.7882080078125,1743317,,
2025-09-04,1347.4835432776438,1347.4835432776438,1302.3369654677513,1305.4981689453125,716303,,
2025-09-05,1312.0182955368366,1316.8589865977567,1294.2362537073095,1296.2120361328125,551551,,
2025-09-08,1298.978174804066,1301.0527222244827,1278.6276400175498,1280.3070068359375,822646,,
2025-09-09,1284.2586011419994,1291.3713697729863,1276.059055682447,1288.6053466796875,411404,,
2025-09-10,1293.939949355708,1301.349133397845,1285.44398851364,1287.7161865234375,748158,,
2025-09-11,1290.2846222774629,1305.9921158681411,1287.024653798911,1303.0284423828125,1024840,,
2025-09-12,1308.2643725366138,1309.8449743480103,1282.282785578087,1293.841064453125,1240784,,
2025-09-15,1306.7825974821726,1306.7825974821726,1289.2968499517415,1299.3734130859375,1111447,,
2025-09-16,1305.0042430906367,1315.17957043715,1299.5708416243244,1313.895263671875,879154,,
2025-09-17,1315.8710807472628,1329.5040275684562,1308.6594267375235,1320.9093017578125,1831382,,
2025-09-18,1325.7499693996567,1325.7499693996567,1304.4115439361024,1311.3267822265625,708672,,
2025-09-19,1311.9195354232766,1321.6009175811978,1306.1897181310883,1312.1170654296875,1037085,,
2025-09-22,1334.6409830090045,1346.4956771586035,1320.8105065011391,1323.6754150390625,1193493,,
2025-09-23,1322.983812377974,1327.231792664313,1308.9558059398694,1324.9595947265625,608739,,
2025-09-24,1319.822633438554,1340.5683484851181,1316.6614298588095,1334.542236328125,755361,,
2025-09-25,1326.8366106597998,1346.2981391279322,1298.7804772213556,1301.6453857421875,1180092,,
2025-09-26,1303.8188504141938,1303.9176154154848,1279.3191004846399,1281.6900634765625,733634,,
2025-09-29,1288.8028398367412,1297.6938606673382,1284.2585644195406,1292.6556396484375,829604,,
2025-09-30,1292.754439628533,1325.8487958378587,1275.3675780966987,1308.264404296875,1455473,,
2025-10-01,1318.340841680591,1338.3950818141448,1314.586806783253,1330.39306640625,1098185,,
2025-10-03,1330.6895066383013,1352.3243490161153,1324.959689182046,1346.1005859375,1058525,,
2025-10-06,1346.1004992322414,1347.4835710042018,1324.6633088395033,1344.5198974609375,405517,,
2025-10-07,1343.5320562336135,1348.4715123227077,1330.7882354053127,1335.431396484375,269092,,
2025-10-08,1331.874897002716,1335.4314018749715,1309.4498145045832,1316.957763671875,727143,,
2025-10-09,1316.9578096591363,1327.5283184568955,1309.7462758434408,1321.4033203125,889040,,
2025-10-10,1321.4032574821606,1333.1591869916324,1313.2038328000299,1320.810546875,849804,,
2025-10-13,1320.8105242586578,1322.29236104728,1298.6817374301277,1300.16357421875,526581,,
2025-10-14,1300.1637010917693,1307.5728857578863,1284.258675460278,1286.629638671875,647546,,
2025-10-15,1295.1253917883882,1318.8347811117453,1289.5932250647095,1316.957763671875,822427,,
2025-10-16,1309.0546425719401,1347.1872198679225,1309.0546425719401,1342.6429443359375,835083,,
2025-10-17,1342.1490174180155,1352.719526063954,1333.850706865817,1344.9151611328125,560298,,
2025-10-20,1350.1508651943006,1359.6347172610413,1343.6308073425578,1349.064208984375,518539,,
2025-10-21,1356.3745966975207,1356.3745966975207,1340.568337741104,1343.235595703125,94445,,
2025-10-23,1343.235575923509,1358.8443046500008,1331.8748274658753,1334.8385009765625,526206,,
2025-10-24,1344.717537486849,1347.5824462648523,1328.4173316651907,1340.963623046875,561687,,
2025-10-27,1348.0763251212052,1348.0763251212052,1329.7015726781178,1336.715576171875,422172,,
2025-10-28,1336.7155827122256,1358.350424500896,1321.0080882304683,1335.431396484375,417933,,
2025-10-29,1336.0240291209084,1376.1323861050307,1336.0240291209084,1370.6002197265625,1390351,,
2025-10-30,1370.6002444507158,1382.9488841754912,1359.2394959039225,1377.7130126953125,958881,,
2025-10-31,1437.381713366051,1469.98212335992,1410.7086506437943,1414.0675048828125,10485938,,
2025-11-03,1417.6238839559585,1447.063090201118,1410.9061755024277,1430.0712890625,1297031,,
2025-11-04,1437.3817508545721,1440.444189573006,1425.5270560021634,1433.3314208984375,961290,,
2025-11-06,1452.2000801794698,1457.139536234502,1396.3842267576058,1399.347900390625,1003182,,
2025-11-07,1399.3478830995014,1416.3395634819778,1386.9992431145074,1411.7952880859375,507698,,
2025-11-10,1411.7952601828445,1412.783151362119,1388.481052470402,1392.4326171875,429606,,
2025-11-11,1396.1866491365954,1413.6722747382025,1391.6422532471972,1397.3720703125,1025644,,
2025-11-12,1400.9284570984569,1421.7729368610412,1395.1987606144348,1418.216552734375,1363723,,
2025-11-13,1417.6239548889725,1418.5130811393976,1400.2370928707942,1403.595947265625,464975,,
2025-11-14,1401.8177036109976,1415.0554706669895,1395.6928260110976,1412.091796875,335913,,
2025-11-17,1416.6360202611704,1420.6863501755572,1407.0535235911198,1417.525146484375,380093,,
2025-11-18,1420.5874816281919,1420.7850116224217,1399.7430023652967,1417.327392578125,455921,,
2025-11-19,1410.9061618105402,1411.2025774070387,1391.6422834350153,1394.60595703125,484493,,
2025-11-20,1392.9265147381677,1415.4504810856997,1389.666425722121,1399.0513916015625,560899,,
2025-11-21,1392.9265431981019,1412.6843665058764,1378.404591303761,1409.8194580078125,1018074,,
2025-11-24,1417.525020548954,1421.5753501035022,1398.9526188847394,1413.8697509765625,888660,,
2025-11-25,1414.166246040118,1418.5129914177776,1402.1140216946042,1413.07958984375,522357,,
2025-11-26,1413.079659428048,1445.7788354835104,1411.696587568115,1441.8272705078125,1283956,,
2025-11-27,1442.3212203586054,1451.0147115675072,1423.5512866690071,1428.293212890625,855725,,
2025-11-28,1428.2931306022972,1442.3211372620813,1421.575422274065,1434.0228271484375,714629,,
2025-12-01,1440.0490156278045,1440.0490156278045,1418.6118239073078,1429.577392578125,512075,,
2025-12-02,1437.2829920357788,1438.468413289245,1411.7953497565156,1423.4525146484375,761536,,
2025-12-03,1414.660108611913,1421.1801659996493,1399.2490309884874,1404.0897216796875,965273,,
2025-12-04,1407.7449281231018,1419.8960378448278,1398.1624319369623,1414.5614013671875,756367,,
2025-12-05,1408.3377496413914,1439.4563241878523,1407.7450390065642,1437.9744873046875,612882,,
2025-12-08,1441.234589162896,1447.161936746875,1404.2874317709889,1412.091796875,456180,,
2025-12-09,1407.7449504400834,1422.8597339343146,1393.1241125424976,1418.01904296875,404040,,
2025-12-10,1418.01905668593,1427.5027881148299,1411.6965288692677,1419.105712890625,384839,,
2025-12-11,1428.0955517414004,1428.0955517414004,1407.4486007168534,1419.7972412109375,287781,,
2025-12-12,1422.563388876409,1433.430192541437,1415.648150180482,1429.577392578125,347794,,
2025-12-15,1427.5026969464905,1429.3797142304616,1412.1903842802824,1424.9342041015625,229303,,
2025-12-16,1422.4645685385653,1436.9865209982495,1420.6863161347644,1433.8253173828125,428654,,
2025-12-17,1434.319303491537,1438.666049029661,1395.00118423114,1407.646240234375,726612,,
2025-12-18,1392.9265279190224,1392.9265279190224,1355.6830796292659,1374.3541259765625,1129800,,
2025-12-19,1375.0457864899565,1394.5071949085302,1370.6002760864276,1389.66650390625,397838,,
2025-12-22,1389.6664925519972,1416.1420247535707,1387.690710166572,1409.42431640625,530499,,
2025-12-23,1416.4384232878638,1434.8131751325654,1409.0292394317594,1424.341552734375,386351,,
2025-12-24,1422.6621695094066,1427.1076801484771,1398.3600688009271,1404.880126953125,499655,,
2025-12-26,1404.880118740743,1416.6360487026698,1398.9527712566314,1411.1038818359375,578732,,
2025-12-29,1407.7450209193876,1417.623933346892,1397.3721628705077,1412.3880615234375,923624,,
2025-12-30,1407.7449915421857,1419.797216215355,1390.0617145475337,1406.5595703125,2611454,,
2025-12-31,1404.0897188321896,1429.478472772409,1395.1986986145314,1426.2183837890625,765435,,
2026-01-01,1429.972514618968,1433.9240794262053,1373.168770514933,1387.19677734375,1020153,,
2026-01-02,1387.0980358152945,1392.531437517193,1354.4976256039042,1364.8704833984375,1986738,,
2026-01-05,1364.5741776106402,1374.3542041230617,1352.225537476584,1358.8443603515625,1093742,,
2026-01-06,1358.8443740491246,1364.5741913659606,1345.310312562647,1359.9310302734375,1189346,,
2026-01-07,1359.930913359913,1364.2776584756646,1348.3726353084683,1361.116455078125,825599,,
2026-01-08,1361.1166027872646,1362.3020240419396,1327.231884916857,1333.8507080078125,863070,,
2026-01-09,1323.7741994535359,1339.5804585514886,1308.8570665482805,1314.8831787109375,753264,,
2026-01-12,1312.9073637473784,1315.1795616732052,1294.1374315342857,1311.5242919921875,564288,,
2026-01-13,1314.2905095269466,1318.24207442595,1297.891539314521,1303.4237060546875,565666,,
2026-01-14,1294.137580551787,1327.034408508036,1294.137580551787,1319.82275390625,1050390,,
2026-01-15,1319.82275390625,1319.82275390625,1319.82275390625,1319.82275390625,0,,
2026-01-16,1333.6530811735477,1337.1107002728866,1321.2056765343648,1332.3687744140625,888719,,
2026-01-19,1324.2682677921066,1335.826547591906,1301.0528225902308,1308.7584228515625,429661,,
2026-01-20,1307.4739917372488,1312.7098632882203,1297.1011342281886,1302.63330078125,1422810,,
2026-01-21,1269.4402849601977,1313.2039165618519,1260.5492635091146,1304.0164794921875,2399345,,
2026-01-22,1303.5224357550724,1324.3669159143403,1296.607197369104,1322.193603515625,1240014,,
2026-01-23,1337.6046006130439,1341.062219595426,1310.9315398918088,1316.85888671875,1398884,,
2026-01-27,1318.9428922226193,1318.9428922226193,1290.1645124340007,1301.4774169921875,830607,,
2026-01-28,1303.164325782603,1321.4237350892647,1299.2942269420757,1316.5611572265625,1154014,,
2026-01-29,1318.8437068782086,1327.477172531463,1313.9811287276925,1320.2330322265625,949233,,
2026-01-30,1322.416151782389,1357.5456466918147,1317.8513295370833,1352.1868896484375,1803157,,
2026-02-02,1331.7443502251206,1338.2938883757884,1307.9277597590976,1336.2099609375,510793,,
2026-02-03,1354.5685867445811,1360.5227343786232,1339.6832176594758,1355.66015625,726570,,
2026-02-04,1364.4921871313386,1364.4921871313386,1339.6832382744053,1347.7213134765625,506352,,
2026-02-05,1349.6067430511562,1356.45403678383,1342.8586608809248,1349.0113525390625,519049,,
2026-02-06,1355.5608699136483,1367.7669203451514,1341.6678595338599,1366.476806640625,475208,,
2026-02-09,1368.1638168721552,1402.5987094043708,1355.7593428628788,1399.0262451171875,689551,,
2026-02-10,1399.2246998480766,1401.5071715723102,1390.2934783596847,1399.12548828125,309157,,
2026-02-11,1409.1482561155894,1409.346679245981,1388.904130180525,1402.1025390625,383041,,
2026-02-12,1402.1025046731143,1417.384840599139,1396.6445362093511,1406.568115234375,493044,,
2026-02-13,1403.1940666378202,1412.1252877126012,1387.415551844886,1391.6827392578125,383577,,
2026-02-16,1379.9729103532798,1395.4536698015138,1379.873698787975,1390.29345703125,151661,,
2026-02-17,1396.247591168693,1414.9039684893207,1391.2858015767645,1413.11767578125,567457,,
2026-02-18,1419.0717694788739,1420.3618831788294,1405.2779707088996,1413.7130126953125,271072,,
2026-02-19,1418.8733942519295,1418.8733942519295,1379.774468202928,1386.4232177734375,278639,,
2026-02-20,1390.2933949635133,1399.6215832971086,1365.1866920527377,1368.75927734375,288978,,
2026-02-23,1369.4538695444096,1409.148184603668,1369.4538695444096,1406.0718994140625,785217,,
2026-02-24,1407.163466188885,1414.109971311115,1394.8582043163046,1410.63671875,681459,,
2026-02-25,1413.117682522124,1416.392512123395,1395.7514188675332,1401.70556640625,381768,,
2026-02-26,1394.7590968660593,1399.0262845003501,1365.1867815404955,1378.186767578125,559059,,
2026-02-27,1374.4156573558587,1382.0567645410576,1360.522647100998,1370.247802734375,1362196,,
2026-03-02,1334.7213440918852,1364.1943245733635,1334.7213440918852,1356.15625,957355,,
2026-03-04,1329.858804993296,1345.6373199189486,1301.1796372955591,1306.7369384765625,837406,,
2026-03-05,1306.7369913791445,1321.6223605649452,1299.9889088932703,1315.668212890625,628562,,
2026-03-06,1309.912446305489,1407.0643103006344,1296.8133702974105,1379.1790771484375,5578937,,
2026-03-09,1379.07967751078,1379.07967751078,1329.8587515994589,1345.4388427734375,773145,,
2026-03-10,1351.2937280670787,1399.2246639466093,1343.652620555822,1396.3468017578125,747118,,
2026-03-11,1391.0873652865744,1402.7971159302715,1367.0722312063897,1371.537841796875,316208,,
2026-03-12,1356.652420160018,1358.3395012218652,1330.8511155341128,1353.0799560546875,842671,,
2026-03-13,1339.6831409887009,1357.5455828685501,1299.9888257001467,1304.355224609375,675221,,
2026-03-16,1299.8895914041946,1352.9807371740653,1292.6453305357618,1307.332275390625,885117,,
2026-03-17,1314.8742119575438,1322.3168961761714,1288.7751508425808,1291.45458984375,1291896,,
2026-03-18,1300.7828048752015,1320.33220736734,1295.2255036351044,1310.210205078125,1747262,,
2026-03-19,1301.0804686736526,1307.5307952725827,1271.3097305247438,1279.0501708984375,806047,,
2026-03-20,1286.0959074004506,1307.530814962969,1286.0959074004506,1290.16455078125,867349,,
2026-03-23,1279.0500874643533,1279.0500874643533,1256.7220353091593,1265.4547119140625,1141612,,
2026-03-24,1281.0348637381187,1324.6986122379776,1272.8974561079528,1317.851318359375,1628922,,
2026-03-25,1327.6757226393556,1335.1184072481374,1295.0271219280112,1301.57666015625,3189905,,
2026-03-27,1304.4544598792927,1304.55367144183,1241.0427658257975,1244.2183837890625,1426042,812683.0,56.99
2026-03-30,1233.6992753508382,1243.3252195269592,1202.2415788213825,1209.48583984375,1479878,681080.0,46.02
2026-04-01,1252.8518838087657,1252.8518838087657,1219.3101373951856,1239.7528076171875,3909216,2562127.0,65.54
2026-04-02,1228.6383045526984,1228.6383045526984,1201.74542941023,1211.867431640625,957515,537614.0,56.15
2026-04-06,1215.8369027791045,1231.4169951598856,1204.1271517392709,1226.8521728515625,948501,543321.0,57.28
2026-04-07,1215.6384412544621,1239.8519985159166,1201.5470073699987,1228.6383056640625,649429,296977.0,45.73
2026-04-08,1259.3021728866674,1260.7907097340512,1236.7756970512353,1239.256591796875,713361,453080.0,63.51
2026-04-09,1232.0123716220162,1246.401561624851,1223.180361806581,1240.149658203125,1159575,777419.0,67.04
2026-04-10,1247.0961843830348,1260.9891956504273,1237.371149178327,1258.50830078125,1592029,995710.0,62.54
2026-04-13,1235.4855766714563,1242.3328703600148,1217.9208904219458,1222.0887451171875,1370011,878417.0,64.12
2026-04-15,1222.1880080671456,1249.67639553896,1222.1880080671456,1242.8291015625,1625397,1119636.0,68.88
2026-04-16,1247.195435452409,1253.4472174310574,1226.8520988567316,1244.9129638671875,1707814,1000289.0,58.57
2026-04-17,1248.3862218793956,1296.9125467824813,1245.3099366571007,1292.943115234375,2825738,1521838.0,53.86
2026-04-20,1298.996534666682,1308.4239350328648,1284.1111656674457,1297.7064208984375,1189368,592539.0,49.82
2026-04-21,1304.9506815338693,1356.8510498703838,1300.1873150018105,1352.5838623046875,2334336,1283857.0,55.0
2026-04-22,1366.0798573096235,1390.0949911087496,1344.2479835672027,1382.1561279296875,1841125,1086299.0,59.0
2026-04-23,1379.4766468057933,1383.9422572076705,1364.6904903587567,1371.736328125,1008437,583838.0,57.9
2026-04-24,1372.4309302083896,1387.8124771485413,1359.6294894952277,1381.262939453125,967932,322666.0,33.34
2026-04-27,1382.3545352288559,1403.5910182172174,1371.4385984826122,1380.9652099609375,821321,423461.0,51.56
2026-04-28,1386.3239929354827,1387.3163508402324,1359.728752633212,1363.896728515625,582625,316321.0,54.29
2026-04-29,1369.3547409145108,1380.4691013492318,1350.301395849705,1352.9808349609375,769004,532279.0,69.22
2026-04-30,1339.6831614148775,1339.6831614148775,1311.8971402892355,1315.4696044921875,1077576,715897.0,66.44
2026-05-01,1315.4696044921875,1315.4696044921875,1315.4696044921875,1315.4696044921875,0,0.0,0.0
2026-05-04,1324.5000177107022,1329.362595563882,1302.5689327284333,1311.599365234375,778722,501394.0,64.39
2026-05-05,1319.8359984022113,1324.003853100085,1297.4087342357966,1305.5460205078125,656051,385050.0,58.69
2026-05-06,1318.6452324629804,1318.6452324629804,1259.6991486854656,1280.439453125,2800460,1565875.0,55.91
2026-05-07,1286.790404450858,1291.2560148758416,1267.7371817592355,1270.0196533203125,995377,607287.0,61.01
2026-05-08,1275.1799398111798,1282.0272337543859,1264.1647910177312,1271.0120849609375,1284584,690742.0,53.77
2026-05-11,1270.2181154815453,1270.2181154815453,1253.94342164945,1256.42431640625,437790,189497.0,43.28
2026-05-12,1256.4243865276148,1263.8670712133926,1234.7910557234216,1237.966552734375,529790,271549.0,51.26
2026-05-13,1246.7984619140625,1253.3479996801532,1226.5543369791524,1246.7984619140625,711715,436895.0,61.39
2026-05-14,1257.2182107758663,1268.6303262903555,1242.8290216489017,1262.775390625,585021,343158.0,58.66
2026-05-15,1279.14935807484,1331.8435393661834,1276.2714958811632,1310.6070556640625,3849617,1093120.0,28.4
2026-05-18,1310.21020700258,1310.21020700258,1261.5846690423948,1305.645263671875,837730,310664.0,37.08
2026-05-19,1299.0957111977202,1317.8512998584345,1290.462245865973,1294.9278564453125,707901,354710.0,50.11
2026-05-20,1290.0652951700313,1295.5232637265199,1272.2028526215233,1274.782958984375,988906,679545.0,68.72
2026-05-21,1283.1187590880083,1284.5080843694195,1260.3937390499132,1262.8746337890625,946896,599549.0,63.32
2026-05-22,1265.4547084169676,1277.0653681880437,1249.3785593646287,1272.302001953125,842545,574328.0,68.17
2026-05-25,1280.1416789464213,1292.049973634295,1269.2257421492038,1274.2867431640625,739366,483669.0,65.42
2026-05-26,1274.2867700376046,1287.088211324527,1266.546451009713,1283.5157470703125,1103951,709956.0,64.31
2026-05-27,1285.1034584557942,1300.286582520324,1280.737059543206,1292.546142578125,443996,259526.0,58.45
2026-05-28,1292.546142578125,1292.546142578125,1292.546142578125,1292.546142578125,0,0.0,0.0
2026-05-29,1295.920229142212,1298.8973028957491,1250.8671554445282,1260.2945556640625,2164859,1390644.0,64.24
2026-06-01,1267.1418245103764,1272.4012486886693,1235.5847948908652,1239.256591796875,509716,296420.0,58.15
2026-06-02,1240.5466112274748,1267.7372424555758,1233.3024710959078,1265.25634765625,997132,584683.0,58.64
2026-06-03,1270.2180746605563,1270.2180746605563,1240.9435174711139,1253.248779296875,600804,364929.0,60.74
2026-06-04,1253.2488555778264,1258.5082799308796,1238.4626981750112,1240.149658203125,611875,350313.0,57.25
2026-06-05,1240.050469703461,1247.1955196236863,1232.0123945384719,1237.172607421875,271036,128323.0,47.35
2026-06-08,1233.302465811847,1237.470320601881,1219.8063012513846,1229.0352783203125,488904,259005.0,52.98
2026-06-09,1230.4245664201042,1252.8518304042088,1229.6306316567543,1247.59228515625,555079,345749.0,62.29
2026-06-10,1250.8671190215075,1266.1494547388254,1243.6228579771973,1250.271728515625,902528,522560.0,57.9
2026-06-11,1250.2717936588244,1265.8517648721315,1242.928320670488,1248.1878662109375,638516,405605.0,63.52
2026-06-12,1261.1877326183644,1267.2410918366104,1251.5617878992377,1262.67626953125,497161,325164.0,65.4
2026-06-15,1275.1799128236519,1279.1493444589005,1256.4243241196136,1261.7830810546875,781530,451625.0,57.79
2026-06-16,1266.0502217966973,1292.0499495931365,1258.4089934983626,1289.0728759765625,1039955,473425.0,45.52
2026-06-17,1294.0347187380542,1299.889654653084,1276.4700321304051,1298.004150390625,321861,158471.0,49.24
2026-06-18,1318.8436847351454,1357.1486764826582,1315.1720088609125,1339.98095703125,2744272,920579.0,33.55
2026-06-19,1337.698410802608,1338.0953781787011,1301.9735274280577,1310.4085693359375,784253,429472.0,54.76
2026-06-22,1310.4086720729279,1336.1107671877237,1303.9583454023682,1332.8359375,747124,397303.0,53.18
2026-06-23,1332.8359299751082,1339.6832240142253,1323.8054969147975,1327.4771728515625,604501,389762.0,64.48
2026-06-24,1325.8893909172964,1352.2860873266252,1310.1108757828385,1348.713623046875,1388539,911877.0,65.67
2026-06-25,1356.55329705747,1385.232465604608,1355.560939122534,1374.3165283203125,1774172,912685.0,51.44
2026-06-25,1356.55329705747,1385.232465604608,1355.560939122534,1374.3165283203125,1774172,0.0,0.0
2026-06-26,1374.3165283203125,1374.3165283203125,1374.3165283203125,1374.3165283203125,0,,
2026-06-29,1364.4921597464067,1364.4921597464067,1324.797842371966,1331.2481689453125,1861576,1162842.0,62.47
2026-06-30,1337.996272727354,1353.8739999307643,1320.03449691854,1340.0802001953125,943978,565210.0,59.88
2026-07-01,1341.6678519569837,1363.3013021668858,1340.3777382597427,1342.0648193359375,447614,0.0,0.0
2026-07-02,1349.4083751895755,1371.438673001334,1341.9656906400023,1362.9044189453125,320446,161771.0,50.48
2026-07-03,1364.4921452886363,1388.308735460947,1358.736420875351,1382.65234375,703591,343615.0,48.84
2026-07-06,1382.6522880042494,1421.552668595662,1382.1561090623313,1416.3924560546875,1181466,695168.0,58.84
2026-07-07,1424.033625307582,1429.9877728698439,1412.2245417482748,1428.4000244140625,719161,468873.0,65.2
2026-07-08,1427.0,1427.0,1397.800048828125,1408.800048828125,2405459,,
2026-07-09,1409.0,1420.0,1378.4000244140625,1381.199951171875,621336,,
2026-07-10,1384.9000244140625,1391.800048828125,1375.699951171875,1385.699951171875,568746,,
2026-07-13,1378.5999755859375,1398.699951171875,1368.800048828125,1373.4000244140625,804212,467925.0,58.18
2026-07-14,1373.0,1390.5999755859375,1367.0999755859375,1386.300048828125,565373,,
2026-07-15,1393.5,1394.9000244140625,1370.5,1373.4000244140625,967379,630836.0,65.21
2026-07-16,1373.4000244140625,1392.4000244140625,1357.5999755859375,1381.5999755859375,428267,,
2026-07-17,1363.0,1382.0999755859375,1351.0,1375.800048828125,476712,210380.0,44.13
2026-07-20,1367.0,1399.0,1363.5,1395.300048828125,656234,382561.0,58.3
2026-07-21,1400.0,1400.300048828125,1375.199951171875,1390.800048828125,621923,368246.0,59.21
2026-07-22,1390.0,1407.800048828125,1375.699951171875,1404.199951171875,666171,,
2026-07-23,1399.9000244140625,1435.4000244140625,1395.0,1418.0,1621296,610661.0,37.66
2026-07-24,1416.0,1480.0,1410.5,1467.199951171875,3954221,,
2026-07-27,1477.699951171875,1503.5,1471.699951171875,1482.0,1154306,534451.0,46.3
2026-07-28,1480.0,1511.9000244140625,1475.4000244140625,1508.800048828125,882152,466577.0,52.89
2026-07-29,1511.199951171875,1536.800048828125,1493.9000244140625,1504.4000244140625,1826758,969557.0,53.08
2026-07-30,1507.0,1535.4000244140625,1507.0,1531.9000244140625,1362733,884760.0,64.93
2026-07-31,1532.9000244140625,1535.0,1510.5999755859375,1515.9000244140625,784002,488095.0,62.26
2026-08-03,1515.0,1530.0,1512.699951171875,1530.0,410981,240696.0,58.57
2026-08-04,1530.0,1548.0,1521.5,1525.0,553258,230965.0,41.75
2026-08-05,1528.0,1540.0,1520.0,1520.0,443864,,
2026-08-06,1520.0,1534.0,1516.4000244140625,1525.0,408969,297227.0,72.68
2026-08-07,1521.199951171875,1529.800048828125,1512.4000244140625,1512.4000244140625,324797,202640.0,62.39
2026-08-11,1513.199951171875,1548.699951171875,1513.199951171875,1548.699951171875,546661,341138,62.4
