date,open,high,low,close,volume,delivery_qty,delivery_pct
2022-01-03,80.17267448164719,84.65348063967348,79.93177100381557,84.02713012695312,23089490,,
2022-01-04,84.79802397819562,85.66527796651258,83.7380501488263,85.27983093261719,17703948,,
2022-01-05,85.23164932767499,87.0625172684678,84.55712251612594,86.7734375,18419964,,
2022-01-06,86.43616674243462,87.30342075141972,85.76163993088556,86.7734375,16421121,,
2022-01-07,87.49613984454486,88.55611360099532,86.77342946262998,88.026123046875,19019068,,
2022-01-10,88.50793502002469,92.41057424583674,88.26703154563606,92.07331085205078,29701899,,
2022-01-11,92.45875242853454,93.37419006108672,91.01333155251707,92.94055938720703,19146191,,
2022-01-12,95.10868968933508,95.87958375572553,94.14507578224236,94.91596984863281,22266577,,
2022-01-13,94.91596468272829,98.1922532588861,94.19325429174305,96.9395523071289,23810313,,
2022-01-14,96.79500784931807,97.32499840511149,95.20505088551822,95.87957763671875,11509042,,
2022-01-17,95.83140616649179,96.84320377349853,95.59050267451792,96.36139678955078,8373684,,
2022-01-18,96.55410413375814,97.32499814892113,94.2414367918496,94.7232437133789,16203943,,
2022-01-19,94.91596584106118,96.16866680810604,93.75963214208926,94.96414947509766,12924190,,
2022-01-20,94.81961003602025,95.59049675149593,93.85599612783263,94.28961944580078,10645612,,
2022-01-21,93.51873811712404,93.56691440423403,89.71245854946196,90.48335266113281,14711397,,
2022-01-24,90.48334121956988,91.30241151477979,86.9661492264789,88.65247344970703,16770551,,
2022-01-25,88.6524766559229,94.09689652960668,87.4961429446053,92.36238861083984,41665022,,
2022-01-27,91.92876609453953,96.84319543742383,90.57970518525214,96.45774841308594,31055664,,
2022-01-28,97.08410591107537,99.0113338199801,95.97594839309694,96.55411529541016,28438564,,
2022-01-31,97.80680624666925,97.99952607688253,96.16866563448548,96.9395523071289,14174495,,
2022-02-01,97.42136527878462,98.28861927213217,94.67506709300966,96.602294921875,14525052,,
2022-02-02,97.325009794442,98.48134360375855,96.65048296430585,97.71045684814453,12593978,,
2022-02-03,97.56590805431404,98.19225856403321,97.13228473701113,97.32500457763672,10269350,,
2022-02-04,97.32500996488395,97.5177298161772,94.67507157475097,95.30142211914062,9864599,,
2022-02-07,95.39777071392116,96.84319148231391,94.24143703992306,95.87957763671875,24264144,,
2022-02-08,96.21684406707804,96.40957125339003,93.47054599029849,95.39777374267578,9556428,,
2022-02-09,96.07230046793892,99.25222919851026,96.07230046793892,98.43315887451172,22966546,,
2022-02-10,98.77041584401412,101.17945037679495,97.22863521339238,100.64945983886719,30117303,,
2022-02-11,100.11949347346305,102.14308135061704,98.57771258381197,99.20405578613281,28714979,,
2022-02-14,96.36138143119514,96.79500470691954,91.97693563535978,92.69964599609375,23369759,,
2022-02-15,93.27783592221408,97.2768280456697,90.96516090686004,96.7950210571289,20803245,,
2022-02-16,97.32500547117985,97.80681242895797,95.34959400357327,95.97594451904297,16016476,,
2022-02-17,96.0723035964278,96.55411054997417,94.48234653115736,94.91596984863281,13437785,,
2022-02-18,93.47054512139971,95.34958922178387,93.42236148732202,94.33779907226562,10075699,,
2022-02-21,94.24144677552313,98.1440788422703,93.4705526786938,96.12049102783203,35843421,,
2022-02-22,94.19325734497063,96.40957222321555,92.65147659791744,95.8313980102539,25227553,,
2022-02-23,95.83140443836074,98.3849828775933,95.83140443836074,96.65048217773438,21482751,,
2022-02-24,93.47054285439513,94.00053340923408,89.23064047105423,90.4351577758789,39643527,,
2022-02-25,91.97694376534096,94.04871511959666,91.54332045128795,93.22964477539062,28249018,,
2022-02-28,92.60328897738832,93.75963000175376,91.54331521889598,93.47054290771484,14455709,,
2022-03-02,92.50693111209006,94.1932553771542,91.20605386368436,92.55511474609375,15548463,,
2022-03-03,93.90416225452005,93.95234588543366,91.83239845745265,92.26602172851562,12419175,,
2022-03-04,91.83240603063325,92.16966941947213,89.47154760518019,89.85699462890625,13385957,,
2022-03-07,88.65247872826201,89.13428567787213,82.87079533294057,84.21985626220703,24502834,,
2022-03-08,83.83440699436328,87.11069563461601,82.91897675525593,86.38798522949219,29047023,,
2022-03-09,87.49614074219272,89.6160882768428,86.2434397933057,89.08609771728516,23549931,,
2022-03-10,91.736041268847,93.71145272458014,90.33880404040501,91.25423431396484,25939107,,
2022-03-11,90.9651511337761,92.26602839271479,90.3869842800023,91.83240509033203,15023756,,
2022-03-14,91.88058376288066,92.50693426734057,90.38698663109693,91.44696044921875,15504240,,
2022-03-15,91.88058874109156,92.31421943003876,89.61609742700396,90.04972076416016,12684289,,
2022-03-16,91.49513468743497,95.10868672646147,91.10969501803783,94.77142333984375,23649366,,
2022-03-17,96.02412634654094,96.65047685021085,94.19325847111763,94.48234558105469,18789951,,
2022-03-21,94.86778941498287,94.86778941498287,93.27783229604074,93.80781555175781,10129862,,
2022-03-22,93.95235001177404,95.59049060972478,92.98873616549943,95.25322723388672,11871146,,
2022-03-23,95.39777277426452,96.36138664067124,94.57870245817689,94.96414947509766,11438626,,
2022-03-24,94.72325307679985,95.54232345400699,94.14507883237984,94.43416595458984,10320726,,
2022-03-25,94.53052129575518,95.108688160358,93.56690740415361,93.95235443115234,7671535,,
2022-03-28,94.24144598131271,95.44596340258822,92.69965780064733,95.06051635742188,11144335,,
2022-03-29,96.02412946695821,96.16867302662386,93.7596382048326,94.00054168701172,11378953,,
2022-03-30,94.96415098618408,95.06051090399998,93.13328314052016,93.51873016357422,18410087,,
2022-03-31,93.66326798746069,94.8196090766607,93.37418822900364,93.85599517822266,10490975,,
2022-04-01,93.85599241120286,98.52951821048643,93.61508894369555,97.90316772460938,21163607,,
2022-04-04,98.28862453553735,100.21585246760671,97.56591406101134,98.77043151855469,25317872,,
2022-04-05,99.44494987118743,99.44494987118743,94.14507351008791,94.67506408691406,43539147,,
2022-04-06,94.67506918700467,96.65048069599949,93.95235873519547,95.6868667602539,15242800,,
2022-04-07,95.6868679592478,96.16867493315783,94.43416688636535,94.86779022216797,17796591,,
2022-04-08,95.87958846800991,97.22864947460143,95.39778149078374,96.55411529541016,15120901,,
2022-04-11,96.36138515332833,97.6622623825402,95.92776186085445,96.4095687866211,8635769,,
2022-04-12,96.40957842011285,96.40957842011285,93.7114564255003,94.86779022216797,12213669,,
2022-04-13,95.39777011951202,96.55410378630519,94.67505973981875,95.3495864868164,11604703,,
2022-04-18,95.1086875812855,95.1086875812855,92.65147658373665,93.42236328125,9523135,,
2022-04-19,94.0487141531995,95.25323151518154,91.54331951063496,92.7960205078125,11897241,,
2022-04-20,93.42237241454457,94.24145017892724,92.26603857933209,92.60330200195312,10227110,,
2022-04-21,93.3741853679915,93.75963238591463,92.50693141561206,93.08509826660156,10130826,,
2022-04-22,92.98873208148049,93.18145190155518,91.92875836748999,92.26602172851562,11899685,,
2022-04-25,91.54331732626673,93.03692176020091,90.29061635898063,91.92876434326172,12393868,,
2022-04-26,93.27782764774747,94.19325790405274,92.74783706665039,93.95235443115234,10607557,,
2022-04-27,93.32600297615195,94.14507330527277,92.41057272921523,93.51873016357422,7410436,,
2022-04-28,93.66327026403015,94.43416434223408,92.7960236157892,94.0969009399414,6876170,,
2022-04-29,94.43416293462117,95.01232980876071,92.21784800666379,92.5069351196289,7943317,,
2022-05-02,90.57970485904059,93.03692319752862,90.097897918301,91.10969543457031,9517127,,
2022-05-04,91.73603896643056,94.1932573153739,90.43516169125664,91.0133285522461,15628039,,
2022-05-05,91.83240053402497,93.37418118485577,90.48333970762674,90.7242431640625,16564829,,
2022-05-06,89.61609279688835,90.4833467781841,85.4243737977146,87.78522491455078,37190821,,
2022-05-09,88.3152144459569,91.44695958693558,86.0988995593173,90.3869857788086,29740740,,
2022-05-10,89.80881242818685,91.54332038675746,88.50793513515421,89.03792572021484,14752094,,
2022-05-11,90.14608584792792,90.14608584792792,86.050726656526,87.3997802734375,16650244,,
2022-05-12,87.25523375468535,87.44795357667279,80.89537670404081,82.3407974243164,29157781,,
2022-05-13,84.65347248535606,84.65347248535606,80.17266675894717,80.46175384521484,17971518,,
2022-05-16,81.81081915538341,82.77443302682069,79.78723149572319,82.1962661743164,14916447,,
2022-05-17,82.48534482936786,83.83440570182424,81.32901113971398,83.54531860351562,12606291,,
2022-05-18,84.21985646932626,84.55711986452464,82.62989206134459,82.96715545654297,12264421,,
2022-05-19,80.94357246571984,81.90718642364507,79.69087137970061,80.41358184814453,12533024,,
2022-05-20,81.85899543788103,82.3889860078877,81.1844686685911,82.1962661743164,9026094,,
2022-05-23,83.06351384085907,83.40078458161341,81.71446028500371,82.0035400390625,8056677,,
2022-05-24,82.48534668177645,82.77443378657722,81.23265304848421,81.47355651855469,8238311,,
2022-05-25,81.81081466148063,82.38898148222599,80.02813056760334,80.46175384521484,8821604,,
2022-05-26,80.89537930225228,82.38898370189153,79.49814216849182,81.95536041259766,11661808,,
2022-05-27,82.43717502710638,84.2680356209997,82.43717502710638,83.73805236816406,10805008,,
2022-05-30,84.70167286205884,87.15888417395139,84.41258571864022,86.86980438232422,10333214,,
2022-05-31,86.67706979665294,87.30342031958799,84.942569139053,85.61709594726562,7561081,,
2022-06-01,85.18347382726004,86.72525466200416,85.08711390354934,86.05072784423828,6377447,,
2022-06-02,86.43615867274828,88.89337691016819,86.05071901744256,88.65247344970703,14588418,,
2022-06-03,89.519742907093,90.00154991159643,86.53254094953012,86.86980438232422,14520124,,
2022-06-06,87.25524367499342,87.83341055847917,85.27983219197708,87.49614715576172,11663917,,
2022-06-07,87.06251807708773,88.12249194156287,86.6288947444632,87.83341217041016,9194889,,
2022-06-08,87.44796151954428,89.47154924137395,87.20705804428383,87.78522491455078,9098083,,
2022-06-09,87.3997725788574,88.31521014035702,86.91796565758081,88.026123046875,5384969,,
2022-06-10,87.11070197526271,88.70066645262415,86.86979848935314,88.36339569091797,5883324,,
2022-06-13,86.72524269990778,88.02611987004842,84.65347154282978,85.47254180908203,10712518,,
2022-06-14,85.42437361745047,88.07431183972349,85.27983006224109,86.62889099121094,10367840,,
2022-06-15,87.15887500429201,87.54432203770159,85.66527785854207,85.90618133544922,10060165,,
2022-06-16,87.39978090774157,87.44796454517703,83.15988547789297,83.73805236816406,10232041,,
2022-06-17,82.91897962570688,84.99074364401554,82.38898903621961,84.12349700927734,10344357,,
2022-06-20,84.31620901697235,84.89437583701644,80.94356065629346,81.7144546508789,9567545,,
2022-06-21,82.72624944182377,85.08710783932602,82.09989895465826,84.60530090332031,8029209,,
2022-06-22,84.50893207319348,84.50893207319348,83.20805484037277,83.64168548583984,4463288,,
2022-06-23,84.1716713896164,84.50893477902923,82.43717080758304,83.78622436523438,7559023,,
2022-06-24,84.60529522167272,86.38797929482008,84.12348831802262,86.09889221191406,9452966,,
2022-06-27,87.44796579232663,88.65248322748265,86.86979889380994,87.73705291748047,8739342,,
2022-06-28,86.82161446526901,88.79702598165726,86.77343817937596,88.45976257324219,6663872,,
2022-06-29,87.68886953776779,88.98974690121163,87.20706256228554,88.26703643798828,8629695,,
2022-06-30,87.88159034081484,88.74884437645132,86.72525652782691,86.91797637939453,6540849,,
2022-07-01,87.25523778064507,90.91696602988817,86.05072045817228,90.24243927001953,16073373,,
2022-07-04,90.82060796499198,92.02512531200779,89.76063416997616,91.73603820800781,13501261,,
2022-07-05,92.02512568125931,92.31421278641926,90.6760647768304,91.10969543457031,8291514,,
2022-07-06,90.7724262089197,92.31421432643941,90.38698653133036,92.07331085205078,9418380,,
2022-07-07,92.89237607142722,93.7114463688172,92.26602560220306,93.47054290771484,11404099,,
2022-07-08,93.75963459354826,94.67506484985351,92.79602070194669,93.95235443115234,6014287,,
2022-07-11,93.42236552262567,96.26503096481775,93.03692584051684,96.07230377197266,10419710,,
2022-07-12,95.87958780809542,97.03592160476309,94.62688673521296,94.86779022216797,11379873,,
2022-07-13,95.59049973984804,96.02413042316306,93.71145550085573,94.43416595458984,6843492,,
2022-07-14,94.62688295226592,95.44596065660107,92.65147884928113,93.66326904296875,13463788,,
2022-07-15,94.24144531734807,96.31320938591291,92.89238434466591,95.15687561035156,22353647,,
2022-07-18,96.36139360446374,99.44495525909022,96.072306482934,99.25223541259766,27285612,,
2022-07-19,99.5464629401013,105.43098291685607,98.66378344707728,104.9896469116211,40561228,,
2022-07-20,106.3626945395459,107.34344785934826,102.58679575481756,103.12621307373047,30368364,,
2022-07-21,103.46947167437743,105.92135488941007,102.83198054195819,105.13674926757812,15882426,,
2022-07-22,105.77424039999737,106.2646170430039,104.40118430306833,105.13674926757812,11412216,,
2022-07-25,105.13675238854445,105.92135803366727,103.4694747458509,105.28386688232422,11501496,,
2022-07-26,105.38193713968812,105.48001845391417,103.32235674435438,103.66561889648438,6454013,,
2022-07-27,103.37138793611172,105.7251970934861,103.02812581541302,105.38192749023438,11256923,,
2022-07-28,105.97039006070737,107.14729094997406,104.45021955306396,105.23482513427734,13107519,,
2022-07-29,106.36268717938145,106.36268717938145,104.45022133112867,104.59733581542969,7925696,,
2022-08-01,104.69540718663262,105.774234241928,103.71465395771803,104.84252166748047,9882729,,
2022-08-02,104.69540503964015,109.79531873239058,103.95984013303847,108.71649169921875,29943278,,
2022-08-03,108.5203516430231,109.05976145607184,105.9703946182421,106.90210723876953,11009901,,
2022-08-04,107.68671402208021,107.78478785437552,104.40118452103403,105.872314453125,11536827,,
2022-08-05,106.21558185295248,108.52035053484285,105.48001690239894,106.85306549072266,11292440,,
2022-08-08,106.85307034708198,108.76554379497325,105.77424320041597,107.4415283203125,9773628,,
2022-08-10,107.83381244389591,108.61841800489839,106.9511405409596,107.63766479492188,8193387,,
2022-08-11,108.22612132349192,110.28570168399983,107.63767086085446,109.01072692871094,13838517,,
2022-08-12,109.10880118803716,109.74629230946677,108.3732362362077,108.66746520996094,6636181,,
2022-08-16,108.86361878054826,109.3539954417219,107.34344813788836,108.22612762451172,8723159,,
2022-08-17,108.47131231437449,108.814574469164,106.70596088293394,107.68671417236328,10861983,,
2022-08-18,107.63767531111434,109.8443702491554,107.49056081873415,108.86361694335938,10109846,,
2022-08-19,108.8636065760768,109.10879487917607,104.79347924811825,105.48001098632812,10127705,,
2022-08-22,104.94059795709641,105.57808906736517,103.46946807919319,104.59733581542969,11627416,,
2022-08-23,103.51851359906078,108.07901044881194,103.17524395871061,107.73574829101562,9588848,,
2022-08-24,107.34343979334594,112.19817285110568,107.1963327924727,111.80587005615234,22321308,,
2022-08-25,112.54144062324985,113.8654560752479,111.3154990042602,111.70780181884766,26934518,,
2022-08-26,112.93374343783731,113.52219391844157,111.07031068046227,111.70780181884766,13977432,,
2022-08-29,107.88286862270134,111.41357919020616,106.50981243462883,110.92320251464844,10728917,,
2022-08-30,111.6587639735538,115.58177725313446,111.31550180810129,114.74813842773438,26076777,,
2022-09-01,112.83567042530466,116.80771681018125,112.83567042530466,116.4644546508789,19439843,,
2022-09-02,117.49424226742036,120.43650201552717,116.51348901805142,117.24905395507812,21691153,,
2022-09-05,118.08269153388638,127.25273282682305,117.78846256901109,121.17206573486328,60977739,,
2022-09-06,122.29992293512417,122.29992293512417,117.83750029576225,118.8672866821289,20079032,,
2022-09-07,118.62210892296838,119.84805055087236,116.26830698343582,116.4644546508789,14868949,,
2022-09-08,117.6413565159311,118.18077382933552,113.42412177337928,115.7779312133789,20125550,,
2022-09-09,116.90578433175621,120.3384207045475,115.72888342553487,117.24905395507812,24051083,,
2022-09-12,117.83750194070954,118.42595238149825,116.70963423104176,117.4942398071289,10126462,,
2022-09-13,118.08269975239216,118.18077358665869,116.07215247843573,116.85675811767578,8918057,,
2022-09-14,114.89524646926098,118.67114504227726,114.15968152065183,118.42595672607422,13520540,,
2022-09-15,119.40671401079355,121.95667108864059,118.3278868796914,119.70094299316406,16778868,,
2022-09-16,118.96537534073205,122.2508973179627,117.9355814081797,119.21056365966797,24093647,,
2022-09-19,119.21056237699948,121.22110208110907,118.47499742810615,120.24034881591797,9936503,,
2022-09-20,121.36821585654214,122.20185463056121,120.77976539738476,120.9268798828125,7439626,,
2022-09-21,120.73072093474212,121.51532651058231,118.67114065135327,120.38745880126953,8204399,,
2022-09-22,119.55382316199199,121.71147732782258,118.27884093873985,120.53457641601562,12019517,,
2022-09-23,120.63265291985914,120.92688189561197,113.66930615839426,114.50294494628906,14301412,,
2022-09-26,112.78663016654349,113.76738347233952,107.34344632635396,108.86361694335938,20998829,,
2022-09-27,109.45206886704652,113.08086063565744,108.47131554837665,112.19818115234375,16966246,,
2022-09-28,110.53088913866145,111.90394519581419,109.40302887846262,109.69725036621094,10117759,,
2022-09-29,111.31549565138016,112.34528957333507,108.86361248725284,110.82511901855469,12297229,,
2022-09-30,110.53089417880206,117.2000196276213,109.25591937531424,116.4644546508789,17967686,,
2022-10-03,117.05290032033476,119.16152133009405,113.6693045595387,114.06160736083984,20472858,,
2022-10-04,116.51349285489125,118.8182615702946,116.46445219778649,118.52403259277344,10509831,,
2022-10-06,119.11248306526204,119.84804802651121,118.08269660904543,118.52403259277344,9762115,,
2022-10-07,118.180766038419,120.8287968072543,116.4644478594378,120.48553466796875,15447242,,
2022-10-10,118.67114976643113,119.65190307028594,117.78847029645104,119.01441192626953,8985222,,
2022-10-11,119.4557466398831,121.80954841042883,118.72018171594922,120.04419708251953,15549812,,
2022-10-12,120.92688152036364,123.47683853294528,119.45575161127188,123.18260955810547,17110533,,
2022-10-13,123.1335772488669,124.31047819138516,122.00570948079725,122.49608612060547,18586183,,
2022-10-14,124.55567216045479,129.65558645274314,122.69223934815766,127.84120178222656,64043276,,
2022-10-17,129.45941649462333,130.14594071028583,126.61523833040488,128.9690399169922,34812065,,
2022-10-18,130.24403875002636,131.22479203132912,129.214244811637,129.753662109375,19209348,,
2022-10-19,130.24403330280964,131.5190155082009,128.23348616720494,128.7729034423828,17193426,,
2022-10-20,128.08638137496337,128.92001266451,126.81139914759588,127.79215240478516,11746743,,
2022-10-21,128.4786709526294,132.2055361564903,127.74310604259526,130.04788208007812,21539773,,
2022-10-24,132.45073838738796,132.64688605766793,131.51902572972725,132.15650939941406,5471882,,
2022-10-25,132.3036202959593,132.94111894947432,130.5873019416709,131.61709594726562,11565536,,
2022-10-27,132.49976074579806,133.38243262270004,130.97959032215053,132.00938415527344,12116858,,
2022-10-28,132.40169976984416,132.40169976984416,128.2825387700262,128.62579345703125,11830604,,
2022-10-31,129.41037584383912,130.04787437382294,127.10561490803603,128.9690399169922,14441082,,
2022-11-01,129.65557234201847,131.02863582538686,128.72385977854742,129.36134338378906,17414680,,
2022-11-02,129.80270594978631,131.1757545912403,129.3613549902903,130.63633728027344,9763448,,
2022-11-03,129.80269825345547,135.2458668033506,129.55750994165453,134.60838317871094,22729155,,
2022-11-04,134.85356822877418,136.1775910665175,132.79398047341937,133.7257080078125,12856806,,
2022-11-07,134.36318969726562,136.5698844185711,133.38243648779653,134.36318969726562,15494978,,
2022-11-09,135.34393530008546,136.3246884544339,134.21607515862695,135.4420166015625,10717725,,
2022-11-10,135.04971939653151,137.01122589456423,134.26511380429704,135.3439483642578,8519582,,
2022-11-11,137.25641430778984,137.25641430778984,131.42093546487106,132.4507293701172,18402905,,
2022-11-14,132.79397423394667,133.77472741134687,130.83246787914624,133.4314727783203,6766232,,
2022-11-15,133.72571810954844,134.11801344253288,132.6468834961797,133.48052978515625,6002862,,
2022-11-16,133.03916322986782,134.3141453602328,129.2632724560287,130.5872802734375,9854701,,
2022-11-17,130.44018006162992,132.99014445489243,130.24403240794203,132.35264587402344,7763154,,
2022-11-18,132.6468895929422,132.6468895929422,129.85173658035623,130.14596557617188,5861896,,
2022-11-21,129.7536487489225,130.44017298212302,128.87096190757393,129.85171508789062,4197089,,
2022-11-22,130.3421180931619,130.63634709990652,127.69408696267838,128.92002868652344,6354133,,
2022-11-23,129.60655180620572,132.3526642340992,129.1161751214072,131.76422119140625,8020019,,
2022-11-24,132.3526588731436,132.64688786512673,130.3421115538853,130.78346252441406,7435488,,
2022-11-25,131.42094491214655,132.49977955045367,129.45943827166676,129.9988555908203,7701526,,
2022-11-28,130.68539037695024,131.66614377565156,129.75367764120585,131.2248077392578,7327894,,
2022-11-29,131.1757543826826,132.10746702826702,129.50847675925138,129.90077209472656,6388679,,
2022-11-30,130.24405173431967,130.78346908583327,128.478692658961,128.92002868652344,6326371,,
2022-12-01,129.6065482446946,132.30361993697255,128.7238762223561,130.14596557617188,10535474,,
2022-12-02,130.34210938254046,131.32286269607383,129.4594373864036,130.6853790283203,6907375,,
2022-12-05,131.22480340350873,135.00069488468543,130.48923837878627,134.65744018554688,14401826,,
2022-12-06,135.19683617643895,136.5208440327544,131.81322562505122,132.20553588867188,18534496,,
2022-12-07,132.40168881635927,133.08821309868196,128.67482347146998,129.55751037597656,12158260,,
2022-12-08,130.14595242186482,133.57858877417908,129.70461645530293,133.1372528076172,16928789,,
2022-12-09,133.7747276036067,135.5400863184854,130.04787749621437,131.27381896972656,12091632,,
2022-12-12,131.37190355509415,131.81323955383556,129.70462591256668,131.4209442138672,5392164,,
2022-12-13,132.00938770550925,134.7554847142155,131.51901110179654,133.62762451171875,10645314,,
2022-12-14,134.31417441932857,135.00069880263857,133.3824616873286,134.11802673339844,7409698,,
2022-12-15,134.11801897978535,139.46312167919388,133.62764231075505,135.1968536376953,30030543,,
2022-12-16,134.90260254442063,137.06025654167993,132.74494854716133,133.4314727783203,14600806,,
2022-12-19,133.62763700518767,135.09876695386862,131.81323741577137,134.21609497070312,10385302,,
2022-12-20,134.0689640327291,134.7064626135981,130.7344090247151,132.35264587402344,10008151,,
2022-12-21,132.99015242146618,133.62763607541595,127.84119763690887,128.38059997558594,13127587,,
2022-12-22,128.92001751064137,129.80270445435636,124.65374217800847,125.48738098144531,17643887,,
2022-12-23,123.67298987918903,124.50662868933445,119.11248552861795,120.0932388305664,13181619,,
2022-12-26,120.38744950887121,129.75364511134015,118.5730576726615,128.2334747314453,22992460,,
2022-12-27,129.21422775088888,130.7834387798261,127.30176209788164,130.39112854003906,12906891,,
2022-12-28,129.9498221006644,131.66614050576752,128.87098740284176,131.0776824951172,7348889,,
2022-12-29,130.58729676652504,137.2073815849992,129.45943645016146,135.0006866455078,30066392,,
2022-12-30,135.39299548345886,138.28621471315947,134.3632015298074,136.37374877929688,17160666,,
2023-01-02,137.06026019504878,137.9919727453928,134.51029587979608,135.04971313476562,11044858,,
2023-01-03,135.5891468027326,139.51216009178094,134.65743413960524,135.09877014160156,24559742,,
2023-01-04,135.58914942315286,135.83433775845694,132.30361974403493,133.77474975585938,10921191,,
2023-01-05,134.26511738858065,134.46128001570617,132.49977346530991,134.0689697265625,8313992,,
2023-01-06,134.3631858037493,134.80452174220028,130.78344267896185,132.00938415527344,11398532,,
2023-01-09,132.84303689535577,134.3632075652101,132.156512550453,133.0391845703125,10116170,,
2023-01-10,133.33340540640881,133.38244606342423,130.63633388674398,132.64688110351562,9012962,,
2023-01-11,133.13726051972583,133.13726051972583,130.73441792694018,132.0584259033203,10832347,,
2023-01-12,132.64687702704336,133.57858962127293,131.0286401510187,132.4507293701172,9268341,,
2023-01-13,132.89205935685607,136.12854792830998,131.46997020177812,135.7852783203125,22395780,,
2023-01-16,136.5698766061017,140.63999620652504,134.51028899799263,137.59967041015625,58289006,,
2023-01-17,139.75733798483142,140.1496332983952,132.40168861720872,135.3439483642578,46001364,,
2023-01-18,136.03047627695875,136.07951693374014,132.1565038329476,134.0689697265625,19124929,,
2023-01-19,133.82379758201012,135.14782064959496,132.40170815411736,133.38246154785156,12287029,,
2023-01-20,133.38244060608704,134.55934150076646,130.93055750671044,131.66612243652344,11820995,,
2023-01-23,132.49978947953446,133.7257312217022,131.42095476038315,133.38246154785156,12409370,,
2023-01-24,134.06896513984537,134.21608710515622,131.46997503552896,132.4016876220703,9611256,,
2023-01-25,132.4016918622253,132.4016918622253,128.33157176509613,129.70462036132812,15133077,,
2023-01-27,130.3911548277088,130.73442448608958,126.90947744383645,129.45944213867188,13446595,,
2023-01-30,129.3613520404182,131.56804692714707,127.49792678877903,130.48922729492188,12277806,,
2023-01-31,131.12670921735804,132.5978391224857,129.1161620206621,131.86227416992188,12256476,,
2023-02-01,132.84302453064979,133.8237777792557,124.65373640130109,128.8219451904297,12078487,,
2023-02-02,126.07582778320719,131.46997042300512,126.07582778320719,130.73440551757812,11753340,,
2023-02-03,131.32285036560592,132.40168489523938,127.79214774746346,130.8324737548828,7881035,,
2023-02-06,127.49793851339203,131.66614034940676,127.49793851339203,130.3421173095703,7602374,,
2023-02-07,130.68537841680396,130.68537841680396,127.98830681720763,128.4786834716797,12025284,,
2023-02-08,128.92001153622613,129.31232181473266,127.64502932001704,128.8219451904297,6651377,,
2023-02-09,128.82195431035336,128.87098000416887,126.51717802692052,127.44889068603516,9128501,,
2023-02-10,127.15466961116478,129.75367504478163,127.00756259034695,128.92002868652344,7108094,,
2023-02-13,129.21424354491174,129.36135054962205,127.30177765814133,127.89022064208984,4384613,,
2023-02-14,128.28253289672003,128.28253289672003,125.43834686870525,127.25273895263672,7680733,,
2023-02-15,127.1056373915867,127.84120238814656,126.07584340338127,127.1546630859375,6266944,,
2023-02-16,128.23349493982238,129.50847723243683,127.39984864250698,127.74311828613281,10039227,,
2023-02-17,127.35081892175056,127.69407358941312,124.26143712214336,124.65373992919922,13966049,,
2023-02-20,124.65374013416456,124.94796911057867,122.88838872334104,123.57491302490234,9530070,,
2023-02-21,123.96721318013029,125.83064586492324,122.6431977797036,124.89892578125,9155033,,
2023-02-22,124.35951730526624,124.80085328259582,122.39801077037279,122.7903060913086,5283351,,
2023-02-23,122.79029995988562,125.78160026925168,121.7114729160752,125.38929748535156,9981405,,
2023-02-24,126.12487842994834,126.51717375788327,124.3104788667574,124.7027816772461,6152834,,
2023-02-27,124.55566748102228,126.51717405552657,123.37876652934122,126.17390441894531,8137444,,
2023-02-28,126.27198080948737,127.49792237074453,125.14411307662009,126.66427612304688,8178756,,
2023-03-01,127.35083102821956,132.15651655320156,126.6642916974146,131.76422119140625,13898807,,
2023-03-02,131.51902752181772,132.79399487856418,129.90077554846476,130.78346252441406,10331343,,
2023-03-03,131.46998893151283,132.59784929257327,131.42094827122577,131.61709594726562,8336592,,
2023-03-06,132.79398046974828,133.3333977356698,131.1267029828963,131.5680389404297,10685105,,
2023-03-08,131.32284122777466,133.62761712384275,130.34208807457213,133.2843475341797,7830013,,
2023-03-09,133.57860263788092,133.82379097420784,131.273841255473,131.61709594726562,6794833,,
2023-03-10,130.68537386557213,130.83248087074747,129.26328461015024,130.440185546875,6662275,,
2023-03-13,129.4103879330304,130.88151780335306,126.27198053603006,127.0075454711914,7173855,,
2023-03-14,127.00754745692423,127.74311240358595,125.04604093249296,125.29122924804688,10242575,,
2023-03-15,127.00754653192489,127.20369418991804,123.62395079494522,124.16336059570312,7183525,,
2023-03-16,124.16336748581192,125.53642361561853,122.15282769087538,124.84989929199219,9318760,,
2023-03-17,125.3402679683233,126.5662095271584,125.3402679683233,125.9287109375,8882157,,
2023-03-20,126.026806889928,127.30178925226417,123.57492348740021,126.61526489257812,7022788,,
2023-03-21,127.25274231708734,127.25274231708734,125.14412119836663,126.32102966308594,7719172,,
2023-03-22,126.81141257175861,127.15466726904731,125.63451153156701,126.61526489257812,7040596,,
2023-03-23,126.4190970146277,127.2037026639762,124.21240952626232,124.55567169189453,6305290,,
2023-03-24,124.5556685680309,125.73256952998288,123.42780078133717,124.40855407714844,7844882,,
2023-03-27,124.40855570132597,124.75181786283049,122.59416357689865,123.0354995727539,6549186,,
2023-03-28,123.32971844984294,123.77105440952484,121.27013816707193,123.28067779541016,8491983,,
2023-03-29,123.18262064648489,127.49793693144466,123.08454680689465,126.61526489257812,11695672,,
2023-03-31,127.20369759194487,130.68537473359112,126.90946861453257,129.753662109375,10340913,,
2023-04-03,130.44017328209407,132.1074506994455,129.75364904731475,130.5872802734375,16580155,,
2023-04-05,130.88152915138835,130.88152915138835,125.7325741588207,126.07584381103516,16378346,,
2023-04-06,126.02679505747358,126.71331935270295,124.3104768368465,124.60470581054688,10998936,,
2023-04-10,125.48738435326112,125.48738435326112,123.67299220701598,124.55567169189453,8949316,,
2023-04-11,125.48738069142054,126.27198631787351,124.70278254752138,125.83065032958984,7732152,,
2023-04-12,124.70277608696358,126.37006108615957,124.55566160430608,124.80084991455078,7493813,,
2023-04-13,124.8008599178908,126.07584222638006,123.57491826840268,125.63450622558594,9104949,,
2023-04-17,125.63449713246047,129.1651998483776,124.65373640130109,128.8219451904297,9713611,,
2023-04-18,128.82193592101777,130.09690308037935,127.98828973364516,129.11614990234375,8784805,,
2023-04-19,128.62578959993786,129.8517312277112,128.62578959993786,129.1652069091797,4628203,,
2023-04-20,129.16520415455037,130.34210509909218,128.87097517713806,129.753662109375,7467713,,
2023-04-21,129.65558444939106,129.8517321181583,128.23349514444365,128.4786834716797,3869518,,
2023-04-24,128.57675712548502,130.34210100428422,128.03733984469326,129.55751037597656,6342651,,
2023-04-25,129.55750653908794,132.1074559357842,129.55750653908794,130.8324737548828,10237783,,
2023-04-26,130.58728813898438,132.64687593248155,129.9988451730615,132.4016876220703,8575324,,
2023-04-27,132.54880344107505,133.08822075288992,130.73441880238045,131.3719024658203,9193198,,
2023-04-28,131.76420291295983,133.77473506964392,131.61708094886387,132.35264587402344,9349394,,
2023-05-02,132.94110431753347,134.16704586423683,132.40168704396265,133.8237762451172,7107201,,
2023-05-03,133.28435437536808,135.63817104293355,132.941099733192,135.04971313476562,8477131,,
2023-05-04,135.0497328022382,137.35450915225297,134.70647811007348,136.71701049804688,9125430,,
2023-05-05,137.30545671018834,137.59968568187446,124.55566430138515,125.29122924804688,52169855,,
2023-05-08,126.51717405552657,128.33157362298604,123.91817634779764,126.17390441894531,25677860,,
2023-05-09,126.51717981737644,128.5767678004468,125.63450780469385,126.07584381103516,12857628,,
2023-05-10,126.07584291409856,126.95851492050159,124.65374610340267,126.76236724853516,10100422,,
2023-05-11,127.25273688105344,127.64503220331436,125.04604202184441,125.34027099609375,11009514,,
2023-05-12,125.83065425788614,125.97776127020401,123.32973029272574,123.47684478759766,14452494,,
2023-05-15,123.47683964204728,125.58546069386306,121.51533307897283,125.0460433959961,20973726,,
2023-05-16,125.73256387911908,125.97775219205228,124.16336017285735,124.50662231445312,11003684,,
2023-05-17,124.65374369940628,125.68353018120133,123.62395721761122,125.19316101074219,11739989,,
2023-05-18,126.02679645004122,126.27198476998294,124.01624923349769,124.31047821044922,11018880,,
2023-05-19,124.75180942511686,125.14411221853993,122.10377866397964,123.7220230102539,9669660,,
2023-05-22,123.57490947197213,124.16335992532797,122.59415622219458,123.77105712890625,15934321,,
2023-05-23,124.06529009884332,124.50662608245803,123.03549616033736,123.23165130615234,6772781,,
2023-05-24,123.13357745856023,123.77106110535357,121.02495640728318,121.4172592163086,12562198,,
2023-05-25,121.17207475092818,121.51533691378822,119.94613311031803,120.87784576416016,15655834,,
2023-05-26,121.12302960607106,122.98646232729058,121.02495577496555,122.83934783935547,8746928,,
2023-05-29,123.67298414879868,123.96721311877165,122.79030472143326,123.08453369140625,8267792,,
2023-05-30,123.52587323652573,123.5749138937908,122.44704611967798,122.88838958740234,8917811,,
2023-05-31,122.83934783935547,123.67298662758287,122.10378288223359,122.83934783935547,9003220,,
2023-06-01,122.83934537727994,123.52586966381219,122.398009404874,123.08453369140625,10982556,,
2023-06-02,123.52586787226566,124.50662111454662,123.37876087196625,123.7220230102539,10542134,,
2023-06-05,124.50662964762509,125.63450493261138,124.21240814430834,124.84989929199219,10321926,,
2023-06-06,125.04603839082252,125.04603839082252,123.28067956169542,123.7220230102539,6668953,,
2023-06-07,124.06528609686092,125.04603934663847,123.52586881646187,123.77105712890625,5556188,,
2023-06-08,123.82010338222983,125.14411883277657,123.47684122579976,123.67298889160156,9170509,,
2023-06-09,123.8200979599633,123.8691386155431,122.44704191181737,122.69223022460938,6445849,,
2023-06-12,122.5941584308407,123.37876403781952,122.20185562735128,122.7903060913086,3558036,,
2023-06-13,123.08453702776927,123.57491366931417,122.00570991288124,122.15282440185547,14180212,,
2023-06-14,122.39800958680529,122.79030490394766,121.12302735843195,122.00570678710938,15051657,,
2023-06-15,122.2509000710111,122.29993324637029,119.40671401079355,119.70094299316406,16997484,,
2023-06-16,120.33842353914592,121.95666793523347,119.74997307217417,121.36821746826172,7806010,,
2023-06-19,121.56436694696534,121.61340760434344,120.28939216322625,120.73072814941406,8471676,,
2023-06-20,120.73072677370337,121.27014406850078,120.43650528044871,121.02495574951172,4066067,,
2023-06-21,121.31917818906562,122.25089829802376,120.73072771541264,121.07398986816406,6402879,,
2023-06-22,121.31917790213694,122.00570968856984,120.7307274298757,121.4172592163086,7522638,,
2023-06-23,121.36822266651552,121.36822266651552,119.40671603756174,119.79901885986328,6602216,,
2023-06-26,119.79900892991826,119.9461234114065,118.67114121524615,118.96537017822266,5930251,,
2023-06-27,119.60285943731107,121.22110384493332,119.11248279758031,120.68169403076172,9768441,,
2023-06-28,121.61341099513474,121.85859932375396,119.30864220262484,119.79901885986328,27133502,,
2023-06-30,119.99515769656489,123.96721132082415,119.99515769656489,123.7220230102539,17568492,,
2023-07-03,124.75181550646833,126.02679777660727,124.06529119642661,125.09508514404297,14414543,,
2023-07-04,125.5364287405303,130.73442448608958,125.19316656470376,129.45944213867188,41128680,,
2023-07-05,130.19498826057708,131.51901107638818,129.2142350533411,130.73440551757812,22443255,,
2023-07-06,130.44018915039194,133.87282570698122,129.80270549021134,132.7939910888672,23044807,,
2023-07-07,133.33338786231792,133.5785761500254,130.73439799866057,132.5487823486328,13848264,,
2023-07-10,132.54880234122206,132.89207198183075,129.94981208555407,131.32286071777344,12720773,,
2023-07-11,132.49976893227753,132.8920642428928,131.07766475980688,132.4016876220703,8025060,,
2023-07-12,132.4016873663364,133.77473591594458,131.32285281656797,131.66612243652344,15485814,,
2023-07-13,132.4016927685258,132.54879977444787,124.01624923349769,124.31047821044922,72729803,,
2023-07-14,125.58545977424312,127.49792566621488,124.16336303689545,126.8114013671875,30563704,,
2023-07-17,128.4786709526294,131.12670163573102,127.30177008959606,130.04788208007812,29948533,,
2023-07-18,131.02865201673328,132.79399605404217,129.01810467967783,132.30361938476562,30095708,,
2023-07-19,133.48052242889136,134.21608736153013,130.8815173545036,133.1372528076172,24377900,,
2023-07-20,135.44203659460393,136.56989690254957,132.8430313728696,134.21609497070312,39128767,,
2023-07-21,134.16704396164906,134.31415095912467,130.48921937369326,131.5680389404297,21243972,,
2023-07-24,131.91131977763519,132.69592541617428,130.83248515400544,131.3719024658203,11438342,,
2023-07-25,132.00938850683582,132.15649550280008,129.1651952089733,130.04788208007812,12507814,,
2023-07-26,130.1459597522843,132.4016953324513,130.1459597522843,131.32286071777344,15769623,,
2023-07-27,131.71517101634163,132.94111263979025,130.97960604227245,131.32286071777344,20697424,,
2023-07-28,131.37190287201997,134.7554987982548,130.93056687557333,132.84303283691406,28108965,,
2023-07-31,133.33341356530178,133.9709122152966,132.30361956539346,133.0391845703125,11585682,,
2023-08-01,133.77475378686594,133.77475378686594,131.91132836844812,132.49978637695312,12265664,,
2023-08-02,132.20553919204147,132.20553919204147,128.08637859429217,130.1949920654297,19099857,,
2023-08-03,130.19501013326817,130.39115781464682,128.23350338926414,129.60655212402344,13591421,,
2023-08-04,130.3911324274786,132.89205603217542,129.165190951167,132.00938415527344,16663874,,
2023-08-07,132.5487902543194,132.5487902543194,130.53825814728688,131.469970703125,13236209,,
2023-08-08,132.05842719594898,133.67667913639718,131.56805054098427,132.84303283691406,12282946,,
2023-08-09,132.89205603217542,133.1372443274377,130.63632072274092,132.00938415527344,12772010,,
2023-08-10,131.71517726783975,132.7449712734345,130.93057159857193,131.61709594726562,15357708,,
2023-08-11,132.20997179339682,132.75343880610723,131.22185543481754,131.61709594726562,10427685,,
2023-08-14,131.81470458895052,131.81470458895052,128.94917343254374,131.41946411132812,6724869,,
2023-08-16,130.3325293900112,131.81470378827876,130.13490915240038,130.62896728515625,11329623,,
2023-08-17,131.0242251970643,133.3956982460102,130.43134939609888,133.00045776367188,14592871,,
2023-08-18,132.90164814265893,133.29688864890264,131.37006479541162,132.55580139160156,6454530,,
2023-08-21,132.5557996455816,133.3957045571098,132.06174148055527,132.6546173095703,11583244,,
2023-08-22,132.9016442368267,135.27311735951164,132.5064037421987,134.4332275390625,15619405,,
2023-08-23,134.92728962907535,140.5101409350874,134.18620237195205,140.01608276367188,31220704,,
2023-08-24,141.59707793701534,142.0911361188769,137.74341507201967,139.02796936035156,22632569,,
2023-08-25,138.3362909212372,140.60896157329222,137.10114546658332,139.02796936035156,14682803,,
2023-08-28,139.76904428569617,142.78280194430278,138.83033683857812,142.18992614746094,19046442,,
2023-08-29,143.07924517813063,144.7096310640558,142.28874911201663,142.7333984375,17276351,,
2023-08-30,143.72150311005075,144.06734982266948,141.30062135409096,141.69586181640625,8170161,,
2023-08-31,141.64648858587856,142.83222522204957,140.31252544677406,142.23934936523438,19548529,,
2023-09-01,143.3756950772427,143.47449767035775,139.6208497573002,142.0911407470703,13687325,,
2023-09-04,142.14054800331957,142.782817622541,140.8065848526788,141.3500518798828,11140979,,
2023-09-05,142.04171552133124,143.86973667380633,141.20181065074368,142.9804229736328,13833678,,
2023-09-06,142.28876101076,143.77093560462208,141.1524331864496,142.0911407470703,17346713,,
2023-09-07,142.73338851872188,145.401299363683,142.14052781842906,143.27685546875,13131381,,
2023-09-08,144.11676082793244,146.53764262048023,143.32626481389752,145.7471466064453,18010921,,
2023-09-11,146.63645028163654,148.21744236450778,145.74715165843264,147.13050842285156,20273209,,
2023-09-12,148.11863269676311,148.11863269676311,140.16430825600588,140.9053955078125,17735490,,
2023-09-13,141.3006202332708,144.21556008273146,139.12676755286572,143.42506408691406,16236362,,
2023-09-14,144.66021270246512,146.14238707473407,143.77091411008672,145.7471466064453,10378267,,
2023-09-15,145.74714827899388,147.03170243185957,144.90724342742,146.4882354736328,8614702,,
2023-09-18,145.40131012045984,145.9447771106936,143.9191356438906,144.36380004882812,11469599,,
2023-09-20,143.5732966974988,145.74714947072312,142.58518042990067,144.759033203125,19554843,,
2023-09-21,144.75904598661936,146.98230778504868,143.72152079852722,144.06736755371094,14051863,,
2023-09-22,144.11677358478576,145.6977506753423,143.27686866850414,144.215576171875,8086555,,
2023-09-25,144.1661618327013,146.04359184518717,142.4369583113754,145.35191345214844,14333389,,
2023-09-26,145.35191508757222,146.6858630582719,144.8084481021205,146.09300231933594,14100749,,
2023-09-27,146.2412254869915,149.69963284648117,145.64834962295234,148.76092529296875,20485056,,
2023-09-28,149.10674811522668,149.60080628005838,143.5238968836118,144.26498413085938,29980644,,
2023-09-29,146.98231278776734,146.98231278776734,144.56143065146074,145.4507293701172,8836942,,
2023-10-03,145.74716454331212,150.49012613377278,145.54954428484695,148.9091339111328,18267135,,
2023-10-04,148.51387973649645,148.66209114735062,144.4625969619596,145.5001220703125,22633122,,
2023-10-05,146.48823958983536,146.9822977334773,142.93101492463018,143.7709197998047,11157021,,
2023-10-06,144.5614129650969,145.25309133692406,142.33815136300115,144.759033203125,9149275,,
2023-10-09,143.37568926841132,143.9191412021752,141.4488503124883,143.2274627685547,11349775,,
2023-10-10,143.77092106879388,146.73526995681024,143.4744831645006,146.19180297851562,8324817,,
2023-10-11,147.0811187382122,147.67397947759102,144.808448210281,145.2530975341797,11961227,,
2023-10-12,145.9447799249167,149.05735543220635,145.05548125281038,147.52577209472656,11378622,,
2023-10-13,146.932894342695,150.29249889029882,146.73527409341443,147.62457275390625,15602219,,
2023-10-16,149.74903220523103,150.78655736291495,144.95666199364558,146.78468322753906,32531561,,
2023-10-17,148.95852328847073,148.95852328847073,146.19179479896454,146.63644409179688,13265518,,
2023-10-18,147.2293385015734,147.77280551824555,144.06736914656165,144.80845642089844,20284169,,
2023-10-19,144.56142191968107,145.9447787490248,143.47448792701198,145.10488891601562,8868032,,
2023-10-20,144.95666536275377,146.48824871898364,143.52389967239375,144.1167755126953,10731136,,
2023-10-23,143.22744499342804,144.51199911213848,140.80656323746825,141.69586181640625,16900861,,
2023-10-25,141.59707229544685,142.53577978809162,139.81845989611762,140.164306640625,13307403,,
2023-10-26,139.32439237102486,139.67023909229056,135.6683652320994,136.5082550048828,19469168,,
2023-10-27,137.44698276250588,140.21369632849238,137.1011360280285,137.89163208007812,11627544,,
2023-10-30,138.78092139101315,139.57141738995207,135.6189524727145,139.22557067871094,10041391,,
2023-10-31,139.62083075899804,140.065480061161,138.03983870968796,138.97854614257812,6692752,,
2023-11-01,138.92915518352848,139.67024239451288,137.9904326543152,138.83033752441406,8303782,,
2023-11-02,139.4726202995487,141.54767071802178,139.37381770852483,139.76905822753906,6186723,,
2023-11-03,141.2018171656935,142.33815998876895,140.31251850194633,141.79469299316406,8768877,,
2023-11-06,142.48637583152828,143.37568960034992,141.3006392172252,142.3875732421875,11103173,,
2023-11-07,143.0792543465959,146.4388439960386,141.74529120720752,145.54954528808594,14254789,,
2023-11-08,146.04360805764742,148.16805230298712,144.31440434436072,145.30252075195312,19887689,,
2023-11-09,145.74716099144175,147.13051784444474,145.05548256494023,145.79656982421875,7550625,,
2023-11-10,145.74714985993685,148.217440535529,145.54952962138103,148.06922912597656,8015794,,
2023-11-13,147.62457022075137,151.72526194088564,147.32814739064625,151.08297729492188,19532510,,
2023-11-15,152.26871754483977,153.35563635472656,148.06922355435375,148.3656463623047,22224705,,
2023-11-16,148.31626699366677,149.40318590894344,147.62457350149415,148.41506958007812,9606277,,
2023-11-17,147.22932547500577,148.4150619935411,145.9941801270611,146.34002685546875,17556958,,
2023-11-20,146.24120647544112,146.98229367041802,145.0060611504796,145.64833068847656,9425725,,
2023-11-21,145.74716113187972,146.43883955904772,144.75904478522293,144.9566650390625,7748972,,
2023-11-22,145.20368628072728,145.4507153540451,143.47448276750248,143.7215118408203,7738354,,
2023-11-23,143.72151147356655,145.59894147245947,143.37567981828016,145.40130615234375,5139738,,
2023-11-24,145.7965571739465,146.29061530393108,144.61082067747498,145.64833068847656,6129389,,
2023-11-28,145.74716297943965,148.76092089043854,144.95666687660173,148.1680450439453,7168750,,
2023-11-29,148.56329520235144,148.71150661982634,147.37754355271824,148.4644775390625,7318824,,
2023-11-30,148.61268054097243,149.20555633221596,144.95665336819113,145.59893798828125,18371642,,
2023-12-01,146.9822998046875,148.5138830870515,146.24121257878153,146.9822998046875,12179761,,
2023-12-04,150.78654899762245,153.35564225595294,148.46446972960396,152.2193145751953,21781254,,
2023-12-05,154.1461387466896,157.1104875687413,152.6145555064713,154.68960571289062,18640322,,
2023-12-06,156.02354829827453,156.0729571257765,152.91098817259396,153.3062286376953,11309743,,
2023-12-07,153.9979311858553,154.04732493882454,151.62644302246224,152.8121795654297,7807482,,
2023-12-08,153.158029105671,153.84970751194686,151.42882555125215,152.66397094726562,6969212,,
2023-12-11,152.76277961271737,155.3318728386394,151.77466335410332,152.318115234375,10074791,,
2023-12-12,152.91100505255454,153.35565439424306,150.19368509200837,150.73715209960938,8884252,,
2023-12-13,150.98416957115182,151.47822770778683,149.89723563957168,150.53952026367188,10328622,,
2023-12-14,152.76277622351452,152.81216997338333,150.58890844082708,150.8359375,11126495,,
2023-12-15,151.67585411568058,156.1717863574025,151.28061362128105,155.1836700439453,14415539,,
2023-12-18,155.23307267909166,155.82593339702734,152.8615845749756,154.68960571289062,14540270,,
2023-12-19,154.73901428333207,157.11048730602482,154.29434989880164,155.5294952392578,12245375,,
2023-12-20,155.77653988507402,157.40694094399169,150.3913086776511,151.37942504882812,13005090,,
2023-12-21,149.5020115360316,152.66398094133103,147.57518760760377,152.12051391601562,13604825,,
2023-12-22,152.96040265308542,154.64019730803255,151.42881940866445,152.16990661621094,10356668,,
2023-12-26,152.21933158514912,153.5532796536948,151.4288354644594,152.12051391601562,5809256,,
2023-12-27,152.26872427486694,153.30623430346574,150.93476127030013,152.16990661621094,8811491,,
2023-12-28,153.1580262015487,155.23307645848843,152.46634780838815,153.65208435058594,15172431,,
2023-12-29,156.61643668222806,157.1104948421089,153.05921190010258,154.2943572998047,13041199,,
2024-01-01,154.34375898600146,155.3318752600187,154.04732108830473,154.68960571289062,6210375,,
2024-01-02,154.68961385407422,155.08485435349917,149.30438289275168,150.09486389160156,13182359,,
2024-01-03,151.37942095742832,151.37942095742832,149.25497684779975,149.9466552734375,10486168,,
2024-01-04,150.68774714852313,153.40506717907027,150.63833831429406,153.00982666015625,13766132,,
2024-01-05,154.09673483121892,154.09673483121892,151.2312035761781,152.76278686523438,7195693,,
2024-01-08,151.18179831639273,151.52764506247905,147.97042024758048,148.41506958007812,15037236,,
2024-01-09,149.84784303888495,150.9841859226857,149.20557342268498,149.6502227783203,10718241,,
2024-01-10,149.60080852188918,150.44071344567288,147.92101375178066,149.9466552734375,8429097,,
2024-01-11,150.39129958673308,150.78655515778686,147.82220622344605,148.56329345703125,10176583,,
2024-01-12,149.1561558294049,150.0948633200586,148.3162660019604,149.30438232421875,7828235,,
2024-01-15,151.13238525390625,151.4782319903115,149.5019993879003,151.13238525390625,13760399,,
2024-01-16,151.92289490118938,153.40506948559124,145.994196563582,147.9210205078125,36969953,,
2024-01-17,147.72337743845188,147.72337743845188,142.14052673012202,144.16615295410156,48678947,,
2024-01-18,143.6721081772813,147.47636207416446,140.6089566044606,145.10488891601562,21044204,,
2024-01-19,147.1305208340115,147.1305208340115,143.91914264521878,144.80845642089844,10902628,,
2024-01-23,146.5870611597643,146.5870611597643,137.74340809070225,138.58331298828125,15830801,,
2024-01-24,138.7315195185291,141.54765694421388,137.99043230939708,140.5101318359375,18178107,,
2024-01-25,140.9053947615394,141.79469342801386,138.87975326850463,140.11489868164062,18228649,,
2024-01-29,141.49825018095987,144.90724837725426,140.80657179116156,143.7215118408203,20336392,,
2024-01-30,144.70963465506017,144.75904348744183,142.78281081184537,143.3756866455078,7968976,,
2024-01-31,143.77093279472123,146.63646425586595,142.88163408676854,145.54954528808594,18544711,,
2024-02-01,146.38942808149537,146.38942808149537,143.27686767674268,145.10488891601562,12321655,,
2024-02-02,145.30251211583948,147.13051831476122,143.77092875960957,144.1167755126953,11258500,,
2024-02-05,144.1167653108139,145.8459687989161,142.33815299327435,145.5001220703125,15973650,,
2024-02-06,145.50012835976423,146.3400332641317,144.56142086970908,145.15428161621094,8693602,,
2024-02-07,146.14240190825046,148.11863460519749,145.54954114564168,147.4269561767578,16778158,,
2024-02-08,148.2174372849697,149.60079400197978,144.36378994654342,144.90724182128906,10083699,,
2024-02-09,145.25310735961526,145.89537697341893,141.6464886160235,145.54954528808594,10858532,,
2024-02-12,146.63644525628038,146.63644525628038,143.67209651058099,144.90724182128906,15243144,,
2024-02-13,144.4626039522893,146.53765426940365,142.53578013065945,145.9447784423828,8633927,,
2024-02-14,144.56142034210484,148.3656591200143,143.77092427219557,147.67398071289062,12223910,,
2024-02-15,148.21745488475133,155.33188970372754,147.62457903422865,154.73902893066406,29844812,,
2024-02-16,155.38130320252063,163.8297014000892,154.34377797168597,162.74276733398438,51750478,,
2024-02-19,163.9778987366331,164.37315430736754,160.4206890647734,161.0135498046875,14982976,,
2024-02-20,151.18179820092544,153.75090668499652,147.37754430671612,152.56515502929688,33045447,,
2024-02-21,154.2449614306594,154.2449614306594,151.4288239269722,151.92288208007812,14375228,,
2024-02-22,152.86159237230106,152.96041003572648,150.53952805638892,151.77467346191406,9963362,,
2024-02-23,153.05921824999908,153.05921824999908,150.1936868347926,150.63833618164062,21338955,,
2024-02-26,150.6877317523012,151.28060754755566,148.11862340947556,149.69961547851562,25950539,,
2024-02-27,150.88536392425308,152.91100546120185,149.25497797455182,152.36753845214844,15504425,,
2024-02-28,152.3675331043354,152.76278867771012,147.97041850806812,148.51388549804688,9726132,,
2024-02-29,149.106744309448,149.40318221627254,146.34003071897453,148.61268615722656,12829211,,
2024-03-01,149.60080838435186,151.18180056503513,149.10675021257072,150.78656005859375,7683577,,
2024-03-04,152.46635187351643,152.46635187351643,150.34189272953805,151.77467346191406,11491625,,
2024-03-05,151.37941918960584,155.33188452133163,151.28061660278792,153.35565185546875,15097161,,
2024-03-06,153.6026742833893,156.66584081373907,150.88535448556414,155.38128662109375,28581350,,
2024-03-07,156.07296616517144,156.12237499553507,153.8002956655676,154.4919891357422,7038942,,
2024-03-11,154.49199098840896,155.3318808048301,152.81218120065,153.5532684326172,12353089,,
2024-03-12,154.1461497374382,154.49199648898653,149.45259710120212,149.9466552734375,12926472,,
2024-03-13,150.53952917687107,150.93476967859752,145.00607168794883,146.7352752685547,12273615,,
2024-03-14,144.26498325816775,146.4882449864614,137.9904385717777,144.31439208984375,23395531,,
2024-03-15,145.00606682670224,149.35377250977342,144.2649796027157,148.66209411621094,18505435,,
2024-03-18,149.20555633221596,150.44070166609194,145.15427360611974,145.59893798828125,20703599,,
2024-03-19,146.24120473053495,146.7352628546246,143.91912551633067,145.7471466064453,8094302,,
2024-03-20,147.17992844258512,147.62457778799384,144.11677678063467,145.69775390625,14058739,,
2024-03-21,147.2293375182136,148.4644829671919,145.25310479984833,148.1680450439453,6212045,,
2024-03-22,148.21744507907133,149.50199928524825,147.32814643958017,147.82220458984375,8409218,,
2024-03-26,147.82221616569197,149.69963125272923,146.88349354471396,148.01983642578125,7742995,,
2024-03-27,148.01983642578125,149.6008135839549,146.73528211901183,148.01983642578125,20853016,,
2024-03-28,149.1561568267271,149.2055656586621,147.27874183286647,148.41506958007812,7208707,,
2024-04-01,150.19367353704425,151.18178981031429,149.1067396054641,150.53952026367188,8748792,,
2024-04-02,151.57702995251938,152.71337271073475,150.78654899762245,152.2193145751953,8112500,,
2024-04-03,152.16991278886022,153.20743793700325,150.44070923444136,152.66397094726562,12129473,,
2024-04-04,154.88723954837988,154.88723954837988,150.4407159249814,150.63833618164062,16855917,,
2024-04-05,151.3794158551921,153.00981681509157,149.4525920639094,152.71337890625,9900539,,
2024-04-08,153.70149785309928,153.70149785309928,149.55141229052637,152.56515502929688,13919010,,
2024-04-09,153.15802081953015,156.7646391497812,152.86158292503308,153.94851684570312,17300199,,
2024-04-10,155.13425632692733,157.60454703277014,151.77466699796432,157.11048889160156,40162551,,
2024-04-12,157.55514792421778,158.29623518169524,153.9485293021443,154.09674072265625,16558634,,
2024-04-15,152.1204949329397,154.14613627772178,151.03357609540464,153.15802001953125,18051649,,
2024-04-16,151.7746701821402,152.46634857879576,149.89724015983714,150.29249572753906,13947991,,
2024-04-18,150.58891750177105,153.652084050809,150.0948593536977,150.34188842773438,12619744,,
2024-04-19,149.20556627740427,151.7746747740914,146.73527544499692,150.04547119140625,10378590,,
2024-04-22,150.73715004043544,152.86159413140297,150.58892354359153,151.6758575439453,12152983,,
2024-04-23,152.56515164813254,152.66396930973704,150.98417460466848,151.92288208007812,9181183,,
2024-04-24,152.26873162412411,152.61456329119602,151.13238880456584,151.77467346191406,7177359,,
2024-04-25,151.67585869705496,154.7390253922787,151.67585869705496,154.09674072265625,17911036,,
2024-04-26,154.44258194111364,156.66584363390092,154.19555286413728,155.2330780029297,15126683,,
2024-04-29,156.12237672690836,158.9879079902797,154.19555294102364,158.5432586669922,24049248,,
2024-04-30,159.4819729269031,162.6933510657701,157.65396672510033,160.667724609375,32465189,,
2024-05-02,167.48571450369698,168.2762105669937,160.91474707480077,166.0035400390625,75875713,,
2024-05-03,166.49760498152807,167.48572133156682,162.05108140635375,163.9779052734375,17758980,,
2024-05-06,165.70710395440076,165.70710395440076,158.64207829286937,161.754638671875,19660309,,
2024-05-07,162.0510720027631,162.545130149113,157.20930819951744,157.85157775878906,11483902,,
2024-05-08,157.85157734638935,159.08672270903716,154.8872284760346,155.38128662109375,18895207,,
2024-05-09,156.12237752623798,158.2468215691876,154.49199164001695,155.1836700439453,8372049,,
2024-05-10,156.27059712191434,158.44446518727327,154.64021115035436,158.04920959472656,10878308,,
2024-05-13,159.03732459769853,160.6183167994253,156.36941345006133,159.77841186523438,16577995,,
2024-05-14,160.5688984624838,162.29810198438744,159.23493542888912,161.95225524902344,10674881,,
2024-05-15,161.95226097973023,162.44631914632788,159.87722572649525,160.81593322753906,11602958,,
2024-05-16,162.0016758417783,162.8415807872401,159.77841400933636,162.14990234375,7523851,,
2024-05-17,162.05107396354316,162.94037260675006,161.2605779043269,161.90286254882812,8301634,,
2024-05-21,162.05107745796118,163.23681403362528,160.3218738875256,161.70523071289062,8380426,,
2024-05-22,161.65582911020311,161.9028581797007,159.38315865533377,160.47007751464844,15020638,,
2024-05-23,161.4087928719834,162.19927379730137,160.12423875215586,160.86532592773438,6626566,,
2024-05-24,160.61831545313683,162.49573048417435,160.42069519894218,161.5076141357422,6465598,,
2024-05-27,162.34751537124185,163.23681403362528,160.66772063259617,161.70523071289062,17962246,,
2024-05-28,162.19927876096335,162.34750524708943,157.60454416275024,158.09860229492188,5526636,,
2024-05-29,157.60455322265625,158.98791004127608,156.61643690151107,157.60455322265625,10114326,,
2024-05-30,158.04918807832576,160.074829366667,157.45632738640498,158.39503479003906,8503177,,
2024-05-31,159.5807853290395,160.81593072632307,158.2468222689898,160.12425231933594,8705347,,
2024-06-03,163.2862255569249,165.0154291558636,161.6064307905905,162.3969268798828,20720708,,
2024-06-04,163.1380069489773,163.38503602365628,146.24121220995227,152.8121795654297,19975571,,
2024-06-05,154.14613462855533,165.06482218023612,149.10673573471576,164.0767059326172,39670558,,
2024-06-06,165.70710383377104,167.0904757281231,161.80404738560986,162.59454345703125,10103459,,
2024-06-07,163.03918370056275,165.06482505900067,162.29809650192382,163.08859252929688,9139816,,
2024-06-10,163.9285013475684,164.66958863228157,160.83570733203786,162.8909912109375,18888960,,
2024-06-11,164.03719351216643,166.5371267275005,162.49573438401126,165.59841918945312,11979407,,
2024-06-12,165.8059172048577,172.4855779266755,164.4719541765226,171.7938995361328,31959137,,
2024-06-13,172.93022566845818,173.01916759300633,169.56076059433653,170.21290588378906,11800445,,
2024-06-14,171.20103210331266,172.8116665666534,170.35125144551714,172.32748413085938,11108163,,
2024-06-18,172.82154807876276,174.10610238266327,171.19116208984323,173.00929260253906,10019555,,
2024-06-19,173.00928419066483,175.34123932703088,171.3492559973832,172.4757080078125,29598134,,
2024-06-20,173.85906846145795,177.3273664934363,172.9203609460995,176.75425720214844,13690057,,
2024-06-21,177.5941472848057,177.5941472848057,173.6120396022739,174.42230224609375,9510818,,
2024-06-24,173.6515788777307,174.89660009458643,170.08447812581056,173.75038146972656,16360199,,
2024-06-25,174.84718530120023,175.5289879958119,172.96977026520605,173.90847778320312,6501716,,
2024-06-26,173.90846569545656,177.06055904857996,172.52510893113495,175.06455993652344,10907675,,
2024-06-27,174.60014686577478,177.07043761112377,173.37489230565492,174.91635131835938,12594627,,
2024-06-28,175.88470295420487,177.26805975544562,174.69896639921876,175.14361572265625,5586121,,
2024-07-01,175.19303400549566,177.07044906239136,174.61992470621635,175.6278076171875,5278090,,
2024-07-02,176.2305537039746,176.37876512267405,171.8433147809668,172.94012451171875,6398642,,
2024-07-03,175.88469986494468,181.1217192247296,175.09420381635218,179.3035888671875,36051344,,
2024-07-04,180.77587832986518,180.77587832986518,175.88470554508623,178.8194122314453,9860769,,
2024-07-05,178.80952733158486,184.9753632233051,177.80164451180067,183.9773712158203,16844463,,
2024-07-08,184.87656632859702,187.05041917977962,183.06831168475028,185.8251495361328,17405153,,
2024-07-09,186.06231161216758,187.10971253016436,184.09595464892715,185.5188446044922,9869013,,
2024-07-10,185.5188403094074,187.08994165002883,182.30746224812606,186.41802978515625,16100830,,
2024-07-11,187.39625880903202,191.32897271812834,185.9931354083465,190.37049865722656,16408103,,
2024-07-12,194.08579888334543,194.846652644456,191.40801219446928,193.15696716308594,24195859,,
2024-07-15,193.15697437980893,194.50081318066682,190.9139611849069,192.43565368652344,14486955,,
2024-07-16,192.4356428859208,193.6016128431205,191.121446442283,193.0285186767578,8445700,,
2024-07-18,193.01863567932568,195.4197661442274,192.68267975372967,194.263671875,9065610,,
2024-07-19,194.65890769161865,194.65890769161865,188.57210777160554,189.1946258544922,10613495,,
2024-07-22,189.17486018293042,192.58385835853076,187.8409122415866,190.63726806640625,18442177,,
2024-07-23,200.5876130486537,201.0223866420392,193.53246312383388,195.60751342773438,48303121,,
2024-07-24,194.65891058931777,201.57572467117168,190.83490534313654,198.83863830566406,52568775,,
2024-07-25,197.32682320630553,202.71205405615586,195.49881708748094,202.23776245117188,26159847,,
2024-07-26,192.68268469608194,197.02051478947484,190.6669340133432,195.64703369140625,26611586,,
2024-07-29,196.84266423302512,199.7872467270881,195.78537250394749,198.6212615966797,21488147,,
2024-07-30,198.60150118008414,200.50855840781162,197.12920246063854,199.44139099121094,8784936,,
2024-07-31,199.59950145075558,199.79712170402692,195.40988272509213,198.9967498779297,17531393,,
2024-08-01,199.59951010736106,201.0915604233475,196.74385435298285,198.36436462402344,8241827,,
2024-08-02,195.1529625828203,197.91969114378978,194.7577221073065,195.3604736328125,5501380,,
2024-08-05,190.7558477763665,192.51469352005,188.29543285117754,190.5582275390625,17772430,,
2024-08-06,191.69457607722893,193.1668748986971,188.43378903568112,189.0958251953125,7400639,,
2024-08-07,191.72420012050245,191.93171117286255,187.99899753257367,190.41000366210938,12297322,,
2024-08-08,190.70645855141822,192.94948692290845,189.98513782625426,191.47718811035156,5630502,,
2024-08-09,193.67079077230977,195.89405240107354,193.37435287298302,195.21224975585938,3959405,,
2024-08-12,192.68267497392608,199.3030510472822,192.68267497392608,198.84852600097656,14710865,,
2024-08-13,200.2417684741454,204.13494923122275,199.17461610467993,199.797119140625,12610913,,
2024-08-14,199.3623420096236,201.9512170039997,199.3623420096236,200.32081604003906,9200992,,
2024-08-16,200.59748865818224,202.4650278995382,199.2931829563021,201.24964904785156,5776204,,
2024-08-19,202.76146226788413,203.2555204191594,199.7180622467334,200.2812957763672,11539502,,
2024-08-20,200.76545693301819,201.91167542727212,199.35245790106026,201.27928161621094,6524853,,
2024-08-21,201.2792898280349,201.67454539948494,198.42363428818874,200.8346405029297,11466995,,
2024-08-22,201.17058913266004,201.45715129624796,200.1429548390864,200.90380859375,5362821,,
2024-08-23,201.91768296597579,201.91768296597579,197.80259442236047,198.35922241210938,9308243,,
2024-08-26,198.74687051183537,199.5818124770527,196.89806177915423,197.53421020507812,6050543,,
2024-08-27,197.81252800643838,198.4089238027894,195.31763643121934,195.735107421875,6295365,,
2024-08-28,196.11282115761566,196.30168032758354,192.76308860849946,194.38328552246094,10580774,,
2024-08-29,195.01943337116953,195.6953496002752,193.3296655488674,194.74111938476562,5587549,,
2024-08-30,195.2182254512857,197.03721588475483,193.03146621716652,193.52845764160156,10597018,,
2024-09-02,196.3116109259574,196.3116109259574,192.5046548282171,193.54833984375,7256241,,
2024-09-03,193.82666334011842,195.6655377514173,193.08117617342563,193.4390106201172,5279057,,
2024-09-04,189.8507188126815,190.5962059284381,185.62629182339407,186.7395477294922,16570778,,
2024-09-05,187.12719933239632,189.5326359251814,186.48111656929578,188.5088348388672,6187897,,
2024-09-06,186.86877050256854,188.83685224302369,181.3124101686564,182.3461456298828,7100505,,
2024-09-09,182.34615001392928,185.2386437350482,181.35216716820932,183.87689208984375,10193666,,
2024-09-10,185.16905528180968,185.55670797999173,183.39976705246863,184.2545928955078,4849579,,
2024-09-11,185.5567140775928,185.5567140775928,181.50127733271808,182.07777404785156,6817180,,
2024-09-12,183.0618185523164,183.67808306214056,180.6364979863349,182.47537231445312,5059255,,
2024-09-13,182.4157411987175,186.6202845070365,182.40579166311812,185.39768981933594,7965898,,
2024-09-16,185.5964734877858,186.95822509866406,183.09163253295912,183.5786895751953,8179164,,
2024-09-17,183.58862450422833,184.17507073013826,181.99826108649086,183.22085571289062,4896706,,
2024-09-18,183.22085662902177,186.22268901836196,182.60459212867733,184.79135131835938,11651012,,
2024-09-19,185.3877373617637,186.7196859182142,181.31241674466966,185.07960510253906,5766996,,
2024-09-20,187.86275335556897,187.86275335556897,183.48923500561526,183.92657470703125,8194605,,
2024-09-23,185.22870846387937,187.45522032057607,183.60851157982097,186.5208740234375,9605071,,
2024-09-24,186.47118231847878,190.8447006413876,185.0795972761175,189.56246948242188,8541648,,
2024-09-25,189.562476357758,192.53447537805073,187.46517193358724,191.59019470214844,15026637,,
2024-09-26,191.5901950338931,193.0314671382369,189.90042721614606,191.41128540039062,9537810,,
2024-09-27,190.8447010428296,194.3236409055895,189.86065259296683,192.54441833496094,17024145,,
2024-09-30,192.63388680676266,196.51041400476169,191.7392931070108,195.54624938964844,12907403,,
2024-10-01,197.3056001429273,198.8959788053278,194.8206429622859,195.93389892578125,16206968,,
2024-10-03,192.13688918700464,196.30167978228565,189.9103621284246,192.63388061523438,19743283,,
2024-10-04,192.136885134962,197.29565847790724,191.2025388428789,192.50465393066406,9625150,,
2024-10-07,194.8206453573228,195.29775289511832,181.55096778277633,183.09164428710938,26530545,,
2024-10-08,182.9127322730518,187.96216708066405,181.252782697567,186.63021850585938,11599116,,
2024-10-09,187.3657692904548,187.77330590352125,183.48924219951118,184.72177124023438,17928394,,
2024-10-10,185.72570216689044,186.1431731451518,183.79737300517746,184.56272888183594,3798189,,
2024-10-11,184.5826191221385,188.16096358289693,184.5826191221385,186.42149353027344,5256494,,
2024-10-14,187.72360813828803,196.69927237028864,187.42541023959868,195.5561981201172,23696585,,
2024-10-15,196.80860121873644,198.60770772235344,194.42304848287486,197.42486572265625,12866991,,
2024-10-16,196.01341007054592,197.2061864272359,192.24622183699665,193.23025512695312,8161660,,
2024-10-17,193.23026237078213,194.02545169404362,191.19260963657894,192.4450225830078,6228921,,
2024-10-18,192.33567530609966,195.06912805592793,189.12511505032683,194.12484741210938,7308007,,
2024-10-21,194.07515764351402,196.06312340682786,191.5902004393717,192.22634887695312,9532877,,
2024-10-22,192.83267795379746,193.82666082984798,187.85282920489547,188.20071411132812,5731783,,
2024-10-23,188.75733460572567,190.22844012413222,186.47118621509887,187.58444213867188,5765355,,
2024-10-24,188.14107327330206,189.84079062604073,185.28834733755014,187.72360229492188,4639754,,
2024-10-25,187.7633523332659,189.17482131243256,181.60066176115342,185.11936950683594,7802725,,
2024-10-28,184.98021365527188,189.28414603030163,180.90487792103028,183.87689208984375,15752834,,
2024-10-29,192.78297109622875,200.2080242134191,191.09320328136195,199.4923553466797,67924331,,
2024-10-30,198.0113250180928,203.55773582839157,197.15649918287923,202.01707458496094,23886475,,
2024-10-31,202.76256488078718,204.42251440264215,199.81043463424425,202.68304443359375,13019192,,
2024-11-01,203.02100299428608,204.3131837701172,202.27551583518834,202.9414825439453,1541532,,
2024-11-04,202.94147215334098,206.350841139882,201.39086136852495,203.0607452392578,23397597,,
2024-11-05,202.9414739454404,204.26347293826512,198.9953608704527,203.04087829589844,9979703,,
2024-11-06,205.65504809579852,205.65504809579852,201.57972746149036,203.508056640625,10938474,,
2024-11-07,203.9652773210303,206.6490279765094,203.26949236101342,204.77040100097656,9253419,,
2024-11-08,204.74057820402402,206.6788416808681,203.27942223679364,205.5258331298828,8766446,,
2024-11-11,206.5496428435493,206.94722992365087,202.67310056117185,206.4800567626953,13015963,,
2024-11-12,207.03667872331755,208.5077842442749,204.82010124058345,206.0228271484375,8129987,,
2024-11-13,205.5854825943306,206.1918127628349,197.3751893975947,198.18031311035156,13381335,,
2024-11-14,198.00138192367586,200.48633906420133,194.82063981719818,195.79473876953125,9354472,,
2024-11-18,195.814615047231,199.68120760062172,193.86640205146506,199.04505920410156,13133102,,
2024-11-19,200.78454087103506,209.33279966797804,199.9993010727807,205.40655517578125,22964708,,
2024-11-21,205.17794418550037,210.16774248780905,202.7725074369229,209.61111450195312,15482528,,
2024-11-22,210.20748812858957,210.72436345551637,207.12615040466065,208.1101837158203,13076979,,
2024-11-25,209.7303826939761,212.21533983490002,208.15988796087527,211.5990753173828,18553476,,
2024-11-26,211.59907069327838,212.71232661465223,209.3327910436391,212.3544921875,8728077,,
2024-11-27,212.31474418732685,213.14968614660336,209.58129133231057,211.5990753173828,10096152,,
2024-11-28,211.5990808265838,211.72828828773308,209.13399235838438,209.78009033203125,10970713,,
2024-11-29,210.22737235513958,210.52557024293895,207.53367216355053,209.51170349121094,7279254,,
2024-12-02,209.5116976931077,209.91923428958938,205.09841154334075,207.82192993164062,7705204,,
2024-12-03,210.7243582983907,211.0126066433491,207.8915011884387,208.69664001464844,6355689,,
2024-12-04,208.6966398837439,214.97860342904218,208.01078931016627,214.14366149902344,12814059,,
2024-12-05,215.09788663461546,215.694282422389,212.4340198277035,213.67649841308594,5002379,,
2024-12-06,213.70631492225237,213.90510846087813,209.98881356535438,212.11593627929688,9436594,,
2024-12-09,212.76203285773505,213.87528880039406,211.03249723226864,212.4837188720703,4922985,,
2024-12-10,212.59305409830188,213.50751648859446,211.24123683287488,213.05027770996094,3626922,,
2024-12-11,212.71232831729412,214.1734843092802,212.71232831729412,213.3882293701172,3817336,,
2024-12-12,213.3882342856903,214.40210105525466,211.07226755600993,211.4002685546875,4299148,,
2024-12-13,210.9231509966938,212.21533169379794,208.43819395109898,211.867431640625,4333300,,
2024-12-16,211.867440564271,213.14968694731039,211.22135777199364,212.11593627929688,4806881,,
2024-12-17,211.91713662382114,212.41412803952755,208.5972376069761,209.02464294433594,4722997,,
2024-12-18,209.02464393664636,209.73037842376854,197.3055929721235,198.82638549804688,14942335,,
2024-12-19,195.81461561936598,200.5857361906946,193.53840163411203,199.7408447265625,8834477,,
2024-12-20,199.1941625430587,200.08875623280892,189.40344030189138,193.2899169921875,10057259,,
2024-12-23,193.82665359242552,196.63962684664997,193.70738050518509,195.83450317382812,8006446,,
2024-12-24,195.83449853719503,196.63962219095453,193.67755764781023,195.5363006591797,7118698,,
2024-12-26,196.51040819592563,198.1902416543945,195.33751570242356,196.4905242919922,7075411,,
2024-12-27,196.26191828265982,198.40892496169403,195.12877839655434,195.54624938964844,4451218,,
2024-12-30,196.31161357384818,201.92761062955068,194.3733500428431,199.8402557373047,48698861,,
2024-12-31,195.317628180653,199.29355954310904,195.1188346459251,198.8164520263672,8032394,,
2025-01-01,199.19415859343968,199.76073610241156,196.68933271254483,199.30349731445312,4148526,,
2025-01-02,199.29356491991504,205.3568664780341,198.35921859781394,204.89962768554688,9827756,,
2025-01-03,203.76648841328222,205.9830659673176,203.45835615020252,204.01498413085938,5485629,,
2025-01-06,204.06468163631305,204.40263216440766,194.48268759256763,196.3414306640625,7247076,,
2025-01-07,196.75890538587456,199.28363036023399,195.63571506029763,196.1227569580078,6619585,,
2025-01-08,196.16252858033332,196.4110243017845,190.94411842985903,194.3236541748047,8162449,,
2025-01-09,194.32364901661902,194.82064044632904,191.0435025471379,192.2760467529297,6131064,,
2025-01-10,192.4350809139315,192.4350809139315,185.93442474738714,187.962158203125,7899382,,
2025-01-13,185.39769292551523,187.36577480134392,184.59256921117512,186.59046936035156,7575227,,
2025-01-14,187.86276012289443,193.110988398684,187.47510741503413,191.40133666992188,5224795,,
2025-01-15,193.32966671248863,195.01943454496117,191.83869241907612,192.97183227539062,4521543,,
2025-01-16,194.82063723520923,196.64956202632303,193.80677048855884,194.24412536621094,5711244,,
2025-01-17,194.72122873863685,194.8007491844238,190.11909858689538,190.42723083496094,8047952,,
2025-01-20,192.2760415618179,193.87635452895753,189.5525231404262,192.86248779296875,5380998,,
2025-01-21,193.81672587245924,193.81672587245924,190.09922446721166,191.19261169433594,4833705,,
2025-01-22,192.037483981384,192.2760453259853,185.40762017829172,188.95614624023438,9163217,,
2025-01-23,188.9561510831215,191.2820673764416,188.4591596443621,189.60223388671875,3960511,,
2025-01-24,190.1787449617544,190.72543857544494,186.17299519585603,186.97811889648438,7657794,,
2025-01-27,184.90069602855306,192.93207936453962,184.48322504701838,189.98988342285156,14535640,,
2025-01-28,186.76937122710504,186.76937122710504,177.01840190686457,182.99224853515625,43454549,,
2025-01-29,182.44555827368856,186.65010155440189,180.51722908496674,185.05972290039062,10013432,,
2025-01-30,185.07960545526313,186.09347221897863,183.09163973572868,183.84707641601562,14297599,,
2025-01-31,184.14526311812213,187.14709566621525,183.46936203902806,186.0835418701172,5772412,,
2025-02-01,187.10733774563369,187.8031227094756,181.40187070818055,182.9822998046875,4749102,,
2025-02-03,181.898861844407,182.19705973328456,178.91691328958066,179.47354125976562,3886494,,
2025-02-04,180.80547781061466,182.78350918010463,179.41390786075613,180.13951110839844,5216085,,
2025-02-05,180.89494860997925,183.97628641767156,180.89494860997925,182.7636260986328,4286422,,
2025-02-06,184.23472266730892,184.8808054367228,181.70999779848464,182.51512145996094,3983013,,
2025-02-07,183.09163967736208,188.37963576978592,181.2527804875638,187.0079345703125,7298157,,
2025-02-10,187.71366819584247,188.28023053625185,184.85099272058545,185.43743896484375,9502645,,
2025-02-11,185.77539506523647,186.85884793635327,180.1892161072079,182.56483459472656,2332865,,
2025-02-12,182.3859160373841,184.055799921713,176.044300690285,182.8431396484375,4770520,,
2025-02-13,183.04193580293213,183.93652946832327,180.3482507723166,180.70608520507812,4044621,,
2025-02-14,180.92476982779294,182.14736453535633,177.41601144055176,179.92083740234375,3674337,,
2025-02-17,179.16541584068122,181.3621247000472,175.89521880754373,180.44764709472656,4678837,,
2025-02-18,180.72597344547899,181.34223797397695,177.6346861004094,179.60276794433594,4152347,,
2025-02-19,179.60277132182742,181.84916719938275,177.93287217514202,180.08981323242188,3020603,,
2025-02-20,179.46361258517493,183.7874290266694,178.1217296261395,183.27056884765625,3532472,,
2025-02-21,183.1115224819118,184.7118354826977,177.92293077337496,178.767822265625,5491982,,
2025-02-24,178.91691562666148,182.29645129948622,177.9726349386935,180.1494598388672,13756156,,
2025-02-25,180.9048863727859,181.5211509124919,176.82955044814733,177.6346893310547,8344437,,
2025-02-27,177.92293769631144,179.75186257780837,176.48166553607714,177.6346893310547,12518738,,
2025-02-28,177.1277356109113,177.97262707527483,173.9569279862418,176.5512237548828,5614981,,
2025-03-03,176.74009011476429,178.89703110342768,171.62108444662016,178.40003967285156,10498910,,
2025-03-04,177.67443352683955,177.67443352683955,174.24519574531087,175.44790649414062,7378836,,
2025-03-05,175.83555475614423,180.75578184774236,175.4479020631005,180.41781616210938,6338076,,
2025-03-06,181.95850337064132,182.3958582640395,179.6226527055921,180.64645385742188,7595816,,
2025-03-07,180.2488509904331,181.8491640265547,178.86721540026417,179.42384338378906,6040527,,
2025-03-10,179.31450266356836,179.86119627236076,177.22714774859944,178.04220581054688,6397181,,
2025-03-11,176.82954550267092,179.16541130070445,174.44399269499934,178.04220581054688,5753482,,
2025-03-12,178.91691708420998,180.05999132101354,175.83556411208082,177.1476287841797,5916404,,
2025-03-13,177.5750368193916,178.26088743861516,175.18948395572082,175.53738403320312,3060509,,
2025-03-17,176.41207569643137,177.17744675384614,174.49369603556997,176.27291870117188,3411602,,
2025-03-18,176.27291870117188,176.27291870117188,176.27291870117188,176.27291870117188,0,,
2025-03-19,180.70608747033182,185.8250931463924,179.473543260486,185.06967163085938,11138888,,
2025-03-20,185.67600201417915,186.55069662088835,184.532912620483,185.4175567626953,4488082,,
2025-03-21,185.87479100632487,187.1769060994928,184.68201463219253,186.17298889160156,6584799,,
2025-03-24,186.86877231198474,195.5561877189399,186.1729873633669,194.62184143066406,9174683,,
2025-03-25,195.55619352888942,196.11282150432103,192.2362792463226,193.6775665283203,6813212,,
2025-03-26,192.93208515795627,195.31763802892402,190.7453106647647,191.15284729003906,5584885,,
2025-03-27,190.9341573663297,198.796565158419,190.40734768201784,196.39112854003906,25012772,,
2025-03-28,195.8046891935352,197.30559785311297,190.56639527078275,191.5703125,7248212,,
2025-04-01,190.56639066480275,194.82063599250566,189.85072180902336,191.27210998535156,6099041,,
2025-04-02,191.88838680667232,192.1766351515629,189.5525211083509,190.95404052734375,2745983,,
2025-04-03,189.27421481436963,194.1248560357036,187.69378570342633,192.97183227539062,7697462,,
2025-04-04,194.5224451336723,195.76492372441749,191.35163734337456,193.82666015625,10170845,,
2025-04-07,187.16697374029405,192.15677189543058,185.3877359447949,189.661865234375,12697165,,
2025-04-08,192.77302996813756,193.46881490668764,188.55853736367484,189.383544921875,8769895,,
2025-04-09,189.35373014162576,190.7950022195451,185.7952697708958,188.81698608398438,6819642,,
2025-04-11,191.15284099138094,191.78898941380902,188.47902467669928,189.29409790039062,8325890,,
2025-04-15,191.83868748011147,191.83868748011147,187.86275613337344,190.74530029296875,7869328,,
2025-04-16,191.53055388414867,194.92003897354445,190.74529895516963,193.74713134765625,8520549,,
2025-04-17,192.84260939819808,195.01943429045548,192.08718788396584,193.6775665283203,9504482,,
2025-04-21,194.82064510301535,201.62943391957916,193.9260665749446,200.8242950439453,16250402,,
2025-04-22,201.4803161480245,204.26347109907096,199.4426483177776,200.42669677734375,15722852,,
2025-04-23,201.76858870865416,201.76858870865416,196.72908826593604,198.56796264648438,8092835,,
2025-04-24,198.54807778929387,203.15022331939383,198.0908389967607,200.6851348876953,16720717,,
2025-04-25,200.58573992944713,201.64929368027538,193.82665359132898,195.3076934814453,7977095,,
2025-04-28,196.55017348546872,199.79055210426282,195.32756366431047,198.62759399414062,7788146,,
2025-04-29,199.54205157128698,204.16406562806634,197.65349027575812,202.19598388671875,11997673,,
2025-04-30,202.37491080408998,202.52400216220494,194.82063520879592,195.4965362548828,11619893,,
2025-05-02,194.7510573722061,194.7510573722061,186.71968909105746,188.379638671875,18366458,,
2025-05-05,189.751320609703,191.5106745066256,188.77722166031677,190.35765075683594,6580183,,
2025-05-06,190.9441103805651,191.36158135496743,185.48713910742651,186.1630401611328,5927722,,
2025-05-07,182.04795241464896,190.5067561519634,182.04795241464896,190.0196990966797,9698741,,
2025-05-08,190.0594689182,191.34170013132544,184.73172019357864,185.60641479492188,5655491,,
2025-05-09,182.49526361116904,186.75944351104084,182.49526361116904,186.2525177001953,4820032,,
2025-05-12,189.85073035416164,193.72725752496964,188.98597010074488,193.27996826171875,6284131,,
2025-05-13,193.62785917849888,197.79264968143647,192.84260424580106,196.89805603027344,6888878,,
2025-05-14,197.80258722807844,198.80650444686384,195.4269688223197,197.03721618652344,6176362,,
2025-05-15,197.8025803192927,198.53813306300276,196.25196955355582,197.64353942871094,3449592,,
2025-05-16,198.29958588981748,200.3372538408773,196.92788465278667,197.83241271972656,3753649,,
2025-05-19,199.840258550479,202.02701782565197,197.74295409330983,200.6851348876953,8969305,,
2025-05-20,200.8839463456033,201.6691861482365,196.58993301892147,196.9676513671875,8802803,,
2025-05-21,197.40500536015355,200.58574753188827,196.1128245871746,199.6116485595703,8080241,,
2025-05-22,199.80049279089664,202.14629298900084,199.05500563260472,199.95953369140625,10212588,,
2025-05-23,200.03904209559744,203.31918842795113,198.66734095351018,202.20591735839844,8097368,,
2025-05-26,202.9712985164113,203.35895122806937,199.30349930850636,200.6851348876953,8540130,,
2025-05-27,201.03303064817678,202.17610485454097,200.08874997766182,201.2616424560547,10595637,,
2025-05-28,200.7845329063718,201.32127696443493,198.59777370019233,200.4068145751953,13661005,,
2025-05-29,201.28152432186826,202.46436632361144,198.39898016380164,199.8800048828125,15221151,,
2025-05-30,199.8800126442243,201.9773171166344,199.0251867652568,200.84417724609375,7261954,,
2025-06-02,200.9833234492046,205.90353538163006,200.49628157359294,205.0089569091797,12785341,,
2025-06-03,205.8637891343084,212.15570240903077,205.7942030545037,210.02857971191406,21745811,,
2025-06-04,210.02857768154303,211.17165188378004,206.0923989512514,209.7005615234375,13731212,,
2025-06-05,210.5852068136538,210.5852068136538,205.0884828767967,205.82403564453125,6847718,,
2025-06-06,205.82403531114124,211.23128925600648,202.46436843643755,206.52975463867188,17931531,,
2025-06-09,207.73248284901712,212.4638357906058,206.7583687284454,211.42015075683594,9749033,,
2025-06-10,211.8177463023323,213.1596140173424,209.15386444163775,209.7403106689453,11160547,,
2025-06-11,209.92917530293659,210.21743882351407,206.45023532103716,206.86770629882812,8873836,,
2025-06-12,207.34483516222386,207.34483516222386,204.63125097531656,205.21771240234375,4136067,,
2025-06-13,202.27550984459447,204.76046696799244,201.90774104376345,204.06468200683594,3620233,,
2025-06-16,204.06468573095535,204.7604707048097,201.1224897696891,204.37281799316406,3650155,,
2025-06-17,204.6511282523277,205.75444982181935,202.9017238975284,203.53787231445312,9087952,,
2025-06-18,203.5378711737258,207.14601858321336,203.36889591031502,205.83396911621094,7999769,,
2025-06-19,206.05264474120597,208.26922221663557,202.03694559406037,202.69297790527344,10671945,,
2025-06-20,203.51799575348133,206.74844013052072,202.3252193245849,206.26138305664062,9350809,,
2025-06-23,204.09449510989307,207.14601449331366,204.09449510989307,205.70474243164062,3500913,,
2025-06-24,207.23548686461953,208.68669331116175,206.1520340468613,207.96109008789062,4740437,,
2025-06-25,208.73640035002387,210.3267789909092,208.00084757439382,209.1339874267578,8025612,,
2025-06-26,210.4062866585267,210.4062866585267,204.52190988768618,208.75628662109375,12688408,,
2025-06-27,209.71050517596476,209.71050517596476,206.03277152880213,207.13609313964844,31963885,,
2025-06-30,210.22736863493978,213.10991277638325,208.7463287574954,211.83761596679688,13990271,,
2025-07-01,213.06023045303036,218.12953389947407,210.32677760926006,217.4039306640625,16637063,,
2025-07-02,218.67621963798794,218.67621963798794,214.86926363061698,216.43975830078125,11463228,,
2025-07-03,216.43976292726842,216.63855646143014,214.75992950469907,215.68434143066406,4618576,,
2025-07-04,215.68434837622618,216.93676133205284,212.7620363123224,214.02439880371094,5120183,,
2025-07-07,214.21323557404696,215.8930689939777,213.4876323503579,213.75601196289062,4643396,,
2025-07-08,214.203297670887,214.3027020196585,211.74815889257735,212.21533203125,5404402,,
2025-07-09,212.32468283413834,213.28884743760278,211.44003868082277,212.60299682617188,4586061,,
2025-07-10,211.86743593436955,213.3882284637363,208.93518959453704,209.7104949951172,3952305,,
2025-07-11,209.71050084873184,210.52557407910396,205.5158919403177,206.13217163085938,4009049,,
2025-07-14,205.75445241840603,210.12797094408464,205.148122265953,209.302978515625,5690671,,
2025-07-15,209.73038035958032,211.49966861086716,208.93519104994056,210.39634704589844,5149486,,
2025-07-16,210.3963456804897,214.10389742266756,210.3963456804897,213.39817810058594,8125748,,
2025-07-17,213.37829238168055,215.49548066386185,210.69454177299858,211.31080627441406,5632702,,
2025-07-18,211.300882302504,212.03643509330007,209.82979188788696,211.19154357910156,6478635,,
2025-07-21,211.17164815432812,212.21533315405438,208.57735237419678,211.49966430664062,4607473,,
2025-07-22,211.96683971934746,212.71232684614472,210.33670847542982,211.1219482421875,5385123,,
2025-07-23,211.21142860302155,212.21534585632918,210.4261736307028,211.5294952392578,5401894,,
2025-07-24,211.68853037511383,213.88522399668278,210.9430432319889,211.42015075683594,6465529,,
2025-07-25,210.97285859565622,211.8078005443708,206.00294437667728,206.88758850097656,6563450,,
2025-07-28,206.64902888146653,209.163804283881,204.46226964027676,204.76046752929688,8456565,,
2025-07-29,204.43245862002374,205.85386203575288,202.40474020331087,203.97523498535156,10354388,,
2025-07-30,203.9752349179151,204.52191337219344,201.539964711147,203.4484100341797,5616031,,
2025-07-31,201.77852209467912,203.49810820863448,199.92971335452177,201.21194458007812,8617317,,
2025-08-01,201.46044130304003,201.69900265253312,193.24021386830364,194.88027954101562,10948324,,
2025-08-04,184.68201696358307,195.8543745149287,183.99616636888095,195.2778778076172,39513112,,
2025-08-05,194.30376935216293,195.71522322329875,192.91219938540235,194.8603973388672,5819712,,
2025-08-06,195.29774418461542,196.570041006641,193.42906675868858,196.18238830566406,7011622,,
2025-08-07,194.4329820586046,198.07096285789348,193.8266519253898,197.434814453125,6357907,,
2025-08-08,197.40499467651395,198.52818495274482,194.582071932838,195.1685333251953,7038453,,
2025-08-11,195.16853446369916,196.80860006411035,194.47273435009507,195.50648498535156,8062362,,
2025-08-12,195.8146174655445,196.0631131729881,194.3932292991149,194.80075073242188,5218014,,
2025-08-13,195.81461462050032,196.70919308750993,194.26400385529752,195.00949096679688,6992167,,
2025-08-14,195.2082977516495,195.49654611420016,193.81672778248222,194.68148803710938,2679922,,
2025-08-18,196.21220567212072,196.4607013810099,193.66761203981125,194.6118927001953,6237845,,
2025-08-19,195.5064847926893,199.34325911400884,194.1248492689666,198.8462677001953,5129740,,
2025-08-20,199.29355579589088,200.02910854422583,198.02125899718527,198.50831604003906,5498900,,
2025-08-21,198.2995818083215,199.7905561076322,197.80259037521796,198.22999572753906,6033820,,
2025-08-22,198.99000549316406,199.4199981689453,196.0,196.33999633789062,2466153,,
2025-08-25,196.33999633789062,197.89999389648438,194.57000732421875,195.00999450683594,6443184,,
2025-08-26,194.7899932861328,195.99000549316406,191.91000366210938,192.4600067138672,6681812,,
2025-08-28,191.5,192.67999267578125,190.5,191.75999450683594,7746254,,
2025-08-29,191.3000030517578,193.86000061035156,191.1199951171875,191.7100067138672,4184028,,
2025-09-01,191.7100067138672,194.10000610351562,191.7100067138672,193.5800018310547,4546443,,
2025-09-02,193.5800018310547,195.41000366210938,193.0399932861328,193.55999755859375,3069260,,
2025-09-03,193.5,194.6699981689453,192.75999450683594,193.22999572753906,8091723,,
2025-09-04,194.47000122070312,194.6699981689453,188.39999389648438,189.89999389648438,7767020,,
2025-09-05,191.0,191.08999633789062,189.11000061035156,190.52000427246094,4068142,,
2025-09-08,190.0,191.97000122070312,189.27999877929688,190.6199951171875,9815612,,
2025-09-09,190.99000549316406,192.0500030517578,189.91000366210938,191.6300048828125,3712535,,
2025-09-10,192.0,196.89999389648438,191.72000122070312,196.0800018310547,5427537,,
2025-09-11,196.0800018310547,198.1999969482422,195.1999969482422,196.64999389648438,4449153,,
2025-09-12,196.64999389648438,196.9600067138672,193.8800048828125,194.36000061035156,4795808,,
2025-09-15,194.25,196.8800048828125,194.1999969482422,196.27000427246094,2036783,,
2025-09-16,196.0,197.27000427246094,195.5500030517578,196.41000366210938,3513785,,
2025-09-17,197.0,199.5,196.9199981689453,198.97000122070312,5372024,,
2025-09-18,200.0,200.47000122070312,197.80999755859375,198.42999267578125,6394641,,
2025-09-19,198.42999267578125,199.5,197.6199951171875,197.9199981689453,2693450,,
2025-09-22,197.99000549316406,198.55999755859375,194.5500030517578,195.0,5221899,,
2025-09-23,196.0,196.0,193.8800048828125,195.1300048828125,3435579,,
2025-09-24,195.1999969482422,196.82000732421875,193.3000030517578,193.5800018310547,2934434,,
2025-09-25,193.60000610351562,195.32000732421875,192.57000732421875,193.3300018310547,5665259,,
2025-09-26,192.60000610351562,194.13999938964844,190.27999877929688,191.82000732421875,3860755,,
2025-09-29,193.0,193.1300048828125,189.0500030517578,190.0800018310547,8268524,,
2025-09-30,190.8000030517578,194.0,190.55999755859375,192.92999267578125,7294473,,
2025-10-01,193.0,194.69000244140625,191.60000610351562,193.75999450683594,5901005,,
2025-10-03,193.61000061035156,195.5,192.2100067138672,192.3699951171875,6145378,,
2025-10-06,192.2100067138672,194.11000061035156,191.8000030517578,193.66000366210938,5036576,,
2025-10-07,194.10000610351562,199.9199981689453,194.10000610351562,199.1699981689453,12430510,,
2025-10-08,200.5,203.5,199.35000610351562,202.61000061035156,9371594,,
2025-10-09,203.5,207.91000366210938,202.14999389648438,207.33999633789062,13012847,,
2025-10-10,206.91000366210938,210.19000244140625,206.52999877929688,208.3000030517578,5126420,,
2025-10-13,208.10000610351562,213.5,207.32000732421875,213.02000427246094,15174980,,
2025-10-14,212.94000244140625,216.0,212.0,215.44000244140625,13286463,,
2025-10-15,215.10000610351562,217.17999267578125,214.10000610351562,216.3300018310547,7102306,,
2025-10-16,216.5,216.77000427246094,214.05999755859375,214.5,5674145,,
2025-10-17,214.58999633789062,215.27000427246094,211.52000427246094,212.3800048828125,9465410,,
2025-10-20,216.5,229.89999389648438,216.02000427246094,227.0800018310547,55614063,,
2025-10-21,228.38999938964844,229.3000030517578,227.0,227.44000244140625,2950169,,
2025-10-23,227.44000244140625,231.25,226.5,227.86000061035156,16833570,,
2025-10-24,228.0,232.1999969482422,226.88999938964844,227.39999389648438,25955732,,
2025-10-27,229.89999389648438,235.1999969482422,228.02000427246094,234.0399932861328,21764115,,
2025-10-28,234.0,236.6300048828125,232.35000610351562,235.77999877929688,15860246,,
2025-10-29,236.1999969482422,236.4199981689453,233.3000030517578,234.91000366210938,7589866,,
2025-10-30,235.00999450683594,237.44000244140625,234.39999389648438,234.80999755859375,11944357,,
2025-10-31,234.6999969482422,237.5,233.85000610351562,236.61000061035156,7758968,,
2025-11-03,236.6199951171875,238.88999938964844,236.27000427246094,237.88999938964844,7840791,,
2025-11-04,237.83999633789062,238.99000549316406,234.82000732421875,237.85000610351562,6499891,,
2025-11-06,237.97999572753906,238.33999633789062,235.0500030517578,235.8300018310547,4895857,,
2025-11-07,235.0,238.0,232.4199981689453,237.25999450683594,7026019,,
2025-11-10,237.25,238.88999938964844,236.55999755859375,238.4600067138672,7513078,,
2025-11-11,238.44000244140625,238.5800018310547,235.08999633789062,235.88999938964844,7025378,,
2025-11-12,236.0,239.91000366210938,233.47999572753906,238.94000244140625,8593960,,
2025-11-13,238.52999877929688,238.66000366210938,235.00999450683594,235.7899932861328,3764303,,
2025-11-14,235.39999389648438,237.19000244140625,235.0800018310547,236.25999450683594,3078306,,
2025-11-17,237.11000061035156,239.99000549316406,235.27000427246094,239.05999755859375,6245112,,
2025-11-18,239.44000244140625,246.75,239.0,244.50999450683594,24152192,,
2025-11-19,245.3000030517578,248.5,244.82000732421875,246.02000427246094,15310593,,
2025-11-20,246.50999450683594,246.8800048828125,243.85000610351562,244.92999267578125,4639649,,
2025-11-21,244.19000244140625,247.60000610351562,244.0,245.05999755859375,7135057,,
2025-11-24,245.0800018310547,251.22000122070312,244.4600067138672,248.1699981689453,16439268,,
2025-11-25,248.39999389648438,256.8999938964844,247.5,255.99000549316406,15576893,,
2025-11-26,255.5,258.79998779296875,253.74000549316406,256.3699951171875,10148728,,
2025-11-27,256.0,256.8999938964844,253.3000030517578,254.8699951171875,4560033,,
2025-11-28,255.35000610351562,258.239990234375,253.86000061035156,257.9200134277344,5507931,,
2025-12-01,259.70001220703125,259.70001220703125,255.8000030517578,256.6000061035156,5687469,,
2025-12-02,256.6000061035156,262.0,256.6000061035156,258.45001220703125,8694935,,
2025-12-03,259.0,259.8500061035156,255.85000610351562,258.25,5218904,,
2025-12-04,259.0,261.20001220703125,257.04998779296875,258.6499938964844,5356973,,
2025-12-05,259.0,260.25,256.95001220703125,259.20001220703125,5002265,,
2025-12-08,259.20001220703125,259.8999938964844,255.35000610351562,257.45001220703125,5397988,,
2025-12-09,256.45001220703125,263.20001220703125,255.60000610351562,260.8500061035156,11474245,,
2025-12-10,260.79998779296875,262.0,258.3500061035156,259.6000061035156,8102670,,
2025-12-11,259.6499938964844,262.3500061035156,258.70001220703125,260.8999938964844,4776310,,
2025-12-12,261.5,263.6000061035156,259.95001220703125,261.3500061035156,8484790,,
2025-12-15,262.0,266.29998779296875,260.8999938964844,265.25,9935972,,
2025-12-16,265.3999938964844,265.75,261.04998779296875,262.20001220703125,6068364,,
2025-12-17,262.3999938964844,264.5,261.1499938964844,263.6000061035156,3437773,,
2025-12-18,264.0,266.75,263.04998779296875,265.3999938964844,7848032,,
2025-12-19,265.3999938964844,268.25,265.1000061035156,267.8500061035156,7746013,,
2025-12-22,267.8500061035156,271.1000061035156,267.8500061035156,269.1499938964844,7215889,,
2025-12-23,270.29998779296875,270.45001220703125,264.95001220703125,265.45001220703125,5290581,,
2025-12-24,267.0,267.25,261.20001220703125,261.75,5763276,,
2025-12-26,261.70001220703125,263.20001220703125,260.1000061035156,262.0,3931332,,
2025-12-29,261.54998779296875,264.0,260.25,262.8999938964844,4625001,,
2025-12-30,263.45001220703125,269.3999938964844,262.0,267.6000061035156,37037734,,
2025-12-31,267.5,269.1000061035156,264.1499938964844,267.1000061035156,6154254,,
2026-01-01,267.6499938964844,267.6499938964844,264.54998779296875,266.25,2846254,,
2026-01-02,267.5,268.75,265.8500061035156,266.95001220703125,3353300,,
2026-01-05,266.95001220703125,267.1000061035156,261.3500061035156,263.75,6650072,,
2026-01-06,264.0,265.0,254.8000030517578,256.70001220703125,10683533,,
2026-01-07,256.70001220703125,259.1499938964844,253.1999969482422,258.54998779296875,6991588,,
2026-01-08,258.5,259.1499938964844,253.8000030517578,255.75,8212373,,
2026-01-09,255.5500030517578,258.45001220703125,254.5,255.3000030517578,4731961,,
2026-01-12,254.10000610351562,256.3999938964844,250.4499969482422,252.89999389648438,7290684,,
2026-01-13,253.14999389648438,255.0,246.85000610351562,249.3000030517578,12045490,,
2026-01-14,248.5,248.5,242.3000030517578,246.85000610351562,11287769,,
2026-01-15,246.85000610351562,246.85000610351562,246.85000610351562,246.85000610351562,0,,
2026-01-16,247.5,278.3999938964844,247.4499969482422,270.25,66836048,,
2026-01-19,271.45001220703125,280.25,270.25,279.70001220703125,31846487,,
2026-01-20,278.0,279.79998779296875,269.6499938964844,273.25,13733716,,
2026-01-21,271.1000061035156,276.6000061035156,268.95001220703125,276.1000061035156,12133282,,
2026-01-22,280.04998779296875,287.20001220703125,278.20001220703125,282.20001220703125,16816171,,
2026-01-23,283.20001220703125,284.8500061035156,277.54998779296875,278.54998779296875,12120387,,
2026-01-27,279.0,285.70001220703125,279.0,284.95001220703125,12030692,,
2026-01-28,286.45001220703125,286.45001220703125,282.20001220703125,284.45001220703125,10075884,,
2026-01-29,284.45001220703125,289.6000061035156,284.0,287.6000061035156,15848490,,
2026-01-30,286.6499938964844,288.6499938964844,282.5,287.75,4286394,,
2026-02-02,284.79998779296875,284.79998779296875,276.0,281.29998779296875,7143698,,
2026-02-03,294.0,298.25,283.3500061035156,285.5,8832776,,
2026-02-04,285.5,288.29998779296875,282.70001220703125,287.3999938964844,3498764,,
2026-02-05,287.8999938964844,289.1499938964844,285.3999938964844,287.6000061035156,2481799,,
2026-02-06,289.0,289.1499938964844,284.3500061035156,286.79998779296875,5682140,,
2026-02-09,288.70001220703125,288.70001220703125,284.6000061035156,286.6499938964844,3613561,,
2026-02-10,286.5,288.1000061035156,281.1000061035156,282.25,5142766,,
2026-02-11,281.8999938964844,293.5,279.6499938964844,290.5,16329588,,
2026-02-12,292.6000061035156,293.20001220703125,286.1000061035156,287.1000061035156,9229784,,
2026-02-13,287.04998779296875,290.54998779296875,285.1000061035156,288.29998779296875,6202181,,
2026-02-16,287.1499938964844,289.75,285.3500061035156,289.0,4743148,,
2026-02-17,289.0,291.04998779296875,282.6000061035156,288.8500061035156,7052510,,
2026-02-18,289.0,293.0,287.8500061035156,290.8500061035156,5124162,,
2026-02-19,292.04998779296875,292.3999938964844,287.5,288.29998779296875,3644333,,
2026-02-20,289.54998779296875,293.20001220703125,287.04998779296875,292.6000061035156,5030819,,
2026-02-23,293.8999938964844,296.6000061035156,288.0,296.20001220703125,6561111,,
2026-02-24,296.45001220703125,300.0,295.0,295.6499938964844,9095061,,
2026-02-25,296.3500061035156,301.04998779296875,296.3500061035156,299.1000061035156,5928219,,
2026-02-26,299.79998779296875,301.70001220703125,297.04998779296875,299.5,12490528,,
2026-02-27,299.5,302.0,296.75,299.8500061035156,6871717,,
2026-03-02,290.0,299.3500061035156,289.04998779296875,294.95001220703125,6275477,,
2026-03-04,290.95001220703125,293.75,283.1499938964844,286.45001220703125,8763077,,
2026-03-05,287.75,291.6000061035156,285.20001220703125,289.70001220703125,6014011,,
2026-03-06,286.3999938964844,291.25,285.6000061035156,286.5,3826606,,
2026-03-09,280.0,280.75,268.70001220703125,273.29998779296875,12304998,,
2026-03-10,277.25,281.1499938964844,275.25,276.0,10974726,,
2026-03-11,276.70001220703125,277.0,268.70001220703125,269.45001220703125,9571287,,
2026-03-12,265.75,272.1499938964844,264.8500061035156,270.25,7972457,,
2026-03-13,268.6499938964844,269.75,262.1499938964844,263.04998779296875,7258500,,
2026-03-16,262.0,265.5,257.04998779296875,260.8500061035156,12531069,,
2026-03-17,260.8500061035156,266.5,255.8000030517578,264.54998779296875,12836887,,
2026-03-18,265.0,272.70001220703125,265.0,271.5,7002312,,
2026-03-19,266.45001220703125,269.1499938964844,262.3500061035156,265.8999938964844,9790533,,
2026-03-20,268.04998779296875,274.29998779296875,266.0,267.1000061035156,14660431,,
2026-03-23,263.0,263.29998779296875,253.3000030517578,254.35000610351562,13966492,,
2026-03-24,262.25,263.8999938964844,257.6000061035156,262.5,6880170,,
2026-03-25,265.5,273.8999938964844,264.79998779296875,270.95001220703125,9709681,,
2026-03-27,269.0,270.95001220703125,265.29998779296875,269.29998779296875,16383055,10794550.0,65.89
2026-03-30,268.0,268.0,257.1499938964844,259.3999938964844,10978564,5779734.0,52.65
2026-04-01,266.45001220703125,270.1000061035156,262.8999938964844,267.6000061035156,8296508,4538855.0,54.71
2026-04-02,263.8999938964844,266.95001220703125,256.5,265.54998779296875,5537579,2405040.0,43.43
2026-04-06,265.3999938964844,272.20001220703125,261.70001220703125,271.5,9297534,4153126.0,44.67
2026-04-07,270.0,276.8999938964844,266.45001220703125,275.1499938964844,8015264,4149324.0,51.77
2026-04-08,286.3500061035156,288.79998779296875,282.54998779296875,284.45001220703125,7811348,3921474.0,50.2
2026-04-09,284.1000061035156,286.0,281.6000061035156,283.29998779296875,4273025,1929191.0,45.15
2026-04-10,284.0,292.75,284.0,291.70001220703125,8640231,4254966.0,49.25
2026-04-13,284.70001220703125,290.3500061035156,283.5,288.20001220703125,7132285,3226264.0,45.23
2026-04-15,294.6000061035156,294.8999938964844,286.0,286.8500061035156,7778158,4306780.0,55.37
2026-04-16,289.5,289.79998779296875,281.6000061035156,284.3999938964844,10948325,6320691.0,57.73
2026-04-17,284.95001220703125,294.20001220703125,282.8500061035156,293.75,9241911,5441021.0,58.87
2026-04-20,293.5,298.0,292.29998779296875,294.3500061035156,11292785,6096140.0,53.98
2026-04-21,295.79998779296875,299.04998779296875,295.04998779296875,295.75,7746822,4346473.0,56.11
2026-04-22,295.75,298.45001220703125,295.0,296.45001220703125,6443950,3555967.0,55.18
2026-04-23,294.95001220703125,296.6499938964844,293.54998779296875,295.3999938964844,3657050,2030212.0,55.52
2026-04-24,296.0,298.29998779296875,291.25,293.0,7243806,4239918.0,58.53
2026-04-27,294.70001220703125,297.6499938964844,292.79998779296875,294.04998779296875,3880432,2053132.0,52.91
2026-04-28,292.8500061035156,295.8500061035156,290.0,290.6000061035156,6666139,3841953.0,57.63
2026-04-29,296.0,301.70001220703125,282.54998779296875,284.75,21186876,5113286.0,24.13
2026-04-30,284.70001220703125,287.95001220703125,280.0,286.95001220703125,13939720,7251085.0,52.02
2026-05-01,286.95001220703125,286.95001220703125,286.95001220703125,286.95001220703125,0,0.0,0.0
2026-05-04,290.0,291.6499938964844,287.3999938964844,289.1499938964844,5494699,2626712.0,47.8
2026-05-05,289.3500061035156,295.0,286.6000061035156,292.6000061035156,5869785,2655883.0,45.25
2026-05-06,295.25,296.45001220703125,288.8500061035156,293.0,9998298,5321598.0,53.23
2026-05-07,294.5,297.75,290.0,297.04998779296875,6089681,3455111.0,56.74
2026-05-08,297.0,298.45001220703125,291.45001220703125,297.25,6129346,2965686.0,48.39
2026-05-11,295.0,297.3999938964844,291.1499938964844,292.45001220703125,11135956,7320899.0,65.74
2026-05-12,291.54998779296875,293.6499938964844,283.79998779296875,284.79998779296875,8461329,5043140.0,59.6
2026-05-13,285.8999938964844,285.8999938964844,277.1000061035156,280.04998779296875,15147738,8138523.0,53.73
2026-05-14,282.0,282.8500061035156,277.54998779296875,280.25,8574291,4971978.0,57.99
2026-05-15,281.95001220703125,284.70001220703125,278.29998779296875,281.29998779296875,6034270,3191945.0,52.9
2026-05-18,280.75,285.6499938964844,277.54998779296875,283.95001220703125,7212332,4198544.0,58.21
2026-05-19,284.79998779296875,287.79998779296875,283.75,286.6000061035156,6905213,3971577.0,57.52
2026-05-20,285.8500061035156,290.54998779296875,283.1000061035156,289.8999938964844,6657728,4054367.0,60.9
2026-05-21,290.5,292.5,283.04998779296875,283.75,6916472,2747663.0,39.73
2026-05-22,284.1499938964844,288.3999938964844,283.20001220703125,287.20001220703125,6756952,3233156.0,47.85
2026-05-25,289.0,292.5,286.79998779296875,289.25,9346757,5843396.0,62.52
2026-05-26,292.0,293.3500061035156,288.6499938964844,290.20001220703125,10983670,6219268.0,56.62
2026-05-27,289.5,293.0,287.8500061035156,288.8999938964844,3869975,1703420.0,44.02
2026-05-28,288.8999938964844,288.8999938964844,288.8999938964844,288.8999938964844,0,0.0,0.0
2026-05-29,292.0,293.8999938964844,283.6000061035156,288.95001220703125,239376091,130632060.0,54.57
2026-06-01,290.0,292.3999938964844,285.5,288.20001220703125,6701913,2958447.0,44.14
2026-06-02,286.5,293.79998779296875,284.8500061035156,293.04998779296875,5900487,2661291.0,45.1
2026-06-03,293.95001220703125,302.8500061035156,290.29998779296875,301.04998779296875,15946881,8313235.0,52.13
2026-06-04,301.25,303.79998779296875,295.6499938964844,300.1000061035156,11947303,5628310.0,47.11
2026-06-05,300.5,305.3999938964844,295.75,304.1499938964844,9322801,4267340.0,45.77
2026-06-08,302.5,310.0,301.29998779296875,304.6000061035156,12112735,4333668.0,35.78
2026-06-09,306.70001220703125,315.8999938964844,306.3500061035156,315.1000061035156,14386417,6730233.0,46.78
2026-06-10,315.1000061035156,316.70001220703125,309.8500061035156,311.1000061035156,7015128,3755952.0,53.54
2026-06-11,309.0,311.70001220703125,307.04998779296875,309.75,7619065,4596585.0,60.33
2026-06-12,315.0,318.3500061035156,311.1499938964844,315.70001220703125,9052110,4421558.0,48.85
2026-06-15,320.70001220703125,320.70001220703125,312.75,317.1000061035156,8390759,4566491.0,54.42
2026-06-16,317.54998779296875,321.1000061035156,316.5,320.6000061035156,8921387,5496185.0,61.61
2026-06-17,320.6499938964844,323.6000061035156,319.29998779296875,322.70001220703125,9029691,5967041.0,66.08
2026-06-18,323.0,324.0,320.0,320.45001220703125,3885931,2292218.0,58.99
2026-06-19,320.0,324.8999938964844,319.04998779296875,323.95001220703125,7763307,4761724.0,61.34
2026-06-22,323.95001220703125,323.95001220703125,321.70001220703125,323.3999938964844,4903566,3228068.0,65.83
2026-06-23,323.3999938964844,324.29998779296875,319.0,319.8999938964844,5809450,3869927.0,66.61
2026-06-24,319.5,327.0,318.20001220703125,325.20001220703125,9481304,5671106.0,59.81
2026-06-25,326.70001220703125,326.70001220703125,322.6499938964844,324.04998779296875,6310533,3744121.0,59.33
2026-06-25,326.70001220703125,326.70001220703125,322.6499938964844,324.04998779296875,6310533,0.0,0.0
2026-06-26,324.04998779296875,324.04998779296875,324.04998779296875,324.04998779296875,0,,
2026-06-29,323.0,327.0,322.1499938964844,324.04998779296875,15193838,9867960.0,64.95
2026-06-30,324.79998779296875,331.79998779296875,323.70001220703125,330.04998779296875,15572784,9053973.0,58.14
2026-07-01,329.0,332.0,325.6499938964844,331.3999938964844,6386994,0.0,0.0
2026-07-02,331.75,332.3500061035156,329.29998779296875,331.0,7433230,4760553.0,64.04
2026-07-03,332.3999938964844,334.29998779296875,326.3999938964844,327.3999938964844,5420067,2794592.0,51.56
2026-07-06,327.79998779296875,333.45001220703125,325.5,330.29998779296875,3492183,1742650.0,49.9
2026-07-07,330.0,332.0,326.70001220703125,331.54998779296875,4018922,2426461.0,60.38
2026-07-08,330.45001220703125,330.8999938964844,323.0,326.54998779296875,4715547,,
2026-07-09,326.54998779296875,332.70001220703125,326.54998779296875,327.75,3699416,,
2026-07-10,330.29998779296875,332.5,327.8500061035156,329.8500061035156,5400203,,
2026-07-13,328.5,336.5,327.29998779296875,332.5,4617054,1795100.0,38.88
2026-07-14,331.0,332.79998779296875,326.1499938964844,327.5,3477293,,
2026-07-15,328.5,330.70001220703125,325.6000061035156,327.54998779296875,2909042,1549766.0,53.27
2026-07-16,328.54998779296875,329.95001220703125,324.0,326.6000061035156,9916604,,
2026-07-17,328.70001220703125,351.0,323.3999938964844,349.0,44155126,,
2026-07-20,341.5,352.20001220703125,341.5,350.75,10483345,4274213.0,40.77
2026-07-21,351.1000061035156,356.75,350.95001220703125,356.04998779296875,6342305,2984844.0,47.06
2026-07-22,354.1000061035156,357.25,351.5,353.25,4288304,,
2026-07-23,352.0,355.45001220703125,351.54998779296875,354.3999938964844,4025719,2301649.0,57.17
2026-07-24,352.1000061035156,354.8999938964844,349.8999938964844,354.29998779296875,3590425,,
2026-07-27,355.04998779296875,357.70001220703125,354.29998779296875,356.5,6585012,4583960.0,69.61
2026-07-28,357.0,358.70001220703125,354.5,357.25,6332047,4057805.0,64.08
2026-07-29,359.0,359.8999938964844,356.45001220703125,359.1499938964844,5713345,3803476.0,66.57
2026-07-30,359.04998779296875,359.3500061035156,352.8500061035156,354.1499938964844,6259452,3652159.0,58.35
2026-07-31,355.3999938964844,359.70001220703125,354.75,358.8500061035156,3907564,2429595.0,62.18
2026-08-03,359.45001220703125,371.70001220703125,357.29998779296875,371.70001220703125,4384044,2799253.0,63.85
2026-08-04,364.54998779296875,364.54998779296875,357.1000061035156,362.45001220703125,5569382,2598191.0,46.65
2026-08-05,361.95001220703125,361.95001220703125,354.20001220703125,356.45001220703125,5018889,,
2026-08-06,356.45001220703125,356.45001220703125,351.6000061035156,353.54998779296875,3780768,2291827.0,60.62
2026-08-07,353.20001220703125,359.79998779296875,350.8500061035156,356.25,4924276,2715352.0,55.14
2026-08-11,357.20001220703125,357.20001220703125,352.20001220703125,354.54998779296875,4841707,3513990,72.55
2026-08-12,354.54998779296875,357.6499938964844,353.79998779296875,356.8500061035156,3369113,2264923,67.21
2026-08-13,356.5,356.5,352.0,352.45001220703125,2687980,1803633,67.04
2026-08-14,352.0,354.6000061035156,351.04998779296875,351.29998779296875,2419577,1352473,55.86
2026-08-19,357.79998779296875,360.0,355.1499938964844,358.79998779296875,2197536,1139470,51.84
