date,open,high,low,close,volume,delivery_qty,delivery_pct
2022-01-03,16138.591128127342,16306.030525217462,16073.31950001576,16113.107421875,26614,,
2022-01-04,16230.604669373488,16230.604669373488,15938.027031955538,16047.603515625,21725,,
2022-01-05,16045.181548952842,16371.117497914618,15979.957233713196,16149.8662109375,28716,,
2022-01-06,16245.509520813335,16374.979027903251,16054.49550006388,16096.0068359375,53694,,
2022-01-07,16127.17674305111,16238.989847347742,15840.189775356417,15915.7109375,30563,,
2022-01-10,15979.954297186801,16392.357884928213,15933.365509148356,16230.927734375,35333,,
2022-01-11,16231.53809981397,16332.169908928776,16063.11958594822,16107.2861328125,17202,,
2022-01-12,16203.580538986864,16259.487084837307,16119.720720211199,16217.6044921875,14693,,
2022-01-13,16180.240375581034,16321.49905083907,16054.49795212988,16209.7314453125,14882,,
2022-01-14,16166.308775256812,16536.130923260487,16136.491952155473,16293.0302734375,37139,,
2022-01-17,16427.207451864324,16706.6928767895,16398.78828979502,16485.2578125,36236,,
2022-01-18,16631.733779850518,16631.733779850518,15843.777133014382,16017.134765625,30371,,
2022-01-19,16063.81680216927,16142.970438334432,15774.081808852701,15812.2373046875,34034,,
2022-01-20,15840.189639309963,15958.52517367422,15478.70792193219,15670.326171875,23497,,
2022-01-21,15388.277955808024,15728.376136484374,15215.94583268058,15347.046875,29796,,
2022-01-24,15347.047782469323,15400.99797062381,14723.270229204029,14964.087890625,40889,,
2022-01-25,14945.685245617067,15225.21801205629,14697.22684107205,15159.57421875,22180,,
2022-01-27,15001.591892599332,15206.582589268392,14742.604600888375,15125.4716796875,36739,,
2022-01-28,15178.628576822008,15514.067882387135,15153.004740980228,15184.0791015625,13654,,
2022-01-31,15355.665590949087,15462.819810788842,15290.581413569178,15405.888671875,9687,,
2022-02-01,15583.951015183111,15700.4229958646,15297.61556992586,15676.244140625,16446,,
2022-02-02,15737.694526442414,15866.186783561025,15500.091678352253,15558.0947265625,17997,,
2022-02-03,15551.33790154316,15722.085814692218,15420.004832175888,15454.0146484375,22185,,
2022-02-04,15484.903249621177,15557.721899373431,15281.124590501415,15311.2216796875,9011,,
2022-02-07,15295.65959135294,15319.327062400755,14871.142869406729,14966.509765625,15529,,
2022-02-08,15018.876294454936,15113.358734963536,14871.189813877209,14962.783203125,13313,,
2022-02-09,15067.515269773432,15576.079288494806,14945.685569758103,15113.498046875,67238,,
2022-02-10,15206.67376429354,15583.902830336176,14943.447102616477,15499.9501953125,33726,,
2022-02-11,15279.260325938638,15335.492634281687,15122.72198377754,15150.908203125,25471,,
2022-02-14,14907.48217062157,14933.198820704321,14628.927591802587,14744.5615234375,48691,,
2022-02-15,14744.421545543737,15020.227206405778,14472.389395013444,14951.7880859375,35897,,
2022-02-16,15159.99254787837,15169.31030605162,14838.67002124876,14905.2919921875,19365,,
2022-02-17,14964.927206387694,15041.612182169702,14815.237041736316,14911.2099609375,18033,,
2022-02-18,14861.825213542981,14934.457325022348,14703.935609459275,14774.23828125,11702,,
2022-02-21,14768.647190924494,14798.650555217817,14517.207842314516,14709.9453125,16251,,
2022-02-22,14517.067870882654,14980.114065606656,14348.416440546982,14880.6005859375,37505,,
2022-02-23,14880.460549910084,15106.974898501396,14759.329687575188,14863.1298828125,20424,,
2022-02-24,14442.526850078526,14596.828579417943,13953.344489027479,13992.1533203125,50909,,
2022-02-25,14272.009520189678,14597.199265083993,14185.167836127295,14529.458984375,21886,,
2022-02-28,14209.580997336665,14722.05768904389,14135.4584141872,14674.3505859375,23677,,
2022-03-02,14435.16390402245,14667.036864188936,14367.9832309706,14459.99609375,13753,,
2022-03-03,14575.677214802294,14600.835163454547,14069.815727741841,14135.0400390625,17555,,
2022-03-04,14139.698165496133,14153.395452131559,13697.10464796001,13726.4091796875,24004,,
2022-03-07,13510.750773493852,13584.873365577503,13095.132308411203,13199.4912109375,28624,,
2022-03-08,13199.490430035747,13750.542127847713,13075.284889846815,13672.4130859375,23021,,
2022-03-09,13697.106390744042,13715.83472326253,13104.496889756749,13253.767578125,102323,,
2022-03-10,13557.337963313716,13642.73557982044,13262.011439919224,13331.5224609375,49214,,
2022-03-11,13346.759069336424,13346.759069336424,13186.633731966436,13244.1708984375,28496,,
2022-03-14,13254.510228106117,13302.729623839297,12942.365347514513,13066.2451171875,68198,,
2022-03-15,13098.904706898675,13310.371414937548,12919.863615976052,12971.6708984375,68263,,
2022-03-16,13138.040548815712,13262.80570920816,13050.453611823608,13120.8955078125,104762,,
2022-03-17,13285.168024499255,13695.242235840204,13250.644999309034,13590.650390625,95719,,
2022-03-21,13622.563864130816,13644.833672452754,13231.217980209138,13276.875,31935,,
2022-03-22,13323.463307242975,13417.57267111678,13005.308251050441,13330.6845703125,34108,,
2022-03-23,13417.571979317496,13452.094091901816,13173.539524968726,13220.8271484375,21070,,
2022-03-24,13173.447068756588,13259.077634006022,13044.862000466279,13188.1689453125,16425,,
2022-03-25,13231.3104450469,13327.14414124827,13054.180212420773,13094.1064453125,17789,,
2022-03-28,13138.0393163575,13184.348757495534,12974.046768862543,13068.9013671875,20939,,
2022-03-29,13072.815702752516,13249.853121392785,13072.815702752516,13144.841796875,22986,,
2022-03-30,13277.806252450517,13494.863625070157,13213.653847268892,13472.1279296875,44166,,
2022-03-31,13492.114988788655,13529.293211054544,13278.78471517941,13453.4462890625,31457,,
2022-04-01,13436.207985753243,13615.528433126168,13395.908679554641,13560.8330078125,16286,,
2022-04-04,13617.903218175406,13930.048108910183,13577.97698941007,13847.3994140625,41357,,
2022-04-05,13948.685003113984,14055.839229924812,13820.192744554564,13878.5224609375,22667,,
2022-04-06,13878.522359215034,14023.226971155831,13778.589396247828,13976.498046875,24737,,
2022-04-07,13967.318847809664,14069.208164689187,13886.627429781885,13953.66796875,23081,,
2022-04-08,13976.638616865626,14037.29686448786,13898.648791396035,14010.6484375,17007,,
2022-04-11,14107.08540282566,14133.12871803696,13887.232724088088,13935.8251953125,13198,,
2022-04-12,13887.188351712071,13920.685878120119,13549.512393355697,13652.4736328125,18977,,
2022-04-13,13659.78766686569,13737.777488141448,13476.274229707036,13568.4736328125,14284,,
2022-04-18,13533.48557500919,13603.927465582055,13324.39470943996,13578.9560546875,10940,,
2022-04-19,13603.927651058013,13689.791161131932,13085.021307023188,13163.7099609375,25638,,
2022-04-20,13313.213331882778,13473.47877792728,13236.201693980058,13390.830078125,14664,,
2022-04-21,13494.909307107619,13651.354832489951,13436.20742998632,13638.822265625,10746,,
2022-04-22,13594.60967771458,13631.83430498133,13466.490498092528,13511.8681640625,8985,,
2022-04-25,13466.025292302553,13503.575679044647,13071.278068717575,13194.3662109375,23722,,
2022-04-26,13280.13401150481,13576.01922192945,13280.13401150481,13531.201171875,34502,,
2022-04-27,13478.137553937926,13491.182415725352,13270.817429102033,13405.1796875,12430,,
2022-04-28,13405.181408413677,13506.884208657377,13347.690649596856,13400.056640625,22006,,
2022-04-29,13464.1623130534,13780.966132184069,13417.57351612242,13502.923828125,24674,,
2022-05-02,13436.206908032313,13606.163176308555,13259.169507718434,13473.990234375,18509,,
2022-05-04,13566.65731430378,13566.65731430378,13143.072347572532,13199.677734375,23857,,
2022-05-05,13305.759627433717,13497.193164845303,13145.214824560773,13182.439453125,15579,,
2022-05-06,13044.862733207228,13091.451528682968,12865.821628218995,12904.1181640625,20697,,
2022-05-09,12850.774178148182,12904.118349735454,12578.974959444406,12684.0791015625,23929,,
2022-05-10,12684.079255233539,12943.811796894723,12578.975111842079,12598.8681640625,19109,,
2022-05-11,12707.279485555522,12718.600015987111,12177.890680984137,12480.4384765625,26773,,
2022-05-12,12402.867398941034,12417.217109917954,12050.143859655174,12232.9111328125,20938,,
2022-05-13,12299.440463625438,12578.274369590583,12134.190390765209,12205.0517578125,28821,,
2022-05-16,12392.619153741682,12420.572430028316,12183.342655917357,12308.33984375,17260,,
2022-05-17,12439.207852281865,12739.193275321186,12373.98354144593,12699.2197265625,14982,,
2022-05-18,12690.787193530266,13324.394777348225,12690.787193530266,13218.4052734375,49824,,
2022-05-19,12825.894478114556,13146.704718852465,12278.429763580689,12479.8798828125,73307,,
2022-05-20,12771.851281890888,13284.701061897975,12578.973685381701,13208.0625,69654,,
2022-05-23,13334.177715713828,13394.417385745208,13048.215355934943,13196.134765625,32397,,
2022-05-24,13194.87797056539,13298.212277548295,12897.828007999777,13100.4892578125,20099,,
2022-05-25,13086.791861823744,13191.989719654144,12758.760354601172,12801.5283203125,13882,,
2022-05-26,12951.871977124403,13044.863033043901,12560.479679324026,12918.98046875,22958,,
2022-05-27,13091.403505659404,13323.462085287501,13016.907848903169,13217.9384765625,29521,,
2022-05-30,13315.076352721786,13533.997261726183,13283.442381918723,13451.814453125,13313,,
2022-05-31,13468.773085496625,13697.058161637306,13408.254063936354,13629.4580078125,26185,,
2022-06-01,13678.470978112264,13766.989693570074,13458.571853396017,13545.4599609375,9840,,
2022-06-02,13545.458980857395,13817.071651267543,13510.75032914975,13757.578125,10731,,
2022-06-03,13835.939909955563,13856.438979119752,13338.930296336173,13368.4677734375,11194,,
2022-06-06,13368.467606454267,13445.525652019147,13216.58814136216,13389.7119140625,8304,,
2022-06-07,13325.326499759654,13364.228141698328,13059.491030367402,13158.119140625,10559,,
2022-06-08,13296.441668917263,13296.441668917263,12990.539832691315,13146.798828125,12830,,
2022-06-09,13119.77676693172,13418.224383434856,13082.831491279758,13382.490234375,14211,,
2022-06-10,13254.512468217472,13370.984458272107,13185.235292507943,13246.080078125,6282,,
2022-06-13,13120.336985553757,13180.343719947712,12863.259640234111,12914.833984375,9177,,
2022-06-14,12886.45957970349,13118.891239793416,12812.989420333546,12855.6181640625,8777,,
2022-06-15,12880.870113033894,12988.536636888504,12817.416537866959,12924.8037109375,13446,,
2022-06-16,13119.403619792627,13119.403619792627,12578.973641136397,12626.0283203125,13252,,
2022-06-17,12643.965066337896,12724.237918049525,12383.300777953214,12420.3388671875,17576,,
2022-06-20,12485.795669246514,12521.482500253991,12266.828357136594,12379.759765625,11196,,
2022-06-21,12434.548912219525,12793.329026871252,12396.67185935123,12730.1083984375,14668,,
2022-06-22,12718.740082925167,12774.600225936178,12490.501411317737,12521.0634765625,13706,,
2022-06-23,12578.974530788008,12921.309357178632,12532.385736229533,12878.9599609375,38229,,
2022-06-24,12951.68474967457,13350.111752531333,12951.68474967457,13293.4599609375,28919,,
2022-06-27,13487.363397781357,13646.649760632004,13348.90095247428,13597.5458984375,28254,,
2022-06-28,13557.338127473564,13697.104499921745,13470.775790162395,13656.7587890625,20876,,
2022-06-29,13616.971834259042,14563.656067433203,13566.655939976165,14463.9560546875,128714,,
2022-06-30,14461.16032012599,14628.879963014047,14153.674308164547,14190.572265625,46647,,
2022-07-01,14231.012460178881,14657.952333730154,14164.436894162092,14616.115234375,71619,,
2022-07-04,14591.608894388648,14908.412663487763,14586.903608629194,14850.8291015625,33501,,
2022-07-05,14852.507679458404,14950.251334247361,14527.87659556354,14567.4306640625,29221,,
2022-07-06,14579.497243755404,15048.180512983305,14535.750184053712,15008.6728515625,48854,,
2022-07-07,15015.567210524276,15196.191587707284,14871.887198325032,15067.4208984375,25335,,
2022-07-08,15038.861395711996,15178.62776556062,14931.70717882805,15038.3955078125,17133,,
2022-07-11,15001.591256108033,15472.13806258844,14908.413670666368,15425.501953125,47938,,
2022-07-12,15425.502349384873,15434.867424912223,15301.623474307788,15386.322265625,11692,,
2022-07-13,15388.27824080024,15528.696134157564,15217.483908616432,15250.701171875,16505,,
2022-07-14,15328.714015213785,15509.94019076311,14990.236745627779,15110.865234375,23633,,
2022-07-15,15110.865476144112,15597.721869103478,15110.865476144112,15512.158203125,27102,,
2022-07-18,15573.180082652014,15674.977851525313,15421.072436516319,15447.78515625,24177,,
2022-07-19,15447.833543025174,15574.125357022034,15343.817079015162,15487.00390625,18990,,
2022-07-20,15574.124707471043,15668.513342061775,15366.988664508875,15467.5595703125,35675,,
2022-07-21,15555.24683029785,15555.24683029785,15314.791786000618,15456.8466796875,20935,,
2022-07-22,15526.929996669021,16166.506999741114,15451.419090910145,15884.0029296875,109380,,
2022-07-25,15884.003854932009,16046.020476716003,15536.369764883677,15582.572265625,33185,,
2022-07-26,15666.624855831478,15761.20152597268,15397.664269462228,15446.2744140625,26746,,
2022-07-27,15545.8079113353,15663.793703012101,15309.836327981697,15507.7685546875,38519,,
2022-07-28,15537.311199772013,15998.87156528374,15462.744187756827,15641.89453125,30048,,
2022-07-29,15846.90637431832,16263.16021380098,15695.460561740812,16155.369140625,72333,,
2022-08-01,16234.843595400725,16743.550355416402,16025.820721521079,16658.978515625,74234,,
2022-08-02,16629.294302614173,16895.56425095862,16518.00974255731,16803.111328125,89734,,
2022-08-03,17168.298722979784,17168.298722979784,16047.009812336924,16329.08984375,168277,,
2022-08-04,16518.01189018748,16791.73894436773,16282.040291756231,16576.296875,99421,,
2022-08-05,16611.45580326159,16815.335253997684,16142.95818412988,16423.48046875,70018,,
2022-08-08,16329.233570038841,16612.399470097316,16234.844936686015,16342.919921875,53429,,
2022-08-10,16376.427612675576,16617.118623697606,16202.564490360257,16267.220703125,51020,,
2022-08-11,16470.815653017646,16554.301657412183,16315.074416183956,16449.908203125,58850,,
2022-08-12,16442.50086731633,16522.731210239515,16235.78974849071,16292.375,24628,,
2022-08-16,16338.672173744753,17077.735161153312,16338.672173744753,17031.720703125,95435,,
2022-08-17,17084.34069480919,17202.042569809273,16854.83439019519,16949.458984375,61622,,
2022-08-18,16895.56307828986,16940.303653135685,16584.080630477813,16617.3046875,41793,,
2022-08-19,16761.062386833255,16829.258177763775,16341.362939411298,16401.34765625,47005,,
2022-08-22,16368.54586584606,16557.88908478793,16099.868267709542,16130.6865234375,38621,,
2022-08-23,16094.206452190734,16491.582612906957,16047.484076999635,16322.626953125,62061,,
2022-08-24,16310.356773089907,16442.452935585723,16249.004157913352,16292.375,63336,,
2022-08-25,16346.22450143446,16480.25636880966,16221.679429689664,16240.697265625,41923,,
2022-08-26,16348.11263677388,16447.598633188285,16234.846267465979,16284.0703125,28888,,
2022-08-29,16093.261602128256,16206.527959445286,15858.37586234765,16102.6064453125,43541,,
2022-08-30,16153.669032012227,16602.95888004529,16153.669032012227,16555.8125,45150,,
2022-09-01,16508.573777224305,16865.314918549557,16382.988949415101,16671.9140625,52573,,
2022-09-02,16724.71990847669,16893.675541617235,16483.556979608482,16582.287109375,43637,,
2022-09-05,16607.49543939965,16810.571151310116,16565.160653747374,16604.001953125,25136,,
2022-09-06,16640.716252321647,16753.93468192496,16423.622393102476,16477.75390625,19596,,
2022-09-07,16437.784218827273,16546.283240012188,16282.798785194627,16338.5341796875,16691,,
2022-09-08,16456.659893976925,16518.012511878187,16173.49396520187,16276.8974609375,31682,,
2022-09-09,16376.429629752569,16469.82645498475,16178.213478614352,16217.384765625,35223,,
2022-09-12,16355.332221445382,16390.538075193737,16236.732536196761,16271.6083984375,28905,,
2022-09-13,16406.253962628893,16706.693713345165,16291.57177564627,16503.23828125,37983,,
2022-09-14,16282.982810128013,16609.473454992858,16200.864700773127,16536.322265625,32140,,
2022-09-15,16584.082043280367,16695.790616511167,16316.538212952893,16368.498046875,20307,,
2022-09-16,16348.111340157197,16376.4279302383,15866.823328706438,15983.865234375,73191,,
2022-09-19,15905.428392331709,16182.93097065617,15764.931282181533,15910.76171875,27328,,
2022-09-20,16046.067814766338,16281.945380349005,15904.484863459576,15925.8642578125,42108,,
2022-09-21,15951.678456075568,16070.608129771754,15663.509231525943,15736.1884765625,18761,,
2022-09-22,15776.730387020789,15880.887877290457,15586.679238692668,15661.5283203125,35868,,
2022-09-23,15668.513204648729,15890.326493991648,15243.906304371725,15312.998046875,36144,,
2022-09-26,15289.071980630299,15289.071980630299,14723.967005883404,14966.2158203125,36710,,
2022-09-27,15045.547901643815,15141.824306033255,14814.295753845652,14922.134765625,30976,,
2022-09-28,14913.404741805962,14955.407685540795,14724.627466593227,14780.552734375,18018,,
2022-09-29,15003.072528216517,15003.072528216517,14441.46018758809,14791.123046875,57959,,
2022-09-30,14791.123292857052,15031.29534687274,14631.181574551114,14927.419921875,18069,,
2022-10-03,15003.167467851094,15062.11335442615,14630.332361721537,14742.466796875,36325,,
2022-10-04,15007.792152293418,15043.659831651099,14819.014892516141,15012.55859375,12884,,
2022-10-06,15092.742907495418,15295.678475044606,15008.737021393661,15050.833984375,30447,,
2022-10-07,15101.236708486298,15212.70931029589,14960.597651697472,14975.0859375,28071,,
2022-10-10,14819.01568402355,14941.531947810001,14707.071131702074,14873.619140625,13100,,
2022-10-11,14908.683278811768,14951.158159947985,14597.200817146186,14698.4326171875,19107,,
2022-10-12,14701.97305272421,14811.888797040392,14529.807822384257,14781.7314453125,12892,,
2022-10-13,14819.015579123601,14856.677012899716,14611.360583747348,14671.486328125,10921,,
2022-10-14,14819.014960432614,14995.568709095674,14570.72585272542,14599.986328125,28592,,
2022-10-17,14592.483485128681,14757.380620636211,14535.944322066063,14695.037109375,16787,,
2022-10-18,14762.38254158959,14858.611939504735,14730.337415594397,14790.369140625,11193,,
2022-10-19,14819.015177862884,14913.403809569018,14722.077868747889,14796.880859375,15358,,
2022-10-20,14770.877522723027,14903.965498357506,14645.434657834285,14887.73046875,10560,,
2022-10-21,14903.965870002061,14960.552042569347,14631.182707466874,14682.8134765625,9445,,
2022-10-24,14734.066041317641,14819.015813496922,14687.437686549181,14746.478515625,2298,,
2022-10-25,14757.663235084661,14804.85755307342,14670.825689985346,14768.3759765625,8065,,
2022-10-27,14819.01507761374,14946.439729555004,14715.612516631974,14859.744140625,14228,,
2022-10-28,14866.210519560278,15256.932471822418,14856.771655738334,15210.1630859375,23435,,
2022-10-31,15333.432947219806,15626.03770029079,15217.900895366192,15563.36328125,30738,,
2022-11-01,15583.564697990621,15715.708795974793,15461.048425783825,15667.8544921875,53465,,
2022-11-02,15667.854818235113,15720.428555187327,15574.126157946017,15648.033203125,26775,,
2022-11-03,15526.930659988711,15724.390949572606,15526.930659988711,15628.7763671875,19015,,
2022-11-04,15660.018083719597,15660.018083719597,15204.639939961668,15406.3486328125,50207,,
2022-11-07,15456.13880350157,15699.283555759754,15306.296847162279,15523.3427734375,32977,,
2022-11-09,15467.938059754722,16527.734425144146,15423.10345668297,16257.12109375,151023,,
2022-11-10,16141.40080427849,16330.178078172163,15838.413279679144,15869.939453125,38820,,
2022-11-11,16045.124949303292,16112.092952121056,15731.424672270878,15827.37109375,28041,,
2022-11-14,15906.515441154044,15913.924580630981,15725.147302094434,15877.20703125,15577,,
2022-11-15,15960.17381101109,16130.96930348354,15911.515733724236,15942.7119140625,21179,,
2022-11-16,15942.71282140076,16140.45701701862,15686.495602246512,15739.0693359375,12774,,
2022-11-17,15753.463152282075,15904.484968001974,15669.45726728788,15766.017578125,13940,,
2022-11-18,15822.320732725286,15822.320732725286,15513.293781804034,15607.728515625,15665,,
2022-11-21,15593.002980431078,15593.002980431078,15393.842954470367,15439.4794921875,19098,,
2022-11-22,15487.194149946927,15558.739633498319,15460.859350479494,15500.64453125,18998,,
2022-11-23,15577.617653949796,15815.760936374632,15500.644822112454,15713.4912109375,59286,,
2022-11-24,15791.219662135909,15875.461524350232,15622.358014437086,15704.666015625,20170,,
2022-11-25,15783.147099800874,16034.740734718485,15670.920491661267,15986.224609375,27789,,
2022-11-28,15925.249956302772,16090.430061942472,15904.484457308068,16021.1484375,17734,,
2022-11-29,15955.078400618091,16047.957194682911,15825.199995650728,15852.7607421875,24072,,
2022-11-30,15932.045031256468,16117.188699260847,15878.527415008499,16050.220703125,28048,,
2022-12-01,16069.665030828226,16240.508459349807,15979.051941667609,16082.3134765625,37807,,
2022-12-02,16138.567386586186,16272.599236445541,16039.979203449378,16181.326171875,29867,,
2022-12-05,16182.930255161013,16301.765906405219,16066.454319614555,16233.6162109375,26790,,
2022-12-06,16220.687363850424,16356.607001929822,16162.968343279841,16316.255859375,30608,,
2022-12-07,16333.952419500096,16352.736125573381,16055.505961034187,16130.544921875,9071,,
2022-12-08,16234.8466094012,16517.068652204165,16098.031008671038,16475.349609375,59599,,
2022-12-09,16518.009161294034,16848.321412796904,16384.73316192946,16533.8671875,71665,,
2022-12-12,16533.87124128777,16635.9990198451,16336.503105753127,16408.5703125,12681,,
2022-12-13,16408.51763742722,16664.970779565654,16345.371282185555,16591.34765625,16680,,
2022-12-14,16591.631620751417,16674.693606337158,16427.11151870857,16599.890625,35770,,
2022-12-15,16654.877060128507,16772.24897606025,16578.5642063739,16673.046875,22428,,
2022-12-16,16593.522272637936,16627.40816179791,16283.643642046565,16489.8828125,31397,,
2022-12-19,16423.62033598272,16590.688198021166,16296.195695444923,16546.18359375,19232,,
2022-12-20,16456.66001484274,16697.35105606929,16404.794192585785,16613.533203125,25213,,
2022-12-21,16668.08768892426,16893.34651660043,16353.159665345273,16433.248046875,30969,,
2022-12-22,16443.1144928901,16541.560735359704,16179.15630028996,16276.140625,24046,,
2022-12-23,16244.282801227506,16244.282801227506,15762.900800726284,15903.9638671875,30648,,
2022-12-26,15857.337118178595,16360.380563619885,15685.123963724465,16311.4404296875,33905,,
2022-12-27,16375.43813581135,16392.99589865378,15862.861703800414,16255.1884765625,17196,,
2022-12-28,16255.138614487461,16484.88091849291,16102.748902210253,16319.0869140625,22164,,
2022-12-29,16211.247462442432,16333.66878010425,16020.534495058237,16128.2333984375,27430,,
2022-12-30,16208.839836719937,16374.539816975837,16150.082913523791,16295.44140625,9551,,
2023-01-02,16364.958198839742,16374.539013186535,16131.016355508295,16206.197265625,9526,,
2023-01-03,16253.675746180055,16282.040269684285,16135.737878855238,16172.3134765625,6877,,
2023-01-04,16172.264412416944,16172.264412416944,15857.290282724263,15911.4697265625,24307,,
2023-01-05,15998.873981760406,16088.355147105018,15811.040594009944,16052.3916015625,14393,,
2023-01-06,16140.455137875935,16233.899878147848,16015.39020771403,16108.0791015625,21331,,
2023-01-09,16188.35730556476,16281.943997133572,16131.772061577502,16254.94921875,8080,,
2023-01-10,16234.847197813038,16516.125364379797,16234.847197813038,16429.00390625,15811,,
2023-01-11,16470.81493537705,16541.558471857414,16282.037686834046,16377.322265625,8578,,
2023-01-12,16330.177646378172,16447.21955309749,16187.65080835707,16403.80078125,10485,,
2023-01-13,16403.799898810576,16423.621510978996,16215.966526357424,16360.287109375,10030,,
2023-01-16,16347.1191629799,16391.859743030782,16079.10338116122,16130.0732421875,8833,,
2023-01-17,16160.229161814026,16160.229161814026,15962.060973590666,16045.1708984375,6812,,
2023-01-18,16046.067388593008,16220.686357233579,15937.614482066867,16105.5322265625,14160,,
2023-01-19,16095.198991469637,16210.021298398067,15976.221372104359,16178.873046875,11012,,
2023-01-20,16178.87290064684,16178.87290064684,15867.626359831724,16003.169921875,13266,,
2023-01-23,15970.557115069263,16102.749136402786,15886.503297805986,15976.314453125,9369,,
2023-01-24,16041.347260458517,16187.601701512092,15976.361059062148,16092.7890625,9194,,
2023-01-25,16069.664713154196,16083.728988128574,15734.585067153037,15782.109375,10286,,
2023-01-27,15782.108969398269,15951.584492424368,15447.690236773235,15759.2197265625,14922,,
2023-01-30,15810.096206482407,15904.012897380615,15616.599506641876,15659.734375,8527,,
2023-01-31,15669.455167163054,16187.600771178013,15668.511280941311,16073.060546875,13928,,
2023-02-01,16140.454303879244,16366.986995863514,15838.410714566884,16157.4921875,13466,,
2023-02-02,16157.494412617745,16315.075500769364,16034.647235903745,16205.30078125,7224,,
2023-02-03,16140.45877907883,16466.099614095332,16124.506728889757,16438.20703125,17688,,
2023-02-06,16594.46569977961,16612.305520264166,16339.616388651659,16470.392578125,9895,,
2023-02-07,16499.132174999653,16499.132174999653,16301.010076114875,16437.685546875,7133,,
2023-02-08,16429.284853601675,16511.544912930687,16312.242953001502,16468.408203125,11346,,
2023-02-09,16348.109333446862,16635.002812658222,16348.109333446862,16541.41796875,19549,,
2023-02-10,16536.88997406995,16577.19318653841,16423.62360438454,16517.068359375,7263,,
2023-02-13,16536.84089752166,16664.313486325005,16244.331992881484,16431.267578125,16189,,
2023-02-14,16440.705586371554,16675.639255047783,16020.77020297356,16435.326171875,71926,,
2023-02-15,16442.687692002957,17037.148032222667,16267.974703325479,16853.326171875,70046,,
2023-02-16,16857.808588418964,17157.020532569513,16782.29768768696,17117.61328125,31924,,
2023-02-17,17084.341846055435,17196.0504197521,16851.15400073996,17003.6875,19869,,
2023-02-20,17024.830293596184,17278.689635489536,16896.509680742223,17163.015625,27323,,
2023-02-21,17164.572524600244,17485.493869574897,16942.75924204423,17439.52734375,37541,,
2023-02-22,17504.41528274613,17623.69221439019,17397.25614187628,17473.544921875,24230,,
2023-02-23,17473.54410406863,17602.316591665913,17280.602493952178,17474.259765625,33232,,
2023-02-24,17506.989940863314,17553.89000050584,16901.44522086528,16994.86328125,27827,,
2023-02-27,16985.03446961152,17175.87755353974,16679.73399157815,17059.796875,16150,,
2023-02-28,17202.926813001475,17308.893166204263,17018.71666989203,17172.296875,22621,,
2023-03-01,17172.297225318736,17533.706272986416,17172.297225318736,17464.287109375,17785,,
2023-03-02,17462.14229727314,17596.258020889556,17300.92834651764,17347.875,18731,,
2023-03-03,17371.491249695904,17543.154971835924,17118.672626508353,17160.37109375,20886,,
2023-03-06,17161.563489232412,17359.086071510483,17080.45518249987,17267.337890625,16396,,
2023-03-08,17270.347328194108,17963.107821053876,17199.783833389916,17866.68359375,70670,,
2023-03-09,17913.436049056694,18081.377948216847,17567.152794533955,17625.16796875,52910,,
2023-03-10,17509.85405491177,17635.52348812476,17225.687939537045,17547.35546875,29144,,
2023-03-13,17509.899431004218,17583.99275901772,16986.081817273975,17143.52734375,26039,,
2023-03-14,17233.13078687631,17433.516028584174,17032.745545168447,17178.501953125,29189,,
2023-03-15,17271.300548811727,17408.659124546415,17140.047461314898,17217.482421875,12219,,
2023-03-16,17217.482936124503,17381.035850438657,17126.832460923204,17288.810546875,24600,,
2023-03-17,17366.71997246544,17462.667074717163,17242.671972662116,17284.275390625,15709,,
2023-03-20,17323.734716652325,17510.80941922763,17152.072831530026,17308.802734375,49184,,
2023-03-21,17364.812715622833,17622.832945397222,17292.864498132563,17528.69921875,40044,,
2023-03-22,17538.43026621835,17772.26149107566,17538.43026621835,17580.654296875,16984,,
2023-03-23,17581.41924819773,17646.49599485951,17463.096535211214,17584.091796875,24300,,
2023-03-24,17584.090855016813,17700.695228507677,17470.634274046268,17607.802734375,21757,,
2023-03-27,17654.89611817749,17796.1200196741,17463.147248754714,17502.078125,24228,,
2023-03-28,17538.47815341668,17796.116298216595,17524.929040911647,17683.708984375,40504,,
2023-03-29,17683.70980412035,18168.261127357004,17608.995856886053,18108.2890625,50052,,
2023-03-31,18091.92530009663,18611.924274673158,18034.720828186073,18483.05859375,46121,,
2023-04-03,18607.198641332314,18608.009351609653,18320.934046850278,18544.458984375,29923,,
2023-04-05,18513.68594015454,18755.05396379875,18230.332441746556,18266.162109375,46684,,
2023-04-06,18266.545476169693,18379.191350076628,17877.225591393155,17934.478515625,72459,,
2023-04-10,18072.839785572105,18072.839785572105,17647.688366043712,17693.826171875,46233,,
2023-04-11,17699.741943106765,18063.24956428867,17610.140741833413,17752.939453125,51741,,
2023-04-12,17786.576038807918,18044.21421104387,17786.576038807918,17906.330078125,43141,,
2023-04-13,17986.81814738941,18091.92535440131,17786.576403272175,18041.400390625,25704,,
2023-04-17,18041.399926619695,18177.709230588538,17903.038686697808,18020.548828125,21810,,
2023-04-18,18020.54653504634,18179.66194070939,17901.079521672404,17952.845703125,13612,,
2023-04-19,18034.526686255373,18035.62440665289,17759.474110454215,17830.658203125,13542,,
2023-04-20,17843.82730588603,17973.790692975417,17830.658388382748,17882.521484375,5156,,
2023-04-21,17972.599541213145,17986.86618040927,17819.019310044525,17907.712890625,9208,,
2023-04-24,17915.395572931357,17952.84853038742,17787.91275799968,17874.5078125,13782,,
2023-04-25,17938.294991798506,18010.81536093392,17816.060373930377,17916.681640625,13444,,
2023-04-26,17824.88659387178,18166.11363700743,17824.88659387178,18092.97265625,17670,,
2023-04-27,18092.973327939828,18301.851452660794,18030.23366511332,18242.5,14870,,
2023-04-28,18301.85210962226,18535.58643579171,18282.003683021525,18484.91796875,24308,,
2023-05-02,18484.91746904882,18941.55800025933,18475.518819974488,18891.84375,29017,,
2023-05-03,18840.98241099564,18843.750008298786,18393.02675268597,18433.150390625,22537,,
2023-05-04,18430.623371121437,18579.29088702449,18206.431191629872,18314.49609375,27882,,
2023-05-05,18349.512948811418,18511.778016545446,18344.838784500702,18440.068359375,10241,,
2023-05-08,18444.935633359695,18644.033053709896,18387.77962059818,18427.474609375,18577,,
2023-05-09,18467.55048588161,18547.561071125227,18158.76676794077,18346.078125,22253,,
2023-05-10,18472.034411906523,18565.165457648694,18104.327898250915,18468.599609375,43422,,
2023-05-11,18320.936886981242,18770.61092385572,18177.804567551702,18582.296875,61928,,
2023-05-12,18635.826605014565,18740.741841879993,17930.709886605146,18109.38671875,59933,,
2023-05-15,18231.000746551086,18454.382197333336,18063.34584746575,18348.65625,25309,,
2023-05-16,18273.227018821115,18415.405129829174,18000.41643173703,18137.44140625,41812,,
2023-05-17,18225.515049676687,18339.972447138734,18077.706704098848,18259.533203125,13967,,
2023-05-18,18368.599346363917,18434.345165005652,18102.134676292168,18143.978515625,13824,,
2023-05-19,18282.76710336746,18282.76710336746,17859.190513655,18019.59375,25164,,
2023-05-22,18020.404654038713,18072.838040041646,17882.997648876833,17968.064453125,10716,,
2023-05-23,17972.649028904452,18163.06347832574,17932.333423835633,17991.3046875,17174,,
2023-05-24,17991.30362314835,18044.16566801349,17834.286725676622,17892.732421875,12145,,
2023-05-25,17968.782482534436,17997.505858221117,17825.078010105633,17921.263671875,10507,,
2023-05-26,17921.262774600535,18119.118963307435,17912.53133102705,18074.4609375,11558,,
2023-05-29,18130.093860167523,18130.093860167523,17410.32838843804,17458.326171875,62648,,
2023-05-30,17462.14086867284,17772.21240052954,17452.59871519269,17692.01171875,23849,,
2023-05-31,17692.011032073075,17822.785122221692,17595.730334454925,17718.251953125,14053,,
2023-06-01,17748.36147193962,17862.010039377208,17638.149571579022,17750.318359375,43911,,
2023-06-02,17786.57622426804,17927.179499952832,17753.178683074402,17892.494140625,13726,,
2023-06-05,17893.63785191496,18101.46671817694,17874.84055341326,18008.57421875,20032,,
2023-06-06,18068.06870187548,18072.934827702797,17951.702878663702,18015.158203125,8268,,
2023-06-07,18034.670512059158,18247.84259868282,18016.730517603442,18104.900390625,13222,,
2023-06-08,18104.901600512247,18188.49049985816,17870.928721386153,17907.666015625,10888,,
2023-06-09,17940.201933592045,18076.606265841616,17862.91049395474,17899.552734375,6743,,
2023-06-12,17915.298526727416,18167.25797700786,17880.993365947554,18125.130859375,23105,,
2023-06-13,18120.54933044335,18401.85275852623,18101.46502361824,18187.439453125,27247,,
2023-06-14,18187.441437720154,18462.160437185063,18152.517525159707,18199.083984375,9755,,
2023-06-15,18199.751078875375,18400.1363211846,18118.117202539546,18153.328125,9818,,
2023-06-16,18273.12715679133,18319.02453799816,18015.63254195073,18125.939453125,23506,,
2023-06-19,18127.229565837257,18287.72784720146,18047.647630440097,18076.369140625,7450,,
2023-06-20,18129.139269620944,18272.79715058476,17945.214242292168,18186.05859375,18548,,
2023-06-21,18225.564081397766,18559.395993550344,18197.032665872437,18322.55859375,40492,,
2023-06-22,18430.672833032044,18444.842560812987,17893.49794965683,18014.921875,18492,,
2023-06-23,18014.919985372457,18091.637414439,17643.491631878,17764.580078125,30239,,
2023-06-26,17764.67653453921,17938.00827075824,17681.611338598363,17737.337890625,10300,,
2023-06-27,17765.58347346998,17867.11237137836,17638.67281701002,17722.26171875,10360,,
2023-06-28,17753.179226451277,17929.709092449317,17662.528754722556,17864.296875,25510,,
2023-06-30,17864.29772079232,18368.649088385744,17864.29772079232,18170.505859375,32352,,
2023-07-03,18225.562295401898,18369.600362173485,18037.533408454907,18145.408203125,16376,,
2023-07-04,18257.003357202742,18397.224565589146,18065.206060657623,18181.23828125,18105,,
2023-07-05,18225.518146254097,18392.505877960615,18150.13511308373,18285.205078125,44656,,
2023-07-06,18411.344782714044,18700.710558656105,18288.633073719346,18621.3671875,46120,,
2023-07-07,18621.51360694645,19074.765923795007,18621.51360694645,18836.927734375,46319,,
2023-07-10,18941.177088748456,18979.345707567096,18292.359025085992,18355.52734375,23190,,
2023-07-11,18359.105203782365,18572.420812480726,18287.53904524371,18415.0703125,17815,,
2023-07-12,18540.308857627424,18654.57614366931,18378.85450518264,18622.41796875,16452,,
2023-07-13,18622.418580630125,18748.423464880085,18172.077385239023,18255.142578125,27463,,
2023-07-14,18446.78781438139,18482.860294715865,18147.604871624084,18304.048828125,87365,,
2023-07-17,18331.935876954885,18483.634338699892,18244.538800459486,18369.4609375,19450,,
2023-07-18,18398.367009947775,19028.837204779888,18398.367009947775,18576.841796875,63808,,
2023-07-19,18607.538975996486,18746.697561643497,18394.9303799517,18497.384765625,23023,,
2023-07-20,18525.179244705178,18538.783971017354,18303.514694502435,18455.939453125,19877,,
2023-07-21,18349.99953020009,18457.490687931484,18185.469893377587,18309.95703125,40717,,
2023-07-24,18310.29201052604,18496.22262539916,18216.358314470348,18422.8671875,20082,,
2023-07-25,18496.2249150554,18593.063788956217,18273.107771311075,18418.51171875,19520,,
2023-07-26,18496.224596221986,18651.16679179243,18398.224414077366,18537.08984375,19083,,
2023-07-27,18593.06439870276,18623.23008718898,18215.39277810411,18289.232421875,16906,,
2023-07-28,18301.577258387617,18433.228939967095,18245.70198934154,18353.724609375,12540,,
2023-07-31,18495.25586973223,18573.695354807278,18314.797012901232,18370.625,20246,,
2023-08-01,18534.960805068953,18593.06413047669,18327.72561111468,18395.3671875,39655,,
2023-08-02,18399.385814658654,18399.4349906487,17536.45499822801,17684.95703125,71009,,
2023-08-03,17684.957063013735,17827.648763929486,17509.533066509946,17663.119140625,31358,,
2023-08-04,17808.667040031323,17808.667040031323,17538.583070810266,17679.580078125,22731,,
2023-08-07,17817.383518232014,17817.383518232014,17562.69729260589,17621.333984375,26010,,
2023-08-08,17691.491350060893,17691.491350060893,17445.52064542925,17582.451171875,28087,,
2023-08-09,17585.936766723476,17807.60129290242,17518.14956553016,17731.486328125,23710,,
2023-08-10,17721.562838266316,17757.344045090827,17581.53231556521,17607.29296875,20259,,
2023-08-11,17642.05616890185,17745.722935839236,17527.835478236844,17579.935546875,15586,,
2023-08-14,17595.620245829417,17595.620245829417,17364.321015095946,17527.4453125,15806,,
2023-08-16,17556.838153375797,17642.0090753336,17421.31290983325,17610.875,10178,,
2023-08-17,17610.87289312805,17735.940658460506,17588.115761143472,17634.501953125,19190,,
2023-08-18,17595.673075242652,17731.198326652608,17547.54301868434,17709.990234375,18326,,
2023-08-21,17740.395689120825,17758.214418372274,17600.512706637168,17685.923828125,12593,,
2023-08-22,17685.922756708154,17850.30671837715,17685.922756708154,17781.501953125,13006,,
2023-08-23,17781.502737352665,17876.404822501725,17759.278974986166,17790.80078125,27636,,
2023-08-24,17886.137822895613,17886.137822895613,17686.74622763266,17783.439453125,34364,,
2023-08-25,17760.15427699947,17920.85764312321,17643.609062240874,17701.517578125,28473,,
2023-08-28,17692.461055653752,18006.218985704756,17692.461055653752,17945.017578125,22053,,
2023-08-29,17982.92713436497,18080.250188710153,17888.123403488145,18039.869140625,26259,,
2023-08-30,18041.081114493816,18152.445812731432,17945.210635141433,18037.642578125,22726,,
2023-08-31,17991.692657929794,18094.583951589575,17920.128358698086,17986.705078125,21914,,
2023-09-01,18011.061617332434,18446.787360844282,17922.115492595563,18386.603515625,24442,,
2023-09-04,18386.603123601588,18583.378948724887,18248.9935777369,18464.07421875,20109,,
2023-09-05,18464.07332279137,18646.323308730767,18398.850834620862,18545.41796875,20402,,
2023-09-06,18554.327553175503,18718.034420003933,18487.55790864403,18665.837890625,14855,,
2023-09-07,18665.83768698842,18781.89869352307,18564.979626374366,18683.123046875,11157,,
2023-09-08,18724.762583265692,18810.94917149028,18602.745615666834,18789.88671875,13230,,
2023-09-11,18840.002065674904,18883.483096367505,18670.534044009873,18829.833984375,29532,,
2023-09-12,18877.76928306228,18881.593661866573,18303.56396100757,18554.666015625,36608,,
2023-09-13,18498.40362913008,18820.63497923769,18498.40362913008,18750.0390625,16344,,
2023-09-14,18786.739464013135,19125.62630928588,18780.541398490466,18873.65234375,21565,,
2023-09-15,18932.725884324773,19070.770453765977,18841.116689124534,19042.9765625,25736,,
2023-09-18,19077.2562993661,19094.687294969583,18920.280878347116,18967.537109375,16545,,
2023-09-20,18967.539138820015,19004.62918443175,18680.218953767562,18704.81640625,14856,,
2023-09-21,18777.05703041445,18777.05703041445,18476.85653121752,18581.296875,9683,,
2023-09-22,18581.296319418027,18662.737428972097,18394.59211710466,18514.865234375,13390,,
2023-09-25,18514.6236809247,18592.04560146135,18400.499450132185,18501.599609375,6836,,
2023-09-26,18564.011152144416,18593.01363680133,18436.717215638644,18538.4453125,15216,,
2023-09-27,18593.06102563258,18728.635428944486,18414.44250582274,18611.025390625,23854,,
2023-09-28,18593.011681429853,19077.255150574543,18244.440966336264,18709.025390625,78557,,
2023-09-29,18883.578764862006,18883.627940848375,18360.64889137352,18418.4609375,33903,,
2023-10-03,18457.487532242227,18457.487532242227,18036.334933200873,18169.73046875,28949,,
2023-10-04,18169.732829131826,18302.547727025703,18012.031096437997,18149.880859375,15586,,
2023-10-05,18149.877732282104,18351.593834586336,18149.877732282104,18332.03125,8247,,
2023-10-06,18370.333907953987,18730.57450962815,18302.546697961538,18693.7265625,18284,,
2023-10-09,18593.062279113194,18689.90114515024,18449.063641869743,18647.921875,20739,,
2023-10-10,18680.071430693686,19147.657512288843,18598.04966855382,19094.4453125,26329,,
2023-10-11,19094.44523080183,19319.353493907594,18993.34507785013,19075.416015625,26535,,
2023-10-12,18981.6293751178,19914.67190571794,18981.6293751178,19809.068359375,81609,,
2023-10-13,19609.870866717953,20270.408410326967,19576.026438738685,19880.486328125,60488,,
2023-10-16,19902.758055000046,20103.747870830677,19852.016004117315,20020.515625,25227,,
2023-10-17,20045.64519595984,20118.951460726697,19634.08001681574,19692.474609375,30590,,
2023-10-18,19807.18177717479,19851.920581733597,19424.23319515814,19485.046875,18121,,
2023-10-19,19367.773372338717,19644.683355576082,19317.27152499352,19592.681640625,12124,,
2023-10-20,19464.613471076613,19590.504005964172,19303.13465036507,19453.669921875,12024,,
2023-10-23,19464.516496907785,19499.42577486921,19096.963807616816,19198.88671875,21454,,
2023-10-25,19198.836352440132,19499.471820896375,18988.162667070726,19073.380859375,22214,,
2023-10-26,18886.53254872366,19189.781933846094,18864.21043434091,19027.23828125,23748,,
2023-10-27,19115.023596894294,19333.686511013093,19086.649052844383,19118.55859375,23336,,
2023-10-30,19118.55907456704,19297.274069911608,18786.740316423082,18862.37109375,17238,,
2023-10-31,18948.070683948463,18988.98509945136,18750.422962718923,18836.076171875,8370,,
2023-11-01,18844.842985941283,18965.891566272352,18689.90080311751,18746.455078125,10874,,
2023-11-02,18883.580691039402,18932.96851746212,18767.42321662439,18839.083984375,12097,,
2023-11-03,18893.26319814,18988.165289037883,18818.020154053193,18902.462890625,6856,,
2023-11-06,18988.165346637743,19051.933363305634,18906.91715764167,18946.62109375,8576,,
2023-11-07,18906.819198053923,19198.25499331626,18894.230146139627,19133.130859375,14641,,
2023-11-08,19130.515999820265,19266.623768460628,18708.395048305232,19025.880859375,31879,,
2023-11-09,19086.94264401235,19086.94264401235,18746.74691278376,18917.474609375,32754,,
2023-11-10,18714.20771930214,19174.0958821462,18704.620293084237,18953.73828125,35887,,
2023-11-13,18936.841538091423,19077.257903370035,18840.002665485485,18860.7265625,7171,,
2023-11-15,18932.000568634827,19159.571930968803,18883.581129840368,19098.951171875,27938,,
2023-11-16,19125.578683095453,20045.644327806524,19048.833885367014,19938.298828125,72642,,
2023-11-17,19929.438882412174,20239.27408166162,19882.37557119992,19999.06640625,32860,,
2023-11-20,20006.91062634354,20240.195843433838,19837.442603129108,19928.6640625,21881,,
2023-11-21,19997.22658828833,20174.05398604159,19929.48855550298,20063.22265625,19085,,
2023-11-22,20060.170858212547,20546.93179076793,19963.38116932672,20163.111328125,59486,,
2023-11-23,20162.820849946835,20578.259596626973,20162.820849946835,20536.91015625,42759,,
2023-11-24,20578.25869778359,20658.634955285517,20335.9686154579,20371.265625,26207,,
2023-11-28,20481.418875526382,20675.62996567273,20336.16058562903,20601.111328125,24561,,
2023-11-29,20626.677228111246,21159.290959353555,20583.099741009602,20979.07421875,55002,,
2023-11-30,20984.9819892811,21110.87251344384,20818.903336251024,20916.759765625,14343,,
2023-12-01,21014.032777507437,21425.936493328,20810.671169983172,21385.458984375,49102,,
2023-12-04,21498.22833899304,21498.22833899304,21021.830292331928,21250.755859375,32269,,
2023-12-05,21250.756000532343,21428.45532154177,20917.195279583557,20968.470703125,115959,,
2023-12-06,21008.321160663545,21110.196787908895,20878.509788762054,20909.982421875,15706,,
2023-12-07,20994.617988771064,21139.925470789327,20834.932204116936,20981.060546875,19313,,
2023-12-08,20981.159816272077,21059.25885578806,20781.573381953454,20942.6171875,14151,,
2023-12-11,20942.614750527144,21265.814457965484,20903.58793192179,21197.78515625,25624,,
2023-12-12,21208.678957698325,21411.072177284597,20940.193215448115,21047.587890625,23219,,
2023-12-13,21096.34773956138,21352.970743967337,20928.0902036537,21255.744140625,19356,,
2023-12-14,21304.54890357515,21540.83571868753,21159.290615596226,21364.443359375,28367,,
2023-12-15,21382.022697588112,21463.27088856095,20978.204605880946,21021.927734375,34392,,
2023-12-18,21064.535486932175,21346.240122632178,21028.559470417917,21275.93359375,9700,,
2023-12-19,21323.918524581546,21430.441278337406,21130.289966467164,21196.671875,12777,,
2023-12-20,21275.498769877886,21379.74618696114,20690.20428798185,20814.69140625,30828,,
2023-12-21,20814.692693852092,21014.035132721365,20656.69969659352,20940.6796875,18909,,
2023-12-22,21009.191194539977,21203.78813195008,20826.988496684804,20950.0703125,20236,,
2023-12-26,20960.19214360546,21302.61399963498,20881.315751466584,21213.42578125,10747,,
2023-12-27,21300.58223116254,21366.190568195034,21092.620749572463,21312.734375,15391,,
2023-12-28,21352.9686304575,21536.96246446144,21168.97479645356,21404.001953125,21913,,
2023-12-29,21498.180346581285,21595.06839429412,21286.975145629625,21501.91015625,25019,,
2024-01-01,21596.03650075754,21920.397540801714,21507.186837112655,21724.298828125,19391,,
2024-01-02,21691.905169543796,21759.208178886798,21402.35697107533,21628.330078125,10969,,
2024-01-03,21561.173582385978,21674.862789702645,21433.346278865884,21584.560546875,6363,,
2024-01-04,21584.5612098357,21837.165022069144,21500.699127318247,21777.900390625,14386,,
2024-01-05,21691.956123108088,22098.48456579546,21691.956123108088,21974.337890625,28782,,
2024-01-08,22079.260780930108,22088.944667237534,21691.90532863309,21756.49609375,10072,,
2024-01-09,21854.401065711558,22210.42762240567,21805.351804705435,22035.294921875,13943,,
2024-01-10,22078.777523144952,22103.278513095633,21817.84595207688,21900.302734375,9397,,
2024-01-11,21900.30245459892,22530.095532378327,21900.30245459892,22351.669921875,35821,,
2024-01-12,22321.40785257039,22546.701961853872,22255.508247516034,22495.330078125,13938,,
2024-01-15,22615.555018649782,22734.859740651707,22375.00690601263,22660.439453125,19671,,
2024-01-16,22660.487424428586,22823.903009788573,22332.88267761588,22368.1796875,22573,,
2024-01-17,22272.93966382338,22448.363651669846,21982.423059512643,22194.984375,27741,,
2024-01-18,21993.07508383261,22305.138332732484,21842.0064513163,22092.72265625,21477,,
2024-01-19,22263.257325261016,22527.33618039059,22051.18018936575,22451.416015625,19057,,
2024-01-23,22294.63006071948,22390.112798307615,21673.505235021094,22054.857421875,56122,,
2024-01-24,22099.791942111096,22170.00012444389,21609.78724886427,21734.662109375,35408,,
2024-01-25,21797.265731591742,22114.509453658928,21674.231205353477,22059.21484375,10866,,
2024-01-29,22080.180626189052,22610.615513875633,22055.1008730415,22513.875,64222,,
2024-01-30,22513.100519502088,23407.940855161312,22466.37576468163,23120.66796875,37640,,
2024-01-31,23115.438614563005,23289.748583168843,22757.13479020656,22823.130859375,31087,,
2024-02-01,22853.972523603174,23096.069690166765,22843.562345440936,22931.15234375,18754,,
2024-02-02,23094.133044444676,23505.406956793056,22955.99202213942,23199.4453125,24154,,
2024-02-05,23415.639585379533,23589.949557479133,23000.200818542155,23399.2734375,14936,,
2024-02-06,23338.167191889912,24166.720168359185,23252.85252744452,24104.59765625,19634,,
2024-02-07,24103.191516381165,24500.230830230754,24006.06138622,24425.810546875,20225,,
2024-02-08,24425.618561283736,24583.757189680415,24122.611255654494,24499.314453125,21046,,
2024-02-09,24499.26691013645,24712.312434474567,23967.62148803815,24652.41796875,23943,,
2024-02-12,24585.501598463918,24848.804974031176,24313.528117779282,24440.09765625,36672,,
2024-02-13,24490.54883326759,26437.01000981436,24324.27725946645,25469.34765625,85754,,
2024-02-14,25807.55759140098,26632.62472340374,24799.173730910163,26533.4140625,152203,,
2024-02-15,26533.46433969199,27502.240835279175,26485.723908565553,27071.404296875,89838,,
2024-02-16,27037.46221695894,27730.633727354976,26921.2063946614,27433.533203125,48546,,
2024-02-19,27502.23764158637,28180.109696132513,27187.511330547088,28077.267578125,54538,,
2024-02-20,27986.432346704274,28276.94894545899,27899.423003654058,28226.98046875,44221,,
2024-02-21,28247.897632210363,28276.90011645495,27042.446653765197,27167.41796875,66555,,
2024-02-22,27356.98143954092,27648.466445321515,27039.34993822519,27544.9453125,45835,,
2024-02-23,27760.414704873,28005.147624527413,27375.173872130006,27584.7421875,42212,,
2024-02-26,27721.397638607712,28247.09875050024,27465.887488921173,28065.4765625,32625,,
2024-02-27,28128.196119814293,28579.76540535932,27945.889999738098,28155.896484375,32611,,
2024-02-28,28350.54040394917,28433.450981425023,27517.679648763133,27631.21875,28212,,
2024-02-29,27701.888613701594,28043.285128307074,27514.65777295161,27888.046875,28396,,
2024-03-01,27888.04592195112,28628.535317847738,27888.04592195112,28228.3203125,47200,,
2024-03-04,28325.131159968074,28774.84866702855,27848.29815892734,28592.8359375,38585,,
2024-03-05,28599.273662332766,29506.4129701762,28560.354078747558,29309.28125,67247,,
2024-03-06,29457.64105475383,29519.530601480386,28826.691928615535,29370.390625,59027,,
2024-03-07,29394.483467953152,29719.103541208726,28726.077869976863,28775.82421875,50513,,
2024-03-11,29086.932250679765,29282.06549783015,28537.870661222692,28707.73828125,46917,,
2024-03-12,28752.803941511505,29067.473593416005,28582.10569054346,28748.51171875,26775,,
2024-03-13,28823.618485862495,29116.244054246883,27424.868268985105,27604.638671875,58216,,
2024-03-14,27731.102178353623,28901.1663605657,27543.968494803226,28678.283203125,54457,,
2024-03-15,28677.306802343945,29032.164850603764,28243.24552591391,28844.640625,53434,,
2024-03-18,28774.89852991188,29223.541557565768,28669.94196337724,29081.423828125,34319,,
2024-03-19,29067.523566673593,29213.78682245846,28658.188773629183,29015.6796875,28685,,
2024-03-20,29000.1707955167,29455.05688486107,28823.66955946459,29136.14453125,44864,,
2024-03-21,29197.01083646478,29457.641926163058,29172.770159993564,29327.1796875,35457,,
2024-03-22,29326.934371783078,29701.49509814391,29164.283327198005,29436.86328125,38966,,
2024-03-26,29501.53548825245,30093.71173790961,29438.23044023708,29926.18359375,39017,,
2024-03-27,29945.352139077313,30384.290525480727,29488.46566874028,29595.76171875,51920,,
2024-03-28,29750.218254031573,29843.66411948705,29000.12133835258,29293.08984375,36810,,
2024-04-01,29311.42463798769,29683.69350924871,29311.42463798769,29537.91796875,17643,,
2024-04-02,29584.39831262543,30237.92881234699,29555.18528591505,30155.896484375,23277,,
2024-04-03,30042.89252119443,30140.434380029474,29840.346470300567,30058.158203125,18469,,
2024-04-04,30058.159188978476,30379.510091404496,29876.340777123743,30034.017578125,25484,,
2024-04-05,30033.138406789472,30220.712163821463,29886.67892437719,30035.91796875,19278,,
2024-04-08,30218.46887955517,30628.291394204443,30047.77062087466,30323.1796875,34117,,
2024-04-09,30372.534583768207,30523.57967682622,29182.62296751627,29328.7890625,153880,,
2024-04-10,29530.7974789819,29599.370167130804,28652.970290863843,29063.328125,86951,,
2024-04-12,29215.103319847098,29482.02699907668,29067.474096690985,29115.66015625,39244,,
2024-04-15,28999.19538295318,29419.600805423845,28774.849101820346,29067.865234375,28572,,
2024-04-16,29067.86365874264,29390.239493069912,28843.176374297174,29249.388671875,25386,,
2024-04-18,29262.558090491835,29701.302140174394,29070.059610209442,29188.5234375,51782,,
2024-04-19,29068.450782784334,29160.383989263224,28697.93839477799,29054.794921875,22176,,
2024-04-22,29248.853475655706,29386.583729136568,28287.140240457404,28425.69921875,32663,,
2024-04-23,28613.906390041007,28840.397840838796,28339.42319810425,28557.72265625,51227,,
2024-04-24,28716.274969760176,28823.620552170323,28092.54428808059,28148.630859375,30991,,
2024-04-25,28238.759574710304,28454.57094421136,27837.37481290382,28190.623046875,36654,,
2024-04-26,28190.622679731845,28472.419591061112,28101.8595865394,28167.357421875,14760,,
2024-04-29,28384.68244225867,28969.933626635135,28295.725024279258,28567.232421875,29397,,
2024-04-30,28583.717683270537,28921.163003554553,28531.970961786654,28634.439453125,23608,,
2024-05-02,28643.217397377168,30140.38591772854,28634.438629770164,29916.52734375,87649,,
2024-05-03,29933.64485288859,30013.579642058106,29197.00951636482,29353.708984375,46475,,
2024-05-06,29506.412943036306,29565.572462736727,28769.63087723201,29296.259765625,36056,,
2024-05-07,29443.98750423752,29443.98750423752,28443.257497716044,28880.048828125,26812,,
2024-05-08,28880.047941115197,29796.990981145584,28880.047941115197,29308.98828125,35553,,
2024-05-09,29165.06647151668,29691.40198146488,29031.725602177128,29147.166015625,25858,,
2024-05-10,29457.64109445524,29832.201828901292,29022.116698803773,29683.888671875,30547,,
2024-05-13,29683.889624103816,30268.214904815773,29242.85562342299,30040.748046875,31139,,
2024-05-14,30237.977640204506,31310.938137114987,29428.72118985271,31098.296875,82044,,
2024-05-15,31115.853241302677,31115.853241302677,29822.05763334362,30174.96484375,101787,,
2024-05-16,30336.54522266483,30508.169373534995,29847.860474890393,30278.5078125,66955,,
2024-05-17,30280.45729803286,30388.19152197932,29791.429651467617,30265.044921875,56789,,
2024-05-21,30055.96405681543,30237.39191754152,29828.300973139467,30123.90234375,52316,,
2024-05-22,30237.977706855567,30574.447603196204,29835.66705260484,30175.013671875,85634,,
2024-05-23,30106.44248067415,30237.92776793328,29894.532784912128,30102.6875,51535,,
2024-05-24,30198.960180066606,30548.501058104655,29984.318552787496,30082.056640625,74133,,
2024-05-27,30141.410402547404,31437.254023135225,30141.410402547404,30790.501953125,121384,,
2024-05-28,30774.456822764776,30790.501696685224,30063.91390580761,30302.3046875,76953,,
2024-05-29,30201.398404190237,30547.233830885372,30064.40162385835,30361.904296875,52833,,
2024-05-30,30374.53513826991,30530.602113932182,29721.541919958756,29857.904296875,68887,,
2024-05-31,30335.421127771297,30385.167476090235,28777.4814055848,29646.62890625,868375,,
2024-06-03,29803.915843625993,29939.84004688748,29131.60856183188,29252.169921875,44990,,
2024-06-04,29555.183028235595,29605.22276352719,26824.010999223727,28821.912109375,72953,,
2024-06-05,29016.75387729508,30378.388773949344,28595.178700596545,30108.296875,49866,,
2024-06-06,30091.615023497034,30402.579242936805,29745.1470902281,29898.23828125,20538,,
2024-06-07,29760.02131823906,30237.97642954477,29760.02131823906,29844.4921875,19067,,
2024-06-10,29847.760016203232,30169.64815840027,29812.50015744505,30008.509765625,12586,,
2024-06-11,30008.850175041964,30822.20258780732,29896.579876008454,30407.69921875,39791,,
2024-06-12,30486.707331457765,30774.45580891033,30394.04256753236,30639.166015625,18859,,
2024-06-13,30775.139142973992,31879.850250572497,30677.696348032663,31635.8984375,56576,,
2024-06-14,31876.678371713977,32118.532640337336,31193.885383335768,31533.13671875,57427,,
2024-06-18,31560.251426269642,33505.62652463553,31560.251426269642,32558.689453125,156530,,
2024-06-19,32578.98126629878,32766.749346950353,31804.8894457368,32084.005859375,42616,,
2024-06-20,32237.58516957861,32482.659096170337,31409.992009169666,31461.833984375,45408,,
2024-06-21,31461.833512504487,31993.730036405508,31276.747833406684,31804.83984375,45227,,
2024-06-24,31798.649083858338,32281.48133221754,31408.481610436764,32203.935546875,27730,,
2024-06-25,32261.973593095845,33086.15286392939,32261.973593095845,32986.66015625,54500,,
2024-06-26,32986.65531175382,33580.635681507614,32627.800347810095,33309.95703125,35727,,
2024-06-27,33456.85767954037,35776.40308950967,33144.723730343496,33895.453125,107957,,
2024-06-28,33929.938438086705,33929.938438086705,33130.87622561822,33246.55859375,58629,,
2024-07-01,33164.279589426515,33632.28616268068,32873.70012288293,33408.03515625,30255,,
2024-07-02,33612.92547165886,34236.21796662085,33456.908026241166,33793.18359375,35059,,
2024-07-03,33920.18662091154,34218.1770454317,33573.61958118313,33697.25390625,23302,,
2024-07-04,33895.798946223564,34462.9553725887,33721.19900345021,34409.2578125,27710,,
2024-07-05,34139.65495274277,34802.93967753892,34085.031504818384,34211.8359375,33743,,
2024-07-08,34307.52225594743,34611.7537948878,33498.31345679558,33566.3984375,28099,,
2024-07-09,33847.02309048133,34874.13880559017,33706.56282174849,34737.04296875,30550,,
2024-07-10,34773.62446764125,34798.05946625692,34010.40892613071,34520.015625,30144,,
2024-07-11,34578.588753554,34898.3317269796,34432.90846414954,34735.875,23755,,
2024-07-12,34773.67454878203,34820.98235286663,34044.20619407872,34275.28515625,21287,,
2024-07-15,34372.82749657631,34495.43685939284,34139.65290518805,34222.7578125,14038,,
2024-07-16,34520.016017621354,34528.84431832873,34139.70181528804,34245.828125,14283,,
2024-07-18,34305.52300692771,34515.23801394788,33929.643910951345,34285.8203125,48057,,
2024-07-19,34501.598334931645,34501.598334931645,33274.43921233692,33397.25390625,24779,,
2024-07-22,33397.25563517287,33962.51261913366,33046.06386591894,33458.3203125,20371,,
2024-07-23,33519.430587085466,33739.47630148388,32443.265686359275,33389.21875,36942,,
2024-07-24,33453.46335996683,33888.94878397128,33164.71080616351,33439.49609375,18849,,
2024-07-25,33413.62365616417,34227.15570763429,33129.42729140291,34061.55859375,20428,,
2024-07-26,34061.555324074674,34305.56514238824,33877.38114996259,34224.26171875,18411,,
2024-07-29,34209.51543942621,34458.621361624435,34129.14238727926,34242.890625,19618,,
2024-07-30,34251.660675887804,34354.577384171345,34119.33919380898,34231.6171875,10838,,
2024-07-31,34211.523006944015,34334.87373245579,33737.51653459066,34284.4453125,32525,,
2024-08-01,34161.4854100496,34484.74264979639,33586.23156074431,33688.75390625,23238,,
2024-08-02,33688.75277896546,33893.90083926821,33139.17835094442,33236.94921875,28189,,
2024-08-05,32835.37883777475,33119.47564886187,31509.859179118062,31713.2421875,35807,,
2024-08-06,31713.243319563087,32560.88568496185,31713.243319563087,32050.615234375,29693,,
2024-08-07,32247.23460584254,32594.846501485637,31169.059588625918,31787.392578125,60281,,
2024-08-08,31786.559122343006,31874.52840021011,30991.650104513214,31204.001953125,44900,,
2024-08-09,31296.5284000223,31855.16928767333,31217.085742864856,31383.41796875,32494,,
2024-08-12,31355.23898938134,31355.23898938134,30460.353755223918,30971.06640625,36237,,
2024-08-13,31155.335993809615,31247.470945782752,30747.197376875258,30966.998046875,16810,,
2024-08-14,31020.95808737753,31021.00594670915,30286.916545887503,30378.21875,26467,,
2024-08-16,30822.03113955691,31412.529096874798,30468.24350278627,31306.8671875,25740,,
2024-08-19,31306.867986668985,31445.903166001066,30899.611898569656,30978.662109375,25158,,
2024-08-20,31120.051320675528,31703.44124929052,31102.603723004722,31418.509765625,29425,,
2024-08-21,31639.386732167168,31639.386732167168,31121.9125273888,31574.548828125,22620,,
2024-08-22,31574.551555428916,31913.736389780846,31465.166178858264,31858.259765625,32048,,
2024-08-23,31855.170667888382,32174.802081073078,31519.661443073914,31953.333984375,39122,,
2024-08-26,32011.996993983445,32251.056272859354,31783.669691767405,32163.33203125,32218,,
2024-08-27,32247.235090225444,32267.868205477775,31604.643153186673,31659.08984375,45779,,
2024-08-28,31874.722807854003,31874.722807854003,31183.56517926999,31306.427734375,26366,,
2024-08-29,31306.427662787417,31561.07183697263,30875.010271312214,31102.259765625,17160,,
2024-08-30,31208.216103019156,31855.170885474847,31208.216103019156,31746.9609375,50047,,
2024-09-02,31746.95931447666,31984.795291818722,31288.979996467566,31686.189453125,26466,,
2024-09-03,31754.605057389665,32134.123788596477,31580.72445976759,31756.41796875,29277,,
2024-09-04,31737.550563343637,31875.11550540925,31330.78455087336,31807.974609375,16544,,
2024-09-05,31850.26922928112,33465.521615598125,31780.335261963137,33051.69921875,92016,,
2024-09-06,33051.69989024224,33256.798181414095,31374.745307291512,31715.302734375,65916,,
2024-09-09,31633.655928648994,32515.848924012884,31516.771951779334,32448.853515625,65068,,
2024-09-10,32448.853329068625,33276.40244788871,32443.267187779566,32868.65625,90744,,
2024-09-11,32868.65544167973,33122.17206280206,32329.46838628096,32550.693359375,51904,,
2024-09-12,32776.519211034545,33599.85282757967,32774.45934549464,33437.046875,38720,,
2024-09-13,33737.026985828685,34349.136353531445,33520.461594982444,33661.75,50320,,
2024-09-16,33668.46558409782,33868.36826975686,33178.38602683293,33361.67578125,28975,,
2024-09-17,33423.42452750479,34104.58531235344,33237.24407656786,34031.41796875,57197,,
2024-09-18,34012.499083681345,34175.59601757359,33375.39570324871,33682.0859375,18444,,
2024-09-19,33824.45619059553,34099.05006227644,33374.417667120324,33753.59375,22135,,
2024-09-20,33815.48763940748,35285.7262324252,33740.06516533494,34978.69140625,73949,,
2024-09-23,34854.55653943386,35851.2290057502,34796.822872196404,35738.4609375,70172,,
2024-09-24,35738.46151503854,36216.878702688206,35648.48597276084,35975.07421875,40922,,
2024-09-25,35989.77735770372,36606.00263028848,35760.22485770174,36227.90625,41395,,
2024-09-26,36231.58014144656,36461.91752365243,36023.346112091,36404.96875,37856,,
2024-09-27,36285.53923140337,37422.37445299702,36167.87036707502,37222.62109375,67836,,
2024-09-30,37222.52321601593,37368.17639460484,36766.798993106975,36931.31640625,32053,,
2024-10-01,36951.996836698425,37324.40750856463,36902.9888833341,37090.39453125,21533,,
2024-10-03,36646.187420403796,37344.06068036227,36310.4331642068,36386.25,49118,,
2024-10-04,36412.91237630838,36412.91237630838,35697.936050997196,36005.65625,35351,,
2024-10-07,36005.65215794017,36388.40426202967,35501.65514667836,36054.46484375,68090,,
2024-10-08,35972.03405810054,37393.019706295265,35845.39826875636,37214.3359375,35793,,
2024-10-09,37214.33637907041,38313.2440588857,37111.66471263511,37840.16796875,42324,,
2024-10-10,37840.16827135366,38265.16679495112,37221.932909807656,37463.88671875,26527,,
2024-10-11,37463.88564789004,37873.05229284294,37248.30042254112,37723.1875,16882,,
2024-10-14,37723.185499360116,38127.20628768121,37556.94899559008,38025.859375,11537,,
2024-10-15,38030.172125450874,38163.52353340808,37454.62348212631,37935.2421875,17392,,
2024-10-16,37736.12441586012,38020.32077412068,37325.24249706061,37502.40625,18602,,
2024-10-17,37502.40580472944,37651.29043506755,35664.312746075164,35761.00390625,53057,,
2024-10-18,35762.96538004321,36194.28515588719,35344.6824859223,36070.58984375,21112,,
2024-10-21,36079.65255308604,36526.11497465438,35785.60485501688,36108.22265625,18769,,
2024-10-22,36020.84857577677,36320.1876471364,35197.51489404473,35349.734375,16532,,
2024-10-23,35349.73281612701,36154.784197056695,35092.490825636334,35536.453125,18922,,
2024-10-24,35873.5785536925,35873.5785536925,35236.72016899693,35333.85546875,10745,,
2024-10-25,35478.279428175214,35849.319424772024,34668.52251147764,35219.02734375,16693,,
2024-10-28,35089.69582803689,35597.8087746739,34922.283887778416,35406.58203125,9154,,
2024-10-29,35625.20921810066,35864.02346460556,34624.221681527044,35694.015625,43179,,
2024-10-30,35815.01443677569,35963.01846468902,35199.86503826774,35455.640625,14672,,
2024-10-31,35455.640158934766,35810.16294412955,34131.44519812339,34424.7578125,36099,,
2024-11-01,34637.84496631926,34844.4135117408,34268.91458561551,34484.10546875,3850,,
2024-11-04,34550.55854442558,34822.456976352885,34065.57505539087,34639.90234375,29676,,
2024-11-05,34452.78676377447,35125.42092921693,34414.315520067925,34905.96484375,32121,,
2024-11-06,34991.67928358654,35658.18746041676,34991.484017519106,35553.015625,16879,,
2024-11-07,35553.01625433877,36043.095804800796,34526.15410375428,34667.8828125,18762,,
2024-11-08,34756.44137421381,34935.465900724266,34306.54835134963,34422.59765625,14426,,
2024-11-11,34403.58439672513,34893.66394653603,34233.82160641993,34296.6015625,32585,,
2024-11-12,34570.21352703322,34645.83127462755,32454.049903419247,32618.2265625,56027,,
2024-11-13,33325.41031385493,33795.88669475642,32179.11421497101,32553.044921875,124257,,
2024-11-14,32835.32896174258,33276.400544810764,32482.081163157192,33190.24609375,25998,,
2024-11-18,33190.24461046162,33738.348774110025,32943.144987580534,33123.7890625,19760,,
2024-11-19,33325.409915967,34138.35235459494,33221.513049758396,33621.41796875,23271,,
2024-11-21,33621.41472317305,33717.37075978719,33146.52767771281,33431.94921875,13115,,
2024-11-22,33529.23318589579,33826.416663403936,33349.91384180357,33636.66015625,11065,,
2024-11-25,33766.48041457574,34501.59972693951,33766.48041457574,34347.32421875,52738,,
2024-11-26,34526.05366872493,34648.62332689367,34178.19674424853,34294.05078125,19667,,
2024-11-27,34306.548403609275,34555.363320789875,34053.66735769255,34197.015625,21638,,
2024-11-28,34442.59254948557,34442.59254948557,33878.21622243333,33987.69921875,22971,,
2024-11-29,34183.04775806367,34354.57559627618,33717.47219720116,34272.4375,34200,,
2024-12-02,34031.22548161458,34442.597514096335,33902.824632035656,34235.14453125,13448,,
2024-12-03,34235.14219220176,34468.274563286235,33938.058269233166,34230.78125,19833,,
2024-12-04,34158.54473661945,34593.68560460967,34069.40003195855,34482.6328125,19108,,
2024-12-05,34540.80543085334,35587.61531167489,34273.07651390019,35451.86328125,35438,,
2024-12-06,35530.71402119464,36263.28715596791,35389.0312718164,35534.33984375,35941,,
2024-12-09,35646.227577911995,35753.260175959535,35040.68457632353,35182.953125,14815,,
2024-12-10,35285.72660278884,35326.40320428927,34756.440703747,35214.71484375,26238,,
2024-12-11,35383.74247292269,35612.06976282625,35149.189641418,35498.9609375,13857,,
2024-12-12,35628.78307697146,35802.86086361365,35234.808894776084,35551.10546875,10448,,
2024-12-13,35334.73543034235,35806.142182074975,35079.45375939726,35746.01171875,9544,,
2024-12-16,35749.93361456941,35952.23692772405,35587.66750467111,35774.828125,11736,,
2024-12-17,35589.57543544781,35850.15225280461,34958.98857328568,35058.76953125,10906,,
2024-12-18,35058.332215714916,35259.46010604545,34914.24882173957,35062.0078125,10725,,
2024-12-19,34942.66925849924,35125.41914305147,34660.38345915989,34829.265625,19139,,
2024-12-20,34829.46624744018,35221.48014422058,33782.116393939425,33890.9140625,19486,,
2024-12-23,34085.02903745276,34262.487589175544,33669.2961313887,33840.0390625,8983,,
2024-12-24,33795.88407655808,34153.64213015274,33612.349294268766,33722.6171875,10858,,
2024-12-26,33884.09918189498,33945.5543900741,33403.87100942703,33511.73828125,15783,,
2024-12-27,33511.73738307323,34040.873947644315,33325.40761663582,33413.27734375,13919,,
2024-12-30,33325.410064472344,33913.505536198325,32873.851523848054,33127.22265625,78500,,
2024-12-31,33055.862296213214,33619.45372157489,32975.09872605983,33423.6171875,9597,,
2025-01-01,33444.01071825423,33605.9322458332,33090.27280869849,33357.31640625,7620,,
2025-01-02,33374.418957958114,33910.91059860915,33231.07068269816,33745.5546875,35540,,
2025-01-03,33914.24016311493,34226.42083815672,33501.83821955502,33573.9296875,18369,,
2025-01-06,33585.005171071265,33719.43245654309,32453.11670690864,32807.00390625,11515,,
2025-01-07,32807.00369117318,33007.73720517241,32220.5239817169,32305.748046875,11801,,
2025-01-08,32394.158091461155,32503.690868802863,31943.43423514672,32359.70703125,16497,,
2025-01-09,32364.85411671757,32565.786736158127,32104.22942404173,32178.279296875,23782,,
2025-01-10,32247.233245579628,32541.231191441653,30997.28539766396,31084.6171875,31884,,
2025-01-13,30875.0117579326,31068.298367378993,30204.337891413063,30365.083984375,19575,,
2025-01-14,30384.932715926996,31100.351240393753,30365.672206346924,30994.296875,12720,,
2025-01-15,30997.531168173497,31136.61612568099,30669.03046684784,30839.67578125,13843,,
2025-01-16,30993.856807101063,31166.46244656045,30678.980687425807,30732.251953125,16830,,
2025-01-17,30762.293660675845,30884.763775694468,30433.990132601877,30776.80078125,14832,,
2025-01-20,30875.011541827582,30923.67682384673,30327.690319430505,30518.96875,11609,,
2025-01-21,30661.33715068215,30924.01979106265,29924.062236975435,30003.650390625,12806,,
2025-01-22,30255.15983071628,30255.15983071628,29604.82424253587,29975.912109375,21434,,
2025-01-23,29955.622912414692,30740.190511309134,29850.10840067015,30375.62109375,17809,,
2025-01-24,30286.915680640883,30496.179644971526,29640.0106855204,29754.19921875,15495,,
2025-01-27,29747.828309401717,29747.87808310539,28713.122985676335,29114.6953125,32267,,
2025-01-28,29062.108898752558,29545.915033275236,28774.970150307854,29205.849609375,29454,,
2025-01-29,28424.663310122727,28625.546149348924,27473.614181808356,27597.064453125,183316,,
2025-01-30,27542.46911022497,28375.554523131796,27424.899798758157,28016.42578125,27625,,
2025-01-31,28015.88803408722,28326.598474097213,27871.11929829244,28159.138671875,26318,,
2025-02-01,28325.61766690975,28542.183053051656,27885.085927714492,28120.029296875,9383,,
2025-02-03,28140.366441264447,28475.090758216444,27696.206983055126,27912.4296875,24413,,
2025-02-04,27934.48383726911,28287.390877637,27793.488337338895,28053.328125,17251,,
2025-02-05,28076.65585837979,28316.647417796114,27735.120204724175,27800.30078125,14484,,
2025-02-06,27850.241351378816,28014.27059791759,27378.882445737985,27597.212890625,14983,,
2025-02-07,27738.5021446653,27836.518053303695,27287.628964928692,27488.708984375,17579,,
2025-02-10,27660.088912489064,27933.55329259482,27042.588699347034,27147.123046875,33234,,
2025-02-11,27258.22361251351,27258.22361251351,26476.251944280844,26683.310546875,41878,,
2025-02-12,26683.852331898834,26880.76668529504,26111.73420967691,26847.048828125,17532,,
2025-02-13,26847.048138113554,27086.892306899812,26638.17661436978,26807.744140625,12420,,
2025-02-14,26808.233576549323,27016.027303156454,26365.299301911644,26468.755859375,15110,,
2025-02-17,26287.86712254401,26597.792664928507,25975.246142628304,26377.306640625,13329,,
2025-02-18,26444.6926084727,26738.690565774228,26104.577399609094,26442.33984375,36286,,
2025-02-19,26377.060458904296,27042.490827492955,26247.532056274016,26753.833984375,15846,,
2025-02-20,26758.344121914888,27002.061071306547,26612.10514616275,26873.953125,17645,,
2025-02-21,26846.558856950873,27047.001401173085,26627.003209489863,26791.767578125,20941,,
2025-02-24,26693.749285569993,26693.749285569993,26263.11678845846,26462.7265625,26865,,
2025-02-25,26514.28419808387,26772.556124674204,26381.71767788902,26625.58203125,25766,,
2025-02-27,26746.58134015139,26798.62740513522,26165.346997777095,26289.974609375,19778,,
2025-02-28,25960.492572032523,26289.580972737043,25788.719698693825,26017.341796875,30508,,
2025-03-03,26017.341611350854,26493.601272742482,25742.89707958555,26161.96484375,17747,,
2025-03-04,25978.479904550393,26119.035104774528,25549.415251170085,25738.68359375,31707,,
2025-03-05,25489.03690488678,26583.434292676106,25489.03690488678,26536.287109375,37194,,
2025-03-06,26757.36172535867,26770.05401922125,26317.270314878948,26532.955078125,31682,,
2025-03-07,26532.956416752055,26848.420237906408,26317.271642624382,26497.033203125,18774,,
2025-03-10,26469.19509109472,26709.334057853404,26082.17967386867,26267.625,17291,,
2025-03-11,26121.238747610758,26493.846594271665,25876.198984499963,26447.19140625,18143,,
2025-03-12,26366.27785972335,26586.81364107791,26013.420609556048,26275.220703125,17579,,
2025-03-13,26219.256996019834,26275.223700041348,25760.98282434568,25854.98046875,8806,,
2025-03-17,25855.66547611302,26228.71362943527,25690.899207529113,25823.123046875,16075,,
2025-03-18,25823.123046875,25823.123046875,25823.123046875,25823.123046875,0,,
2025-03-19,26794.607310066567,27122.81317724776,26768.143016348462,27010.537109375,20377,,
2025-03-20,27013.234576154016,27321.934919023424,26957.365507440678,27075.767578125,17337,,
2025-03-21,27125.90236514504,27287.578838605543,26816.122324147196,26887.96875,76189,,
2025-03-24,26982.162443076148,27794.32189243201,26982.162443076148,27715.763671875,18555,,
2025-03-25,27934.53361945097,27934.53361945097,26823.57308235931,26903.50390625,31106,,
2025-03-26,27080.8139923147,27620.881620884877,26846.850796285904,27515.07421875,35123,,
2025-03-27,27443.475612232414,27895.231340286475,27052.39211749043,27792.90234375,45542,,
2025-03-28,27611.082746089647,27993.344807537105,27558.15415296615,27795.79296875,21915,,
2025-04-01,27542.61961960926,27787.462227525208,27101.98830641181,27330.85546875,46358,,
2025-04-02,27330.853898272457,27646.31772081908,27187.653037051885,27468.076171875,18267,,
2025-04-03,27040.628000733734,27541.34187094649,27040.628000733734,27458.078125,15941,,
2025-04-04,27199.41389644546,27229.3585214573,26586.42203786499,26747.658203125,21549,,
2025-04-07,25885.511406956666,26268.26353041287,25407.291405556334,26060.71484375,40276,,
2025-04-08,26268.263728694008,26552.460092352732,25827.192136234597,25990.193359375,11659,,
2025-04-09,25974.216186111687,26068.75176568882,25559.95155904609,25663.2109375,10681,,
2025-04-11,26154.761711858748,26317.077596656054,25778.185336682094,25836.259765625,21080,,
2025-04-15,26552.509765625,26626.02169742352,26052.628629395072,26552.509765625,18573,,
2025-04-16,26552.508591751917,26939.67141544118,26493.699048913044,26826.953125,13059,,
2025-04-17,26939.672209101187,27032.787321339303,26488.799034053467,26959.275390625,10197,,
2025-04-21,27052.39006294964,27375.842552832735,26969.076542828236,27248.421875,13857,,
2025-04-22,27346.439499130087,27787.511103954763,27106.300514281094,27464.05859375,20011,,
2025-04-23,27640.484559211684,28032.548169980644,27361.1392365388,27851.21875,18101,,
2025-04-24,27851.219489205945,28032.548913999297,27640.48529282448,27865.921875,19139,,
2025-04-25,27792.409994041904,28057.052938792083,27297.429671453607,27439.552734375,29555,,
2025-04-28,27307.23268502781,27831.61780658165,27307.23268502781,27753.205078125,12875,,
2025-04-29,27900.228481136422,28669.65336635308,27831.617344875063,28586.33984375,34323,,
2025-04-30,28615.74457461594,29096.022527743593,28488.323893173907,28870.5859375,30652,,
2025-05-02,29007.809023576796,29345.963918428424,28757.86844912124,28860.78515625,10630,,
2025-05-05,29159.731486317512,29963.461900394163,29007.806834876195,29762.529296875,21026,,
2025-05-06,29870.348071162563,29992.867956606216,29208.740689766837,29321.458984375,15039,,
2025-05-07,28998.006084008408,30237.90730747539,28841.18063281891,29870.34765625,26296,,
2025-05-08,29904.6537625479,30144.792739008873,29189.137628602966,29414.57421875,17004,,
2025-05-09,29272.450012695313,29635.108861002605,28973.501502604166,29404.771484375,19095,,
2025-05-12,30071.280332809223,30468.244757020035,29816.438974056604,30389.83203125,14375,,
2025-05-13,30497.651866207958,30703.48528712725,30389.83436001214,30527.056640625,18815,,
2025-05-14,30429.03800885682,31124.950941254574,30429.03800885682,30796.59765625,19016,,
2025-05-15,30963.224995937402,31188.661581852743,30683.87966121622,31100.447265625,24393,,
2025-05-16,31100.447477565747,31252.372134326626,30845.606117837822,31026.935546875,18391,,
2025-05-19,31007.332242900426,31443.503029942964,30826.002814579373,30933.8203125,19249,,
2025-05-20,31169.058223762495,31365.09003649056,30830.90334680658,30889.712890625,25442,,
2025-05-21,30889.71327625227,31218.066566670943,30629.97112114496,31026.935546875,14371,,
2025-05-22,31026.936476055453,31262.174661310648,30683.880789224953,31110.25,10408,,
2025-05-23,31213.166376706933,31556.222059917716,30982.828989408263,31492.51171875,10400,,
2025-05-26,31492.510333495266,32056.101788265256,31237.668980034054,31840.466796875,22230,,
2025-05-27,31864.970773169345,31962.986678346737,31673.839758073438,31840.466796875,21918,,
2025-05-28,31796.360493894244,31796.360493894244,30580.963237037624,31002.431640625,79649,,
2025-05-29,31012.232327827547,31252.371294967805,30546.656779290315,30634.87109375,17502,,
2025-05-30,30826.002833165883,31379.792709183013,30394.73284122334,30791.697265625,51998,,
2025-06-02,30826.0041457783,30894.615283781623,30463.345273475024,30610.369140625,14075,,
2025-06-03,30737.78946738957,30933.821287972412,30576.063215408725,30732.888671875,10737,,
2025-06-04,30924.018740425552,31208.26487147859,30678.978972276378,30791.697265625,55704,,
2025-06-05,31051.440092989986,31051.440092989986,30629.9716826369,30830.904296875,62802,,
2025-06-06,30997.529771324578,31100.446470960596,30698.58126285805,30968.125,29686,,
2025-06-09,30977.92671528627,31247.470453514517,30977.92671528627,31061.240234375,18145,,
2025-06-10,31061.24221164705,31335.686762586185,30826.004025127793,30919.119140625,21674,,
2025-06-11,30924.01894583301,31311.181782080363,30894.61417345979,31262.173828125,9731,,
2025-06-12,31169.0578154743,31306.280082586454,30816.200557185915,30894.61328125,9072,,
2025-06-13,30482.948993044563,31100.449245958327,30331.024327645144,30958.326171875,12905,,
2025-06-16,31066.142093474096,31732.65026900848,30781.895959790312,31639.53515625,21513,,
2025-06-17,31727.74887353523,31752.252850113495,31365.090020176936,31575.82421875,10902,,
2025-06-18,31468.006233839536,31938.482576846636,31468.006233839536,31747.3515625,15987,,
2025-06-19,31835.567094594593,32144.31720650338,31566.0233461028,31732.650390625,20928,,
2025-06-20,31732.651415577093,31972.790399262543,31512.115614233317,31649.337890625,23579,,
2025-06-23,31610.130826900237,31649.337190716546,30855.408323436262,30948.5234375,13460,,
2025-06-24,31365.089285714286,31365.089285714286,30811.299428013393,30875.009765625,15696,,
2025-06-25,31075.945168575814,31448.40563739962,30845.607773382144,31124.953125,28913,,
2025-06-26,31262.17331854823,31757.15364542915,30899.514465189935,31575.82421875,40409,,
2025-06-27,31845.36822702747,31850.269022384047,31384.693463509375,31619.931640625,83020,,
2025-06-30,32011.996427239523,32242.333817331415,31796.361423749237,32031.599609375,32831,,
2025-07-01,32011.994717526693,32021.796308070945,31482.70882813709,31673.83984375,13798,,
2025-07-02,31757.154559639388,31899.277627884687,31575.825127740212,31801.26171875,18343,,
2025-07-03,31899.275315974242,34183.04583329549,31806.160209044832,33722.37109375,120903,,
2025-07-04,33697.870551245476,35305.331508314775,33648.86259523727,35217.1171875,173114,,
2025-07-07,35050.49058468581,35618.98288164101,34673.12931860348,35329.8359375,90278,,
2025-07-08,35275.92326183432,35614.078125,34678.02625739645,34785.84375,83073,,
2025-07-09,34795.647586417595,35378.842243147694,34565.31020098638,35089.6953125,40693,,
2025-07-10,35016.1845882546,35579.77608267717,34913.26788057743,35476.859375,40853,,
2025-07-11,35481.756908795345,36667.74933585729,35437.64975241701,35800.30859375,81825,,
2025-07-14,36055.15244903141,37231.34336758076,35800.31108334572,37094.12109375,75464,,
2025-07-15,37236.24282155206,38079.17961614366,37133.326119886806,37559.6953125,69592,,
2025-07-16,37804.73620756173,37804.73620756173,37094.120865314326,37711.62109375,42632,,
2025-07-17,37834.13893695821,38084.07949211169,37515.5872490175,37878.24609375,40326,,
2025-07-18,37878.24878574346,38280.11402062908,37393.07002655228,37491.0859375,32786,,
2025-07-21,37731.223148608755,37799.83428305226,37255.846002821636,37559.6953125,24276,,
2025-07-22,37736.12476824262,37750.82715451596,36682.45375198649,37005.90625,26390,,
2025-07-23,37050.012773992894,37304.854131697604,36770.6674395858,37226.44140625,20844,,
2025-07-24,37226.43925580322,37589.0980900488,37074.51460902466,37157.828125,19341,,
2025-07-25,37358.763306341694,37358.763306341694,36863.7829713108,37079.41796875,17581,,
2025-07-28,37383.26769893422,37765.52974409899,37059.815199179415,37476.3828125,37336,,
2025-07-29,37453.53530549292,39857.714494864085,37369.090995122446,39654.0546875,89125,,
2025-07-30,39738.49772216675,40150.78463603423,38869.21808449435,39798.10546875,100405,,
2025-07-31,39241.766213089635,40225.294024506315,39067.910286829116,40120.98046875,46071,,
2025-08-01,40111.047281679406,40463.726459016776,39842.812414408734,40125.94921875,59925,,
2025-08-04,39887.51580456494,41010.12832907698,39773.26762729159,40846.20703125,66056,,
2025-08-05,40876.013738991875,41020.06579858973,39187.127523017,40329.609375,114355,,
2025-08-06,40235.22946346883,40289.869898542674,37900.59269213175,38004.90625,103119,,
2025-08-07,37975.103102415254,38496.670901729,37652.22779807817,38317.84765625,54977,,
2025-08-08,38317.847524257995,38894.05575770548,37970.135659246575,38074.44921875,32516,,
2025-08-11,38288.041078694136,38824.51077725394,38069.47934965125,38456.9296875,31256,,
2025-08-12,38745.03630050505,38754.97092519749,38288.043564652944,38357.5859375,20383,,
2025-08-13,38541.3752414883,38655.62342173759,38258.23844695745,38407.2578125,13806,,
2025-08-14,38625.82143319943,38695.363807178954,38178.76331475962,38332.75,23267,,
2025-08-18,38745.03384390492,39634.18269750223,38615.883731091904,39077.84375,28210,,
2025-08-19,39236.80026087399,39981.89711353017,39107.650139746926,39599.4140625,25516,,
2025-08-20,39659.01993865031,40016.66641104295,39569.60832055215,39673.921875,18625,,
2025-08-21,39813.00714950127,39842.81102260133,39102.681507283094,39216.9296875,21473,,
2025-08-22,39465.29512923156,39519.93556301653,38908.956167057375,39067.91015625,14967,,
2025-08-25,39067.911460498755,39276.53857827891,38695.36303589133,38829.48046875,33832,,
2025-08-26,38943.72587636042,39395.75126599674,38546.34091843837,39251.69921875,32640,,
2025-08-28,39440.45713830465,39698.75736137667,38814.57582855322,38968.5625,33810,,
2025-08-29,39197.05929660129,40086.20815151089,38804.641645551805,39698.7578125,46252,,
2025-09-01,39957.06088712149,40682.288496460096,39748.433766626826,40518.3671875,45616,,
2025-09-02,40632.61541472528,41303.20258844018,40409.08635682031,41044.90234375,38339,,
2025-09-03,41228.68964796229,41561.49955234945,40731.95844738443,40831.3046875,31045,,
2025-09-04,41387.64560896846,41387.64560896846,40274.967666528595,40473.66015625,27591,,
2025-09-05,40806.46817136702,40826.33741941151,40488.560202655215,40642.546875,16404,,
2025-09-08,40831.30769405151,41486.99292709467,40731.96144662072,41084.640625,16171,,
2025-09-09,41179.016847850646,41367.77470553681,40826.337692700174,41223.72265625,25999,,
2025-09-10,41427.38215042373,41670.780438837486,40687.252661165556,40736.92578125,29476,,
2025-09-11,40920.71724053776,40930.65186477678,40135.8819256549,40389.21484375,24790,,
2025-09-12,40513.39889682838,40622.679766829635,39529.8710668171,39624.25,24810,,
2025-09-15,39778.23513753327,39778.23513753327,39003.33445303587,39187.125,21503,,
2025-09-16,39346.07887112115,39788.169644953974,39336.14424699007,39659.01953125,34458,,
2025-09-17,39733.53048790069,39927.255664676304,39465.29562774984,39514.96875,29814,,
2025-09-18,39738.49818227404,39798.10592954745,39519.93644227153,39624.25,19976,,
2025-09-19,39723.596272520575,39867.64832852947,39142.42073620885,39529.87109375,31662,,
2025-09-22,39529.87032967684,39788.17056304492,39142.41997962472,39311.30859375,32201,,
2025-09-23,39311.30760900609,39793.1368784114,39043.07275799695,39132.484375,30113,,
2025-09-24,39261.63694852941,39336.14663403396,38412.226533777575,38506.60546875,22613,,
2025-09-25,38635.75441677482,38745.03528552888,38114.18663408501,38273.140625,34109,,
2025-09-26,38178.76324541285,38466.86736566186,37801.247501638274,37900.59375,28075,,
2025-09-29,37915.49317106615,38347.649322760466,37388.958089691456,38094.31640625,67770,,
2025-09-30,37751.57294534015,38218.500294927246,37657.1940129768,37895.625,16286,,
2025-10-01,37895.624542809725,38213.53252167194,37647.258934323625,38069.48046875,31571,,
2025-10-03,38069.47977608077,38451.96280619014,37761.506427161534,38377.453125,22284,,
2025-10-06,38446.997503221646,38645.68999677835,38134.05682586984,38546.34375,11383,,
2025-10-07,38546.342935904046,38869.21823111459,38437.06206675587,38516.5390625,15407,,
2025-10-08,38496.67013832301,38690.3953170836,38004.90622300766,38099.28515625,14990,,
2025-10-09,38198.62931398674,38302.94286607955,37855.88478568179,38213.53125,17549,,
2025-10-10,38228.43622168285,38635.75583838997,38064.51491252023,38372.48828125,11241,,
2025-10-13,38402.28970872665,38556.27638327981,38119.15292003211,38283.07421875,14360,,
2025-10-14,38283.07559996547,38387.389157458565,37095.88796944883,37761.5078125,32330,,
2025-10-15,37821.11647606989,38342.6842761733,37736.67216557696,38129.08984375,22583,,
2025-10-16,38228.43440827058,38412.22495831034,38019.807297414634,38258.23828125,16716,,
2025-10-17,38238.369173130886,38596.015650198366,38094.3171198676,38501.63671875,19212,,
2025-10-20,38332.747579947885,39256.66763306053,38332.747579947885,38958.62890625,19865,,
2025-10-21,39251.69991031569,39251.69991031569,38764.90332828444,38943.7265625,1943,,
2025-10-23,39231.83219083215,39261.63606436279,38571.17966090298,38665.55859375,11758,,
2025-10-24,38933.79480368019,38933.79480368019,38148.959440196966,38332.75,11903,,
2025-10-27,38521.50753659387,38834.44821677509,38183.73029449349,38750.00390625,9671,,
2025-10-28,38600.98364169126,39112.616805388876,38193.66403564073,38288.04296875,16377,,
2025-10-29,37667.12739098448,37845.95062533441,36559.41680042804,37135.625,49599,,
2025-10-30,37254.84239577735,37324.38476824947,36728.30728991703,36966.73828125,24286,,
2025-10-31,37165.42911170962,37304.513850432944,36768.04414392872,37001.5078125,19072,,
2025-11-03,36956.80123227549,37006.47435221134,36281.24680114788,36782.9453125,36510,,
2025-11-04,36782.94814543428,37677.06437314234,36564.38640088342,37602.5546875,29198,,
2025-11-06,37701.90056156301,37701.90056156301,36604.12453730669,36777.98046875,28881,,
2025-11-07,36743.20748544044,36857.455663372726,36370.6590791395,36569.3515625,13122,,
2025-11-10,36758.11175563304,37249.87568317462,36474.974948866686,37036.28125,17223,,
2025-11-11,37036.28060250818,37120.72491182184,36261.37988174755,36440.203125,36836,,
2025-11-12,36370.658163543485,37100.85302151138,35516.28050660146,37011.44140625,53670,,
2025-11-13,36907.13007389327,37403.861299652264,36703.47027133209,37140.59375,24679,,
2025-11-14,36991.57574668516,37041.24887109322,36415.36750355162,36713.40625,23119,,
2025-11-17,36758.10987566756,37339.285396674735,36673.665569196426,37205.16796875,24671,,
2025-11-18,37205.168697909634,37225.03794688048,36479.941110473745,36802.81640625,17257,,
2025-11-19,36822.68611739727,36941.90161271867,36360.72607302685,36628.9609375,18670,,
2025-11-20,36728.308157262145,36951.83721691548,36564.386846849695,36807.78515625,18123,,
2025-11-21,36897.19486515411,36897.19486515411,36181.90191138699,36261.37890625,12455,,
2025-11-24,36261.37857173688,36445.16912066212,35844.12435255525,35963.33984375,30421,,
2025-11-25,36162.03369618395,36162.03369618395,35446.74072197372,35536.15234375,14140,,
2025-11-26,35690.137604709125,36350.79011708579,35570.92211375394,36246.4765625,14212,,
2025-11-27,36460.070402842786,36460.070402842786,35814.31983712486,36082.5546875,12118,,
2025-11-28,35968.30862187587,36216.67423865446,35834.19118881543,35873.9296875,14473,,
2025-12-01,36042.81659814917,36246.47639425227,35923.60110774735,36097.45703125,16521,,
2025-12-02,36122.293307590015,36658.76301017799,36107.391371407015,36420.33203125,26398,,
2025-12-03,36609.09032322137,36609.09032322137,35923.60125068343,36340.85546875,22910,,
2025-12-04,36340.85744334374,37006.47730356901,36330.92281856426,36604.125,38002,,
2025-12-05,36743.20787026848,36792.88099162886,36355.75752365757,36678.6328125,9244,,
2025-12-08,36758.11009871567,36837.5870935237,36157.06532547992,36355.7578125,17000,,
2025-12-09,36420.33138764274,36643.8604264376,36047.78298965131,36539.546875,15770,,
2025-12-10,36609.08932864011,36708.43556833791,36077.586946256866,36162.03125,8636,,
2025-12-11,36350.79042566262,36728.30615022539,35978.24201326515,36638.89453125,7160,,
2025-12-12,36638.893955127336,36708.43632434802,36047.7838167515,36474.97265625,11065,,
2025-12-15,36628.95857657967,36628.95857657967,36102.423506181316,36162.03125,4956,,
2025-12-16,36162.033147598675,36171.967772089774,35714.97504549924,35993.14453125,11179,,
2025-12-17,36142.16480194579,36142.16480194579,35615.62969075747,35739.8125,9258,,
2025-12-18,35854.05764671403,35854.05764671403,35317.587956239506,35486.4765625,10780,,
2025-12-19,35511.31389229445,36057.718218515234,35382.16377882408,35705.0390625,40192,,
2025-12-22,35565.95508676715,35993.14393278139,35565.95508676715,35923.6015625,16457,,
2025-12-23,35928.56760809031,36261.37751127599,35605.692328880315,36067.65234375,11103,,
2025-12-24,35973.2769374223,36231.577186075425,35774.584438458354,35958.375,16626,,
2025-12-26,35809.355529759625,36102.42696494562,35521.25140703441,35620.59765625,14945,,
2025-12-29,35764.64750561325,35794.45137853459,35307.65478748597,35397.06640625,13152,,
2025-12-30,35397.067464593594,35516.28295984342,34761.25148992787,35292.75390625,88747,,
2025-12-31,35466.60948555425,36072.62158040545,35466.60948555425,35804.38671875,13573,,
2026-01-01,35804.38812603763,36032.88449865108,35521.25131649488,35903.734375,6055,,
2026-01-02,35933.53615907217,39341.11230022831,35913.66691043569,39162.2890625,185984,,
2026-01-05,38754.97178265413,39291.44152791517,38506.606159848096,38913.92578125,47881,,
2026-01-06,38456.93126363578,39117.583789864606,38442.02932695393,38705.296875,31988,,
2026-01-07,38446.995166208966,39008.30142638747,37855.8850338086,38889.0859375,39290,,
2026-01-08,38769.87160198687,38943.727528453186,38153.924891077666,38407.2578125,27794,,
2026-01-09,38248.3040017601,38640.72166619374,37418.76286302062,37746.60546875,33463,,
2026-01-12,37950.26661245353,37955.23392483736,36628.96151835502,37413.796875,30844,,
2026-01-13,37498.24131566581,37766.4761853235,37056.150511970714,37657.1953125,28392,,
2026-01-14,37652.22751677012,38004.90669271876,36688.568923333,37210.13671875,22519,,
2026-01-15,37210.13671875,37210.13671875,37210.13671875,37210.13671875,0,,
2026-01-16,37175.36300393647,37274.709243925616,36489.8739480114,36594.1875,34171,,
2026-01-19,36301.11637222679,36633.926278759245,36087.52195460148,36271.3125,19572,,
2026-01-20,36112.359160883694,36142.16303364371,35193.40641744993,35342.42578125,40077,,
2026-01-21,35277.85166924637,35421.90372478117,34383.73546247865,34900.3359375,34584,,
2026-01-22,35074.19068921083,35774.58169433457,35074.19068921083,35476.54296875,21264,,
2026-01-23,35630.530592035306,35630.530592035306,34910.27031936764,35034.453125,26686,,
2026-01-27,35163.60446701979,35605.69527046163,34701.64441398506,35079.16015625,18829,,
2026-01-28,35267.915745474646,36047.78374153655,34805.955722329694,35948.4375,15229,,
2026-01-29,35724.91034551576,36097.458770976504,35516.28322725774,35779.55078125,16931,,
2026-01-30,35665.30224515809,36509.74533452813,35322.557697119664,36291.18359375,24729,,
2026-02-02,35764.64665004781,36479.93958304876,35436.8040557557,36365.69140625,11666,,
2026-02-03,37746.60636613176,37746.60636613176,36991.5748925626,37493.2734375,28817,,
2026-02-04,37453.53567233043,38367.52115823345,36082.55744347589,36470.0078125,33811,,
2026-02-05,36470.00774250517,36504.778929402135,35834.191753532046,36037.8515625,16466,,
2026-02-06,36037.85072137709,36221.64127639997,35541.119491585545,36102.42578125,18833,,
2026-02-09,36390.52883696148,36440.201958497055,35292.752851025296,35397.06640625,31240,,
2026-02-10,35416.93546315003,35690.13763011683,34969.877371749826,35342.42578125,19847,,
2026-02-11,35347.394047374895,36405.43155891099,35208.30930407438,36330.921875,24918,,
2026-02-12,36330.91983597924,36509.74306732943,36072.619612917864,36256.41015625,9373,,
2026-02-13,36176.93355818392,36181.90087021992,35367.26169631601,35461.640625,13848,,
2026-02-16,35461.642742972384,35570.92361429125,35044.388507027616,35253.015625,9980,,
2026-02-17,35253.01380274597,35421.90241332697,34989.74626272264,35138.765625,12706,,
2026-02-18,35198.37308709203,35541.11761757599,34974.844045472055,35461.640625,10776,,
2026-02-19,35565.953921533626,35724.90790554049,34661.90313749464,34786.0859375,10448,,
2026-02-20,34825.827253123665,35431.83936621468,34502.95194696862,34984.78125,25449,,
2026-02-23,34935.105018879105,35397.06503121463,34910.26845907612,35108.9609375,9208,,
2026-02-24,35089.09271953722,35257.98133115447,34627.13269364297,35099.02734375,11570,,
2026-02-25,35198.374679552915,37210.136145149714,35198.374679552915,36330.921875,62472,,
2026-02-26,36350.78923367753,36584.25289779106,35963.33889748911,36499.80859375,16218,,
2026-02-27,36554.4522139885,36594.19071347375,35724.911037234044,36186.87109375,32321,,
2026-03-02,35620.594896363444,35938.5028692218,34771.184531382525,35138.765625,20579,,
2026-03-04,34671.839224880205,34671.839224880205,33082.29931772237,33171.7109375,50693,,
2026-03-05,33231.31955546569,33494.58710949255,32789.22875719418,33012.7578125,22632,,
2026-03-06,33087.2664394124,33390.27248246963,32704.783401454926,33117.0703125,17779,,
2026-03-09,32635.24215041535,32635.24215041535,31264.263941356807,31393.4140625,23866,,
2026-03-10,31731.19064764846,32059.033256093167,31443.086537197047,31870.275390625,17509,,
2026-03-11,31964.654843737684,32217.98777256917,31413.283175104447,31507.662109375,18909,,
2026-03-12,31413.28246660877,31413.28246660877,30613.545199511358,31100.341796875,27041,,
2026-03-13,30797.335959499753,31120.211255849346,29903.219754223956,29987.6640625,20427,,
2026-03-16,30062.173801422745,30380.08178610402,29620.083010225353,30156.552734375,16874,,
2026-03-17,30394.983128365147,30707.923794664708,30191.32332966226,30444.65625,11579,,
2026-03-18,30578.77368695573,31070.53759127812,30434.721634174428,30802.302734375,14836,,
2026-03-19,30320.473268728223,30399.95026287954,29749.23237326562,29937.990234375,12551,,
2026-03-20,30101.912597174236,30623.480389699533,30082.043347935178,30191.32421875,30424,,
2026-03-23,30022.43405965763,30101.91105253561,28810.409918268404,28944.52734375,25264,,
2026-03-24,29456.160768549493,30052.238220864154,29207.79516341838,29883.349609375,27727,,
2026-03-25,30141.651095652353,30504.26489426518,29982.697101739883,30191.32421875,17887,,
2026-03-27,30196.29134043137,30280.735649164275,29322.044379431874,29421.390625,31803,17982.0,56.54
2026-03-30,29028.97278874587,29277.338401243695,28422.960694251175,28557.078125,39061,18665.0,47.78
2026-04-01,29252.502321308348,30881.780766101885,28929.627019748652,30434.72265625,70699,24474.0,34.62
2026-04-02,29838.644858543546,32113.673882218085,29704.527427016885,31924.916015625,85448,22686.0,26.55
2026-04-06,31944.78539615866,33315.76359073801,31944.78539615866,33241.25390625,65114,15204.0,23.35
2026-04-07,33141.9072544476,33579.030731424726,32342.169984068994,33226.3515625,57128,18818.0,32.94
2026-04-08,34026.08993995235,36062.68802394949,34026.08993995235,35700.07421875,107352,35327.0,32.91
2026-04-09,35943.47045187993,37324.38321937891,35590.79129183522,36529.61328125,262676,70938.0,27.01
2026-04-10,36748.175893215914,37423.730356784086,36609.09115071659,37085.953125,83719,30025.0,35.86
2026-04-13,36425.302030524545,37140.595020078006,36181.90372157927,36375.62890625,57408,16438.0,28.63
2026-04-15,36857.45518557848,36991.57261010821,36176.93343889058,36837.5859375,92805,41283.0,44.48
2026-04-16,37130.65931532118,37319.41718207465,36708.43777126736,37195.234375,31261,10927.0,34.95
2026-04-17,37200.200847699474,37686.99744044544,36956.80255132649,37259.80859375,28289,7252.0,25.64
2026-04-20,37453.5336936028,37945.29759753738,36981.63903831205,37542.9453125,36644,12238.0,33.4
2026-04-21,37542.94462044784,38109.21819635827,37542.94462044784,37850.91796875,24080,10070.0,41.82
2026-04-22,37860.85326584565,38143.99005883348,37518.10872696565,37637.32421875,26733,12607.0,47.16
2026-04-23,37637.323518592835,37657.192766853936,36966.736389780635,37135.625,20767,7180.0,34.57
2026-04-24,37249.87397845547,37443.59915316673,36057.71905715539,36450.13671875,30157,9336.0,30.96
2026-04-27,36559.41907320349,37215.1043065816,36489.87669996642,36981.640625,30944,12861.0,41.56
2026-04-28,36936.934784884106,37319.417837390305,36758.111539556536,37076.01953125,21761,10445.0,48.0
2026-04-29,36922.02978616385,37225.03581562113,35953.4039542922,36107.390625,34734,12185.0,35.08
2026-04-30,36261.37820791082,36261.37820791082,35441.77171417037,35759.6796875,32877,14947.0,45.46
2026-05-04,35913.667641867156,36251.4448755666,35243.080486728555,35615.62890625,21982,6602.0,30.03
2026-05-05,35863.99244450446,36047.782987502615,35575.88835007492,35635.49609375,14802,6170.0,41.68
2026-05-06,35764.64643880475,36509.743239613184,35560.98664658378,36405.4296875,40352,22841.0,56.6
2026-05-07,36638.89347209394,38129.08707860536,36405.42980707382,37647.2578125,54499,17552.0,32.21
2026-05-08,37503.207333857645,38600.9833366103,37403.86108926465,37895.625,30045,11040.0,36.74
2026-05-11,37771.44179828822,37771.44179828822,36976.67184987606,37071.05078125,19312,7094.0,36.73
2026-05-12,37071.04973808546,37379.023084428925,36107.39120275267,36271.3125,17005,4623.0,27.19
2026-05-13,36271.31502671933,36638.89614312268,35998.11284560874,36077.58984375,19079,6940.0,36.38
2026-05-14,36306.083785864124,36936.93241642983,35829.22182890107,36703.46875,20799,7874.0,37.86
2026-05-15,37145.5615746721,37731.70442915342,36539.549470886326,37493.2734375,25058,7400.0,29.53
2026-05-18,37488.30588234676,37493.27319464069,36688.56860302281,36912.09765625,21448,7464.0,34.8
2026-05-19,36961.771404419436,37403.862206058104,36678.63459887557,36887.26171875,20017,8543.0,42.68
2026-05-20,36753.14396328995,37135.62701304982,36132.22992147197,36589.22265625,38556,17239.0,44.71
2026-05-21,36946.8681305027,37354.187730758305,34602.29677293383,34979.8125,115544,34990.0,30.28
2026-05-22,35193.40669895068,36619.02529070775,34597.329238982566,35829.22265625,93254,24158.0,25.91
2026-05-25,36162.03271309557,36519.67919047783,35963.34022566098,36072.62109375,21720,7514.0,34.59
2026-05-26,36191.83671471676,36355.75801743233,35501.380318429954,35600.7265625,21187,7580.0,35.78
2026-05-27,35764.6467843763,35898.76420981771,35615.627422774734,35799.41796875,14903,4851.0,32.55
2026-05-28,35799.41796875,35799.41796875,35799.41796875,35799.41796875,0,0.0,0.0
2026-05-29,36127.26226109215,37701.900255972694,36052.75257679181,36385.5625,168254,74276.0,44.15
2026-06-01,36912.09716298018,37105.82233985492,36276.28119785281,36465.0390625,45064,18209.0,40.41
2026-06-02,36311.052042752555,37254.841357133264,35521.249405981325,36976.671875,53220,20992.0,39.44
2026-06-03,36976.67092326536,38099.283447265625,36494.8416541148,37513.140625,41647,13586.0,32.62
2026-06-04,37508.17349873311,37850.918032094596,36633.92657305743,36758.109375,30639,10850.0,35.41
2026-06-05,37076.01996760875,37230.00665289759,36360.72697787997,36996.54296875,26904,8574.0,31.87
2026-06-08,36653.796953423756,36956.80299952199,36097.45798353848,36370.66015625,32707,17033.0,52.08
2026-06-09,36614.0587321523,37741.63861713379,36504.7778622422,37572.75,46439,18547.0,39.94
2026-06-10,37552.87993682191,37999.93803130789,37254.841207164594,37542.9453125,48524,24537.0,50.57
2026-06-11,37552.88165097165,38099.28601361806,37225.0390333838,37319.41796875,34810,14814.0,42.56
2026-06-12,38069.48229486687,39192.09489907354,38059.54767005088,38804.64453125,78501,30266.0,38.55
2026-06-15,39142.42073521884,39514.96915592207,38705.297254927056,38814.578125,45458,22184.0,48.8
2026-06-16,39043.07511765271,39639.15260036496,38705.2978774491,38789.7421875,22828,8219.0,36.0
2026-06-17,38993.40049866174,39211.96223394086,38615.88477408871,38973.53125,26887,11877.0,44.17
2026-06-18,39172.22474377888,40235.22957451292,38988.43418893234,39773.26953125,53616,19230.0,35.87
2026-06-19,39738.497481029975,40120.980519284894,39579.543491105855,39932.22265625,41782,22468.0,53.77
2026-06-22,40185.55451787376,40523.33173755428,39827.90804997674,40036.53515625,27709,11769.0,42.47
2026-06-23,39962.02509029376,40185.55413057508,39808.03841809996,39927.25390625,35585,20869.0,58.65
2026-06-24,40036.53821960548,40215.361467236464,39872.616909277065,40101.11328125,29152,15289.0,52.45
2026-06-25,40200.45765476246,41114.443100020864,39917.32085922045,40175.62109375,64902,35498.0,54.69
2026-06-25,40200.45765476246,41114.443100020864,39917.32085922045,40175.62109375,64902,0.0,0.0
2026-06-26,40175.62109375,40175.62109375,40175.62109375,40175.62109375,0,,
2026-06-29,40364.37952864485,40761.76451046759,39246.734267268395,39624.25,175135,111842.0,63.86
2026-06-30,39937.191083176695,40453.79156484963,39490.13297403666,39639.15234375,32837,13162.0,40.08
2026-07-01,39688.82601791406,40582.94224860549,39644.12020637949,40518.3671875,44664,0.0,0.0
2026-07-02,40483.59497320245,41402.54774253282,40245.163984403225,41243.59375,43251,18083.0,41.81
2026-07-03,41129.34546186896,42286.72921701575,41119.41083736126,41621.109375,44049,21407.0,48.6
2026-07-06,41621.10910654673,41983.72289873887,41238.62606546736,41849.60546875,44661,24955.0,55.88
2026-07-07,41904.24595542208,42242.02318692619,41387.64548370991,41660.84765625,33064,18492.0,55.93
2026-07-08,41725.4230127974,41780.063447695116,41039.9339204443,41337.97265625,64656,,
2026-07-09,41337.97370115453,42043.33206039076,41337.97370115453,41948.953125,25168,,
2026-07-10,42048.29866768056,42207.25266146269,41447.25387869186,41541.6328125,12016,,
2026-07-13,41427.38528113383,41775.097148001856,41039.93491519517,41422.41796875,18121,8305.0,45.83
2026-07-14,41328.03786782441,41586.33810449831,41129.34537807525,41188.953125,11517,,
2026-07-15,41198.887342223126,41765.16093241042,41094.573786135996,41174.05078125,17566,7533.0,42.88
2026-07-16,41228.69255123449,41278.3656747902,40717.05937861074,40841.2421875,21013,,
2026-07-17,40841.23916136336,41278.362616264836,40493.527322237176,40587.90625,13320,4196.0,31.5
2026-07-20,40533.26866149902,40851.17665100098,40135.88367462158,40692.22265625,26595,14515.0,54.58
2026-07-21,40731.95870672254,41054.83398915387,40453.789232627845,40602.80859375,8634,4080.0,47.26
2026-07-22,40563.07316887482,41362.81046745293,40448.82498336366,41288.30078125,15755,,
2026-07-23,41268.43172755386,42703.98502188018,40856.14479527329,41963.85546875,39162,13641.0,34.83
2026-07-24,41924.11421536343,41924.11421536343,41228.69051984792,41482.0234375,20543,,
2026-07-27,41631.042094223485,41889.34231960227,40861.108730113636,40980.32421875,22295,10649.0,47.76
2026-07-28,41432.35125943703,41432.35125943703,40657.45055251074,41039.93359375,25733,12158.0,47.25
2026-07-29,41084.63926425712,41357.84143564319,39445.42623594074,40796.53515625,46738,17861.0,38.22
2026-07-30,40796.534010698706,41328.03640192539,40637.580024537456,41278.36328125,27710,12405.0,44.77
2026-07-31,41318.10480558598,41442.28761637459,40652.48493975904,40816.40625,19054,10049.0,52.74
2026-08-03,41054.83656174334,41328.0387409201,40836.27481840194,41030.0,14910,6451.0,43.27
2026-08-04,41160.0,41555.0,41000.0,41200.0,14478,4790.0,33.08
2026-08-05,41405.0,43650.0,41310.0,42920.0,116771,,
2026-08-06,42920.0,42920.0,41870.0,42000.0,30753,11119.0,36.16
2026-08-07,42350.0,42950.0,42000.0,42950.0,28216,11667.0,41.35
2026-08-11,44105.0,45750.0,44000.0,45185.0,150492,31847,21.16
2026-08-12,45040.0,46735.0,45040.0,46480.0,96425,28168,29.19
2026-08-13,46500.0,47285.0,46500.0,46750.0,48750,14342,29.42
2026-08-14,46810.0,47315.0,46480.0,47100.0,33570,15150,45.12
2026-08-19,48730.0,49130.0,48315.0,48460.0,52945,22181,41.88
2026-08-26,48670.0,49190.0,48310.0,48895.0,28907,16529,57.17
2026-08-27,48945.0,48945.0,48460.0,48780.0,28780,16716,58.05
2026-09-02,47780.0,48090.0,46410.0,47250.0,50831,20356,40.05
2026-09-03,47230.0,47480.0,46720.0,47000.0,23197,9508,40.99
