date,open,high,low,close,volume,delivery_qty,delivery_pct
2022-01-03,4548.393401051465,4567.551168095774,4502.802765553614,4511.775390625,203444,,
2022-01-04,4512.59964212455,4539.61461129515,4470.791967917989,4483.111328125,259508,,
2022-01-05,4481.365842010046,4491.357266510269,4405.801875508933,4421.7587890625,510511,,
2022-01-06,4399.011347782017,4420.351645389779,4335.960468486353,4354.5361328125,447726,,
2022-01-07,4365.060352195552,4413.366830637438,4336.444956553381,4381.259765625,269479,,
2022-01-10,4384.461153222002,4398.57466062008,4328.394560674179,4331.88623046875,361423,,
2022-01-11,4340.810870373217,4403.716347211433,4301.282816078757,4381.11474609375,476123,,
2022-01-12,4395.179750703716,4401.921534400142,4333.098882876126,4358.173828125,496883,,
2022-01-13,4358.2710160246,4480.638134444163,4332.080649358082,4452.41064453125,646137,,
2022-01-14,4452.362096193076,4496.982718507864,4422.291676807022,4478.16455078125,399974,,
2022-01-17,4476.612151673787,4528.022865441655,4424.231424438601,4491.501953125,315394,,
2022-01-18,4496.0130340999285,4501.202701585626,4376.74967257455,4391.39697265625,340707,,
2022-01-19,4413.561650805743,4413.561650805743,4331.110499087394,4347.11572265625,365211,,
2022-01-20,4361.180762457417,4361.180762457417,4182.698275737629,4199.916015625,805433,,
2022-01-21,4198.508877470706,4198.508877470706,4013.7213217907647,4054.073974609375,1172704,,
2022-01-24,4063.386477440735,4064.3564909230554,3675.332536474464,3934.956787109375,1397434,,
2022-01-25,3880.053948253546,3974.0969452801005,3813.0744696078796,3927.778564453125,561610,,
2022-01-27,3908.1358239996666,3923.3166772908917,3802.4529010648776,3821.707763671875,864770,,
2022-01-28,3822.823277982111,3947.9550219201196,3812.298536574171,3822.5322265625,492149,,
2022-01-31,3899.4542213202067,3985.737110523835,3876.0284903155284,3915.071533203125,454611,,
2022-02-01,3933.4535037214637,4000.3358908073674,3911.6767468301628,3985.1552734375,309874,,
2022-02-02,4015.855710408069,4108.006988786999,4001.305508558765,4093.1171875,346003,,
2022-02-03,4122.557419682094,4145.837743934417,4076.9667846879624,4134.63427734375,504989,,
2022-02-04,4141.957872257594,4243.421384652493,4105.534052789883,4175.42333984375,964227,,
2022-02-07,4175.422859087482,4215.53300962283,4053.0557581657145,4075.511474609375,380821,,
2022-02-08,4075.511429757608,4159.805502171454,4043.258483181518,4149.28076171875,436195,,
2022-02-09,4151.657644534379,4226.785377113776,4150.493438916605,4199.625,280094,,
2022-02-10,4204.523286841676,4231.150345422772,4171.106134130257,4184.3955078125,559595,,
2022-02-11,4184.39610646551,4339.840783616734,4112.905915723957,4162.57080078125,2585446,,
2022-02-14,4112.32435493244,4224.40923720078,4066.3453312807346,4149.62109375,1147299,,
2022-02-15,4151.657557907351,4215.678445482557,4151.657557907351,4196.083984375,371572,,
2022-02-16,4209.859234280414,4363.121390735784,4182.747163350398,4331.25634765625,1373620,,
2022-02-17,4331.740672918537,4384.606408441188,4292.309719040989,4308.994140625,601590,,
2022-02-18,4299.778795840869,4308.993923587087,4195.308158146419,4222.8564453125,580486,,
2022-02-21,4214.708760396459,4214.708760396459,4123.04248240855,4130.6083984375,284980,,
2022-02-22,4025.5564531880786,4117.901937666392,4011.6854481184173,4098.11328125,430407,,
2022-02-23,4105.097081160408,4130.947845887378,4048.0116926645014,4056.20849609375,379328,,
2022-02-24,3977.055314149545,4007.028636301475,3799.1549345810777,3818.603515625,723045,,
2022-02-25,3928.506276478957,4033.2191904253623,3862.4968079277137,4014.255615234375,450834,,
2022-02-28,3996.455469665885,4155.925588339239,3956.3938662589367,4137.107421875,611670,,
2022-03-02,4103.157427375365,4181.583119739967,4011.296952252343,4036.12939453125,576094,,
2022-03-03,4074.056715710932,4100.052888155421,4019.0567605930723,4035.69287109375,421554,,
2022-03-04,3977.0554256523606,4033.1220175631092,3941.1649254696445,3971.914306640625,429937,,
2022-03-07,3928.5545589103585,3972.156617082968,3854.8820831263365,3952.75634765625,540735,,
2022-03-08,3947.858033517747,4049.8065518625804,3944.075075418743,4039.37890625,414138,,
2022-03-09,4054.6564092675935,4151.269848101468,4025.556004416391,4107.08544921875,385251,,
2022-03-10,4139.532310246209,4204.0382033056985,4124.739605446853,4171.9306640625,414284,,
2022-03-11,4169.11790416009,4222.468645139337,4122.557257487292,4209.2763671875,352915,,
2022-03-14,4209.858387540504,4272.424255281601,4195.40528181346,4262.044921875,492612,,
2022-03-15,4234.205989057639,4343.914609741098,4234.205989057639,4254.7216796875,403394,,
2022-03-16,4289.399464806704,4323.544127614151,4238.958765537154,4270.24169921875,227588,,
2022-03-17,4306.811500624245,4384.363793457902,4298.469290044602,4369.2802734375,438327,,
2022-03-21,4389.31098516392,4406.237909800034,4294.734671118952,4322.62255859375,356749,,
2022-03-22,4322.622613639232,4358.998119504359,4277.75948973891,4315.1533203125,292831,,
2022-03-23,4331.1103749114,4436.696441489027,4326.502810682771,4417.0048828125,574783,,
2022-03-24,4407.741354820396,4413.513124615326,4332.807811761444,4359.87109375,467266,,
2022-03-25,4367.000688986164,4384.460931634266,4287.45958358926,4320.58544921875,270912,,
2022-03-28,4300.069703974331,4325.241742926621,4243.323916091972,4284.11279296875,316896,,
2022-03-29,4277.7598139273405,4441.352506641369,4277.7598139273405,4424.81396484375,589480,,
2022-03-30,4440.721855593508,4486.312490633459,4370.832571546539,4402.50341796875,360504,,
2022-03-31,4394.161271637702,4417.0049007132975,4258.989792096858,4270.0478515625,611205,,
2022-04-01,4292.310077922981,4309.915729616404,4205.105952084706,4248.36865234375,348173,,
2022-04-04,4248.368886151127,4369.911404573945,4247.592591063194,4362.7333984375,334083,,
2022-04-05,4365.0606498872985,4381.405471715311,4306.8598412221345,4327.42431640625,336772,,
2022-04-06,4327.230641076599,4391.251538254598,4241.772348752015,4255.3525390625,532706,,
2022-04-07,4255.352508465419,4335.960732242378,4255.352508465419,4315.05712890625,387968,,
2022-04-08,4316.462978675711,4392.318223827143,4279.69956175569,4370.83251953125,241609,,
2022-04-11,4366.031221683253,4384.461480117375,4308.363723600706,4368.7470703125,231619,,
2022-04-12,4347.31018621069,4399.205914355453,4303.077470858476,4339.2587890625,378104,,
2022-04-13,4336.9306131099975,4384.897972956799,4297.305464580827,4364.33349609375,306254,,
2022-04-18,4355.360491723584,4431.2157347323,4316.802456189952,4389.2138671875,439474,,
2022-04-19,4390.28132323624,4441.692041338652,4218.346421657888,4279.11767578125,421066,,
2022-04-20,4342.750410156697,4352.54764116838,4251.859956365069,4322.04052734375,390369,,
2022-04-21,4308.5094401221,4413.561719731585,4300.118443875238,4393.23974609375,377100,,
2022-04-22,4393.190644998609,4393.190644998609,4310.787818030695,4357.78515625,395984,,
2022-04-25,4306.859752975154,4340.761912783719,4253.509012791904,4277.8564453125,271185,,
2022-04-26,4282.706351374136,4392.996593199142,4282.706351374136,4384.07275390625,244626,,
2022-04-27,4336.930265968103,4432.9616004191985,4271.939362854737,4394.7431640625,583807,,
2022-04-28,4432.719107514831,4501.638375926336,4374.760801989581,4427.7236328125,799337,,
2022-04-29,4415.5010596550865,4481.122372371341,4353.42020117136,4370.29833984375,383948,,
2022-05-02,4354.196024024398,4417.6352802219335,4331.158205438104,4374.4208984375,300278,,
2022-05-04,4365.060984156247,4462.06233935972,4200.158680310345,4213.88427734375,389110,,
2022-05-05,4234.9335504838355,4297.159822027527,4205.493545914299,4234.884765625,261002,,
2022-05-06,4146.807788952234,4181.291580057229,3997.9107139571065,4040.930908203125,684913,,
2022-05-09,4006.1561403636324,4126.437825933872,4001.3060723970902,4104.224609375,262555,,
2022-05-10,4083.756818020383,4183.2315125760215,4083.756818020383,4167.517578125,301378,,
2022-05-11,4140.018270803354,4198.994911447105,4112.857888520671,4165.04443359375,366780,,
2022-05-12,4158.545487284274,4166.741818194039,4015.904700202269,4106.45556640625,481414,,
2022-05-13,4185.607970078332,4224.11769288567,4126.48546178683,4152.724609375,436997,,
2022-05-16,4162.3288960949885,4180.516653448002,4083.7577843299705,4091.614990234375,116360,,
2022-05-17,4091.613967753993,4184.250255389183,4076.3362553953098,4174.3076171875,338343,,
2022-05-18,4146.807869997122,4254.431061365448,4145.7407603787115,4235.75830078125,451480,,
2022-05-19,4152.627674285072,4206.900117507764,4064.3564483191903,4073.28076171875,288480,,
2022-05-20,4132.257452448495,4195.308329070363,4093.4569129888855,4175.7138671875,396121,,
2022-05-23,4193.368198507836,4305.695568012804,3758.171753272599,3781.015380859375,2180936,,
2022-05-24,3777.2326242073864,3795.177874219671,3540.549326748064,3551.8984375,4971455,,
2022-05-25,3575.469795268319,3594.19110336169,3392.379745388532,3413.817138671875,1567485,,
2022-05-26,3443.548063394303,3460.8628997930577,3264.6291134925896,3345.28564453125,2436609,,
2022-05-27,3399.897312911015,3432.5381724140775,3348.0986868088107,3409.306396484375,900885,,
2022-05-30,3467.798582307256,3503.591989030314,3424.439022222492,3459.553466796875,838443,,
2022-05-31,3477.4984865701585,3519.1605200983195,3424.1477427036707,3483.609619140625,1013666,,
2022-06-01,3518.4329782301197,3528.181661430855,3429.967792925838,3448.54345703125,502863,,
2022-06-02,3443.547988332845,3445.439467328692,3399.897380030034,3418.667236328125,291231,,
2022-06-03,3453.2481034584052,3459.6017393273046,3367.9840104632553,3373.998046875,592744,,
2022-06-06,3365.946957166335,3419.2977014441876,3365.946957166335,3394.707763671875,552885,,
2022-06-07,3386.365675292582,3410.4220574476685,3346.643669846142,3396.259765625,414997,,
2022-06-08,3377.7810094947076,3414.3990196309474,3366.0439880726635,3390.48828125,342198,,
2022-06-09,3370.7971050206356,3411.537674347504,3348.4867932463985,3402.031494140625,600724,,
2022-06-10,3370.7970815367603,3436.564047498744,3357.895853975857,3422.25634765625,376643,,
2022-06-13,3358.186842442206,3416.387654269627,3352.3667612594636,3369.972412109375,605558,,
2022-06-14,3369.972524176457,3442.578134073519,3352.851879522434,3419.92822265625,384679,,
2022-06-15,3419.297962270181,3482.251750592314,3414.8843529974897,3473.7158203125,410170,,
2022-06-16,3519.209170631352,3519.209170631352,3427.251838433933,3458.001220703125,521488,,
2022-06-17,3457.9528382046888,3458.0982455067697,3352.463866479903,3377.53857421875,740538,,
2022-06-20,3376.6172914475437,3433.7995449542777,3348.535445508585,3427.591552734375,247790,,
2022-06-21,3433.8479153463154,3505.531820885124,3433.8479153463154,3491.563720703125,315204,,
2022-06-22,3467.798460481654,3516.299138250628,3439.183060597959,3491.660888671875,450929,,
2022-06-23,3513.0491090199685,3577.3124999462852,3496.89847983957,3556.3603515625,392345,,
2022-06-24,3555.9723305933435,3589.001337034778,3529.2001005694838,3570.61962890625,345510,,
2022-06-27,3593.51220602908,3603.600251979686,3547.436563507132,3563.296142578125,272457,,
2022-06-28,3571.104680517957,3571.104680517957,3475.509803257223,3505.09521484375,560883,,
2022-06-29,3482.348444227391,3492.048579169529,3438.6978369877725,3475.89794921875,404647,,
2022-06-30,3454.21802402644,3525.999021998346,3444.517889165372,3521.536865234375,576558,,
2022-07-01,3482.6883073612107,3540.1616112448223,3473.667133818067,3528.472900390625,304397,,
2022-07-04,3550.1519843161213,3569.115793844409,3487.343616022425,3530.412353515625,199015,,
2022-07-05,3559.9498747697685,3568.1949902835404,3497.1414948266233,3501.797607421875,342952,,
2022-07-06,3506.550130275693,3550.9282463290306,3492.048476328213,3535.505126953125,228612,,
2022-07-07,3558.979589244939,3598.7501433902216,3492.0486566589752,3546.75732421875,284603,,
2022-07-08,3574.4995862051537,3581.289680398759,3537.008660849766,3561.21044921875,220051,,
2022-07-11,3561.2107873478094,3634.6407655924463,3524.7381832027163,3622.127685546875,391665,,
2022-07-12,3598.8471684931164,3627.8504773138143,3569.649667517336,3576.876220703125,311547,,
2022-07-13,3590.989976395476,3673.3925758426635,3579.3498143974352,3665.487060546875,480781,,
2022-07-14,3670.5310557424345,3713.1631013752913,3603.6486727962683,3621.83642578125,377282,,
2022-07-15,3634.640533048169,3666.6509780950305,3591.4749329092197,3615.9677734375,214591,,
2022-07-18,3652.1008296321006,3676.302619107289,3609.2748283099795,3626.346923828125,194454,,
2022-07-19,3623.00037883834,3652.9737008992433,3618.1503113967897,3640.703125,167954,,
2022-07-20,3676.351175318897,3676.351175318897,3624.7950523770683,3629.450927734375,223231,,
2022-07-21,3629.4507584968,3686.051138469331,3629.4024472796787,3680.716064453125,237218,,
2022-07-22,3690.901292853777,3702.7354099504987,3647.2506862365835,3682.898681640625,214477,,
2022-07-25,3682.898826439324,3703.5116137078658,3649.1908566707675,3661.1220703125,111963,,
2022-07-26,3661.122171272163,3680.0859834461116,3569.892349975685,3576.43994140625,247798,,
2022-07-27,3575.4699022824952,3693.763005917834,3557.0881930950936,3672.90771484375,509519,,
2022-07-28,3680.231245409263,3744.155040790098,3661.8980848555857,3734.21240234375,339914,,
2022-07-29,3749.1024890473936,3767.82379851706,3705.451877920063,3716.75244140625,406169,,
2022-08-01,3720.0016024301876,3741.535853781751,3668.833392644479,3681.39501953125,364990,,
2022-08-02,3681.395235881702,3724.851888612792,3673.441172441834,3710.20458984375,293036,,
2022-08-03,3722.1359466379236,3748.0838091000182,3666.651218942733,3706.2763671875,253640,,
2022-08-04,3724.8520475689165,3786.9329150283984,3697.44916466688,3771.55810546875,470197,,
2022-08-05,3803.3743367663324,3831.262224534283,3783.0526015654527,3794.88671875,374417,,
2022-08-08,3792.7529223277434,3830.5834501975087,3758.802448598467,3819.525390625,257202,,
2022-08-10,3823.793265050047,3854.7366013610026,3793.7713942117307,3830.389404296875,342277,,
2022-08-11,3851.111301298177,3865.8218122441367,3816.9498414154796,3858.979736328125,275719,,
2022-08-12,3860.9346780413944,3868.900713963134,3616.525900220245,3642.134765625,2107936,,
2022-08-16,3704.495442054151,3704.495442054151,3621.4620101494197,3647.803955078125,916641,,
2022-08-17,3667.352617516615,3692.277322139929,3655.6233447527025,3663.833740234375,671368,,
2022-08-18,3670.284558229781,3673.216876119179,3631.1869863711413,3659.141845703125,420941,,
2022-08-19,3659.3374878299414,3672.923799347722,3590.134734093656,3612.811279296875,596806,,
2022-08-22,3570.5859975173084,3590.62350448394,3477.7781776105885,3499.8681640625,1050176,,
2022-08-23,3481.6392785856474,3507.0037842783427,3449.383777127667,3452.609375,987698,,
2022-08-24,3469.9096680011376,3469.9096680011376,3368.2559763188506,3417.76318359375,1864680,,
2022-08-25,3430.8124406798056,3481.63929165284,3423.1883653073155,3456.079345703125,1167223,,
2022-08-26,3474.7971832807057,3520.443557061684,3460.1355917900696,3506.56396484375,580356,,
2022-08-29,3445.473840469165,3532.4659459448408,3432.32732843561,3501.627685546875,423183,,
2022-08-30,3504.120430723059,3549.669204578277,3500.25959261937,3545.0263671875,502761,,
2022-09-01,3496.594171624106,3542.1916262450636,3496.594171624106,3518.0,313035,,
2022-09-02,3525.6240673273523,3537.3533406314637,3491.6580467175313,3516.9736328125,318073,,
2022-09-05,3509.0071102665524,3519.6611032541373,3472.8907756186104,3511.695068359375,278299,,
2022-09-06,3513.7480403480295,3531.097589292182,3495.3232126359644,3504.60888671875,211744,,
2022-09-07,3496.3005597907772,3520.6876238805116,3481.6878892145764,3509.935791015625,236704,,
2022-09-08,3526.601225519743,3528.4582648583896,3484.7667730115472,3487.89453125,326405,,
2022-09-09,3490.436050944417,3538.135140756104,3490.436050944417,3521.714111328125,292875,,
2022-09-12,3528.946736692896,3604.7961214697184,3521.713781359923,3595.021728515625,469042,,
2022-09-13,3596.97708702086,3624.2964712460193,3567.653904246233,3584.85693359375,356054,,
2022-09-14,3523.9625975514086,3605.627713660013,3523.9625975514086,3585.78564453125,292682,,
2022-09-15,3587.3004879998057,3597.319241991142,3509.007495502245,3524.10888671875,388216,,
2022-09-16,3538.232848632054,3538.232848632054,3479.782162426587,3493.0751953125,567321,,
2022-09-19,3493.368456226316,3550.402141332659,3479.7332241642775,3537.890869140625,386152,,
2022-09-20,3555.582354375432,3570.439624230171,3534.2254465664123,3549.6201171875,318797,,
2022-09-21,3551.721560307419,3561.7892340247477,3487.503838364517,3493.0751953125,370336,,
2022-09-22,3489.45857738189,3514.725480741207,3464.0451535690245,3499.330810546875,347349,,
2022-09-23,3499.3309351732037,3616.5258252463627,3490.582661527621,3560.4208984375,761456,,
2022-09-26,3552.7968171939215,3635.879167090677,3509.0074838747446,3587.20263671875,809605,,
2022-09-27,3589.157408081239,3628.254983332669,3551.1351116022884,3597.17236328125,402344,,
2022-09-28,3567.65380559014,3640.9617604995265,3562.522248746483,3619.80029296875,454801,,
2022-09-29,3637.931509966658,3666.3750911978764,3582.2663853541553,3610.31884765625,795614,,
2022-09-30,3655.5252512886364,3655.5252512886364,3575.4730656918964,3621.608154296875,433624,,
2022-10-03,3616.5259193178094,3711.337544770195,3616.5259193178094,3642.770263671875,549563,,
2022-10-04,3683.96917463924,3709.3825995637876,3653.4731124563173,3694.81884765625,287021,,
2022-10-06,3713.2922498660596,3720.720884697641,3629.2813818579284,3648.78125,354601,,
2022-10-07,3638.7136063856556,3665.299910337166,3610.710063030783,3651.46923828125,222557,,
2022-10-10,3599.7139051734716,3655.2325113617694,3567.751684208109,3603.42822265625,290753,,
2022-10-11,3621.461910945042,3621.461910945042,3411.263519421491,3423.188232421875,1492286,,
2022-10-12,3430.811981755682,3460.330601222607,3393.6692879361053,3448.21044921875,445779,,
2022-10-13,3440.5866164508175,3463.9473221719504,3421.5265485471837,3444.349853515625,299017,,
2022-10-14,3465.8536123818153,3506.5149484820026,3461.161855507614,3492.195556640625,320044,,
2022-10-17,3469.909732338701,3521.518578337763,3469.909732338701,3497.815673828125,211512,,
2022-10-18,3507.0526298092063,3516.8270239837025,3482.616644372966,3491.657958984375,300258,,
2022-10-19,3504.1201214082034,3530.510984247261,3481.687935721536,3526.650146484375,230936,,
2022-10-20,3501.187825632821,3573.0785390699316,3484.082636646619,3569.5107421875,329906,,
2022-10-21,3584.270455100723,3586.225333996333,3482.6167525290093,3490.8271484375,397013,,
2022-10-24,3548.0069522900185,3548.0069522900185,3504.120021531981,3530.95068359375,47320,,
2022-10-25,3534.8115570284294,3537.2551553945405,3486.868347991455,3515.995849609375,211326,,
2022-10-27,3552.0149709196194,3552.0149709196194,3516.2895111988314,3539.357177734375,391000,,
2022-10-28,3557.0974548060594,3557.0974548060594,3460.1355130153274,3467.46630859375,375361,,
2022-10-31,3486.9659002702774,3538.3303849383856,3486.9659002702774,3527.480712890625,356104,,
2022-11-01,3544.195149464185,3763.288088416085,3533.4922361078065,3749.897216796875,1860907,,
2022-11-02,3749.897350771054,3815.874510488654,3687.390148661431,3696.13818359375,740136,,
2022-11-03,3699.6081412017274,3709.3825352339645,3650.736171040542,3696.13818359375,432168,,
2022-11-04,3696.1379028197284,3707.6228149351655,3627.081909680821,3661.781005859375,386100,,
2022-11-07,3664.4201722622993,3686.60799807814,3328.1810313558626,3337.515625,2860839,,
2022-11-09,3341.8654623999387,3352.617296294761,3202.0916217672416,3224.328369140625,3218306,,
2022-11-10,3224.3281494939138,3271.3917601107646,3187.5276523502534,3212.598876953125,1188273,,
2022-11-11,3240.211668898316,3249.986063072972,3192.3171374425037,3197.59521484375,900708,,
2022-11-14,3213.6252075299403,3213.6252075299403,3123.0653067447165,3201.798095703125,1081953,,
2022-11-15,3206.001035979367,3254.873002991247,3205.023596639129,3251.5498046875,526764,,
2022-11-16,3251.940527959103,3256.7788047331455,3191.339291790343,3215.579833984375,830117,,
2022-11-17,3224.5725893896038,3233.369544013583,3198.2795649110003,3215.775634765625,276727,,
2022-11-18,3231.854496466828,3240.0162110110705,3186.745763050709,3213.185546875,371863,,
2022-11-21,3201.6518246803985,3228.4335700444535,3182.49391608807,3192.268310546875,465773,,
2022-11-22,3208.249296559855,3259.6624643172954,3172.279479964827,3231.023681640625,551017,,
2022-11-23,3247.200082683517,3247.591201608112,3220.6626994446456,3225.5009765625,321234,,
2022-11-24,3241.1893231054355,3241.1893231054355,3218.806054415231,3230.828369140625,310442,,
2022-11-25,3219.685219889079,3271.489505454993,3202.091311583674,3267.237548828125,385136,,
2022-11-28,3276.376762959567,3308.632262117582,3262.203892117409,3299.3955078125,498592,,
2022-11-29,3301.4483851520886,3317.3806965038875,3287.1289921321522,3296.610107421875,233990,,
2022-11-30,3301.4970751614546,3342.8428102782727,3270.8544925801725,3327.887939453125,1028382,,
2022-12-01,3332.9705729030543,3347.7300035542744,3312.542184538813,3332.139892578125,266446,,
2022-12-02,3318.40683304933,3318.40683304933,3256.8281495494452,3304.967041015625,475542,,
2022-12-05,3318.357703775229,3318.4066234697048,3271.4895342424456,3292.8466796875,379966,,
2022-12-06,3284.1963176151844,3292.846751583396,3273.053604133483,3280.188720703125,254786,,
2022-12-07,3280.2865607213735,3283.0723584086622,3252.9182580693478,3262.93701171875,211120,,
2022-12-08,3265.624884156759,3275.252757253923,3210.3995606144495,3213.282958984375,347880,,
2022-12-09,3225.550051828756,3233.0762875564897,3189.433713368904,3200.185546875,384319,,
2022-12-12,3201.114169449883,3273.8844881097734,3181.223181371376,3263.474853515625,396759,,
2022-12-13,3272.2717682530965,3289.08367870598,3256.6816570865076,3279.846923828125,217843,,
2022-12-14,3293.9706903212023,3323.293871540679,3274.9595422237735,3317.28271484375,334854,,
2022-12-15,3317.282613915496,3336.3426811282534,3275.39924256158,3289.523193359375,234168,,
2022-12-16,3265.5271690652257,3303.745144742981,3237.670146395056,3251.843017578125,367711,,
2022-12-19,3254.482089399327,3274.4217562830354,3228.6286282085252,3270.365478515625,163186,,
2022-12-20,3271.4893709905245,3279.3088854715297,3233.711437107226,3275.936767578125,143983,,
2022-12-21,3279.30905098246,3449.8722192079263,3275.9369329188603,3439.36474609375,1455203,,
2022-12-22,3454.2708097083037,3454.2708097083037,3388.29365077924,3417.0302734375,594661,,
2022-12-23,3411.2636337060826,3557.8795491948827,3395.7224421173396,3419.52294921875,1625800,,
2022-12-26,3450.3119866196284,3468.93225396805,3342.842577788316,3351.444091796875,654257,,
2022-12-27,3356.526808565136,3420.7445276769063,3351.4441715495195,3398.654541015625,362159,,
2022-12-28,3391.7144893296736,3420.744389825936,3360.9251503054993,3368.59814453125,195450,,
2022-12-29,3373.1434473226277,3413.218463648396,3310.4894848821987,3335.21875,535637,,
2022-12-30,3370.7977888348446,3370.7977888348446,3308.6325442490584,3336.1962890625,243318,,
2023-01-02,3342.8426405713353,3342.8426405713353,3289.0834752989895,3296.560791015625,283161,,
2023-01-03,3296.5609169332743,3325.2488589501827,3281.752805386607,3316.451904296875,244677,,
2023-01-04,3313.7150197623896,3371.1885044449577,3313.5195796081202,3358.0419921875,365514,,
2023-01-05,3358.042074613773,3392.594415214194,3328.1812523616445,3383.748779296875,270647,,
2023-01-06,3383.748676833869,3406.5717436071104,3337.95554556536,3357.406494140625,353616,,
2023-01-09,3396.601971106509,3415.1733200132785,3368.256228038282,3381.45166015625,164412,,
2023-01-10,3387.8048941484476,3440.586620716254,3374.8049026561407,3422.84619140625,244607,,
2023-01-11,3421.03790235935,3421.03790235935,3329.1585986959844,3334.485595703125,239027,,
2023-01-12,3347.7299161968276,3349.1471555881008,3207.2719233518324,3230.73046875,929239,,
2023-01-13,3246.907315979356,3283.5612951685835,3232.8809644898743,3276.083740234375,273260,,
2023-01-16,3286.3467193035244,3291.72263603027,3241.677786227823,3258.0009765625,123326,,
2023-01-17,3264.6476589878894,3276.5234524739535,3245.147790308193,3271.880615234375,136458,,
2023-01-18,3275.9860477376797,3317.429383594096,3271.8806112773023,3312.053466796875,142704,,
2023-01-19,3298.857631942776,3312.2974222951357,3276.4254477720933,3305.69970703125,104419,,
2023-01-20,3305.700180128706,3323.2940900170315,3260.982325829212,3267.7265625,168535,,
2023-01-23,3267.6776325322317,3337.955427335515,3258.245199492085,3309.31640625,220594,,
2023-01-24,3313.5194681421967,3322.3164224823972,3269.5346964411942,3280.33544921875,127508,,
2023-01-25,3274.4706858215877,3300.6171879839562,3228.726477302577,3260.4443359375,239083,,
2023-01-27,3283.8055550730533,3328.1812090743097,3240.2605813951945,3311.027099609375,326612,,
2023-01-30,3323.245043929186,3328.230080327691,3276.8166723785316,3290.451904296875,292148,,
2023-01-31,3298.857967126697,3304.869123969284,3235.080046428914,3240.5048828125,512249,,
2023-02-01,3256.9744883911317,3341.8651927924316,3225.8431877595417,3281.117431640625,501235,,
2023-02-02,3252.967155079357,3293.481969389085,3181.4186406574154,3193.29443359375,334618,,
2023-02-03,3196.226741529628,3196.226741529628,2731.9430405429084,2819.27734375,4486682,,
2023-02-06,2746.6047210363795,2813.168439799972,2683.0711598736166,2715.32666015625,2195618,,
2023-02-07,2727.2024846930553,2756.3302269479677,2678.2818329433076,2688.789306640625,1469217,,
2023-02-08,2695.728999865558,2758.3340424245844,2694.8004801433663,2735.90185546875,913575,,
2023-02-09,2708.533557123503,2791.566988267171,2708.533557123503,2759.4580078125,742365,,
2023-02-10,2759.4578490109698,2773.8750796508025,2732.7250255465347,2747.826416015625,380182,,
2023-02-13,2761.6086197879454,2761.6086197879454,2693.823099108753,2710.635009765625,473865,,
2023-02-14,2735.2661726221263,2735.2661726221263,2692.845400424221,2728.66845703125,213194,,
2023-02-15,2727.1050433692767,2763.0748636230633,2709.4622131939127,2758.871826171875,214098,,
2023-02-16,2771.040575752931,2820.889982935788,2762.83018061117,2811.7021484375,498759,,
2023-02-17,2811.1156594837953,2811.1156594837953,2762.2436904385277,2765.9580078125,282100,,
2023-02-20,2770.5518087161718,2853.145432930854,2736.830151492426,2835.16064453125,740945,,
2023-02-21,2845.0816441698607,2862.2357528274865,2818.1531418193044,2852.754638671875,419138,,
2023-02-22,2849.822367300434,2870.3485943922146,2838.826174215552,2854.66064453125,461368,,
2023-02-23,2854.6607584449553,2868.784710399947,2801.3413901213794,2808.37890625,432267,,
2023-02-24,2814.976415172209,2904.949755285701,2814.976415172209,2849.43115234375,890366,,
2023-02-27,2851.1907023973185,2851.1907023973185,2780.8150662736957,2794.010498046875,216200,,
2023-02-28,2802.4165171150826,2817.4689879811554,2752.957989470572,2761.852783203125,340040,,
2023-03-01,2772.5066405253524,2792.5441466528932,2759.3112096608743,2781.108154296875,154311,,
2023-03-02,2794.498942766913,2806.5214938148933,2763.563084551353,2796.600341796875,236175,,
2023-03-03,2797.4314094496403,2823.8222718029388,2776.9051831748525,2786.093017578125,226069,,
2023-03-06,2795.476614925287,2816.0028418180946,2777.8827061600227,2782.574462890625,196556,,
2023-03-08,2783.698514264083,2795.183427307988,2757.698769191098,2770.552001953125,225841,,
2023-03-09,2774.4127108193247,2802.3186523458116,2740.00689298514,2746.800048828125,291637,,
2023-03-10,2736.830051849776,2768.890108755116,2716.3038264609027,2724.612060546875,329958,,
2023-03-13,2725.1011795689146,2743.819049535049,2695.875835542391,2704.574951171875,561906,,
2023-03-14,2717.330225421726,2725.002980893208,2668.409339798884,2694.84912109375,379187,,
2023-03-15,2695.7775583246557,2741.521764763872,2694.8490387268876,2713.176025390625,262757,,
2023-03-16,2711.4168645254867,2784.43153914216,2705.356788041472,2738.394287109375,477596,,
2023-03-17,2752.127037740407,2770.50294542966,2722.168616818075,2728.52197265625,378313,,
2023-03-20,2761.8529839230364,2766.1047023179085,2724.2702464562817,2737.02587890625,621061,,
2023-03-21,2750.7585078763777,2759.31110162033,2699.687305233919,2705.4541015625,403214,,
2023-03-22,2708.3867339880203,2731.8452795532107,2707.018414283117,2727.691162109375,209784,,
2023-03-23,2727.691283742397,2753.8867085181637,2722.9019259290035,2739.860595703125,193035,,
2023-03-24,2753.642442344324,2764.3453568733157,2731.943333717186,2743.672607421875,291918,,
2023-03-27,2746.555630562359,2795.3786779551474,2744.6496715725193,2765.371337890625,435250,,
2023-03-28,2774.1197938809164,2779.398110308033,2712.394585522903,2743.135009765625,353223,,
2023-03-29,2746.60478106163,2775.9279637775903,2729.6950313022253,2756.62353515625,370527,,
2023-03-31,2770.4540786782945,2776.1721944949873,2747.3866525276976,2759.653564453125,362732,,
2023-04-03,2785.702265462318,2817.957765378197,2761.021920829713,2809.844970703125,226841,,
2023-04-05,2821.8673701726193,2829.6868848804065,2802.5140235443164,2824.604248046875,227189,,
2023-04-06,2824.604180196,2868.784389507197,2812.7281493392366,2855.5400390625,308340,,
2023-04-10,2880.2694434837067,2880.2694434837067,2837.2131918086025,2844.00634765625,156913,,
2023-04-11,2844.055424155783,2875.6267650540526,2835.7471891105893,2861.307373046875,137343,,
2023-04-12,2874.649151288136,3154.685527297674,2874.649151288136,3139.633056640625,4323187,,
2023-04-13,3137.5315887414413,3158.253256522352,3072.776227780678,3112.1181640625,1162380,,
2023-04-17,3112.1180906684326,3121.3061640921965,3061.3401622051324,3091.298583984375,323709,,
2023-04-18,3102.3924957925196,3208.5911856790476,3081.91518914386,3196.813232421875,823827,,
2023-04-19,3187.4300542169512,3288.5950375384646,3174.772261035143,3267.189208984375,1736594,,
2023-04-20,3259.467061202211,3261.7152195085664,3121.794867352206,3130.836181640625,1041887,,
2023-04-21,3134.79467804571,3190.117843570345,3134.79467804571,3158.741943359375,676213,,
2023-04-24,3166.9035535789576,3168.6629921685885,3112.9978678653915,3120.8173828125,296889,,
2023-04-25,3125.8513195716046,3172.719492849903,3100.4868139076193,3153.659423828125,389268,,
2023-04-26,3130.1517081547595,3170.5689211069425,3123.4563917244627,3147.354736328125,279817,,
2023-04-27,3147.354719382457,3174.5765008401154,3129.7608110132383,3165.388427734375,200579,,
2023-04-28,3174.7231239481944,3204.5350252044814,3143.4450636137294,3194.174072265625,278679,,
2023-05-02,3194.3207840202117,3210.2530934935303,3171.7907587928557,3180.29443359375,320408,,
2023-05-03,3179.610455978131,3207.907279662776,3163.384866037132,3195.005126953125,205036,,
2023-05-04,3195.0049413085962,3223.0574035065174,3181.3207901259357,3208.49365234375,180313,,
2023-05-05,3217.7304967380283,3242.948480921378,3190.5087140631654,3216.5576171875,222487,,
2023-05-08,3224.5723673795205,3236.301639403938,3201.113823330685,3212.158935546875,239343,,
2023-05-09,3229.361813579152,3318.0644357059336,3199.2079524324517,3306.872802734375,566809,,
2023-05-10,3323.294019939238,3358.481838973889,3273.4446096401493,3347.974365234375,494159,,
2023-05-11,3333.0684624090386,3354.5721299084516,3149.3587689303595,3254.09130859375,818423,,
2023-05-12,3236.302064632585,3278.331961575865,3118.0318895131218,3240.2607421875,957967,,
2023-05-15,3231.7569849763267,3261.0801681498256,3191.339768715784,3202.580322265625,341458,,
2023-05-16,3203.9974639329503,3257.4146708298717,3198.230666871247,3205.463623046875,301995,,
2023-05-17,3210.057768926809,3221.8359623731753,3181.7609437413907,3194.272216796875,173719,,
2023-05-18,3209.9110694838078,3210.839589210382,3073.0695500782863,3082.355224609375,766236,,
2023-05-19,3073.069321264173,3087.095671411936,3015.889119198666,3028.400390625,479974,,
2023-05-22,3030.0131810051926,3197.350756388346,2982.1675707222676,3191.339599609375,1538574,,
2023-05-23,3167.929956124406,3337.9554888627877,3148.3811684883135,3309.414306640625,1376245,,
2023-05-24,3284.1963481991042,3330.135999498318,3260.639963462825,3306.823974609375,552635,,
2023-05-25,3294.996965524334,3374.9026323136045,3289.083409735723,3358.139404296875,641670,,
2023-05-26,3358.1394542339312,3440.58656000996,3347.9252606104333,3434.721923828125,829186,,
2023-05-29,3445.473867333124,3455.1504218904406,3387.8538627251073,3399.3876953125,360805,,
2023-05-30,3398.5566996480084,3398.5566996480084,3354.5719278665415,3379.9853515625,327381,,
2023-05-31,3350.662250356009,3424.7032846221896,3342.8916548823286,3365.910400390625,1861153,,
2023-06-01,3373.6809899858263,3481.6391233873487,3365.910394525686,3445.86474609375,791714,,
2023-06-02,3445.474058008356,3474.2596020572378,3416.1508745359447,3432.37646484375,477154,,
2023-06-05,3438.5831316911886,3445.2297678058603,3377.0533648540318,3384.188720703125,633073,,
2023-06-06,3384.82372824416,3464.0452394750537,3363.5155015614882,3458.082763671875,503263,,
2023-06-07,3474.797105368033,3489.4586965299236,3446.451362455045,3462.188232421875,392590,,
2023-06-08,3468.932439171857,3474.406195278449,3410.334994723594,3420.74462890625,434625,,
2023-06-09,3402.5153908121993,3420.0114602063027,3342.8426691236787,3351.395263671875,325701,,
2023-06-12,3234.346747003367,3389.221961308473,3234.2978273102763,3360.876220703125,799646,,
2023-06-13,3360.8762492473707,3415.1241325907527,3357.5041312525555,3409.01513671875,367056,,
2023-06-14,3416.150561429948,3428.2707140346056,3383.9439822611666,3407.3046875,208081,,
2023-06-15,3420.988849579785,3509.9847512755846,3408.6732567899912,3500.25927734375,955066,,
2023-06-16,3521.762946363024,3551.135046962546,3489.4585276730213,3498.842041015625,633543,,
2023-06-19,3501.0414976848538,3542.2404739695935,3491.853423916036,3503.8759765625,299174,,
2023-06-20,3504.119802589895,3505.5859615031127,3453.3418799553215,3485.743896484375,267277,,
2023-06-21,3474.846052131229,3484.571526617836,3422.3086833918996,3430.37255859375,621642,,
2023-06-22,3430.372462798996,3479.684232353997,3422.1131476706437,3463.898681640625,496166,,
2023-06-23,3447.4290205688103,3458.0343343017735,3372.2640205634934,3384.823974609375,455679,,
2023-06-26,3390.688357201856,3460.0865545670285,3388.7823980993458,3454.613037109375,366126,,
2023-06-27,3455.2483682681373,3512.917294358044,3455.19944857034,3502.458740234375,361257,,
2023-06-28,3504.1691251006478,3549.7665770902963,3504.1691251006478,3520.296875,454010,,
2023-06-30,3533.4432087609393,3569.5106248993807,3490.435877865924,3502.751708984375,432628,,
2023-07-03,3505.879469323776,3569.6084665086264,3495.5674365694076,3506.612548828125,574958,,
2023-07-04,3518.781944556196,3518.781944556196,3460.1844985115795,3470.0078125,248033,,
2023-07-05,3495.714261985695,3689.8338271254147,3482.7631896123407,3663.39404296875,1611582,,
2023-07-06,3662.172068283398,3663.6382273497807,3616.5256970765586,3652.54443359375,594282,,
2023-07-07,3633.1421010076006,3655.6232062869053,3578.552017300227,3585.8828125,489065,,
2023-07-10,3601.864012808169,3601.864012808169,3509.740353864568,3557.830322265625,289377,,
2023-07-11,3578.405618724137,3613.59343688149,3550.499676320037,3559.296630859375,257208,,
2023-07-12,3567.6536281843437,3587.2024151880933,3515.6049827868596,3551.52587890625,320760,,
2023-07-13,3563.7440293122486,3591.747572487761,3528.6051308364295,3539.210205078125,227125,,
2023-07-14,3576.4506414932443,3606.751261850252,3545.1725817698816,3594.239990234375,295738,,
2023-07-17,3600.8870077245992,3620.484716825967,3567.849505909818,3580.262939453125,232501,,
2023-07-18,3587.2024135297256,3599.9091250762885,3486.526160506957,3544.830322265625,385790,,
2023-07-19,3544.8306799216525,3592.0899727026617,3543.2180002849386,3555.9736328125,328518,,
2023-07-20,3567.6536531801535,3596.145914984681,3538.379392163467,3583.830322265625,336955,,
2023-07-21,3578.405699981539,3662.465489710687,3556.3643934364895,3605.08984375,629513,,
2023-07-24,3605.0407913381873,3626.3000978417067,3574.4468910341766,3602.841552734375,304318,,
2023-07-25,3611.6386110174285,3658.55570258139,3598.0522987050986,3635.488037109375,323039,,
2023-07-26,3658.5558777862043,3658.5558777862043,3590.6727554052727,3597.4169921875,293630,,
2023-07-27,3610.660974988814,3710.261949744566,3602.157300332453,3657.480224609375,875566,,
2023-07-28,3683.969086425473,3689.8337228060923,3626.3001620160535,3654.69482421875,355259,,
2023-07-31,3557.8793196665038,3664.371291686583,3557.8793196665038,3601.179931640625,389638,,
2023-08-01,3621.413152951234,3636.6613037851525,3543.2179971520172,3557.390869140625,369042,,
2023-08-02,3548.104968426306,3611.6385284669973,3496.349600704306,3607.337890625,681092,,
2023-08-03,3616.525718366565,3679.863838133679,3606.9467646832777,3642.232421875,619764,,
2023-08-04,3642.232418164279,3675.123157927174,3639.006820476003,3660.9013671875,280240,,
2023-08-07,3678.0063784516346,3831.5621934429305,3675.1718998330152,3822.325439453125,1124433,,
2023-08-08,3836.498305387312,3845.9304995067228,3747.5513259992454,3759.62255859375,532706,,
2023-08-09,3772.916132008249,3772.916132008249,3631.18741720483,3653.375244140625,749561,,
2023-08-10,3659.337668326983,3690.3713692335655,3641.108280362887,3660.999267578125,600325,,
2023-08-11,3678.1932570438917,3687.8988687596525,3617.2013320541173,3625.182373046875,339619,,
2023-08-14,3591.631843012279,3692.4803747853093,3548.917627498694,3675.828369140625,1295993,,
2023-08-16,3676.271839111984,3685.1398226424067,3599.4159818483186,3657.649169921875,632601,,
2023-08-17,3645.7263850767836,3659.6196548220673,3582.7638012988273,3601.14013671875,453444,,
2023-08-18,3608.037458493287,3628.1381239690445,3567.8852016670153,3601.287841796875,436067,,
2023-08-21,3596.5093372388683,3629.4686282377565,3592.7650293774723,3611.486328125,242728,,
2023-08-22,3611.486331683609,3627.448654098497,3585.4243612502346,3599.662353515625,244583,,
2023-08-23,3617.1520299827357,3674.104240266515,3606.362697890783,3649.815673828125,472425,,
2023-08-24,3655.5801402220354,3684.8937545540048,3590.5482563259025,3610.501220703125,414907,,
2023-08-25,3588.2818791039226,3600.3521906640167,3563.008220918205,3583.158203125,217537,,
2023-08-28,3576.7532391260406,3603.3078741531185,3567.983885259398,3579.95556640625,196064,,
2023-08-29,3571.8758888619222,3619.910797962918,3571.8758888619222,3603.455810546875,239552,,
2023-08-30,3603.4560152587687,3624.246366094581,3569.8561140422075,3577.541748046875,309108,,
2023-08-31,3591.5336123744855,3602.815610863878,3523.05306750205,3539.40966796875,600001,,
2023-09-01,3533.398992488865,3547.1936344004225,3477.974091951359,3536.650634765625,586290,,
2023-09-04,3537.3894603830486,3584.636058506838,3534.3841511445926,3576.113037109375,336522,,
2023-09-05,3576.1130517905635,3613.506334898798,3566.9494205338206,3588.873046875,449961,,
2023-09-06,3588.8731388099754,3660.4080647278984,3579.0198233480473,3653.56005859375,407338,,
2023-09-07,3653.5600240933263,3677.9962943200494,3606.953794286615,3639.814697265625,556079,,
2023-09-08,3638.5338148352403,3657.255114533563,3614.442506230081,3644.54443359375,247373,,
2023-09-11,3645.726557272499,3693.9091714948345,3637.6468870682716,3681.44482421875,379770,,
2023-09-12,3694.007858546169,3791.555678763846,3670.6062350091,3732.23876953125,736438,,
2023-09-13,3744.259758302187,3769.8783777010967,3685.139867381626,3695.830810546875,319699,,
2023-09-14,3700.461939181521,3771.7998469554045,3700.461939181521,3761.897216796875,483608,,
2023-09-15,3769.779822440373,3788.5997509772023,3749.580525978726,3759.532470703125,315409,,
2023-09-18,3752.339385845373,3763.966345705778,3716.1777677563723,3729.775390625,185723,,
2023-09-20,3718.6412268473036,3747.609877859692,3699.919927613043,3724.1591796875,201038,,
2023-09-21,3720.1683683282354,3742.4860304318263,3678.3410945418095,3691.840087890625,262481,,
2023-09-22,3666.4183813332797,3687.110342098665,3630.946448592619,3650.702392578125,190002,,
2023-09-25,3635.8730883890557,3694.9929760051377,3633.9024254685196,3673.808349609375,206150,,
2023-09-26,3665.383738344089,3709.1816738900375,3652.6237439729857,3698.7373046875,251701,,
2023-09-27,3700.757566042482,3802.8870840862296,3700.757566042482,3712.729248046875,803962,,
2023-09-28,3722.7794692424113,3744.210429621019,3597.445349071133,3611.239990234375,347090,,
2023-09-29,3632.9173359138804,3728.494493924091,3632.9173359138804,3709.9208984375,296674,,
2023-10-03,3704.8957688516407,3708.787780179631,3650.7025361444466,3669.81787109375,210945,,
2023-10-04,3645.7264740029327,3677.257081345661,3599.809930836308,3653.36279296875,241798,,
2023-10-05,3611.2401455097165,3651.1460734478183,3601.436144659038,3642.9677734375,344288,,
2023-10-06,3645.726512518324,3674.1041075384637,3642.967536234799,3667.206787109375,244389,,
2023-10-09,3645.7264255850782,3740.8109120902022,3629.8134186269085,3650.94873046875,447464,,
2023-10-10,3652.5748402197273,3670.9021037705534,3631.143878426012,3659.176513671875,147622,,
2023-10-11,3674.301456758979,3711.7440567474055,3664.2018080778903,3695.535400390625,205216,,
2023-10-12,3743.274267587877,3743.274267587877,3674.448767944513,3700.166015625,323652,,
2023-10-13,3685.9281140183207,3707.260444715755,3675.2864857332625,3680.55810546875,109845,,
2023-10-16,3656.6146021013883,3671.9365554192277,3586.360416292767,3601.583740234375,274847,,
2023-10-17,3644.396421880155,3644.396421880155,3573.7975129203855,3593.110107421875,273198,,
2023-10-18,3606.3133430845655,3630.1583176236713,3580.20205795021,3587.7890625,192368,,
2023-10-19,3587.592220157227,3603.209821651403,3547.6862918638,3584.389892578125,350687,,
2023-10-20,3566.9000501634346,3581.088727619863,3482.161540684414,3502.163818359375,465355,,
2023-10-23,3484.280057931502,3571.826862212551,3439.792434754211,3449.596435546875,427540,,
2023-10-25,3448.660241566249,3468.219168017197,3371.1640155045466,3392.939697265625,522676,,
2023-10-26,3380.3769547708644,3383.38226415853,3330.4206924953273,3356.433349609375,538755,,
2023-10-27,3357.024512521943,3386.9784947192547,3346.6292168001,3361.90185546875,283983,,
2023-10-30,3378.7018787795923,3396.63486484495,3334.854624884669,3353.477294921875,244149,,
2023-10-31,3350.5212458748406,3372.74052003788,3322.8335741556466,3338.648193359375,220543,,
2023-11-01,3350.1268439692585,3358.748493935356,3291.006958487448,3296.96826171875,292897,,
2023-11-02,3311.30507843182,3357.7633616376415,3281.2031535102974,3294.65283203125,406645,,
2023-11-03,3318.5965764644993,3338.2045775897805,3291.10592313859,3301.55029296875,352546,,
2023-11-06,3310.7138782811335,3479.10693735445,3246.962977605884,3455.261962890625,1821472,,
2023-11-07,3385.205258226601,3516.4513760184145,3351.162004168964,3430.333251953125,1291049,,
2023-11-08,3433.880243946209,3484.7725192001412,3430.5792872296847,3439.693603515625,480765,,
2023-11-09,3458.5136856923054,3468.3670010361584,3420.184385228501,3447.182373046875,296978,,
2023-11-10,3439.841594428125,3447.674931771389,3421.3173140449285,3441.9599609375,121439,,
2023-11-13,3448.660113125445,3510.6373657918384,3436.0971369990593,3458.513427734375,235202,,
2023-11-15,3483.097696432193,3488.073668845687,3449.89207148191,3484.969970703125,256472,,
2023-11-16,3484.969710030566,3518.027388440759,3468.3667785175794,3496.202392578125,249987,,
2023-11-17,3497.927043866188,3565.9149216202068,3497.927043866188,3548.03125,297110,,
2023-11-20,3556.9973584186328,3701.8904018989656,3551.233313547191,3619.0732421875,1601236,,
2023-11-21,3627.8921546010492,3679.5236723969565,3600.401500451925,3667.010009765625,388729,,
2023-11-22,3655.579666304867,3688.6375844449285,3630.946380143783,3647.4013671875,317027,,
2023-11-23,3651.195213978588,3670.359863678388,3586.7053149555118,3634.395263671875,252188,,
2023-11-24,3634.3953284371623,3723.5185167241166,3632.8680164621624,3709.576171875,829615,,
2023-11-28,3714.699752116245,3730.8100183525175,3688.539152699664,3704.994140625,197926,,
2023-11-29,3705.8318935925877,3720.562551891015,3666.3693176055613,3675.040283203125,329180,,
2023-11-30,3674.8432249944726,3753.1277662843386,3674.8432249944726,3733.12548828125,887438,,
2023-12-01,3743.2742868170562,3763.6706003100935,3716.6703368975877,3737.066650390625,260031,,
2023-12-04,3754.113044029389,3778.7956464071417,3734.406413877004,3742.3876953125,318936,,
2023-12-05,3733.470226472276,3754.112872501835,3669.423681403347,3686.272705078125,449862,,
2023-12-06,3707.654947286855,3726.1299139896028,3661.837029864042,3679.67138671875,298255,,
2023-12-07,3679.6711427197965,3717.557090480788,3669.374476738796,3679.57275390625,281509,,
2023-12-08,3684.154615234242,3692.480618606365,3608.6781233092174,3627.744384765625,455037,,
2023-12-11,3625.034741932617,3639.3713639763164,3588.331142004107,3616.659423828125,247368,,
2023-12-12,3616.659455261747,3640.7507635539278,3577.738859026128,3594.095458984375,188686,,
2023-12-13,3615.96969352568,3622.0787008940783,3559.017483033028,3602.3720703125,355453,,
2023-12-14,3610.15590592571,3649.6184797304636,3587.5919113038794,3629.1728515625,448099,,
2023-12-15,3645.7265039951812,3665.7287813046655,3625.083857442557,3642.81982421875,338280,,
2023-12-18,3635.8735083245047,3718.592045855929,3633.1638464958073,3658.58544921875,457133,,
2023-12-19,3658.535618347333,3684.15423565868,3635.084682081214,3669.275634765625,287231,,
2023-12-20,3696.9636556888813,3696.9636556888813,3551.9229121916533,3566.89990234375,346170,,
2023-12-21,3561.973255354215,3596.2628385383923,3513.248662393554,3579.41357421875,353261,,
2023-12-22,3596.459886557316,3707.703713947874,3590.4985830170244,3640.75048828125,898967,,
2023-12-26,3644.7904132681583,3839.83672916397,3639.814441244985,3806.828125,1249185,,
2023-12-27,3836.880908023991,3859.5435328017393,3789.0923296883047,3827.27392578125,598775,,
2023-12-28,3842.7927935464263,3894.0300307937123,3804.7098278546737,3882.15673828125,668311,,
2023-12-29,3891.074291320516,3891.074291320516,3839.1966814318603,3846.6357421875,262845,,
2024-01-01,3852.64611310833,3882.156743023959,3825.2045349791642,3858.45947265625,240126,,
2024-01-02,3867.426177751338,3992.6619089285437,3847.916565736396,3970.885986328125,1386959,,
2024-01-03,3990.592630061847,4004.8799370089823,3953.1500325452175,3971.477294921875,452402,,
2024-01-04,3990.5928592059045,4014.634853294371,3914.9193465046255,3982.85791015625,485788,,
2024-01-05,3992.563217325565,4010.3978136069927,3921.619349692929,3955.859619140625,313459,,
2024-01-08,3940.340739684397,3966.3043214022223,3853.0895856712673,3876.44189453125,403753,,
2024-01-09,3891.024884481608,3945.2674331415615,3863.090880033674,3926.201171875,468363,,
2024-01-10,3926.2012393164587,3957.978181600266,3820.6723753235833,3845.404052734375,351976,,
2024-01-11,3845.4038604835832,3885.063453134083,3824.761213787325,3847.91650390625,238212,,
2024-01-12,3854.567307873303,3867.6229495524667,3803.8720530121363,3826.97802734375,291344,,
2024-01-15,3842.7929184732943,3886.098190558045,3814.957303102302,3852.252197265625,326872,,
2024-01-16,3852.2522438164387,3868.7565469349615,3744.6538483513996,3758.547119140625,483779,,
2024-01-17,3754.211499885034,3763.8675557658416,3662.822006777351,3674.10400390625,574671,,
2024-01-18,3674.1044072579193,3701.4473583323406,3532.4136793441603,3645.923828125,651966,,
2024-01-19,3675.2866292724857,3678.5875861418617,3610.451766091927,3639.61767578125,324763,,
2024-01-23,3645.7265752028197,3645.7265752028197,3533.2510799240586,3562.318359375,387616,,
2024-01-24,3596.460076570722,3618.0880554946466,3556.0614839297905,3590.104736328125,377660,,
2024-01-25,3590.548009321671,3606.3133134240716,3495.2171860774693,3526.40283203125,407761,,
2024-01-29,3525.5162106061207,3533.398862837772,3498.025557172018,3518.224853515625,765970,,
2024-01-30,3522.510763794381,3566.2596263075447,3488.3691238728843,3499.601806640625,1052177,,
2024-01-31,3532.413341919648,3626.9065342565664,3507.8293697021372,3616.7578125,840784,,
2024-02-01,3641.7853178737205,3641.7853178737205,3582.7147410379575,3601.78076171875,393645,,
2024-02-02,3611.2401884094643,3689.771066086448,3611.2401884094643,3645.135498046875,423758,,
2024-02-05,3645.135257344904,3687.110475497111,3610.7965988823166,3645.23388671875,518516,,
2024-02-06,3643.755942447672,3689.4752285196114,3635.77466095244,3671.837890625,276514,,
2024-02-07,3685.0904139175977,3715.6850044287203,3647.894150614181,3677.06005859375,226715,,
2024-02-08,3691.002425581236,3709.773038469444,3606.7072689856655,3630.355224609375,399402,,
2024-02-09,3643.2630072913303,3643.2630072913303,3560.495166152055,3598.72607421875,415749,,
2024-02-12,3596.4600571266164,3762.5870480439726,3592.223083467974,3685.28759765625,1303179,,
2024-02-13,3685.287287776523,3776.578389995591,3632.9170179829935,3646.169677734375,814115,,
2024-02-14,3635.873394870438,3673.956362796178,3578.7734800466274,3665.08837890625,452222,,
2024-02-15,3674.990794487073,3690.066414331746,3642.3271519564855,3654.44677734375,288401,,
2024-02-16,3654.2989946646344,3723.4692199107694,3653.6093107060037,3674.498291015625,625808,,
2024-02-19,3675.28673352763,3708.049008028915,3661.1964440512747,3668.832763671875,217681,,
2024-02-20,3668.3891987229395,3684.1545028270402,3621.290304600049,3658.28955078125,328713,,
2024-02-21,3653.658485504884,3684.844130989952,3583.8476531019023,3595.5732421875,386150,,
2024-02-22,3606.017779331166,3606.017779331166,3544.2868547364915,3591.927490234375,485941,,
2024-02-23,3591.927303165004,3615.2305371466755,3573.6495965456093,3594.587890625,326640,,
2024-02-26,3595.4746380664046,3601.38662705747,3504.1837709531455,3524.875732421875,404285,,
2024-02-27,3527.486742725595,3545.222709588461,3458.4149088858767,3487.87646484375,524599,,
2024-02-28,3488.073541883715,3501.3262025679646,3455.5576020864937,3466.7412109375,464435,,
2024-02-29,3457.7254232328305,3477.6290724084006,3414.173816884037,3437.624755859375,807900,,
2024-03-01,3439.792551341112,3467.3818356257157,3423.0419144540315,3431.318603515625,347396,,
2024-03-04,3463.2432448277596,3490.0442138294097,3426.9829970916676,3431.219970703125,494795,,
2024-03-05,3433.4863229704456,3445.2116718761727,3401.364419080952,3433.33837890625,485056,,
2024-03-06,3433.8803445388303,3507.78020848156,3399.3937413655563,3492.6552734375,642191,,
2024-03-07,3492.655198270842,3566.900022871236,3484.6248427856704,3548.77001953125,624261,,
2024-03-11,3548.770081247881,3598.4800080761465,3533.4481280751497,3551.873779296875,408279,,
2024-03-12,3547.193401273496,3581.5813744120624,3512.312762384752,3525.269775390625,415249,,
2024-03-13,3525.269763828081,3534.3840801764595,3404.0739896820805,3428.756591796875,402498,,
2024-03-14,3409.2470094698447,3478.220214863743,3390.5257108629294,3466.297607421875,385179,,
2024-03-15,3465.5096159712666,3472.997991254052,3404.369746500776,3434.2744140625,317079,,
2024-03-18,3434.2743537287856,3468.3669202481874,3424.027002233651,3455.16357421875,171118,,
2024-03-19,3458.3163646369603,3463.390725370877,3371.853530066593,3396.585205078125,525027,,
2024-03-20,3396.585316963377,3409.246922712256,3347.318742935743,3378.011962890625,517131,,
2024-03-21,3394.270185563492,3426.391849890414,3380.9188948939855,3414.469482421875,279116,,
2024-03-22,3412.2032259333705,3425.3574986128915,3374.7606262840873,3381.115966796875,409887,,
2024-03-26,3350.127016482048,3388.554944024048,3325.493729596151,3341.259033203125,478462,,
2024-03-27,3340.2739723346203,3353.4773189513326,3300.8607101241823,3318.448974609375,506472,,
2024-03-28,3317.660504750445,3418.804687902958,3317.660504750445,3394.7626953125,1145370,,
2024-04-01,3399.393721488159,3537.340133374635,3399.393721488159,3515.613525390625,651461,,
2024-04-02,3518.6189507715453,3582.665501261646,3503.0506642328287,3569.363525390625,675426,,
2024-04-03,3610.0575503496298,3671.345120731978,3558.081314407973,3630.847900390625,799460,,
2024-04-04,3653.6091677414533,3700.8064499251227,3634.1488707989256,3679.4248046875,976430,,
2024-04-05,3679.474154387497,3728.4943965193247,3672.034853449571,3693.170166015625,553607,,
2024-04-08,3694.993110552226,3757.0689948095032,3665.9751461025785,3740.318359375,602786,,
2024-04-09,3750.1716090554587,3765.936912719381,3716.719653455463,3749.136962890625,275295,,
2024-04-10,3707.802500875918,3720.661125292999,3650.8009763567156,3684.253173828125,1015345,,
2024-04-12,3684.154381338269,3753.1275845192476,3673.3157351241152,3724.25732421875,573189,,
2024-04-15,3714.699857564109,3714.699857564109,3632.129027472411,3662.033935546875,428141,,
2024-04-16,3645.677313056233,3725.538480946141,3632.1290046423187,3708.98486328125,318671,,
2024-04-18,3724.553014438059,3725.636975295668,3640.9968563726393,3654.495849609375,802591,,
2024-04-19,3607.298797422723,3656.417671316958,3587.592166461659,3617.841796875,746223,,
2024-04-22,3635.6269341326556,3689.770852422443,3621.0932943797034,3682.676513671875,439590,,
2024-04-23,3682.6764053965985,3724.6023079699253,3675.2864192988127,3713.369384765625,307637,,
2024-04-24,3724.2079639727826,3767.858195849492,3710.314934694812,3757.857177734375,473558,,
2024-04-25,3777.761183114676,3819.9334217944634,3734.9485751477127,3787.41748046875,835354,,
2024-04-26,3793.526287507667,3979.7539416216796,3779.7809611492366,3957.436279296875,1155173,,
2024-04-29,3965.9592433106354,4039.859104987231,3912.8499722761667,3930.733642578125,752787,,
2024-04-30,3954.1352838842417,4006.3578530459326,3915.3133192595183,3943.690673828125,360469,,
2024-05-02,3943.6906484099186,3950.193932449653,3877.7720681355972,3906.494384765625,868450,,
2024-05-03,3906.937946100541,3932.4579351991533,3842.7927705529187,3892.995361328125,348122,,
2024-05-06,3892.995359906668,3930.4872708047487,3843.925804127174,3904.86865234375,271254,,
2024-05-07,3911.3228073410673,3911.3228073410673,3816.4353332706246,3854.025634765625,291924,,
2024-05-08,3845.7490239907856,3893.4389745928165,3816.336781119263,3869.741943359375,308127,,
2024-05-09,3876.294232504178,3891.123520117642,3700.116907124431,3734.357177734375,626179,,
2024-05-10,3739.0866448224037,3775.1498733211665,3712.729027654211,3737.85498046875,276308,,
2024-05-13,3720.7104750558815,3875.5059136005675,3669.3746062791606,3854.124267578125,608329,,
2024-05-14,3852.6462069443037,3896.986124927039,3808.4539924643977,3839.048583984375,262796,,
2024-05-15,3839.3441597201686,3892.010079871347,3810.8188611301716,3835.4521484375,188401,,
2024-05-16,3838.8515337545236,3887.1327773772064,3773.8196545892774,3873.48583984375,362920,,
2024-05-17,3877.279543341071,3896.690526233963,3838.4575775552876,3853.38525390625,267526,,
2024-05-21,3805.0546211523465,3979.6553155615284,3793.526290666626,3957.63330078125,472233,,
2024-05-22,3991.5780328120713,4012.023662084066,3928.2211672452763,3999.017333984375,398441,,
2024-05-23,4000.4458875630626,4067.004837899958,3968.3239844588506,4052.66845703125,693482,,
2024-05-24,4052.6684001812223,4113.758952287042,4045.3274881661123,4061.930419921875,612183,,
2024-05-27,4235.693459922898,4295.059678232955,4153.763248221671,4192.83154296875,2534740,,
2024-05-28,4180.515441209087,4337.035454429174,4176.278707984108,4327.6748046875,2151413,,
2024-05-29,4296.045224855272,4401.968358266268,4291.66030735024,4382.75439453125,1220726,,
2024-05-30,4378.862411218704,4399.50529930354,4325.605434253648,4348.07080078125,768574,,
2024-05-31,4362.506132134987,4390.489450447141,4227.219828823375,4244.02001953125,970571,,
2024-06-03,4335.458885981202,4370.43815653855,4229.979334395981,4258.50439453125,515368,,
2024-06-04,4259.982192767044,4357.727271893584,4119.178414934113,4260.72119140625,847809,,
2024-06-05,4270.77168926745,4458.625043783407,4243.576443605345,4436.65234375,1077221,,
2024-06-06,4433.991647996723,4433.991647996723,4302.548525144331,4383.64111328125,790310,,
2024-06-07,4385.512949102595,4473.798741714184,4373.688971907798,4457.6884765625,432970,,
2024-06-10,4457.688724340385,4512.42417715172,4448.820740951366,4469.7099609375,462274,,
2024-06-11,4493.111338092078,4517.744623936881,4396.844264563042,4409.8017578125,264078,,
2024-06-12,4437.932799929111,4448.77144575487,4368.860969852089,4387.04052734375,296209,,
2024-06-13,4435.272363010397,4549.275406782342,4430.887926630789,4526.1201171875,1275865,,
2024-06-14,4527.598017249993,4560.064881007311,4492.22471438361,4521.2919921875,281968,,
2024-06-18,4454.683975645949,4516.661234447188,4454.683975645949,4497.5458984375,241254,,
2024-06-19,4498.038331226389,4514.099042349254,4400.4905119949735,4413.98974609375,223028,,
2024-06-20,4420.1968933340595,4455.915158466329,4374.576239557497,4437.98193359375,412934,,
2024-06-21,4433.991897304965,4508.828019663711,4423.892249094437,4455.81689453125,583517,,
2024-06-24,4446.4076049440455,4488.62916146759,4422.661016462983,4453.25537109375,188506,,
2024-06-25,4448.771482041709,4530.0122522731635,4422.216607104455,4472.71484375,353120,,
2024-06-26,4479.760718717274,4501.88112285345,4446.30852088818,4478.6767578125,203886,,
2024-06-27,4478.676785444086,4489.219544189254,4434.090533519104,4456.01416015625,531345,,
2024-06-28,4456.0141805046005,4580.26458376517,4456.0141805046005,4529.02734375,391476,,
2024-07-01,4529.026723791872,4547.501687614541,4473.601832323866,4534.59375,507284,,
2024-07-02,4540.112311150923,4553.069324626328,4498.284794997613,4504.39404296875,258530,,
2024-07-03,4509.813605003606,4527.647721854653,4438.91880478592,4492.2744140625,573402,,
2024-07-04,4492.2741100108915,4510.256410278218,4455.373733202159,4477.3955078125,242990,,
2024-07-05,4483.258435842122,4601.498218765431,4483.258435842122,4561.78955078125,1285879,,
2024-07-08,4561.493261720865,4581.446223335411,4379.798240822551,4398.716796875,890261,,
2024-07-09,4425.518061300988,4515.675898815687,4392.608083503014,4485.18017578125,769145,,
2024-07-10,4504.935631898745,4583.614448640266,4470.251770544179,4568.93310546875,550188,,
2024-07-11,4588.393034100572,4591.644435351882,4498.087024205483,4515.28125,559139,,
2024-07-12,4522.671340547386,4527.203961426174,4419.506945625913,4472.71484375,661038,,
2024-07-15,4475.376153403599,4536.811675247097,4469.56279315335,4508.2861328125,616728,,
2024-07-16,4508.285550712586,4531.49039570366,4484.933483342393,4503.7529296875,266585,,
2024-07-18,4483.258021847413,4535.579217183295,4449.510420254386,4517.54736328125,432503,,
2024-07-19,4512.818123382902,4519.961776525812,4430.493871680095,4453.5009765625,279117,,
2024-07-22,4433.991905048523,4510.207395462418,4376.202306776508,4468.28125,308095,,
2024-07-23,4454.68322648743,4474.438928463929,4330.82687797498,4460.59521484375,499837,,
2024-07-24,4440.10100696838,4512.1283548728425,4435.42068233366,4484.8349609375,392515,,
2024-07-25,4463.552097365021,4515.479264543532,4409.654267008865,4480.302734375,232749,,
2024-07-26,4503.901137413329,4739.444436120581,4496.905187655984,4720.3291015625,1262221,,
2024-07-29,4733.532913825752,4878.376656193026,4701.706896215755,4851.625,886247,,
2024-07-30,4851.624769671694,4872.464435390989,4817.433572996006,4840.29345703125,515488,,
2024-07-31,4832.410779458474,4871.232745469127,4729.788596958492,4850.984375,1167323,,
2024-08-01,4857.684815682984,4934.54068092097,4828.124867514528,4845.76220703125,622863,,
2024-08-02,4819.787740311979,4966.809060386927,4797.3824768779095,4948.220703125,960970,,
2024-08-05,4891.018024098,4945.89095251459,4736.809203169784,4785.33740234375,1449786,,
2024-08-06,4788.361201405264,4916.249109268883,4773.539889772178,4785.93212890625,403211,,
2024-08-07,4799.26643394872,4914.3656493298,4799.26643394872,4903.85693359375,590493,,
2024-08-08,4877.684413517553,4981.531374387182,4781.421405959121,4792.822265625,722958,,
2024-08-09,4862.515859424844,4862.515859424844,4774.530967133925,4788.3115234375,222355,,
2024-08-12,4787.320566252925,4862.7147573948005,4736.363290406229,4848.83544921875,431270,,
2024-08-13,4857.757594030149,4877.5358007202885,4761.64319657668,4819.88671875,203334,,
2024-08-14,4806.2060911357785,4806.2060911357785,4602.0313627567475,4621.8095703125,729449,,
2024-08-16,4624.783647956998,4669.197239414751,4583.442944549096,4593.95166015625,522991,,
2024-08-19,4624.783452557022,4649.5185544689875,4575.7595629521,4629.64111328125,232374,,
2024-08-20,4634.4988523043285,4688.08318344065,4623.097992582367,4682.43212890625,255795,,
2024-08-21,4695.171217867619,4920.561343478898,4694.130463485623,4858.55029296875,1371112,,
2024-08-22,4885.020816908829,4887.449889482559,4827.025135977492,4869.109375,480842,,
2024-08-23,4884.524691839687,4907.326410514806,4787.320167377306,4814.08740234375,420463,,
2024-08-26,4818.102385181426,4891.4644379599085,4818.102385181426,4883.78125,288510,,
2024-08-27,4865.688913500765,4952.434589933388,4832.973401246175,4860.236328125,400046,,
2024-08-28,4840.012022942939,5052.067916583275,4817.061693487897,4987.3310546875,963990,,
2024-08-29,5006.365018771499,5033.578567599896,4947.030885210309,4969.3369140625,430810,,
2024-08-30,4976.227332506606,5088.253169457149,4976.227332506606,5049.98583984375,853203,,
2024-09-02,5080.619729401417,5088.699856819044,4979.746899794736,4993.42822265625,196235,,
2024-09-03,4993.4280554026045,5054.497106473906,4993.130351221236,5022.32666015625,288902,,
2024-09-04,5016.873716891728,5065.946980202891,4972.0138145719275,5052.66259765625,313543,,
2024-09-05,5056.03320415542,5119.927778177833,5043.293886424707,5076.7529296875,491284,,
2024-09-06,5082.800623614004,5125.429924728769,5018.708061891866,5093.50732421875,432124,,
2024-09-09,5060.990432292422,5149.520394511623,5038.387181874876,5128.89990234375,354291,,
2024-09-10,5156.113441441954,5400.3891604422315,5153.188679401477,5379.66943359375,1628691,,
2024-09-11,5358.404093257207,5422.744500726354,5333.668990816861,5392.408203125,595689,,
2024-09-12,5403.016161871278,5465.473045944286,5349.680159259888,5435.533203125,763771,,
2024-09-13,5417.936147514137,5484.0613269992145,5356.4706434197815,5451.24658203125,401361,,
2024-09-16,5447.628267672954,5472.412745687845,5424.529327791811,5432.11328125,238494,,
2024-09-17,5431.8154069217235,5512.067737848808,5389.136730745705,5405.197265625,529121,,
2024-09-18,5404.9495462698205,5435.434453980587,5345.565550170894,5422.0009765625,213575,,
2024-09-19,5422.00081171142,5465.472881289166,5372.28324754326,5382.3955078125,341889,,
2024-09-20,5409.261726140046,5457.542083156561,5380.561590914233,5403.759765625,630993,,
2024-09-23,5442.671213785819,5534.820093994037,5318.253137769404,5326.53125,588823,,
2024-09-24,5328.662656755835,5372.977496106795,5271.806968617759,5329.45556640625,515534,,
2024-09-25,5329.455385729044,5401.528837406673,5308.339205266409,5347.7958984375,693122,,
2024-09-26,5363.361315430262,5371.8872731157435,5246.626418038041,5332.92578125,554676,,
2024-09-27,5325.391552582964,5475.68424386998,5269.824461002528,5410.84814453125,6886792,,
2024-09-30,5425.768257034107,5464.630026007878,5332.181685874838,5396.42333984375,820627,,
2024-10-01,5393.647103012727,5416.944510714352,5316.518006463303,5377.04150390625,686142,,
2024-10-03,5353.447246146882,5446.339663287462,5196.512125133941,5383.48583984375,602874,,
2024-10-04,5361.378345332585,5474.594035824669,5338.824470081787,5378.77685546875,524300,,
2024-10-07,5401.033366765723,5473.404041467246,5330.3482301722825,5357.759765625,383652,,
2024-10-08,5355.132920731177,5518.512010184891,5352.108923896069,5499.2294921875,396786,,
2024-10-09,5607.140793164677,5977.966425268094,5593.410096211308,5938.11279296875,3022787,,
2024-10-10,5908.619553946363,5970.085059373322,5869.261609261979,5890.92333984375,640572,,
2024-10-11,5923.49018365687,6106.74670899826,5907.528883167713,6089.29833984375,1089288,,
2024-10-14,6087.067638915831,6181.248652872998,6065.306674167525,6161.2724609375,647056,,
2024-10-15,6096.981698828819,6221.746860163124,5968.4494903987725,6054.05517578125,1370567,,
2024-10-16,6049.09791810323,6089.793835654941,6004.783079656828,6070.8583984375,476603,,
2024-10-17,6070.858608192618,6117.751130678181,5993.481662055721,6025.00732421875,290563,,
2024-10-18,6025.057329803768,6039.382467890346,5952.88463818689,5970.3330078125,334347,,
2024-10-21,5977.966820775528,6055.740223629988,5858.406400039085,5873.92138671875,566368,,
2024-10-22,5868.963983871978,5912.584662130485,5754.955392969059,5767.7939453125,569761,,
2024-10-23,5754.360867318581,5807.895339798627,5667.962273824874,5678.22314453125,327730,,
2024-10-24,5711.335002147905,5721.5460132617745,5643.177688938797,5687.19482421875,560790,,
2024-10-25,5692.498611873189,5784.64748992783,5692.498611873189,5730.91455078125,1007972,,
2024-10-28,5715.201149703597,5799.5676060521555,5658.593307537853,5764.2744140625,391605,,
2024-10-29,5749.99860751901,5794.709900402184,5696.464137724868,5753.31982421875,274283,,
2024-10-30,5793.371846122977,5882.794438129519,5747.024871353993,5835.8525390625,500928,,
2024-10-31,5886.313072339643,5888.79151994905,5808.142737924613,5838.87548828125,423706,,
2024-11-01,5877.093643246483,5881.405754977904,5821.130100670197,5852.65576171875,34122,,
2024-11-04,5853.350029772188,5890.0804316641525,5791.33946092266,5850.87158203125,357941,,
2024-11-05,5849.136751519144,5850.871664962391,5629.397668507371,5761.15185546875,397496,,
2024-11-06,5759.9126224905995,5953.925707723705,5759.9126224905995,5902.81982421875,619492,,
2024-11-07,5948.274853518497,5997.843810631151,5830.845800489881,5908.5703125,789818,,
2024-11-08,5928.447112432996,6009.740199927896,5829.309200853849,5898.55712890625,447048,,
2024-11-11,6101.938451959919,6101.938451959919,5732.352511569049,5849.08740234375,1339441,,
2024-11-12,5864.007086703763,5898.556743445702,5732.20304824372,5760.6064453125,433122,,
2024-11-13,5759.5164100417815,5781.4259860840375,5661.320014733417,5720.35693359375,250370,,
2024-11-14,5720.356879699857,5775.725501552641,5673.811435389765,5700.529296875,220287,,
2024-11-18,5650.861199385374,5763.927798702229,5641.443097386398,5716.9365234375,390727,,
2024-11-19,5720.108829351827,5909.561473249377,5720.108829351827,5849.9794921875,427565,,
2024-11-21,5829.4084904874535,5952.735956839177,5829.4084904874535,5925.572265625,448388,,
2024-11-22,5928.447256126176,6004.734074564097,5928.447256126176,5946.63916015625,309695,,
2024-11-25,5977.96661729691,6131.679753627755,5969.0442053676215,6085.53125,839267,,
2024-11-26,6096.138523108639,6105.953079106004,5954.321940503252,6020.1494140625,218533,,
2024-11-27,6020.1498309670515,6053.212422118638,5937.320297403151,5947.48193359375,149153,,
2024-11-28,5970.87815406119,5970.87815406119,5851.218981037778,5900.490234375,318089,,
2024-11-29,5972.1174288885,6154.779038926399,5948.274953744318,6119.486328125,1027507,,
2024-12-02,6131.679723458598,6227.843496001118,6116.362722759952,6201.42333984375,665882,,
2024-12-03,6225.860749483891,6231.263959208909,6140.800616312347,6157.00927734375,742965,,
2024-12-04,6171.33503422066,6214.212181245567,6124.789590815756,6202.5634765625,556873,,
2024-12-05,6131.531168864082,6131.531168864082,5815.529078398534,6043.6455078125,1426021,,
2024-12-06,6087.067228660339,6139.560941793545,6052.468197416026,6077.89697265625,704328,,
2024-12-09,5948.225329816818,5989.466313848348,5886.462120351972,5908.2724609375,1123022,,
2024-12-10,5937.8155633396655,5980.791458758751,5820.386518891207,5881.45556640625,393478,,
2024-12-11,5904.653692180235,5919.028688576577,5853.101980965767,5876.845703125,355231,,
2024-12-12,5898.7055752024635,6002.800379470743,5877.143080032606,5900.39111328125,359123,,
2024-12-13,5898.011331169368,5898.011331169368,5793.8177777520705,5826.03759765625,445372,,
2024-12-16,5832.778523196162,5859.000692169238,5769.825954789098,5805.9619140625,308602,,
2024-12-17,5817.412741290012,5883.835143073657,5769.38022875952,5796.990234375,393644,,
2024-12-18,5797.584910813496,5853.89504942386,5789.108813233699,5799.31982421875,280887,,
2024-12-19,5796.9406047635985,5818.403865196039,5730.171126398553,5770.56982421875,451008,,
2024-12-20,5740.084939683371,5905.893092733811,5740.084939683371,5796.345703125,497158,,
2024-12-23,5796.345543835333,5883.834746254364,5786.67959795901,5799.0224609375,464380,,
2024-12-24,5809.481466068999,5881.901514948178,5689.970910425608,5732.5009765625,252658,,
2024-12-26,5742.067805877607,5870.947090194611,5667.2186830627315,5836.0009765625,183602,,
2024-12-27,5849.136925987949,5883.785820559617,5819.544161844641,5830.35009765625,186225,,
2024-12-30,5830.349920069313,6085.927745019236,5829.309165632754,5992.88671875,1928937,,
2024-12-31,5977.421043583552,6082.358618042645,5924.134417004391,6046.22265625,610044,,
2025-01-01,6037.498463518082,6082.20975585045,6008.45125074597,6020.64501953125,116675,,
2025-01-02,6020.645403517103,6101.690646681523,5958.188518876633,6091.77685546875,180792,,
2025-01-03,6105.904066532127,6195.028953575729,5978.16476871554,5996.158203125,427384,,
2025-01-06,6015.886663613763,6015.886663613763,5790.645145377972,5840.8583984375,334922,,
2025-01-07,5859.050199835001,5885.768058926591,5824.351933000107,5857.01806640625,303309,,
2025-01-08,5878.878132123663,5914.419170090919,5772.007657515814,5817.80908203125,213589,,
2025-01-09,5811.167034698628,5854.638620756234,5761.64745527543,5774.3369140625,98271,,
2025-01-10,5749.9986167190855,5789.653779593011,5665.92986505509,5721.595703125,384413,,
2025-01-13,5773.791752071522,5836.744323544142,5605.604388250766,5683.08056640625,770897,,
2025-01-14,5711.434397189632,5954.669363316644,5699.785692423285,5938.658203125,439344,,
2025-01-15,5948.621845708437,5948.671221036086,5718.770498136848,5826.1865234375,483267,,
2025-01-16,5789.653668227404,5901.481031752116,5706.080607706884,5865.0478515625,428736,,
2025-01-17,5879.373472503873,5887.651584408935,5821.080577829209,5865.0478515625,177031,,
2025-01-20,5865.990237874157,5976.033319909654,5789.703421158654,5948.86962890625,309737,,
2025-01-21,5959.874023804127,6015.737849719371,5756.244366170889,5768.73583984375,437884,,
2025-01-22,5788.216345631179,5796.494458066346,5705.386814096102,5762.39111328125,513868,,
2025-01-23,5730.567679353134,5854.142987925814,5730.567679353134,5800.509765625,449602,,
2025-01-24,5799.567824582765,5849.533235180188,5658.097831198825,5712.92138671875,387486,,
2025-01-27,5676.140979472882,5699.43838808656,5498.18843282798,5528.67333984375,243092,,
2025-01-28,5532.292008033155,5536.85244885195,5305.514031726104,5363.5595703125,588891,,
2025-01-29,5327.770581903636,5599.309223829888,5315.279108279735,5571.69921875,241519,,
2025-01-30,5572.641047045327,5741.671180295825,5553.507140345729,5686.451171875,234255,,
2025-01-31,5668.259210107379,5701.371658314848,5501.063226705548,5529.615234375,429090,,
2025-02-01,5540.817734485465,5605.108765291846,5462.498786368744,5570.11279296875,108307,,
2025-02-03,5570.559319810231,5903.761941520171,5423.83520887734,5833.3740234375,1299208,,
2025-02-04,5997.794165624995,6176.2917785331665,5921.210130329378,6043.69482421875,1307734,,
2025-02-05,6008.302452531106,6153.688585811511,5955.709984540219,6070.7099609375,389786,,
2025-02-06,6095.295926092527,6152.399459059316,6045.479126324137,6066.94287109375,373619,,
2025-02-07,6063.819694357333,6108.382378927032,6028.080671113498,6087.61279296875,153029,,
2025-02-10,6089.050479080977,6125.731506063393,5870.599995899713,5887.60205078125,284788,,
2025-02-11,5898.656493587913,5913.378086524287,5811.56373953249,5895.48388671875,443166,,
2025-02-12,5895.48381102534,5948.2747494265,5754.9558200701385,5918.384765625,292103,,
2025-02-13,5947.977381377319,6101.938362016861,5933.156070199904,5958.68408203125,667461,,
2025-02-14,5965.42523020984,6007.757311163102,5716.341232779191,5793.37158203125,294685,,
2025-02-17,5781.722612893015,5888.791550168812,5710.59116613803,5872.681640625,207670,,
2025-02-18,5898.705361151855,5927.356118948803,5743.058849941629,5789.3564453125,283564,,
2025-02-19,5759.912684625463,5904.901880860656,5690.516146256481,5883.73583984375,337225,,
2025-02-20,5864.007612819738,5936.3289147080195,5841.5031127140755,5926.76171875,292029,,
2025-02-21,5908.619530504295,5946.589157012862,5635.147504580933,5707.4189453125,1003530,,
2025-02-24,5631.429721706715,5701.123962618444,5615.617515564109,5653.388671875,306309,,
2025-02-25,5651.852270703116,5724.520165382145,5615.96415351721,5677.033203125,188012,,
2025-02-27,5677.033347226658,5735.128260997719,5531.152005215475,5567.38671875,257921,,
2025-02-28,5551.723019593084,5551.723019593084,5318.600318540073,5433.00537109375,564464,,
2025-03-03,5433.005532840632,5524.361023791651,5314.43649086359,5492.48828125,308548,,
2025-03-04,5452.585208291852,5509.044443304629,5410.798674828129,5470.1328125,142095,,
2025-03-05,5412.929892951731,5515.0913157092045,5412.929892951731,5468.9921875,392202,,
2025-03-06,5502.10499999889,5597.277400004572,5502.10499999889,5520.693359375,280218,,
2025-03-07,5505.425457838888,5571.352169131741,5480.740214635331,5530.65625,187672,,
2025-03-10,5530.656356635118,5583.1002161310325,5439.548710823492,5466.71240234375,281666,,
2025-03-11,5406.98131814148,5530.110789312036,5367.574001053816,5498.43603515625,211471,,
2025-03-12,5477.36950367485,5628.158360943323,5434.4429824603,5618.2939453125,345394,,
2025-03-13,5646.39938619623,5708.608421659985,5555.688203010039,5571.99658203125,219553,,
2025-03-17,5571.996507365162,5645.903621014162,5533.927165051195,5621.9619140625,133663,,
2025-03-18,5621.9619140625,5621.9619140625,5621.9619140625,5621.9619140625,0,,
2025-03-19,5730.171230356103,5799.567767747959,5692.548199669929,5767.94287109375,231264,,
2025-03-20,5799.567582473202,5815.231178212523,5754.955524146485,5771.908203125,252148,,
2025-03-21,5797.585327954506,5805.020671654859,5690.070064418674,5747.3720703125,537097,,
2025-03-24,5745.9340179985975,5883.834947361917,5725.610746487069,5859.74462890625,322013,,
2025-03-25,5889.039300051472,5889.039300051472,5765.315390377059,5790.2978515625,330676,,
2025-03-26,5819.247002267663,5867.1802809995725,5717.828624747733,5788.861328125,238411,,
2025-03-27,5787.67127142864,5842.94065707135,5677.826659152218,5822.0224609375,385946,,
2025-03-28,5799.56776316646,5834.266031834977,5688.533303427205,5725.66064453125,291524,,
2025-04-01,5699.933783638016,5768.338937315905,5473.403673269934,5501.8564453125,341053,,
2025-04-02,5502.6989013748125,5632.470808848449,5487.283150470598,5617.15380859375,316866,,
2025-04-03,5839.17314502495,5918.532843205036,5679.9575750751255,5713.3173828125,537669,,
2025-04-04,5710.3436291981825,5712.970687004889,5338.527090512543,5435.5830078125,681423,,
2025-04-07,4912.283411928882,5312.6519559496,4912.283411928882,5213.61328125,565168,,
2025-04-08,5301.003295834776,5427.800586231181,5257.283380599809,5340.8564453125,369634,,
2025-04-09,5254.309098087316,5382.79192303604,5186.498866164099,5339.71630859375,458062,,
2025-04-11,5502.153742948082,5576.50717190684,5339.716188335155,5541.11474609375,794543,,
2025-04-15,5589.891082500245,5717.7789870214,5556.679882488937,5685.0634765625,586197,,
2025-04-16,5665.731721784574,5755.451532951941,5635.990347916939,5704.3955078125,280947,,
2025-04-17,5700.429626897717,5748.0158220439935,5547.757250803413,5591.3779296875,531948,,
2025-04-21,5799.567728334783,5868.964265255028,5749.00739429289,5840.7099609375,717346,,
2025-04-22,5833.769875685898,5966.614665105884,5772.800065616278,5860.537109375,666774,,
2025-04-23,5875.903740640692,5923.489935941983,5840.709783699112,5873.42529296875,637067,,
2025-04-24,5930.925654534908,6254.115251422226,5902.175659719778,6161.9169921875,2081063,,
2025-04-25,6186.205743243243,6230.817803891632,5913.080794162552,5960.6669921875,964571,,
2025-04-28,5963.145039260195,6072.196735738768,5940.343320905584,5974.5458984375,317230,,
2025-04-29,6002.800655902095,6077.1540909463,5864.998956286837,6055.34375,640125,,
2025-04-30,6062.778717627603,6083.101988613028,5963.640810381628,6034.5244140625,489551,,
2025-05-02,6027.584556706966,6099.955226549007,5993.38197986381,6027.0888671875,957962,,
2025-05-05,6152.0028773075865,6154.481325006123,6043.446868111682,6071.701171875,399200,,
2025-05-06,6057.326383957556,6125.235853237603,5918.533308056728,6107.88671875,344379,,
2025-05-07,6032.541653615123,6116.80887474204,6007.261487277049,6094.99853515625,346799,,
2025-05-08,6119.287101797445,6130.687960715334,5868.963895122053,5909.11474609375,364862,,
2025-05-09,5791.141408899871,6003.296550816257,5791.141408899871,5973.55517578125,449984,,
2025-05-12,5982.9726672613915,5991.895078861284,5827.8218433299235,5890.7744140625,705516,,
2025-05-13,5904.15836062212,6094.503152031648,5903.662671061157,6024.115234375,759310,,
2025-05-14,6047.41270249276,6228.339394001765,6003.296331138509,6161.9169921875,576348,,
2025-05-15,6145.063227687955,6205.537351570986,6110.364959886217,6160.92529296875,462230,,
2025-05-16,6185.21389455831,6268.489734779963,6108.877707688461,6225.36474609375,556329,,
2025-05-19,6344.82617781155,6647.196800347881,6278.899468307727,6523.2744140625,2712326,,
2025-05-20,6523.27436828022,6538.1450545300995,6377.541643031407,6396.87353515625,448280,,
2025-05-21,6398.36047676282,6539.631993332188,6398.36047676282,6495.515625,510445,,
2025-05-22,6483.61898856923,6513.360360076428,6402.325906449555,6481.63623046875,326992,,
2025-05-23,6503.447032141756,6503.447032141756,6401.334982704164,6427.11083984375,224119,,
2025-05-26,6582.757127152294,6705.688133743692,6535.666620595105,6678.9208984375,1467231,,
2025-05-27,6667.024560371916,6702.218519017745,6626.378016583774,6640.25732421875,294304,,
2025-05-28,6671.981136420895,6691.80871780699,6562.929438797374,6578.79150390625,312692,,
2025-05-29,6587.714184388076,6612.994351687083,6546.076261777949,6574.33056640625,364770,,
2025-05-30,6544.589054723833,6610.02007458474,6484.610619851336,6554.99853515625,786589,,
2025-06-02,6557.477051677316,6573.834806814163,6463.791726802645,6482.6279296875,283232,,
2025-06-03,6487.58438457121,6543.101610356049,6458.338703130982,6473.705078125,398776,,
2025-06-04,6493.532999637589,6592.175218487045,6473.705417959306,6560.94677734375,407206,,
2025-06-05,6570.860755756393,6621.421090479322,6551.033173512106,6571.3564453125,200706,,
2025-06-06,6572.843480063173,6572.843480063173,6448.921091675858,6488.08056640625,361092,,
2025-06-09,6500.968262896573,6597.1320328547845,6491.054472179232,6575.8173828125,254156,,
2025-06-10,6587.218184825793,6639.265585639,6554.006986211652,6616.4638671875,288574,,
2025-06-11,6622.41238698095,6707.6709895678305,6622.41238698095,6661.076171875,539922,,
2025-06-12,6661.076139492333,6803.339039628833,6648.18821125697,6667.0244140625,647651,,
2025-06-13,6642.239924136606,6662.563195546278,6554.007184845836,6609.5244140625,431430,,
2025-06-16,6574.82611682243,6640.257136682243,6557.972672313084,6629.84765625,166374,,
2025-06-17,6632.325846105222,6644.718084233221,6434.545725582353,6481.63623046875,341004,,
2025-06-18,6491.550613046839,6591.679906253579,6456.852343123712,6492.5419921875,447218,,
2025-06-19,6488.576126603891,6509.890776981581,6424.1364859271525,6437.0244140625,240502,,
2025-06-20,6443.964023034549,6545.580378782402,6399.847653953774,6535.1708984375,560932,,
2025-06-23,6513.360485332137,6607.045807381435,6503.446694639089,6578.79150390625,478962,,
2025-06-24,6622.412319844261,6622.412319844261,6498.489933619631,6508.8994140625,270144,,
2025-06-25,6528.231193109841,6550.5372222434735,6463.791553390458,6529.71826171875,234226,,
2025-06-26,6532.196632542085,6570.860415918795,6482.627679495022,6558.9638671875,404238,,
2025-06-27,6494.524487033338,6636.291698397369,6494.524487033338,6600.60205078125,545217,,
2025-06-30,6622.412306566194,6770.127790649782,6608.532999336864,6750.7958984375,599664,,
2025-07-01,6769.632010911179,6815.731137880114,6638.274283526581,6797.390625,385716,,
2025-07-02,6797.390608877002,6826.14060197223,6684.869084176712,6800.36474609375,437491,,
2025-07-03,6828.619205388307,6880.170918320971,6793.920937068245,6816.72265625,302964,,
2025-07-04,6820.688413994064,6885.128057440229,6810.774622694654,6846.9599609375,243498,,
2025-07-07,6855.386291534918,6871.248356706944,6801.85182157933,6829.11474609375,85574,,
2025-07-08,6941.63624876698,7010.537094138203,6851.420753388832,6878.18798828125,531444,,
2025-07-09,6870.257116943062,6949.0717548647035,6860.343326009523,6923.2958984375,382020,,
2025-07-10,6899.998424830155,6922.304454220771,6771.119143906604,6785.494140625,183664,,
2025-07-11,6771.1192763579,6845.968398666102,6766.1623808408,6776.076171875,224031,,
2025-07-14,6592.6707785011895,6766.657804309755,6488.575976735381,6720.06298828125,968781,,
2025-07-15,6741.378146861193,6759.718660937213,6676.442813240692,6731.46435546875,132235,,
2025-07-16,6731.464295496862,6800.365145060489,6692.8005094107975,6772.11083984375,327289,,
2025-07-17,6771.615126011869,6821.679771918259,6704.697034948871,6731.9599609375,291956,,
2025-07-18,6721.550638787789,6723.037707513184,6624.891171637079,6673.46875,196816,,
2025-07-21,6683.878224058014,6687.843740654905,6606.054960844049,6630.34375,152442,,
2025-07-22,6627.369038656694,6627.369038656694,6522.778547470713,6555.98974609375,272172,,
2025-07-23,6583.748470570725,6621.420875612388,6558.9639935696305,6595.64501953125,206835,,
2025-07-24,6595.644960769293,6625.88202244124,6543.10186999509,6561.4423828125,183852,,
2025-07-25,6570.903611738881,6624.681846815253,6542.022707716386,6589.32763671875,179064,,
2025-07-28,6589.327467036565,6685.929109038008,6528.577980829473,6556.9609375,155158,,
2025-07-29,6552.97735937149,6660.533826668165,6446.416785290525,6649.0810546875,207710,,
2025-07-30,6616.216635448484,6705.84702563293,6574.389120029076,6622.68994140625,226974,,
2025-07-31,6529.076278333712,6635.138911592184,6525.092705253582,6568.4140625,208301,,
2025-08-01,6570.903756975556,6570.903756975556,6309.481775131651,6335.375,467222,,
2025-08-04,6345.8316664780605,6486.750558632273,6316.950762785677,6462.84912109375,351237,,
2025-08-05,6462.84909221895,6503.680714498167,6337.366545702333,6382.6796875,377699,,
2025-08-06,6384.173455754323,6422.515344537809,6029.635471158966,6108.31103515625,984259,,
2025-08-07,6124.743360681012,6149.142744800798,5936.021593713686,6106.3193359375,1004420,,
2025-08-08,6074.94864151397,6092.874719472536,5869.296691600423,5890.21044921875,541367,,
2025-08-11,5866.8068760463175,5991.293526785715,5832.448560442243,5967.39208984375,677693,,
2025-08-12,5967.392221313537,5990.297765554227,5922.577026060015,5936.51953125,477759,,
2025-08-13,5946.478601347354,6124.743493265153,5945.482708096417,6075.44677734375,394932,,
2025-08-14,6129.723028084234,6179.517691188086,6065.985859311302,6107.3154296875,407062,,
2025-08-18,6122.751843025083,6185.991065866998,6067.4797663679765,6139.18408203125,362833,,
2025-08-19,6139.681583520309,6145.158996125234,6050.051195439721,6054.53271484375,246497,,
2025-08-20,6059.014432634263,6070.965151436303,5928.0544724285755,5980.3388671875,544008,,
2025-08-21,5980.339083706375,6035.113213532162,5963.408898123859,6003.24462890625,219909,,
2025-08-22,6062.998083546696,6162.587408177884,6062.998083546696,6126.2373046875,681524,,
2025-08-25,6229.3121732028185,6288.567820573813,6178.521618313395,6222.8388671875,439686,,
2025-08-26,6234.291729136378,6234.291729136378,6094.866674491156,6165.0771484375,546739,,
2025-08-28,6249.2301169518005,6249.2301169518005,6083.41389153786,6106.8173828125,415482,,
2025-08-29,6106.81728255219,6152.130424488935,6066.981553377029,6106.3193359375,283850,,
2025-09-01,6106.319428977797,6109.805055333733,6039.096634970458,6067.9775390625,192062,,
2025-09-02,6067.9776812268965,6123.249757594546,6034.615256752729,6095.36474609375,307162,,
2025-09-03,6119.764063276307,6162.587473320389,6071.96118694803,6138.68603515625,281110,,
2025-09-04,6137.689885003337,6172.048200926201,6068.47530655003,6108.31103515625,294429,,
2025-09-05,6108.310969580785,6152.130270577207,5977.848959795983,5984.322265625,213926,,
2025-09-08,6004.240421910644,6041.088472269027,5915.605922399937,6002.74658203125,519368,,
2025-09-09,6000.256718798808,6025.1540495822055,5972.869654937071,5977.84912109375,254569,,
2025-09-10,5990.297742272988,6018.182752544583,5872.284395230703,6006.72998046875,810989,,
2025-09-11,6010.215816984509,6050.051547337347,5971.375979890491,5990.7958984375,258301,,
2025-09-12,6000.25664845176,6058.516401801873,5979.3428908389,6001.75048828125,487571,,
2025-09-15,5986.314398226613,6040.590581008737,5949.4663475304915,6032.12548828125,152355,,
2025-09-16,6099.845960654434,6149.640621557735,6035.610848089175,6074.45068359375,285215,,
2025-09-17,6063.993945764351,6113.290661204544,6012.207497221118,6026.64794921875,413995,,
2025-09-18,6027.145820338064,6104.32754556546,6017.186888050658,6086.8994140625,480382,,
2025-09-19,6161.591473821824,6254.209545110887,6131.216730011971,6174.5380859375,734989,,
2025-09-22,6174.538014208042,6175.53390743614,6056.026720064372,6067.4794921875,290634,,
2025-09-23,6067.479471166634,6102.83368064163,5981.832653846924,6026.14990234375,264356,,
2025-09-24,6012.207635971315,6053.537206435586,5940.503320948963,5959.42529296875,253046,,
2025-09-25,5960.4208285529185,5986.314051868269,5860.831508109261,5872.7822265625,210498,,
2025-09-26,5800.082410580895,5800.082410580895,5633.2702876804315,5666.134765625,672699,,
2025-09-29,5693.521480089951,5711.447557865292,5613.352076705792,5674.1015625,467714,,
2025-09-30,5690.036204130141,5712.941749364235,5641.735380484335,5666.134765625,281179,,
2025-10-01,5669.122161598006,5725.888075205574,5651.694030227261,5686.55029296875,721666,,
2025-10-03,5735.847039322539,5907.638620932598,5722.402480761752,5841.90966796875,655087,,
2025-10-06,5860.831530021105,5873.7781417271835,5778.670340347912,5802.57177734375,196219,,
2025-10-07,5835.934282918851,6094.866520727537,5807.551326082129,6079.43017578125,1024126,,
2025-10-08,6089.8873331203795,6241.761056472931,6078.9325071736375,6095.36474609375,874932,,
2025-10-09,6123.7475679899,6192.962148568091,6098.352290223801,6106.8173828125,336390,,
2025-10-10,6107.315163732781,6480.775120748646,6084.907566311829,6447.91064453125,1651908,,
2025-10-13,6438.947832406622,6592.813340117831,6413.0546078079715,6529.076171875,905107,,
2025-10-14,6543.018703382201,6557.957102248371,6468.326709051355,6534.0556640625,321275,,
2025-10-15,6552.977600422657,6581.3605581144575,6500.195258048432,6546.00634765625,462127,,
2025-10-16,6546.006489653956,6605.2621394538055,6511.648171702784,6573.3935546875,335444,,
2025-10-17,6552.977559194008,6619.702406681242,6529.574067911172,6594.30712890625,302575,,
2025-10-20,6617.710528775175,6641.611966350886,6543.516482967236,6576.87890625,368513,,
2025-10-21,6620.698217725254,6629.661256828673,6526.088360522502,6559.94873046875,32977,,
2025-10-23,6572.895426376514,6600.282490653082,6521.606924185849,6538.537109375,286780,,
2025-10-24,6537.0434116321285,6647.587564388247,6508.162506858007,6565.92431640625,250640,,
2025-10-27,6582.854357515168,6582.854357515168,6441.9354631750175,6463.34716796875,342190,,
2025-10-28,6468.326561529277,6487.74647961239,6356.786519205754,6412.05859375,305957,,
2025-10-29,6423.511454514262,6511.64800702969,6423.511454514262,6485.2568359375,325673,,
2025-10-30,6518.121178493027,6667.505162721286,6509.6560860534255,6627.66943359375,537064,,
2025-10-31,6614.72286278036,6747.176662953469,6581.360439428487,6710.32861328125,507645,,
2025-11-03,6710.328663228891,6833.321478590833,6704.353303778108,6776.0576171875,499591,,
2025-11-04,6775.061824177705,6837.803099339132,6729.250734377297,6776.5556640625,801413,,
2025-11-06,6764.604674313179,6876.144714581575,6736.221717637739,6855.23095703125,721954,,
2025-11-07,6846.268307814436,6863.696440098493,6574.389444183141,6629.16357421875,855609,,
2025-11-10,6672.484623683031,6720.287498598968,6609.245403742154,6664.01953125,418569,,
2025-11-11,6683.439738873504,6697.382244661648,6462.351432804377,6512.64404296875,388972,,
2025-11-12,6543.516731234124,6547.500304314549,6454.384283559601,6493.22412109375,476290,,
2025-11-13,6498.701136772958,6617.710375274892,6446.416743288845,6566.421875,397401,,
2025-11-14,6556.961048481533,6604.763923683099,6454.384045444838,6484.7587890625,147365,,
2025-11-17,6501.190966096495,6532.0636560396615,6449.404518449893,6491.72998046875,242726,,
2025-11-18,6458.367811588833,6525.0926602205145,6429.4869069572105,6446.9150390625,162830,,
2025-11-19,6483.265139896285,6485.256926421599,6407.577251934363,6427.4951171875,128134,,
2025-11-20,6468.326490721712,6470.816223782036,6406.581110825677,6435.9599609375,114162,,
2025-11-21,6435.4621353328985,6435.4621353328985,6329.399504968777,6346.82763671875,130843,,
2025-11-24,6337.864720216917,6356.288745566385,6296.037203207315,6332.88525390625,393803,,
2025-11-25,6328.901565561277,6416.540171032463,6314.9590601454065,6385.66748046875,179873,,
2025-11-26,6391.145009968138,6503.183001962126,6385.169650395125,6483.26513671875,126970,,
2025-11-27,6487.746653123736,6515.133717819554,6424.50743100794,6463.84521484375,95681,,
2025-11-28,6473.305934701637,6541.026673710823,6408.074928744259,6450.400390625,250130,,
2025-12-01,6473.804186598324,6497.705625022808,6378.198432900387,6396.12451171875,100192,,
2025-12-02,6374.214834049048,6426.997177022971,6344.338036139279,6391.14501953125,151910,,
2025-12-03,6393.136513414686,6440.939387882153,6316.452735623124,6428.49072265625,278865,,
2025-12-04,6428.491087904815,6465.837085704417,6386.663570369261,6442.43359375,200558,,
2025-12-05,6440.441732851964,6459.861651483572,6368.239471272906,6446.9150390625,148911,,
2025-12-08,6459.363436333402,6459.363436333402,6243.752553822428,6302.51025390625,179082,,
2025-12-09,6294.045078894583,6315.456782881328,6239.27095241686,6268.15185546875,236524,,
2025-12-10,6268.151955731442,6380.68789011302,6253.711503974514,6268.64990234375,270852,,
2025-12-11,6274.625571053655,6471.3144926127525,6248.234399300156,6403.59375,264850,,
2025-12-12,6403.593536498045,6492.228034903695,6383.675671687787,6400.10791015625,128635,,
2025-12-15,6383.675454318875,6389.650813558487,6304.5019443940155,6321.43212890625,131176,,
2025-12-16,6321.930110463854,6348.81922719078,6257.1970516768115,6309.4814453125,169831,,
2025-12-17,6286.078221833784,6348.321550234387,6254.707584319879,6267.15625,194825,,
2025-12-18,6274.127369465125,6410.564742420161,6255.205398033405,6353.798828125,396678,,
2025-12-19,6383.675842450027,6570.90377667477,6382.182002549297,6451.89453125,785205,,
2025-12-22,6473.3060168787915,6516.129425913528,6424.009301827176,6484.7587890625,255434,,
2025-12-23,6494.717537985891,6525.092280745773,6421.519387400602,6449.90234375,192477,,
2025-12-24,6473.305938774725,6552.977396482722,6459.363433675826,6469.8203125,252785,,
2025-12-26,6468.326799746573,6520.113249875413,6375.708725477683,6401.10400390625,252704,,
2025-12-29,6423.511508171309,6427.993027828173,6344.835940861924,6364.255859375,244981,,
2025-12-30,6383.675621266017,6473.30601220423,6259.188967185167,6334.37890625,1927570,,
2025-12-31,6472.808135640215,6472.808135640215,6339.85638764299,6366.24755859375,273233,,
2026-01-01,6371.725012838164,6387.161358211561,6274.127474348302,6317.94677734375,146473,,
2026-01-02,6324.917988991617,6371.724971432587,6306.493963988255,6366.24755859375,108528,,
2026-01-05,6373.716802860062,6420.523785631065,6318.942674085482,6337.36669921875,145454,,
2026-01-06,6379.194010367661,6632.648834446744,6366.745345137843,6615.220703125,732441,,
2026-01-07,6652.566698814452,6703.8551995613,6585.84185318263,6615.220703125,423884,,
2026-01-08,6617.710805378144,6672.484935445232,6553.47568920856,6573.3935546875,331547,,
2026-01-09,6572.8953982231915,6629.661313026028,6502.684924651262,6589.32763671875,351042,,
2026-01-12,6607.751764678778,6608.249711307617,6313.963253664425,6458.86572265625,665870,,
2026-01-13,6434.466279121636,6497.207553782627,6345.831779997378,6410.06689453125,253726,,
2026-01-14,6378.696128875826,6435.462042903292,6319.44048177698,6329.3994140625,524643,,
2026-01-15,6329.3994140625,6329.3994140625,6329.3994140625,6329.3994140625,0,,
2026-01-16,6329.399376830663,6357.782333677437,6201.9250443258525,6210.39013671875,409423,,
2026-01-19,6210.390421735036,6231.8021270056115,6074.948937232797,6114.78466796875,351743,,
2026-01-20,6117.274329082235,6138.188087472261,5975.359540007068,5988.30615234375,204440,,
2026-01-21,5980.338893185836,6067.479551496204,5930.544231294197,5985.318359375,324388,,
2026-01-22,5996.273209002712,6109.805038570277,5985.318383342684,6046.06787109375,372206,,
2026-01-23,6074.4506139031055,6119.7637548052435,5962.41262815606,5986.81201171875,460503,,
2026-01-27,6040.590380206291,6062.500031243228,5975.359373709957,6031.12939453125,367912,,
2026-01-28,6074.948796751272,6230.308143028847,6037.104853427249,6162.58740234375,335259,,
2026-01-29,6156.113914819372,6196.447590068128,5966.894203775826,6016.19091796875,405502,,
2026-01-30,6016.190970097272,6055.030805858536,5949.964070658195,6026.14990234375,347165,,
2026-02-02,6031.129640907182,6031.627587542,5865.811358147837,5928.0546875,400656,,
2026-02-03,6124.743276833528,6278.608778666176,6124.743276833528,6183.5009765625,454227,,
2026-02-04,6199.435543003912,6199.435543003912,5996.77126461013,6029.6357421875,327213,,
2026-02-05,6029.137661999816,6147.648957305066,5911.6222599324265,6116.2783203125,370561,,
2026-02-06,6056.524703408349,6074.450781622827,5914.6099175437275,5999.7587890625,433945,,
2026-02-09,6054.035236598563,6124.743659332318,6016.191292036835,6088.3935546875,219396,,
2026-02-10,6127.7310740906605,6202.423066705125,6125.7392876209415,6150.138671875,237887,,
2026-02-11,6168.562530123356,6765.102561693245,6100.841791981867,6360.27197265625,1263189,,
2026-02-12,6421.519528092159,6421.519528092159,6106.319321727214,6159.599609375,1200795,,
2026-02-13,6115.780416237107,6174.538117679542,6029.137703940636,6143.16748046875,299364,,
2026-02-16,6080.426302006578,6196.447866855283,5983.8246557377,6124.24560546875,175634,,
2026-02-17,6100.343975260416,6204.414817708333,6077.438430989583,6162.08935546875,151261,,
2026-02-18,6139.681960939365,6273.131658062784,6139.681960939365,6257.6953125,438670,,
2026-02-19,6229.312232501737,6323.922090549325,6225.328659531312,6271.6376953125,185828,,
2026-02-20,6271.637857025103,6294.045455561517,6225.826766683991,6265.16455078125,338573,,
2026-02-23,6310.975654134722,6317.448960391922,6219.851419898755,6267.654296875,97285,,
2026-02-24,6229.312111982081,6267.654001080612,6200.929155116934,6229.81005859375,92139,,
2026-02-25,6228.814401743047,6391.642949937945,6224.332882067958,6369.2353515625,348440,,
2026-02-26,6415.54401515316,6537.5409325477995,6349.815063740539,6447.41259765625,392374,,
2026-02-27,6397.617985390497,6448.408539135035,6357.28431035807,6382.181640625,466870,,
2026-03-02,6245.744245166828,6392.638493139738,6237.77709951406,6377.2021484375,300339,,
2026-03-04,6313.9629605119935,6337.366450980769,6212.879799551116,6290.0615234375,369392,,
2026-03-05,6290.559430836452,6368.737047447021,6274.127192950154,6338.3623046875,291293,,
2026-03-06,6313.963126394869,6401.60173130382,6289.065795454826,6303.00830078125,269349,,
2026-03-09,6251.222051259503,6337.86476568671,6148.147097889206,6304.00439453125,260778,,
2026-03-10,6338.362343883335,6452.39211658734,6327.905465163753,6345.83154296875,298252,,
2026-03-11,6346.8274319134935,6423.511209138872,6304.004023852568,6326.41162109375,254117,,
2026-03-12,6304.004046158668,6304.501992765789,6195.4516858061725,6256.201171875,153876,,
2026-03-13,6249.230092425182,6300.02064775804,6030.133579224618,6046.06787109375,200936,,
2026-03-16,5985.318383342684,6104.825572361174,5902.659244271562,6046.06787109375,282845,,
2026-03-17,6049.055728642538,6121.755937432612,6026.648130042859,6061.50439453125,183604,,
2026-03-18,6061.504378109413,6157.608078509899,6061.504378109413,6114.78466796875,180112,,
2026-03-19,6074.948551629866,6091.878736118015,5930.544036878008,5947.97216796875,122495,,
2026-03-20,6025.154068743596,6154.6201892289955,6005.734150670786,6074.94873046875,283471,,
2026-03-23,6011.709744505527,6022.166623875577,5957.4335611086,5988.80419921875,227221,,
2026-03-24,6064.989606399612,6066.981392805655,5921.580985164547,6001.25244140625,228968,,
2026-03-25,6001.252576780593,6112.294671422318,5971.873726628746,5989.7998046875,250204,,
2026-03-27,5986.812134084189,6035.112955593477,5910.626302219024,5972.86962890625,540647,368324.0,68.13
2026-03-30,5935.5237606671435,5965.400558120165,5877.26400563375,5922.5771484375,492229,244025.0,49.58
2026-04-01,5977.3514604871225,6097.854547244694,5810.041389617107,5882.24365234375,546653,299615.0,54.81
2026-04-02,5826.97131767654,5845.395342523065,5624.307044364768,5832.44873046875,513534,241498.0,47.03
2026-04-06,5835.93456410518,5879.255921364323,5703.480759151939,5797.0947265625,346192,157277.0,45.43
2026-04-07,5764.230203659188,5882.741501903045,5684.558742654915,5825.9755859375,347412,201597.0,58.03
2026-04-08,5895.688182697212,5959.923298876936,5845.893518991999,5857.84423828125,302280,163295.0,54.02
2026-04-09,5827.9674139017225,5939.507460100798,5827.9674139017225,5928.0546875,237284,118385.0,49.89
2026-04-10,5906.642667694453,6104.82541779919,5906.642667694453,6091.380859375,334871,150452.0,44.93
2026-04-13,5984.322291607676,6090.882864948002,5945.48245646494,6045.07177734375,211392,106038.0,50.16
2026-04-15,6098.850083784399,6158.603677028531,6075.944539707482,6152.13037109375,251355,162770.0,64.76
2026-04-16,6174.538276098356,6287.074215646599,6154.620410691587,6267.654296875,350424,185884.0,53.05
2026-04-17,6279.604777599609,6299.024695633579,6186.488760359809,6203.4189453125,169295,71534.0,42.25
2026-04-20,6243.752593760885,6272.135550762589,6162.089349054228,6254.20947265625,208547,125791.0,60.32
2026-04-21,6256.201485537056,6279.107030613044,6212.880128545516,6260.18505859375,242433,146676.0,60.5
2026-04-22,6260.184958342862,6297.530955151303,6223.336908158534,6259.68701171875,226547,124180.0,54.81
2026-04-23,6239.271290471041,6442.931462681947,6224.8308381626875,6352.30517578125,405157,187992.0,46.4
2026-04-24,6382.1819834158605,6416.042354397548,6294.045429537058,6335.375,316970,156438.0,49.35
2026-04-27,6325.415791424222,6480.7751338570615,6320.436325320606,6450.400390625,289657,156694.0,54.1
2026-04-28,6478.28575858373,6478.28575858373,6390.149203682168,6406.08349609375,271770,178634.0,65.73
2026-04-29,6443.429335823911,6522.602849301191,6427.495043803327,6507.16650390625,324770,206064.0,63.45
2026-04-30,6503.182962982987,6520.11314833838,6402.5977441068335,6475.7958984375,379741,234407.0,61.73
2026-05-04,6481.273331279742,6616.714814539429,6456.873946427813,6592.3154296875,371945,189168.0,50.86
2026-05-05,6592.813344269189,6647.5874732623615,6542.022788293701,6623.68603515625,195449,100920.0,51.63
2026-05-06,6662.525843498209,6737.715783884474,6588.331796362093,6674.4765625,314250,158638.0,50.48
2026-05-07,6677.464342537765,6752.156337420738,6655.554690705427,6674.974609375,330052,196523.0,59.54
2026-05-08,6672.484527512853,6731.242227083489,6647.587197186313,6682.94140625,155071,74353.0,47.95
2026-05-11,6672.4847406654935,6757.135666479907,6622.690078421721,6686.42724609375,196830,93476.0,47.49
2026-05-12,6682.44379915149,6717.300063379553,6608.747697640728,6616.71484375,156166,91634.0,58.68
2026-05-13,6652.566718359145,6841.786430408282,6615.718669170628,6768.09033203125,513807,307875.0,59.92
2026-05-14,6801.9509620724375,6919.466366688037,6789.004349699532,6893.0751953125,424282,223305.0,52.63
2026-05-15,6892.079248397169,6939.3841778529695,6704.353370451519,6732.736328125,321270,197272.0,61.4
2026-05-18,6722.7771984800775,6839.79465212372,6630.657075398912,6806.93017578125,340352,178947.0,52.58
2026-05-19,6821.868875291612,6913.491055806478,6807.428422927856,6883.6142578125,322081,207405.0,64.4
2026-05-20,6866.68368095067,6931.416739581822,6772.571772633072,6864.69189453125,957736,605095.0,63.18
2026-05-21,6876.642920448746,6896.560785533318,6800.9550331273695,6829.8359375,151586,82896.0,54.69
2026-05-22,6829.835892691847,6931.914950580577,6762.115151848591,6858.716796875,354149,206460.0,58.3
2026-05-25,6722.2791355719955,6916.478310599631,6662.525543255801,6728.75244140625,874049,373224.0,42.7
2026-05-26,6727.258876335633,6777.053538632714,6633.644911217121,6725.26708984375,309440,137890.0,44.56
2026-05-27,6757.135806836727,6827.346282058833,6698.378104168582,6769.58447265625,155051,62732.0,40.46
2026-05-28,6769.58447265625,6769.58447265625,6769.58447265625,6769.58447265625,0,0.0,0.0
2026-05-29,6772.073915835458,6820.87268375839,6562.936339022893,6639.6201171875,612037,431980.0,70.58
2026-06-01,6662.525854654241,6674.97452030195,6508.6603472485485,6526.58642578125,125379,60344.0,48.13
2026-06-02,6483.2648660825325,6525.092381347581,6424.009219457047,6506.17041015625,362800,219902.0,60.61
2026-06-03,6493.22373282236,6577.376709114306,6433.470140189025,6549.49169921875,563313,392295.0,69.64
2026-06-04,6524.096526167404,6672.484616901482,6494.219729375308,6569.40966796875,347823,223543.0,64.27
2026-06-05,6609.245339689812,6609.245339689812,6540.030761055224,6595.80078125,200964,123852.0,61.63
2026-06-08,6544.014387861093,6682.443546271182,6479.281328172922,6494.2197265625,456406,279913.0,61.33
2026-06-09,6508.162362228477,6762.11513994359,6508.162362228477,6725.26708984375,912179,519574.0,56.96
2026-06-10,6722.279401467293,6787.012462370311,6582.8543472146375,6611.2373046875,405743,232585.0,57.32
2026-06-11,6607.751668982069,6692.4025946585525,6597.792736549541,6628.16748046875,228572,105342.0,46.09
2026-06-12,6691.904556021557,6710.826527383178,6594.804966139556,6610.7392578125,162810,87944.0,54.02
2026-06-15,6623.6858134587565,6649.08109059651,6564.928113414542,6581.3603515625,196206,118429.0,60.36
2026-06-16,6592.813466014898,6704.353512569833,6544.0146956471135,6684.93359375,329248,186275.0,56.58
2026-06-17,6702.36166769059,6731.740518982845,6613.727167181755,6636.134765625,256856,168884.0,65.75
2026-06-18,6634.142737121266,6753.649924459636,6608.747459811862,6739.20947265625,411896,271236.0,65.85
2026-06-19,6762.115087666144,6767.094553857357,6688.916934655325,6715.30810546875,372371,204522.0,54.92
2026-06-22,6727.258957398135,6771.078260747582,6686.427333822514,6759.62548828125,232409,127953.0,55.06
2026-06-23,6762.1149120384525,6859.21450024519,6699.373639658714,6719.29150390625,295302,126357.0,42.79
2026-06-24,6722.279510305999,6796.971504864954,6697.382178786347,6725.76513671875,252591,140173.0,55.49
2026-06-25,6732.238234411075,6733.732074255989,6661.5298150851595,6685.92919921875,222828,128787.0,57.8
2026-06-25,6732.238234411075,6733.732074255989,6661.5298150851595,6685.92919921875,222828,0.0,0.0
2026-06-26,6685.92919921875,6685.92919921875,6685.92919921875,6685.92919921875,0,,
2026-06-29,6672.484608809093,6707.340871690931,6508.660173264451,6530.56982421875,474515,254432.0,53.62
2026-06-30,6533.5574208804765,6619.204237159071,6509.1580371732025,6551.9814453125,577958,372958.0,64.53
2026-07-01,6571.899428459915,6638.1263282921,6503.680742166613,6518.619140625,323984,0.0,0.0
2026-07-02,6572.895447530865,6698.875943608539,6518.121318801441,6655.056640625,344354,223372.0,64.87
2026-07-03,6658.044123043406,6776.555416236461,6658.044123043406,6729.25048828125,382822,241214.0,63.01
2026-07-06,6757.1356307532815,6861.704420912322,6725.7649937055685,6829.337890625,402108,264328.0,65.74
2026-07-07,6869.6714099015635,6930.420896130035,6726.262786673697,6743.69091796875,448472,257436.0,57.4
2026-07-08,6756.139692820133,6836.309098078391,6665.513408615146,6727.2587890625,358137,,
2026-07-09,6713.814142582999,6916.478412851579,6712.818249363006,6785.0205078125,356468,,
2026-07-10,6841.786640093576,6843.280479971326,6747.176781169429,6807.92626953125,222860,,
2026-07-13,6801.950952593545,6929.425289626045,6758.6295958676565,6910.00537109375,274183,158142.0,57.68
2026-07-14,6931.416911560131,7178.896380313391,6880.626356604733,7158.978515625,1093244,,
2026-07-15,7230.184735870257,7299.89726087176,7204.2915122982695,7243.13134765625,726479,342035.0,47.08
2026-07-16,7289.93865115842,7359.651179243268,7244.127561274091,7285.955078125,668484,,
2026-07-17,7285.9550157381855,7286.452962363099,7170.431398758192,7217.736328125,455060,276903.0,60.85
2026-07-20,7230.184969051056,7407.951913538055,7207.777371006476,7287.94677734375,434480,229409.0,52.8
2026-07-21,7287.946742038284,7313.839966319918,7245.123332649428,7299.8974609375,179558,91288.0,50.84
2026-07-22,7299.897558441709,7367.618299775138,7189.851353774887,7356.16552734375,371324,,
2026-07-23,7324.794661190966,7349.194045174539,7238.151950718686,7275.0,246545,147026.0,59.63
2026-07-24,7230.0,7280.0,7177.0,7248.5,328948,,
2026-07-27,7222.0,7459.0,7220.5,7414.0,544701,285601.0,52.43
2026-07-28,7448.0,7479.0,7350.5,7425.0,410385,223411.0,54.44
2026-07-29,7428.5,7818.5,7428.5,7784.5,1158131,695323.0,60.04
2026-07-30,7885.5,7938.0,7795.0,7835.0,651446,352200.0,54.06
2026-07-31,7873.0,8090.0,7870.5,8056.0,793919,440326.0,55.46
2026-08-03,8380.0,8585.0,8105.0,8585.0,1798150,573969.0,31.92
2026-08-04,8451.0,8460.5,8243.0,8378.0,970329,542337.0,55.89
2026-08-05,8389.5,8441.0,8333.0,8388.0,316801,,
2026-08-06,8408.0,8448.0,8268.5,8349.0,327434,207625.0,63.41
2026-08-07,8285.5,8334.0,8233.5,8275.0,256657,146730.0,57.17
2026-08-11,8315.0,8578.5,8285.5,8578.5,603654,333038,55.16
2026-08-12,8630.0,8674.0,8471.5,8600.0,557108,360259,64.42
2026-08-13,8539.5,8539.5,8414.0,8500.0,344125,190510,55.36
2026-08-14,8499.5,8574.5,8465.5,8477.0,340248,214482,63.02
2026-08-19,8600.0,8600.0,8508.0,8560.0,179109,108568,60.6
2026-08-26,8739.5,9043.0,8701.0,9025.0,708117,327325,46.22
2026-08-27,9045.0,9150.0,9035.0,9060.0,527216,297724,56.46
2026-09-02,9121.5,9299.0,9104.5,9220.0,403502,256249,63.49
