date,open,high,low,close,volume,delivery_qty,delivery_pct
2022-01-03,27.0520555640532,27.0520555640532,26.74907221151052,26.792356491088867,3325751,,
2022-01-04,27.095339209943806,27.13862349114749,26.056541227952827,26.316240310668945,4554961,,
2022-01-05,26.40280657905982,26.40280657905982,25.840124146124822,25.92669105529785,2687534,,
2022-01-06,25.71027443544107,26.922206202353383,25.62370752684881,26.35952377319336,3889882,,
2022-01-07,26.662504592652706,26.92220530981981,26.01325527642454,26.14310646057129,5224580,,
2022-01-10,26.74907450969835,28.047574939462,26.53265804659217,27.528173446655273,23661820,,
2022-01-11,27.70130365466705,28.134136524271224,27.225188158553006,27.355037689208984,12853934,,
2022-01-12,27.658024645420245,27.961006372867633,27.355041266846282,27.528173446655273,5878122,,
2022-01-13,27.614739738922314,27.7445892836303,27.008774646576192,27.13862419128418,5388079,,
2022-01-14,27.052056191954595,27.31175527094677,26.92220665245851,27.095338821411133,2821577,,
2022-01-17,27.355037647137266,27.787868864949385,27.00877168221175,27.181903839111328,4870046,,
2022-01-18,27.35503782254666,27.484887353835568,26.749071141696586,26.83563804626465,3172663,,
2022-01-19,26.835639119540776,27.008772935601293,26.48937313854618,26.792356491088867,3311650,,
2022-01-20,26.922206849913366,27.008773760587818,26.70579039879047,26.749073028564453,2277103,,
2022-01-21,26.099823858030014,26.74907321594681,26.099823858030014,26.316240310668945,2080357,,
2022-01-24,26.143109630883355,26.316241812197017,25.27744377093525,25.40729331970215,3998306,,
2022-01-25,25.1908756125129,26.099824060186076,25.1908756125129,25.969974517822266,3325260,,
2022-01-27,25.92669187429048,26.229673589277215,25.753558050475338,25.883407592773438,3009022,,
2022-01-28,26.229674441584596,26.446090902822508,25.969975348549724,26.01325798034668,2038425,,
2022-01-31,26.87892169627067,27.00877288362941,26.272956643477777,26.532655715942383,2749870,,
2022-02-01,26.705790627375297,26.79235753879071,26.402807262984602,26.57594108581543,1785054,,
2022-02-02,26.74907221151052,26.922206027571033,26.66250530348026,26.792356491088867,1566381,,
2022-02-03,26.705789415194058,27.355038744650347,26.705789415194058,27.225189208984375,3492756,,
2022-02-04,27.355040637842496,27.441607551319755,27.00877463505999,27.05205726623535,1658162,,
2022-02-07,27.181905731450684,27.35503955152978,27.00877356249806,27.095338821411133,1942712,,
2022-02-08,27.18190702456657,27.311756570239947,26.446090730915365,26.705791473388672,2126047,,
2022-02-09,27.09533989741071,27.181906810887973,26.87892343928083,27.05205726623535,1832191,,
2022-02-10,27.13862398384743,27.65802380983584,26.922207527279472,27.48488998413086,3005956,,
2022-02-11,26.792356456830344,27.05205552946261,26.489373104675074,26.61922264099121,3007513,,
2022-02-14,26.27295810576621,26.402807649225622,25.62370873734263,25.710275650024414,3073621,,
2022-02-15,26.402808271025553,26.402808271025553,25.407292879556458,26.01325798034668,1868362,,
2022-02-16,26.1431081392337,26.489374133230694,26.099823858030014,26.316240310668945,1625943,,
2022-02-17,26.53265593925143,26.61922284784369,26.099823047416574,26.35952377319336,1691639,,
2022-02-18,26.27295575630494,26.402805288152543,26.143106224457334,26.229671478271484,1479119,,
2022-02-21,26.36464627115442,26.634592491606373,26.094701766967773,26.094701766967773,2405203,,
2022-02-22,25.8247547790739,25.8247547790739,25.419836345471836,25.644790649414062,2755717,,
2022-02-23,25.644789667132322,26.184680319167068,25.464825544365716,25.734771728515625,1624134,,
2022-02-24,25.19488087175197,25.50981722590188,24.43003593060649,24.56500816345215,3195126,,
2022-02-25,24.834958039750457,25.464829125482147,24.789966144599063,25.329856872558594,2523125,,
2022-02-28,25.7347739988868,25.91473642126497,25.104901229900168,25.77976417541504,2654368,,
2022-03-02,25.644793115813155,26.229674019061097,25.599802937203815,26.094701766967773,2869207,,
2022-03-03,26.409638166029065,26.409638166029065,26.00471969348379,26.094701766967773,1558101,,
2022-03-04,26.004716196400462,26.094698257783765,25.55480760574902,25.734771728515625,1259425,,
2022-03-07,25.734774047236897,25.734774047236897,25.014919207576114,25.194883346557617,3037640,,
2022-03-08,25.239875608403747,26.22967502204544,25.239875608403747,26.00472068786621,2068885,,
2022-03-09,26.094699928355215,26.274664062643048,25.824755443188646,25.914735794067383,1595805,,
2022-03-10,26.1846853948714,26.319657654977178,26.0047212372201,26.049713134765625,2119506,,
2022-03-11,26.094699561077615,26.18468162695505,25.734773013833024,25.8697452545166,1847000,,
2022-03-14,26.00472078684795,26.094702864115217,25.374849678507843,25.41983985900879,1748856,,
2022-03-15,25.644789092700222,25.644789092700222,24.879944162471947,25.10489845275879,3484042,,
2022-03-16,25.419839309142517,25.46482948867026,24.87994857348288,24.96993064880371,3693655,,
2022-03-17,25.194884699041193,25.329856952390134,24.699985864673295,24.744976043701172,5383269,,
2022-03-21,25.14989682081234,25.239877187099804,24.744978307456854,24.789968490600586,3025058,,
2022-03-22,24.879948297050113,24.96993037137118,24.610003790352227,24.744976043701172,2792952,,
2022-03-23,24.879948297050113,24.924940192343307,24.610003790352227,24.744976043701172,3319594,,
2022-03-24,24.699981742509408,24.924936032636943,24.475027452381873,24.520017623901367,3726055,,
2022-03-25,24.654990224104274,24.699982112562864,24.520017991258616,24.56500816345215,1772922,,
2022-03-28,24.699985220854302,24.699985220854302,24.385048827072218,24.47503089904785,2800248,,
2022-03-29,24.56500779542086,24.65498985472488,24.475027452381873,24.520017623901367,1456086,,
2022-03-30,24.654990224104274,24.834954345408526,24.520017991258616,24.56500816345215,1297773,,
2022-03-31,24.699987411499023,25.149896095014377,24.565013433432078,24.699987411499023,2614895,,
2022-04-01,24.74497248163452,25.239871244761183,24.654990420266472,25.149890899658203,2142185,,
2022-04-04,25.464827838764645,25.59980180113338,25.104901277066865,25.194883346557617,6372791,,
2022-04-05,25.329854575517135,26.049709386271473,25.05991009414998,25.8697452545166,6205914,,
2022-04-06,25.914735794067383,26.319654238082414,25.5548092417569,25.914735794067383,6139079,,
2022-04-07,26.00471906547541,26.67958202590954,25.824756639118796,26.229673385620117,7067210,,
2022-04-08,26.454629356224675,26.54461143314944,25.914738610941445,26.00472068786621,3786018,,
2022-04-11,26.094701766967773,26.679582670215712,26.00471969348379,26.094701766967773,6226370,,
2022-04-12,26.04970908301613,26.27466338695836,25.509818410301754,25.644790649414062,6093725,,
2022-04-13,25.68978237119693,25.9597285819477,25.554810123954166,25.599802017211914,3944477,,
2022-04-18,25.509822378077114,26.274667473697054,25.374850117971338,26.049713134765625,7875148,,
2022-04-19,26.184684476546664,27.08450180071483,26.13969258057905,26.364646911621094,11968312,,
2022-04-20,26.724572280751758,26.904534696071764,26.27466366805402,26.454626083374023,4615350,,
2022-04-21,26.679580389722894,26.904534696071764,26.364644017581444,26.454626083374023,6435178,,
2022-04-22,26.499618893500095,27.21947201227738,26.454627000910758,26.54460906982422,9687935,,
2022-04-25,26.544611993908607,26.544611993908607,26.0047212372201,26.049713134765625,4179340,,
2022-04-26,26.184684841715743,26.454629356224675,25.869748430611743,26.00472068786621,3062910,,
2022-04-27,25.869745321183487,26.094699628324214,25.419836706902036,25.689781188964844,2877534,,
2022-04-28,26.00471849058666,26.00471849058666,25.59980175303687,25.77976417541504,2107829,,
2022-04-29,25.779762888526374,25.95972701818621,25.509818410301754,25.644790649414062,3806204,,
2022-05-02,25.55480760574902,25.869743962458042,25.239871249039993,25.734771728515625,4471718,,
2022-05-04,25.7797626464035,25.824754536528467,25.19488180489992,25.239871978759766,3008440,,
2022-05-05,25.599799490233377,25.734771724152914,25.104899010841642,25.149890899658203,3303042,,
2022-05-06,25.01492074382537,25.77976580707059,24.834958310057004,25.554811477661133,6541892,,
2022-05-09,25.689779835336353,25.689779835336353,24.834954543002567,25.149890899658203,6096149,,
2022-05-10,25.329857882695727,25.374849779641362,24.699986771845214,24.834959030151367,2139013,,
2022-05-11,24.92493860793951,25.05991085270867,24.29506584399648,24.385047912597656,2926150,,
2022-05-12,24.25007316225434,24.65498985472488,23.980126984342277,24.520017623901367,4158159,,
2022-05-13,24.654988872730492,24.78996109817814,24.475026477555286,24.60999870300293,2807496,,
2022-05-16,24.43003593060649,24.699982112562864,24.295063697760828,24.56500816345215,3391727,,
2022-05-17,25.194880512126534,25.329852743045635,24.69998176000149,25.10489845275879,3589336,,
2022-05-18,25.329857148251676,25.73477562769483,25.01492074382537,25.554811477661133,3164861,,
2022-05-19,25.194884699041193,25.194884699041193,24.699985864673295,24.744976043701172,1704162,,
2022-05-20,25.10489845275879,25.23987068367789,24.924936050288334,25.10489845275879,883594,,
2022-05-23,25.194885987802763,25.32985824805577,24.789967490778345,24.87994956970215,1549840,,
2022-05-24,24.924940469275967,25.104902903652285,24.834958393955137,24.96993064880371,811029,,
2022-05-25,25.059911873359212,25.104902051359574,24.02512233296336,24.295066833496094,1930718,,
2022-05-26,23.845154753518763,24.65498985472488,22.900347421489126,24.520017623901367,6031524,,
2022-05-27,24.56501169892075,24.699985667457316,24.07011286850435,24.340057373046875,1712397,,
2022-05-30,23.890150408159048,24.789967775189755,23.890150408159048,24.699987411499023,2754314,,
2022-05-31,24.744978307456854,24.879950573153526,24.475033776063515,24.789968490600586,1237445,,
2022-06-01,24.789968490600586,24.879950573153526,24.56501414235098,24.789968490600586,833581,,
2022-06-02,24.789966683629462,25.554811755180726,24.654994427771086,25.374849319458008,2146353,,
2022-06-03,25.239875158500862,25.37484912961477,24.924940469275967,24.96993064880371,666141,,
2022-06-06,25.554808344574038,25.554808344574038,24.78996337510084,25.239871978759766,1193845,,
2022-06-07,25.19488355921838,25.68978237119693,24.92493906473285,25.599802017211914,2195042,,
2022-06-08,25.419838790235847,26.229674019061097,25.329856716751863,26.094701766967773,3395050,,
2022-06-09,25.914739158394447,26.274667473697054,25.644794638182894,26.049713134765625,3128709,,
2022-06-10,25.914737695571123,26.049711664323354,25.419838864363967,25.50982093811035,799958,,
2022-06-13,25.239876458705105,25.46483080046278,24.654995513388233,24.699987411499023,995881,,
2022-06-14,24.56500816345215,24.7449722847564,24.43003593060649,24.56500816345215,628146,,
2022-06-15,24.565010986258862,24.789965305606525,24.565010986258862,24.654993057250977,483995,,
2022-06-16,24.744975188068143,24.789965365540343,23.89014808597423,24.070112228393555,2282773,,
2022-06-17,24.070113223705924,24.115103403038496,23.350260056792816,23.575214385986328,1290366,,
2022-06-20,23.575209316133193,23.80016359695025,22.990326812996887,23.260272979736328,1129320,,
2022-06-21,23.440240772931638,23.80016907814258,23.215286440307473,23.62020492553711,719006,,
2022-06-22,23.620203091266745,23.710185160581755,23.350258599586926,23.44023895263672,514873,,
2022-06-23,23.39524877611182,23.575212914741847,23.260276530271913,23.44023895263672,643409,,
2022-06-24,23.485232311055857,23.710186640249372,23.485232311055857,23.575214385986328,399967,,
2022-06-27,23.845160173489823,24.02512433300346,23.620205832230482,23.710187911987305,840803,,
2022-06-28,23.935140260697356,24.34005701149646,23.530221793632975,24.295066833496094,1149258,,
2022-06-29,24.16009494210696,24.78996602479462,23.84515854263048,24.340057373046875,2948123,,
2022-06-30,24.475031982268767,24.65499441791958,24.11510367843645,24.20508575439453,475645,,
2022-07-01,24.115102347563532,24.789965305606525,24.02512199283667,24.654993057250977,834442,,
2022-07-04,24.744977055905906,24.789967236774128,24.205086304160336,24.250078201293945,749736,,
2022-07-05,24.29506675509658,24.565011254758215,24.2500765772414,24.47503089904785,808528,,
2022-07-06,24.654992402135978,24.654992402135978,24.16009359922732,24.385047912597656,678013,,
2022-07-07,24.475027452381873,24.609999683205388,24.385045393077853,24.520017623901367,929156,,
2022-07-08,24.56500779542086,24.65498985472488,24.385045393077853,24.520017623901367,490540,,
2022-07-11,24.61000314887867,24.654993326733848,24.385048827072218,24.47503089904785,533394,,
2022-07-12,24.47503180893716,25.104902903652285,24.34005783782325,24.96993064880371,2012004,,
2022-07-13,25.194881072209693,25.32985330612923,25.014916949473594,25.149890899658203,800181,,
2022-07-14,25.239872215811996,25.779762888526374,24.879945672757458,25.644790649414062,2875177,,
2022-07-15,25.779765641697857,26.589600879123882,25.374848881117508,26.319656372070312,2812034,,
2022-07-18,26.499617999393504,26.499617999393504,25.779763188639166,25.8697452545166,1257402,,
2022-07-19,25.734776634167563,25.91473907497416,25.374850036288972,25.46483039855957,822969,,
2022-07-20,25.554811755180726,25.6897840110391,25.374849319458008,25.374849319458008,532871,,
2022-07-21,25.374848685623427,25.644793190597277,25.32985679061758,25.50982093811035,611604,,
2022-07-22,25.599803373302223,25.64479355267798,25.329857148251676,25.554811477661133,551551,,
2022-07-25,25.46482805370391,25.68978237119693,25.329855806461143,25.599802017211914,991100,,
2022-07-26,25.464829043104505,25.689783369337814,25.374848685623427,25.50982093811035,569102,,
2022-07-27,25.509821936276055,25.509821936276055,25.329857781741524,25.41983985900879,444825,,
2022-07-28,25.55481119951962,25.55481119951962,25.239874798521118,25.329856872558594,465880,,
2022-07-29,25.50982093811035,25.689783369337814,25.239874716871196,25.50982093811035,1071107,,
2022-08-01,25.509818410301754,26.09469925729852,25.374846171189443,25.644790649414062,1672470,,
2022-08-02,25.644794638182894,26.1846853948714,25.509822378077114,26.049713134765625,2408127,,
2022-08-03,26.094701119806345,26.454627688550623,25.644792479809684,25.824756622314453,1706196,,
2022-08-04,25.82475770271168,26.274666361530592,25.419839223268525,25.554811477661133,1490858,,
2022-08-05,25.68978148434018,26.769562857536815,24.969928379719214,25.914735794067383,11420616,,
2022-08-08,25.419838946596066,25.64479327355709,25.239874798521118,25.329856872558594,3582640,,
2022-08-10,25.239871978759766,25.46482628058923,25.19488180489992,25.239871978759766,1297093,,
2022-08-11,25.374845194945788,25.464825540048768,25.104899010841642,25.149890899658203,959703,,
2022-08-12,25.194885523973312,26.274667018649748,25.14989534347237,25.41983985900879,5501576,,
2022-08-16,25.734771728515625,25.869743962458042,25.55480760574902,25.734771728515625,1489798,,
2022-08-17,25.77976472855563,25.9597288710604,25.73477455106207,25.824756622314453,1178825,,
2022-08-18,25.824756068208497,25.86974624473673,25.7347739988868,25.77976417541504,692152,,
2022-08-19,25.914735127638682,26.0047171924686,25.599800475131673,25.644790649414062,741508,,
2022-08-22,25.64479383117476,25.734775907168792,25.329857423328317,25.374849319458008,663086,,
2022-08-23,25.239874798521118,25.464829125482147,25.239874798521118,25.329856872558594,491299,,
2022-08-24,25.374848685623427,25.599803011856736,25.284866611877042,25.50982093811035,680725,,
2022-08-25,25.599800839120682,25.914735496105568,25.509818773011357,25.689781188964844,1404284,,
2022-08-26,25.869748430611743,26.139692945120675,25.68978427676221,26.00472068786621,2015540,,
2022-08-29,25.644793836315483,27.354446415483448,25.509821580430053,26.94952964782715,5397617,,
2022-08-30,27.219471924508625,28.164279354390445,26.904535542459616,27.714370727539062,11060638,,
2022-09-01,27.804354899666855,28.704172221444196,27.62439246507059,28.119291305541992,7437850,,
2022-09-02,28.119291305541992,28.794154296875,27.98431905052846,28.119291305541992,6578921,,
2022-09-05,28.20927493579269,28.704173803541597,27.93932869462157,28.074302673339844,3799449,,
2022-09-06,28.164280268132824,28.299254233579408,27.219472807598326,27.399436950683594,2877460,,
2022-09-07,27.309452662165423,27.849343331327752,27.264460771913903,27.759361267089844,1974656,,
2022-09-08,27.759364720084122,28.299255456403596,27.759364720084122,28.119291305541992,2848422,,
2022-09-09,28.11929031239085,28.5691989573891,28.029308240138143,28.209272384643555,2673363,,
2022-09-12,28.344241113973677,28.884130047894455,28.20926888049348,28.434223175048828,2247045,,
2022-09-13,28.524208430954307,28.749162750705477,28.29925411120314,28.569198608398438,3040273,,
2022-09-14,27.984317795958965,28.524208508074512,27.984317795958965,28.38923454284668,1983458,,
2022-09-15,28.65918116436633,29.87393485482513,28.524208913485417,29.199071884155273,8671226,,
2022-09-16,29.51400239155181,30.323839214876404,28.479212992738766,28.97411346435547,15608702,,
2022-09-19,29.199067756108956,29.424022047862447,28.479212992738766,28.97411346435547,3183306,,
2022-09-20,29.244060516357422,29.37903447636815,28.929125853039576,29.244060516357422,2827068,,
2022-09-21,30.0220723321479,30.11360513757836,29.19829628718105,29.289827346801758,3289237,,
2022-09-22,29.19829740479088,30.113606290223043,29.19829740479088,29.976308822631836,3869344,,
2022-09-23,30.067837002143023,30.250899121464126,29.0610005833062,29.56441879272461,5421055,,
2022-09-26,29.655947673196316,29.70171232406471,28.374516499166962,29.01523208618164,5102887,,
2022-09-27,29.01523208618164,29.38135278474785,28.32875184829857,29.01523208618164,2999756,,
2022-09-28,28.786405563354492,29.015232311089235,28.603343466842883,28.786405563354492,3032270,,
2022-09-29,28.877936110883734,29.19829392068663,28.74064040548524,28.969467163085938,3097269,,
2022-09-30,28.96946887102177,29.335591355606226,27.413447875085414,28.420284271240234,7234048,,
2022-10-03,28.603343245127988,29.38135278474785,28.054158705659624,29.01523208618164,3195515,,
2022-10-04,29.15253116753786,31.02891174964444,29.01523545319097,30.296663284301758,5600103,,
2022-10-06,30.983143859134348,31.028912007312922,29.93054279179734,30.06783676147461,4445936,,
2022-10-07,30.113604105152746,30.15936876048921,29.793244534558717,29.9305419921875,1275112,,
2022-10-10,29.747479879222254,30.479724839463845,29.61018242159347,29.9305419921875,2824308,,
2022-10-11,29.97630662499856,30.11360408252417,29.564417744041116,29.65595054626465,1971202,,
2022-10-12,30.067834584275563,30.20513203563067,29.701713866694003,30.022069931030273,2078526,,
2022-10-13,30.11360516355622,30.159369820501173,29.56441880535822,29.83901023864746,1827366,,
2022-10-14,30.022070681209875,30.205132790384557,29.427123190916316,29.61018180847168,1203466,,
2022-10-17,29.61017935612878,29.88477424295825,29.33558796091834,29.51865005493164,1355847,,
2022-10-18,29.976306647523963,30.38819552879092,29.56441776625701,29.9305419921875,10326181,,
2022-10-19,30.067837261887973,30.067837261887973,29.28982761257672,29.33559226989746,3241047,,
2022-10-20,29.28982417512258,29.61018023039033,28.09992576633205,28.328752517700195,9343911,,
2022-10-21,28.46604872905941,29.15252899545565,28.374517677711324,28.923702239990234,2562077,,
2022-10-24,29.7474798568688,29.83900916747295,29.28982632060928,29.65595054626465,1880148,,
2022-10-25,29.70171471767192,30.38819501087719,29.427123298713674,30.113603591918945,4567573,,
2022-10-27,30.342431464039016,33.45447347854336,29.97630723098229,33.17988204956055,29820799,,
2022-10-28,33.17988255640844,33.77483357130908,32.447637570728844,32.72222900390625,13589784,,
2022-10-31,32.9052941323537,33.08835626841914,31.944222282534934,32.08151626586914,6261421,,
2022-11-01,32.26457434084493,32.85952533526713,31.944218261767986,32.584930419921875,6177185,,
2022-11-02,32.72223199628826,32.767996657399664,32.035751604757735,32.08151626586914,3806240,,
2022-11-03,31.944217950075934,32.58493010197815,31.80692049374297,31.98998260498047,3474859,,
2022-11-04,32.03575079479908,33.31718222323894,31.85268866336199,33.04258728027344,6520408,,
2022-11-07,33.31717943891344,35.60544716159652,33.179881978904675,35.28508758544922,17569636,,
2022-11-09,35.69697500064673,36.06309921781391,34.32401442369878,34.55284118652344,9751736,,
2022-11-10,34.32401654730834,34.50707866721789,33.40870943938012,33.77483367919922,4254276,,
2022-11-11,34.14095523085347,34.73590626165588,33.637537007969684,33.91212844848633,4768861,,
2022-11-14,33.59177120865369,33.59177120865369,32.40187267909124,33.22564697265625,5199696,,
2022-11-15,33.45447359969534,35.14779381919057,33.17988216971812,34.232486724853516,8813249,,
2022-11-16,34.324016463961236,34.324016463961236,33.08835326790644,33.27141189575195,4330752,,
2022-11-17,33.54600679505799,33.63753610891062,32.49340222765516,32.72222900390625,4184008,,
2022-11-18,32.72222760834357,32.951054374835486,32.21880942038524,32.53916549682617,3436031,,
2022-11-21,32.40187692684701,34.04942922158399,32.21881478484958,33.82060241699219,4640990,,
2022-11-22,34.049423707184474,34.55284189743246,33.317178749403816,33.59177017211914,4681636,,
2022-11-23,33.68330025129895,33.72906490752618,33.04258458925941,33.17988204956055,2773305,,
2022-11-24,33.50023684050326,36.520752917476266,33.362942877125874,35.605445861816406,31337390,,
2022-11-25,35.696970747309535,36.33768630520041,35.01049054063051,35.55967330932617,12785734,,
2022-11-28,35.55967593459008,38.0310055594092,35.51391128242326,36.42921829223633,20355748,,
2022-11-29,36.52075072788204,36.84110678150837,35.696973030529854,35.83427047729492,6440033,,
2022-11-30,35.92580415927419,37.207235513195485,35.147794510434544,36.4749870300293,10384736,,
2022-12-01,36.74958193545218,37.1157026852008,35.5139152395493,35.925804138183594,6241462,,
2022-12-02,36.520755157501966,36.93264056451672,35.78850667476565,35.925804138183594,9816113,,
2022-12-05,37.20723236441694,38.76325153041325,36.703810701938934,37.619117736816406,35794761,,
2022-12-06,37.52759117266028,38.259836155754144,37.11570227853889,37.43606185913086,10130167,,
2022-12-07,37.66488707388191,37.66488707388191,36.01733156566488,36.20039367675781,8583910,,
2022-12-08,35.83427370165185,36.42922121072241,35.330852012628284,35.78850555419922,5292692,,
2022-12-09,35.92580376074017,36.10886587950097,34.55284310746348,34.82743453979492,4822642,,
2022-12-12,34.91896297475619,35.468145770686945,34.095185289240995,34.73590087890625,5120200,,
2022-12-13,35.01049054063051,36.154624218428886,34.91896124305419,35.55967330932617,5678896,,
2022-12-14,35.83427480196131,36.017333430915045,35.23932378300305,35.37662124633789,3685227,,
2022-12-15,35.5596760993911,35.60544424338918,34.186715578308515,34.36977767944336,5662355,,
2022-12-16,35.05625537412979,35.102020023159085,33.729059602566906,34.00365447998047,7160368,,
2022-12-19,34.23248532749219,34.324014636541904,33.27141012437355,34.04942321777344,4656117,,
2022-12-20,34.04942489958593,35.05626131534104,33.591771348493694,34.82743453979492,8984811,,
2022-12-21,34.96473590651509,35.05626523030742,32.493405756303254,32.67646789550781,12583369,,
2022-12-22,32.85952485065981,33.22564557968834,30.708551164687417,30.9373779296875,8986100,,
2022-12-23,30.342430493781343,30.754315878275012,29.060999210678492,29.38135528564453,14073715,,
2022-12-26,30.25089897876255,31.989983866680067,30.02207220359548,30.845849990844727,18060968,,
2022-12-27,31.257741386783643,31.89845361524756,30.754319647819457,31.715394973754883,6110891,,
2022-12-28,31.66962432861328,32.40187280341781,31.120441464129385,31.66962432861328,6401852,,
2022-12-29,31.578089521786865,31.852680906261234,31.257733488503252,31.440792083740234,3677382,,
2022-12-30,31.669624045745717,31.94421896715453,31.30350330323308,31.349267959594727,4907850,,
2023-01-02,31.48656868818125,32.53916986022282,31.25774189100441,32.08151626586914,4099418,,
2023-01-03,32.26457840193458,32.447640538000016,31.898454129803703,32.08151626586914,3586439,,
2023-01-04,32.26457532742726,32.31033998417773,31.349268225939962,31.39503288269043,3307082,,
2023-01-05,32.44764001458491,32.676466808070536,31.486568180269263,31.715394973754883,9862273,,
2023-01-06,31.898452225326846,31.898452225326846,31.349269341538974,31.532331466674805,3087322,,
2023-01-09,31.7611565794548,31.80692123542649,31.257738380527332,31.303503036499023,3084693,,
2023-01-10,31.30350242153033,31.349267076602953,30.89161354263795,30.983142852783203,2055836,,
2023-01-11,31.02891073065914,31.120440040011434,30.754315819363566,30.9373779296875,2249827,,
2023-01-12,30.9373765246173,31.074673974029505,30.66278511741207,30.754314422607422,1542385,,
2023-01-13,30.845852161359247,31.12044361255787,30.662790030020254,30.891616821289062,1740349,,
2023-01-16,30.937378197710576,31.211969619765703,30.800084232492694,30.983142852783203,1998445,,
2023-01-17,30.983145347547556,31.211972132955204,30.891616030032356,31.028913497924805,2593233,,
2023-01-18,31.349268747112408,31.669624841310988,31.120441967936404,31.211971282958984,2824218,,
2023-01-19,31.074678421020508,31.211972398461203,30.98314561110703,31.074678421020508,1774826,,
2023-01-20,31.028908590606683,31.395029294384003,31.028908590606683,31.166202545166016,2635636,,
2023-01-23,31.303504089601116,31.349268747112408,31.074677310425116,31.211971282958984,1823665,,
2023-01-24,31.303498948701527,31.62385499028879,31.120436857100668,31.257734298706055,4322573,,
2023-01-25,31.303499273285592,32.218806249161666,30.983139736757554,31.57809066772461,6446459,,
2023-01-27,31.852687830420546,31.944220639555393,30.433962459217064,31.028913497924805,4523843,,
2023-01-30,31.120438626627177,31.303500728637058,30.43395836280452,30.754314422607422,2816324,,
2023-01-31,30.80008346032264,31.257736982814095,30.6170213530022,31.120439529418945,2045116,,
2023-02-01,31.303503178338218,31.53232995085294,29.93054254324987,30.296663284301758,4105537,,
2023-02-02,30.113603591918945,30.662786429835432,30.022070791186646,30.113603591918945,2060787,,
2023-02-03,30.20513028876726,30.388192382780566,29.381352611516906,29.51865005493164,2885139,,
2023-02-06,29.655950611914108,30.61702234186275,29.51865315408456,30.479724884033203,2675638,,
2023-02-07,30.20513446453873,30.388196583859834,29.381356673403506,29.56441879272461,3854376,,
2023-02-08,29.610182666311548,29.930542239553237,29.289826584689276,29.70171546936035,2262343,,
2023-02-09,29.793245568971116,29.930543031366824,29.472889478873814,29.56441879272461,1657229,,
2023-02-10,29.564417154082836,29.747479263257517,29.518652499693996,29.61018180847168,1715543,,
2023-02-13,29.747480104841877,29.83900941620901,29.38135587613452,29.4271240234375,1709750,,
2023-02-14,29.472885404333073,29.61017935612878,29.198292263313117,29.51865005493164,2561751,,
2023-02-15,29.472888477328524,30.296662748850807,29.472888477328524,30.20513343811035,2300490,,
2023-02-16,30.296662479906573,30.433959936417857,30.022071058503364,30.15936851501465,2044352,,
2023-02-17,30.254209518432617,30.728415243994892,29.637744788618235,30.254209518432617,2218127,,
2023-02-20,30.34905006986354,30.34905006986354,29.305801111923113,29.4954833984375,1716125,,
2023-02-21,29.637745578861754,29.637745578861754,29.11612198025156,29.25838279724121,1811326,,
2023-02-22,29.06869981494219,29.25838210574168,28.83159785591502,29.116121292114258,1941166,,
2023-02-23,29.210961860750075,30.25421088626496,29.163542190522133,30.017108917236328,2571884,,
2023-02-24,30.159367541003917,30.44388915954488,29.874845922462956,30.206789016723633,2436718,,
2023-02-27,30.206792451463116,30.206792451463116,29.44806503417365,29.874849319458008,1783921,,
2023-02-28,29.922265688270418,30.017106831079406,29.353222449305164,29.59032440185547,996349,,
2023-03-01,29.637744416934787,30.5861522382767,29.590324749445436,30.443889617919922,2577723,,
2023-03-02,30.396470331629107,30.443889999713143,30.15936837332016,30.254209518432617,1420974,,
2023-03-03,30.443889062816744,30.965516249354607,30.301630062942593,30.823253631591797,2375566,,
2023-03-06,30.9180932418483,31.581979434208325,30.823253907749162,31.250038146972656,2096378,,
2023-03-08,31.107778780724935,31.961347348425456,31.107778780724935,31.534563064575195,3482065,,
2023-03-09,31.724240456113577,32.00876206197566,31.487138514913756,31.58197784423828,1738330,,
2023-03-10,31.439721558856377,31.439721558856377,30.870674680219,31.107776641845703,1585010,,
2023-03-13,31.06035539068666,31.06035539068666,29.542902551795546,29.780004501342773,2829551,,
2023-03-14,29.685167012899505,30.06453162601651,29.590327668564793,29.874849319458008,2294387,,
2023-03-15,30.159368346187946,30.254209491215082,29.637744761955286,29.732585906982422,1509169,,
2023-03-16,29.922265971998584,29.922265971998584,28.92643848542244,29.40064239501953,3317680,,
2023-03-17,29.49548461694985,29.82742772759103,28.831598395667495,29.35322380065918,9981625,,
2023-03-20,29.780006395851405,30.49131409868852,28.973859354317476,29.25838279724121,7823459,,
2023-03-21,29.400643085714165,29.780005860515146,29.163541125345503,29.542903900146484,2175612,,
2023-03-22,29.685165102355935,29.732586580415774,29.258382653483928,29.35322380065918,1590798,,
2023-03-23,29.400643469774597,29.590325764125105,29.30580232259934,29.35322380065918,1440046,,
2023-03-24,29.40064211783007,29.40064211783007,28.831597069889654,28.973857879638672,1566566,,
2023-03-27,29.068700501958723,29.495484761872103,28.831598537327828,29.25838279724121,79243560,,
2023-03-28,29.685164302335565,29.96968773619337,28.97385843110761,29.210960388183594,4152094,,
2023-03-29,29.305800521051054,31.676821818898272,29.163539713505745,31.012935638427734,7030120,,
2023-03-31,31.202621742630033,31.819084714512346,30.728417786771757,31.534563064575195,6745398,,
2023-04-03,31.581981116154378,31.67682407319321,31.01293784547692,31.344879150390625,1587840,,
2023-04-05,31.29745893472483,31.344878603472406,30.918094348966576,31.107776641845703,1521541,,
2023-04-06,31.01293480163961,31.202617079211578,30.918091853909363,30.96551513671875,1170634,,
2023-04-10,30.965514101536517,31.01293376487213,30.728412166970045,30.9180908203125,1903198,,
2023-04-11,31.012935638427734,31.29745725351836,30.823253355737776,31.012935638427734,1689674,,
2023-04-12,31.060355901981435,31.534559808881916,30.918093282755812,31.155195236206055,1581788,,
2023-04-13,31.20261714019914,31.67682102611166,31.060354527269972,31.487138748168945,2438487,,
2023-04-17,31.439719682278522,31.72424129567024,31.29745706663836,31.629398345947266,1566643,,
2023-04-18,31.629397508900546,31.913922732651134,31.392295567700724,31.58197784423828,1021790,,
2023-04-19,31.439719355494493,31.676821300504592,31.107774461747216,31.297456741333008,1102253,,
2023-04-20,31.344876135239776,31.91392296906792,31.20261714019914,31.487138748168945,1867170,,
2023-04-21,31.487139257838916,31.534558923620022,30.918092414799833,31.202617645263672,1447497,,
2023-04-24,31.202617734803987,31.72424129567024,31.1551944509982,31.629398345947266,1718067,,
2023-04-25,31.86649743146663,33.19426966523119,31.819077769808242,32.90974807739258,9389245,,
2023-04-26,33.146852550635025,33.905578049135876,32.57780571334297,33.66847610473633,10331460,,
2023-04-27,33.621061306904366,35.091092851426865,33.336539656011155,34.14268493652344,13720295,,
2023-04-28,34.237520173486786,34.28494345785399,33.478794656163856,33.71589660644531,3358476,,
2023-05-02,33.71589688497927,34.047841788848764,33.38395559899846,33.526214599609375,3816567,,
2023-05-03,33.431375594785685,36.41886166956032,33.289112974886436,36.22917938232422,22608506,,
2023-05-04,36.65595997388753,36.98790123007906,35.18592510761217,35.42302703857422,13960726,,
2023-05-05,35.42302677845572,37.27242254995686,34.66430132852633,35.612709045410156,16039840,,
2023-05-08,36.13433671089986,36.65596390932976,35.84981508677638,36.03949737548828,5983414,,
2023-05-09,36.32401815518556,36.32401815518556,35.04366906744989,35.3756103515625,3609732,,
2023-05-10,35.66013387650518,35.66013387650518,34.28494538200487,34.85398864746094,4368159,,
2023-05-11,35.09108845274009,35.28077073552182,34.42720227194837,34.94882583618164,4052021,,
2023-05-12,34.901406644647636,35.328190882239,34.5694653586814,34.75914764404297,3280214,,
2023-05-15,34.75914904935553,34.80656871814092,34.190102170264254,34.42720413208008,2330430,,
2023-05-16,34.4272052106815,35.802397355875705,34.4272052106815,34.90140914916992,7906653,,
2023-05-17,34.90140885861183,35.75497738794051,34.7117265612178,35.09109115600586,6011003,,
2023-05-18,35.18592664301712,35.42302858432556,34.284942160355854,34.4746208190918,3266844,,
2023-05-19,34.37978081060762,34.52204341973792,33.336533736613525,33.81073760986328,3316760,,
2023-05-22,34.00042230213229,34.33236724308194,33.668480979071724,34.14268493652344,2660265,,
2023-05-23,34.6168861598521,35.04367041142804,33.85816061143311,34.00041961669922,5973189,,
2023-05-24,34.000416835975884,34.28494205901581,33.71589523082445,34.0478401184082,2849958,,
2023-05-25,34.14267887398274,34.33236114686033,33.668475000732975,33.81073760986328,1917099,,
2023-05-26,33.81074284601268,34.095264490447704,33.38395857041565,33.478797912597656,3658217,,
2023-05-29,33.668478319856156,34.71172549669618,33.52621569670124,34.00041961669922,5447404,,
2023-05-30,34.04784290301005,34.37978419985311,33.85816061143311,34.00041961669922,3277433,,
2023-05-31,34.00041878224848,34.190101069170176,33.858159780473734,33.952999114990234,2353519,,
2023-06-01,33.95299855672677,34.28494345785399,33.66847693996675,33.71589660644531,3050427,,
2023-06-02,33.95299744141404,34.759146216623215,33.763315163841966,33.858158111572266,6038664,,
2023-06-05,34.09526089553467,34.3797825099705,33.85815894719005,33.90557861328125,3585780,,
2023-06-06,33.95299717143206,34.19009911203967,33.905577506888235,34.0478401184082,2059166,,
2023-06-07,34.19010394211174,36.60854335438715,34.04784492838319,36.1817626953125,27372537,,
2023-06-08,36.18175858118002,36.371437244583554,34.996248845464926,35.13850784301758,10440452,,
2023-06-09,35.13851057173584,35.23335352869134,34.61688697109169,34.664306640625,3530566,,
2023-06-12,34.806568730107166,36.2766001702929,34.427204143915894,36.086917877197266,9881684,,
2023-06-13,36.987903579568815,37.55694680286829,36.22917807587333,36.371437072753906,17566106,,
2023-06-14,36.56112505160188,36.84564670759743,36.32402306862406,36.466285705566406,5680880,,
2023-06-15,36.98790956755456,38.55278411179907,36.60854494534705,36.893070220947266,30079215,,
2023-06-16,37.130170335014995,37.50953132022397,36.65596639008703,36.79822540283203,6919324,,
2023-06-19,36.987906319754465,37.462110246930806,36.039498465401785,36.513702392578125,8232442,,
2023-06-20,36.22918315822638,37.50953239920623,36.13434019577918,37.272430419921875,8384560,,
2023-06-21,37.50952275232196,38.97955392223724,37.367263772071674,38.60019302368164,25411081,,
2023-06-22,38.60019569066358,39.21665855011741,37.46210568058705,38.12599182128906,12894555,,
2023-06-23,37.84147535704777,38.12599699369474,36.94048715942493,37.367271423339844,9395359,,
2023-06-26,37.41469057779094,40.686698398885454,37.22500828334263,39.8331298828125,45797506,,
2023-06-27,40.117653750854004,40.16507342263605,38.93214386685779,39.121826171875,14367151,,
2023-06-28,39.45376279363653,39.738288026222364,38.173413718554734,38.45793533325195,15309179,,
2023-06-30,38.93213783853331,39.3589220542657,38.505353622800925,38.789878845214844,11240884,,
2023-07-03,39.074402761878204,41.16090068167588,38.50535590126682,40.165069580078125,23501710,,
2023-07-04,40.40217314826857,40.828957406305044,39.6434475883642,39.8331298828125,11866216,,
2023-07-05,39.833126761696555,42.10930688094893,39.26408354082774,41.729942321777344,30734460,,
2023-07-06,42.0144652131484,45.239053210752374,41.82478292777957,44.907108306884766,46768102,,
2023-07-07,44.57516538185437,45.99777704297738,43.24739305098414,45.428733825683594,26119022,,
2023-07-10,45.523575600595436,45.950359845428764,44.10096386307683,44.527748107910156,12216528,,
2023-07-11,44.57516384618888,46.28229705714609,44.29064224734408,45.76067352294922,15444570,,
2023-07-12,45.9503620776322,46.75650732089864,45.191636504342206,45.476158142089844,14527977,,
2023-07-13,45.71325409283686,45.95035602939941,42.86803085408629,43.29481506347656,11523923,,
2023-07-14,43.62676351754869,43.91128516473751,43.10513989472102,43.484500885009766,6872910,,
2023-07-17,43.81644493467829,44.622590188376286,43.48450000476991,44.05354690551758,7465417,,
2023-07-18,44.33806859708675,44.33806859708675,43.01029611172964,43.43708038330078,7692884,,
2023-07-19,44.00612457665162,47.56265392440184,43.86386195558612,46.187461853027344,45247722,,
2023-07-20,46.47198461258791,48.226537686519876,45.71325905677649,47.70491409301758,29278745,,
2023-07-21,47.37297410391366,47.98943705224374,46.282303599953565,47.56265640258789,17172907,,
2023-07-24,50.3604520996513,56.66736533750852,50.3604520996513,54.154083251953125,127946570,,
2023-07-25,56.477684576141684,59.46517063612867,55.95606100224091,56.714786529541016,122627086,,
2023-07-26,57.426092315345514,57.426092315345514,54.29634725810662,55.05507278442383,29606734,,
2023-07-27,55.339592879545044,55.38701616316757,52.77889475102659,53.110836029052734,20161600,,
2023-07-28,53.110840132393236,55.29217748568161,52.684055872037305,52.92115783691406,24369257,,
2023-07-31,54.05924447840017,55.24475422573351,53.39535829631577,54.39118576049805,19709287,,
2023-08-01,54.6282884679573,54.67571175281956,53.727303941793295,54.01182556152344,13573349,,
2023-08-02,53.82214434565191,53.82214434565191,51.40370510303737,52.2098503112793,13128605,,
2023-08-03,51.87791296008717,54.96023864141542,51.26144637666591,54.29635238647461,19138776,,
2023-08-04,55.624120422744646,56.240583338697384,53.63246181810284,54.05924606323242,19787527,,
2023-08-07,54.533453580058016,54.58087325089766,53.110841747534764,53.63246536254883,10804825,,
2023-08-08,53.63246175556596,54.248928288688624,52.63663426335059,53.01599884033203,8143993,,
2023-08-09,53.253103886988434,53.39536289819585,50.02851564917512,51.73564910888672,24752050,,
2023-08-10,50.9769172955424,53.8221405864564,50.7398153546329,51.5933837890625,22530111,,
2023-08-11,53.347943429240686,53.585045400037316,52.541798175687745,52.778900146484375,12201045,,
2023-08-14,53.39535802600228,54.91281266564003,51.972746336404235,54.580867767333984,20664645,,
2023-08-16,54.67571341873979,55.38701929868235,54.201509498778094,54.7231330871582,13459343,,
2023-08-17,54.96023640750203,54.96023640750203,53.34794231614735,53.96440887451172,7734221,,
2023-08-18,54.248925817246516,54.391184813717054,52.873733810699925,53.30051803588867,7316411,,
2023-08-21,53.585037925107414,53.67987725304072,52.16242629877713,52.589210510253906,5834798,,
2023-08-22,52.77889470430163,56.61994551156744,52.352110477296854,56.00347900390625,24899842,,
2023-08-23,56.240583962638375,57.28383475318341,55.055074167397734,55.339595794677734,24007101,,
2023-08-24,55.76637592836378,56.667364029821485,55.197332715805494,55.529273986816406,14265718,,
2023-08-25,55.00765113549147,55.48185502459054,53.44277685430914,53.9169807434082,10308279,,
2023-08-28,54.05924388056358,58.13739664271259,53.67987931845682,57.66319274902344,40391201,,
2023-08-29,59.27548975679255,60.508419220156085,57.75803866617417,58.232242584228516,48208655,,
2023-08-30,58.80128320668049,60.50841651168381,57.99513802922822,59.13322448730469,24459041,,
2023-08-31,59.65485326702482,59.986794556545874,58.42192020791528,59.41775131225586,12134327,,
2023-09-01,59.417754062138066,61.9310363461604,58.70644816491162,59.98679733276367,23749326,,
2023-09-04,60.460997508122375,63.875264155543235,60.318734890359565,61.646507263183594,43045010,,
2023-09-05,62.073289501161526,62.12071278691292,60.03421483995794,60.69810104370117,19953550,,
2023-09-06,60.79294062508275,61.31456782734589,58.18481908532214,58.84870529174805,16661114,,
2023-09-07,58.8961228264814,60.88777775572913,58.8961228264814,60.176475524902344,11792364,,
2023-09-08,60.36615975077393,61.077465622379805,59.844532550618624,60.69810104370117,12088351,,
2023-09-11,63.35365130440709,72.83773040771484,62.879447349241694,72.83773040771484,158827225,,
2023-09-12,75.77778718750774,78.95495197602408,64.82367383886546,66.72048950195312,171217993,,
2023-09-13,66.76791790377939,72.93256928116654,66.38855329493842,71.98416137695312,129170387,,
2023-09-14,73.69127811311263,74.40258391434259,70.5615369291669,73.35933685302734,68766476,,
2023-09-15,73.59643405104624,73.59643405104624,71.13057554594218,71.46251678466797,26849144,,
2023-09-18,71.4625244557085,76.72619050543932,69.80281084814365,72.6954574584961,69977046,,
2023-09-20,72.0315726311886,79.33431734851226,71.22542741347677,77.53234100341797,156990340,,
2023-09-21,71.48303847252033,72.10420875077749,67.61263055606204,67.89933013916016,140188157,,
2023-09-22,66.51363079673224,70.81408115804346,66.27471688777051,69.0461196899414,159457227,,
2023-09-25,69.09390437438707,69.90621019472368,66.3225016128794,66.70476531982422,72178536,,
2023-09-26,66.89588275374052,67.56483866484889,64.315615906811,65.51018524169922,43609313,,
2023-09-27,65.60576155818497,67.23037324000664,65.2234978415581,66.80033111572266,40488851,,
2023-09-28,67.75597748168362,69.95398079186324,66.7525362743568,69.18946075439453,58070191,,
2023-09-29,70.09734006549677,71.10078140864614,69.14168442100173,69.90621185302734,44385691,,
2023-10-03,69.71507289315693,70.3362504894968,68.56828909304758,69.09390258789062,22896169,,
2023-10-04,68.80720214859427,68.95055194461854,66.08358518842712,66.991455078125,25690477,,
2023-10-05,67.56484697129152,70.04955732618814,66.46584888094128,69.47615814208984,34896534,,
2023-10-06,69.7150675265619,70.28846667355046,68.80719769561836,69.42837524414062,17976537,,
2023-10-09,67.85155485315987,68.28159700270085,66.1791573743848,66.60919952392578,20508019,,
2023-10-10,67.13480277828069,68.52050041741731,66.75253909784094,67.89933013916016,19579616,,
2023-10-11,68.23381916813995,68.37716898288829,66.46585756244222,66.84811401367188,16269121,,
2023-10-12,67.18259545139067,68.66385734174183,66.46585371026377,67.6604232788086,23997128,,
2023-10-13,68.56829832654643,71.43526550396301,68.37717009781515,69.81065368652344,69842825,,
2023-10-16,70.28846966056679,72.91652246201313,69.47615659817016,72.4864730834961,56799382,,
2023-10-17,73.2510029460994,74.25443694800163,70.81407825805738,71.57860565185547,46034251,,
2023-10-18,71.91309130633319,72.91653270610712,69.8584300965088,70.95743560791016,28707177,,
2023-10-19,70.90964235951374,72.48647555230131,69.85842266134655,71.57860565185547,27050034,,
2023-10-20,71.48303792709879,72.96429965227489,70.90963876527763,72.0086441040039,55365013,,
2023-10-23,72.10421389371999,72.34312779965155,61.97426574043594,63.40774917602539,44075690,,
2023-10-25,63.79001134343464,65.55797274642373,60.87526249055735,63.742225646972656,44740197,,
2023-10-26,63.26439102578633,64.98457383792525,60.588560007103695,64.60231018066406,26932375,,
2023-10-27,64.984582796903,67.23037206769885,64.41119087749803,66.32250213623047,25340751,,
2023-10-30,66.32250271654453,66.99145874652464,64.65010535052038,66.56141662597656,17563823,,
2023-10-31,66.41806111160865,68.37715791694151,66.32249701426703,67.89933013916016,21385658,,
2023-11-01,68.18602243118501,69.2850277782968,67.4215023613788,67.89933013916016,18275724,,
2023-11-02,68.56828906400166,72.05643345021087,68.28158946855898,71.57860565185547,45746818,,
2023-11-03,71.96086201416463,72.1997758889911,70.28846489037927,70.57515716552734,15893638,,
2023-11-06,71.10077881512645,72.29534832717134,69.90620930308157,70.19290161132812,20267823,,
2023-11-07,70.47959795185164,73.87217812562434,70.33624815881964,73.10765075683594,38537422,,
2023-11-08,73.91995602552178,75.11452547419238,72.77317227122734,73.48991394042969,27095114,,
2023-11-09,73.91996740156647,74.01553151395247,70.33625850403344,71.19635009765625,17655562,,
2023-11-10,71.1963501098814,73.1076615222272,69.332824399274,72.43870544433594,19770509,,
2023-11-13,72.82094635393325,73.96773733125984,71.96086223477938,73.05986022949219,16784727,,
2023-11-15,73.87218521496237,74.54114125854535,71.9608739006407,72.24756622314453,23816049,,
2023-11-16,72.43870227099501,72.91653010314914,71.67417482311878,71.86530303955078,11142031,,
2023-11-17,73.29878116629003,74.44557225409275,72.43869696427994,72.82095336914062,26532739,,
2023-11-20,73.10765236840726,73.87217975404876,72.39091067852091,72.58203887939453,12962640,,
2023-11-21,72.86874092429693,78.93715264469576,71.91308530561763,77.88593292236328,97612427,,
2023-11-22,78.17262851809721,79.51054048282208,76.7869235673845,77.45588684082031,57544116,,
2023-11-23,77.79036058907397,78.93714429373853,76.88248347273095,77.64701080322266,26679526,,
2023-11-24,77.69480368355903,81.13516240691462,76.64357668410918,78.65045928955078,55902988,,
2023-11-28,79.22386023508952,82.52086953555016,78.69824667538734,80.60955810546875,46010669,,
2023-11-29,81.42185347251494,82.42529475993487,79.98837008538564,80.65733337402344,31183007,,
2023-11-30,80.80068122755526,81.70855110113857,78.17262841436074,81.18293762207031,35313652,,
2023-12-01,81.99523843601358,83.71541382751535,80.60953369419775,81.13514709472656,24563214,,
2023-12-04,83.61986646007169,84.28882247532277,82.2819471384958,82.85533905029297,23596153,,
2023-12-05,83.18981740322845,83.52429538292742,81.0873708474133,81.85189819335938,18516727,,
2023-12-06,82.18637766814255,82.56864134806949,80.37063065679452,80.70510864257812,17196392,,
2023-12-07,80.89625449811724,87.63362264481133,79.17607136347345,86.86910247802734,69825250,,
2023-12-08,87.29914718657145,88.01588896526427,82.75978258818354,84.71887969970703,34358360,,
2023-12-11,85.0055591333545,87.39469803301115,84.62330274226808,85.67452239990234,22010858,,
2023-12-12,86.056799944969,89.16268101484965,85.81788601651665,87.06023406982422,33564019,,
2023-12-13,87.25136095685482,88.82818689581073,86.00900573535903,88.44593048095703,27303712,,
2023-12-14,89.35379503867779,94.08428715370786,88.68483906176941,93.12863159179688,59200486,,
2023-12-15,93.60646615631939,95.94782682732138,91.45624098619498,92.0296401977539,34800115,,
2023-12-18,90.64392598558612,90.64392598558612,88.11143736104496,89.06709289550781,24984118,,
2023-12-19,89.0670978151401,90.500581196013,86.53461634179011,87.25135803222656,22167005,,
2023-12-20,87.72918982742345,88.63705976029068,77.45589179590728,80.22728729248047,42484587,,
2023-12-21,79.31941616936358,86.67796149997142,77.69480453774585,85.96121978759766,42900547,,
2023-12-22,86.82130298032403,86.869088672999,84.28881438108435,85.72229766845703,19350518,,
2023-12-26,86.05679663577564,88.58927834712802,85.29226917769714,87.49028015136719,18112291,,
2023-12-27,90.4050224446204,91.36067808841358,88.25479724608573,88.78041076660156,30200399,,
2023-12-28,89.16266920672376,89.21044761144209,86.86909433911242,87.25135803222656,16418489,,
2023-12-29,87.6336194782726,88.30258280249485,86.58239973000788,86.91687774658203,14891333,,
2024-01-01,89.83163051655927,90.02275872888833,87.68140531802462,88.78041076660156,24607805,,
2024-01-02,90.30945779947335,90.88284972411238,87.96810440258324,89.16267395019531,29129762,,
2024-01-03,89.35379894478969,89.9271908487875,88.11144374356635,88.58927154541016,12797596,,
2024-01-04,88.8281752839943,91.69514176706336,88.49369731918412,89.87940216064453,39135556,,
2024-01-05,90.30945645536156,92.69859551502721,89.83162864342843,90.54837036132812,46219735,,
2024-01-08,92.22076996708334,92.69859779074699,89.92719495528306,90.26167297363281,22160288,,
2024-01-09,90.97840469674988,91.07397608382394,89.21044340197732,89.92718505859375,18098807,,
2024-01-10,90.30946145624073,90.30946145624073,84.91000542418716,86.86910247802734,32301729,,
2024-01-11,86.86910004383238,89.544931489207,86.86910004383238,89.01932525634766,21381314,,
2024-01-12,89.83162578869826,91.26510917894345,89.4971477891891,89.9749755859375,21610624,,
2024-01-15,90.64392297207435,99.19704409580702,89.3537895016554,97.9546890258789,115323467,,
2024-01-16,98.67144120831273,99.10148331409869,92.98529327544959,95.42221069335938,67344615,,
2024-01-17,94.60990560242082,100.20048947525822,92.31633067505649,96.90348052978516,72622449,,
2024-01-18,96.99904568103837,97.8113515019259,92.41189577673708,96.13895416259766,30447421,,
2024-01-19,96.85570083969085,102.54185645925433,96.61678692183712,100.77388763427734,78843768,,
2024-01-23,107.03342666062875,111.3338768389576,97.95469850637899,99.29261779785156,59032672,,
2024-01-24,100.00935854805957,108.94473682028013,98.05026168003741,108.13243103027344,61539848,,
2024-01-25,108.94474129964004,113.62745532248844,107.4156937571581,111.28609466552734,73902690,,
2024-01-29,114.67866725575988,128.4401014935924,113.91413989095882,123.47069549560547,135868902,,
2024-01-30,127.58002215416421,128.72680595372728,121.08156118044403,122.27613067626953,54326487,,
2024-01-31,122.89731874627466,126.95885513727012,121.55939212701115,125.95541381835938,43866759,,
2024-02-01,126.481032851024,126.481032851024,120.22148534094887,121.89388275146484,40747230,,
2024-02-02,123.08845098870552,139.86021061063545,122.84953707552175,135.9420166015625,150820832,,
2024-02-05,138.57005805850793,162.939275165349,129.1090737204754,141.72372436523438,238154964,,
2024-02-06,145.25964187792655,152.71375799598627,137.51882618183643,140.43357849121094,94207941,,
2024-02-07,141.8192866371101,150.4201871238333,139.14346259584747,140.38580322265625,74842579,,
2024-02-08,148.65223421435945,154.29059652459136,141.58037389577055,143.96951293945312,80234599,,
2024-02-09,144.68625262637798,145.21186612505696,131.45043125901884,134.31739807128906,68554166,,
2024-02-12,119.456951284364,124.90418534650152,107.46347045898438,107.46347045898438,117827264,,
2024-02-13,102.49406498014841,108.94474039847942,96.18673936266171,103.35415649414062,158431484,,
2024-02-14,101.49062779493626,117.73677395400613,99.7226662887817,115.20429229736328,166998522,,
2024-02-15,117.54563141285888,122.51503730412772,117.25893183444704,119.4091567993164,103105342,,
2024-02-16,119.83920780870739,120.3170355852245,113.3407471316453,115.156494140625,55011256,,
2024-02-19,116.11215297279985,122.80174203296116,115.5865394873578,120.69930267333984,60306871,,
2024-02-20,120.36482682045323,120.69931213253365,116.39886168540406,117.68899536132812,31893112,,
2024-02-21,118.653644696832,118.653644696832,114.93969062340346,116.53138732910156,27013817,,
2024-02-22,116.72432663220263,119.03952135967764,111.61160524902041,117.3031234741211,34354009,,
2024-02-23,117.68898029407198,117.7854451994021,114.7949889753653,115.2773208618164,18339054,,
2024-02-26,115.71142303652974,123.13933891593231,114.16796238619963,116.0972900390625,52788418,,
2024-02-27,117.01372969033127,122.41584585876592,116.72432758710391,117.9783935546875,26174798,,
2024-02-28,118.5571860796808,120.00418182346908,112.09393400821253,113.68563079833984,29143381,,
2024-02-29,114.79498995331869,118.21954932021607,110.55046784442915,116.8690185546875,30018100,,
2024-03-01,118.55718449043829,119.76301426076455,116.57962072318288,116.91725158691406,14130712,,
2024-03-04,119.61831918017262,121.35471707993432,117.4478254853711,117.9783935546875,24900057,,
2024-03-05,117.68898558384322,119.23244621790066,115.95258777065305,116.91725158691406,16109330,,
2024-03-06,117.59252633854963,117.64075511580533,112.67274211059514,115.22909545898438,18223921,,
2024-03-07,115.47025275568087,119.32890791690397,114.02325707022221,117.88191223144531,22891665,,
2024-03-11,118.50895587297993,118.55719201077304,114.89146633253608,115.66320037841797,14752739,,
2024-03-12,115.75966191357983,115.75966191357983,107.07768727006135,108.3799819946289,24775563,,
2024-03-13,108.18704266978712,110.30930000794648,95.21231062028426,97.62397003173828,50527598,,
2024-03-14,96.85225173178723,115.75966166513189,94.58529316280529,114.45736694335938,97307324,,
2024-03-15,112.67273949816862,123.47697156629941,109.53758201699306,120.19711303710938,119509864,,
2024-03-18,123.47697166165867,126.17803336067786,117.88191843931935,119.28068542480469,63037512,,
2024-03-19,117.88191013362753,119.85947381248204,113.83032523036523,114.36089324951172,30678573,,
2024-03-20,115.47025741038522,116.48315737495739,111.17750631440033,113.68563079833984,34239826,,
2024-03-21,115.4702650014335,119.85948865672718,114.93970427637915,116.43492889404297,30305264,,
2024-03-22,116.53139730607734,120.39005274853287,115.56673344546346,118.55718994140625,24076684,,
2024-03-26,118.55718710147417,119.37714989139425,116.14552750770864,117.11019134521484,19125648,,
2024-03-27,117.68898985203573,122.65701015791385,117.20665792641263,118.46072387695312,44973081,,
2024-03-28,119.52185093898039,120.34181372890048,116.72432433825216,117.11019134521484,18585313,,
2024-04-01,118.36424488631097,121.74056817405187,118.36424488631097,120.96884155273438,19806573,,
2024-04-02,121.40293919898895,129.89197632386612,119.71477752895191,127.81795501708984,68386748,,
2024-04-03,127.33560706634661,131.1460256975181,126.17801358239069,128.63790893554688,43916185,,
2024-04-04,129.5543428471838,130.95310232217457,126.37094957056993,127.04621124267578,23550235,,
2024-04-05,126.94978251673987,132.64129397016353,124.1522482121523,130.61549377441406,48760930,,
2024-04-08,131.5801468446115,132.25542333372994,128.63793379746383,130.3260955810547,21045516,,
2024-04-09,130.90487732361632,130.90487732361632,125.64746245281246,126.08155822753906,20383640,,
2024-04-10,126.37095789011966,128.8308535257942,125.93686212373038,127.72148132324219,18015899,,
2024-04-12,126.3709662748709,129.40965156081498,125.59923223919547,126.22627258300781,18246054,,
2024-04-15,117.83368477357395,122.75346868710895,117.39958164720865,119.81124114990234,41098936,,
2024-04-16,119.28068231613622,123.86282808217312,118.21955359053396,122.99463653564453,19899223,,
2024-04-18,123.47696996099498,125.84039339523427,121.83704439762089,123.4287338256836,25152210,,
2024-04-19,120.58297513468462,122.1746718784226,118.2195517659651,119.81124114990234,23340179,,
2024-04-22,121.49940687064232,124.58632819354688,121.35471318347568,124.10399627685547,15646667,,
2024-04-23,124.63456955879694,126.46743975089257,122.99464391715539,124.82749938964844,16476180,,
2024-04-24,125.50277960517055,127.04623301743432,124.29694972702556,125.11690521240234,15583301,,
2024-04-25,125.79214913181931,129.65080419377207,124.87572149852572,128.25204467773438,25448191,,
2024-04-26,128.8790862250211,132.54479679426007,127.09445235346972,129.84375,35340965,,
2024-04-29,131.1942656338029,136.30698628256965,130.61546151522543,132.25540161132812,29352480,,
2024-04-30,132.83421157695238,134.32944351511654,129.16848593746676,129.65081787109375,22527023,,
2024-05-02,130.22959833614107,133.75061492183386,128.92729646493973,132.30361938476562,20225776,,
2024-05-03,132.73775156113004,134.8117729494343,128.30029196618793,130.3743133544922,19293037,,
2024-05-06,131.5801411886869,132.06247310612287,125.88863045078345,127.76972198486328,18424655,,
2024-05-07,127.48032190795408,127.96265383302331,121.16177810542796,122.1264419555664,22142878,,
2024-05-08,122.36759675054569,125.59921888162378,120.82413620314425,123.66989135742188,14655120,,
2024-05-09,123.86282863284357,124.97220085789736,118.6536498913097,119.0877456665039,14126991,,
2024-05-10,119.95594663450568,121.40294238971033,115.61495936889172,120.77590942382812,14316298,,
2024-05-13,120.72767543265745,120.92060524776346,116.57961816967206,119.13597869873047,11861165,,
2024-05-14,119.7147733484087,126.75681451019712,119.61830844259252,125.93685913085938,17989336,,
2024-05-15,126.22627289245108,127.1427006222362,124.296945158334,124.73104095458984,10558012,,
2024-05-16,125.55098845436724,128.73438195786716,125.2616010882685,127.14269256591797,14514506,,
2024-05-17,127.67327681508654,131.09782198531784,126.66037674631805,129.98846435546875,19367924,,
2024-05-21,130.56726165811483,145.85717527894906,128.78262759757334,142.91494750976562,82857438,,
2024-05-22,143.734921117173,147.59357671763402,139.4421697055807,141.0338592529297,33312243,,
2024-05-23,141.03385829798756,146.62891182469244,139.73157087341156,142.1914520263672,31445912,,
2024-05-24,142.1914329469086,144.45839868048614,138.47748628671673,139.73155212402344,15046518,,
2024-05-27,140.50326301468453,141.99849470422012,136.93401024326405,139.39390563964844,16544136,,
2024-05-28,140.16567310554532,140.31036680837315,132.73776372844392,134.08828735351562,18723285,,
2024-05-29,134.4259110360602,136.4999323894729,131.19428130719658,134.76353454589844,16472648,,
2024-05-30,129.16846996680889,131.77307386203796,126.85328285949485,128.9755401611328,32562990,,
2024-05-31,130.711949390626,138.4292600557552,125.93686636049769,134.76353454589844,30917309,,
2024-06-03,147.59357416816414,147.59357416816414,136.3552458137888,138.0916290283203,47119535,,
2024-06-04,137.94691836238016,137.94691836238016,110.50223719854009,118.84657287597656,91763944,,
2024-06-05,122.46407247921637,123.81461069729032,112.67274031629049,121.78881072998047,26386273,,
2024-06-06,124.24870130056496,129.072020336149,123.95929921450961,126.56388854980469,20232853,,
2024-06-07,126.37094337645004,129.9401960851474,124.53808825348648,128.63790893554688,17454204,,
2024-06-10,130.22960305364802,130.61546265633723,127.2680783484273,127.71183013916016,14138283,,
2024-06-11,128.78261930172283,130.6154746623711,127.52855339831005,128.88873291015625,12882797,,
2024-06-12,129.55435668707312,131.76343040457942,128.83085880689916,129.39036560058594,12171563,,
2024-06-13,130.2296188787174,130.60583718891627,127.76008179437582,128.41604614257812,8994923,,
2024-06-14,129.0141351616017,133.94356751049943,127.19092126376833,130.258544921875,19486439,,
2024-06-18,130.71195035143106,131.42580689225946,129.02378863102513,129.39036560058594,9005824,,
2024-06-19,129.26495369383915,129.74728561060718,125.88863027646273,127.24880981445312,9063500,,
2024-06-20,127.72149073314695,129.63153579734504,126.58319442987968,127.6057357788086,8799777,,
2024-06-21,127.33561794972024,129.45787530496204,126.62176145912757,127.27774047851562,11534887,,
2024-06-24,127.277735164777,127.91441676064892,126.10084423408055,126.55423736572266,6611342,,
2024-06-25,127.07516111855489,127.81795638279624,124.14258957703854,124.76961517333984,5687103,,
2024-06-26,125.40629247664141,127.57678600027559,123.77600831930887,125.08795166015625,10653386,,
2024-06-27,126.37096368659536,128.69580708559525,125.11689774425834,127.68290710449219,16665695,,
2024-06-28,127.81795919297086,128.57039581291605,125.88863150703924,126.97870635986328,9005418,,
2024-07-01,127.76972082428962,128.20381660211856,125.8982706465008,127.12339782714844,8431793,,
2024-07-02,128.05912578378926,128.1073619200953,125.89827346585723,126.37096405029297,6830983,,
2024-07-03,126.66036601691395,132.15894699923925,125.99474560754786,131.53192138671875,37265683,,
2024-07-04,131.6766139158858,136.9822650260497,131.53192022799487,135.4387969970703,47117085,,
2024-07-05,135.9693644382898,139.10452189832657,134.5223686875036,137.14625549316406,35158182,,
2024-07-08,138.23632172009323,142.28790662585848,136.982255870318,137.96621704101562,30388072,,
2024-07-09,139.10451249662853,143.73490153010928,137.9565602567888,140.22352600097656,40997969,,
2024-07-10,140.84092554823627,141.68983446729297,131.20392815173497,137.8408203125,31536147,,
2024-07-11,138.28456218009129,146.19480242833322,137.3006009786022,144.64169311523438,60668031,,
2024-07-12,147.4006452529604,151.45223064475954,144.69958341856005,145.36520385742188,87200911,,
2024-07-15,146.19481199869912,152.41689099739375,142.3072177919667,148.34600830078125,62528081,,
2024-07-16,149.18525062124337,150.48755263767924,145.18190174340208,145.98257446289062,22878049,,
2024-07-18,146.5324215703938,147.97941723324666,139.11416950329965,141.26536560058594,25911911,,
2024-07-19,139.87627060017834,142.27828909781798,135.22658336723168,135.921142578125,21169916,,
2024-07-22,135.0336501142064,139.6736811700836,133.24903071096304,139.08523559570312,14036159,,
2024-07-23,139.87625276857665,143.90854043815168,125.50276785468081,141.41006469726562,33060907,,
2024-07-24,139.2010013554138,143.01142075193263,138.35209242752407,139.3746337890625,14271564,,
2024-07-25,137.94691501219762,138.52571914484426,135.62207186285437,136.05616760253906,9982023,,
2024-07-26,150.99884170326555,154.0085884130922,142.28792771304535,142.87637329101562,105299846,,
2024-07-29,144.12076723896675,146.87006498364406,142.67377152484218,145.500244140625,25730974,,
2024-07-30,144.59346274349255,146.53243176759196,144.04361200753686,145.51954650878906,15490158,,
2024-07-31,146.14654732259487,148.26880447180835,141.8055607684584,143.22361755371094,19842731,,
2024-08-01,144.3137080226442,144.69956764853313,140.8409125112389,141.3328857421875,11503150,,
2024-08-02,137.94691148777494,139.82800279141546,137.23305503836255,138.72828674316406,11812640,,
2024-08-05,135.05293432529683,137.17519177791687,131.773083236666,134.5706024169922,22974955,,
2024-08-06,135.12045879306103,138.689711731145,130.22960650555515,130.80841064453125,13822499,,
2024-08-07,134.0882736002212,136.45169706148457,131.91777996280757,135.62208557128906,8869977,,
2024-08-08,135.4387841722107,138.32313407439761,133.47087660522737,134.89857482910156,11181186,,
2024-08-09,136.7893193169109,137.70574691286632,133.60592607658134,134.39695739746094,8861770,,
2024-08-12,133.12360053131636,136.88578335414357,132.15893675935027,135.58349609375,12376316,,
2024-08-13,136.02724581196819,138.2556316965141,130.86630298467009,132.2747039794922,9445769,,
2024-08-14,139.10452784162206,143.5805676331772,135.80537915522433,137.10768127441406,77316074,,
2024-08-16,138.91158430859468,139.52896853895996,136.9822567487531,137.90834045410156,10909616,,
2024-08-19,138.67042430353868,138.67042430353868,135.71855536567443,136.16229248046875,11478780,,
2024-08-20,136.7893376547421,136.7893376547421,133.268305750382,133.61558532714844,8504210,,
2024-08-21,133.12360591149522,133.60593781697165,131.1942782895895,131.69590759277344,11552938,,
2024-08-22,131.69591213334309,131.87920061887976,128.3002912802274,128.59933471679688,20320367,,
2024-08-23,128.58969850878387,131.09781577206084,127.23916024123223,128.98521423339844,14522068,,
2024-08-26,129.65081307590447,130.48042455984347,128.58969169293258,128.89837646484375,7200371,,
2024-08-27,129.19743001350355,129.74729550596433,127.81796769174925,128.0205535888672,5502648,,
2024-08-28,128.02053314646477,128.63791735964514,127.33561540516116,127.63465881347656,7422106,,
2024-08-29,128.05913262822483,131.67662225049108,127.67327295635761,128.99485778808594,18034863,,
2024-08-30,129.45786424019911,129.54468043958585,127.86617503970967,128.63790893554688,7628424,,
2024-09-02,135.05293161658068,135.05293161658068,130.5383121108065,131.6283721923828,27209402,,
2024-09-03,131.6766170367383,132.0142552759555,130.23926258467966,130.99169921875,5889109,,
2024-09-04,128.11699715274412,129.94021114923146,128.01088354576967,129.00448608398438,4878488,,
2024-09-05,129.60260538626284,129.6508268072672,127.76973508038834,128.09771728515625,5039825,,
2024-09-06,127.57678999656616,128.54145381506572,125.21336658516259,125.89826965332031,7226505,,
2024-09-09,125.50277032682214,125.50277032682214,120.35146164112334,121.7502212524414,12382417,,
2024-09-10,122.51230450426065,129.6894056429536,122.51230450426065,128.88873291015625,24670862,,
2024-09-11,129.4096432271485,129.60258776334402,126.37095813688835,127.171630859375,7434710,,
2024-09-12,127.96656500327728,128.45128684041092,125.35875915269253,127.51092529296875,7846440,,
2024-09-13,127.77268814996866,128.7906070375432,126.22157224580388,126.58027648925781,4785993,,
2024-09-16,126.80325948370368,128.2574252695431,125.54297951080167,125.81442260742188,6108302,,
2024-09-17,126.02769176845173,128.1604651321794,125.2521337836767,125.76593780517578,6791823,,
2024-09-18,126.08586075029041,127.77269832090458,124.76741656456109,125.11641693115234,5328689,,
2024-09-19,126.90017883673339,126.99712912712786,121.67488509954927,124.83527374267578,8065441,,
2024-09-20,125.0582473518741,126.99713490771711,123.92399990681052,126.31852722167969,6597480,,
2024-09-23,126.65782791888394,127.38491077672492,123.89492193461138,124.89344787597656,5043734,,
2024-09-24,125.05824999457487,126.83233392076531,124.57352809537109,125.42664337158203,5439398,,
2024-09-25,126.02769118710256,126.80324916830006,122.77035950010362,123.07088470458984,7744852,,
2024-09-26,123.50713993184496,124.0403295768851,121.95603135203956,122.14022064208984,5843848,,
2024-09-27,123.22599850558878,130.76826987171012,123.22599850558878,129.75035095214844,35532267,,
2024-09-30,128.92632691717452,130.87490348824156,125.95012756706102,128.4609832763672,16081941,,
2024-10-01,128.93602020121915,129.178381141447,126.3185250052659,126.8420181274414,7161741,,
2024-10-03,123.11935357676377,125.42663438527886,122.73157460592968,123.09996795654297,6910638,,
2024-10-04,122.1693061477998,124.0694225313639,120.30797580060525,122.79944610595703,6079979,,
2024-10-07,122.83822583749257,123.6040873446707,113.77392757813728,114.39437103271484,12710176,,
2024-10-08,114.87909185141555,117.88436619274724,112.8141791921863,116.85675811767578,10965315,,
2024-10-09,118.56297654476367,120.01714220608325,116.86644993989084,117.31239318847656,6747216,,
2024-10-10,118.72778102506332,119.46456036947062,114.97603093048659,115.4219741821289,6102757,,
2024-10-11,115.36380797869991,117.02155592848861,114.76275018203641,116.51744842529297,3995606,,
2024-10-14,117.02155995230497,117.70986416123431,115.26686904498186,115.47045135498047,4213161,,
2024-10-15,116.13937133242855,119.6293675672491,115.85823174013134,117.61292266845703,8648171,,
2024-10-16,116.91491536021611,118.51449903503477,114.96633134193632,116.11027526855469,5051985,,
2024-10-17,115.84853338848228,116.54653410359839,114.92756474264638,115.2668685913086,3367212,,
2024-10-18,114.39436043852605,120.07530130285265,111.99013672749372,118.5241928100586,11128401,,
2024-10-21,119.22219689924327,119.22219689924327,115.16992168523005,115.74188995361328,4534966,,
2024-10-22,115.3638172361869,116.05212147668239,106.63882265529881,107.55010223388672,9842266,,
2024-10-23,107.55009954644018,109.72165162802108,102.95493052334847,108.44198608398438,9896931,,
2024-10-24,108.44198451129583,111.14673361211175,107.307737035677,108.40320587158203,5834815,,
2024-10-25,108.39350949090021,108.72312423072304,103.2651508739206,104.0019302368164,6877354,,
2024-10-28,104.68054381259707,106.44493121646842,102.97432066938295,105.494873046875,4983337,,
2024-10-29,105.96020212138721,108.3256397813795,104.69992232013736,107.80213928222656,4446340,,
2024-10-30,106.94903540301846,110.50689223029651,106.45461701402088,110.0027847290039,5043181,,
2024-10-31,109.83798329967277,110.37117294123736,108.63586768642395,109.8670654296875,3453974,,
2024-11-01,110.32270481591657,111.58297728865278,110.0803438715901,111.38909149169922,1191170,,
2024-11-04,111.47633261285598,111.58297201502117,107.11383582115975,108.00572967529297,4296481,,
2024-11-05,106.78423500524349,113.2795054432327,105.81479121472157,110.09003448486328,11375103,,
2024-11-06,111.00130896343438,112.26158879226911,109.65378274763218,111.87380981445312,7126848,,
2024-11-07,112.26159508578486,113.81270368773691,111.00131518629738,111.45695495605469,5278150,,
2024-11-08,111.46665322251233,111.46665322251233,107.60826358031895,108.05420684814453,3626568,,
2024-11-11,106.6582067241649,107.70520783372517,105.09740896533138,105.78571319580078,4677441,,
2024-11-12,106.59034208566212,108.35472949313458,104.36062579944372,105.31067657470703,4305092,,
2024-11-13,103.92437589646357,105.08771293334807,100.20171512947992,101.00635528564453,6363826,,
2024-11-14,100.33742794184779,103.09064463661313,100.28895279592874,100.59917449951172,5101719,,
2024-11-18,100.82215234242167,102.15998208584696,98.59242870711051,101.42321014404297,5543260,,
2024-11-19,101.88853996768538,104.6611497747841,101.69465416987153,102.59623718261719,5049335,,
2024-11-21,102.37326106337021,102.37326106337021,99.70729068465603,100.27926635742188,4789835,,
2024-11-22,102.2763174926052,106.9296505360844,101.79159560875398,104.28306579589844,27960948,,
2024-11-25,106.49339955049155,110.71047858538785,106.39645665010976,109.52776336669922,10377460,,
2024-11-26,110.12880790651744,110.72016918242072,108.7812816932346,109.38233947753906,5158383,,
2024-11-27,109.07212006281652,110.67170375419876,108.15114404837513,110.20636749267578,4539803,,
2024-11-28,110.5165942242844,116.04242097699091,110.2257581230812,114.3555908203125,9646657,,
2024-11-29,115.36380903151912,115.55769482768633,110.97222992153745,111.37939453125,7526829,,
2024-12-02,111.00131605550172,111.74778453356888,110.13851165777622,110.3323974609375,4666093,,
2024-12-03,110.51658896240494,114.29742111668837,110.39056393589411,113.4540023803711,6261955,,
2024-12-04,114.35558516475353,115.26686466693741,113.23103424800671,113.63819885253906,6000744,,
2024-12-05,114.24895456148609,114.29742971178037,112.89173171221067,113.47340393066406,3270035,,
2024-12-06,114.00658612746189,119.04769818048624,113.14378176193571,116.92461395263672,20024908,,
2024-12-09,117.44810989228534,120.69574492300814,117.15727381348145,118.53388214111328,14027054,,
2024-12-10,118.36908165654432,118.76655714848704,115.40258611675299,115.74188995361328,6551124,,
2024-12-11,115.65464406656555,117.48689218981986,115.47044738449938,116.51744842529297,4952625,,
2024-12-12,116.51744899599295,116.91491709533591,114.23925022118104,114.81122589111328,3381492,,
2024-12-13,114.39436564743227,114.87908753576885,111.4860343174128,114.45252990722656,4333788,,
2024-12-16,114.45252377253692,115.6061641717486,113.5218586843669,113.7254409790039,3770291,,
2024-12-17,114.05506068640695,116.2847769131288,113.0371417723744,114.42344665527344,6282544,,
2024-12-18,114.39436598542832,114.53008752286205,111.61205967549876,112.16464233398438,5738171,,
2024-12-19,108.62617662975805,111.53450791948363,108.38381568894759,110.77833557128906,4171712,,
2024-12-20,110.80743435397906,111.8156494432609,107.60826670951276,108.13176727294922,4865491,,
2024-12-23,108.85883480437869,109.27569589446075,105.98928231768737,106.41583251953125,4755898,,
2024-12-24,106.62911762822738,108.26747995768113,106.00867421040552,106.57095336914062,3571079,,
2024-12-26,106.56126178210205,107.7149022823969,105.01015316590895,105.54335021972656,4244013,,
2024-12-27,106.10562083750732,106.73576078608423,103.73048648856651,104.17642974853516,2957351,,
2024-12-30,104.21520012012427,104.79686487409914,99.5715638039637,100.3374252319336,9762940,,
2024-12-31,100.2404871036073,102.11151387194357,99.94965101466154,101.2196273803711,5336257,,
2025-01-01,104.00192335944071,108.89761721039193,103.2457584248029,107.46283721923828,70715703,,
2025-01-02,108.22870952848984,109.06243182122476,104.06979457415478,106.00868225097656,17092773,,
2025-01-03,106.15409017106796,108.37411723662703,105.57242540280903,105.7566146850586,7370301,,
2025-01-06,106.10561807681273,106.20256837120148,99.08684722592504,99.70729064941406,12191154,,
2025-01-07,100.6961353382991,102.18907975449773,100.33743845122702,101.05482482910156,6529601,,
2025-01-08,101.05482327398005,101.7334383961379,98.66999232779735,99.86241149902344,6771947,,
2025-01-09,99.83332318901596,100.24048779935086,97.2642957063941,97.60359954833984,5329003,,
2025-01-10,96.94437705268265,97.60359911249165,93.64826675363764,93.95848846435547,8282410,,
2025-01-13,92.05837143246502,93.99725880230532,87.40504618260933,87.83159637451172,11287576,,
2025-01-14,88.13213983095733,92.09716144176733,88.12244332195543,91.16649627685547,10042149,,
2025-01-15,92.29104342825785,94.13298806018868,90.9725993167454,91.83541107177734,8555894,,
2025-01-16,93.06660753088528,95.97493901622545,93.05691102164538,94.2881088256836,6647070,,
2025-01-17,93.55132728822203,97.97198867721163,93.46408089588267,97.68115997314453,10420509,,
2025-01-20,97.1382655378711,99.10624265939641,96.65354363918658,98.42762756347656,6182385,,
2025-01-21,98.86387932151895,99.24196180165694,95.30601504996737,95.87799072265625,6200896,,
2025-01-22,95.68409713041035,95.9749332198873,91.12771437039804,92.80485534667969,8542598,,
2025-01-23,92.78546093655316,95.73257084035535,92.42676408441856,95.2575454711914,6538648,,
2025-01-24,95.49021617657037,96.00402021726457,92.10685931903615,92.54310607910156,4561538,,
2025-01-27,90.83688354518247,91.47672002060456,87.74436276945069,88.34541320800781,9305249,,
2025-01-28,89.18883222846353,89.95469374058636,85.46617147696307,87.20146942138672,10596590,,
2025-01-29,87.29841485916087,90.3715498494652,86.94941450861165,88.60716247558594,11064396,,
2025-01-30,89.18883025677297,92.2038010886763,88.83013338547467,91.74816131591797,11978051,,
2025-01-31,91.7481578871955,94.76312860642629,90.95321429090029,94.53046417236328,6967787,,
2025-02-01,94.82129511585335,100.24048976988865,92.25227497899846,94.58863067626953,26754733,,
2025-02-03,92.0971593959052,93.0084389188392,89.7220250857816,91.1180191040039,8918062,,
2025-02-04,91.33129157579495,93.66765448102633,91.33129157579495,92.67881774902344,4707808,,
2025-02-05,93.21202356794188,95.46113290543232,92.92118746719179,93.47377014160156,5272527,,
2025-02-06,94.1329839681011,94.70495961039086,92.96965445969994,94.41412353515625,7349816,,
2025-02-07,94.37535155720362,94.5595482442658,91.91296344096511,92.4752426147461,6559395,,
2025-02-10,92.87271420899195,93.42529685064409,90.81749079632445,91.41854858398438,4667772,,
2025-02-11,91.1471008628517,91.60274062246287,87.5116866909783,88.04488372802734,5925094,,
2025-02-12,87.06574967034945,87.91886499067502,83.6145319363621,87.43414306640625,8647865,,
2025-02-13,87.8219148530985,90.35216389421649,87.8219148530985,89.74141693115234,7728469,,
2025-02-14,89.72202929679284,90.54605507186139,85.8733361137896,87.00758361816406,11088301,,
2025-02-17,86.28049534414964,87.96732542936086,83.95382882190755,85.912109375,9103990,,
2025-02-18,86.13508113700362,87.24994299902278,84.20589002386953,86.77491760253906,8114134,,
2025-02-19,85.31105823802031,88.12244686375443,85.07839378650846,87.23056030273438,6948254,,
2025-02-20,86.76521602023413,91.48640976689697,86.42591218544231,91.05015563964844,9156417,,
2025-02-21,91.70774483454095,93.97491800595402,90.8734967522178,91.26608276367188,8791330,,
2025-02-24,89.80369915543828,89.80369915543828,88.33150736600487,89.0970458984375,4682847,,
2025-02-25,88.64557928053019,90.09814521671039,87.4089360161563,87.87022399902344,5834609,,
2025-02-27,87.8800457383725,88.32170032838036,85.66194110279044,86.34896850585938,6591109,,
2025-02-28,85.29880728865616,85.92694193716821,81.2650006467692,82.55071258544922,8528372,,
2025-03-03,82.93347330791195,84.1602998361355,79.04688776505432,80.47982025146484,8862458,,
2025-03-04,79.49835848379912,83.30642530563095,79.20391712386238,81.3631362915039,7362054,,
2025-03-05,81.0785122943569,85.33805041128359,81.0785122943569,84.97491455078125,8090516,,
2025-03-06,85.39694328075481,86.7317311457424,85.14176126563677,85.82878112792969,6158861,,
2025-03-07,85.36750280504022,87.74263723252311,85.16138935317512,86.13304138183594,6175552,,
2025-03-10,86.14284573719384,87.28134431690823,83.47327757832618,84.2093734741211,5654494,,
2025-03-11,83.42421187593939,85.09269311827593,82.86477922523072,84.48419189453125,5587489,,
2025-03-12,84.89640202545677,86.5059979503712,83.28680610054235,84.73936462402344,6313074,,
2025-03-13,85.09268735339252,85.81897406949464,83.60086954855605,83.83641815185547,3596563,,
2025-03-17,83.92475457867923,85.3871297618817,83.91493786943546,84.66085052490234,4673615,,
2025-03-18,84.66085052490234,84.66085052490234,84.66085052490234,84.66085052490234,0,,
2025-03-19,86.65321568385717,90.24536000752003,86.31951496118172,90.00981140136719,9211611,,
2025-03-20,90.71645587565726,91.03052314926865,88.7731594722182,89.38166809082031,5538285,,
2025-03-21,89.31297693227849,95.05452395176246,88.90076498970033,93.46456146240234,21495051,,
2025-03-24,94.22028209947902,96.03598395484669,94.12213746988313,95.13304138183594,9209244,,
2025-03-25,95.59432472215336,95.59432472215336,91.32496989503339,91.7666244506836,8796395,,
2025-03-26,92.15921095127199,93.0523367764156,89.60741325206243,89.83314514160156,7445890,,
2025-03-27,89.50926432442357,91.12867690838905,89.11668580899999,90.66738891601562,9560355,,
2025-03-28,91.17775582657919,94.38713096735556,89.51908384145617,89.89203643798828,11724143,,
2025-04-01,89.80370881838155,91.2268247061136,88.88113280158794,89.59760284423828,6079541,,
2025-04-02,90.24536117882597,91.86477377905013,88.03707331159902,91.5899658203125,6696982,,
2025-04-03,91.11885569136538,94.2202767278763,90.78516247217247,93.99453735351562,8044837,,
2025-04-04,94.17119898284726,94.33805307740585,90.02943901585287,90.7066421508789,6542740,,
2025-04-07,81.62812607946682,88.33150786211176,81.62812607946682,87.26171875,6304022,,
2025-04-08,89.39149196020058,90.35331978670672,87.87022403580477,88.9203872680664,4027939,,
2025-04-09,88.91057018320564,89.06760757590497,87.37949304416213,88.36095428466797,2524732,,
2025-04-11,90.3042575989831,90.785171546222,88.82224891819558,89.7350082397461,3123108,,
2025-04-15,90.80479102619611,92.69901152717702,90.62812770270729,92.36531829833984,4722031,,
2025-04-16,92.37513889436762,93.77862883226393,92.11014015400627,93.26826477050781,5980819,,
2025-04-17,93.22900221392376,93.91602958297207,91.67829912689122,92.43402099609375,4951325,,
2025-04-21,92.89530563205102,94.6128627607917,92.07087431651898,94.09268951416016,6038998,,
2025-04-22,94.51472270731294,99.02944302359315,93.3958574655204,97.26280975341797,23034145,,
2025-04-23,98.14612048614826,98.99999443004147,95.69246747399457,98.15593719482422,10896395,,
2025-04-24,97.9989066693528,99.89312722688004,96.68375215697439,96.93892669677734,11489970,,
2025-04-25,97.61613974882916,97.94984048370927,91.78625724565083,94.84841918945312,11624755,,
2025-04-28,94.22027690786041,96.28134396762889,93.4351049384463,96.1930160522461,5850616,,
2025-04-29,96.23228229284264,97.63577223433592,94.69138837005258,94.97600555419922,5139780,,
2025-04-30,94.97599819417994,95.02507424996374,91.54088395204829,92.28679656982422,4504690,,
2025-05-02,91.52126695700342,94.31843018678454,91.27590163004095,91.57034301757812,3826284,,
2025-05-05,93.14067042684232,93.14067042684232,90.97164204896228,92.38494110107422,3897468,,
2025-05-06,92.64994012079562,92.93456477147657,88.33150928059766,88.54743194580078,4991228,,
2025-05-07,86.36859237793156,90.58887886430806,86.36859237793156,90.147216796875,5306267,,
2025-05-08,90.68701742915029,91.41329662894452,86.85931720717534,87.69355773925781,4072354,,
2025-05-09,84.65102836785711,88.10576849176408,84.65102836785711,87.26171875,5521740,,
2025-05-12,90.78516434710042,95.00545065787736,90.29443372900799,94.6913833618164,8214781,,
2025-05-13,95.20174173226393,95.69247235974981,93.40566583855632,94.14176177978516,5083501,,
2025-05-14,94.60304874054825,97.06651856040793,94.27916473281488,96.86041259765625,8450772,,
2025-05-15,96.82115952721675,97.35114953206637,95.97710220334018,96.52671813964844,5893730,,
2025-05-16,96.77207575230068,103.49508367825693,96.61504584928286,102.26825714111328,25340944,,
2025-05-19,103.05343007101854,105.50708316794754,102.6608440779189,103.19083404541016,12467928,,
2025-05-20,103.19083106729997,103.68156167252317,99.39257348720861,99.66738891601562,6749629,,
2025-05-21,99.76553386094552,100.27589039732209,97.46891072736398,99.1766586303711,8841631,,
2025-05-22,98.36204929029005,100.18756784434066,97.55725135157618,99.1668472290039,4914365,,
2025-05-23,99.47109521494275,99.55943062031358,97.36095205053431,98.49945068359375,5509883,,
2025-05-26,98.99018251336872,100.93347159981224,98.78407654892501,100.07960510253906,4996220,,
2025-05-27,100.58015043885369,101.43401691915633,99.07850846268586,100.82551574707031,6536574,,
2025-05-28,101.2475421376404,102.02288990505777,100.30533278552511,100.7175521850586,5295612,,
2025-05-29,101.19847563651875,101.502726244559,99.45147571378163,100.2660903930664,6228776,,
2025-05-30,96.28134277949978,98.03815923621941,94.06323835803835,94.51471710205078,25301938,,
2025-06-02,94.36750224916028,96.87022398536793,93.346781633688,95.82006072998047,8074090,,
2025-06-03,95.82988032448704,96.62486157795266,94.72083175587835,95.14286041259766,4059822,,
2025-06-04,95.49618650472995,97.16466770241759,94.64231248683264,96.88004302978516,7959826,,
2025-06-05,97.25299079501319,101.78734442496149,97.07633496003633,100.59977722167969,25588717,,
2025-06-06,100.7175613056741,102.4743779312987,99.91276333916026,101.8069839477539,8989554,,
2025-06-09,102.61177599497911,103.44601655429703,101.28679732599504,101.45365142822266,8310321,,
2025-06-10,102.03271256573885,103.70120121481537,101.33587596371972,102.12104797363281,7771155,,
2025-06-11,102.50381250203114,103.88766893239742,100.59977533371574,101.24754333496094,6772287,,
2025-06-12,101.58123862717608,101.67938325386254,97.65539365607748,98.10686492919922,4979404,,
2025-06-13,95.69247742450851,97.429660643053,95.46673802921693,96.62486267089844,4651906,,
2025-06-16,96.62485386905384,97.65539114262529,94.34786414393996,97.34132385253906,4890893,,
2025-06-17,97.36095553847173,97.6553969163161,95.44710904634915,95.69247436523438,3587523,,
2025-06-18,95.64339000140549,96.10467795892816,93.82768829690625,94.27915954589844,3813325,,
2025-06-19,94.22028389257983,94.62268661592297,91.15812197040704,91.62922668457031,5752102,,
2025-06-20,91.9923697712498,95.5158121991246,91.62922639921412,95.17230224609375,8872778,,
2025-06-23,93.25843997149842,96.62485218853988,93.25843997149842,96.35004425048828,8736270,,
2025-06-24,97.36095249102979,98.39148979327354,95.94765339029745,96.66411590576172,8221479,,
2025-06-25,97.3609510220284,100.40348682543018,96.82115183829465,98.92147827148438,13751282,,
2025-06-26,99.13739605414682,99.7066378486529,97.26280160299503,98.1461181640625,6411097,,
2025-06-27,98.83314592792046,99.58887529168965,97.44928944448162,97.7535400390625,5910689,,
2025-06-30,98.35223061323578,99.59869058954594,97.65539402677521,98.66629791259766,4978388,,
2025-07-01,98.68593593306804,99.14721645055302,97.17448464441547,98.58778381347656,5166244,,
2025-07-02,98.58777880212713,98.91166280922253,96.33042243742071,97.05670166015625,4463370,,
2025-07-03,97.16466877652394,98.0479854448107,96.19302418538624,96.45801544189453,4183429,,
2025-07-04,96.47764946522516,97.55725540524388,95.69247742450851,96.62486267089844,4787509,,
2025-07-07,96.18320420492616,98.03816540127046,95.97709823732738,96.77207946777344,3434013,,
2025-07-08,96.57578530095105,98.62703565133661,95.96727665042874,97.34132385253906,5604480,,
2025-07-09,97.64557969397197,98.28353101731324,96.17338778839454,96.47764587402344,3528294,,
2025-07-10,96.86041021272244,97.38058346132901,95.44710365956126,95.80043029785156,3312767,,
2025-07-11,96.18319639728502,97.26280220619422,95.48635985255312,96.01634979248047,5482720,,
2025-07-14,96.29116801206087,97.00763056237436,95.11341745617149,96.48745727539062,4188949,,
2025-07-15,96.48745375274736,97.52780777668814,95.73173187976734,97.19410705566406,5790329,,
2025-07-16,96.42856471286511,97.90075654054245,96.35004601827983,97.24317932128906,3327655,,
2025-07-17,97.21373748779297,97.69465139218912,96.67393081799277,97.21373748779297,3255044,,
2025-07-18,97.21374218626259,98.11668476124615,95.59432958654854,97.03707885742188,5599277,,
2025-07-21,97.06651817877885,98.07742205837665,96.24208684305844,97.25299072265625,3676240,,
2025-07-22,97.94983956925505,98.63685947589505,96.821157590099,97.17448425292969,3869091,,
2025-07-23,97.16466841096964,97.75354369162686,96.61505248075031,96.94874572753906,2954697,,
2025-07-24,96.94874041984535,97.45910445964115,95.88876047992028,96.95855712890625,3747516,,
2025-07-25,96.86041503986107,96.96837637849428,93.2388205608771,93.42530059814453,5008743,,
2025-07-28,93.42529475482657,95.2900650590472,92.64993950220793,92.87567138671875,3705271,,
2025-07-29,92.83641044846894,94.70118820867859,92.3947559077674,94.37731170654297,3490526,,
2025-07-30,94.22027989523727,95.9182111505496,94.22027989523727,95.02507781982422,3675458,,
2025-07-31,93.23882090408404,94.45583078557303,90.48091712401418,91.88440704345703,5324324,,
2025-08-01,91.47217996753308,92.74808251047813,90.29442953401045,90.637939453125,2836340,,
2025-08-04,90.80479466279535,91.61940932528206,89.92148549793106,91.36422729492188,2819243,,
2025-08-05,91.71755228278573,92.79716566539993,91.03053239199053,91.6194076538086,3146482,,
2025-08-06,91.47218249843887,91.95310388646028,90.14721135207718,90.45146942138672,2243403,,
2025-08-07,90.28461823980182,91.85495474132252,89.02834903858526,91.58014678955078,3683887,,
2025-08-08,91.57033609819761,92.19847068872103,90.0098088428984,90.392578125,2100336,,
2025-08-11,90.39257986176675,93.04252973641023,89.99999386315788,91.28571319580078,5526424,,
2025-08-12,91.26607937883009,97.06651895024987,90.8833100910461,96.17338562011719,40276916,,
2025-08-13,96.67393456665283,97.13522255910462,91.47218686889958,91.7175521850586,10371223,,
2025-08-14,92.15920988899585,92.25735451322745,89.90184609189451,90.25517272949219,5003409,,
2025-08-18,90.78515919775452,91.59977377469211,90.19628398703567,90.96182250976562,4156632,,
2025-08-19,91.1777512700078,93.43510764350559,90.78516527393491,93.12104034423828,4174921,,
2025-08-20,93.14066981441296,97.26280387856353,93.14066981441296,95.76116943359375,13513219,,
2025-08-21,95.75135590021175,97.85168234867642,95.32932726871903,95.54524993896484,8226952,,
2025-08-22,95.69246699620071,98.6368505960838,95.55506302724254,97.69464874267578,13565811,,
2025-08-25,98.08724176772067,98.47001106417069,97.18429170803489,97.5278091430664,5623889,,
2025-08-26,97.16466436393203,99.56924144644324,96.54634646818904,97.3904037475586,11982324,,
2025-08-28,97.26280476306634,98.45037193288104,93.72954589195533,94.38712310791016,7407024,,
2025-08-29,95.00545575566088,95.00545575566088,91.66848587598687,91.92366790771484,4893478,,
2025-09-01,92.45364308632998,92.78734379182563,91.62921926326091,92.38494110107422,3110425,,
2025-09-02,92.3849474138324,93.23882142146127,91.81570556336847,92.14939880371094,3773184,,
2025-09-03,92.35550016695987,92.84623078154304,91.87458626129576,92.22791290283203,2858302,,
2025-09-04,92.68920043301225,93.23881632255754,90.39257727406743,90.61831665039062,3762609,,
2025-09-05,90.78516449508425,91.48200107535678,90.2944338761919,90.95201110839844,2837155,,
2025-09-08,91.13849109129293,92.0610670504659,90.67720311170645,91.14830780029297,2061067,,
2025-09-09,91.27589682907988,91.74700152676894,90.29443557285322,90.79498291015625,2710361,,
2025-09-10,90.9912715374749,92.45364670252026,90.98145482835302,91.58014678955078,1973797,,
2025-09-11,92.06106885369927,93.09159868023795,91.66848285351328,91.84514617919922,3304116,,
2025-09-12,92.15921464097528,92.58124328609152,91.24645536144273,91.3249740600586,2713935,,
2025-09-15,91.5703394423894,93.80806993884639,91.52126338373077,92.17884063720703,4224163,,
2025-09-16,92.89530418207009,93.77862076065449,92.45364214880053,92.70882415771484,4143342,,
2025-09-17,93.2093707493279,93.543063960916,92.45364143704133,92.64012145996094,2820696,,
2025-09-18,93.53619855953013,93.9399272131953,92.06900475836068,92.49242401123047,3183350,,
2025-09-19,92.4924249722473,93.20140675303561,92.31517952705022,93.00446319580078,2911508,,
2025-09-22,93.05370257803114,93.93992981939526,92.26594336067888,92.38410949707031,2834523,,
2025-09-23,92.46288885068476,92.55150782035598,90.86767978294331,91.28125,3836407,,
2025-09-24,91.28124576107317,91.86221985935533,90.83813590803658,91.02523040771484,2476038,,
2025-09-25,91.12370106830065,91.77359603908491,90.17839451185074,90.59196472167969,2712116,,
2025-09-26,90.59196692236519,90.88737851520706,88.57333856741312,89.65650939941406,3394960,,
2025-09-29,89.8042065428863,90.34579195200982,88.23854465353999,88.65211486816406,4180724,,
2025-09-30,88.81950934046957,89.94206133451354,88.62257329375711,88.93767547607422,2027688,,
2025-10-01,89.3610931316321,89.86328980813923,88.9770625886056,89.55802917480469,1981163,,
2025-10-03,89.94206079780457,90.74951811734174,89.48910188296595,90.07007598876953,2216867,,
2025-10-06,90.49349262434848,90.49349262434848,89.21338582758473,89.36109161376953,1772243,,
2025-10-07,89.36109587976459,89.80420574684416,89.0164540372995,89.12477111816406,1626600,,
2025-10-08,89.50879734952848,89.50879734952848,88.40593599428212,88.54379272460938,1852462,,
2025-10-09,88.55364718408816,89.16416096466948,88.297624306731,88.49456787109375,1768701,,
2025-10-10,88.62257079777642,89.9617569130642,88.59303114286438,88.72103881835938,2474144,,
2025-10-13,88.62257570356464,89.55803321982852,88.46502085180757,88.6619644165039,2360986,,
2025-10-14,89.09523251784799,89.09523251784799,86.80089070526094,87.18492126464844,2874857,,
2025-10-15,87.80527560765076,88.42563843713864,87.46063376495121,87.9825210571289,2038480,,
2025-10-16,88.37639849363838,88.52410428334008,87.49017126805668,87.60833740234375,1591026,,
2025-10-17,87.69696058856553,89.8534456891463,86.54486889618495,88.68165588378906,6208459,,
2025-10-20,89.11492384629567,89.11492384629567,87.54926193947786,87.8545150756836,2026337,,
2025-10-21,88.17946198845307,88.79981728680511,88.0514467988204,88.41578674316406,498354,,
2025-10-23,88.62257037423949,89.01644996731733,87.73634316797141,87.8938980102539,2163949,,
2025-10-24,88.2680819113429,88.2680819113429,87.145529923508,87.6181869506836,1908280,,
2025-10-27,87.77573823096203,87.85451565780448,86.60394842272461,86.72211456298828,2178603,,
2025-10-28,87.12583979213055,87.7363460444198,86.59410345093666,86.81073760986328,2332089,,
2025-10-29,87.02736096893011,88.76042666225241,86.80088527506399,87.55909729003906,4265956,,
2025-10-30,87.63787680610572,87.98251863933437,86.70241932839534,86.94859313964844,2461592,,
2025-10-31,86.94859593078351,87.0372148996177,86.65318434274538,86.68272399902344,1692629,,
2025-11-03,86.94859506061628,87.47048234998243,86.42670025862144,86.66303253173828,1822616,,
2025-11-04,86.67287234797962,86.85011779297052,85.81619229104739,85.97373962402344,1857026,,
2025-11-06,85.97373723339356,86.16083172918944,84.43761509460565,84.61486053466797,2068241,,
2025-11-07,84.57547557707029,84.57547557707029,83.0590439698354,83.5513916015625,2376356,,
2025-11-10,83.96496394003996,84.09297913562011,81.96603370651981,82.94088745117188,3617159,,
2025-11-11,82.91134036678655,83.08858581939302,80.64654570862481,80.98133850097656,4047345,,
2025-11-12,81.7198600408439,82.41899279546182,80.74501380695455,81.47368621826172,3673816,,
2025-11-13,81.53276786966792,81.92663995069861,80.74500868234973,80.87301635742188,2306864,,
2025-11-14,81.08964980105473,82.84240608926339,80.64653995745262,82.16297149658203,3737752,,
2025-11-17,82.40915010969151,83.10828285462141,81.97588178390951,82.10388946533203,1892839,,
2025-11-18,82.26144023472878,82.26144023472878,80.74500868234973,80.87301635742188,2112048,,
2025-11-19,80.92225816975342,81.12904327642174,80.41021993123599,80.79425048828125,1936748,,
2025-11-20,81.03057312011437,81.16842985426759,80.44959901535852,80.58745574951172,1406556,,
2025-11-21,80.74501156413983,80.74501156413983,79.66184827739052,79.78985595703125,1687023,,
2025-11-24,79.7898569252595,79.96710237525139,77.55460195673339,78.17495727539062,2892113,,
2025-11-25,77.98786202519426,78.28327360990575,76.51081912689415,76.68806457519531,3148292,,
2025-11-26,76.85546969396128,77.63337235490737,76.6092958736893,77.36750793457031,3365715,,
2025-11-27,77.73184683441372,78.312813436281,77.49551456107874,77.67276000976562,1636846,,
2025-11-28,77.67275896183261,77.67275896183261,76.51081826114584,76.66837310791016,1475058,,
2025-12-01,76.68806272241562,77.79092409771428,76.41234925674807,76.64867401123047,1842079,,
2025-12-02,76.67822256875945,77.68260842798387,75.92000301180371,76.18587493896484,2473058,,
2025-12-03,76.06770631016909,76.33357071598795,74.3444896623659,74.82698822021484,2882411,,
2025-12-04,74.83683975447073,74.93530777793774,73.85214449454348,74.22632598876953,2123823,,
2025-12-05,74.55127812368545,74.55127812368545,72.76898208583503,72.9363784790039,3153252,,
2025-12-08,72.58188723232325,72.86744976128155,69.61795237498374,70.14968872070312,4689166,,
2025-12-09,70.1595335535175,76.01846703468979,68.92866454380668,72.6705093383789,5613560,,
2025-12-10,72.85759855359407,73.6355086931029,72.10923558183214,72.71974182128906,2725500,,
2025-12-11,72.6015858629491,72.6015858629491,70.72081428340813,70.97683715820312,2841138,,
2025-12-12,71.1836171309569,71.76458369470268,70.99652263833387,71.19346618652344,1895347,,
2025-12-15,71.35101896166955,71.67597020652838,70.92759969150984,71.31163024902344,2110780,,
2025-12-16,71.43964336755599,71.78428520240969,70.89805797519405,71.42979431152344,2475151,,
2025-12-17,71.39040507298361,71.41009567227479,70.06106799828824,70.60264587402344,2155017,,
2025-12-18,70.60264585947856,70.60264585947856,68.94835755210576,69.29300689697266,2456145,,
2025-12-19,69.32254558940944,71.88275168100164,68.78096020867932,71.7251968383789,3985309,,
2025-12-22,71.8827567518837,72.51296114157485,71.3904091028982,71.8335189819336,2326548,,
2025-12-23,71.92214517603826,74.96485002846866,71.63658263925977,74.11801147460938,6909243,,
2025-12-24,74.33464176735578,74.59066463399193,73.34994652466283,73.87183380126953,2085817,,
2025-12-26,74.1869336787507,75.03377216222631,72.86744570050583,73.00530242919922,6091168,,
2025-12-29,73.00530905880238,73.01515811535438,71.88275701600118,72.00092315673828,2508768,,
2025-12-30,72.000918248567,72.85759829446864,70.94729464819547,72.05999755859375,2107744,,
2025-12-31,72.16831856292036,75.132253483496,72.1387789062994,73.6158218383789,3727495,,
2026-01-01,73.80290784791055,74.34449325415123,73.458266004225,73.59612274169922,1601702,,
2026-01-02,73.81275676534149,82.70455387884542,73.52719423464531,81.76909637451172,82265437,,
2026-01-05,82.71440117174963,87.44094138661532,82.51746512639214,86.30854034423828,101751319,,
2026-01-06,86.04266983724848,86.04266983724848,82.3205229251928,83.06889343261719,20012455,,
2026-01-07,82.99996408539101,83.08858305242867,80.94194709240463,81.73955535888672,6922260,,
2026-01-08,81.42444997904686,82.31066966512881,77.938628005872,78.89378356933594,7005736,,
2026-01-09,78.76576832423457,79.08087049324921,76.60929090704587,76.93423461914062,6961354,,
2026-01-12,76.80623042912953,79.76031621486528,74.84668896146083,79.2975082397461,8728718,,
2026-01-13,79.29751066619355,80.13450016190423,77.84016584104224,78.20449829101562,7059809,,
2026-01-14,78.194654657946,78.35220199389643,77.02286488768216,77.50536346435547,3672850,,
2026-01-15,77.50536346435547,77.50536346435547,77.50536346435547,77.50536346435547,0,,
2026-01-16,77.69245414879913,78.0863337382514,73.99984708386218,75.29964447021484,8676362,,
2026-01-19,75.29964631230227,75.77229582110499,73.21208969597627,73.37948608398438,4271612,,
2026-01-20,73.37948349679115,73.63550635406578,69.83458225524203,70.7109603881836,7273564,,
2026-01-21,70.71096313070223,71.32147688707332,69.50963372992959,70.27770233154297,7450301,,
2026-01-22,72.07968827588215,72.07968827588215,70.85866828668098,71.41009521484375,3680823,,
2026-01-23,71.98122029234804,71.98122029234804,69.51948220086808,69.77550506591797,3451164,,
2026-01-27,69.96260117113941,70.99652668572116,68.68249432912927,70.46479034423828,4552913,,
2026-01-28,70.88820981702781,73.3401064288181,70.80943990565538,73.0840835571289,5749693,,
2026-01-29,73.35979823084851,73.566583337769,71.19347162371389,71.31163024902344,5207484,,
2026-01-30,71.31162632659945,72.99545425830232,70.25800273731302,71.3904037475586,6686901,,
2026-02-02,70.1890795596872,70.40571372702175,67.08728787198494,69.5391845703125,6158282,,
2026-02-03,72.3258671431351,72.74928642476647,70.31709533216146,71.02606964111328,5171109,,
2026-02-04,70.96698396229667,73.26132562008434,70.326930568959,72.8477554321289,5600113,,
2026-02-05,72.81820988305535,72.82805893897645,70.89805717300452,71.08515167236328,3321595,,
2026-02-06,70.89806037484125,71.42979672916802,70.60264878489455,71.15408325195312,3106246,,
2026-02-09,71.76458429865336,72.30616966994725,71.30178385992653,72.18800354003906,3300872,,
2026-02-10,72.57203357789396,72.74927901523668,71.5873383732407,71.6858139038086,3603081,,
2026-02-11,71.88275430420423,77.25918954653748,70.80944007202513,76.19571685791016,26862506,,
2026-02-12,77.6924551835152,80.25266128010956,76.8554657401747,77.77123260498047,53121380,,
2026-02-13,76.80622849972487,76.88500592172977,74.93530604656485,75.49658203125,6444203,,
2026-02-16,75.09285990557996,77.16071837399964,74.4134177967997,76.61913299560547,5948963,,
2026-02-17,76.61913639328296,77.22965016394342,76.11694721573333,76.36312103271484,3516148,,
2026-02-18,76.67821994152297,76.68806148468904,75.33903383335604,75.47689056396484,2773487,,
2026-02-19,75.47688974214998,76.09724502313495,73.43857094733843,73.98999786376953,3925513,,
2026-02-20,74.5,75.7699966430664,73.5,75.30000305175781,4761094,,
2026-02-23,75.4000015258789,75.48999786376953,73.5,73.93000030517578,2710062,,
2026-02-24,73.86000061035156,74.6500015258789,72.91000366210938,74.19000244140625,4242452,,
2026-02-25,74.5,75.8499984741211,74.5,75.16000366210938,4181386,,
2026-02-26,75.08999633789062,75.08999633789062,73.75,74.05999755859375,2560658,,
2026-02-27,74.06999969482422,74.25,72.9000015258789,73.02999877929688,2964768,,
2026-03-02,69.5,71.48999786376953,69.37000274658203,70.23999786376953,4672987,,
2026-03-04,69.08999633789062,69.19999694824219,67.8499984741211,68.23999786376953,4209237,,
2026-03-05,68.5199966430664,73.05000305175781,68.5199966430664,72.66999816894531,8398954,,
2026-03-06,72.05999755859375,73.19999694824219,70.5999984741211,70.98999786376953,3487613,,
2026-03-09,69.0,69.61000061035156,68.3499984741211,68.97000122070312,3475625,,
2026-03-10,70.01000213623047,70.7699966430664,69.1500015258789,69.86000061035156,3764230,,
2026-03-11,70.04000091552734,71.9000015258789,69.8499984741211,70.52999877929688,4769277,,
2026-03-12,70.52999877929688,73.3499984741211,69.1500015258789,72.3499984741211,8792807,,
2026-03-13,72.80000305175781,73.80999755859375,69.55000305175781,69.88999938964844,7881201,,
2026-03-16,70.4000015258789,71.31999969482422,68.44999694824219,69.16000366210938,7850313,,
2026-03-17,69.48999786376953,70.30000305175781,68.5199966430664,69.04000091552734,4125024,,
2026-03-18,69.5,71.52999877929688,69.13999938964844,70.44000244140625,6994709,,
2026-03-19,70.0,70.66000366210938,68.5,68.7300033569336,4523592,,
2026-03-20,69.44999694824219,71.8499984741211,69.44999694824219,70.08000183105469,9815044,,
2026-03-23,69.98999786376953,69.98999786376953,66.01000213623047,66.5199966430664,6771812,,
2026-03-24,68.0,68.19999694824219,66.05999755859375,66.93000030517578,4996355,,
2026-03-25,67.54000091552734,69.18000030517578,67.30000305175781,67.87999725341797,4989064,,
2026-03-27,67.5,67.88999938964844,66.05000305175781,66.16999816894531,7389422,3812358.0,51.59
2026-03-30,65.61000061035156,65.9800033569336,63.02000045776367,63.349998474121094,7455143,3580584.0,48.03
2026-04-01,65.26000213623047,67.98999786376953,64.51000213623047,67.26000213623047,6848942,2018242.0,29.47
2026-04-02,66.4000015258789,67.62000274658203,64.80999755859375,67.33999633789062,4373002,1357694.0,31.05
2026-04-06,67.20999908447266,67.9000015258789,65.8499984741211,67.69000244140625,5552166,1627300.0,29.31
2026-04-07,67.0,68.4800033569336,66.9000015258789,67.52999877929688,4059061,1317201.0,32.45
2026-04-08,69.94000244140625,70.75,69.11000061035156,70.55000305175781,6361101,2535736.0,39.86
2026-04-09,70.98999786376953,71.55000305175781,69.70999908447266,70.68000030517578,5462318,1880016.0,34.42
2026-04-10,71.06999969482422,72.68000030517578,71.06999969482422,72.1500015258789,4074194,1804080.0,44.28
2026-04-13,70.19999694824219,73.3499984741211,69.94999694824219,72.48999786376953,7623544,2684496.0,35.21
2026-04-15,73.69999694824219,75.62999725341797,73.69999694824219,75.26000213623047,7979685,3006115.0,37.67
2026-04-16,75.62999725341797,77.08000183105469,74.77999877929688,76.33000183105469,6658685,2551746.0,38.32
2026-04-17,76.88999938964844,79.68000030517578,76.5999984741211,78.62000274658203,9792864,4764199.0,48.65
2026-04-20,78.80000305175781,79.16000366210938,76.33000183105469,76.9800033569336,7067252,2502035.0,35.4
2026-04-21,77.19999694824219,78.3499984741211,76.5199966430664,76.80999755859375,3511490,1273548.0,36.27
2026-04-22,76.69999694824219,81.44999694824219,76.66000366210938,80.8499984741211,16968781,5560617.0,32.77
2026-04-23,80.5999984741211,82.08999633789062,78.70999908447266,78.97000122070312,8426676,3155855.0,37.45
2026-04-24,79.0,79.68000030517578,76.83000183105469,77.8499984741211,3627404,1187584.0,32.74
2026-04-27,77.8499984741211,81.19999694824219,77.68000030517578,80.41000366210938,7429262,2556727.0,34.41
2026-04-28,80.47000122070312,82.30999755859375,80.18000030517578,81.79000091552734,8736216,2877548.0,32.94
2026-04-29,82.48999786376953,83.0,80.11000061035156,80.5999984741211,5539650,2020777.0,36.48
2026-04-30,80.5,80.8499984741211,78.58000183105469,78.9800033569336,5294246,2469694.0,46.65
2026-05-01,78.9800033569336,78.9800033569336,78.9800033569336,78.9800033569336,0,0.0,0.0
2026-05-04,79.98999786376953,80.94999694824219,78.76000213623047,79.86000061035156,3553696,1336732.0,37.62
2026-05-05,79.8499984741211,80.58999633789062,79.0199966430664,79.36000061035156,2765593,955712.0,34.56
2026-05-06,79.98999786376953,80.0999984741211,78.5,79.94000244140625,3159380,1191782.0,37.72
2026-05-07,80.30999755859375,80.5999984741211,79.5199966430664,79.88999938964844,3590142,1346857.0,37.52
2026-05-08,79.5,80.08999633789062,78.5,78.79000091552734,2986750,1301428.0,43.57
2026-05-11,78.16000366210938,78.33999633789062,76.9000015258789,77.37000274658203,2684784,1038598.0,38.68
2026-05-12,77.4800033569336,77.83999633789062,74.01000213623047,74.25,3331792,1500265.0,45.03
2026-05-13,74.0,76.3499984741211,73.9000015258789,75.69999694824219,2753584,980141.0,35.6
2026-05-14,76.0999984741211,78.4000015258789,76.0,76.93000030517578,4835435,1593071.0,32.95
2026-05-15,77.69999694824219,79.44999694824219,75.66000366210938,77.41999816894531,12186612,2000374.0,16.41
2026-05-18,75.9800033569336,76.25,70.5,73.12999725341797,11944192,3201973.0,26.81
2026-05-19,73.5,74.9000015258789,73.25,74.55999755859375,3851232,1297401.0,33.69
2026-05-20,74.23999786376953,74.23999786376953,73.20999908447266,73.58000183105469,2306540,968177.0,41.98
2026-05-21,74.0,74.58999633789062,73.23999786376953,73.47000122070312,2179822,993316.0,45.57
2026-05-22,73.66999816894531,73.93000030517578,73.0,73.08999633789062,2062639,931185.0,45.15
2026-05-25,73.9800033569336,74.75,73.76000213623047,74.2699966430664,1836904,910889.0,49.59
2026-05-26,74.19000244140625,75.19999694824219,73.31999969482422,73.79000091552734,2382386,935780.0,39.28
2026-05-27,73.79000091552734,76.12999725341797,73.75,75.5199966430664,4499727,1633160.0,36.29
2026-05-28,75.5199966430664,75.5199966430664,75.5199966430664,75.5199966430664,0,0.0,0.0
2026-05-29,75.80000305175781,77.80000305175781,74.25,75.16000366210938,7861333,3620789.0,46.06
2026-06-01,75.55000305175781,75.69000244140625,72.6500015258789,72.91000366210938,4049759,1881517.0,46.46
2026-06-02,72.33000183105469,72.5,71.20999908447266,72.04000091552734,3313764,1497093.0,45.18
2026-06-03,72.3499984741211,73.55000305175781,71.94999694824219,73.2300033569336,3543740,967144.0,27.29
2026-06-04,72.5999984741211,74.31999969482422,72.30000305175781,73.7300033569336,2285055,737710.0,32.28
2026-06-05,73.80000305175781,74.1500015258789,73.08000183105469,73.68000030517578,2515042,1149157.0,45.69
2026-06-08,72.5999984741211,73.1500015258789,72.11000061035156,72.29000091552734,1407442,626091.0,44.48
2026-06-09,73.0,73.16000366210938,71.87999725341797,72.79000091552734,2180975,835153.0,38.29
2026-06-10,72.83999633789062,73.19000244140625,71.30999755859375,71.80999755859375,1725173,842678.0,48.85
2026-06-11,71.45999908447266,71.7300033569336,70.05000305175781,70.31999969482422,1734123,835374.0,48.17
2026-06-12,71.30000305175781,73.0,71.0999984741211,72.61000061035156,2256153,959834.0,42.54
2026-06-15,73.8499984741211,73.87999725341797,73.0,73.13999938964844,2191028,980482.0,44.75
2026-06-16,73.13999938964844,74.05999755859375,72.94999694824219,73.66999816894531,3160897,1642551.0,51.96
2026-06-17,73.5,74.30000305175781,73.25,73.87000274658203,2063731,1126951.0,54.61
2026-06-18,74.23999786376953,75.19999694824219,73.80000305175781,74.20999908447266,3318247,1366191.0,41.17
2026-06-19,74.18000030517578,74.18000030517578,72.7300033569336,72.87999725341797,2745661,1489326.0,54.24
2026-06-22,72.9000015258789,75.48999786376953,72.9000015258789,74.13999938964844,4061124,1485318.0,36.57
2026-06-23,74.9000015258789,74.9000015258789,72.75,72.95999908447266,2256485,1250930.0,55.44
2026-06-24,72.95999908447266,73.48999786376953,72.0999984741211,72.91000366210938,2429416,1047014.0,43.1
2026-06-25,73.44000244140625,73.44000244140625,72.0,72.08999633789062,1679408,989881.0,58.94
2026-06-25,73.44000244140625,73.44000244140625,72.0,72.08999633789062,1679408,0.0,0.0
2026-06-26,72.08999633789062,72.08999633789062,72.08999633789062,72.08999633789062,0,,
2026-06-29,72.08000183105469,72.87999725341797,71.4000015258789,71.79000091552734,3049472,1461823.0,47.94
2026-06-30,73.0,74.58000183105469,72.5999984741211,73.1500015258789,8697531,1471525.0,16.92
2026-07-01,73.1500015258789,73.6500015258789,72.29000091552734,72.62999725341797,1887208,0.0,0.0
2026-07-02,72.86000061035156,73.06999969482422,72.41999816894531,72.55999755859375,1380776,662045.0,47.95
2026-07-03,72.7699966430664,73.19999694824219,72.37000274658203,72.55000305175781,1781989,689524.0,38.69
2026-07-06,72.8499984741211,72.8499984741211,71.51000213623047,71.75,2633315,1222900.0,46.44
2026-07-07,71.70999908447266,72.41999816894531,71.26000213623047,71.80000305175781,1312405,564247.0,42.99
2026-07-08,71.19999694824219,71.25,69.75,70.13999938964844,2216333,,
2026-07-09,70.1500015258789,70.87999725341797,69.87000274658203,70.06999969482422,1314603,,
2026-07-10,70.19999694824219,71.27999877929688,70.19999694824219,70.87999725341797,1244716,,
2026-07-13,69.9000015258789,70.94999694824219,69.80000305175781,70.56999969482422,1368755,584019.0,42.67
2026-07-14,70.20999908447266,70.9800033569336,70.05000305175781,70.37999725341797,1720449,,
2026-07-15,70.30000305175781,70.69000244140625,69.86000061035156,70.02999877929688,1437138,753580.0,52.44
2026-07-16,70.2300033569336,70.58999633789062,69.9000015258789,70.05000305175781,1467710,,
2026-07-17,70.05999755859375,70.30999755859375,69.01000213623047,69.12999725341797,1673666,,
2026-07-20,69.30000305175781,69.7300033569336,68.66999816894531,69.0999984741211,2393600,1009147.0,42.16
2026-07-21,69.08999633789062,69.4000015258789,68.5,68.6500015258789,2090333,1085259.0,51.92
2026-07-22,68.76000213623047,69.0999984741211,67.6500015258789,68.66000366210938,2151266,,
2026-07-23,68.55999755859375,68.73999786376953,67.5,67.68000030517578,2449655,984720.0,40.2
2026-07-24,67.30000305175781,67.73999786376953,66.80999755859375,67.58000183105469,1605432,,
2026-07-27,67.69000244140625,68.30000305175781,67.69000244140625,68.04000091552734,1134315,530949.0,46.81
2026-07-28,68.08999633789062,68.30000305175781,67.55999755859375,67.6500015258789,1128657,666911.0,59.09
2026-07-29,67.9800033569336,69.26000213623047,67.86000061035156,69.0199966430664,1983997,1005630.0,50.69
2026-07-30,69.25,69.25,68.31999969482422,68.44999694824219,1086414,544419.0,50.11
2026-07-31,68.83999633789062,69.4000015258789,67.55999755859375,68.62000274658203,5494583,1498908.0,27.28
2026-08-03,69.19999694824219,70.43000030517578,69.01000213623047,69.41999816894531,2713188,1438177.0,53.01
2026-08-04,69.73999786376953,69.75,68.75,69.0,1402588,764925.0,54.54
2026-08-05,69.62000274658203,69.87999725341797,68.55000305175781,69.11000061035156,1577078,,
2026-08-06,69.44000244140625,69.44000244140625,68.0999984741211,68.43000030517578,1220038,686624.0,56.28
2026-08-07,68.44999694824219,69.11000061035156,67.79000091552734,67.95999908447266,1763773,892469.0,50.6
2026-08-11,67.9000015258789,68.0999984741211,66.9000015258789,67.23999786376953,2242454,1225072,54.62
