date,open,high,low,close,volume,delivery_qty,delivery_pct
2022-01-03,20.51646476289909,20.65055895835525,20.471765561013566,20.605859756469727,6385594,,
2022-01-04,20.65055895835525,20.739955657026094,20.51646476289909,20.605859756469727,6402243,,
2022-01-05,20.605858484180676,20.65055768330629,20.292972615801872,20.427066802978516,7127303,,
2022-01-06,20.382367603852902,20.516463496129646,20.292972615801872,20.427066802978516,7417986,,
2022-01-07,20.56116172903018,20.605859224661916,20.471765032666536,20.516464233398438,5352715,,
2022-01-10,20.605859224661916,20.605859224661916,20.471765032666536,20.516464233398438,8226337,,
2022-01-11,20.516464233398438,20.73995512175746,20.427067537034794,20.516464233398438,11344815,,
2022-01-12,20.69525645514057,20.69525645514057,20.51646476289909,20.605859756469727,7981078,,
2022-01-13,20.65055773463309,20.65055773463309,20.516463547123156,20.561161041259766,6196111,,
2022-01-14,20.561160298885543,21.231632917327463,20.47176360873995,21.186935424804688,16831189,,
2022-01-17,21.41042762598526,21.678616007961217,21.276331729897134,21.49982261657715,16579585,,
2022-01-18,21.67861466295541,21.76801135310101,21.14223622718187,21.186935424804688,7441045,,
2022-01-19,21.14223405277764,21.2316307337291,21.008139883900373,21.052837371826172,5504174,,
2022-01-20,21.052837371826172,21.2316307337291,21.008139883900373,21.052837371826172,5622661,,
2022-01-21,21.00814098171974,21.32102852885045,20.784650120212085,20.829347610473633,8028725,,
2022-01-24,20.874048563634062,21.008142750810705,20.337670109827386,20.427066802978516,12317944,,
2022-01-25,20.382367654513118,20.65055773463309,20.11417927949325,20.561161041259766,6995265,,
2022-01-27,20.56116172903018,20.69525592102556,20.382368336302893,20.516464233398438,7169492,,
2022-01-28,20.605859756469727,20.82935065059673,20.56116225968441,20.605859756469727,5703163,,
2022-01-31,20.918745726349826,20.918745726349826,20.695254849561685,20.874048233032227,6102682,,
2022-02-01,20.963445360318936,21.09753954815784,20.605858585948376,20.695255279541016,10345830,,
2022-02-02,20.784650802612305,20.91874498289948,20.695254114054183,20.784650802612305,5780813,,
2022-02-03,20.784651487953862,20.8740481794597,20.695254796448026,20.739953994750977,4151889,,
2022-02-04,20.739955657026094,20.82935065059673,20.56116225968441,20.605859756469727,5329628,,
2022-02-07,20.65055895835525,20.69525645514057,20.56116225968441,20.605859756469727,5132340,,
2022-02-08,20.65055773463309,20.6952552287697,20.47176434788644,20.561161041259766,5051898,,
2022-02-09,20.605859756469727,20.69525645514057,20.56116225968441,20.605859756469727,3686570,,
2022-02-10,20.695255279541016,21.0081428545652,20.605858585948376,20.695255279541016,9814830,,
2022-02-11,20.69525592102556,20.73995512175746,20.471765032666536,20.516464233398438,7856571,,
2022-02-14,20.382365163819518,20.427064357594062,19.667195114425812,19.756591796875,11887542,,
2022-02-15,19.980085421484706,20.158877106079792,19.756594536915753,20.114179611206055,6329315,,
2022-02-16,20.20357561751791,20.29297230931889,20.06948143236648,20.158876419067383,5154180,,
2022-02-17,20.248270645379144,20.248270645379144,20.024779795639642,20.06947898864746,2990546,,
2022-02-18,20.069481325151695,20.069481325151695,19.845990449393213,19.890687942504883,3970610,,
2022-02-21,19.75659227652479,19.845988961144343,19.66719559190523,19.71189308166504,5325454,,
2022-02-22,19.488402094568553,19.577798778600503,19.35430792107059,19.44370460510254,7967669,,
2022-02-23,19.443703521381725,19.756591045504386,19.443703521381725,19.667194366455078,13657093,,
2022-02-24,19.354305412233813,19.354305412233813,18.68383292655528,18.773229598999023,15562873,,
2022-02-25,18.907329160642107,19.354310945551376,18.907329160642107,19.220216751098633,6627144,,
2022-02-28,19.130816999357233,19.354307856137343,18.9520253369931,19.30961036682129,3719485,,
2022-03-02,19.533101975450716,19.533101975450716,19.26491191393172,19.39900779724121,4596433,,
2022-03-03,19.488402094568553,19.53310128913449,19.35430792107059,19.44370460510254,4153853,,
2022-03-04,19.399007533094903,19.399007533094903,19.17551667075556,19.264911651611328,4796578,,
2022-03-07,19.17551723611613,19.17551723611613,18.862629678596047,18.9520263671875,5512286,,
2022-03-08,18.907326612888372,19.48840251395067,18.817929926932642,19.264911651611328,8292033,,
2022-03-09,19.354307174682617,19.443703855267035,19.2649104940982,19.354307174682617,4997588,,
2022-03-10,19.577801926065124,19.62250112781722,19.399010234357345,19.488405227661133,5835297,,
2022-03-11,19.443703855267035,19.66719470417815,19.309609686940338,19.354307174682617,10641873,,
2022-03-14,19.533100943301978,19.801289285549647,19.354307578403603,19.756591796875,7375394,,
2022-03-15,19.93538469151488,20.069480576044803,19.711893824098347,19.80129051208496,6846313,,
2022-03-16,19.890687942504883,19.98008463382829,19.75659375806981,19.890687942504883,4423308,,
2022-03-17,20.0694817354741,20.73995437645742,19.756594161995196,20.427066802978516,15192734,,
2022-03-21,20.605856983602713,20.650556179473206,20.20357445136816,20.248271942138672,6083898,,
2022-03-22,20.24827181876513,20.337668504861433,19.845989288981695,19.980083465576172,7366442,,
2022-03-23,19.980083465576172,20.203574328266956,19.890686779479864,19.980083465576172,6972424,,
2022-03-24,19.980083947041475,20.069480635291995,19.89068725879095,19.93538475036621,4405621,,
2022-03-25,19.98008265044802,20.024780139122665,19.71189260310046,19.756591796875,5570071,,
2022-03-28,19.756595322873103,19.89068951792899,19.443707731009237,19.488405227661133,7159635,,
2022-03-29,19.533101709478515,19.577799199906398,19.264911651611328,19.264911651611328,6497792,,
2022-03-30,19.354310945551376,19.443707643553267,19.17551925464778,19.220216751098633,6814486,,
2022-03-31,19.26490919062747,19.399005054981053,19.130815031373633,19.175514221191406,8040582,,
2022-04-01,19.13082005309674,19.309613449100524,19.08612255664589,19.220216751098633,10607411,,
2022-04-04,19.309609686940338,19.533100535851453,19.2649104940982,19.354307174682617,13261803,,
2022-04-05,19.35430877725189,19.93538469151488,19.35430877725189,19.80129051208496,8377562,,
2022-04-06,19.71189260310046,19.935383456673478,19.667195114425812,19.756591796875,6691801,,
2022-04-07,19.845989767215695,19.980083947041475,19.80129057054043,19.93538475036621,6164467,,
2022-04-08,20.024782916358447,20.203576306053662,19.980085421484706,20.114179611206055,5812243,,
2022-04-11,20.203576306053662,20.2482738009274,20.024782916358447,20.114179611206055,5636321,,
2022-04-12,20.02478212693996,20.069481325151695,19.75659375806981,19.890687942504883,5415858,,
2022-04-13,19.890687942504883,20.02478212693996,19.80129125118148,19.890687942504883,4063739,,
2022-04-18,19.89068521152843,19.93538269850317,19.57779768740577,19.667194366455078,4439796,,
2022-04-19,19.756591045504386,20.024779377552477,19.57779768740577,19.667194366455078,8634544,,
2022-04-20,19.711891853429815,19.84598772455369,19.622496879480337,19.667194366455078,4610776,,
2022-04-21,19.75659227652479,19.890686450904152,19.71189308166504,19.71189308166504,5046345,,
2022-04-22,19.667197119631037,20.248273057145575,19.622499626399176,20.024782180786133,13593912,,
2022-04-25,20.02478143861673,20.069480635291995,19.80129057054043,19.93538475036621,6980246,,
2022-04-26,19.93538475036621,20.02478143861673,19.89068725879095,19.93538475036621,4007088,,
2022-04-27,19.845989288981695,20.02478095607434,19.801290093383557,19.980083465576172,6440370,,
2022-04-28,20.069481379118063,20.114178872349925,19.845990502758617,20.024782180786133,5196942,,
2022-04-29,20.02478143861673,20.248272306693035,19.845989767215695,19.93538475036621,5980303,,
2022-05-02,19.890687942504883,19.935385435616553,19.80129125118148,19.890687942504883,5574697,,
2022-05-04,19.89068521152843,19.980081890577736,19.667194366455078,19.667194366455078,5020823,,
2022-05-05,19.75659227652479,19.845988961144343,19.66719559190523,19.71189308166504,4973251,,
2022-05-06,19.533101975450716,19.667196153660218,19.35430860110472,19.39900779724121,4008872,,
2022-05-09,19.39900779724121,19.443705288277716,19.17551693185871,19.39900779724121,4374681,,
2022-05-10,19.488400024417114,19.53309921423489,19.175514221191406,19.175514221191406,6627695,,
2022-05-11,19.220212182735054,19.264909668561963,18.952023857574012,19.130815505981445,5823704,,
2022-05-12,19.130816596705134,19.130816596705134,18.862628256253615,18.907325744628906,6472563,,
2022-05-13,18.99672249437511,19.08611917654509,18.99672249437511,19.041419982910156,3492615,,
2022-05-16,19.08612060546875,19.577799836564427,18.996723916605895,19.08612060546875,6334547,,
2022-05-17,19.17551925464778,19.354310945551376,19.13082005309674,19.220216751098633,3964019,,
2022-05-18,19.35430833756706,19.48840251395067,19.220214161183446,19.264911651611328,3198002,,
2022-05-19,19.086118020154533,19.354306345315575,18.996721343400925,19.130815505981445,4268661,,
2022-05-20,19.309613449100524,19.622501039557054,19.17551925464778,19.220216751098633,6539615,,
2022-05-23,19.39900553624227,19.443703022069183,19.086118020154533,19.130815505981445,4715492,,
2022-05-24,19.220214161183446,19.399007533094903,19.041420789271985,19.264911651611328,3822900,,
2022-05-25,19.39900671159007,19.39900671159007,18.99672249437511,19.041419982910156,3077016,,
2022-05-26,19.04141875334899,19.13081542974636,18.86262710565403,18.996721267700195,3482555,,
2022-05-27,19.04142135067894,19.17551723611613,18.773232990004594,18.9520263671875,4756468,,
2022-05-30,18.996721267700195,19.086117944097563,18.952023782051402,18.996721267700195,3085932,,
2022-05-31,18.996723858933223,19.04142135067894,18.9520263671875,18.9520263671875,2753514,,
2022-06-01,19.04141875334899,19.086117944097563,18.952023782051402,18.996721267700195,4618347,,
2022-06-02,18.996720872119795,19.22021170590944,18.952023387401763,19.175514221191406,2687254,,
2022-06-03,19.220212182735054,19.264909668561963,19.086118020154533,19.130815505981445,2376146,,
2022-06-06,19.13081542974636,19.13081542974636,18.952023782051402,18.996721267700195,3058575,,
2022-06-07,18.996721267700195,19.04141875334899,18.907324591302828,18.996721267700195,5467984,,
2022-06-08,18.996721267700195,19.04141875334899,18.952023782051402,18.996721267700195,1632520,,
2022-06-09,18.9520263671875,18.996723858933223,18.90732717034177,18.9520263671875,1638001,,
2022-06-10,18.907325744628906,18.95202493810408,18.862628256253615,18.907325744628906,1628912,,
2022-06-13,18.86262666848421,18.86262666848421,18.549739160894948,18.594436645507812,6978917,,
2022-06-14,18.549741744995117,18.68383592261364,18.5050442541556,18.549741744995117,4484916,,
2022-06-15,18.549741744995117,18.59443923583463,18.5050442541556,18.549741744995117,3060444,,
2022-06-16,18.594436318709267,18.594436318709267,17.879266346874186,18.058059692382812,7871297,,
2022-06-17,17.96866381554269,17.96866381554269,17.655776299593235,17.70047378540039,6562891,,
2022-06-20,17.700473631549336,17.745172822067758,17.25349195696375,17.43228530883789,4780572,,
2022-06-21,17.566379896707375,17.879267417534184,17.432285732095828,17.834569931030273,3006661,,
2022-06-22,17.834568496479957,17.92396346229716,17.745171825563077,17.78986930847168,2309521,,
2022-06-23,17.70047521344578,17.87926858129874,17.655777724032504,17.745174407958984,2903295,,
2022-06-24,17.745173657685815,17.78987114520926,17.611079490015612,17.655776977539062,3141275,,
2022-06-27,17.745173657685815,17.78987114520926,17.611079490015612,17.655776977539062,3435302,,
2022-06-28,17.700473709062077,17.700473709062077,17.47698287079059,17.56637954711914,3878945,,
2022-06-29,17.47698287079059,17.655776223447692,17.387587899561815,17.56637954711914,2911052,,
2022-06-30,17.56637954711914,17.611078737833306,17.47698287079059,17.56637954711914,2829852,,
2022-07-01,17.611079088311097,17.923964904038094,17.521682410203464,17.834569931030273,2510750,,
2022-07-04,17.968664505502765,17.968664505502765,17.566380297392314,17.655776977539062,4764980,,
2022-07-05,17.745171825563077,17.879265979388556,17.7004726375548,17.78986930847168,2172288,,
2022-07-06,17.834569931030273,17.879267417534184,17.74517325292264,17.834569931030273,3057654,,
2022-07-07,17.879267417534184,17.968664095641817,17.78987073942655,17.834569931030273,2256307,,
2022-07-08,17.879267417534184,17.968664095641817,17.834569931030273,17.834569931030273,2821482,,
2022-07-11,17.83457310889654,18.102761485906964,17.789873909328055,18.013364791870117,2136231,,
2022-07-12,18.0133605034558,18.236851332791726,17.923963830701485,18.058059692382812,2131019,,
2022-07-13,18.147455821160005,18.147455821160005,17.923964977524538,17.968664169311523,1711397,,
2022-07-14,17.923968047932792,17.968667247376832,17.83457305924494,17.879270553588867,2438490,,
2022-07-15,17.923964977524538,18.058060847785672,17.834570004150205,17.968664169311523,3888758,,
2022-07-18,17.96866424188983,18.147455894460478,17.96866424188983,18.102758407592773,1920084,,
2022-07-19,18.102759896061162,18.326250758975497,18.05806240551828,18.281553268432617,1733146,,
2022-07-20,18.236851574923335,18.5497390811678,18.236851574923335,18.460342407226562,2638431,,
2022-07-21,18.460339730436534,18.460339730436534,18.370943069458008,18.370943069458008,1861097,,
2022-07-22,18.415647567376592,18.728535118553133,18.3709483714371,18.549741744995117,2691375,,
2022-07-25,18.549736391415056,18.594433869354575,18.28154811357897,18.370943069458008,2621417,,
2022-07-26,18.32624932506504,18.37094681211063,18.236852645874023,18.236852645874023,1044496,,
2022-07-27,18.23685572443342,18.23685572443342,18.102761535560404,18.147459030151367,1357707,,
2022-07-28,18.236852645874023,18.32624932506504,18.19215515882843,18.236852645874023,1509341,,
2022-07-29,18.281551436076853,18.505042276590753,18.281551436076853,18.415645599365234,2688899,,
2022-08-01,18.505041954513615,19.08611778871627,18.370946088459355,18.728532791137695,5196431,,
2022-08-02,18.773230429256664,19.13081542974636,18.72853294360787,18.996721267700195,3465913,,
2022-08-03,19.041419982910156,19.220213347250112,18.99672249437511,19.041419982910156,3404410,,
2022-08-04,19.17551585871507,19.354307517955135,18.907325812205134,19.041419982910156,5179908,,
2022-08-05,19.04141875334899,19.175514620494933,18.952023782051402,18.996721267700195,2668174,,
2022-08-08,18.996723916605895,19.175517294331605,18.952026424724476,19.08612060546875,2242450,,
2022-08-10,19.13081809735017,19.30961147507588,18.996723916605895,19.08612060546875,3695871,,
2022-08-11,19.220214727861848,19.3096114164533,18.90732717034177,18.9520263671875,3384528,,
2022-08-12,18.952026424724476,19.175517294331605,18.862629735861624,19.08612060546875,3140348,,
2022-08-16,19.13081809735017,19.175517294331605,18.996723916605895,19.08612060546875,3285567,,
2022-08-17,19.08612060546875,19.175517294331605,19.041421408487313,19.08612060546875,2817475,,
2022-08-18,19.041418829227837,19.264909668561963,18.996721343400925,19.130815505981445,3367337,,
2022-08-19,19.13081542974636,19.26490959179252,18.996721267700195,18.996721267700195,3208472,,
2022-08-22,19.041418598331592,19.041418598331592,18.68383360075302,18.728532791137695,2995773,,
2022-08-23,18.63913611546811,18.9073244373771,18.594436925083436,18.728532791137695,2215625,,
2022-08-24,18.72853713758996,18.862631329664556,18.683837936831655,18.81793212890625,5540331,,
2022-08-25,18.817927838851027,19.086117866959217,18.817927838851027,18.862627029418945,2519955,,
2022-08-26,18.996721267700195,19.220212106143727,18.952023782051402,18.996721267700195,4050990,,
2022-08-29,18.862629735861624,19.220214786213024,18.72853555511735,19.08612060546875,3976760,,
2022-08-30,19.220212182735054,19.220212182735054,19.086118020154533,19.130815505981445,2987602,,
2022-09-01,19.08612024468571,19.622498662623713,19.041421048549218,19.39900779724121,7092597,,
2022-09-02,19.48840357714319,19.667196958808745,19.309611900577686,19.622499465942383,7214311,,
2022-09-05,19.756591796875,19.845988479324188,19.577798431976625,19.756591796875,5413152,,
2022-09-06,19.801291304426687,20.114178872349925,19.75659381119483,20.024782180786133,7029366,,
2022-09-07,19.890687628106758,20.382366864963764,19.890687628106758,20.337669372558594,11453837,,
2022-09-08,20.42706606246897,20.561160244784514,20.292971880153427,20.337669372558594,8544734,,
2022-09-09,20.382367603852902,20.516463496129646,20.15887672352513,20.427066802978516,7536327,,
2022-09-12,20.427067537034794,20.605859224661916,20.20357664867577,20.516464233398438,11931156,,
2022-09-13,20.561159876023993,20.695254055934583,20.47176318771693,20.650556564331055,11480792,,
2022-09-14,20.427066802978516,20.516463496129646,20.382367603852902,20.427066802978516,4983940,,
2022-09-15,20.684474959932846,20.73043975846594,20.454647460378037,20.500612258911133,5293333,,
2022-09-16,20.316746698289617,20.45464281602339,20.040952709377795,20.224815368652344,7621644,,
2022-09-19,20.13288607438441,20.13288607438441,19.811127264847315,19.857093811035156,4090063,,
2022-09-20,19.857092309121878,20.040953219633373,19.81112576641077,19.903057098388672,2769912,,
2022-09-21,19.903059559930075,20.086922246625385,19.673232078283203,19.76516342163086,5095250,,
2022-09-22,19.765161109153865,19.811125898727656,19.581298443970056,19.719196319580078,3121582,,
2022-09-23,19.765163422173995,19.765163422173995,19.53533594052081,19.581300735473633,3349284,,
2022-09-26,19.535330280236977,19.535330280236977,19.121640231748465,19.213571548461914,6258183,,
2022-09-27,19.35147190706628,19.58129937272476,19.213575778360074,19.443403244018555,4591378,,
2022-09-28,20.040953331969007,20.040953331969007,19.351470968436434,19.53533363342285,6152889,,
2022-09-29,19.673230721958408,19.719197267185443,19.535334593166116,19.62726593017578,2861215,,
2022-09-30,19.62726496591606,19.719196298409265,19.44340230092964,19.53533363342285,3226644,,
2022-10-03,19.489368843898408,19.62726496591606,19.44340230092964,19.53533363342285,3531770,,
2022-10-04,19.581299384948743,19.719197267185443,19.581299384948743,19.62726593017578,2654820,,
2022-10-06,19.719197671046388,19.719197671046388,19.627266332153916,19.67323112487793,2409652,,
2022-10-07,19.62726593017578,19.673230721958408,19.535334593166116,19.62726593017578,1793061,,
2022-10-10,19.581299785985458,19.811127256494416,19.48937020053743,19.67323112487793,5286105,,
2022-10-11,19.76516205896807,19.811126850750696,19.581299384948743,19.62726593017578,2507254,,
2022-10-12,19.719197267185443,19.76516205896807,19.62726593017578,19.62726593017578,2250705,,
2022-10-13,19.627266332153916,19.719197671046388,19.581299785985458,19.67323112487793,2494125,,
2022-10-14,19.67323112487793,19.811127256494416,19.627266332153916,19.67323112487793,2736083,,
2022-10-17,19.673232078823812,19.673232078823812,19.489371145567983,19.581300735473633,2903656,,
2022-10-18,19.627266332153916,19.719197671046388,19.535334993261444,19.67323112487793,2954018,,
2022-10-19,19.765161109153865,19.765161109153865,19.62726498698817,19.719196319580078,3812012,,
2022-10-20,19.719198627221168,19.719198627221168,19.53533594052081,19.581300735473633,2138398,,
2022-10-21,19.581299384948743,19.673230721958408,19.581299384948743,19.62726593017578,1874409,,
2022-10-24,19.94902514996639,19.94902514996639,19.765162472103924,19.857093811035156,2874558,,
2022-10-25,19.7191990162723,20.316750129671096,19.7191990162723,20.17885398864746,7281948,,
2022-10-27,20.454647460378037,20.638510161399754,20.270784759356324,20.500612258911133,6706879,,
2022-10-28,20.500609001590462,20.77640300930241,20.500609001590462,20.54657554626465,6390289,,
2022-10-31,20.684470594536158,21.05219416552794,20.59253926342714,20.82236671447754,8254434,,
2022-11-01,20.91430091990878,21.05219705880169,20.638508642122964,20.730438232421875,7735529,,
2022-11-02,20.82236671447754,20.91429804558656,20.684470594536158,20.82236671447754,5131538,,
2022-11-03,20.822366182167826,21.190089743759003,20.730434853408966,20.960262298583984,11765692,,
2022-11-04,21.098161067704545,22.15536700988173,21.052194524643774,21.787643432617188,34154707,,
2022-11-07,22.017470689981508,23.212572743726327,22.017470689981508,22.706953048706055,52076818,,
2022-11-09,22.982747082003605,23.396437230857448,22.706954818397342,23.074678421020508,38875439,,
2022-11-10,23.02871159572364,23.1206429336265,22.43116052952167,22.477127075195312,14954605,,
2022-11-11,22.936782421130502,23.0746785537267,22.339229590806227,22.52309226989746,18761662,,
2022-11-14,22.660991103773654,22.98274995381601,22.431163604235493,22.798887252807617,22046223,,
2022-11-15,22.84484813291929,23.48836391978882,22.84484813291929,23.166606903076172,35052725,,
2022-11-16,23.16661155598182,25.143127607570623,23.16661155598182,24.77540397644043,191610244,,
2022-11-17,25.817580712808322,27.191360959811,25.722836935931028,26.433412551879883,215982024,,
2022-11-18,26.622896507324715,26.95449877803277,25.391231188564348,26.05443572998047,108880653,,
2022-11-21,26.054437290416498,26.7650128528824,25.485976479026352,26.62289810180664,77988304,,
2022-11-22,26.717641384686765,28.612509516733002,26.62289761666704,27.4282169342041,174086537,,
2022-11-23,27.475587698129505,27.901933747314615,26.812383134305353,27.712446212768555,87003661,,
2022-11-24,27.949303783790857,30.033659365077856,27.85456001971654,29.275711059570312,239985161,,
2022-11-25,29.559945584863392,30.46000873138183,29.417829019664655,30.12840461730957,151615074,,
2022-11-28,30.317891067024856,32.970705812554684,30.1284035250211,31.786413192749023,321464637,,
2022-11-29,32.118018077534046,34.39185779447116,32.023272497136034,33.44442367553711,347649114,,
2022-11-30,34.20236992953914,35.14980403965573,30.791608578789145,31.075838088989258,356366103,,
2022-12-01,31.454814240470892,32.82859446934711,30.83898060243776,32.40224838256836,198522937,,
2022-12-02,32.87596904780029,32.92334003724913,32.11802237409427,32.68648147583008,100345607,,
2022-12-05,32.87596194147919,32.87596194147919,31.691669390375285,31.88115692138672,71585440,,
2022-12-06,31.502184073130287,31.881159161785035,30.36526242134035,31.26532554626465,107014786,,
2022-12-07,31.40744203594248,31.881159088586113,30.981095965728354,31.31269645690918,70789132,,
2022-12-08,31.50218463975457,31.549555623144894,30.270521000734377,30.50737953186035,55312942,,
2022-12-09,30.50737824924256,30.791607751809032,28.991483352351466,29.417827606201172,65342359,,
2022-12-12,29.370458940039583,32.16539043297502,28.659883320522496,31.644302368164062,142467203,,
2022-12-13,32.16538620420955,32.87596173030766,31.83378212352601,32.02326965332031,105835589,,
2022-12-14,32.21275717884997,32.30749913664757,31.0758356144087,32.16538619995117,64653991,,
2022-12-15,31.928528337879243,32.07064127745362,31.028465263878484,31.170581817626953,46565124,,
2022-12-16,30.602117604801858,31.02846362941486,29.89154210183816,30.412630081176758,43591915,,
2022-12-19,30.602117212281698,31.502180227325777,30.50737525877131,31.123205184936523,38418582,,
2022-12-20,31.217947791959585,34.01287852553536,30.88634375777433,33.77602005004883,181272162,,
2022-12-21,34.29711372916947,34.58134322461918,29.275712121890333,30.60211944580078,192467386,,
2022-12-22,31.26532470703125,31.644299785513432,29.37045654296875,29.607315063476562,99443583,,
2022-12-23,29.323085770516165,29.323085770516165,26.101808423001028,26.38603973388672,122876842,,
2022-12-26,26.765011571981418,29.180967645909536,26.386038318220326,28.754623413085938,136601051,,
2022-12-27,29.65468360085026,30.69686317370136,29.41782509986236,30.412630081176758,89075438,,
2022-12-28,30.460002654635062,31.454807570040263,29.891540121422327,30.791603088378906,104597559,,
2022-12-29,30.317891664700017,31.454813324961133,30.03366215317832,30.981096267700195,87697856,,
2022-12-30,31.360065821918308,31.50218237605134,30.649490279601363,30.838977813720703,42178363,,
2023-01-02,30.981094284020358,31.59692425052418,30.791606750413763,31.170581817626953,40172355,,
2023-01-03,31.265326800678057,32.35487751364419,31.170584831800326,32.07064437866211,84881999,,
2023-01-04,32.260128520255826,32.78121652234612,31.265323495506344,31.502182006835938,75920751,,
2023-01-05,31.691671779800696,31.881159325098736,30.50737913940586,31.028467178344727,45698294,,
2023-01-06,31.217954796330663,31.36006774500435,30.649492159112942,30.981096267700195,27818130,,
2023-01-09,31.31269676211312,31.596926273634818,30.838979704852182,30.981096267700195,28648565,,
2023-01-10,31.12320961861294,31.17058421629077,30.365263040034538,30.46000862121582,22376324,,
2023-01-11,30.507379604719276,30.88635108692129,30.03366254133598,30.46000862121582,25187049,,
2023-01-12,30.602121104967722,31.170583740861833,30.317891594107824,31.028467178344727,41148274,,
2023-01-13,31.0758356144087,32.44961568751798,30.9810936566111,32.16538619995117,75271636,,
2023-01-16,32.212761594435214,32.212761594435214,31.265327429893002,31.40744400024414,43209016,,
2023-01-17,31.31269676211312,31.407442342069903,30.744237739069728,30.981096267700195,23809717,,
2023-01-18,31.170583509620666,31.6443005622643,31.075837930587365,31.31269645690918,26275227,,
2023-01-19,31.075839874149658,31.833786482948522,30.74423936222969,31.40744400024414,43947894,,
2023-01-20,31.407438143589065,32.35487213145994,31.21795062318012,31.360063552856445,37966558,,
2023-01-23,31.64429677176521,31.881155269715027,30.933721277915755,31.123205184936523,47560769,,
2023-01-24,31.170583756894278,31.596926216316252,30.696866700492688,30.886350631713867,34050557,,
2023-01-25,30.886349233531497,31.123207751010035,30.081031719774135,30.270519256591797,29120299,,
2023-01-27,30.460007110434315,30.60212005389604,28.849368451982063,29.654685974121094,34619490,,
2023-01-30,28.470389836132092,30.03365731914919,28.470389836132092,29.559940338134766,37227440,,
2023-01-31,29.891545298978286,31.502184000801492,29.749430544602625,31.31269645690918,35809352,,
2023-02-01,32.07064206711671,32.35487518161221,29.180968854530615,29.844173431396484,78444937,,
2023-02-02,29.84417145680209,30.74423449341345,29.607312953176677,29.891542434692383,24517707,,
2023-02-03,30.223148850621005,30.412634595284274,29.228343721648983,29.5125732421875,28559269,,
2023-02-06,29.891545276665695,29.891545276665695,28.47039411979562,28.612510681152344,30328389,,
2023-02-07,28.801996549698398,29.03885507692797,28.13879375770789,28.328279495239258,25692419,,
2023-02-08,28.517764903599375,29.180967645909536,27.996675098476732,28.754623413085938,29213321,,
2023-02-09,28.65987979014603,28.75462355582838,28.233533748118965,28.517765045166016,12967212,,
2023-02-10,28.375650300186003,28.801994535126042,28.280906534503654,28.517765045166016,12718144,,
2023-02-13,28.61250891742844,28.849367428973085,28.186162873813256,28.37565040588379,16476556,,
2023-02-14,28.23353426163648,28.280907048882796,27.475587736566034,27.61770248413086,23057839,,
2023-02-15,27.47558920112941,28.517767083968987,27.28610165621779,28.233535766601562,108461456,,
2023-02-16,28.044048715701717,28.375651000227222,27.28610037863098,27.4282169342041,37728708,,
2023-02-17,27.380846143125698,27.66507746790961,27.143987609349374,27.238731384277344,17614414,,
2023-02-20,27.428219102608477,27.47559008681983,26.71764349691486,27.001873016357422,13475222,,
2023-02-21,26.812385632944977,27.096616961251517,26.670270872335323,26.7650146484375,11287304,,
2023-02-22,26.717643882511766,26.717643882511766,26.338668775002585,26.433412551879883,14410318,,
2023-02-23,26.33866698692814,26.90712780251311,26.196552234803676,26.291296005249023,17475738,,
2023-02-24,26.48078350418195,26.765013007980524,26.33866694519555,26.38603973388672,10402222,,
2023-02-27,26.622896758252892,26.670267737191818,25.58071895781346,25.67546272277832,14416765,,
2023-02-28,25.817579501048936,26.054438028581494,25.391233428655468,25.533349990844727,16207572,,
2023-03-01,25.53334780817545,26.717640344601268,25.485975022466217,25.864948272705078,27761685,,
2023-03-02,26.007067891221244,27.949307157282245,25.912324115711318,27.001873016357422,74972504,,
2023-03-03,27.28610083387273,27.475588373073595,26.338666752042606,26.717641830444336,31886865,,
2023-03-06,26.954500350901867,27.66507591227446,26.622898060843905,26.717641830444336,24034894,,
2023-03-08,26.717643759366638,26.812385728720013,26.43341243004481,26.57552719116211,16951705,,
2023-03-09,26.622898256081236,27.23873005236956,26.291295963591487,26.38603973388672,29457034,,
2023-03-10,26.243922983664174,26.71763999198239,26.101806435499125,26.528152465820312,18602384,,
2023-03-13,26.670269481778327,26.717642270903067,25.817579155491448,25.959693908691406,16451332,,
2023-03-14,26.149179740515606,26.19655071945453,25.438604213909677,25.67546272277832,17256430,,
2023-03-15,25.959696118662478,26.149183677118412,25.43860804353958,25.58072280883789,10378460,,
2023-03-16,25.58072082972841,25.8175793559296,25.012260005428125,25.62809181213379,16145407,,
2023-03-17,25.81758135336417,26.054439897890447,25.43860804353958,25.58072280883789,14474482,,
2023-03-20,25.53334822674416,25.53334822674416,25.107002183806966,25.296489715576172,12817483,,
2023-03-21,25.485977216702373,25.533350006490206,25.34386246151319,25.391233444213867,8231139,,
2023-03-22,25.533349990844727,25.817579501048936,25.43860621841427,25.533349990844727,9524521,,
2023-03-23,25.485977216702373,25.62809197189156,25.296491478812513,25.391233444213867,9750086,,
2023-03-24,25.485977378566183,25.533350168654884,25.059633110290875,25.154375076293945,9405435,,
2023-03-27,25.201746358691597,25.485975853871143,24.396427046233466,24.538541793823242,14682995,,
2023-03-28,24.633287766400503,24.633287766400503,24.064826918066125,24.159570693969727,10179329,,
2023-03-29,24.159570159628792,25.107004283535804,24.159570159628792,24.964889526367188,15458843,,
2023-03-31,25.10700412109197,25.864950692478747,25.059633138037984,25.20174789428711,17209537,,
2023-04-03,25.43860561680798,26.528154456273207,25.296490865066797,26.338666915893555,27498143,,
2023-04-05,26.528154728578368,26.670269481778327,25.817579155491448,25.959693908691406,16069321,,
2023-04-06,25.912321055016896,26.243923326590046,25.77020631208183,26.007064819335938,12059313,,
2023-04-10,26.14918133689162,26.480783630969043,25.959693795393914,26.101808547973633,13598478,,
2023-04-11,26.149179458618164,26.433408943361634,26.10180667310292,26.149179458618164,10351890,,
2023-04-12,26.196552505229896,26.29129627665328,25.81757922662349,25.912322998046875,10628633,,
2023-04-13,25.959691965908593,26.52815274325284,25.912320987416155,26.05443572998047,12152354,,
2023-04-17,26.054437566142767,26.196552318722485,25.817579042814195,26.101808547973633,10152996,,
2023-04-18,26.10181002280947,27.143987945758994,26.054439038301993,26.7650146484375,29141937,,
2023-04-19,26.765013007980524,27.049242511779102,26.291295963591487,26.38603973388672,12802470,,
2023-04-20,26.480783309986805,26.859756581301436,26.338666752042606,26.717641830444336,21180929,,
2023-04-21,26.812385728720013,27.04924426627792,26.43341243004481,26.57552719116211,15543321,,
2023-04-24,26.622899015042265,28.423023473620816,26.480784259091596,27.99667739868164,114914226,,
2023-04-25,28.28090793736922,29.559944319809592,27.80719089254591,29.18096923828125,165437101,,
2023-04-26,29.41783010851941,29.938919983665322,28.470395943258403,28.659883499145508,124814428,,
2023-04-27,28.65987906803491,30.79160561028544,28.32827680004521,29.79680061340332,235048732,,
2023-04-28,30.03365891418529,30.649488853705463,29.844171388881414,30.081029891967773,94569856,,
2023-05-02,30.602120572943363,32.16538827675654,30.507378609028613,31.786413192749023,204453588,,
2023-05-03,31.928526888483034,34.15499536831119,31.78641034118595,33.5865364074707,343151755,,
2023-05-04,34.15500009977891,35.43403836011515,32.21276083131398,32.40224838256836,275121738,,
2023-05-05,32.639106368390046,33.491794913412264,32.3075022557361,33.0180778503418,207483533,,
2023-05-08,33.397052946467916,34.15499952454579,32.87596489992528,33.0180778503418,158914127,,
2023-05-09,33.3970503985257,33.68127989184854,30.981094284020358,31.170581817626953,126905423,,
2023-05-10,31.170579775865573,31.739038725275595,30.223143976979372,31.123205184936523,94417242,,
2023-05-11,31.6443002335808,32.54435973291552,31.454812691656663,31.928529739379883,137743556,,
2023-05-12,31.975900820497383,32.16538836300926,31.312696228792955,31.596925735473633,54099932,,
2023-05-15,31.833784317971656,32.16538842151415,31.312696285746902,31.69167137145996,48801180,,
2023-05-16,31.881158770838027,32.16538827675654,31.644300246876895,31.786413192749023,50104989,,
2023-05-17,31.8811604202612,32.828594565122756,31.833785821678568,32.21276092529297,87773958,,
2023-05-18,32.59173230764937,32.828590816820736,31.928527759134745,32.11801528930664,43139793,,
2023-05-19,32.30750323672876,32.44961980563491,31.312698096909156,31.739044189453125,38623945,,
2023-05-22,31.786413277985506,31.92852983841298,31.407441807136024,31.596925735473633,39038713,,
2023-05-23,31.6443003317323,31.975900820497383,31.50218377130483,31.596925735473633,26334035,,
2023-05-24,31.50218533704683,32.49699046696079,31.407443368169098,32.07064437866211,49417869,,
2023-05-25,32.11801836218319,32.35487689401589,29.98628976860175,30.31789207458496,78918846,,
2023-05-26,30.317892120240455,30.55475065242983,29.559945540069318,30.223148345947266,52280306,,
2023-05-29,30.55475035305052,30.886350849196834,30.31789182318191,30.744237899780273,38342982,,
2023-05-30,30.223148300434445,30.554750606417656,30.12840452628393,30.31789207458496,30754089,,
2023-05-31,30.3178919841247,30.602121498640997,30.128404436389047,30.50737953186035,25341934,,
2023-06-01,30.55475058822273,30.744238136410925,30.317892056531083,30.46000862121582,20794791,,
2023-06-02,30.60212158994932,30.696867171187023,30.223148300434445,30.31789207458496,18155919,,
2023-06-05,30.365263149857878,30.46000873138183,30.08103363363479,30.12840461730957,23679377,,
2023-06-06,30.175775202626205,30.7916069808253,30.128402415326544,30.60211944580078,31526798,,
2023-06-07,30.744238743501644,32.30750291503088,30.602122176010603,32.07064437866211,99888253,,
2023-06-08,32.35487798768115,32.40224897281406,31.36006922901763,31.644302368164062,46914299,,
2023-06-09,31.786415497556316,31.833786482948522,31.217956444500796,31.40744400024414,24830925,,
2023-06-12,31.502184000801492,31.549554983230998,31.170583509620666,31.31269645690918,18481171,,
2023-06-13,31.312696528802917,31.502184073130287,31.075838001937274,31.26532554626465,16812036,,
2023-06-14,31.502184000801492,31.739042527123306,31.265325474479678,31.31269645690918,19489115,,
2023-06-15,31.31269270613115,31.454809250570584,31.02846323142614,31.123205184936523,14736948,,
2023-06-16,31.26532561826748,31.502184145678598,31.075838073503725,31.217954635620117,18034381,,
2023-06-19,31.360067511341185,31.644300634919393,31.17058358118811,31.26532554626465,23821237,,
2023-06-20,31.12320505588873,31.45480912014784,30.933721149653625,31.360063552856445,17410144,,
2023-06-21,31.549554983230998,31.786413509552812,31.170583509620666,31.31269645690918,23054775,,
2023-06-22,31.312696616518405,31.40744219603465,30.933725140976357,31.075838088989258,14109469,,
2023-06-23,31.07583848690653,31.12320947018407,30.460008475949806,30.554750442504883,24307838,,
2023-06-26,30.602121280740924,31.075838339619807,30.27052078519544,30.649492263793945,11033301,,
2023-06-27,30.649492159112942,31.265325779221893,30.412633630482475,30.981096267700195,23652368,,
2023-06-28,30.933725357055664,31.123209289063123,30.791608793875735,30.933725357055664,9648453,,
2023-06-30,31.028467250591422,31.36006774500435,30.744237739069728,30.981096267700195,14373970,,
2023-07-03,31.123209143906585,31.265325706423692,30.981096195563797,31.028467178344727,16288496,,
2023-07-04,31.07583407932995,31.54955107326539,30.88634655892101,31.360063552856445,29446900,,
2023-07-05,31.45481284643287,32.35487596437068,31.407441864262303,31.69167137145996,41585187,,
2023-07-06,31.739042295901104,31.881158856328575,31.50218377130483,31.596925735473633,18663493,,
2023-07-07,31.54955107326539,31.739038593674334,31.170579646621345,31.360063552856445,14912804,,
2023-07-10,31.502184145678598,31.502184145678598,31.075838073503725,31.217954635620117,13203680,,
2023-07-11,31.21795279748508,31.360065737059458,31.07583624373661,31.170581817626953,13406298,,
2023-07-12,31.075838073503725,31.40744218038387,31.028467090856363,31.217954635620117,18276560,,
2023-07-13,31.312694841932,31.360065821918308,30.696864873761776,30.838977813720703,12769558,,
2023-07-14,30.79160683373439,31.07583632782635,30.744235853748084,30.838977813720703,10988416,,
2023-07-17,30.838974062603217,31.07583254789844,30.649486551532306,30.791603088378906,17532573,,
2023-07-18,30.886350631713867,31.454813267900366,30.744237683297982,30.886350631713867,24480880,,
2023-07-19,30.981092254670948,31.217950752620766,30.838975710231516,31.123205184936523,14117155,,
2023-07-20,31.170581536644132,31.881157070632913,31.075835963607858,31.502182006835938,42035133,,
2023-07-21,31.549552095331418,33.349678176271745,31.454810139144644,33.11281967163086,172775659,,
2023-07-24,33.633907454353505,34.20236641636314,32.875960966949336,33.25493240356445,89931586,,
2023-07-25,33.30230747717645,33.34967845566669,32.49698638614628,32.639102935791016,33446144,,
2023-07-26,32.828593737968404,34.34448688588244,32.78121914057943,33.39705276489258,85247455,,
2023-07-27,33.491794913412264,33.491794913412264,32.733848335334386,33.0180778503418,37679849,,
2023-07-28,33.25493629095985,33.58654040270721,32.92333579338685,33.20756530761719,30923854,,
2023-07-31,33.63390600725931,36.52357889913275,33.302305562716406,36.191978454589844,216012818,,
2023-08-01,36.949927435980904,39.50800005822977,36.76043990578209,38.37107849121094,381693749,,
2023-08-02,38.60793750565118,38.939537977208005,36.807811366466524,37.61313247680664,159610570,,
2023-08-03,37.80261743187928,42.918758780305616,37.66050088851723,42.35029983520508,454943778,,
2023-08-04,44.33991741316766,45.76106863547544,42.16081959513063,42.681907653808594,274350314,,
2023-08-07,43.53459340978026,47.987533972193795,43.297734907675,47.13484191894531,306863736,,
2023-08-08,48.55599647667578,49.26657203487103,46.80324487879715,47.65593338012695,303287703,,
2023-08-09,47.27696283321886,47.46644676106803,45.52420758722,46.37689971923828,170874267,,
2023-08-10,46.37689563413671,47.655930105326334,46.28215006438352,46.85061264038086,108926518,,
2023-08-11,47.08747536367994,47.51382143034539,45.95055372396352,46.32952880859375,69084615,,
2023-08-14,46.092665313741186,48.60336323260356,42.49241324051777,48.17701721191406,240638055,,
2023-08-16,48.224399251976934,49.92977998398199,47.75068218118806,48.555999755859375,207500648,,
2023-08-17,47.371697685131295,47.371697685131295,44.245166360747376,45.14522933959961,155217100,,
2023-08-18,45.145237147134836,46.424271760163485,43.96094450019189,44.76626205444336,127976241,,
2023-08-21,45.666324862974136,45.80843781108824,44.955749279880685,45.2399787902832,74415020,,
2023-08-22,45.57157530388934,45.666320875199474,45.09785828986066,45.334716796875,40881273,,
2023-08-23,45.47683731798102,45.61895388026944,45.09786222799479,45.2399787902832,29610934,,
2023-08-24,45.476832934621584,47.608559478431964,45.38209097834404,46.045291900634766,119824410,,
2023-08-25,46.14003774273664,46.6137547552613,45.52420418078499,45.85580825805664,36732928,,
2023-08-28,46.32952506361928,46.70849650344169,45.95055000962291,46.140037536621094,42444304,,
2023-08-29,46.47164130319942,48.17702193911813,46.37689934004947,46.897987365722656,107331968,,
2023-08-30,47.371700353839984,48.177017814185696,46.9927253053397,47.182212829589844,57580129,,
2023-08-31,47.65592969891191,47.845417222628384,47.182212696707666,47.561187744140625,37388795,,
2023-09-01,47.84542141901538,53.53002594404691,47.46644633834359,52.81945037841797,236065708,,
2023-09-04,54.666948199655565,63.383342627633404,54.145860168378604,63.193851470947266,504243805,,
2023-09-05,66.08353989017051,71.72077086759784,65.84668132425593,68.4521255493164,573870002,,
2023-09-06,69.63639687278054,70.11011385830966,63.71493455366655,65.1360855102539,203998733,,
2023-09-07,65.46769116159847,70.58383645790843,64.61499907415545,69.30480194091797,202538874,,
2023-09-08,70.77332171684279,73.85248242603411,70.72595435063342,73.04716491699219,179288780,,
2023-09-11,77.40536690608855,80.34241854399443,77.21588296805864,80.2950439453125,169943821,,
2023-09-12,86.21651317885714,87.49554791770878,73.2840347563587,78.44755554199219,395003025,,
2023-09-13,75.69997454456026,79.86868539742774,71.43652174174414,74.7525405883789,238578975,,
2023-09-14,76.74215303861178,77.68958702674279,74.61042656531701,76.97901153564453,129797195,,
2023-09-15,78.12581780428617,78.5080862609498,75.25881531605549,75.83221435546875,77020431,,
2023-09-18,76.16669999480555,76.16669999480555,72.91743619287756,73.20413208007812,73958819,,
2023-09-20,72.63072879102356,75.92777869467669,70.71939382283874,73.77752685546875,76414678,,
2023-09-21,73.77753028344274,74.78098410482963,70.71939710872067,71.14944458007812,52360179,,
2023-09-22,71.67506458826108,72.72629741065597,68.18687665339945,71.7706298828125,94866289,,
2023-09-25,72.77407836610291,75.21102600867393,71.48392875636955,73.395263671875,85506777,,
2023-09-26,73.77752344789022,74.01644030787841,72.20067800489926,72.58293914794922,33138244,,
2023-09-27,71.53171482968419,73.29969834316329,71.53171482968419,72.05733489990234,31966561,,
2023-09-28,72.63073454507351,72.91743772948054,71.19723320536812,71.5317153930664,25011662,,
2023-09-29,71.96176482116118,74.11201667090307,71.29279320432067,73.1563491821289,39254526,,
2023-10-03,73.44304896499429,74.3509375023745,72.91743619287756,73.20413208007812,32681918,,
2023-10-04,73.06076784651674,73.20411941089,70.52825513763058,71.72283935546875,34505676,,
2023-10-05,72.39181477286826,72.48738006681074,70.7193966097987,71.05387878417969,20716740,,
2023-10-06,71.48393638977514,72.63073454507351,70.52826882997154,71.5317153930664,27407523,,
2023-10-09,69.42925181099197,69.7159477130421,67.23121343944892,67.9957504272461,49805228,,
2023-10-10,68.23466242720937,72.86964844375987,68.18687613471485,72.29624938964844,75097719,,
2023-10-11,73.20412632686207,74.20758008111295,72.00954199616534,72.24845886230469,45128089,,
2023-10-12,72.67851840896257,72.72629741065597,71.48393399915822,71.7706298828125,21587597,,
2023-10-13,71.67506547484766,74.87655027449124,71.19723170501534,73.20413208007812,78755411,,
2023-10-16,73.77752962745019,73.82531591991597,72.82186210745128,72.91743469238281,23187941,,
2023-10-17,73.53860250831835,77.2179277809557,73.20412038112319,75.64107513427734,153256370,,
2023-10-18,76.35783535007072,77.12236498179846,73.72974970297993,74.0642318725586,60210098,,
2023-10-19,72.72630387859735,74.92434230458659,72.43960796944566,74.15980529785156,36281928,,
2023-10-20,74.1597985555901,75.73665143164271,73.25191732240218,73.63418579101562,34571282,,
2023-10-23,74.0642320020779,74.49427946497902,68.80806069870464,68.99919128417969,59336442,,
2023-10-25,70.14600156111587,71.5795029256162,64.98539519068167,67.18343353271484,67364514,,
2023-10-26,65.84548916023516,68.23465779964019,62.83513521635203,67.08785247802734,109965024,,
2023-10-27,68.2346640205432,69.90708222059983,67.32677548009934,68.7602767944336,71117911,,
2023-10-30,69.23810762386526,69.85929295858143,66.8011598677448,69.52481079101562,44719772,,
2023-10-31,70.43269493522898,71.1016665893876,68.90362832612526,69.38146209716797,44614720,,
2023-11-01,69.71593475341797,70.14598946329711,69.28588733470255,69.71593475341797,17172572,,
2023-11-02,70.71938931425271,71.2450093134593,69.57259132291955,69.81150817871094,22236579,,
2023-11-03,69.47702879971423,70.09821417287867,67.90018315628166,68.951416015625,35993734,,
2023-11-06,69.85929721180013,70.91053007007929,69.42924972605657,69.57260131835938,28925365,,
2023-11-07,70.00263874687853,71.0060924576679,69.57259132291955,69.81150817871094,32735491,,
2023-11-08,70.24155864496703,73.10856103863915,70.14599335674411,72.24845886230469,61639026,,
2023-11-09,72.63072921774875,73.49083141671812,70.81495952907217,71.29279327392578,35223000,,
2023-11-10,71.87241451979042,71.87241451979042,70.7614819301236,71.58260345458984,20115569,,
2023-11-13,72.06561086177375,72.11391515860466,71.05128696013284,71.14788818359375,21466105,,
2023-11-15,71.87241657289239,72.25882888079754,70.66488271706491,71.00299072265625,19871941,,
2023-11-16,71.24449621624815,71.38940175038931,70.51997591574393,70.6165771484375,15227424,,
2023-11-17,70.90639574983187,74.96370691562454,70.2301723087315,74.28749084472656,116818430,,
2023-11-20,74.77050192323232,75.833130300537,73.22485997713441,73.51466369628906,46928842,,
2023-11-21,73.90107350596647,75.54331663579607,73.75616796622812,74.23918151855469,49893620,,
2023-11-22,74.67389090161419,75.44670808832693,72.93503933365841,74.09426879882812,35591880,,
2023-11-23,74.19088836474758,74.77050318302483,73.75617172338792,73.90107727050781,22783082,,
2023-11-24,74.23918404947891,74.86710316295054,73.32146121685264,73.51466369628906,21604709,,
2023-11-28,73.85276056803309,74.14257161362606,72.69353112606333,73.0316390991211,25080614,,
2023-11-29,73.41805250441705,73.75616048269978,72.45202549777999,72.74183654785156,14635478,,
2023-11-30,72.88673164046637,72.88673164046637,71.6309010067206,72.1139144897461,19003196,,
2023-12-01,72.40373093722668,74.6255962993997,72.25883276290413,72.83844757080078,34411168,,
2023-12-04,75.35010801484856,75.49501354276353,73.56295949110074,73.8044662475586,54336061,,
2023-12-05,74.38407924230646,74.57728169485537,73.2248497866107,73.56295776367188,28021269,,
2023-12-06,73.90107720403435,73.94938150976496,73.03165129229939,73.22486114501953,24145206,,
2023-12-07,72.45203062271305,74.04597677045308,72.06561831868493,73.46636199951172,25013914,,
2023-12-08,73.51465949348841,75.01200441922573,73.03164595230885,73.99767303466797,47322739,,
2023-12-11,74.3840797919607,80.51834983323151,74.19087733798413,79.40741729736328,268676897,,
2023-12-12,81.5809858186582,83.56134432590788,79.26252666993904,80.22855377197266,135491070,,
2023-12-13,81.1462826300524,82.4987221479271,80.27685669926134,80.66326904296875,84559239,,
2023-12-14,82.0639979129333,92.93180261789395,81.9190997463619,89.50241088867188,475975248,,
2023-12-15,91.77256862789645,97.37552839746964,90.90314281948662,91.48275756835938,325150277,,
2023-12-18,92.64199823904762,93.07670747599565,88.14997085304394,91.1446533203125,151821592,,
2023-12-19,91.7242693117071,98.05174970372263,91.28956006898314,96.69931030273438,328191530,,
2023-12-20,98.72796850106516,100.56342149911121,88.19827881214174,89.3092041015625,263936530,,
2023-12-21,87.81187018022402,96.40951336477092,84.1409640299044,95.49178314208984,280904719,,
2023-12-22,97.56872589813779,98.43815166235942,93.36650996963444,94.42913818359375,137646820,,
2023-12-26,95.15366219156469,95.92648676150564,93.26991243636044,94.09103393554688,77725407,,
2023-12-27,94.67064825870702,95.5400740534905,92.93179666914004,93.41481018066406,48428319,,
2023-12-28,93.9461339416388,95.25026903131273,92.78690438864017,93.17330932617188,59468778,,
2023-12-29,93.41481172367155,97.08571741996987,93.22160926395117,95.97478485107422,153201085,,
2024-01-01,96.60270057765307,98.92116686555697,96.02308584822738,96.9891128540039,102849848,,
2024-01-02,97.5687339782715,98.19665304722149,94.4774503052584,96.60270690917969,70051082,,
2024-01-03,96.79590647157507,98.48645379177863,95.63667697151604,97.47212982177734,96843171,,
2024-01-04,98.24495598047204,100.08040899791708,97.47213870010714,97.85855102539062,66810041,,
2024-01-05,98.48646195700725,98.96947551711068,96.50611078270443,97.32723236083984,43542157,,
2024-01-08,97.90684461965608,98.24495262891907,96.21629720313938,96.55440521240234,38895310,,
2024-01-09,97.47213492335675,98.72796571911586,96.50610783267967,96.69931030273438,44804938,,
2024-01-10,97.03741880898247,99.98380439876597,96.16800031906772,99.5490951538086,110316122,,
2024-01-11,101.14302638785226,105.58675659103612,100.70831717546315,103.21998596191406,191294222,,
2024-01-12,105.29694955416146,110.12708485481107,105.15204402110166,109.54747009277344,199380642,,
2024-01-15,109.54747009277344,109.54747009277344,109.54747009277344,109.54747009277344,0,,
2024-01-16,133.89135686851773,141.81277583943654,131.5245787711283,137.03094482421875,492705331,,
2024-01-17,133.31173141912464,145.58027186976062,128.52990052282357,144.03463745117188,336463589,,
2024-01-18,147.80213059645433,149.73418459117923,131.6694826885819,141.2814483642578,272134347,,
2024-01-19,144.42102707789954,155.38543870873667,144.13121604872651,154.80581665039062,266085180,,
2024-01-23,179.4878392716984,186.2500290147841,153.35680310212217,155.82017517089844,269108130,,
2024-01-24,159.39446261276993,167.4124900437959,145.87008396683794,166.06004333496094,198113352,,
2024-01-25,168.8132202942502,172.24261913385905,165.67363250623123,167.9438018798828,100074798,,
2024-01-29,171.276586401284,172.24261338071548,163.54837056583204,165.04571533203125,74341987,,
2024-01-30,165.57703184583457,166.30155213933804,158.5733356753009,160.9884033203125,69398771,,
2024-01-31,162.14764511355907,170.79358420298644,160.3604891872985,169.1996307373047,84194726,,
2024-02-01,173.88486987279074,177.02445780104946,162.48574767749383,164.12799072265625,165894732,,
2024-02-02,166.8328675277832,169.05473267675833,161.42312492636867,163.21026611328125,61739734,,
2024-02-05,164.36949270222584,164.41779700164292,154.56432427706085,155.09564208984375,68987316,,
2024-02-06,155.91674455633978,158.62162297695417,146.93270567202995,155.43373107910156,81434112,,
2024-02-07,158.91143934983472,160.26387123537464,154.22620256706784,156.97938537597656,36816341,,
2024-02-08,158.81483761291764,158.81483761291764,155.24054055501526,156.4480743408203,34218693,,
2024-02-09,156.49639095381136,156.49639095381136,144.08293676285675,148.47836303710938,64801528,,
2024-02-12,145.53196377540263,145.91838342527717,125.77671428549124,128.43328857421875,128716009,,
2024-02-13,127.51556978228706,150.99002989483412,123.3133536157747,148.23684692382812,240631230,,
2024-02-14,148.18855017049265,152.0526585425045,140.55694203193073,149.0579833984375,152849830,,
2024-02-15,150.9900322173008,156.0133699742742,149.63758549092898,153.50169372558594,77035160,,
2024-02-16,154.3228344126387,155.91677328505824,149.73420553338966,150.16891479492188,41902227,,
2024-02-19,150.70022696307478,158.76655911014444,149.10628815097297,153.26019287109375,87423359,,
2024-02-20,154.2262206794312,155.2888563860102,151.81115292848236,153.11529541015625,35987220,,
2024-02-21,153.45339926982894,154.95072937067133,148.18854017573477,148.96136474609375,35706625,,
2024-02-22,148.864787798235,150.55533528901128,144.13124597981874,147.02932739257812,39315419,,
2024-02-23,148.4783596105155,151.08662978480442,147.51233252815638,147.99534606933594,34425812,,
2024-02-26,149.05796953363742,151.0866173960044,146.59459772753252,147.12591552734375,35557532,,
2024-02-27,147.7055457966075,151.32814762033468,145.8701001020809,146.44972229003906,43995103,,
2024-02-28,147.65725474259105,148.1885578790574,140.55694934350973,142.39239501953125,39947465,,
2024-02-29,141.0399450662798,145.14555990553797,136.01660750515035,141.76446533203125,63490121,,
2024-03-01,142.97201720164563,146.25650359254868,141.57128079200768,142.39239501953125,30685800,,
2024-03-04,144.32443516093585,144.4210437619545,139.73580668020483,140.60523986816406,22040025,,
2024-03-05,139.9773252454324,143.35842020054338,138.91470424664007,140.1222381591797,23046386,,
2024-03-06,140.2671152628988,140.75012875536086,135.2437778893739,135.72679138183594,26188126,,
2024-03-07,136.54792998405568,139.494300706541,134.90567219987318,138.81808471679688,24018294,,
2024-03-11,139.25281339479633,142.24750357678545,135.29211076423587,136.3064422607422,24321115,,
2024-03-12,136.98264193863284,137.5622493383565,131.04156659374277,132.1042022705078,34760039,,
2024-03-13,132.10420022883886,134.08455864652913,118.821328176579,120.02886199951172,88853047,,
2024-03-14,116.79266903023178,137.65885133794285,112.68705416576681,135.48529052734375,194522257,,
2024-03-15,135.9200107007086,140.8950591347964,128.96461849405387,132.2974090576172,122337843,,
2024-03-18,133.64984184297415,134.8573755974629,128.33669332322373,130.36534118652344,56717160,,
2024-03-19,129.9306412968978,132.73211391197069,128.57820929108397,130.6068572998047,46347136,,
2024-03-20,131.57288594055362,133.50494010925604,128.33670405221918,128.6748046875,39345072,,
2024-03-21,132.34571406845686,132.97362579378796,130.22045737456241,130.65516662597656,35779582,,
2024-03-22,131.33136415392642,140.26711366252192,130.41364147679965,136.1614990234375,112209659,,
2024-03-26,137.56226004977057,143.64823403338076,136.1615236325312,140.75015258789062,120887716,,
2024-03-27,142.48899893161777,145.82178951786975,136.78944487051461,137.99697875976562,89910843,,
2024-03-28,140.02560783758375,142.77879062742608,136.49961525587165,137.51394653320312,50962525,,
2024-04-01,140.2671269759742,141.76447187572347,138.96299928166604,139.88072204589844,47979360,,
2024-04-02,141.08824660513474,143.1168944653084,139.39769935145554,141.1365509033203,59236883,,
2024-04-03,140.0739431661052,142.77882225808344,139.5909295689807,140.36375427246094,42670072,,
2024-04-04,142.0059820822011,143.26182024597475,138.6248872707201,138.86639404296875,38590096,,
2024-04-05,139.1078926895903,144.32443276928885,137.94866319859094,142.8271026611328,81853830,,
2024-04-08,144.90408170021186,147.31914972854872,142.00600006620763,142.489013671875,57797243,,
2024-04-09,143.5033153337497,144.27613989010035,140.65353860133388,142.1991729736328,38718449,,
2024-04-10,142.68219835539642,143.50332727869363,141.52296879457955,141.71617126464844,20413452,,
2024-04-12,141.71618644824747,142.68221364249646,140.0739431661052,140.36375427246094,27108905,,
2024-04-15,133.408338315599,137.1758378244764,130.70345969210626,135.48529052734375,49605843,,
2024-04-16,135.05058657793018,137.75546530686617,133.4083435162058,136.8860321044922,25012121,,
2024-04-18,138.52828460882955,140.5086431743109,136.7894475663622,137.12754821777344,24827547,,
2024-04-19,135.24379649060836,137.417357505636,132.82872869613323,136.20982360839844,28016383,,
2024-04-22,138.14187782422596,140.07393205952982,137.56225565747317,139.2045135498047,23609150,,
2024-04-23,139.83241806417553,143.16520850000788,138.72149283236584,142.73049926757812,41842082,,
2024-04-24,143.9380340576172,145.3387703671442,142.4889934462989,143.9380340576172,44593104,,
2024-04-25,143.9380349970102,146.83611623856075,142.24748760610572,145.14556884765625,43990323,,
2024-04-26,145.8700791130304,153.59829522497904,144.51764718960035,152.68057250976562,131170998,,
2024-04-29,156.01335314794804,158.62162297695417,154.17790783060337,155.43373107910156,67507054,,
2024-04-30,156.2065625522487,156.35147544611928,151.27983370909558,151.90774536132812,49152158,,
2024-05-02,153.01868019625383,155.7235589085943,150.89342361527312,153.50169372558594,37976109,,
2024-05-03,154.37112315312757,155.0473391295998,149.87908859578536,151.66624450683594,31288231,,
2024-05-06,152.43908882060822,152.82549378850854,146.35311476354806,150.36212158203125,40457121,,
2024-05-07,149.20286555141328,149.8307919387084,143.45500791307745,144.71084594726562,29872858,,
2024-05-08,143.93803348134108,148.5266620654778,141.3297633394914,147.07762145996094,25210562,,
2024-05-09,146.8361220615936,147.70554057237564,141.1848575202983,142.05429077148438,21064246,,
2024-05-10,142.7305136094894,144.4693654543357,137.61056668759937,143.02032470703125,27205055,,
2024-05-13,143.02029568466637,143.4067005760412,138.2384651369946,140.94332885742188,20343612,,
2024-05-14,142.00598759527406,152.63228598675715,142.00598759527406,151.95606994628906,65039211,,
2024-05-15,153.50170545387454,154.37113871734323,149.73420553338966,150.16891479492188,45470586,,
2024-05-16,151.5696386461477,154.08131487889273,150.3138152701782,152.29415893554688,44997396,,
2024-05-17,153.0669868648267,164.70761604986248,151.7628591597003,163.25857543945312,189723845,,
2024-05-21,170.74527613136758,175.81691799665572,170.02075586489784,173.35354614257812,165354884,,
2024-05-22,174.85091411138768,177.45918446773078,167.1226969130943,169.6826629638672,93399530,,
2024-05-23,170.98680462466487,185.13909639941463,169.92416886925378,180.1640625,215698925,,
2024-05-24,182.385910461243,184.31796456625528,176.5414438455001,177.7489776611328,87948476,,
2024-05-27,180.64705193668385,186.25001157584865,177.74897088957127,178.28028869628906,87126920,,
2024-05-28,179.6810444952215,181.37159195687008,171.46981396721407,174.1263885498047,79904182,,
2024-05-29,172.4358460600631,175.5754342936497,169.3445621319972,174.17469787597656,54953818,,
2024-05-30,174.1746848075239,175.91353649297005,169.82756296411017,170.6003875732422,43583688,,
2024-05-31,172.9188425530717,173.73997144459668,166.253261780986,171.75961303710938,56435354,,
2024-06-03,193.20540930743346,193.20540930743346,179.97084171795487,182.5308074951172,112293004,,
2024-06-04,182.57911467199892,182.57911467199892,146.0632887895185,159.34616088867188,198103673,,
2024-06-05,162.29255678180994,169.0547466477187,147.89875853482297,160.7952117919922,114119168,,
2024-06-06,166.1566586030074,171.8562125077631,162.09934779450305,167.17098999023438,70250205,,
2024-06-07,167.1226789018243,170.45546926132343,164.32120636552713,167.70230102539062,45402104,,
2024-06-10,170.55208358867998,173.2086580534868,166.1566574351916,167.13233947753906,47647958,,
2024-06-11,169.44114936219302,171.95282574679086,167.7602716230211,170.21397399902344,66680300,,
2024-06-12,170.93848549838248,172.82223531927954,170.22363490708997,171.65335083007812,46384387,,
2024-06-13,172.6290374028026,172.87054417441828,168.62003089014385,169.18032836914062,31750295,,
2024-06-14,169.73096025074096,170.60039349383896,167.3158924761419,168.86154174804688,28398761,,
2024-06-18,170.02077248148578,172.5324488802148,169.1030496690131,169.74063110351562,38754538,,
2024-06-19,170.1946523819456,170.2043220870869,165.50942965411355,167.33522033691406,26756319,,
2024-06-20,167.30622035917693,168.2625776660129,165.86683480653784,166.4464569091797,17539484,,
2024-06-21,166.5430560455889,174.36788097729632,165.7702462047708,170.32989501953125,96727451,,
2024-06-24,170.0207672064484,174.84124767413104,168.40750374100836,170.8612060546875,50588329,,
2024-06-25,171.56641160547338,172.53243866464743,169.1320192890419,169.64401245117188,23352075,,
2024-06-26,169.7212949576987,171.22829479887451,168.28190934508692,169.09336853027344,22765762,,
2024-06-27,169.5377404567803,171.7596055305052,166.6396594233311,167.28689575195312,27461491,,
2024-06-28,168.2819166025185,169.9724640147662,167.12268703934365,167.90516662597656,23860432,,
2024-07-01,167.88582302656638,167.88582302656638,165.67362771947103,165.92478942871094,26142598,,
2024-07-02,166.63966343709524,167.3641837129087,164.23425081484956,166.12767028808594,19310733,,
2024-07-03,166.92947879119833,171.9528165513597,166.64932268938216,170.4844512939453,34748569,,
2024-07-04,171.80791550303354,174.078070209965,170.50377309875162,171.6823272705078,35385014,,
2024-07-05,172.49380085446586,184.99419419397512,172.04943663217713,181.8352813720703,224563674,,
2024-07-08,186.92622966297353,199.00156749649892,186.92622966297353,195.1567840576172,260960455,,
2024-07-09,202.67248606602504,205.99562160812033,185.67040341640404,189.1964111328125,152536043,,
2024-07-10,190.9642112744181,198.03553602646346,187.21603651846397,196.78936767578125,171789924,,
2024-07-11,200.35401071456948,201.9962685446851,194.19076796091525,198.9822540283203,121502241,,
2024-07-12,199.0015763368968,216.77646852131267,197.45592712938094,210.0432586669922,300609460,,
2024-07-15,212.91237070812028,221.220209811164,207.24179624779396,208.9709930419922,167338162,,
2024-07-16,210.98029516619917,213.78178236703795,204.140836839578,204.90399169921875,86369570,,
2024-07-18,204.79773794502327,204.79773794502327,194.2680488241999,198.82769775390625,94398777,,
2024-07-19,194.2873389272042,204.29537889705702,193.8816093698266,198.7793731689453,124381385,,
2024-07-22,198.77939636090414,202.0928621696103,194.75106520651752,197.62982177734375,72152927,,
2024-07-23,199.9676033287016,201.8996574671432,158.57333751642986,187.54449462890625,167582146,,
2024-07-24,187.7956648362087,193.10881395672328,184.74303036240187,185.738037109375,65395254,,
2024-07-25,183.54514560023833,184.89757761902607,176.78295602549272,177.3239288330078,73915719,,
2024-07-26,178.47350091383043,181.5164802835883,176.58975107824685,177.2080078125,50538191,,
2024-07-29,179.603749478591,190.79034461795007,178.36723601928668,188.6361083984375,109648645,,
2024-07-30,190.11414446323502,191.56318517600297,186.92625194706469,188.81967163085938,58191861,,
2024-07-31,189.18673811937387,189.6794213596306,186.6364272405736,187.07113647460938,27603203,,
2024-08-01,188.0371737179095,189.0032008415369,181.3039634869943,183.33262634277344,35027956,,
2024-08-02,180.16405034725983,186.82963130040727,178.30928012325708,185.79598999023438,41362024,,
2024-08-05,173.91386143961066,179.2946395797547,171.9528275629287,173.28594970703125,84910762,,
2024-08-06,175.81693796527043,180.64707362365698,169.18033628757667,170.36854553222656,49560277,,
2024-08-07,175.52711174638142,176.78294985738333,171.03509186747795,176.21299743652344,46932256,,
2024-08-08,176.6863501300524,178.2319993812819,173.9138570788283,174.77362060546875,38021940,,
2024-08-09,175.90385667298315,176.19366772729245,172.918836716523,173.68199157714844,27492189,,
2024-08-12,173.88488146328285,181.08178055354347,173.69167898751556,178.2899627685547,64022633,,
2024-08-13,180.1640739044542,183.01385121384305,173.88489706596116,175.4788360595703,45899363,,
2024-08-14,176.64771249385782,177.07276676765576,170.69698214149332,172.976806640625,28173960,,
2024-08-16,174.85089141046365,176.05842519092263,172.2909256920516,172.6966552734375,19956147,,
2024-08-19,174.9475003237007,175.62371629389338,173.57572897507788,174.04908752441406,17803897,,
2024-08-20,174.85092449210734,174.85092449210734,172.14604536403786,173.79795837402344,15629517,,
2024-08-21,172.9285005703665,175.2373046790679,172.62903453699906,174.39686584472656,15731941,,
2024-08-22,175.53151262836337,176.48190010032064,174.5132329380902,175.95822143554688,14101752,,
2024-08-23,175.53153721502187,181.67029385578945,174.56174971659635,177.8687286376953,31152412,,
2024-08-26,178.44087154021398,178.63482604972333,175.24057034107796,175.5800018310547,14596223,,
2024-08-27,175.58000187283673,177.732930963798,174.80416903683422,175.38604736328125,12765877,,
2024-08-28,175.82246098545056,177.47109662845367,175.04662809527807,175.49273681640625,13132709,,
2024-08-29,175.82245144142792,176.2879452311508,173.6889222076023,174.5035400390625,12705236,,
2024-08-30,174.9205471251171,175.96791928400347,172.62215574182216,173.22341918945312,15512791,,
2024-09-02,173.4464898871132,174.80418638653657,171.26446814303713,172.17605590820312,15070147,,
2024-09-03,172.62215910232564,173.7568085970959,171.7396490071327,173.06826782226562,10416245,,
2024-09-04,171.16747439480423,172.62215548031247,170.29467166261176,170.7019805908203,12223757,,
2024-09-05,171.361425005597,171.5069019894991,167.77321470272497,168.23870849609375,15774279,,
2024-09-06,168.23871731657772,168.90787300337985,163.02127106448216,164.71839904785156,21770999,,
2024-09-09,164.70868206155149,164.86385159098685,160.12159198125147,163.2443084716797,20754357,,
2024-09-10,163.8940736211628,166.648266336465,163.74861142759394,164.6214141845703,15088916,,
2024-09-11,165.30026812586703,165.30026812586703,160.11191413972546,160.86834716796875,11765516,,
2024-09-12,161.5471681788446,163.4576503196494,158.57962144579588,161.973876953125,19024067,,
2024-09-13,162.91459320487124,165.50392382769317,160.95561848280977,162.1969451904297,15434229,,
2024-09-16,162.1969572369569,162.39091177484366,158.73480880465837,159.00636291503906,14572347,,
2024-09-17,159.04513504027807,159.3554741140235,155.35993992734947,155.74786376953125,20564052,,
2024-09-18,156.2424462661561,159.51062501992456,153.2264069054105,153.7694854736328,23122350,,
2024-09-19,154.63261381514525,156.13578739872685,147.11676069502022,150.55950927734375,39913910,,
2024-09-20,151.28682668215325,158.36627730055375,149.90973042013914,156.55276489257812,51104236,,
2024-09-23,158.07534404955032,158.07534404955032,153.37186930442363,154.73927307128906,19794141,,
2024-09-24,155.16598810844948,155.5538971596079,153.22641325709387,153.94406127929688,14786775,,
2024-09-25,153.90526108924377,153.90526108924377,151.64565461764542,152.1984405517578,10610463,,
2024-09-26,152.1596530739605,154.71989148613915,150.1522006406007,152.11117553710938,16974098,,
2024-09-27,152.11117222249837,154.04103983794707,151.44201649336551,152.07237243652344,13164782,,
2024-09-30,151.9656774745656,154.48713054829645,150.12308739607212,153.92465209960938,17775338,,
2024-10-01,153.90526061555033,153.90526061555033,150.31705012061457,150.6467742919922,17263625,,
2024-10-03,148.37747182810955,148.7071959918156,146.43789703297085,147.019775390625,18663724,,
2024-10-04,147.0197694364903,148.80417462428395,142.4423719215199,147.47557067871094,29051138,,
2024-10-07,147.4755751230937,148.81387165538,138.87355093330055,139.9888153076172,35658511,,
2024-10-08,139.9888110319622,147.89257207973407,137.23460368921315,147.23312377929688,43656448,,
2024-10-09,149.9485135167497,150.98619307169363,148.37746276395055,148.84295654296875,23776424,,
2024-10-10,149.54121951305478,149.7351740404927,146.49608755915543,146.8549041748047,10797567,,
2024-10-11,146.6318513458354,150.54980071323962,145.8560184693194,147.79559326171875,16029678,,
2024-10-14,148.8623654761619,149.49272136525462,146.4475895298359,146.77732849121094,9810920,,
2024-10-15,147.28162256955906,147.55316188514618,145.57480190047107,146.53489685058594,8339050,,
2024-10-16,146.43789345709052,148.13502136139456,145.9529997701465,146.20513916015625,12674832,,
2024-10-17,146.8839987064473,149.83214574272404,144.02311418252032,144.61468505859375,20798933,,
2024-10-18,143.52852447254472,143.9164334844395,140.92950153773316,143.2181854248047,11316090,,
2024-10-21,143.5285208265752,144.49830812945746,139.64937161504614,140.3185272216797,10148561,,
2024-10-22,139.84332683910512,140.31852794717514,132.385660073737,133.5203094482422,21418863,,
2024-10-23,133.82095962755395,137.09883075598432,129.36962451546347,135.20774841308594,26287104,,
2024-10-24,134.8004516285517,136.59456427797247,133.30698551002192,134.8295440673828,12496782,,
2024-10-25,134.15067910800266,135.07197408429326,128.78775651789715,130.36849975585938,18714548,,
2024-10-28,130.36850235856787,140.97797800977168,130.02908567514768,139.14508056640625,32085342,,
2024-10-29,140.32823777104548,140.706454275782,136.47818050083393,139.19358825683594,17495826,,
2024-10-30,139.2614627680323,153.22639402597085,137.9037516638178,150.8504180908203,94008988,,
2024-10-31,150.70495350998422,155.0689967366955,148.09623787793072,151.248046875,55531774,,
2024-11-01,152.40208170538332,156.13576905850348,151.38381678887887,153.3330841064453,10418053,,
2024-11-04,154.19618386899907,154.4289381529833,147.12644081772672,148.61021423339844,31327165,,
2024-11-05,148.37747476717854,148.49384452190188,144.12010859943024,146.86460876464844,29226153,,
2024-11-06,148.3774840860663,150.21038182698285,147.2234346199739,149.35696411132812,18123332,,
2024-11-07,150.3170467152952,152.46997592303998,148.2417022751372,149.25027465820312,19226279,,
2024-11-08,147.40768653058942,148.13502708912853,142.55874947366215,144.05221557617188,14681163,,
2024-11-11,143.05333247817902,146.6318503125846,140.92951052560366,142.9466552734375,18847259,,
2024-11-12,144.31178412741613,146.50571327800185,141.0062648023417,141.69857788085938,13172317,,
2024-11-13,141.09400010796355,142.26409252756048,135.82857678051113,136.14059448242188,16372099,,
2024-11-14,137.476468770906,138.6855578700659,136.02359490986214,136.1796112060547,14794085,,
2024-11-18,137.46671647854959,137.778749089151,134.36597052300058,134.84375,13930322,,
2024-11-19,136.80366413934334,143.29769752736752,136.34537555956027,141.56204223632812,36796687,,
2024-11-21,141.59131651366678,142.05935055981288,137.242454912685,138.1395263671875,20058952,,
2024-11-22,138.13950995477373,139.71913397192475,136.1600997747408,138.6075439453125,13970799,,
2024-11-25,145.28686117181996,146.94449352491915,142.02033854305336,142.6638946533203,23570160,,
2024-11-26,142.6638888321448,143.82423589552832,141.43529393602114,143.034423828125,13248817,,
2024-11-27,143.0344254682713,147.91956879063721,142.2056018767696,146.73973083496094,22054792,,
2024-11-28,147.51003036775916,151.77112316022885,146.79822647559547,149.5771942138672,26332388,,
2024-11-29,149.17742700094757,149.17742700094757,145.09184127054766,145.61837768554688,18576066,,
2024-12-02,145.10158117052632,146.4667014273384,143.34643505664383,143.60971069335938,16680269,,
2024-12-03,144.3117772216751,145.5403721309389,143.84374319126988,144.5067901611328,12159196,,
2024-12-04,145.28685058095022,149.08965481252838,145.00408406261562,147.2857666015625,21984506,,
2024-12-05,147.28576690147628,148.21208948505128,145.97916389396914,147.08099365234375,11514970,,
2024-12-06,147.0809882427153,155.66169082037987,146.79822173420504,154.06256103515625,62323577,,
2024-12-09,155.42767895573652,156.93905527903473,153.81880360164936,155.232666015625,29324888,,
2024-12-10,155.6616883606089,155.9444548646509,151.4298469673627,152.94122314453125,16690253,,
2024-12-11,152.94123061193264,161.8534569431359,152.64870377649922,160.8003692626953,86849772,,
2024-12-12,160.79060334340556,162.74076234031057,157.33882846543793,158.6746826171875,39528508,,
2024-12-13,157.47535200948244,157.79713005597847,152.20016791621146,155.3496856689453,27371411,,
2024-12-16,156.0127385061786,158.74296440574355,154.55011908268318,154.97915649414062,19179446,,
2024-12-17,154.79387887934686,156.33450635692435,152.11241011135817,152.75596618652344,18045496,,
2024-12-18,152.1124125443062,152.9704873249176,149.23593079561735,149.52845764160156,13692945,,
2024-12-19,144.7993018434942,149.6649537734966,144.40927600542955,149.03114318847656,15016841,,
2024-12-20,148.3973627088252,150.3475218563153,144.31177691426805,144.71156311035156,16336702,,
2024-12-23,145.2868473857746,146.53494797169193,143.23917445778352,144.10699462890625,14758199,,
2024-12-24,144.10699974116864,145.9791655649932,142.95641301711237,144.17526245117188,11854675,,
2024-12-26,144.31177002265497,145.77438931342513,141.8935769612375,143.22943115234375,11467576,,
2024-12-27,143.22944290883257,144.09726316411354,142.26410874141638,142.57614135742188,8487014,,
2024-12-30,142.4103738224754,154.06257167948962,141.09401045481323,149.52845764160156,40675811,,
2024-12-31,146.2521735715285,146.93472621786813,142.05932891753955,145.32583618164062,41308416,,
2025-01-01,145.96939983986726,149.07990586092464,144.67254230464565,146.60321044921875,19810452,,
2025-01-02,146.89573855839768,148.67039060555615,146.26194275786065,148.2510986328125,14368318,,
2025-01-03,149.5771936249147,152.89247294681613,149.03115146986886,149.86972045898438,20331510,,
2025-01-06,150.05499125763896,150.06473669686073,141.19152172469998,141.7960662841797,21684925,,
2025-01-07,142.5566309814115,144.09725849633105,141.1915255269428,142.3616180419922,13305286,,
2025-01-08,142.55663105248505,142.84915790102664,138.46129980850364,140.18719482421875,16306841,,
2025-01-09,140.41146149448133,140.65523139290923,136.55990007502697,136.95968627929688,12452173,,
2025-01-10,136.22836680080084,136.90115917417702,131.87950557860447,132.3280487060547,21705766,,
2025-01-13,130.66065957789561,132.38655454577204,124.52740832141524,125.23921966552734,30293364,,
2025-01-14,126.76034808724808,133.09836549161048,126.48732698934288,132.1720428466797,30467846,,
2025-01-15,136.9986790542834,136.9986790542834,131.45047394191113,134.13194274902344,34455125,,
2025-01-16,136.51115216026915,142.11786019542308,135.7310854579321,139.41688537597656,45555802,,
2025-01-17,139.41686324714988,143.23917311552026,138.36377559792552,142.546875,30934225,,
2025-01-20,143.78522887398037,144.91630978045433,141.2110196024161,143.04415893554688,32579099,,
2025-01-21,142.94665919283128,142.94665919283128,137.8372373086945,138.84156799316406,21897756,,
2025-01-22,138.9488269173525,139.19259678913735,133.30312323337006,136.75489807128906,19198201,,
2025-01-23,135.5360511975187,140.80147457320356,134.66823103319388,137.84698486328125,17671282,,
2025-01-24,138.07128068295316,139.61189339546326,135.53606770963265,137.1741943359375,15843304,,
2025-01-27,135.53606101021532,135.72132851014717,132.42555478344428,133.63465881347656,15984361,,
2025-01-28,134.5609899811474,136.69641676793546,131.36272996028404,134.38548278808594,23224966,,
2025-01-29,135.24352361230092,138.7050588114207,134.99975373741268,138.19801330566406,19560159,,
2025-01-30,139.24136630835068,145.48186963795212,138.31504368765675,144.53604125976562,40194969,,
2025-01-31,145.4623630089832,148.76789703235926,142.6151324520022,147.1785125732422,50647026,,
2025-02-01,148.11458779116467,151.64438612020803,135.68232268110623,137.70074462890625,76893891,,
2025-02-03,133.91742565319052,135.770085778255,130.12436669043535,133.4298858642578,36236290,,
2025-02-04,136.51112826704033,136.70614118885823,132.70832421672853,134.4049530029297,21695745,,
2025-02-05,134.54147851313232,136.60865737440938,134.07344447296165,134.4927215576172,13087044,,
2025-02-06,134.49272542638766,135.24354090302344,132.22080299507508,132.91310119628906,11527600,,
2025-02-07,132.60107456711478,132.805832942499,129.68558132981903,130.1048583984375,16860473,,
2025-02-10,130.17312164078143,131.14820120363373,127.36488773863616,127.7841796875,13464523,,
2025-02-11,128.06694944175052,128.36922173328736,122.37248822202777,123.10379791259766,20569801,,
2025-02-12,122.86002236779038,123.93260837679874,116.31723952964623,122.2262191772461,36495363,,
2025-02-13,122.46999648620088,125.59025567521468,122.22622658577481,123.41582489013672,15469045,,
2025-02-14,124.03011530466107,124.76142496433305,117.98462509374599,118.71593475341797,18631299,,
2025-02-17,117.71160391446142,119.76902235045776,114.94237413702469,118.74518585205078,22536906,,
2025-02-18,118.76469468438343,119.14497512180682,114.91312591664216,116.29773712158203,17608523,,
2025-02-19,115.25440120859302,122.70400846428122,114.28907452557706,121.17313385009766,33285812,,
2025-02-20,120.60759227327443,122.84052534202576,119.34973875737872,121.67042541503906,13856925,,
2025-02-21,121.68993047968901,124.42014874859022,120.65634110084174,121.99220275878906,25318595,,
2025-02-24,121.29014544223263,122.0312079881938,119.44724567552304,120.39307403564453,13838044,,
2025-02-25,120.32481162109531,122.24571942371571,119.74951084847419,120.18830108642578,13266198,,
2025-02-27,120.42232194371311,120.90986170866742,116.52200382407868,117.3605728149414,18748431,,
2025-02-28,116.02471092024379,116.45374829300523,108.9163802704631,109.61843872070312,28927630,,
2025-03-03,110.1742366379033,112.97271763384597,105.34759582505835,108.36058807373047,42918659,,
2025-03-04,108.42884073055873,112.47542226680233,107.25874827058618,111.73435974121094,42337061,,
2025-03-05,112.23165569007953,115.38116593715984,111.80262574306157,114.7961196899414,21555437,,
2025-03-06,116.5317586114764,118.35515260114708,115.83945302661144,117.5848388671875,23206624,,
2025-03-07,117.97487100460323,121.87518914949447,116.91203788096827,120.34431457519531,31222210,,
2025-03-10,121.00737219613185,122.29447692082437,115.4981711811672,116.76577758789062,21456437,,
2025-03-11,115.05938188476097,117.59458711640245,113.66501789146822,116.32698822021484,17046285,,
2025-03-12,117.20456415150993,118.1796437449144,115.07889034031751,116.22948455810547,13097183,,
2025-03-13,116.46350749120295,117.00954967579126,114.08431093389648,114.75711822509766,11472966,,
2025-03-17,115.06914839502683,116.73653365767089,114.6791150579673,115.8102035522461,13318439,,
2025-03-18,115.8102035522461,115.8102035522461,115.8102035522461,115.8102035522461,0,,
2025-03-19,119.44724542590674,125.29772275288992,119.20347553728244,124.91744232177734,28681078,,
2025-03-20,127.24788360294048,128.564246970936,124.81018468334392,125.31723022460938,28721000,,
2025-03-21,125.59194426340864,128.1430366199497,124.61075719885075,127.22071838378906,18904126,,
2025-03-24,128.24115208447,132.0677907905926,128.0449176571187,130.30165100097656,25775174,,
2025-03-25,131.57720350304496,131.85193470876698,126.43577741989547,126.97543334960938,24206199,,
2025-03-26,127.5052665558072,128.86911608910208,124.65982982271726,125.97461700439453,23494814,,
2025-03-27,125.09154196546167,126.75956453608055,121.36303545663691,122.00080108642578,25596858,,
2025-03-28,123.58051502573036,126.7693731723381,121.66720313211117,122.07929992675781,22400674,,
2025-04-01,120.49959080406954,122.85444144771988,120.05805958345053,122.04005432128906,17763188,,
2025-04-02,122.40309711636064,125.3859069544137,120.1954260260856,125.08174133300781,15024892,,
2025-04-03,122.84461804638536,127.06372543749697,122.80537715118442,126.7301254272461,16348518,,
2025-04-04,125.21910826999164,126.28860616888473,121.76532526875341,122.49140167236328,15394108,,
2025-04-07,110.87414702158829,121.71626793264664,110.87414702158829,120.11692810058594,23552525,,
2025-04-08,124.12017369213625,124.30660164493683,120.88225312321325,122.06949615478516,12601581,,
2025-04-09,122.05968297955437,122.3442281514102,120.19542589703975,120.74488830566406,9175006,,
2025-04-11,123.62958198589985,124.02205834651994,121.07849687066518,121.77513885498047,9778310,,
2025-04-15,123.42353275707677,126.0825490408804,122.64839400863852,125.85688018798828,14463246,,
2025-04-16,126.5731425799437,127.49546089809571,125.61158336328063,126.63201141357422,14424393,,
2025-04-17,127.54451288905467,128.53550644203045,125.74893875054737,127.04409790039062,18564617,,
2025-04-21,127.55432236019335,129.6148212485488,126.16103848178923,128.95741271972656,15830027,,
2025-04-22,129.6638835287244,130.98849224801376,128.05473710671907,129.8208770751953,14637811,,
2025-04-23,130.49789078700078,132.56819626978395,126.79881104403736,131.83230590820312,27531889,,
2025-04-24,132.46026590458877,135.07022732970128,130.49789159489117,130.9099884033203,28862676,,
2025-04-25,130.97867745700992,131.61644311296394,123.84544271635731,126.37690734863281,30370205,,
2025-04-28,125.5919521135349,127.16185750364504,123.2665359302718,124.7775650024414,27138997,,
2025-04-29,126.17085049685431,127.0637343857526,124.3066009231289,124.54208374023438,14094746,,
2025-04-30,124.60095286300937,124.85606361555452,121.1766118390647,122.12836456298828,11616287,,
2025-05-02,122.00080657494078,124.46358841621405,121.66720653732729,121.95175170898438,11822797,,
2025-05-05,122.5110235608379,123.5216450897602,121.77513322589094,122.658203125,10504976,,
2025-05-06,122.89368983738937,123.43334576116057,117.7522712967213,118.10549926757812,14448874,,
2025-05-07,114.78908142207489,119.60671387308892,114.49472977156876,118.96894073486328,16855633,,
2025-05-08,120.19542401189914,121.1177423140791,115.78008190533959,116.70240020751953,10641245,,
2025-05-09,113.3271146208744,115.5347856849174,112.17912746417934,114.22980499267578,18637874,,
2025-05-12,120.19542308648852,123.58051568110945,118.60589724545422,123.16841888427734,20291533,,
2025-05-13,123.33522128850758,123.7276976441779,120.9803781262134,122.41291046142578,14659708,,
2025-05-14,122.6483886632698,127.82905540266815,122.35402953613253,127.51508331298828,30886094,,
2025-05-15,128.14303812692796,129.32045962389876,126.92636076274638,127.78981018066406,23535264,,
2025-05-16,128.33928069803042,137.58206174522059,127.554327992959,136.00234985351562,85471529,,
2025-05-19,137.3661965800859,140.90828267648433,136.9737277214051,138.8281707763672,56293569,,
2025-05-20,139.3285809460806,139.77011218712744,133.58862989728664,134.1381072998047,28836535,,
2025-05-21,134.13809354232305,136.68917099102117,133.03915382172482,135.48231506347656,19235116,,
2025-05-22,134.42264414080014,136.38501850781913,132.69576008764562,134.25584411621094,14976845,,
2025-05-23,134.42264499727494,135.15853538959578,132.0579802767358,134.1381072998047,15543948,,
2025-05-26,134.13809543011678,138.34738151415786,133.9418460321477,137.5428009033203,26058857,,
2025-05-27,137.5624373062542,138.2394588444369,135.501953246272,137.0227813720703,17277004,,
2025-05-28,137.5526265027981,139.02440720157105,137.17977060148945,137.69979858398438,15877254,,
2025-05-29,138.24925335063955,139.56405541413906,136.5812383117921,137.3269500732422,15888843,,
2025-05-30,137.46432697475927,138.7398583041713,135.25665586684596,136.33595275878906,13735089,,
2025-06-02,136.18878169281027,140.65318629434617,135.60988485783986,139.34820556640625,26058034,,
2025-06-03,140.11353285155172,141.58531362736272,137.8567993342959,138.1609649658203,23097654,,
2025-06-04,138.16096903411145,144.0284643743684,136.38502257448147,142.22308349609375,60460703,,
2025-06-05,144.62698207853066,145.21570036600295,141.42831731164213,142.5370635986328,33141212,,
2025-06-06,142.66461571611987,144.7251148656099,141.19283488697806,143.65562438964844,25330188,,
2025-06-09,144.47980440280836,146.14781952380937,144.0186452555332,144.1952667236328,22597836,,
2025-06-10,144.92133614383496,145.02926732703176,142.2917618211895,142.497802734375,14830978,,
2025-06-11,143.15520004902666,144.90171198869172,141.75210960259835,142.7136688232422,15754001,,
2025-06-12,142.8019731944086,143.43975383374797,137.4741340828025,137.82736206054688,17973178,,
2025-06-13,133.45125406419086,137.08165836551828,133.45125406419086,135.7276153564453,16264194,,
2025-06-16,134.7660562358366,137.65073377772632,133.00972291579464,137.3073272705078,13765113,,
2025-06-17,137.36620440090348,138.03340449299267,134.91323646517307,135.23703002929688,8450765,,
2025-06-18,135.15852433648894,135.943477018451,133.1470877676259,133.46107482910156,9407593,,
2025-06-19,133.44144971747895,134.13809916753468,129.08497646357898,129.86012268066406,13365251,,
2025-06-20,129.8601210424645,133.53957273458124,129.81105869222415,131.67530822753906,19220459,,
2025-06-23,129.76198925579814,134.7856622341439,129.56575483728022,134.4029998779297,18533609,,
2025-06-24,135.60004922589556,137.51336100600375,135.43324922165294,136.01214599609375,13635905,,
2025-06-25,136.13972472520624,138.6711895112986,136.09066237059918,136.94430541992188,11326924,,
2025-06-26,136.94430328134894,137.68019367377704,135.600066650405,137.2386474609375,11721046,,
2025-06-27,137.8567996110911,139.62293953995606,137.02278451443232,137.3563995361328,12347443,,
2025-06-30,137.55261798575515,140.10369538929976,137.46431474251096,139.0538330078125,11927422,,
2025-07-01,139.38744458804968,140.4569349918225,138.07265739597696,138.83798217773438,8315552,,
2025-07-02,138.8379794648516,139.91729130097255,136.77748049470344,137.6703643798828,8089405,,
2025-07-03,137.67036312407228,138.81835026380506,136.6499351015523,137.07183837890625,6716053,,
2025-07-04,137.12089869376487,137.8273546110702,135.7079868591542,136.62049865722656,6596356,,
2025-07-07,136.5518074515587,137.3661945443934,135.64911711258847,135.93365478515625,5321322,,
2025-07-08,135.9336518948973,136.76766690416034,134.22639595233673,135.6000518798828,6423737,,
2025-07-09,135.6000659191784,136.3850186612145,134.5600098989651,135.0015411376953,5698153,,
2025-07-10,135.01136058366401,136.32614779827824,134.19697343593873,134.55020141601562,5710273,,
2025-07-11,134.4226283061368,134.78566273031768,132.4602541702808,132.7349853515625,6923282,,
2025-07-14,132.70555833616734,132.85273041587143,131.1847153017401,131.58700561523438,8056755,,
2025-07-15,131.7636096486316,134.00073002042015,131.28283754943084,132.7447967529297,10150376,,
2025-07-16,132.74480089878838,133.9320439196287,132.47989115199778,132.90179443359375,7455169,,
2025-07-17,133.44145391339126,133.5395786181952,131.88136992041262,132.37196350097656,6635586,,
2025-07-18,132.45045670751142,132.88216647054307,131.18471691953764,131.32208251953125,6410155,,
2025-07-21,131.48888932396167,132.65650447004936,130.2133579603405,131.8421173095703,6919490,,
2025-07-22,132.49950322925397,132.58782144932127,128.05472673541806,128.30984497070312,16445046,,
2025-07-23,131.19454232435555,134.2264070687872,130.53713374916273,132.31309509277344,53101661,,
2025-07-24,132.50933438263797,135.4038336289103,131.82250633683702,133.09803771972656,23012532,,
2025-07-25,132.9508633009882,132.9508633009882,128.51589304159458,129.546142578125,11164552,,
2025-07-28,129.46763752736715,131.92060532808168,128.0841600945496,128.45701599121094,10349292,,
2025-07-29,128.53550974764488,130.26239364908926,127.92717853826515,129.73255920410156,7163091,,
2025-07-30,129.73255912133504,131.32207742701098,128.23134406114625,128.927978515625,7578162,,
2025-07-31,127.6426298415349,127.78981689371741,124.6107652103404,125.92555236816406,11606740,,
2025-08-01,125.92555652243416,126.64183392888535,123.99262410534071,124.50283813476562,8796099,,
2025-08-04,125.02285601074936,127.6328172383035,124.91492483301663,127.2992172241211,10135790,,
2025-08-05,127.28940440086355,128.14304739961315,125.48402364341896,125.94518280029297,5972558,,
2025-08-06,125.94518038951664,126.54370513665852,124.30659968183613,125.12097930908203,6331289,,
2025-08-07,124.61076705722772,125.54289184795594,121.76532284772455,124.85606384277344,9602587,,
2025-08-08,125.4447769227484,125.4447769227484,122.64839501361087,122.92312622070312,6290179,,
2025-08-11,122.92312162739256,125.09154427190134,122.20685921936172,124.43415069580078,11782258,,
2025-08-12,124.61076577569398,125.29759377381293,122.55027429547336,122.67782592773438,11311712,,
2025-08-13,122.74650741883573,124.24772251719263,122.55027298885506,123.28616333007812,6384343,,
2025-08-14,123.2861654737578,123.97299347649633,121.87325359856565,122.15779876708984,4332376,,
2025-08-18,123.08011529608763,124.35565406645395,122.15779700355628,122.42271423339844,6007654,,
2025-08-19,123.05068596191302,124.59114951160417,121.71627081857831,124.41453552246094,7350713,,
2025-08-20,124.94436534486198,125.3172212446295,123.44315023605661,124.3458480834961,8412432,,
2025-08-21,124.41453137077826,126.1316088523142,122.81519155416628,123.08011627197266,10920060,,
2025-08-22,123.08011409547427,123.82581091301853,122.50120980500154,122.62876892089844,4942149,,
2025-08-25,122.69745303058448,123.58051545478929,121.86343798526975,122.02043151855469,5148749,,
2025-08-26,121.91249981272732,122.26572777523891,118.82175888368263,118.91987609863281,9390576,,
2025-08-28,118.91987225366786,119.34178300158958,115.97631098515268,116.34916687011719,10301130,,
2025-08-29,116.76126403130978,117.39903713873753,115.12268338310787,115.88800811767578,8881411,,
2025-09-01,116.17256080457516,118.62552869535646,116.00576078460938,118.27230072021484,7840427,,
2025-09-02,118.92968900423999,123.5510794056722,118.34097823393043,120.67620086669922,21014216,,
2025-09-03,121.32378686276195,121.89287717948275,120.38184814156726,121.2551040649414,7336041,,
2025-09-04,121.75550871377118,122.21666786770476,118.92969244305947,119.34178924560547,7730498,,
2025-09-05,119.95012411515924,121.38265639647223,119.44971659336095,121.13735961914062,6947411,,
2025-09-08,121.76531943502084,123.28616245712534,121.24529146197689,122.22647857666016,7882195,,
2025-09-09,122.55027563766328,123.4529660124671,121.46115731024378,122.4717788696289,7614264,,
2025-09-10,122.74650660973917,124.87568085303597,122.69745174549918,123.80619049072266,8948090,,
2025-09-11,123.93374364578374,124.40471676063734,123.04086725264752,123.16841888427734,4767008,,
2025-09-12,123.60995834363463,124.11035839178246,122.99180565871924,123.85525512695312,5840841,,
2025-09-15,123.82581594245795,127.89775161794897,123.63939547343185,125.76856231689453,22257294,,
2025-09-16,126.03348238752004,126.85767597391443,125.10135761921254,126.53389739990234,6998422,,
2025-09-17,127.01467217502847,128.04492166553345,126.37690652323982,126.89693450927734,9413241,,
2025-09-18,127.46602749412804,128.38834581960882,126.18067471055596,126.85768127441406,7532604,,
2025-09-19,126.85767638554243,127.92718172677993,126.38671075917848,127.25016021728516,8686534,,
2025-09-22,126.81843747985664,127.9860525685712,125.84705682423157,126.12178802490234,6577881,,
2025-09-23,125.81762025098824,126.50444824089101,124.61076428503571,124.89530944824219,5860471,,
2025-09-24,124.90512386184271,125.31722065725701,122.95255609553759,123.22728729248047,4543381,,
2025-09-25,123.08992626958387,125.10136294261463,121.28454548778357,121.7457046508789,6416171,,
2025-09-26,121.74569796710315,121.96156032826418,119.2731022667213,119.61652374267578,5997139,,
2025-09-29,120.8135712330673,122.25591754307814,120.19542602271859,121.92231750488281,10555581,,
2025-09-30,123.62957810764705,123.62957810764705,120.24448551094981,121.1864242553711,10100674,,
2025-10-01,121.17661519489262,123.6001486965287,121.17661519489262,123.17823791503906,8723744,,
2025-10-03,123.17823337156545,124.78737966815716,122.65820538967303,123.4823989868164,6051511,,
2025-10-06,123.47258376149631,123.87487407447749,122.19704499521791,122.88387298583984,5113099,,
2025-10-07,123.13898492672288,125.09154522115257,122.69745371216777,124.68926239013672,9672645,,
2025-10-08,125.13079334445212,125.13079334445212,121.6672039773512,121.96156311035156,12875915,,
2025-10-09,122.56008548827145,122.99180272623124,121.48077367871308,122.71707153320312,5774638,,
2025-10-10,122.7170727132077,124.8069985824363,122.3736587186204,124.12017059326172,7690307,,
2025-10-13,122.69745346650471,123.72769546035846,122.34422550122235,123.13898468017578,6065989,,
2025-10-14,123.13898827804647,124.10055498626872,121.66720754165547,122.17742156982422,6665155,,
2025-10-15,123.04086878242238,126.09235389907303,121.96156442621576,122.53064727783203,17482919,,
2025-10-16,123.13898197255817,123.35484433391356,122.0596776516447,122.3736572265625,9719465,,
2025-10-17,122.37365704594532,122.81518824925621,120.40146886703874,121.19622802734375,10002889,,
2025-10-20,121.63776720950831,123.20766508814292,121.27472528394199,122.71707153320312,6729809,,
2025-10-21,123.2665381515399,123.62958008957105,122.64839294600301,122.8446273803711,2109920,,
2025-10-23,123.44315277778479,123.60014631478548,122.55027636515089,122.7563247680664,5009833,,
2025-10-24,123.45885889288692,123.5874976274735,122.25168552836024,122.42979431152344,6026631,,
2025-10-27,122.57821453159694,123.34012727774338,122.0142046314984,122.1527328491211,5375514,,
2025-10-28,122.49906398331915,122.74643688510353,121.31166952522095,121.4798812866211,5615629,,
2025-10-29,121.83609485631688,124.08224495810386,121.35124609857064,123.77549743652344,9132825,,
2025-10-30,123.87445116966977,124.92330981054603,122.26157509071302,122.64747619628906,5922925,,
2025-10-31,122.6969575476251,123.1917033441881,121.80641360396734,122.01420593261719,4768709,,
2025-11-03,121.95483698970986,122.3704216406608,121.42051063167797,121.80641174316406,5128145,,
2025-11-04,121.98452414285416,122.20221350434062,120.52008079158095,120.95545196533203,5224892,,
2025-11-06,120.81692424323556,120.96534949479134,118.78847096937955,118.98636627197266,6360660,,
2025-11-07,118.73899235413467,120.58934436937312,117.15580729925725,120.08470153808594,5976333,,
2025-11-10,120.5200752895204,120.94555696321363,119.27331380742977,119.50089263916016,4329426,,
2025-11-11,119.72847894052485,120.5695452579487,118.27392513725626,120.33206939697266,5425772,,
2025-11-12,120.4903875356432,121.94494138013059,119.97585523074416,120.3122787475586,6989819,,
2025-11-13,120.31227893199517,120.56954885944994,119.37226494018752,119.48110961914062,4559201,,
2025-11-14,119.41184639285468,120.708077970964,119.13478995318751,119.7383804321289,5135998,,
2025-11-17,119.83732249525528,122.20220670116191,119.76805838856761,121.21271514892578,9945324,,
2025-11-18,121.21271537552856,121.45019123472719,119.43162755848527,119.55036926269531,4555639,,
2025-11-19,119.55037169746471,119.86700869925201,118.54109361339948,119.5800552368164,4336986,,
2025-11-20,119.58005859323887,120.31228026494524,118.73899224137351,118.81815338134766,4766481,,
2025-11-21,118.81814883689376,119.13478583545809,117.74949613578106,117.83854675292969,4944515,,
2025-11-24,117.8979259294997,118.19476888067074,115.34503578363098,115.67156982421875,8220860,,
2025-11-25,115.79030106269562,116.30484091049443,114.43470243319453,115.51324462890625,7566496,,
2025-11-26,115.62208679845767,117.33391051184266,115.43408853630501,116.83916473388672,4487936,,
2025-11-27,117.42296659831497,118.16508529981995,116.36421088613673,116.72042846679688,5097254,,
2025-11-28,116.66106009888333,116.80948534739056,115.59240736869722,116.33452606201172,4191955,,
2025-12-01,116.33452501597145,117.64065360249184,115.51324519094152,115.85956573486328,5036657,,
2025-12-02,115.6814658132981,115.77051643308172,114.87997248913675,115.19660949707031,4302586,,
2025-12-03,115.89914543586497,116.36420768388543,113.01972887886025,113.50457763671875,9455659,,
2025-12-04,113.50457633827635,114.68207371454139,113.1978363693555,113.64310455322266,5895759,,
2025-12-05,113.97954066827744,113.97954066827744,112.55467033791894,113.39573669433594,5063577,,
2025-12-08,113.39573174306615,113.73216280047626,109.33881783984822,110.18978118896484,8555323,,
2025-12-09,110.22936462189614,112.67341005676235,108.74512723708395,112.4458236694336,9736504,,
2025-12-10,112.43592355403985,113.92016089811834,110.82305502452762,111.02095031738281,4960130,,
2025-12-11,111.0209528102994,112.40624253905625,110.35799526020449,112.09950256347656,5799050,,
2025-12-12,112.09950255267475,112.90098832064596,111.44643448305251,112.62393188476562,5141588,,
2025-12-15,111.86202596863794,112.41613883684465,111.3178025807766,112.05992126464844,4518917,,
2025-12-16,111.81254896084324,112.07970836679125,110.32831158525683,110.83295440673828,4101452,,
2025-12-17,110.82305780468228,111.31780359845318,109.55650978050424,109.91272735595703,4984147,,
2025-12-18,109.83356703704908,111.0209539312744,108.54722494395348,109.64556121826172,6400519,,
2025-12-19,109.9226193806105,113.28689236596487,109.68514350788604,112.78225708007812,8954745,,
2025-12-22,113.32647001913463,116.56211172956198,112.89109130599536,115.77051544189453,16841326,,
2025-12-23,116.56211455452244,123.171918804307,115.58251242621779,120.12428283691406,55006061,,
2025-12-24,121.21272176598036,122.53863689473276,119.2733191236313,120.21333312988281,27580407,,
2025-12-26,120.85650334531869,133.17567073801118,120.57944690536551,132.23565673828125,163985127,,
2025-12-29,133.58136645205133,135.7285614195044,124.42856912107744,125.02226257324219,80360842,,
2025-12-30,125.02226140881095,125.33889841696451,122.36053415406502,123.28075408935547,29253088,,
2025-12-31,123.63696653858712,126.16017301864866,123.082853684609,123.31044006347656,27013969,,
2026-01-01,123.99318799577601,124.8936289609912,122.70685346589649,124.46814727783203,16340819,,
2026-01-02,125.12120846442693,127.5949374380156,124.27024509357469,127.12987518310547,25385604,,
2026-01-05,127.64441448491989,127.96105903942214,125.22016312098025,126.25912475585938,15730837,,
2026-01-06,126.65491988596088,128.38653011877676,124.67593676274274,125.88311767578125,14799487,,
2026-01-07,126.16017734112607,127.2783076659258,125.45763922027034,126.69449615478516,10932461,,
2026-01-08,126.69449900266402,127.64441759084133,122.50895372317974,122.96411895751953,13165701,,
2026-01-09,122.92454116911743,123.66665984725954,119.33268193540778,119.9758529663086,14904914,,
2026-01-12,119.97585111176824,121.79651195037412,117.99686800064629,121.34134674072266,16531719,,
2026-01-13,121.80641234402418,122.53863400158137,119.01604638224075,120.05501556396484,11459758,,
2026-01-14,120.05501256493838,121.9944151130508,119.3821580034119,120.72786712646484,11544717,,
2026-01-15,120.72786712646484,120.72786712646484,120.72786712646484,120.72786712646484,0,,
2026-01-16,121.10387063281465,122.5881079631123,120.31227437030066,120.90597534179688,11686581,,
2026-01-19,120.93566042573316,121.36114210115709,118.49161504940649,119.62953186035156,19879572,,
2026-01-20,120.17374753306967,120.17374753306967,114.27637871238556,114.90965270996094,33802202,,
2026-01-21,114.90965590298583,115.92883858446235,112.70309387958838,113.93006134033203,23802894,,
2026-01-22,115.27576617489386,118.08591856789158,114.3951192947487,115.79029846191406,17626259,,
2026-01-23,116.31473513303618,117.04695676884054,112.52498067133685,112.9504623413086,15938677,,
2026-01-27,113.74205553686262,114.18733128301548,111.426648834066,113.40563201904297,18230496,,
2026-01-28,113.96963873979146,119.61963466909904,113.96963873979146,118.88741302490234,23452463,,
2026-01-29,119.72847959114681,120.31227599197317,117.05685538028918,118.79835510253906,19681289,,
2026-01-30,118.64004110646596,119.9758532201032,117.00737850125529,118.83793640136719,19011603,,
2026-02-02,113.78163422969803,114.58312753986426,110.3579942820657,113.7222671508789,26935344,,
2026-02-03,118.53119444751027,118.53119444751027,113.64310374312494,113.91027069091797,17141510,,
2026-02-04,114.38522298377437,115.42419214289463,113.30668080551449,114.78102111816406,14878650,,
2026-02-05,114.78102267408717,115.27576846147548,113.05930944775791,113.50457763671875,10242128,,
2026-02-06,113.29678588186955,113.76184813222955,111.4068533409124,113.32646942138672,13107658,,
2026-02-09,113.78163293038021,114.78102152467883,113.49467947066192,113.86079406738281,9623210,,
2026-02-10,114.23679944262477,115.47366391276675,113.70248063483847,114.24669647216797,12744272,,
2026-02-11,114.24670099357435,114.58313206836274,112.4260400450976,113.12857818603516,10515387,,
2026-02-12,112.99993262808485,112.99993262808485,111.61465048964344,112.33697509765625,10863707,,
2026-02-13,111.61465293564481,111.6641229849753,109.88304267542387,110.2689437866211,13084758,,
2026-02-16,110.26894080754757,112.228129850046,109.40808044086103,111.99065399169922,13966955,,
2026-02-17,111.81254748114848,112.26771269773154,111.12979588166314,111.80265045166016,8157349,,
2026-02-18,111.79275910803923,112.55466428306718,110.85273760207636,112.1192855834961,8573114,,
2026-02-19,112.11929093091405,112.61403673157888,109.58619484726107,110.2095718383789,9987523,,
2026-02-20,110.02157112923163,111.61465317600329,109.40808363228386,110.70431518554688,11560506,,
2026-02-23,110.82305518624956,111.31780096833103,109.63566832894264,110.7142105102539,9897270,,
2026-02-24,110.16999076308011,110.3876801222496,107.90406164974395,108.28996276855469,13884700,,
2026-02-25,104.87620827845176,104.87620827845176,103.30292032246065,103.46123504638672,56904412,,
2026-02-26,103.30292121835903,104.18356811002072,101.46246629777535,102.14521789550781,22825499,,
2026-02-27,101.9176296551278,103.46123405745462,100.660978708222,102.46185302734375,19027229,,
2026-03-02,96.47542830288897,100.28496934654335,96.17857781149914,98.29608917236328,27730177,,
2026-03-04,97.12849808895878,97.59355279486911,95.00108966081304,96.71290588378906,32963143,,
2026-03-05,97.17796714279064,98.20703929165258,95.98068323718186,97.81124114990234,16588277,,
2026-03-06,98.26640611757374,102.01658010112912,97.7221902796379,98.42472839355469,35489993,,
2026-03-09,96.08952777305076,96.92069707519984,94.26885934337594,96.54469299316406,16395706,,
2026-03-10,98.35546370865994,100.05739041937204,97.07901867562586,99.65169525146484,14800530,,
2026-03-11,99.93864913671383,100.72034838735314,97.95966598549178,98.20703887939453,12809686,,
2026-03-12,97.88050355464746,99.83970017013421,96.22805445701876,98.8699951171875,14255322,,
2026-03-13,98.69999694824219,99.68000030517578,97.0,97.19999694824219,11414655,,
2026-03-16,96.9000015258789,97.12999725341797,94.31999969482422,96.44000244140625,16521257,,
2026-03-17,96.44999694824219,97.2300033569336,95.73999786376953,96.73999786376953,9737324,,
2026-03-18,97.19999694824219,98.69999694824219,96.80999755859375,98.25,10580589,,
2026-03-19,96.30000305175781,96.98999786376953,94.72000122070312,95.04000091552734,11287455,,
2026-03-20,95.5,97.26000213623047,94.4000015258789,94.69000244140625,14353015,,
2026-03-23,93.5,93.6500015258789,89.19999694824219,89.44999694824219,17225370,,
2026-03-24,91.98999786376953,93.19999694824219,91.0,92.87000274658203,22201895,,
2026-03-25,93.98999786376953,96.3499984741211,93.80000305175781,95.23999786376953,17788550,,
2026-03-27,94.80999755859375,94.88999938964844,91.91000366210938,92.44999694824219,20674836,7006284.0,33.89
2026-03-30,91.44999694824219,91.5,87.0,87.2300033569336,25658445,9844219.0,38.37
2026-04-01,90.83000183105469,92.77999877929688,89.41000366210938,91.98999786376953,20132244,4636553.0,23.03
2026-04-02,90.0,92.19000244140625,88.5999984741211,91.83999633789062,19173192,4812789.0,25.1
2026-04-06,91.80000305175781,92.98999786376953,89.3499984741211,92.72000122070312,17311052,3768266.0,21.77
2026-04-07,92.69999694824219,93.58999633789062,91.58000183105469,92.93000030517578,16955456,3220206.0,18.99
2026-04-08,97.80000305175781,99.3499984741211,96.29000091552734,98.91000366210938,22586509,7009552.0,31.03
2026-04-09,99.0,99.5,97.0999984741211,98.48999786376953,16170504,3621369.0,22.39
2026-04-10,98.9000015258789,102.19999694824219,98.66000366210938,100.26000213623047,20758984,5653826.0,27.24
2026-04-13,97.16999816894531,99.2300033569336,96.25,98.91999816894531,16069563,4368682.0,27.19
2026-04-15,101.0,102.4000015258789,100.5999984741211,101.72000122070312,18343826,7069161.0,38.54
2026-04-16,103.13999938964844,104.80000305175781,102.30000305175781,103.23999786376953,21466219,5018724.0,23.38
2026-04-17,103.75,106.77999877929688,103.25,104.83999633789062,32766513,7275740.0,22.2
2026-04-20,105.13999938964844,105.13999938964844,102.30000305175781,103.0199966430664,15091460,4255474.0,28.2
2026-04-21,103.0199966430664,104.08999633789062,102.95999908447266,103.61000061035156,9274364,2918238.0,31.47
2026-04-22,103.11000061035156,106.66000366210938,102.98999786376953,105.81999969482422,21953698,6612281.0,30.12
2026-04-23,106.0,108.37999725341797,104.55000305175781,105.05999755859375,41805252,11574562.0,27.69
2026-04-24,105.05000305175781,105.77999877929688,103.01000213623047,103.91999816894531,14644667,3378644.0,23.07
2026-04-27,104.75,106.22000122070312,104.41000366210938,105.56999969482422,13917554,4342696.0,31.2
2026-04-28,105.58000183105469,106.75,104.77999877929688,105.13999938964844,13405170,3659303.0,27.3
2026-04-29,105.51000213623047,106.0,104.7699966430664,105.08000183105469,9523095,2686004.0,28.21
2026-04-30,105.05000305175781,105.06999969482422,103.0999984741211,104.20999908447266,8356443,2033203.0,24.33
2026-05-01,104.20999908447266,104.20999908447266,104.20999908447266,104.20999908447266,0,0.0,0.0
2026-05-04,104.80000305175781,105.66000366210938,103.31999969482422,104.41000366210938,10793514,2952955.0,27.36
2026-05-05,104.41000366210938,106.63999938964844,104.0,105.81999969482422,20280569,4570076.0,22.53
2026-05-06,106.45999908447266,106.94999694824219,105.0,106.73999786376953,12144328,4122005.0,33.94
2026-05-07,107.2699966430664,107.66000366210938,106.30999755859375,106.7699966430664,11251343,3999162.0,35.54
2026-05-08,106.66999816894531,106.9000015258789,105.6500015258789,106.02999877929688,6764649,2159449.0,31.92
2026-05-11,105.1500015258789,105.1500015258789,102.80000305175781,103.08000183105469,8606056,3240811.0,37.66
2026-05-12,102.45999908447266,103.05000305175781,99.16999816894531,99.36000061035156,10677665,3837662.0,35.94
2026-05-13,99.5,101.97000122070312,99.5,101.4800033569336,11227661,2634441.0,23.46
2026-05-14,102.29000091552734,103.62999725341797,99.58000183105469,100.19000244140625,18308366,4130505.0,22.56
2026-05-15,100.58000183105469,100.93000030517578,98.5,98.86000061035156,13415868,4044254.0,30.15
2026-05-18,98.0,98.0199966430664,95.16999816894531,97.66000366210938,13047543,3992125.0,30.6
2026-05-19,98.0,98.4800033569336,96.9000015258789,97.22000122070312,8673912,2929075.0,33.77
2026-05-20,96.19999694824219,97.30000305175781,95.6500015258789,97.12999725341797,6536277,1934105.0,29.59
2026-05-21,98.0,98.52999877929688,97.55999755859375,98.16999816894531,8098653,2212234.0,27.32
2026-05-22,98.16999816894531,98.41000366210938,97.4000015258789,98.19000244140625,6016639,1923210.0,31.96
2026-05-25,99.0,101.08000183105469,98.98999786376953,100.44999694824219,13515986,3153413.0,23.33
2026-05-26,100.5,100.83000183105469,99.0,99.27999877929688,8488045,3003844.0,35.39
2026-05-27,99.19999694824219,99.94000244140625,98.83000183105469,99.19000244140625,6755352,2349233.0,34.78
2026-05-28,99.19000244140625,99.19000244140625,99.19000244140625,99.19000244140625,0,0.0,0.0
2026-05-29,99.23999786376953,100.13999938964844,97.0199966430664,97.51000213623047,9652408,3773811.0,39.1
2026-06-01,98.19999694824219,98.4000015258789,96.0999984741211,96.2699966430664,7942957,3037401.0,38.24
2026-06-02,95.69999694824219,97.0,94.55000305175781,96.66999816894531,7592689,2448678.0,32.25
2026-06-03,96.66999816894531,96.72000122070312,94.63999938964844,95.75,9801364,2931848.0,29.91
2026-06-04,95.23999786376953,96.6500015258789,95.19999694824219,96.05999755859375,6298168,1747625.0,27.75
2026-06-05,96.5,97.68000030517578,95.80000305175781,96.47000122070312,8112711,1734023.0,21.37
2026-06-08,95.87000274658203,95.87000274658203,94.33999633789062,94.69999694824219,6307285,2522690.0,40.0
2026-06-09,95.20999908447266,96.19999694824219,95.0,96.01000213623047,6794999,2231859.0,32.85
2026-06-10,97.0,98.0,94.5,94.80000305175781,14178158,4252511.0,29.99
2026-06-11,94.29000091552734,94.30000305175781,92.66999816894531,93.33000183105469,9304606,3021496.0,32.47
2026-06-12,94.43000030517578,96.0999984741211,93.91000366210938,95.88999938964844,9874699,3370587.0,34.13
2026-06-15,97.41999816894531,98.80000305175781,96.8499984741211,97.08000183105469,10848353,4457066.0,41.09
2026-06-16,97.75,98.25,97.05000305175781,97.62999725341797,6900639,2381238.0,34.51
2026-06-17,97.88999938964844,100.97000122070312,97.51000213623047,100.44000244140625,19849822,5713088.0,28.78
2026-06-18,100.5199966430664,100.80000305175781,99.41000366210938,100.12999725341797,10858323,3604351.0,33.19
2026-06-19,99.01000213623047,100.80000305175781,98.83999633789062,99.51000213623047,13152144,6327643.0,48.11
2026-06-22,99.8499984741211,101.19999694824219,99.8499984741211,100.9000015258789,10258970,3991532.0,38.91
2026-06-23,100.9000015258789,101.0,98.19999694824219,98.66999816894531,9887408,3790263.0,38.33
2026-06-24,94.0,94.75,91.91000366210938,92.5,80616106,30236097.0,37.51
2026-06-25,91.01000213623047,92.25,91.01000213623047,91.7699966430664,50633854,20863507.0,41.2
2026-06-25,91.01000213623047,92.25,91.01000213623047,91.7699966430664,50633854,0.0,0.0
2026-06-26,91.7699966430664,91.7699966430664,91.7699966430664,91.7699966430664,0,,
2026-06-29,91.80000305175781,92.19000244140625,90.3499984741211,90.61000061035156,19510430,7877377.0,40.38
2026-06-30,90.94999694824219,91.4000015258789,90.19000244140625,90.52999877929688,21360621,11297457.0,52.89
2026-07-01,90.9800033569336,91.91999816894531,90.44999694824219,91.18000030517578,13666959,0.0,0.0
2026-07-02,91.5999984741211,91.88999938964844,90.44999694824219,90.83000183105469,11833722,5529901.0,46.73
2026-07-03,91.4000015258789,91.58999633789062,90.30000305175781,90.56999969482422,11864556,6096837.0,51.39
2026-07-06,90.5,90.54000091552734,89.5999984741211,90.23999786376953,7950908,3179690.0,39.99
2026-07-07,90.61000061035156,90.61000061035156,89.6500015258789,89.91999816894531,6905670,3362283.0,48.69
2026-07-08,89.48999786376953,89.48999786376953,86.93000030517578,87.5,14036436,,
2026-07-09,87.70999908447266,88.58000183105469,87.55000305175781,88.12000274658203,6991080,,
2026-07-10,88.41000366210938,90.0,88.30999755859375,89.9000015258789,9078755,,
2026-07-13,89.9000015258789,89.9000015258789,88.72000122070312,89.75,6101114,2422921.0,39.71
2026-07-14,89.5,89.5999984741211,88.51000213623047,88.70999908447266,6693634,,
2026-07-15,88.80000305175781,90.0,88.5999984741211,88.87000274658203,7302377,2257458.0,30.91
2026-07-16,88.87000274658203,89.36000061035156,88.25,88.41000366210938,6202992,,
2026-07-17,88.5,88.80000305175781,87.91999816894531,88.41000366210938,5054877,2036378.0,40.29
2026-07-20,88.37999725341797,89.1500015258789,87.63999938964844,88.72000122070312,5972073,2260263.0,37.85
2026-07-21,88.69999694824219,89.0999984741211,88.0,88.30999755859375,5351993,2058726.0,38.47
2026-07-22,88.30999755859375,88.37999725341797,87.16999816894531,87.38999938964844,5926795,,
2026-07-23,87.0,87.87000274658203,86.51000213623047,87.02999877929688,6291068,2089608.0,33.22
2026-07-24,86.5,87.8499984741211,86.0199966430664,87.62000274658203,6225546,,
2026-07-27,88.0999984741211,88.52999877929688,88.0,88.12999725341797,5143354,1899961.0,36.94
2026-07-28,88.12999725341797,88.4000015258789,87.0,87.1500015258789,6530263,2600798.0,39.83
2026-07-29,87.4000015258789,89.63999938964844,87.3499984741211,89.12999725341797,10298238,3593501.0,34.89
2026-07-30,89.4000015258789,89.4000015258789,87.63999938964844,88.91999816894531,15815613,3846729.0,24.32
2026-07-31,89.5,89.87999725341797,88.43000030517578,89.1500015258789,12049926,3155312.0,26.19
2026-08-03,89.5,90.8499984741211,89.41999816894531,90.25,11813006,4209954.0,35.64
2026-08-04,90.38999938964844,90.48999786376953,89.55000305175781,89.5999984741211,6727736,2640057.0,39.24
2026-08-05,89.80999755859375,90.58000183105469,88.5,88.9000015258789,7065708,,
2026-08-06,88.9000015258789,89.94999694824219,88.75,89.29000091552734,7130936,2451295.0,34.38
2026-08-07,89.29000091552734,89.47000122070312,88.56999969482422,88.75,5732015,2361352.0,41.2
2026-08-11,88.5,88.5199966430664,87.87000274658203,87.91000366210938,4425139,2148402,48.5
2026-08-12,87.91000366210938,88.3499984741211,87.48999786376953,88.26000213623047,5806857,2491943,42.87
2026-08-13,88.26000213623047,88.5999984741211,87.9000015258789,88.3499984741211,4752259,2352132,49.48
2026-08-14,88.19999694824219,88.5,87.5,87.56999969482422,3838284,1994575,51.93
2026-08-19,86.11000061035156,87.30000305175781,85.0,85.18000030517578,9470814,3824149,40.35
2026-08-26,86.12000274658203,86.81999969482422,85.69999694824219,85.69999694824219,7066882,2820242,39.84
2026-08-27,85.69999694824219,86.16000366210938,84.5,84.6500015258789,7172732,3378813,47.07
2026-09-02,82.5,82.5,81.30000305175781,82.4800033569336,7976224,3611078,45.26
